$MeshFormat
2.2 0 8
$EndMeshFormat
$PhysicalNames
5
1 1 "bottom"
1 2 "right"
1 3 "top"
1 4 "left"
2 10 "fluid_domain"
$EndPhysicalNames
$Nodes
9734
1 0 0 0
2 1 0 0
3 1 1 0
4 0 1 0
5 0.01030927835051544 0 0
6 0.02061855670103088 0 0
7 0.03092783505154632 0 0
8 0.04123711340206176 0 0
9 0.05154639175257721 0 0
10 0.06185567010309265 0 0
11 0.07216494845360809 0 0
12 0.08247422680412353 0 0
13 0.09278350515463896 0 0
14 0.1030927835051544 0 0
15 0.1134020618556698 0 0
16 0.1237113402061853 0 0
17 0.1340206185567007 0 0
18 0.1443298969072161 0 0
19 0.1546391752577315 0 0
20 0.164948453608247 0 0
21 0.1752577319587624 0 0
22 0.1855670103092779 0 0
23 0.1958762886597933 0 0
24 0.2061855670103087 0 0
25 0.2164948453608242 0 0
26 0.2268041237113396 0 0
27 0.237113402061855 0 0
28 0.2474226804123704 0 0
29 0.2577319587628858 0 0
30 0.2680412371134013 0 0
31 0.2783505154639168 0 0
32 0.2886597938144322 0 0
33 0.2989690721649476 0 0
34 0.309278350515463 0 0
35 0.3195876288659785 0 0
36 0.3298969072164939 0 0
37 0.3402061855670093 0 0
38 0.3505154639175248 0 0
39 0.3608247422680403 0 0
40 0.3711340206185558 0 0
41 0.3814432989690713 0 0
42 0.3917525773195867 0 0
43 0.4020618556701022 0 0
44 0.4123711340206177 0 0
45 0.4226804123711331 0 0
46 0.4329896907216487 0 0
47 0.4432989690721641 0 0
48 0.4536082474226796 0 0
49 0.4639175257731951 0 0
50 0.4742268041237105 0 0
51 0.4845360824742261 0 0
52 0.4948453608247415 0 0
53 0.505154639175257 0 0
54 0.5154639175257725 0 0
55 0.525773195876288 0 0
56 0.5360824742268034 0 0
57 0.5463917525773189 0 0
58 0.5567010309278344 0 0
59 0.5670103092783498 0 0
60 0.5773195876288654 0 0
61 0.5876288659793808 0 0
62 0.5979381443298962 0 0
63 0.6082474226804118 0 0
64 0.6185567010309273 0 0
65 0.6288659793814427 0 0
66 0.6391752577319583 0 0
67 0.6494845360824737 0 0
68 0.6597938144329892 0 0
69 0.6701030927835047 0 0
70 0.6804123711340202 0 0
71 0.6907216494845356 0 0
72 0.7010309278350511 0 0
73 0.7113402061855666 0 0
74 0.7216494845360821 0 0
75 0.7319587628865974 0 0
76 0.742268041237113 0 0
77 0.7525773195876285 0 0
78 0.7628865979381441 0 0
79 0.7731958762886594 0 0
80 0.7835051546391749 0 0
81 0.7938144329896905 0 0
82 0.8041237113402059 0 0
83 0.8144329896907213 0 0
84 0.8247422680412368 0 0
85 0.8350515463917524 0 0
86 0.8453608247422678 0 0
87 0.8556701030927832 0 0
88 0.8659793814432988 0 0
89 0.8762886597938142 0 0
90 0.8865979381443297 0 0
91 0.8969072164948452 0 0
92 0.9072164948453607 0 0
93 0.9175257731958761 0 0
94 0.9278350515463917 0 0
95 0.9381443298969072 0 0
96 0.9484536082474225 0 0
97 0.9587628865979381 0 0
98 0.9690721649484536 0 0
99 0.9793814432989691 0 0
100 0.9896907216494845 0 0
101 1 0.01030927835051544 0
102 1 0.02061855670103088 0
103 1 0.03092783505154632 0
104 1 0.04123711340206176 0
105 1 0.05154639175257721 0
106 1 0.06185567010309265 0
107 1 0.07216494845360809 0
108 1 0.08247422680412353 0
109 1 0.09278350515463896 0
110 1 0.1030927835051544 0
111 1 0.1134020618556698 0
112 1 0.1237113402061853 0
113 1 0.1340206185567007 0
114 1 0.1443298969072161 0
115 1 0.1546391752577315 0
116 1 0.164948453608247 0
117 1 0.1752577319587624 0
118 1 0.1855670103092779 0
119 1 0.1958762886597933 0
120 1 0.2061855670103087 0
121 1 0.2164948453608242 0
122 1 0.2268041237113396 0
123 1 0.237113402061855 0
124 1 0.2474226804123704 0
125 1 0.2577319587628858 0
126 1 0.2680412371134013 0
127 1 0.2783505154639168 0
128 1 0.2886597938144322 0
129 1 0.2989690721649476 0
130 1 0.309278350515463 0
131 1 0.3195876288659785 0
132 1 0.3298969072164939 0
133 1 0.3402061855670093 0
134 1 0.3505154639175248 0
135 1 0.3608247422680403 0
136 1 0.3711340206185558 0
137 1 0.3814432989690713 0
138 1 0.3917525773195867 0
139 1 0.4020618556701022 0
140 1 0.4123711340206177 0
141 1 0.4226804123711331 0
142 1 0.4329896907216487 0
143 1 0.4432989690721641 0
144 1 0.4536082474226796 0
145 1 0.4639175257731951 0
146 1 0.4742268041237105 0
147 1 0.4845360824742261 0
148 1 0.4948453608247415 0
149 1 0.505154639175257 0
150 1 0.5154639175257725 0
151 1 0.525773195876288 0
152 1 0.5360824742268034 0
153 1 0.5463917525773189 0
154 1 0.5567010309278344 0
155 1 0.5670103092783498 0
156 1 0.5773195876288654 0
157 1 0.5876288659793808 0
158 1 0.5979381443298962 0
159 1 0.6082474226804118 0
160 1 0.6185567010309273 0
161 1 0.6288659793814427 0
162 1 0.6391752577319583 0
163 1 0.6494845360824737 0
164 1 0.6597938144329892 0
165 1 0.6701030927835047 0
166 1 0.6804123711340202 0
167 1 0.6907216494845356 0
168 1 0.7010309278350511 0
169 1 0.7113402061855666 0
170 1 0.7216494845360821 0
171 1 0.7319587628865974 0
172 1 0.742268041237113 0
173 1 0.7525773195876285 0
174 1 0.7628865979381441 0
175 1 0.7731958762886594 0
176 1 0.7835051546391749 0
177 1 0.7938144329896905 0
178 1 0.8041237113402059 0
179 1 0.8144329896907213 0
180 1 0.8247422680412368 0
181 1 0.8350515463917524 0
182 1 0.8453608247422678 0
183 1 0.8556701030927832 0
184 1 0.8659793814432988 0
185 1 0.8762886597938142 0
186 1 0.8865979381443297 0
187 1 0.8969072164948452 0
188 1 0.9072164948453607 0
189 1 0.9175257731958761 0
190 1 0.9278350515463917 0
191 1 0.9381443298969072 0
192 1 0.9484536082474225 0
193 1 0.9587628865979381 0
194 1 0.9690721649484536 0
195 1 0.9793814432989691 0
196 1 0.9896907216494845 0
197 0.9896907216494846 1 0
198 0.9793814432989691 1 0
199 0.9690721649484537 1 0
200 0.9587628865979383 1 0
201 0.9484536082474228 1 0
202 0.9381443298969073 1 0
203 0.9278350515463919 1 0
204 0.9175257731958765 1 0
205 0.907216494845361 1 0
206 0.8969072164948456 1 0
207 0.8865979381443302 1 0
208 0.8762886597938148 1 0
209 0.8659793814432993 1 0
210 0.8556701030927839 1 0
211 0.8453608247422685 1 0
212 0.8350515463917531 1 0
213 0.8247422680412375 1 0
214 0.8144329896907221 1 0
215 0.8041237113402067 1 0
216 0.7938144329896912 1 0
217 0.7835051546391758 1 0
218 0.7731958762886604 1 0
219 0.762886597938145 1 0
220 0.7525773195876295 1 0
221 0.7422680412371141 1 0
222 0.7319587628865987 1 0
223 0.7216494845360832 1 0
224 0.7113402061855678 1 0
225 0.7010309278350524 1 0
226 0.690721649484537 1 0
227 0.6804123711340215 1 0
228 0.6701030927835061 1 0
229 0.6597938144329907 1 0
230 0.6494845360824753 1 0
231 0.6391752577319597 1 0
232 0.6288659793814442 1 0
233 0.6185567010309287 1 0
234 0.6082474226804133 1 0
235 0.5979381443298979 1 0
236 0.5876288659793822 1 0
237 0.5773195876288668 1 0
238 0.5670103092783514 1 0
239 0.556701030927836 1 0
240 0.5463917525773203 1 0
241 0.5360824742268049 1 0
242 0.5257731958762895 1 0
243 0.5154639175257739 1 0
244 0.5051546391752585 1 0
245 0.494845360824743 1 0
246 0.4845360824742275 1 0
247 0.474226804123712 1 0
248 0.4639175257731966 1 0
249 0.4536082474226811 1 0
250 0.4432989690721656 1 0
251 0.4329896907216502 1 0
252 0.4226804123711346 1 0
253 0.4123711340206192 1 0
254 0.4020618556701038 1 0
255 0.3917525773195882 1 0
256 0.3814432989690727 1 0
257 0.3711340206185573 1 0
258 0.3608247422680417 1 0
259 0.3505154639175263 1 0
260 0.3402061855670108 1 0
261 0.3298969072164953 1 0
262 0.3195876288659798 1 0
263 0.3092783505154644 1 0
264 0.2989690721649489 1 0
265 0.2886597938144334 1 0
266 0.2783505154639179 1 0
267 0.2680412371134026 1 0
268 0.257731958762887 1 0
269 0.2474226804123715 1 0
270 0.2371134020618559 1 0
271 0.2268041237113406 1 0
272 0.2164948453608251 1 0
273 0.2061855670103095 1 0
274 0.1958762886597941 1 0
275 0.1855670103092787 1 0
276 0.1752577319587632 1 0
277 0.1649484536082476 1 0
278 0.1546391752577322 1 0
279 0.1443298969072168 1 0
280 0.1340206185567012 1 0
281 0.1237113402061858 1 0
282 0.1134020618556703 1 0
283 0.1030927835051548 1 0
284 0.09278350515463929 1 0
285 0.08247422680412386 1 0
286 0.07216494845360832 1 0
287 0.06185567010309279 1 0
288 0.05154639175257747 1 0
289 0.04123711340206193 1 0
290 0.03092783505154639 1 0
291 0.02061855670103085 1 0
292 0.01030927835051554 1 0
293 0 0.9896907216494846 0
294 0 0.9793814432989691 0
295 0 0.9690721649484537 0
296 0 0.9587628865979383 0
297 0 0.9484536082474228 0
298 0 0.9381443298969073 0
299 0 0.9278350515463919 0
300 0 0.9175257731958765 0
301 0 0.907216494845361 0
302 0 0.8969072164948456 0
303 0 0.8865979381443302 0
304 0 0.8762886597938148 0
305 0 0.8659793814432993 0
306 0 0.8556701030927839 0
307 0 0.8453608247422685 0
308 0 0.8350515463917531 0
309 0 0.8247422680412375 0
310 0 0.8144329896907221 0
311 0 0.8041237113402067 0
312 0 0.7938144329896912 0
313 0 0.7835051546391758 0
314 0 0.7731958762886604 0
315 0 0.762886597938145 0
316 0 0.7525773195876295 0
317 0 0.7422680412371141 0
318 0 0.7319587628865987 0
319 0 0.7216494845360832 0
320 0 0.7113402061855678 0
321 0 0.7010309278350524 0
322 0 0.690721649484537 0
323 0 0.6804123711340215 0
324 0 0.6701030927835061 0
325 0 0.6597938144329907 0
326 0 0.6494845360824753 0
327 0 0.6391752577319597 0
328 0 0.6288659793814442 0
329 0 0.6185567010309287 0
330 0 0.6082474226804133 0
331 0 0.5979381443298979 0
332 0 0.5876288659793822 0
333 0 0.5773195876288668 0
334 0 0.5670103092783514 0
335 0 0.556701030927836 0
336 0 0.5463917525773203 0
337 0 0.5360824742268049 0
338 0 0.5257731958762895 0
339 0 0.5154639175257739 0
340 0 0.5051546391752585 0
341 0 0.494845360824743 0
342 0 0.4845360824742275 0
343 0 0.474226804123712 0
344 0 0.4639175257731966 0
345 0 0.4536082474226811 0
346 0 0.4432989690721656 0
347 0 0.4329896907216502 0
348 0 0.4226804123711346 0
349 0 0.4123711340206192 0
350 0 0.4020618556701038 0
351 0 0.3917525773195882 0
352 0 0.3814432989690727 0
353 0 0.3711340206185573 0
354 0 0.3608247422680417 0
355 0 0.3505154639175263 0
356 0 0.3402061855670108 0
357 0 0.3298969072164953 0
358 0 0.3195876288659798 0
359 0 0.3092783505154644 0
360 0 0.2989690721649489 0
361 0 0.2886597938144334 0
362 0 0.2783505154639179 0
363 0 0.2680412371134026 0
364 0 0.257731958762887 0
365 0 0.2474226804123715 0
366 0 0.2371134020618559 0
367 0 0.2268041237113406 0
368 0 0.2164948453608251 0
369 0 0.2061855670103095 0
370 0 0.1958762886597941 0
371 0 0.1855670103092787 0
372 0 0.1752577319587632 0
373 0 0.1649484536082476 0
374 0 0.1546391752577322 0
375 0 0.1443298969072168 0
376 0 0.1340206185567012 0
377 0 0.1237113402061858 0
378 0 0.1134020618556703 0
379 0 0.1030927835051548 0
380 0 0.09278350515463929 0
381 0 0.08247422680412386 0
382 0 0.07216494845360832 0
383 0 0.06185567010309279 0
384 0 0.05154639175257747 0
385 0 0.04123711340206193 0
386 0 0.03092783505154639 0
387 0 0.02061855670103085 0
388 0 0.01030927835051554 0
389 0.4996016694270239 0.00943019694763092 0
390 0.5001621496346979 0.9906917269585946 0
391 0.008713270109638849 0.5005054463043899 0
392 0.9911303573897449 0.4999999999999993 0
393 0.4073638503467366 0.009515114999992802 0
394 0.9911428710192587 0.5928079428473003 0
395 0.4077106017597871 0.9907636772415582 0
396 0.9918135114764757 0.4057357916633294 0
397 0.5923029822392629 0.009835545935310552 0
398 0.008536135227985409 0.4073183490715556 0
399 0.008202979503720176 0.5935682119272679 0
400 0.5925509005909171 0.991738789433305 0
401 0.008212345862217363 0.3256153238768293 0
402 0.3242056147477724 0.990988965145481 0
403 0.6750171811507242 0.009379299907388172 0
404 0.9910719030537687 0.6752577319587625 0
405 0.3252985242871617 0.008537301646404261 0
406 0.9918786176279233 0.3258200647914973 0
407 0.675566368037357 0.992615422206733 0
408 0.00783706065811296 0.6751931428436273 0
409 0.7470923790733757 0.00895394201215427 0
410 0.9915561427122712 0.7484547054124826 0
411 0.2518806920773547 0.9914029339683473 0
412 0.2513176312530531 0.008558684235707215 0
413 0.7474294502555414 0.9919838260940534 0
414 0.00904109683991261 0.747982674456138 0
415 0.992349640233855 0.2527425203112993 0
416 0.008693529795421928 0.25264598862274 0
417 0.9909328333254626 0.8093593390032674 0
418 0.1910461711796266 0.9913818148088792 0
419 0.008928096946231312 0.1907216494845364 0
420 0.8080330077585743 0.009385628272415736 0
421 0.990625318904324 0.1912940066248038 0
422 0.809237314904953 0.9919414150096637 0
423 0.008928096946231312 0.8092783505154644 0
424 0.1903327953026454 0.008019872654066507 0
425 0.8611663700438866 0.009881171075482198 0
426 0.008065705675439294 0.1392079181045114 0
427 0.9918460919216135 0.8601662416634391 0
428 0.1392902777782942 0.99213385416806 0
429 0.1391639867466744 0.008645722576267278 0
430 0.9910719030537687 0.1391752577319584 0
431 0.8609626736302094 0.9908763015655098 0
432 0.009756590928976738 0.8609209551648305 0
433 0.6340395917700228 0.008127822290429632 0
434 0.991561669317175 0.6344989374869832 0
435 0.008928096946231312 0.3659793814432995 0
436 0.9913038385058304 0.4479144123808028 0
437 0.3649732878104152 0.9908444214050434 0
438 0.4588291863948291 0.007865759423058005 0
439 0.4579166705180183 0.9906202785339849 0
440 0.008493261099325355 0.457430643747838 0
441 0.008462955279518347 0.5527105520343428 0
442 0.5523140126047964 0.9916066298065991 0
443 0.9910719030537687 0.5412371134020612 0
444 0.5515463917525767 0.008928096946231312 0
445 0.007306281827846872 0.6324143035279807 0
446 0.6340121561582753 0.9922501924103335 0
447 0.3657483027575343 0.008019069460149075 0
448 0.991003119781088 0.3658807469374602 0
449 0.09666432913881584 0.9909084536786718 0
450 0.007759473585827903 0.09831298791074816 0
451 0.9909118055886426 0.9024979904966473 0
452 0.9022392667025037 0.008341772360070887 0
453 0.9017164910802372 0.9923746795097156 0
454 0.00906923769216772 0.9021694634290502 0
455 0.9898307269208724 0.09736156058990358 0
456 0.09750156972989016 0.009006977998173848 0
457 0.9432410005011049 0.009410459500257762 0
458 0.007772274064796858 0.05795369171629883 0
459 0.9909418607537905 0.9432310023682429 0
460 0.05670103092783524 0.9914550751446711 0
461 0.991568863504755 0.7800353893407193 0
462 0.2210365183513305 0.9917780009941454 0
463 0.2835051546391745 0.008928096946231256 0
464 0.9913206416139487 0.2844201822703766 0
465 0.7778522592964889 0.008131467631185219 0
466 0.9913815304717204 0.7169568456178279 0
467 0.2821828442718927 0.9909233667324053 0
468 0.008110762992045994 0.2937978863708774 0
469 0.008387503499242666 0.2214860556800859 0
470 0.007371110302059503 0.7785244964947331 0
471 0.007934429650917507 0.7068196537616875 0
472 0.7061855670103089 0.008928096946231368 0
473 0.7790512420006679 0.9915680010620029 0
474 0.7155144551935515 0.9901377433356294 0
475 0.9912538441950394 0.2207784485597112 0
476 0.06701030927835044 0.008928096946231312 0
477 0.9910719030537687 0.06701030927835044 0
478 0.221239824965778 0.008187480003815639 0
479 0.9338589565853396 0.9903289948139723 0
480 0.008931061730393153 0.933080169896462 0
481 0.9643097695679499 0.9913019239762527 0
482 0.9916814892885186 0.03596070899048398 0
483 0.008934074395713809 0.9639118357689678 0
484 0.03554892734219428 0.009487942233341373 0
485 0.9909563190424029 0.8300078319749319 0
486 0.8299153749175963 0.008832604245928022 0
487 0.1694015763587323 0.9915595306106069 0
488 0.6552712165691302 0.009843901453266912 0
489 0.008474069275649254 0.4781231724866797 0
490 0.9915458943003477 0.6561317100959276 0
491 0.4799136473087774 0.991710224669424 0
492 0.991126862325596 0.5618402429163577 0
493 0.6127264899795598 0.9915934056617997 0
494 0.5723804865219428 0.9913323146627762 0
495 0.530567495125845 0.9907442601590462 0
496 0.4379428100047816 0.9922288649701519 0
497 0.6134020618556696 0.008928096946231368 0
498 0.9222172326735433 0.008087014873609411 0
499 0.008464780231251801 0.5734106351355965 0
500 0.0104793103446556 0.5319084800576011 0
501 0.007427070925318968 0.4367285597709681 0
502 0.008928096946231368 0.3865979381443305 0
503 0.008276542776275375 0.1700114568784575 0
504 0.00868950599433771 0.07699193335490612 0
505 0.4381443298969064 0.008928096946231312 0
506 0.5312003976274124 0.009035348910820473 0
507 0.009749916718947316 0.6148857624535686 0
508 0.008928096946231201 0.2731958762886603 0
509 0.008928096946231312 0.1185567010309284 0
510 0.7279495431907468 0.009042757388528666 0
511 0.9910719030537687 0.6134020618556696 0
512 0.9909074612843162 0.9246004404176815 0
513 0.03608247422680433 0.9912084736125495 0
514 0.007474309211688235 0.3470351531478665 0
515 0.9910719030537687 0.5206185567010302 0
516 0.3873566146284916 0.9907827951593506 0
517 0.07688575801983366 0.9911279782002423 0
518 0.9911386182082196 0.4271796963688743 0
519 0.3458006642374932 0.9917127446824892 0
520 0.1190752201359906 0.9907454124852506 0
521 0.4799647265711815 0.00954009598017036 0
522 0.9915420277073619 0.4791401270903601 0
523 0.9629506877901219 0.009606100047303445 0
524 0.9912646931208716 0.305118524644037 0
525 0.9910719030537687 0.9639175257731961 0
526 0.3860589432822921 0.007914502011178548 0
527 0.007887454217018808 0.03663026855311413 0
528 0.5716375259392482 0.008876950733626598 0
529 0.009200673091784295 0.8298816028359832 0
530 0.8818328942509055 0.008729037392017358 0
531 0.9913173384606589 0.8814432989690721 0
532 0.8299594563499066 0.9912112587557552 0
533 0.3034497416024124 0.008586136938012856 0
534 0.9921223741629123 0.1596291893661982 0
535 0.9909819837844561 0.3863892768195484 0
536 0.3041041459227286 0.9911396037918091 0
537 0.1597938144329892 0.008662036555683428 0
538 0.9910175344332834 0.3448368018912139 0
539 0.9905467300172843 0.117993540444465 0
540 0.00953267727395557 0.8816501526746087 0
541 0.008928096946231312 0.726804123711341 0
542 0.0101995228747791 0.6538835680923658 0
543 0.3455646425496466 0.00822644530732497 0
544 0.1185567010309276 0.008928096946231256 0
545 0.9901691640798354 0.6947469804077613 0
546 0.8806551140186938 0.9909840728000272 0
547 0.6960285909339256 0.9907287107514271 0
548 0.6548087630949462 0.9905937269707377 0
549 0.9844197747682925 0.007736693632056313 0
550 0.008474552548448588 0.01549779151624608 0
551 0.0163406839786463 0.9901404033842097 0
552 0.9913393972713432 0.9850513232315325 0
553 0.00888585049122298 0.9741462921995445 0
554 0.01787236885623056 0.9690721649484537 0
555 0.01788372088631185 0.9587242437389907 0
556 0.02687485873141554 0.9639071040897634 0
557 0.02686920814922211 0.9535045423563422 0
558 0.03590481876241258 0.9587163965061641 0
559 0.03590000694315565 0.9482613084773531 0
560 0.04494635520386681 0.9534580329116585 0
561 0.04496564513972379 0.9429901278421333 0
562 0.05405080536008361 0.9482078928090061 0
563 0.05407331782852881 0.9377039481740436 0
564 0.0631524284523437 0.9428635968624407 0
565 0.0632089874786802 0.932382197052527 0
566 0.07232334704045512 0.9375568879778785 0
567 0.0723840791671112 0.9270552334635778 0
568 0.08148655372190422 0.9321605850809997 0
569 0.08158831203297312 0.9216997385212656 0
570 0.09078229756853651 0.9269364817313326 0
571 0.09083023531772405 0.9163436941942971 0
572 0.09997295237924497 0.9214494008855031 0
573 0.1000600356558903 0.9113621481511709 0
574 0.109397374362766 0.9163652900589153 0
575 0.1085065179633476 0.904463818059018 0
576 0.1185984558307116 0.9107823880289597 0
577 0.1187124890502145 0.9001941923738346 0
578 0.1280511244405262 0.9055393114450805 0
579 0.1283042999293288 0.895189692002885 0
580 0.1372254045940141 0.899792324893798 0
581 0.1376808319376658 0.8897638700076813 0
582 0.1466884248777178 0.8944993222372599 0
583 0.1468357240820196 0.8839011725328219 0
584 0.1559447630187715 0.8887698715247693 0
585 0.1561875347949039 0.8783151900650862 0
586 0.1656402835189362 0.8837388405184573 0
587 0.165662686669124 0.8728816786903435 0
588 0.1751567600391795 0.8783726290957036 0
589 0.1751462731187194 0.8674210619296789 0
590 0.1846532320660305 0.8728877469304486 0
591 0.1849053844776662 0.862348104545429 0
592 0.1943829988419928 0.8677304427544512 0
593 0.1942120650710682 0.8550172267695475 0
594 0.2039304612272149 0.8619722651250512 0
595 0.2042972657203458 0.8506062121104374 0
596 0.2133714216950733 0.8563307963961575 0
597 0.2132894956237499 0.8452693854434989 0
598 0.222921878329973 0.8507930443321784 0
599 0.2228017420573153 0.8395187962242566 0
600 0.2326187228083486 0.8453950006937221 0
601 0.2324145065219139 0.8342767442213395 0
602 0.2422822136675244 0.8399041081325506 0
603 0.2415736314693298 0.828719282870116 0
604 0.2517356642652197 0.8340557146603123 0
605 0.2512364306552037 0.8228706836212867 0
606 0.2615733219985727 0.8284605547912378 0
607 0.2612464428950038 0.8168913497642053 0
608 0.2711580492665754 0.8226022912715065 0
609 0.2710063521230256 0.8111416394123709 0
610 0.2808986742648576 0.8169088841358064 0
611 0.2809778687269285 0.8057921668145114 0
612 0.2908240723275143 0.8114762078784721 0
613 0.2907940530893592 0.800193790321549 0
614 0.3006667962704193 0.8058581952051211 0
615 0.3006614757156896 0.7945266371578796 0
616 0.3105074919838383 0.8001851240396065 0
617 0.3105156556532401 0.7887977445815373 0
618 0.3005849171742541 0.7830991648397791 0
619 0.310505659633694 0.7773597434864303 0
620 0.3204322855647021 0.7830781213077107 0
621 0.3204374367072994 0.7716054717599569 0
622 0.3304007296392906 0.7773519953300836 0
623 0.3303981333499429 0.7658406945073374 0
624 0.3403851208277218 0.7716036495623653 0
625 0.3403835528707069 0.760058297713204 0
626 0.3501266934412689 0.765366038366341 0
627 0.3503509528816641 0.7541808351432039 0
628 0.360385349118407 0.7590299365425215 0
629 0.3604198682388363 0.7482604024595448 0
630 0.3707640999998869 0.7535894276415832 0
631 0.3707048225980605 0.7427488168829788 0
632 0.3806802415757833 0.7483494681254417 0
633 0.3811637294341136 0.7370516366829665 0
634 0.3908340307071235 0.7426390409325896 0
635 0.3911875422866689 0.7309486169999582 0
636 0.4008291426772916 0.7367693336328804 0
637 0.4010027911932146 0.7251351779352569 0
638 0.4109627128859971 0.7308577564055249 0
639 0.4110477394771056 0.7191360514789642 0
640 0.4212799127960296 0.7249544000367821 0
641 0.4213286869426803 0.7133226633005434 0
642 0.4314974908014656 0.7191250684987782 0
643 0.431489225582649 0.7072958074552587 0
644 0.4206376553021912 0.700391212642877 0
645 0.4320779737133446 0.6952321449462459 0
646 0.4419072296779842 0.7013255987501804 0
647 0.4419501371966492 0.6893929708459635 0
648 0.4304419182882841 0.6824013451245403 0
649 0.4417167537384394 0.6772607380889731 0
650 0.4316031997562801 0.6705954671453416 0
651 0.4418968781205219 0.6654050986169768 0
652 0.4308471552460841 0.6594554930621985 0
653 0.4418449106049406 0.6532881244720756 0
654 0.4302165834489327 0.6478841881366804 0
655 0.4419627030761148 0.6411030284188526 0
656 0.4307048081959193 0.6355072070273715 0
657 0.4419958895790594 0.6288516731555172 0
658 0.4306310232595518 0.6228069258958878 0
659 0.4418183046892654 0.616539680692345 0
660 0.430562548123112 0.6103862042865179 0
661 0.4416841255145073 0.6041425744297519 0
662 0.4313747623844096 0.5979184362985364 0
663 0.4418320715956366 0.5916782848886916 0
664 0.4315079158831775 0.5854200772186851 0
665 0.4421304722988644 0.5791688236646197 0
666 0.4313059384048307 0.5728827524481623 0
667 0.4421715411850378 0.5665713084435798 0
668 0.4521712876595188 0.6954191133698417 0
669 0.4312663626207663 0.5602664779971238 0
670 0.4421887404356309 0.5539332199958668 0
671 0.4313987732416966 0.5478660928641936 0
672 0.442241156640486 0.5413088197741921 0
673 0.4312415498135766 0.5349121647964737 0
674 0.4422340858475558 0.5285960812334761 0
675 0.4310580910006231 0.5228199600954552 0
676 0.4531123688185732 0.6102651706006322 0
677 0.4423243198741461 0.5158399203410101 0
678 0.4532568394610557 0.5222446695677381 0
679 0.4314079654646977 0.509461199137097 0
680 0.4534235206883818 0.5092328368351556 0
681 0.4643407220967823 0.5158625812903469 0
682 0.4643922127992456 0.5029366189095544 0
683 0.4754129739199604 0.5095413998117007 0
684 0.4754524298237394 0.4966465358121784 0
685 0.4866300866324058 0.5031644046814621 0
686 0.4866229422643573 0.4902134180526871 0
687 0.4978288493656622 0.4967070361677738 0
688 0.4978345884941717 0.4837525631075126 0
689 0.5090444116881979 0.4902393122393552 0
690 0.5090515573207839 0.4772901996284071 0
691 0.4978582932603482 0.4708261291890404 0
692 0.5090382386767069 0.4644129092029688 0
693 0.4979091290968932 0.4579823171024504 0
694 0.5090264845120235 0.4515774238114191 0
695 0.5201258923358455 0.4579852027933143 0
696 0.5200762220142003 0.4451932924185408 0
697 0.4979617932570106 0.4451883578270264 0
698 0.5311477913960552 0.4515640025714607 0
699 0.5311098594235298 0.4388249035315649 0
700 0.5421539092148924 0.4451811673575812 0
701 0.5421412253890527 0.4324815264456101 0
702 0.3204467097997557 0.7601531852192936 0
703 0.5531405619514589 0.4388118965849017 0
704 0.5531270064337758 0.4261434055277677 0
705 0.5640884500746153 0.4324697086381531 0
706 0.5641089515666041 0.4198454065203192 0
707 0.5750098023645909 0.4261467163233738 0
708 0.5749534840714436 0.413553855015077 0
709 0.564102263233522 0.4072582408189966 0
710 0.5749164538122217 0.4010129148048913 0
711 0.564150124086233 0.3947535130164544 0
712 0.4200294066322274 0.5169746555192197 0
713 0.5749125718157704 0.3885337392550835 0
714 0.5857271174706089 0.3948963548456164 0
715 0.5641442867666033 0.3823207430701676 0
716 0.5856800476093725 0.3823457587761334 0
717 0.5964832898203855 0.3886279782914061 0
718 0.5964380036306629 0.3761040072037898 0
719 0.4203318941218497 0.5032662674970088 0
720 0.409425426749839 0.509562201586845 0
721 0.4095165970494093 0.4967246949971134 0
722 0.3989997813638735 0.5025526679670111 0
723 0.3987296272553552 0.4903264192958161 0
724 0.6072863112017687 0.3824310346733261 0
725 0.607155273864167 0.3699580449551914 0
726 0.3882913756593022 0.4961399002371151 0
727 0.3878966397975762 0.4843540453966728 0
728 0.6179917327432718 0.3762319838483549 0
729 0.6178171967233704 0.3637998583967404 0
730 0.3773300376272475 0.4903171195803858 0
731 0.3771423987986998 0.4782839656247048 0
732 0.6285184960871686 0.3699207106353901 0
733 0.628448799056001 0.3576298412255021 0
734 0.3666058547688565 0.4841965181069036 0
735 0.3664491900114069 0.4721675697411433 0
736 0.6391014123994379 0.3637349372427119 0
737 0.6390586115005036 0.3514880292573766 0
738 0.6284532892127499 0.345392654518708 0
739 0.6390382898342621 0.3392674712380324 0
740 0.6284860209978934 0.3332131217325587 0
741 0.3558157841158187 0.478305012408544 0
742 0.3554360602928368 0.4667197696320863 0
743 0.6496163460927571 0.3453921142850755 0
744 0.6495802211676431 0.3331985715894996 0
745 0.3451443916318203 0.4723305142747128 0
746 0.3449920741982823 0.460370165540058 0
747 0.6601109951695904 0.3392788267017531 0
748 0.6600582124035164 0.3271009378437542 0
749 0.2501145991006228 0.8111685287726094 0
750 0.3346210877365213 0.4661871142863849 0
751 0.3342781807409015 0.4546453834889834 0
752 0.6705595201912912 0.3331304060812526 0
753 0.6705086667120598 0.321054635047859 0
754 0.3241045850698013 0.4601642100999829 0
755 0.3241026118118399 0.4480800312587233 0
756 0.3241417060117158 0.4721330449106794 0
757 0.680978821319057 0.3270437823359382 0
758 0.6809239130515692 0.315024660801868 0
759 0.3137130406574611 0.4660597298055066 0
760 0.3136974998514436 0.478073305810287 0
761 0.6913466043344478 0.3210191405261887 0
762 0.6914080387470571 0.3329914773357822 0
763 0.6912972750351103 0.3090212639796204 0
764 0.6809282162239956 0.3030414255362311 0
765 0.6912623422469795 0.2970522798188306 0
766 0.6809506124631455 0.2911030490659733 0
767 0.6912468716085605 0.2851593060929677 0
768 0.3033143166883619 0.4720499359844422 0
769 0.3032996308811573 0.4840112764715381 0
770 0.7015763545663252 0.2911311184045479 0
771 0.6809649301846473 0.2792456561147258 0
772 0.7015120197956618 0.2791981355009313 0
773 0.3359374883960315 0.4425236239134488 0
774 0.3243797986199719 0.4359649075031521 0
775 0.3346260211278402 0.4297845854732873 0
776 0.3241990716991717 0.4237670554955996 0
777 0.3346246557254032 0.4177032236893202 0
778 0.3241602017059404 0.4116810121260891 0
779 0.3346093781860285 0.4056196690896758 0
780 0.3241426541505105 0.3995971029312351 0
781 0.3342990975629958 0.3940517431078155 0
782 0.3240789799876854 0.3875914614348739 0
783 0.3359204874751567 0.3817921502992619 0
784 0.3243306069781011 0.3754998082797247 0
785 0.3345617187923408 0.3693674204674763 0
786 0.3242263484640716 0.3633581829053039 0
787 0.3345755897236383 0.3572877740954888 0
788 0.3242022373635997 0.3512577932716451 0
789 0.3345595734856456 0.3451996010209656 0
790 0.3240990364860922 0.3391796146543303 0
791 0.3345291155104836 0.3331175815049329 0
792 0.3240749014592574 0.3270978948695815 0
793 0.3345063504733707 0.3210526371251484 0
794 0.3240716025984631 0.3150429813896118 0
795 0.3344617540380536 0.3090304304790763 0
796 0.3240634104123236 0.3030497627415122 0
797 0.3343929100638119 0.2970467547804456 0
798 0.3136910706517635 0.3090411563550341 0
799 0.3136966650401121 0.2970905595536544 0
800 0.3140699285041191 0.3821319658149048 0
801 0.3033590026280342 0.3030540580916675 0
802 0.303290229752876 0.2911157639494152 0
803 0.2930408460090469 0.2970852808039007 0
804 0.2929398284067047 0.2851841114621648 0
805 0.2929820674603651 0.4780214747897141 0
806 0.2929535397485288 0.4899268902702994 0
807 0.6391542891163418 0.3759927613916287 0
808 0.5750372349134171 0.4387531529142106 0
809 0.7118191384938148 0.2851741579840156 0
810 0.71173019721708 0.2732832063565884 0
811 0.4311104865335974 0.7308547923442712 0
812 0.2827713855038463 0.2911358237384907 0
813 0.2827318152637888 0.2793024279361619 0
814 0.2826798235964477 0.4839676892361179 0
815 0.2826539280732228 0.4958158516876072 0
816 0.7219901904224217 0.2791551463673115 0
817 0.7219452825290245 0.2673674652510146 0
818 0.2037840706413441 0.8397278222186362 0
819 0.27255970085613 0.2852359450245778 0
820 0.2725709961689798 0.2734074361016647 0
821 0.2827474701573344 0.2674988075651483 0
822 0.272597762786251 0.2616160813458022 0
823 0.2826950404679459 0.2557468726766586 0
824 0.2724343775881305 0.4898842065091458 0
825 0.2724041792678676 0.5016767471877726 0
826 0.732156291614064 0.2732082946443611 0
827 0.732111091172102 0.2614762971031573 0
828 0.2725746157440868 0.2499345630136946 0
829 0.2624810915967273 0.2557476733761503 0
830 0.2624731620667206 0.2441109739443707 0
831 0.2622334664482289 0.4957734005669976 0
832 0.2622046283702932 0.5075219515534748 0
833 0.282702851159211 0.2440922865499241 0
834 0.74230095623224 0.2673028125394227 0
835 0.7422528393843497 0.2555945636340781 0
836 0.7321178423105206 0.2497798367656341 0
837 0.7422202474797908 0.2439877139709755 0
838 0.3805924406441242 0.7589190358360964 0
839 0.7321442128855192 0.238150619785786 0
840 0.2523842000638544 0.249931357757784 0
841 0.2523836362145101 0.2383132738088604 0
842 0.2520806378733401 0.501636621699699 0
843 0.2520512477604893 0.5133199774857611 0
844 0.7421701230359821 0.2323249968358884 0
845 0.7522451361494691 0.2381546546202539 0
846 0.2423151138871977 0.2441139291259996 0
847 0.2423115998435977 0.2325209665434326 0
848 0.7321373845403597 0.2265678751051791 0
849 0.7521836007508271 0.2265374076800241 0
850 0.2419756714315441 0.5074691221873894 0
851 0.2419429648870653 0.5190904711182343 0
852 0.2421644632206609 0.4961195208243669 0
853 0.762206480210719 0.2322710170751776 0
854 0.3447843073388035 0.3029999927954219 0
855 0.3447058528754253 0.2910587191738523 0
856 0.7621575767801285 0.2207180307269584 0
857 0.2323037836390805 0.2383074153370208 0
858 0.2322982982960702 0.2267488739322605 0
859 0.3550580194132011 0.2969776870001825 0
860 0.3549414819961565 0.2852089419877956 0
861 0.4185506563711626 0.6302234854323512 0
862 0.2319182014626047 0.5132732859057452 0
863 0.2318949115010195 0.5248482268676892 0
864 0.2418948210802632 0.5306829264493462 0
865 0.2318554745278955 0.5364228784638824 0
866 0.241847897831205 0.5422607921185016 0
867 0.2318054170447048 0.5480015682228649 0
868 0.3651309199450266 0.2907140390849542 0
869 0.3648396359726657 0.2791713304508293 0
870 0.7721540235314754 0.2264502260752472 0
871 0.7721177330372433 0.2149533274623421 0
872 0.3752695072464509 0.2846820355913333 0
873 0.3750662507536097 0.2730967220532736 0
874 0.3854880093000267 0.2787500759727514 0
875 0.3855260521292614 0.267105015680856 0
876 0.3957068510018167 0.2728029645317276 0
877 0.3958312294167198 0.2612930393977183 0
878 0.4060043191265005 0.2671049872813665 0
879 0.4060136456738034 0.2554601127684765 0
880 0.4161526744504507 0.261245174804202 0
881 0.4161260743257494 0.2495962177704025 0
882 0.426275971302053 0.255397268008636 0
883 0.4262135433741507 0.2437382026391965 0
884 0.4160773015723542 0.237972452746369 0
885 0.4261651180654746 0.2321240060294676 0
886 0.4160835928915134 0.2263959458328797 0
887 0.4261014208871913 0.2205804061963154 0
888 0.4361007920591201 0.2263078250951723 0
889 0.4161078116701521 0.2148787427182348 0
890 0.436046704272715 0.2148065454926901 0
891 0.4460150919712947 0.2204935214882998 0
892 0.4459810318793733 0.2090653370413402 0
893 0.4559109450833602 0.2146998331873461 0
894 0.2418013141077961 0.5538365670270652 0
895 0.2317591494052743 0.5595769610134091 0
896 0.2223240718904768 0.232525210884426 0
897 0.2223395543465558 0.2210124512349813 0
898 0.2322696473403895 0.2152449668354033 0
899 0.2224684581956333 0.2093441255011847 0
900 0.2219020313937303 0.5190455459812601 0
901 0.7820732143977434 0.2206752200624035 0
902 0.7820181734411714 0.2092132956386057 0
903 0.2322541112453615 0.203789396804218 0
904 0.7721107118093928 0.2035098586772415 0
905 0.455873622802239 0.2033116584864175 0
906 0.4655271790941365 0.2085206973770445 0
907 0.2124129634646637 0.2152490912781656 0
908 0.2125790053314563 0.2036031395249713 0
909 0.4657102580491012 0.1975143726609195 0
910 0.4754684636825864 0.2029372110862934 0
911 0.2417483348036028 0.5654134248902715 0
912 0.2317073491607334 0.5711429566055923 0
913 0.2217446651550074 0.565324683406339 0
914 0.2216870329565555 0.5768392707559625 0
915 0.2117796408563028 0.5710798600072579 0
916 0.2117155200303798 0.5825164284928159 0
917 0.781981561919181 0.1977725612245611 0
918 0.2222274049512099 0.24401127404986 0
919 0.7918696703100088 0.2034607290301448 0
920 0.1561885042487918 0.8674579838279555 0
921 0.3612929716824996 0.7375074486206258 0
922 0.7918237914904662 0.1920682041997376 0
923 0.772108930410162 0.1921242198079429 0
924 0.4564255923695067 0.1917557968732541 0
925 0.475548824846571 0.191807480460307 0
926 0.4851495380241078 0.1969908481662361 0
927 0.2025692925854535 0.2094874164279231 0
928 0.2025854554815907 0.1980902900843811 0
929 0.3105124805467442 0.8115504312091114 0
930 0.2018556433228315 0.5767856554632407 0
931 0.2017945136771451 0.5881916072974687 0
932 0.2116455216832885 0.5939427028043566 0
933 0.2017288336750502 0.5995998160679342 0
934 0.8016727169411507 0.1976974741920649 0
935 0.8016379967792016 0.1863574624267096 0
936 0.4851114961197613 0.1856853186555141 0
937 0.4951662892054962 0.1916615975930509 0
938 0.1927154697435324 0.2037957158053514 0
939 0.1927266806664875 0.1924511835774835 0
940 0.4948895463174664 0.1799877945265493 0
941 0.5048908647851602 0.185914013434514 0
942 0.1919689342380476 0.5824449195384301 0
943 0.4951915724259418 0.2020430264606746 0
944 0.2115704906395013 0.6053569228037133 0
945 0.2016633000838793 0.6110167917409265 0
946 0.8114522068647269 0.1919703157702035 0
947 0.8114241018093221 0.1806844569898667 0
948 0.5048243637452816 0.1746422103160166 0
949 0.51466616279724 0.1802919480266282 0
950 0.4262224103538792 0.2671207316813686 0
951 0.1829144478530105 0.198127111818899 0
952 0.1829266051491441 0.1868559376298705 0
953 0.1926996283311334 0.1811524964307684 0
954 0.1829334787567125 0.1755702697426264 0
955 0.211500253461971 0.6167676476641386 0
956 0.2015942434494393 0.6224268376926344 0
957 0.1926543927423418 0.1698965707575992 0
958 0.5090383648658987 0.5032051304415001 0
959 0.4941867552347301 0.1681900107191412 0
960 0.5145881302760814 0.1690462588525351 0
961 0.5243542280032563 0.1746127885032526 0
962 0.821219744878608 0.1862824487399808 0
963 0.821220907566221 0.1975929132813019 0
964 0.8211603640503041 0.1750367387277066 0
965 0.8114131106998866 0.1694356139895377 0
966 0.7423470046082754 0.2790012887303175 0
967 0.2702465047656105 0.8339048970755244 0
968 0.1829368923357326 0.164284244395755 0
969 0.5242774754263303 0.1634330207051814 0
970 0.5340220653895135 0.1689829674144179 0
971 0.5341085155704424 0.1801637354494974 0
972 0.5437870264446185 0.1744955820671041 0
973 0.8211076695579227 0.1637984600119909 0
974 0.5439935326182268 0.1637952852384045 0
975 0.5535206710769799 0.1688915761904255 0
976 0.2114346341312601 0.6281960359727672 0
977 0.2015121769578641 0.6338121199326601 0
978 0.1916867490350513 0.628052062121032 0
979 0.1916205114446331 0.6394071616311781 0
980 0.1818504480891331 0.6337002854842853 0
981 0.1817834354852311 0.6449961716163704 0
982 0.1915268076009575 0.6507136583233947 0
983 0.1816967540275757 0.6562924469691105 0
984 0.1731968924101998 0.1700124199442848 0
985 0.172065278431898 0.6392819660249198 0
986 0.3443883392507975 0.3630689276688012 0
987 0.5535604383536298 0.1800501815418044 0
988 0.5632335554960768 0.1743422262457907 0
989 0.5631451790507083 0.1631394125507994 0
990 0.572875939757307 0.1686233102597685 0
991 0.8308443971876838 0.1693821051627387 0
992 0.1926449703560505 0.1586920199706365 0
993 0.2928944229700086 0.5018027416402633 0
994 0.173227008254124 0.158724630779067 0
995 0.8109729084648625 0.1580222797723186 0
996 0.8307824846274496 0.158182399210022 0
997 0.5727626230865668 0.1574475331601269 0
998 0.5824903811142716 0.1629320282256828 0
999 0.1914292291059552 0.6620146471271556 0
1000 0.1816036059840738 0.6675755012672762 0
1001 0.1635456715510665 0.1643048713709599 0
1002 0.1636173868789911 0.1530707801679217 0
1003 0.582374017106452 0.1517898691660366 0
1004 0.5920666471020708 0.1572460672308073 0
1005 0.563369559518023 0.1855573076133022 0
1006 0.8405044479176036 0.1637705863813784 0
1007 0.8404369996137323 0.1525719131664475 0
1008 0.420540231791308 0.5793056799993412 0
1009 0.5919607094228265 0.1461439671299367 0
1010 0.6016243692095207 0.1515803168769222 0
1011 0.1539127580178127 0.1586798398670346 0
1012 0.153992042897447 0.1474946680703685 0
1013 0.191336453468844 0.6733108037732373 0
1014 0.181510180768893 0.6788703412820075 0
1015 0.1193347857876825 0.8908347188323618 0
1016 0.2325764730158584 0.8571215951845866 0
1017 0.5824132782378442 0.1410659815278107 0
1018 0.8501176645450789 0.1581460708770677 0
1019 0.8500448500845759 0.1469861316307203 0
1020 0.601522249066456 0.1405138706727487 0
1021 0.6111681691526828 0.1459501522299136 0
1022 0.1443120312245715 0.1530938263605426 0
1023 0.1443321096725963 0.142026608083258 0
1024 0.1541162689832167 0.1363879248458882 0
1025 0.2725407437697056 0.297006711628484 0
1026 0.191235805293427 0.6846090870741033 0
1027 0.1814104623735681 0.6901584836058727 0
1028 0.1717111359773589 0.6844368161943364 0
1029 0.1716076062336593 0.6956787010236405 0
1030 0.16195288144296 0.6899984088401561 0
1031 0.1618497150222215 0.7011754907756147 0
1032 0.1522446196641306 0.6955292092955742 0
1033 0.1521368817030042 0.7066422016673272 0
1034 0.1828839899851784 0.209423073001725 0
1035 0.611061373458216 0.1349059494750959 0
1036 0.6206964922960674 0.1403285929560609 0
1037 0.6208118743082112 0.1513930664209794 0
1038 0.6303337746291946 0.1457463919152847 0
1039 0.6302073047609484 0.1346931232458889 0
1040 0.6398288059507978 0.1400959682275329 0
1041 0.1425793784368553 0.7010256412287215 0
1042 0.1424715195645202 0.7120840963911098 0
1043 0.2011031074893506 0.6790399686929333 0
1044 0.3882501535628051 0.4717601387211305 0
1045 0.1617827073334186 0.7126682783100263 0
1046 0.8595642141643123 0.152315241021959 0
1047 0.8594927019346517 0.14138539932505 0
1048 0.8500076230091622 0.1359096389916654 0
1049 0.8595450509338707 0.1632890405448303 0
1050 0.144377109983049 0.1309837323391693 0
1051 0.8593757457265977 0.1303745782726691 0
1052 0.6396930720993235 0.129078630686087 0
1053 0.6492982745199726 0.1344616736413203 0
1054 0.378120626501431 0.5030649776594892 0
1055 0.6304755098191173 0.1568374236461862 0
1056 0.384146309760127 0.2904784250145755 0
1057 0.1347459354850252 0.1475644078124274 0
1058 0.1347177130522828 0.1585874110291004 0
1059 0.2010091010556143 0.6903872885870708 0
1060 0.2109025072251536 0.684790875586935 0
1061 0.1540504293196115 0.1254335099457622 0
1062 0.8499982247695677 0.1248958543460061 0
1063 0.1329562399685146 0.7064705822406498 0
1064 0.1328549851744566 0.7175067805382866 0
1065 0.1330453175518039 0.6954496542876659 0
1066 0.8687574275954648 0.1467657670864868 0
1067 0.3746844040779944 0.2612455065593772 0
1068 0.6491602016754359 0.1234756091009025 0
1069 0.6587305114034964 0.1288320650272702 0
1070 0.7821352177520677 0.2321399647341206 0
1071 0.2826824526519682 0.4721057767250064 0
1072 0.2213761849698324 0.6225181034718901 0
1073 0.1941733973680018 0.8783772139420644 0
1074 0.1444351489302607 0.1199951686984976 0
1075 0.8593994737839084 0.119395157412583 0
1076 0.1252082498616249 0.1530710248833033 0
1077 0.1251716441066805 0.1640342336504814 0
1078 0.2108000736630653 0.6962222368209973 0
1079 0.2207618838491835 0.6905761729348986 0
1080 0.6585981784288741 0.1178897283526239 0
1081 0.6681411118176235 0.123223627696235 0
1082 0.1234767221503246 0.7008689534529504 0
1083 0.123546744807546 0.6899138974431941 0
1084 0.1538676546335315 0.1145177877397188 0
1085 0.8499924119220754 0.113941430120872 0
1086 0.6492942712438523 0.1124532012540023 0
1087 0.6680121959955199 0.1123166882457766 0
1088 0.6775376801027621 0.1176500272958435 0
1089 0.2206519376444168 0.702060401466339 0
1090 0.2306633444959152 0.6963835648122598 0
1091 0.3512764041315777 0.7773442003610127 0
1092 0.4195167604203408 0.6657325525473464 0
1093 0.4527058416935205 0.5722662961018321 0
1094 0.4658466074585739 0.2203598195504895 0
1095 0.4524315225951027 0.6593747280439068 0
1096 0.6587965276103125 0.1412518812131651 0
1097 0.3450833407564076 0.3995646563386051 0
1098 0.115707587056288 0.1585508217846082 0
1099 0.1156686191291044 0.1694667616268262 0
1100 0.09125769273622997 0.906595018034883 0
1101 0.1444358545453361 0.1090743349579885 0
1102 0.1140351561992581 0.6953001116459239 0
1103 0.1141021071029079 0.6843930891373472 0
1104 0.8594268687541357 0.1084723188088867 0
1105 0.8688267584052416 0.1140462324869237 0
1106 0.6774063407004541 0.1067611100961169 0
1107 0.6869192954095473 0.1120841682548816 0
1108 0.6870592540561039 0.1229928320334109 0
1109 0.6964340683335115 0.1174027582078875 0
1110 0.6962832576784956 0.106505192786793 0
1111 0.7057821495247235 0.1118092001682295 0
1112 0.1538122475866615 0.1036202040186956 0
1113 0.1653128233104066 0.8953992425730166 0
1114 0.8688169170730766 0.1030162740546101 0
1115 0.8782606797480337 0.1085760198464981 0
1116 0.8499884675373726 0.1030603629697231 0
1117 0.6966001692998367 0.1283374198370033 0
1118 0.2305594701615703 0.7078800284862165 0
1119 0.2406115647549324 0.702228494442991 0
1120 0.705630128985006 0.1009474196843801 0
1121 0.7151086033350181 0.1062312669669901 0
1122 0.1062527800146959 0.1639725693128693 0
1123 0.1062226772982807 0.1748220377400738 0
1124 0.1062677391135457 0.1531061386190669 0
1125 0.1046348742517911 0.689771859282254 0
1126 0.104686164159576 0.6789032363346745 0
1127 0.1045485823056682 0.7006444802940167 0
1128 0.2518323658021569 0.5596630699044061 0
1129 0.1444093292731973 0.09820849464425307 0
1130 0.8782065234030665 0.09756114010457717 0
1131 0.8876358796449666 0.1029391641612755 0
1132 0.7149350516063024 0.09539829021687307 0
1133 0.7244022977066225 0.1006677200024004 0
1134 0.1537647584344052 0.0927792480647428 0
1135 0.1631534876246928 0.09817949598427561 0
1136 0.1349870342065737 0.1038012419638727 0
1137 0.3137986875071744 0.4177270604033818 0
1138 0.7245898320221436 0.1114985628402357 0
1139 0.7338919605754535 0.1059363029622838 0
1140 0.7337001780067054 0.0951077492294638 0
1141 0.7429456400627795 0.1003654124681301 0
1142 0.1921237378187591 0.5709484730282073 0
1143 0.1821586060062143 0.5767186215008206 0
1144 0.182333917031764 0.5652551435504014 0
1145 0.1724531675851333 0.5710025742358102 0
1146 0.1725608531228254 0.5596359208398263 0
1147 0.1628503012030988 0.5653380165697925 0
1148 0.1628743406125674 0.5540285336594873 0
1149 0.1535166144017787 0.5591881718442854 0
1150 0.1531076957044147 0.548577942539342 0
1151 0.1438521370583192 0.5535057566800758 0
1152 0.1435022694908407 0.543021052278453 0
1153 0.1339826883041528 0.5484328068457229 0
1154 0.1339239545168679 0.5375462282005898 0
1155 0.1348763060371272 0.5596713310435135 0
1156 0.1244137408238308 0.5429705249394556 0
1157 0.1244939278862266 0.5319926324329945 0
1158 0.1338024632517154 0.5265734108260203 0
1159 0.1244978652646885 0.5210151122875006 0
1160 0.1338215802578999 0.5155352269287019 0
1161 0.1244549399396644 0.5100195114826245 0
1162 0.1339536008747892 0.5045409394184895 0
1163 0.124472203146097 0.4990292982858966 0
1164 0.133985543854098 0.4935554389417086 0
1165 0.1244905993543992 0.4880411981828648 0
1166 0.1338740750715599 0.48256991700968 0
1167 0.1244834064686458 0.4770566314980388 0
1168 0.1339375522379433 0.4715878422827252 0
1169 0.1244992482801128 0.4660763270288685 0
1170 0.1338848369012934 0.4606031310471903 0
1171 0.124501433801321 0.4550930850339632 0
1172 0.1338762250300806 0.4496193813298624 0
1173 0.1245086723737217 0.4441095225422003 0
1174 0.1338843878600515 0.4386357076301988 0
1175 0.1245195549219118 0.4331258202936149 0
1176 0.1340335253824319 0.4276521045917578 0
1177 0.1244374413950635 0.4217185653690845 0
1178 0.1340530803126073 0.4165977456745189 0
1179 0.1244786729475032 0.4108313047229682 0
1180 0.1340709793497618 0.4056024569964589 0
1181 0.1436206549237012 0.4111652078244434 0
1182 0.1435355161922391 0.4001449299731895 0
1183 0.134127080442641 0.3946357799584124 0
1184 0.1435262750161914 0.3891200590347069 0
1185 0.1341213848943894 0.383612322687651 0
1186 0.1530152139595495 0.4058328860233345 0
1187 0.1435453408615427 0.3780876873944078 0
1188 0.1340488658586622 0.3725797636419218 0
1189 0.1435296686789651 0.3670527329115203 0
1190 0.1340348949018645 0.3615361530432654 0
1191 0.143543189775337 0.3560155587688915 0
1192 0.1340316094904379 0.3505194567855608 0
1193 0.1530155524406115 0.3618026242853669 0
1194 0.1435343735028692 0.3449825689386107 0
1195 0.1340228823630607 0.3394871601577117 0
1196 0.1435677348596582 0.3339476471055288 0
1197 0.13401629947388 0.3284385962437032 0
1198 0.124512892958602 0.3560457799864196 0
1199 0.1435576302056871 0.3228703734053988 0
1200 0.1339802510587683 0.3173805685419162 0
1201 0.1244829956169117 0.3229342210131757 0
1202 0.1244566858492884 0.3119434865720857 0
1203 0.1432292369574955 0.454288294202448 0
1204 0.1132151959749632 0.5163692259015993 0
1205 0.1531569128530478 0.3284141483736313 0
1206 0.1148667230357672 0.4266833550179975 0
1207 0.1150200184372694 0.4715221483798705 0
1208 0.1149929075110925 0.31744339360598 0
1209 0.114919600524523 0.3063581497097543 0
1210 0.1244017849785778 0.3009793475563438 0
1211 0.1148269779159299 0.2953289954574719 0
1212 0.1054603063026853 0.3117060869147749 0
1213 0.1531365347094608 0.3172957081673248 0
1214 0.1627764174120832 0.3228659177595846 0
1215 0.1243592127617913 0.2900273329602729 0
1216 0.1148366575641644 0.2845178282188724 0
1217 0.8405828393461048 0.1085112295980427 0
1218 0.8403473160736664 0.09804215290013241 0
1219 0.2205310026026616 0.713530917734401 0
1220 0.23044356291056 0.7193915561849274 0
1221 0.2204189365752049 0.7250348539933382 0
1222 0.1350183052484092 0.09282619887838334 0
1223 0.1256085146566974 0.09833524338653971 0
1224 0.09683458703081199 0.1585285413150469 0
1225 0.0968570500188527 0.1477070094012046 0
1226 0.2517872239252182 0.57128911155509 0
1227 0.2620641575359318 0.5652500161393196 0
1228 0.2618875781756103 0.5771603795839347 0
1229 0.2722167356910373 0.5710762864614277 0
1230 0.2720187954226162 0.5830774342804861 0
1231 0.2821842948220983 0.5772907730698981 0
1232 0.2821355729655478 0.5891216840922108 0
1233 0.2922036674435505 0.5827513244404574 0
1234 0.2923013412992384 0.5950639449072175 0
1235 0.3025700381665352 0.5886155514189509 0
1236 0.302593411348798 0.6010164298156359 0
1237 0.3131380897429952 0.5948202527358194 0
1238 0.3129643552223648 0.6070525173476654 0
1239 0.3025487214487482 0.6130428751644172 0
1240 0.3128776629370281 0.6190751583074048 0
1241 0.3130418158253055 0.5816276499734538 0
1242 0.3024828691405339 0.6250119278968442 0
1243 0.3128038617285698 0.6310498931263631 0
1244 0.124352520774164 0.279139644530381 0
1245 0.1148692832319911 0.2737037406473875 0
1246 0.1053349169803658 0.2790418638473686 0
1247 0.1053970759097127 0.2682839000719822 0
1248 0.1148065280300783 0.2628234210501439 0
1249 0.1053579225907343 0.25744367448452 0
1250 0.8873673846317214 0.09247804702627982 0
1251 0.8969385009372797 0.09751093794076926 0
1252 0.323632823960566 0.6009113897794832 0
1253 0.3905961597395127 0.7200181982124179 0
1254 0.09600081310119551 0.2629055812664786 0
1255 0.09593600885537329 0.2520987240069613 0
1256 0.7051978033849435 0.08991295112096853 0
1257 0.742951842050168 0.08955950887102565 0
1258 0.09519895301579917 0.6951364184481353 0
1259 0.0950996452922922 0.7059524490263129 0
1260 0.1385606607677022 0.9103580633240721 0
1261 0.7520489153725364 0.0946200817755864 0
1262 0.1627541397597877 0.3116983694238251 0
1263 0.1724465106609263 0.3172911691450175 0
1264 0.1147497322951345 0.251945248783416 0
1265 0.1431272856412943 0.4878038782426856 0
1266 0.4868712398077492 0.451543488370916 0
1267 0.48691775542818 0.4388171037984085 0
1268 0.1256593333728163 0.08742463932562361 0
1269 0.1162120563836783 0.0929731670789935 0
1270 0.1631083132689193 0.08736837902809713 0
1271 0.1724739917925544 0.09274142521148326 0
1272 0.7432280625847985 0.1110709760476701 0
1273 0.5964578936515103 0.3637953967450959 0
1274 0.5311633804862225 0.4261423920946922 0
1275 0.520251145721403 0.4967236018873332 0
1276 0.5202329135492636 0.5096710524663063 0
1277 0.53141339437672 0.5032107809728305 0
1278 0.5313975498847989 0.5161030451184141 0
1279 0.5425320061228093 0.5096791638916225 0
1280 0.5428355398749691 0.5219577310058695 0
1281 0.5536501517232103 0.5160203457553417 0
1282 0.553776905870891 0.5285691892343188 0
1283 0.5647336150167873 0.5221877708180921 0
1284 0.5649647309292419 0.5345650313132551 0
1285 0.5757355544718835 0.5282574346508964 0
1286 0.5756046351807189 0.5414458154887443 0
1287 0.5865010734595555 0.5352232428062639 0
1288 0.5864879324615445 0.5477790122869287 0
1289 0.5974437687145596 0.5409912383707615 0
1290 0.5973539976540246 0.5539475093427805 0
1291 0.6082662536520318 0.5465821932166258 0
1292 0.6081413515931818 0.5602788882857288 0
1293 0.6189128726353318 0.5540620633791864 0
1294 0.6188584425422696 0.5664152630489864 0
1295 0.6295363705024909 0.560272895902198 0
1296 0.6297544219584392 0.5721950976555583 0
1297 0.6398389401135239 0.5670303061760824 0
1298 0.6404107186603341 0.5783994957414559 0
1299 0.65043676843767 0.5733076416314994 0
1300 0.6508459720141928 0.5848642074562567 0
1301 0.6614764763808134 0.5785530406022792 0
1302 0.6614069615990454 0.5908866082888741 0
1303 0.6720594202556225 0.5844991590106863 0
1304 0.6719221348302804 0.5968966120732403 0
1305 0.6823748241501219 0.5908648045549088 0
1306 0.682348149709977 0.6029760656791641 0
1307 0.6927483071278346 0.596968503569656 0
1308 0.6923917847532247 0.6083781964244788 0
1309 0.6823008100528207 0.6148863266401383 0
1310 0.693843621142919 0.6204353861114926 0
1311 0.6824191179450816 0.626953125022349 0
1312 0.692765269338611 0.6329662058505147 0
1313 0.6823902925908274 0.6389667915069485 0
1314 0.6927686234213887 0.6449477248250857 0
1315 0.6823938481819627 0.6509594776922691 0
1316 0.6927775078992142 0.6569368904412991 0
1317 0.6824037067368706 0.6629498994287996 0
1318 0.6927883696799129 0.6689269234506628 0
1319 0.6824182695876807 0.6749406374736364 0
1320 0.69279897307781 0.6809155880889427 0
1321 0.682433875194867 0.6869460347059072 0
1322 0.6928155263138077 0.6929057446435309 0
1323 0.6824781199943641 0.6989265792614492 0
1324 0.6928114810597248 0.7048466168427486 0
1325 0.6825244007984996 0.7108294633281077 0
1326 0.6928123085427351 0.7167505060573943 0
1327 0.7030902858362758 0.7108036462069336 0
1328 0.7030976995339343 0.7226492541832727 0
1329 0.6825692737499194 0.7226785761123018 0
1330 0.7029130912984738 0.6026606952680551 0
1331 0.7030865530372667 0.590993315303613 0
1332 0.7133315775907678 0.7167415166007109 0
1333 0.7134149569761353 0.7285773235678612 0
1334 0.7130314382973535 0.596373657729683 0
1335 0.7133731383754012 0.5850513922194849 0
1336 0.7235461616577606 0.7226551929678564 0
1337 0.7236798002128453 0.7344603890677546 0
1338 0.7236053712617254 0.5909873785638458 0
1339 0.723688144161639 0.5792634981808347 0
1340 0.7337300198643157 0.7285526290411888 0
1341 0.7337639656513908 0.7402893123228603 0
1342 0.7339027761471643 0.5852047982648922 0
1343 0.7339358377569767 0.573448158213354 0
1344 0.7438453012065704 0.7343808036717289 0
1345 0.743812751937336 0.7460933700800368 0
1346 0.7337737598049573 0.7519871442643093 0
1347 0.7438190739100362 0.7578006660030926 0
1348 0.7440797285414151 0.5793456070595239 0
1349 0.7441066523575363 0.567645293173804 0
1350 0.7338134787527797 0.7636316393204148 0
1351 0.7438356332609029 0.7693875267554439 0
1352 0.7538480450209393 0.7636169360238413 0
1353 0.7541984390911743 0.5735060790998179 0
1354 0.7542293068800521 0.5618605751830235 0
1355 0.7538486217449981 0.7751533606546351 0
1356 0.73383566919775 0.7751677882122057 0
1357 0.7638461383477995 0.7693979351934725 0
1358 0.7642730347330908 0.5676918118596467 0
1359 0.7643064291192001 0.5561048696713502 0
1360 0.763834488232417 0.7809048773231118 0
1361 0.7738081903308536 0.7751704360808339 0
1362 0.7737952751849966 0.7866447457600387 0
1363 0.7743007427409654 0.5619051628699411 0
1364 0.7743342041459427 0.5503734186366176 0
1365 0.7837408758179587 0.7809093004945398 0
1366 0.7837191745454216 0.7923618657874046 0
1367 0.6722938736152114 0.7168023016593126 0
1368 0.6723392831107826 0.7286062711475108 0
1369 0.7738202605087713 0.7980799685335973 0
1370 0.7842806318296942 0.5561363591774278 0
1371 0.7842344480716041 0.544646574319714 0
1372 0.7849035950859172 0.566749460316651 0
1373 0.7743669036412828 0.5388694141073815 0
1374 0.7842602033676931 0.5331603242050723 0
1375 0.7837093551811635 0.803776026060798 0
1376 0.6620986179732435 0.7227528130050193 0
1377 0.6621445569550672 0.7345229238447989 0
1378 0.7935811149389868 0.7980805482531965 0
1379 0.7942326366863466 0.5504085541005073 0
1380 0.7738643133155836 0.8094771073345158 0
1381 0.793561907623336 0.8094593098516742 0
1382 0.7744135724684345 0.5273780030648185 0
1383 0.784378546563146 0.5216818990944142 0
1384 0.6519332992647182 0.7286866685188335 0
1385 0.6518546918790215 0.7402235722531599 0
1386 0.8035591304738821 0.8035253846396212 0
1387 0.8034249030584979 0.8150693326458853 0
1388 0.7744719483159529 0.5158928583261873 0
1389 0.7844385871344199 0.5101978565410411 0
1390 0.6417758196319792 0.734570865829085 0
1391 0.641693739630006 0.7460697602857143 0
1392 0.6086329100993152 0.5726754729574128 0
1393 0.7745305990202418 0.5044061282726225 0
1394 0.784493984495206 0.4987215473862394 0
1395 0.7943792552276662 0.5044957995034038 0
1396 0.7944379040092814 0.4930700767573688 0
1397 0.8042873661667576 0.4988331119484011 0
1398 0.8043363558373122 0.4874454285284175 0
1399 0.8133816883926175 0.8091614797738508 0
1400 0.8132250852115844 0.8207018232373522 0
1401 0.6316597895964976 0.7404601317369239 0
1402 0.631706987752481 0.7521268226822666 0
1403 0.8141391659962336 0.4931813584545107 0
1404 0.8141878754935639 0.4818169258204831 0
1405 0.8044058522948483 0.4761024058322725 0
1406 0.8142463721893514 0.4704889967707247 0
1407 0.6215980311995531 0.7463797292489902 0
1408 0.6216498125643911 0.7580167188653293 0
1409 0.6294296602567828 0.5463950515929116 0
1410 0.8229862840866422 0.8150918876566007 0
1411 0.823377814064717 0.8026510818506394 0
1412 0.8227759639084329 0.8263930944598519 0
1413 0.8130518189484024 0.831971204576551 0
1414 0.8239480304032352 0.4875187193438653 0
1415 0.8044798487526581 0.4647741502451239 0
1416 0.8143151569565489 0.4591810972577433 0
1417 0.611652841463977 0.7520504288136187 0
1418 0.6119880927203971 0.7637138949064664 0
1419 0.6216563424972481 0.7696453121689537 0
1420 0.611984182511696 0.7754917214575782 0
1421 0.6215144784732297 0.7811755088899165 0
1422 0.6117532563373995 0.786943253218117 0
1423 0.6214394616376396 0.7926370932016642 0
1424 0.6117788528624759 0.7983915987368901 0
1425 0.6216186763083152 0.8040446221815757 0
1426 0.6118801483218883 0.8098391010973831 0
1427 0.602088758300238 0.8043191026391192 0
1428 0.621687726859004 0.8154019353627796 0
1429 0.6021145872391618 0.8155867048947932 0
1430 0.5923546531859316 0.8100919655690419 0
1431 0.592560973329005 0.8215719657748461 0
1432 0.582504804084077 0.815616475020391 0
1433 0.582834940138508 0.8272654091560061 0
1434 0.5728117201764404 0.8213327753503936 0
1435 0.6114980551595531 0.7405711459969725 0
1436 0.5729264071318316 0.8326652378812596 0
1437 0.5630747119530454 0.8269471207931068 0
1438 0.5839802291250109 0.8388534565382301 0
1439 0.8226899530669204 0.8376183312146266 0
1440 0.563195970925769 0.8382552349805681 0
1441 0.5534149178285093 0.8326079546151256 0
1442 0.8045507427719537 0.453454581562128 0
1443 0.8143851430333939 0.4478630640144564 0
1444 0.5630299924050648 0.8157669835011109 0
1445 0.8325437246305558 0.8213963276831564 0
1446 0.5538318722422894 0.8442532760784364 0
1447 0.5438283926479419 0.8383129851770323 0
1448 0.8132176940983744 0.8432362109169385 0
1449 0.8046281153593702 0.4421332643263217 0
1450 0.8144631555147076 0.4365551333100668 0
1451 0.8241924745382274 0.4422651858884051 0
1452 0.8242725066400693 0.4310004089961115 0
1453 0.833958429895342 0.4366893530022932 0
1454 0.8340370414438734 0.4254671307058313 0
1455 0.8244397815628645 0.4198225428667101 0
1456 0.8341835471384845 0.4142702562237788 0
1457 0.822844157905249 0.8487873396635127 0
1458 0.5441274256654621 0.8497777048123394 0
1459 0.5342151390737525 0.8439360387316468 0
1460 0.7448092833127595 0.5899973220563186 0
1461 0.8437697597566609 0.4199387929743896 0
1462 0.8438685667961621 0.4087591605667731 0
1463 0.8342935055532059 0.4030870372050984 0
1464 0.8439775577853523 0.3975969503098949 0
1465 0.8130656698520312 0.8543485452565247 0
1466 0.5342728348206561 0.8550413236530964 0
1467 0.5245598636402501 0.8494655042007498 0
1468 0.6725226106929514 0.6572218598086345 0
1469 0.8343748448032937 0.391925930196433 0
1470 0.8439741203953449 0.386445214337072 0
1471 0.8228190465534387 0.859885024259307 0
1472 0.5438561168108252 0.8608604717907944 0
1473 0.5246362922841414 0.8605530756581545 0
1474 0.5150121906270739 0.8550625007593963 0
1475 0.7438771724086231 0.7227227917662877 0
1476 0.8534466444725007 0.4144201247361944 0
1477 0.5245226740085656 0.8384095748514486 0
1478 0.8130634402933778 0.8654140027243074 0
1479 0.8344667143639127 0.3807693368384772 0
1480 0.8440654259478677 0.3752900467845167 0
1481 0.5150716730387025 0.8661071540276024 0
1482 0.5054817780807968 0.8606413849115379 0
1483 0.8227803021481952 0.8709266938637752 0
1484 0.8323851245489574 0.8654424812419066 0
1485 0.5055396114303999 0.8716550277883801 0
1486 0.4959772739246097 0.8662059607187325 0
1487 0.8345700222192247 0.3696062991253347 0
1488 0.8442910100224859 0.3641508199888316 0
1489 0.8248423935156062 0.3751056884148045 0
1490 0.8534562708504807 0.3692918551501739 0
1491 0.8539298398566554 0.3586121046059021 0
1492 0.8445298844802008 0.3531234518902977 0
1493 0.8541924399977743 0.3476429155478764 0
1494 0.8636440347468837 0.353217108932795 0
1495 0.8638069242107216 0.3422133673705167 0
1496 0.6014107081977953 0.7464901919320386 0
1497 0.6013488192481444 0.7347992577630282 0
1498 0.5913652559217921 0.7404873033242285 0
1499 0.591204134620237 0.7289501991251611 0
1500 0.5810610049142083 0.7348618169484455 0
1501 0.5809967595205331 0.7231635000158789 0
1502 0.5633436983147159 0.5469824389858047 0
1503 0.8132435871951671 0.876424587470183 0
1504 0.8544147717906305 0.3366557179813076 0
1505 0.8640252001465718 0.331199935679532 0
1506 0.8323394016636552 0.8764328124419053 0
1507 0.8418759799111901 0.8709664691852365 0
1508 0.4960448022776212 0.8771917480535375 0
1509 0.4864898445083692 0.8717557777881738 0
1510 0.4864163452534638 0.860763178765333 0
1511 0.4769203731434684 0.8663243344988525 0
1512 0.4768452865112747 0.855299446503398 0
1513 0.4673356455065476 0.8608814701336497 0
1514 0.4674093822029693 0.8718940975714691 0
1515 0.4578413709366148 0.866464993613403 0
1516 0.8035025707261391 0.8710206224465417 0
1517 0.4579281560540073 0.877446230393892 0
1518 0.4483813154544071 0.8720366072967531 0
1519 0.7837667417822907 0.7694553554551928 0
1520 0.4672254069277398 0.8498374461846669 0
1521 0.7340251784561428 0.5617921182972833 0
1522 0.7947527976007043 0.4477344497812183 0
1523 0.8734287459400474 0.3368247181358406 0
1524 0.8735878877172837 0.325819255695296 0
1525 0.8641982993931402 0.3201765235985416 0
1526 0.8737587356525596 0.3148269206321481 0
1527 0.4484669828476301 0.8829875989561831 0
1528 0.4389456133614582 0.8775937524060656 0
1529 0.8418500219041836 0.8819203402646282 0
1530 0.8513495962635755 0.8764723385628913 0
1531 0.80375263862963 0.8819280817539112 0
1532 0.7943044564208986 0.8764708781859993 0
1533 0.5708214914696907 0.7290821279950714 0
1534 0.5707686915852463 0.7173009454832148 0
1535 0.5050673162592197 0.8826272243919017 0
1536 0.8643328208133765 0.3091794259453791 0
1537 0.8739363813322923 0.3038378997903207 0
1538 0.794327563982968 0.8873982334953663 0
1539 0.7845677363648247 0.8819452273830344 0
1540 0.8513252154675932 0.8873956602731949 0
1541 0.8607971156306315 0.8819632025514785 0
1542 0.4391135453030431 0.8885162355493619 0
1543 0.4295259836371593 0.8831374497575718 0
1544 0.4294288266610204 0.8722007245575348 0
1545 0.4199388943767072 0.8776693947363715 0
1546 0.4198373878741485 0.8668678512429391 0
1547 0.4104373615448451 0.8723683449025523 0
1548 0.4104920645343084 0.8832130480599897 0
1549 0.4010175089643994 0.8779286381688891 0
1550 0.4011417450878139 0.8888723440967043 0
1551 0.3911738655977559 0.8835446389398931 0
1552 0.8829904626756095 0.3314517767110876 0
1553 0.5809691131377513 0.7113621589680824 0
1554 0.5707005433928933 0.7054824597827565 0
1555 0.7850997607237042 0.8930060430888797 0
1556 0.7750725390181594 0.8875621423909117 0
1557 0.8645001795862053 0.2981690186874921 0
1558 0.8741138062452389 0.2928549807484543 0
1559 0.8548644312123631 0.3035268914242696 0
1560 0.8835049664377249 0.2984956481001433 0
1561 0.883693240442558 0.2875640236877555 0
1562 0.6314696884559856 0.8097104269590397 0
1563 0.6315690356929238 0.8208867628803456 0
1564 0.580972476263778 0.6994923892610646 0
1565 0.5705979430411435 0.6935798073279138 0
1566 0.5809226275259267 0.6875629130086568 0
1567 0.5705353338165757 0.6816144800631789 0
1568 0.8607768555967561 0.8928570128619021 0
1569 0.8702361534832397 0.8874355433268767 0
1570 0.8702651057222627 0.8765267226437513 0
1571 0.8796984210535354 0.8820270351405353 0
1572 0.8797374094101494 0.8710982527097896 0
1573 0.8796759697421148 0.8929200354206772 0
1574 0.4485775890258661 0.8938943473533261 0
1575 0.5606018876669647 0.7232584338922972 0
1576 0.3916839052989357 0.8944336091168732 0
1577 0.3813486973363662 0.8889144768307617 0
1578 0.5973960304966714 0.5280630716014449 0
1579 0.8891086529072249 0.8875246269036987 0
1580 0.6411500574643566 0.8155508979516485 0
1581 0.6412629071792014 0.826638865323442 0
1582 0.3903013956640401 0.8726593849160349 0
1583 0.8890805128809156 0.8983903299951372 0
1584 0.7030358909147307 0.6629045794200221 0
1585 0.7948785026974484 0.8985908517123048 0
1586 0.650872449478674 0.8212367806945522 0
1587 0.650996731609202 0.8322706593481433 0
1588 0.7760563882591434 0.8985361317205385 0
1589 0.7660237494774287 0.8930761754327887 0
1590 0.6597763680286939 0.5645194875680055 0
1591 0.6607200997589183 0.8266547548758685 0
1592 0.6607302270434653 0.8378301100908663 0
1593 0.6510720113976287 0.8434351792613297 0
1594 0.6602346882747433 0.848979155139969 0
1595 0.6510367679819847 0.8545454362673294 0
1596 0.6604599548448455 0.8600838021889846 0
1597 0.6511166382179624 0.8656171729979794 0
1598 0.6601895035619126 0.8711115452479848 0
1599 0.6511175506014049 0.8766180426861725 0
1600 0.6606019392953305 0.8820858049466911 0
1601 0.6512254970358327 0.887562926514718 0
1602 0.6703262978586445 0.8435972930292031 0
1603 0.6606756158736991 0.8930014186348647 0
1604 0.8928839905639461 0.2928885661223719 0
1605 0.8931948453834186 0.2822199415386735 0
1606 0.883887111532996 0.2766591924555558 0
1607 0.8934196641207605 0.2713835287319758 0
1608 0.6512864351867302 0.8984526804316288 0
1609 0.6418582513929663 0.8930486501284772 0
1610 0.7948249870775086 0.4363607790452931 0
1611 0.7849216940498527 0.4419926409812575 0
1612 0.7849926047847985 0.4305638491861196 0
1613 0.7750322587781797 0.4362212955561907 0
1614 0.7751000600940655 0.4247316561060016 0
1615 0.7650940879343449 0.430436988846399 0
1616 0.7651761246852498 0.4188988330762396 0
1617 0.7551091179370368 0.4246276436085729 0
1618 0.6411372845607404 0.5902258038188334 0
1619 0.3822169648959269 0.8998989214082346 0
1620 0.3723728855771474 0.8943698251961245 0
1621 0.5601819640236078 0.6876668085076363 0
1622 0.5601076380388994 0.6756574064712708 0
1623 0.6699140356721995 0.8754639411793863 0
1624 0.855042050673879 0.292475489379897 0
1625 0.8453650995677304 0.2978535970376123 0
1626 0.7551993287643339 0.412994482038545 0
1627 0.7450865098805424 0.4187517197796962 0
1628 0.7450151675504362 0.4304083334174858 0
1629 0.7351471527779435 0.42487931492582 0
1630 0.7349073717593279 0.4362829489370691 0
1631 0.7249890621979206 0.4307274632316697 0
1632 0.7247258823519406 0.4421451775882564 0
1633 0.7147963547244518 0.4366275939426174 0
1634 0.7145141945310651 0.4480693901233515 0
1635 0.7042291138715024 0.4419508679257786 0
1636 0.7041872194412446 0.4539021764751288 0
1637 0.6941396178778712 0.4482870827973208 0
1638 0.6938656402856616 0.459854839874521 0
1639 0.6832550471010879 0.4533328653235495 0
1640 0.8984912647338542 0.8929821653476921 0
1641 0.898435412063381 0.9038139468382009 0
1642 0.6417281183234617 0.9035858467230486 0
1643 0.6324873144453987 0.8984726276892017 0
1644 0.6607024862692693 0.9038570187360231 0
1645 0.7665163940605682 0.9038422169228091 0
1646 0.3920929520581269 0.9052931639358808 0
1647 0.8840952656238352 0.2657751150700216 0
1648 0.8936260355834539 0.2605305519190067 0
1649 0.5704978088687991 0.6695929062948557 0
1650 0.5600233421142338 0.6636119227008141 0
1651 0.3732196342842005 0.9055748297540682 0
1652 0.3635627701488632 0.9001514789948284 0
1653 0.3623924803031994 0.8892413316048241 0
1654 0.3538552426546493 0.8950073250746338 0
1655 0.3542690531691234 0.9056715697081498 0
1656 0.3447970680399283 0.9003830565310988 0
1657 0.8513367123301836 0.8982798371905671 0
1658 0.8239177748134012 0.4988300444371029 0
1659 0.8336485020748381 0.4931942821737798 0
1660 0.8336275497020165 0.504407862918232 0
1661 0.8433295953511426 0.4988408382529123 0
1662 0.843153061572274 0.5097790813267915 0
1663 0.8529097581850313 0.5044293717370202 0
1664 0.8528827680862803 0.5153010216882501 0
1665 0.8625162996152728 0.5100422645007284 0
1666 0.8626145179010758 0.521056812121894 0
1667 0.8720623775505383 0.5156014635269807 0
1668 0.8720171395594836 0.5266341686156715 0
1669 0.8720844389382925 0.504613473848448 0
1670 0.8815840156919965 0.5101525496117658 0
1671 0.8816222451939786 0.4991953832137161 0
1672 0.8910467910990417 0.504712826466359 0
1673 0.8910966377231273 0.4938114479362046 0
1674 0.900480724735234 0.4992923397591256 0
1675 0.9005337744689096 0.4884515719866562 0
1676 0.9004488348879235 0.510217322092642 0
1677 0.9029166468574814 0.2661168211432532 0
1678 0.9031199205675731 0.255292819547492 0
1679 0.8938587440710035 0.2496815955764549 0
1680 0.9033483615652502 0.2444593197473359 0
1681 0.7573394615221387 0.8983905137120587 0
1682 0.7566386201075932 0.8875096069252797 0
1683 0.7645234906386065 0.5101265758138854 0
1684 0.7572722612657101 0.9093909727035756 0
1685 0.5497504280377414 0.6817404649601562 0
1686 0.8625773837689031 0.5321207086283714 0
1687 0.8720019109051551 0.537637515489546 0
1688 0.8625973909093536 0.5431267465584005 0
1689 0.8719882136099056 0.5486403096151528 0
1690 0.8625606088555289 0.5541300541939668 0
1691 0.8719747092707317 0.5596432184217306 0
1692 0.8625068745299889 0.5651330393840339 0
1693 0.871966800483004 0.570620167477859 0
1694 0.8625121365684008 0.5761317150145171 0
1695 0.8719549753606949 0.5816515510577048 0
1696 0.8624680918934193 0.5871387584736646 0
1697 0.8719366305958571 0.5926600698400013 0
1698 0.8624610020472683 0.5981431456621182 0
1699 0.8719238407847022 0.6036569847262235 0
1700 0.8624255740722944 0.6091458395891457 0
1701 0.8719357802910916 0.6147081846209267 0
1702 0.8623788583149861 0.6201570092543761 0
1703 0.8719438719583378 0.6257430272286948 0
1704 0.8623671257926897 0.6311669476903816 0
1705 0.8719052659969706 0.6367036926553342 0
1706 0.8623458664517589 0.6421643515166205 0
1707 0.8718645597255503 0.6476767675498367 0
1708 0.8623301602157361 0.6531590607659039 0
1709 0.8718444528594441 0.6586812671400026 0
1710 0.8527849480773386 0.6476453956917606 0
1711 0.862321715562998 0.6641641175294369 0
1712 0.8718306886205399 0.6696852695626354 0
1713 0.8622986193994402 0.6751680705798313 0
1714 0.8718155248835375 0.6806890962348199 0
1715 0.8622893460628558 0.6861700914439189 0
1716 0.871813487597767 0.691669535173656 0
1717 0.8814605947451092 0.5761594247065176 0
1718 0.8811872194126206 0.6861971574886923 0
1719 0.88128087964337 0.6971578201244504 0
1720 0.8813957499245098 0.6422393773888353 0
1721 0.8814415996824481 0.6092276259355773 0
1722 0.8718272211188941 0.7026750542781411 0
1723 0.8813196918923534 0.7080967148648116 0
1724 0.8527313212360044 0.6806545006852621 0
1725 0.8907547793705488 0.7026313860671967 0
1726 0.890771616769405 0.7135276543378205 0
1727 0.8813489022400274 0.7190052291655661 0
1728 0.8908084675869756 0.7244302019338171 0
1729 0.8528502913722844 0.6144611435015687 0
1730 0.8813844993151023 0.7299060227914766 0
1731 0.8908415304276832 0.7353137486581068 0
1732 0.9002231905868663 0.7298488975617055 0
1733 0.9002761737259517 0.7406932393643783 0
1734 0.8908953515137366 0.7461736167251299 0
1735 0.9003178280138449 0.7515566337290338 0
1736 0.7153970814525588 0.4245600674759756 0
1737 0.6323388048565981 0.9089598413004925 0
1738 0.6231542880232607 0.9039151397801832 0
1739 0.683403021127245 0.4656452428282192 0
1740 0.6722440072895222 0.4582367922287505 0
1741 0.8909468955609925 0.7570245823442506 0
1742 0.9003699922665356 0.7624032696778071 0
1743 0.3448357349986523 0.9112028212450793 0
1744 0.3354739369961337 0.9059100917135625 0
1745 0.3353922202622701 0.8950668690088013 0
1746 0.3261091507606247 0.900604967971449 0
1747 0.3261853822882154 0.9114255096408809 0
1748 0.3168570950603027 0.9061407890708404 0
1749 0.533818991711734 0.5281409392290366 0
1750 0.7472485025484495 0.9024898744655907 0
1751 0.889067196256256 0.9092100067988509 0
1752 0.8983879595551683 0.9146177606457233 0
1753 0.9077622289103632 0.9092218980125268 0
1754 0.240701754843927 0.6906623180083408 0
1755 0.2507076868183641 0.6965389963082423 0
1756 0.662146841860223 0.7462660181135333 0
1757 0.5606559094394989 0.7350223603358497 0
1758 0.5504483620086621 0.7292117935576785 0
1759 0.5505202796832017 0.7409450720091242 0
1760 0.5403355862225359 0.7351521080095447 0
1761 0.5404124740418619 0.7468539106337354 0
1762 0.5302449836811998 0.7410777856959612 0
1763 0.5303233551093027 0.7527468655755254 0
1764 0.845556718440712 0.2867704481230485 0
1765 0.8358243289251879 0.2921587679675359 0
1766 0.8959600677249033 0.08589588910248375 0
1767 0.905871382296484 0.09188466827853192 0
1768 0.9062572394718287 0.1029198974695263 0
1769 0.7483312859639496 0.9146379962650628 0
1770 0.7451694057161483 0.4071126509686853 0
1771 0.520367144715349 0.7472963682738257 0
1772 0.5202914116393131 0.7586751020283058 0
1773 0.9096310997604945 0.7352265926367272 0
1774 0.7552970843116447 0.4013495734764149 0
1775 0.8769998049144048 0.086348466755306 0
1776 0.5922877582384416 0.1683183449523784 0
1777 0.6075564623296635 0.3953092754270948 0
1778 0.6231923012513046 0.9146757996849929 0
1779 0.6138808253599034 0.9094005181427501 0
1780 0.6937780263844542 0.4717398481644355 0
1781 0.7677849923631215 0.9149177201146943 0
1782 0.9098712903540509 0.493900667584749 0
1783 0.9099153919756243 0.4831105069310022 0
1784 0.5704867684991605 0.6574933914648476 0
1785 0.5599042326420862 0.6514790227691196 0
1786 0.8940786227923443 0.2388504683343348 0
1787 0.9035657346145975 0.2336466927415036 0
1788 0.08748670876247044 0.1530605176943943 0
1789 0.08750511509310299 0.1423040624959356 0
1790 0.4758954622089328 0.4451164401540826 0
1791 0.4759240181234898 0.43244289214016 0
1792 0.7522099523450735 0.08401260040772829 0
1793 0.9127957313033603 0.2392412561222574 0
1794 0.9130143965130706 0.2284715484757191 0
1795 0.2303244302841366 0.7309018771212409 0
1796 0.2202998881237334 0.7365446034710927 0
1797 0.8910028151203817 0.767871920543777 0
1798 0.9004253283620371 0.7732341130106859 0
1799 0.9097581320019664 0.7677975350912671 0
1800 0.9098114139851956 0.7785928918380671 0
1801 0.9004989991813743 0.7840453377845482 0
1802 0.9098797498273865 0.7893872353692755 0
1803 0.8815492690230974 0.7624920814461331 0
1804 0.9005730627234928 0.7948414780005371 0
1805 0.909957687050299 0.8001587046311623 0
1806 0.3169882890026711 0.9169134018186422 0
1807 0.3076217535127918 0.9116707680648655 0
1808 0.5204128384041687 0.735840696155019 0
1809 0.7614754572699335 0.08903125824999786 0
1810 0.1156248467343568 0.1803492008662957 0
1811 0.6833844162079581 0.4776757048100146 0
1812 0.6937399138057667 0.4837051815539859 0
1813 0.08662191558151217 0.2575361568938235 0
1814 0.08655726595023183 0.2467780593801295 0
1815 0.1163179384817843 0.08204688956347206 0
1816 0.1068950111115772 0.08758207643499782 0
1817 0.1725801354268047 0.08220375639917415 0
1818 0.1817955626904215 0.08736561465568354 0
1819 0.9006141579266514 0.4776396789546653 0
1820 0.9099758412849357 0.472355234301901 0
1821 0.3259481850734796 0.8897687822493565 0
1822 0.08578986916764364 0.700483945944562 0
1823 0.08570051645594534 0.7112488807426012 0
1824 0.9062664853122799 0.08153997872101509 0
1825 0.9149924632421841 0.08708822510734782 0
1826 0.8890475668526312 0.9199691323108962 0
1827 0.510243138697247 0.7530503721154238 0
1828 0.5102466708411219 0.7645209556658512 0
1829 0.7221330593336288 0.2323479239876813 0
1830 0.7221287439676553 0.2207905513600972 0
1831 0.7121584164481176 0.2265551513746993 0
1832 0.7121290234599913 0.2150585476927187 0
1833 0.7022057461663026 0.2207927494493771 0
1834 0.7021985405085912 0.2093192589150764 0
1835 0.6922611960637264 0.2150336175813508 0
1836 0.7121311904211481 0.2035972145762264 0
1837 0.9076857204617113 0.9200447819182165 0
1838 0.6707061799747394 0.2851649275058688 0
1839 0.6707371678258361 0.2733008007760099 0
1840 0.660491233769085 0.2792211169631544 0
1841 0.6605221601936083 0.2673980552306194 0
1842 0.6503017737435784 0.2733062982574507 0
1843 0.6504839081888774 0.2612990132068027 0
1844 0.6398752844085712 0.267394214582122 0
1845 0.6406415195144972 0.2549266036167265 0
1846 0.6297746703540787 0.2613780548801508 0
1847 0.6302001847695824 0.2495293340008137 0
1848 0.6198403715322152 0.2555417930562632 0
1849 0.7380197505467048 0.9092666024320449 0
1850 0.3137591233166927 0.3442671755060894 0
1851 0.2623751198714556 0.291131527226539 0
1852 0.2623349800613967 0.3028473037848087 0
1853 0.2522141140260163 0.2969609362630876 0
1854 0.2521894534470687 0.3086530326988733 0
1855 0.7017303788372082 0.3269860191493048 0
1856 0.7387095679620086 0.920018160916688 0
1857 0.651896645748777 0.7169692455310885 0
1858 0.6318805146847826 0.9197612956530965 0
1859 0.4649253771827918 0.4387292195795244 0
1860 0.464990499685473 0.4260658034350278 0
1861 0.4762028014476951 0.4198436199111878 0
1862 0.465037200231038 0.4134352544029122 0
1863 0.4762470940632746 0.4072527152589629 0
1864 0.4651633578867582 0.4009194922339717 0
1865 0.4762929508059212 0.3947102847517152 0
1866 0.4652532741864446 0.3884453903299155 0
1867 0.47630708594583 0.3822668150568505 0
1868 0.4652945784706873 0.3760423804212364 0
1869 0.4760080484681977 0.3698924933775036 0
1870 0.4545099417440638 0.3821886883865921 0
1871 0.454534722909013 0.3698078342823826 0
1872 0.4540939845429091 0.4197152035097361 0
1873 0.4438280790842118 0.3759390831919288 0
1874 0.4438962786677745 0.3636248187008153 0
1875 0.4332034994940026 0.3697240603139156 0
1876 0.6139222053717522 0.9201373862578698 0
1877 0.604599244732667 0.9148252786150906 0
1878 0.1724216788328711 0.3060727151871304 0
1879 0.6199203553233362 0.2439506481325172 0
1880 0.6098873676464224 0.2499659543401815 0
1881 0.6097433765945458 0.2614345602790188 0
1882 0.5996766185666718 0.2556381726704952 0
1883 0.5995741042033002 0.2672098306495092 0
1884 0.5896104258970694 0.2616267707096389 0
1885 0.5893991936427837 0.2730322928033537 0
1886 0.5793373517126694 0.2672933781217278 0
1887 0.5791974874348633 0.2788669417151135 0
1888 0.5690986570228367 0.2731166960623519 0
1889 0.5689188224528484 0.2846370137737386 0
1890 0.5588284807869143 0.2789565398556837 0
1891 0.5587649335684478 0.2906746130577498 0
1892 0.5485255531896724 0.2848213834307605 0
1893 0.5483999902024368 0.2964423999611909 0
1894 0.5382502042396493 0.2907207829293235 0
1895 0.558929436982234 0.2672192878832939 0
1896 0.5385127883065369 0.3021674524663267 0
1897 0.528035841268391 0.2966094785604352 0
1898 0.528005790773018 0.284792559535215 0
1899 0.5177406841800859 0.290729346904085 0
1900 0.9170205422498379 0.9146874598318001 0
1901 0.7424929739226676 0.07850154132363407 0
1902 0.9192432789250203 0.7946882397252935 0
1903 0.9193203594696608 0.8054381614666621 0
1904 0.3077941653387641 0.9224066879214941 0
1905 0.2984153652431439 0.9171864588423573 0
1906 0.298238257704162 0.9064337947833767 0
1907 0.2890187988499306 0.911966328911305 0
1908 0.7617354908397935 0.07903592331065568 0
1909 0.6314072791532708 0.2373810646701376 0
1910 0.2892248371205893 0.9226944192374877 0
1911 0.2798274362753906 0.9174997397657921 0
1912 0.7458476056677483 0.3954700704732744 0
1913 0.755486945140568 0.3897197268650145 0
1914 0.9192360883580011 0.488530950628633 0
1915 0.1631338190626478 0.07661827730307236 0
1916 0.903805506246204 0.2228602844365423 0
1917 0.9132716195015435 0.2176784169799826 0
1918 0.1070098163560579 0.07667810299402972 0
1919 0.09771408112741597 0.08202067416941816 0
1920 0.1818308585772365 0.07671439926916918 0
1921 0.1910886758385361 0.08195311987389675 0
1922 0.2507910528911991 0.6848917222765337 0
1923 0.2608406858305917 0.6907889979066343 0
1924 0.2607466270792286 0.7024747195433094 0
1925 0.2709319171669075 0.6966916170095467 0
1926 0.9154330137303037 0.07597967687896845 0
1927 0.5177649118820908 0.278877403541629 0
1928 0.5075035876337559 0.2847666821733124 0
1929 0.1627380286589345 0.576637206270922 0
1930 0.4332911271520516 0.3574441452075782 0
1931 0.4439253946055231 0.3513632343183364 0
1932 0.1141557413368071 0.6735078919651718 0
1933 0.1047460525733749 0.6680309975139378 0
1934 0.344587765406455 0.2792166930548995 0
1935 0.5003264381685191 0.7590688683591178 0
1936 0.5002528485040291 0.7703863357898384 0
1937 0.5286061580984102 0.3071525926264966 0
1938 0.8359930645922559 0.2810369197773686 0
1939 0.8262333326154649 0.2864376838659187 0
1940 0.8260657882161246 0.2976311200802689 0
1941 0.7708598846313147 0.08369987499922676 0
1942 0.7705083820682866 0.09391399123180999 0
1943 0.1624945051814154 0.5428510614641526 0
1944 0.1142148171383716 0.6626301404207412 0
1945 0.1048219818312133 0.6571630261734296 0
1946 0.09536448628454908 0.6625288996172416 0
1947 0.09544647272461781 0.6516830214752206 0
1948 0.1048577235023863 0.6463162851937274 0
1949 0.09550567719239028 0.6408613599357813 0
1950 0.1048976128581944 0.6354896065332107 0
1951 0.09554721845719816 0.6300375982908166 0
1952 0.08612469114972165 0.6461992939281255 0
1953 0.9222034795437474 0.2340572029961824 0
1954 0.1914441304911034 0.09260246248314419 0
1955 0.2004188394063636 0.08722965952881689 0
1956 0.2003566918572302 0.07652976809731799 0
1957 0.2096646622771027 0.08183703511343909 0
1958 0.2097151104673602 0.09257578778935044 0
1959 0.220614717157004 0.08537315469823187 0
1960 0.21939373811072 0.09751714902091407 0
1961 0.2298190312633822 0.09166743395531685 0
1962 0.2288120483731655 0.1029304621992633 0
1963 0.2385688872793655 0.09731311923507369 0
1964 0.2381090437770286 0.108357827102167 0
1965 0.2473825721001127 0.1030301055800839 0
1966 0.2474254770239194 0.1137881602147699 0
1967 0.256711456057361 0.1084646318570484 0
1968 0.2568360993046722 0.1192027103692719 0
1969 0.2661453646691498 0.1138617577976335 0
1970 0.266337444074836 0.1245475123393933 0
1971 0.275831989931785 0.1189558407476018 0
1972 0.2758927175853885 0.129864561694547 0
1973 0.2853977817623378 0.1242969551203386 0
1974 0.2855082512510041 0.135155906406938 0
1975 0.2947815463891361 0.129977195770587 0
1976 0.2948236845154315 0.1410270178160031 0
1977 0.3042767861811247 0.1355221976410658 0
1978 0.3045333825923162 0.1245796649337 0
1979 0.3137325027985447 0.1299930129253107 0
1980 0.3138277269892418 0.1409929087372827 0
1981 0.3233127052700707 0.1354096987768305 0
1982 0.3232734795890301 0.1245203288551546 0
1983 0.3327838772007114 0.1298325897378009 0
1984 0.3234263462367531 0.1464443537549597 0
1985 0.3326787564365773 0.1188746600551311 0
1986 0.342210730943026 0.1242411188291201 0
1987 0.3421026318027002 0.1133087137087782 0
1988 0.3515970986177004 0.1186397777056571 0
1989 0.2757335606894876 0.1078511382110069 0
1990 0.3515032114658525 0.1077686872209355 0
1991 0.3609727346541567 0.1130767046618326 0
1992 0.3516768318974527 0.1295237888174128 0
1993 0.3420812964621542 0.1023936302267222 0
1994 0.3608826864333768 0.1022457256772108 0
1995 0.3703472106387555 0.1075738728703687 0
1996 0.3702450833640105 0.09674511261557889 0
1997 0.3796964768068799 0.102065941209195 0
1998 0.3798101462864364 0.1129156816419699 0
1999 0.3891631610569433 0.1073853689456465 0
2000 0.3892785315700582 0.1182679604589806 0
2001 0.3986344697272006 0.1127002569451511 0
2002 0.3984993429759378 0.1018514543656164 0
2003 0.4079695574542178 0.1071418851619338 0
2004 0.4078373215473958 0.09632376431712281 0
2005 0.4172907130209547 0.1016143694469304 0
2006 0.2483332532296592 0.09177371920514971 0
2007 0.4171635118637443 0.09080798048697875 0
2008 0.4265980890716961 0.096093194027145 0
2009 0.4267362368594378 0.1069145096942281 0
2010 0.4362336034974943 0.1013721649406076 0
2011 0.4359218663671612 0.09057053667072779 0
2012 0.4455894974064562 0.0957473091872913 0
2013 0.3987433172934589 0.1236072528925453 0
2014 0.4077393949358938 0.08553123818683739 0
2015 0.4364307400261876 0.1122190679389011 0
2016 0.4452111537870815 0.08503738808501649 0
2017 0.4545630501920412 0.09028946662457765 0
2018 0.4543978465962096 0.07954251656622546 0
2019 0.4637811546120806 0.08477133554043975 0
2020 0.4643254922318737 0.09534043810827497 0
2021 0.4731939475773455 0.08999892528357917 0
2022 0.4729346519292094 0.07935017637985919 0
2023 0.4823959552104536 0.08447988809254026 0
2024 0.4830467275205421 0.09498578853531958 0
2025 0.4918210694296812 0.08966750714396771 0
2026 0.2843419655589014 0.1446043602360316 0
2027 0.2580599231504084 0.1301434990082134 0
2028 0.4918088396125541 0.07886356876274914 0
2029 0.5011372272871034 0.0840504114781126 0
2030 0.2170442463860725 0.07591770687854077 0
2031 0.5012330112466078 0.09485796772366423 0
2032 0.5104469307220439 0.0892913204584348 0
2033 0.5104260201609923 0.07847460127222927 0
2034 0.5197017701606729 0.08370283798016176 0
2035 0.5198659032502801 0.09446286467584852 0
2036 0.5290627311218338 0.08887990283930092 0
2037 0.5288601426772211 0.07814520526827984 0
2038 0.5382282959992603 0.0832857921498657 0
2039 0.6600116021102896 0.8155522400677098 0
2040 0.4450505489694683 0.07431394192895313 0
2041 0.5704162655918312 0.6453398865113709 0
2042 0.5598098649935607 0.6393147550386902 0
2043 0.5492819005217977 0.6454701380292055 0
2044 0.5491790530812034 0.6332578257511564 0
2045 0.5810009720623879 0.6513823020265896 0
2046 0.5386073207764558 0.6394418215739844 0
2047 0.5385289226682429 0.6271676871185667 0
2048 0.6833377305978608 0.4896605780736606 0
2049 0.8164229670182864 0.2918761263677975 0
2050 0.8162543332954577 0.3031440822791309 0
2051 0.06342801743539828 0.9220551493213534 0
2052 0.07818725416142458 0.1476884574291759 0
2053 0.07815521070123238 0.1583809767813049 0
2054 0.07819943562420995 0.1369622404219387 0
2055 0.5279172165920064 0.6333884959097995 0
2056 0.527840867054827 0.6210795861656098 0
2057 0.900675417108457 0.4668551748534281 0
2058 0.9100482636105354 0.4615558129091719 0
2059 0.9169387341073636 0.9254312448876434 0
2060 0.604643385958797 0.9255372084039286 0
2061 0.595331412501315 0.9202249756590808 0
2062 0.595284313827964 0.9095077008718195 0
2063 0.5860259367871349 0.9149323055261211 0
2064 0.6860190432329282 0.4414119294205315 0
2065 0.1049362082404441 0.6246653060908953 0
2066 0.09557497882242905 0.619222635190987 0
2067 0.0977469696643673 0.0712922476305291 0
2068 0.08848010011226959 0.07661475567119752 0
2069 0.586076779491869 0.9256380651944721 0
2070 0.5767859407407061 0.9203582677608473 0
2071 0.2888248647814222 0.9011927869177151 0
2072 0.9244404827447341 0.08174367099590052 0
2073 0.2800254474759842 0.928196234429024 0
2074 0.2706583202102932 0.9230188057158256 0
2075 0.693535237307335 0.4956888057921011 0
2076 0.4902007422871369 0.7646773040384953 0
2077 0.490251274058599 0.7761758531142794 0
2078 0.480221116409023 0.7704727663081715 0
2079 0.108640247063416 0.9268081701241003 0
2080 0.7022368771348646 0.1978986011896536 0
2081 0.7120786331758511 0.1922091111019681 0
2082 0.7710439350612541 0.07362227227755191 0
2083 0.3171496707376715 0.9276415520555888 0
2084 0.7293473888042402 0.9146215187351476 0
2085 0.7296252132830547 0.9044814684122815 0
2086 0.7288110870570601 0.9253402529031425 0
2087 0.07728981857300726 0.2522085930492826 0
2088 0.07722748203916985 0.2414782930322159 0
2089 0.0773415809047685 0.2629238802465761 0
2090 0.2302037135615445 0.7424123438489397 0
2091 0.2201794774658827 0.7480549382834314 0
2092 0.9006528527312564 0.8056388544271668 0
2093 0.07644728109009746 0.7058108373119545 0
2094 0.07635560353142035 0.7165860190378162 0
2095 0.08557881903307979 0.7219768428983282 0
2096 0.07626048062565927 0.7273409515425019 0
2097 0.08546560335732289 0.7326944128096161 0
2098 0.07614483778980252 0.7379882710572336 0
2099 0.08535261050549475 0.7434110837004435 0
2100 0.07602635153475029 0.7486700517351462 0
2101 0.08523486812128178 0.7541267841755617 0
2102 0.07591219337898047 0.7593800247425455 0
2103 0.08513109099185739 0.7648413358192446 0
2104 0.07579644338277108 0.7700858659500389 0
2105 0.08501400919845131 0.7755575604697293 0
2106 0.09438396111881703 0.7702958796063979 0
2107 0.09426580636147153 0.7810535945136208 0
2108 0.1036768819273592 0.7757766238371606 0
2109 0.08487832992067917 0.7862962539480139 0
2110 0.09413144671866025 0.7918153948332857 0
2111 0.08474146910013847 0.7970645271400338 0
2112 0.09399623829856563 0.8025796952956692 0
2113 0.08456080816167155 0.8079064744012304 0
2114 0.0938446470630071 0.8133969620064745 0
2115 0.103277251673583 0.8080759342002417 0
2116 0.08433363263397975 0.8188539655601588 0
2117 0.1031241601303591 0.818944163068124 0
2118 0.1126025073097707 0.8135887008768696 0
2119 0.1156590390205946 0.07149885495942815 0
2120 0.5379804191703756 0.07258050786503362 0
2121 0.5473635299260978 0.07770466586814434 0
2122 0.8529782690190114 0.5811113008732923 0
2123 0.07530077797733647 0.8023948832851938 0
2124 0.4226730181661831 0.3635030927417062 0
2125 0.4225312043324648 0.3758118532535373 0
2126 0.4802674903716327 0.7820034364651512 0
2127 0.4702474291396794 0.77632477034016 0
2128 0.9065552030878778 0.07191333230425528 0
2129 0.4870743712119973 0.3759595265566912 0
2130 0.623138984059555 0.8931805992636743 0
2131 0.2708336575043863 0.7084430133948312 0
2132 0.2810753660693665 0.7026240861726452 0
2133 0.5491331376626764 0.620979122009032 0
2134 0.5293174506068282 0.09965580423488729 0
2135 0.9246910809174431 0.07058319758432174 0
2136 0.6098180291674953 0.2381967724254848 0
2137 0.9040576192760328 0.2120826556923284 0
2138 0.9135156756706784 0.2069013853883334 0
2139 0.7800906811497446 0.07828539638361798 0
2140 0.7799170615067994 0.06762578967483635 0
2141 0.1821608131246896 0.3116917562023929 0
2142 0.182157248772246 0.3229385363126558 0
2143 0.4959793575080255 0.888128923732018 0
2144 0.50496537976126 0.8935413589547118 0
2145 0.496008839543656 0.899011101907651 0
2146 0.5054633823173607 0.904388668385752 0
2147 0.4961109807540167 0.9098336988105615 0
2148 0.5056069843317964 0.9151971597812024 0
2149 0.4962087802738019 0.920599737525766 0
2150 0.5056062246289349 0.9259232273482713 0
2151 0.4392342706698543 0.8993948858788452 0
2152 0.4061125451921663 0.2206318717121411 0
2153 0.4063132285690959 0.2088792781745869 0
2154 0.3962576769468237 0.2148384266465673 0
2155 0.3964264283320316 0.2031236295851701 0
2156 0.3863860628984407 0.2091188480092362 0
2157 0.3866697926410027 0.1972208695819572 0
2158 0.3765434184125708 0.2033835676237441 0
2159 0.39727409843772 0.1909787082531878 0
2160 0.5149600448459899 0.898200716581294 0
2161 0.2023258942949741 0.1642537716212622 0
2162 0.9262529221310092 0.9201151238793215 0
2163 0.9263448173441255 0.9093874545117699 0
2164 0.7460575998344351 0.383827919427749 0
2165 0.7556191158851017 0.3780858647499723 0
2166 0.5499668507968741 0.3070150975228431 0
2167 0.5768375319656531 0.9310301244885687 0
2168 0.7539491580584845 0.7285294242282069 0
2169 0.7540005832379231 0.7169313213718309 0
2170 0.7640451150020304 0.7227506852685646 0
2171 0.7640751543245949 0.7111750534852276 0
2172 0.7740710299555196 0.7169596507681066 0
2173 0.7741033384999706 0.7054352918952058 0
2174 0.784049675411076 0.7111945259789194 0
2175 0.7840779743705869 0.699704516530726 0
2176 0.7741532185678328 0.6939355458920332 0
2177 0.7841155457036431 0.6882180597214201 0
2178 0.7741926865587982 0.6824469921826573 0
2179 0.7841056036262156 0.6767385631470794 0
2180 0.7742856253687825 0.6709614703720526 0
2181 0.7841465739296414 0.6652533780168806 0
2182 0.7743582533664684 0.6594755221383656 0
2183 0.7842425601610693 0.6537751542866417 0
2184 0.1821412812009222 0.3004549619342973 0
2185 0.9261779344279572 0.9308000933017906 0
2186 0.7392751423589967 0.9307656082077126 0
2187 0.4364471101480261 0.2611887218258909 0
2188 0.4365099441175266 0.2729083461686157 0
2189 0.4753723612419248 0.5224280089236486 0
2190 0.433325308691864 0.3451970975378367 0
2191 0.4436729444487886 0.3395826146627834 0
2192 0.3768275214554351 0.1915116248285476 0
2193 0.3667093286606629 0.1976883488055522 0
2194 0.9285613313909472 0.7999942713710215 0
2195 0.9286370347913391 0.8106983884262305 0
2196 0.4768073675074837 0.8442317049165812 0
2197 0.4671260345619721 0.8387283205984846 0
2198 0.9007487681266599 0.456052955741148 0
2199 0.9101235787466008 0.4507380922246019 0
2200 0.9194128309094812 0.4563242655682542 0
2201 0.9194761047607451 0.4454428420547085 0
2202 0.9102242032931567 0.4399715629517545 0
2203 0.9195710020304673 0.4346778468601623 0
2204 0.910310491023399 0.4292308457025592 0
2205 0.9196508975414436 0.4239303060887721 0
2206 0.9103968851599779 0.418489559901242 0
2207 0.9197375308115343 0.4132034168284798 0
2208 0.9104850756825256 0.4077518912531427 0
2209 0.9198255730228998 0.402466529554334 0
2210 0.9105802142049881 0.3970119399173884 0
2211 0.9199196419917841 0.3917361282979331 0
2212 0.8913340512619603 0.4614077700713561 0
2213 0.496387153741349 0.9313070444733644 0
2214 0.8065639521535605 0.2973450290426326 0
2215 0.806394971956072 0.3086430390545121 0
2216 0.9291400797823215 0.3971744689985662 0
2217 0.9292296193172305 0.3864543283279722 0
2218 0.5646538689057875 0.5098069958840979 0
2219 0.7939911350407385 0.7054587638833926 0
2220 0.9288110993305055 0.4402195731751543 0
2221 0.7238331256770349 0.7694548709289513 0
2222 0.7238616488525638 0.7809475890286686 0
2223 0.7645746498884534 0.4985653593425009 0
2224 0.06891279125524508 0.1530470474142293 0
2225 0.0688856799015089 0.1636989307535937 0
2226 0.7839194316938787 0.8710534837288663 0
2227 0.5471065749279729 0.0670352440622749 0
2228 0.5564844381693984 0.07214536307474495 0
2229 0.8912341220694959 0.8002878807464682 0
2230 0.4909974966473859 0.7537880978893168 0
2231 0.1731105460570715 0.2037533543924968 0
2232 0.1730952156204376 0.215008961513458 0
2233 0.5809177787513015 0.6391819525029023 0
2234 0.5915763203791764 0.645249680325923 0
2235 0.5567525498263014 0.08281129838573958 0
2236 0.5658664870225952 0.07724567297957363 0
2237 0.8913238313927669 0.81116901831935 0
2238 0.0885095051335506 0.06593679635998762 0
2239 0.07924887457743734 0.07124607439655439 0
2240 0.2609197200414098 0.6791155594572321 0
2241 0.08647087554059851 0.2360385571659153 0
2242 0.07698758483128504 0.2310466870688532 0
2243 0.06790708962230718 0.2362273537367627 0
2244 0.06781708153600235 0.2255656524058916 0
2245 0.7190947283338476 0.9187127715081097 0
2246 0.7194568551495554 0.9304741404020309 0
2247 0.5655917273933436 0.06656497457390642 0
2248 0.5749802013187089 0.07167267249456222 0
2249 0.5752566105894228 0.08235522785668781 0
2250 0.5843635969687728 0.07674971341071107 0
2251 0.5505670762087946 0.7526522926946324 0
2252 0.5093986908047421 0.7753887835355078 0
2253 0.567561855621741 0.9257532678761166 0
2254 0.2708538238026338 0.9336917258204879 0
2255 0.2615097329674226 0.9285260065094798 0
2256 0.2613106767084085 0.9178568605983808 0
2257 0.2521542690768013 0.9233642573786518 0
2258 0.2523957761501 0.9340380345270889 0
2259 0.2430291417441015 0.9288944719773227 0
2260 0.2427958335084613 0.9182014018582966 0
2261 0.2336641534617724 0.923755667556185 0
2262 0.5075666840030445 0.2729481561900938 0
2263 0.1124533303133767 0.8244876616887411 0
2264 0.1219645006682783 0.8191493974220979 0
2265 0.7891994251854747 0.07271379109838699 0
2266 0.9200344160876626 0.3810301358725302 0
2267 0.9293344924566262 0.3757616392080709 0
2268 0.6832710743134802 0.5016795314536906 0
2269 0.6728986383070621 0.4956198139218896 0
2270 0.06660868027462619 0.7646078520723931 0
2271 0.5912997694219037 0.6935070857684341 0
2272 0.2821488419408433 0.5640993384135201 0
2273 0.5840783528219119 0.06609605289266279 0
2274 0.5934541062600791 0.07114840445878512 0
2275 0.505641357809081 0.9365976129640811 0
2276 0.693604882380773 0.5076000988439449 0
2277 0.585982465904249 0.9041775784805954 0
2278 0.4867148987702506 0.3637309260579504 0
2279 0.5777857904588104 0.2906995537371361 0
2280 0.2338784533889925 0.9344184323016715 0
2281 0.2245479167254456 0.9293012149435667 0
2282 0.07921865881791512 0.08192400991804105 0
2283 0.06999695207621448 0.07654644763811386 0
2284 0.07002617568076874 0.06589331004830096 0
2285 0.7939726790492422 0.7169024890638527 0
2286 0.8038550625429675 0.7111959714308003 0
2287 0.8037677687601048 0.7227188137489529 0
2288 0.1049678996316982 0.613835700616205 0
2289 0.09560713720039599 0.6084058780442805 0
2290 0.08626407374464667 0.6137642425597495 0
2291 0.08628349077256625 0.603010264946737 0
2292 0.07698101858375711 0.6083314401498692 0
2293 0.07700257193434584 0.5976129267089118 0
2294 0.1143577834922591 0.6192881354095394 0
2295 0.08629412044064944 0.5922734427846732 0
2296 0.07701920711329086 0.5868920977886648 0
2297 0.06773023060970512 0.6029458462296378 0
2298 0.7138752511555198 0.7752366899443968 0
2299 0.7139109052021242 0.786712625907471 0
2300 0.4485606250285952 0.9047646229452198 0
2301 0.4392537384222678 0.9102194248363651 0
2302 0.4486931024867059 0.9155423294367118 0
2303 0.4393623723226718 0.9209791304106724 0
2304 0.4487568484092581 0.9262719785723175 0
2305 0.4394327318848186 0.9316919236722176 0
2306 0.9043040413085991 0.2013076807507125 0
2307 0.9137522732193128 0.1961489053678995 0
2308 0.894837568334385 0.2064598975285765 0
2309 0.9229578319033948 0.2017789885874551 0
2310 0.9231917984171981 0.1909829893265143 0
2311 0.9140172424269525 0.185413169370356 0
2312 0.9234331560919686 0.1802651453673016 0
2313 0.8264280436811144 0.2752494755945656 0
2314 0.8362282836923719 0.2698241807524607 0
2315 0.70393562101449 0.7810133164111088 0
2316 0.9323757653898679 0.1966175613405167 0
2317 0.06996702249810588 0.08722510125953997 0
2318 0.2927699540009589 0.249868777361705 0
2319 0.2927744829008497 0.2382618744036072 0
2320 0.3028228629703917 0.244032974525565 0
2321 0.3027937436814568 0.232448437944781 0
2322 0.2927342409048946 0.2266764493360252 0
2323 0.3027350055697324 0.2209039717568934 0
2324 0.2927548203898157 0.2151648457480639 0
2325 0.3128531456595198 0.2381944668711681 0
2326 0.3044608843059697 0.2077730228326349 0
2327 0.1633877933214673 0.2093944804205562 0
2328 0.1633624709565052 0.2205850508556463 0
2329 0.1537053773461076 0.2149639081919971 0
2330 0.7238638274930563 0.7924123600487495 0
2331 0.713962385909946 0.7981488383562807 0
2332 0.7239878644107356 0.8038209988376669 0
2333 0.2102946879211934 0.7421914692562369 0
2334 0.2101773388014553 0.7536587570637987 0
2335 0.2003482344867537 0.747823332939384 0
2336 0.2002188140329204 0.7592266977270368 0
2337 0.1904450981072999 0.7534517799935232 0
2338 0.1903116570812542 0.7647789393493215 0
2339 0.1805599265559658 0.7590168774604151 0
2340 0.1804460138830902 0.7703087887214942 0
2341 0.1707526875789218 0.7645915941662378 0
2342 0.2001248710922109 0.7707532351149944 0
2343 0.1706382850748123 0.7758140414760142 0
2344 0.4972993190279528 0.3698988309217513 0
2345 0.7743795484847509 0.6479905075808254 0
2346 0.7842888834535424 0.6422813053181398 0
2347 0.2622953131933107 0.3145378968378687 0
2348 0.2521560242774341 0.3203397948550543 0
2349 0.7022657940950106 0.1865456629306519 0
2350 0.712070101283056 0.1808976262084578 0
2351 0.1730532402166064 0.2262112833485431 0
2352 0.7699027575753845 0.06371226554488663 0
2353 0.8311559574845377 0.103143277147402 0
2354 0.06711364803636266 0.7113355742030573 0
2355 0.06721923803543722 0.7004066086027831 0
2356 0.2622512824922457 0.3262249543212896 0
2357 0.2521129760087401 0.3320117296592382 0
2358 0.2621090449444378 0.3379082687203923 0
2359 0.252066958289059 0.3437222081403125 0
2360 0.2621105137918382 0.3495988600809857 0
2361 0.2520263628780243 0.3554041030679879 0
2362 0.2419510302727444 0.3495316549265358 0
2363 0.2420128168570397 0.3611723460217792 0
2364 0.2517980376533127 0.3668850944772621 0
2365 0.2417477150056429 0.3727586140208427 0
2366 0.2300949128164858 0.3660677917334785 0
2367 0.2314767936684182 0.3783723362381612 0
2368 0.2417006763970845 0.3843699409846968 0
2369 0.2317548047582166 0.3900672408262454 0
2370 0.2415997448561269 0.3959463471534191 0
2371 0.2316717472552015 0.4016647334833028 0
2372 0.2415421613525138 0.4074357562777818 0
2373 0.2316530041159569 0.4132245932897023 0
2374 0.2215570111747648 0.383807477856985 0
2375 0.2414739316930031 0.4187847315697376 0
2376 0.23142461354836 0.4247109295524319 0
2377 0.2219374543308198 0.4194633260429639 0
2378 0.2214035416505581 0.430478259034215 0
2379 0.2118854244660374 0.4252665871272056 0
2380 0.2114479880395703 0.436173683081309 0
2381 0.2515872374094911 0.4013812989873017 0
2382 0.9169334201127227 0.9361085516027682 0
2383 0.1633247575855272 0.2317790854348146 0
2384 0.1728784829378541 0.2376575376534045 0
2385 0.5172325365674204 0.6273240848105833 0
2386 0.5173178026835079 0.6396143413038062 0
2387 0.5171357417517829 0.6149853832836345 0
2388 0.9339449890057673 0.07586154215145058 0
2389 0.9337528262195133 0.08701321732527989 0
2390 0.9339321055527322 0.06512684221815801 0
2391 0.5676280840529832 0.9364076243004494 0
2392 0.1723868918100579 0.2948681002436038 0
2393 0.8435779393605206 0.4878754664359832 0
2394 0.4204931033772992 0.4902069877673072 0
2395 0.4119617125346235 0.3695820985162783 0
2396 0.4118261087251985 0.3819197647103379 0
2397 0.3659350607545173 0.2088878764891714 0
2398 0.4333842100366122 0.3331037061012319 0
2399 0.2717214174476107 0.5946972515759296 0
2400 0.7524523376473108 0.2731627436994852 0
2401 0.7524936681475147 0.2847928272165786 0
2402 0.7453823735917251 0.3721790124347428 0
2403 0.7354484992641439 0.3780289721600469 0
2404 0.7555932295276426 0.3664393292554202 0
2405 0.7643550087278845 0.6770012317240965 0
2406 0.8137005983047203 0.716909604551579 0
2407 0.8135829598741912 0.7283936726171296 0
2408 0.4488362940857424 0.9369483945986538 0
2409 0.2312384605237953 0.4361372136466156 0
2410 0.230086971015206 0.75393498787758 0
2411 0.2401426587292156 0.7482754055576424 0
2412 0.7890102516966313 0.06205546446612253 0
2413 0.7983072422220732 0.06719723311620907 0
2414 0.182109352825802 0.2892142780204926 0
2415 0.5377552840278839 0.06192426707962029 0
2416 0.9142845465022316 0.1746942653934027 0
2417 0.9236718671788876 0.1695589956209717 0
2418 0.2801795489526285 0.9388554009994565 0
2419 0.9145647211834501 0.1639916048296107 0
2420 0.9239596823860059 0.1588714298643145 0
2421 0.9330595298939862 0.1644133447993678 0
2422 0.9333431276943829 0.1537754913809432 0
2423 0.366691749612605 0.1863517824823263 0
2424 0.2930360577570955 0.2034565079687564 0
2425 0.7941982225207853 0.659403948407949 0
2426 0.935523128731625 0.9148094759943424 0
2427 0.935606485709999 0.904165175838022 0
2428 0.7102240833755828 0.9253702074290555 0
2429 0.7102563210998415 0.9359945670393532 0
2430 0.4438778454859761 0.3284142090243268 0
2431 0.5931575089378086 0.06051214382337305 0
2432 0.6025285820280046 0.06555951931126297 0
2433 0.6028244729118408 0.07620299794969804 0
2434 0.6118891073977822 0.07060393664850223 0
2435 0.1918874463428278 0.2947944606271156 0
2436 0.7654426054189551 0.3839797246594364 0
2437 0.8531489363893285 0.5478631586801869 0
2438 0.1609979376819404 0.7700867023525522 0
2439 0.6115845597169477 0.05997430790044944 0
2440 0.6209363596228582 0.0650029062121496 0
2441 0.4466462677997068 0.2669940203466215 0
2442 0.2809743109962794 0.7144366741436153 0
2443 0.2912522176851271 0.7086176167986861 0
2444 0.2913515598036448 0.6967654776721028 0
2445 0.3015801730913269 0.7027775252346091 0
2446 0.301670160336742 0.6908943764852193 0
2447 0.3119358837088832 0.6969249415295008 0
2448 0.7040759871279714 0.4897328490692426 0
2449 0.2247843454374081 0.9399182727001099 0
2450 0.2154538301481773 0.9348133111348345 0
2451 0.5177932611257786 0.267070232249486 0
2452 0.1055346367041413 0.3228256333373046 0
2453 0.09613282547743951 0.3174225009946074 0
2454 0.09614141005404775 0.328238694159744 0
2455 0.08678188739532644 0.32284637444363 0
2456 0.08679084935549486 0.3336135820100753 0
2457 0.07749052614100271 0.3282415001279116 0
2458 0.07748691162090088 0.338960366969728 0
2459 0.06831258789461714 0.3336133899945318 0
2460 0.06824029283200689 0.3442973327565458 0
2461 0.06820651671156686 0.3229347502374428 0
2462 0.07744423370480602 0.3496504770959599 0
2463 0.06822032043349202 0.3549957959099465 0
2464 0.07741722295557929 0.3603300958508316 0
2465 0.06819951191719809 0.365674197101672 0
2466 0.07741921684812958 0.371005322037713 0
2467 0.06817380766352843 0.3763179796259911 0
2468 0.07740206258528154 0.381673934655576 0
2469 0.06815353573645366 0.3869854703187302 0
2470 0.06775674090385608 0.6136880953384309 0
2471 0.5914813481589939 0.6329953949115321 0
2472 0.6021719551119195 0.6390947990485234 0
2473 0.724657964667715 0.4538567783146729 0
2474 0.8815010909936605 0.543150746535678 0
2475 0.8266303627618881 0.2640473710247141 0
2476 0.8364025017815192 0.2585768652107785 0
2477 0.2016409047005936 0.4304397314155572 0
2478 0.2014782276837871 0.4417435905556314 0
2479 0.203081703877327 0.4183723074890019 0
2480 0.3568221884917241 0.1921301036324127 0
2481 0.7140143886610832 0.809549690298157 0
2482 0.7240094653722602 0.8151710399006742 0
2483 0.2200172038751962 0.1085804387454965 0
2484 0.5859191546822813 0.4324393483179766 0
2485 0.5859517337228736 0.4450047824403697 0
2486 0.5967950833901157 0.4387081422635812 0
2487 0.5968304049475256 0.4512156390246519 0
2488 0.6076204489838434 0.4449539487941355 0
2489 0.6076557166940908 0.4574030705316002 0
2490 0.6417425025055632 0.8602178612299753 0
2491 0.507639220968131 0.26117968305725 0
2492 0.5177970308595193 0.2553532264172877 0
2493 0.7852572511910707 0.4193112738384595 0
2494 0.08630696016784117 0.581549943969635 0
2495 0.07702359101076217 0.5761955161711086 0
2496 0.7012191106676868 0.9310683103571115 0
2497 0.9201449326665853 0.3703401648022861 0
2498 0.9294557884511967 0.3650938910274301 0
2499 0.2213065804758184 0.634000307909856 0
2500 0.2312976838673443 0.6282931828703526 0
2501 0.1221006744234334 0.8082226370724302 0
2502 0.1315106137393666 0.813807515299047 0
2503 0.3893680554326236 0.129183015832075 0
2504 0.3988900526532148 0.1345814146437898 0
2505 0.9378194119406402 0.8052886397501824 0
2506 0.9378991118981526 0.8159396547748499 0
2507 0.9287341010004848 0.821358371197716 0
2508 0.9377763848341703 0.7946283482807263 0
2509 0.9379817930337666 0.8265688997468328 0
2510 0.9288545650901663 0.8319982101086594 0
2511 0.9380798393917582 0.8372059233676905 0
2512 0.9289557990867128 0.8426364922120581 0
2513 0.938180997920895 0.8478496961267583 0
2514 0.7010769570825885 0.9414082271089907 0
2515 0.6920711526230752 0.9364829753685127 0
2516 0.5066399920986171 0.6335689177233941 0
2517 0.5069502957067492 0.6454803863311904 0
2518 0.9384344895773067 0.3918910109705415 0
2519 0.05967351539904053 0.1583563146680447 0
2520 0.0596438722845975 0.1689882593191855 0
2521 0.06884211823322856 0.1743409146653653 0
2522 0.05961634039182012 0.1796132545108966 0
2523 0.4395605083738879 0.9423545835260017 0
2524 0.4302889271218105 0.9370950555314144 0
2525 0.8268513537798992 0.252877523312615 0
2526 0.8368753660224426 0.2478813682390726 0
2527 0.5770739490382673 0.9416943269277034 0
2528 0.6728624767789302 0.5076852814596889 0
2529 0.6624251023565002 0.5016002244871189 0
2530 0.926120165618441 0.9414430618609395 0
2531 0.07690728536212904 0.2212721339749272 0
2532 0.2334491245288809 0.9130484537748907 0
2533 0.4964706126921903 0.9419603296579089 0
2534 0.5583617006149367 0.9311403176139275 0
2535 0.5582824960122076 0.9204733537156488 0
2536 0.06079492235325901 0.07117671255630054 0
2537 0.0608233831451796 0.06056042615482671 0
2538 0.5582068266735806 0.9413769127293378 0
2539 0.7453310069723962 0.3605339118751494 0
2540 0.7556416140682563 0.3547841275102408 0
2541 0.3013761572149531 0.1956948326385153 0
2542 0.2156760966134189 0.9454188677984012 0
2543 0.2063622664756201 0.9403265644773575 0
2544 0.2061312125612672 0.929701944496924 0
2545 0.1970591716279549 0.9352360519265575 0
2546 0.3026844052011745 0.6364953956354387 0
2547 0.2922309162090034 0.6308853655563907 0
2548 0.3131658304786933 0.6424900436917683 0
2549 0.3232332977902111 0.6370063596916034 0
2550 0.3232821291575869 0.6490256737989351 0
2551 0.3336050492811056 0.6431345703258268 0
2552 0.3335218393652133 0.6552263904939872 0
2553 0.3440112856159062 0.6492572590493236 0
2554 0.3441325578143279 0.6608586296325354 0
2555 0.3545316321948166 0.6552973409544158 0
2556 0.3545513612780122 0.6432038676284946 0
2557 0.3556907909264936 0.6675801319507277 0
2558 0.9148694960382004 0.1533534566447531 0
2559 0.5534037123705492 0.3885064293494623 0
2560 0.5534342425883599 0.3761287129521352 0
2561 0.07738412731962535 0.3923479332859502 0
2562 0.06812668959598545 0.3976450408437241 0
2563 0.8235579511887784 0.7221040233878766 0
2564 0.8234661269637678 0.733865865033259 0
2565 0.163280549052369 0.242971948142551 0
2566 0.3650945617758255 0.6493448087077849 0
2567 0.3651338308651522 0.6371305092469481 0
2568 0.7140703030424914 0.8208643579742034 0
2569 0.7240927204260321 0.8264558851674095 0
2570 0.7141946015965199 0.8321035189207761 0
2571 0.7241196328183501 0.8376756086920089 0
2572 0.7142477156065168 0.843304376682264 0
2573 0.2420793434726747 0.3144377682564472 0
2574 0.08055036381161135 0.9430328053534375 0
2575 0.4767921497923046 0.8330946428185201 0
2576 0.4670743351892596 0.8275622249230332 0
2577 0.4573657094127986 0.8332744462850906 0
2578 0.4573289277278842 0.8220227468364063 0
2579 0.4476118783013068 0.8277566583369022 0
2580 0.4473494130355488 0.8168520650384474 0
2581 0.4377821973881424 0.8222468257877211 0
2582 0.4377913730297437 0.810899634550831 0
2583 0.4279757415424839 0.8166380538812325 0
2584 0.427736009798056 0.8057077235537777 0
2585 0.4181419667261509 0.811110043611343 0
2586 0.05867082600612517 0.2309161901085136 0
2587 0.9431939765767305 0.08110386830421618 0
2588 0.9430944217021495 0.09203607893808802 0
2589 0.417850659186036 0.8001900936363322 0
2590 0.4083078223997147 0.8055498323373305 0
2591 0.4084159669002289 0.8167987239446941 0
2592 0.3986049915914155 0.8112273085715507 0
2593 0.1721187405978685 0.6280416627971472 0
2594 0.114387727129841 0.6084132461926131 0
2595 0.1916902301674048 0.4359895066398966 0
2596 0.1915907399961898 0.4473118317136979 0
2597 0.2013516076215469 0.4530854659805497 0
2598 0.1914750421547963 0.4586432220968083 0
2599 0.8334543983087107 0.5148220671060068 0
2600 0.05897523692034951 0.3384635362162629 0
2601 0.5056833901470578 0.9472287170564023 0
2602 0.8818519801982787 0.8057641079742016 0
2603 0.8819462697572168 0.816704191267819 0
2604 0.6392800363137644 0.2792344942434943 0
2605 0.05892975368587605 0.3923024082989589 0
2606 0.058907936504146 0.4029272621350529 0
2607 0.06807891016010903 0.408287354801368 0
2608 0.05887092423714424 0.4135503614050846 0
2609 0.06802918613381281 0.4189091576546175 0
2610 0.05883645030407836 0.4241541503859448 0
2611 0.06799128269953419 0.4295338463466423 0
2612 0.05879716251973421 0.4347803704221592 0
2613 0.06781160826630733 0.4401500123046145 0
2614 0.05871935051645266 0.4454314664289615 0
2615 0.06774081404316318 0.4507753436368402 0
2616 0.0587189396882532 0.4560512857398243 0
2617 0.06777353566294009 0.4613971124663873 0
2618 0.05869664728532292 0.4666721184379364 0
2619 0.06774737869086112 0.4720180537447075 0
2620 0.05867427004293535 0.4772928715933414 0
2621 0.06770808133692297 0.4826386366537952 0
2622 0.05863631643338002 0.4879133525533589 0
2623 0.06770005809478408 0.493259124987082 0
2624 0.05861292465186912 0.4985336895467796 0
2625 0.06763154007455191 0.5038791501270586 0
2626 0.05856993017406642 0.5091536862084509 0
2627 0.06765731794571012 0.5144993231947317 0
2628 0.05878083861430061 0.5192203548119135 0
2629 0.06767607925844538 0.5250268828060923 0
2630 0.05728946605546081 0.5300116480218287 0
2631 0.7981273664034227 0.05655296827956613 0
2632 0.8074016956160772 0.06171152777642552 0
2633 0.2400249939711485 0.7598332638428182 0
2634 0.2501138036764521 0.7541696318163966 0
2635 0.4012606303194645 0.3756982074315609 0
2636 0.4016218348274161 0.3632819991116596 0
2637 0.4011033739038904 0.3880464602404219 0
2638 0.05847705414905568 0.6082200250966407 0
2639 0.05851211161550424 0.6189539077371755 0
2640 0.4973060111426465 0.357611659448233 0
2641 0.3987138016132535 0.8224992573338746 0
2642 0.3889020748628321 0.816949957389562 0
2643 0.2012494190050438 0.4644316816565679 0
2644 0.1913607971529367 0.4700015719280525 0
2645 0.7743876174636293 0.636516876355842 0
2646 0.7843323088318841 0.6308173119994782 0
2647 0.7644734351799307 0.6424545543578719 0
2648 0.1218174781719903 0.8300578316490623 0
2649 0.1122918530910429 0.8353816440850077 0
2650 0.7462432167431695 0.348895488661131 0
2651 0.7557622157572883 0.3433457084495762 0
2652 0.7657664296200969 0.3490747098770925 0
2653 0.745755663490734 0.3372501902845689 0
2654 0.9284657636733696 0.85328064759011 0
2655 0.938180527449749 0.8584893221975343 0
2656 0.6999618488549539 0.9210700188322718 0
2657 0.9189434065410946 0.8480028009746874 0
2658 0.1238127877472659 0.613891699905144 0
2659 0.4303709620715119 0.9477122711676101 0
2660 0.4211608420815087 0.9424912027999293 0
2661 0.775000199798288 0.4476413054018918 0
2662 0.05796026600146881 0.705670731206557 0
2663 0.05804462328713211 0.6950551575787861 0
2664 0.4272915877013514 0.7943978951515243 0
2665 0.3894260306454111 0.1401767869083181 0
2666 0.3990425521892277 0.1455947724465617 0
2667 0.6122025997539062 0.08127007287746868 0
2668 0.7238965726348241 0.8488412236038608 0
2669 0.7342570871678105 0.8432667818551582 0
2670 0.7142746314280695 0.854435081609594 0
2671 0.9424219569801929 0.1592956514619361 0
2672 0.942679386025555 0.1486870351491271 0
2673 0.9012008170100186 0.4023064366125049 0
2674 0.08630956936032097 0.5708277603182744 0
2675 0.7545225022658806 0.504330956234194 0
2676 0.7652364118498367 0.3375802866634438 0
2677 0.7757269464058798 0.3433756682885821 0
2678 0.3118076075492368 0.7088059695119715 0
2679 0.3221856762336761 0.7029647962286203 0
2680 0.9202551814569154 0.3596541897294533 0
2681 0.929568851131787 0.3544293465576168 0
2682 0.9387319351168071 0.3598488341247766 0
2683 0.9388420340757466 0.3491894024109197 0
2684 0.9296952926098763 0.3437789972970549 0
2685 0.9389665852469072 0.338551548492469 0
2686 0.929832958360382 0.3331383779417403 0
2687 0.9390956238632898 0.3279131073138291 0
2688 0.9299654327347076 0.3225037113339853 0
2689 0.9392265912794622 0.3172796197298454 0
2690 0.620616859220955 0.054398598387845 0
2691 0.629969232715295 0.05941010975143102 0
2692 0.9109310782346353 0.3649047794990017 0
2693 0.4464078900091072 0.2792246491868637 0
2694 0.6919009285463075 0.946748751618455 0
2695 0.6827153040719947 0.9414819601984901 0
2696 0.1972961307516395 0.9458369402852469 0
2697 0.1880034260727795 0.9407649438377892 0
2698 0.6183621950585556 0.451107622838737 0
2699 0.6183884481897897 0.4635087239878831 0
2700 0.6076976212454599 0.4698093329787497 0
2701 0.6187333208312101 0.4761460943320705 0
2702 0.1610986494160934 0.7589191689549875 0
2703 0.151374859856635 0.7643961030105375 0
2704 0.08749061755746523 0.1315734150585479 0
2705 0.9169450226900107 0.946716321077349 0
2706 0.9447503280803092 0.9095514829519977 0
2707 0.9446796345161814 0.8991820581542883 0
2708 0.4334707335325618 0.3211957951134636 0
2709 0.4229854230305876 0.3269183564246178 0
2710 0.7218604669571782 0.1865226069825492 0
2711 0.7218429005446951 0.1752499600364129 0
2712 0.7104189257682471 0.9464145175314107 0
2713 0.6183976535823188 0.4387671543776571 0
2714 0.6608771516566925 0.2554801858426057 0
2715 0.7022897528426024 0.1752636985385403 0
2716 0.6925231292704026 0.180888745919724 0
2717 0.8137127065793601 0.7055765475147747 0
2718 0.3890062343398145 0.8282005211698646 0
2719 0.3792139332528514 0.8226695935692978 0
2720 0.3793204330205295 0.8338867463868123 0
2721 0.3695547949326851 0.828375312743777 0
2722 0.369658977562936 0.8395616029859226 0
2723 0.3599200835803376 0.8340663247616198 0
2724 0.3600193579985094 0.8452223726041536 0
2725 0.3502934876984916 0.8397381931184339 0
2726 0.9473407875378117 0.8424762600761312 0
2727 0.4644703369559119 0.4899506586835009 0
2728 0.4866498176590535 0.3523692562865874 0
2729 0.2828963524063603 0.2093976237638744 0
2730 0.282896480871466 0.1979952687746006 0
2731 0.9446995785440251 0.9201499469688623 0
2732 0.5647578416048356 0.8500611676327483 0
2733 0.5303566048717655 0.7643897966218849 0
2734 0.4751104055544869 0.1801244524932136 0
2735 0.8323423211330571 0.8873895230728106 0
2736 0.4360184758199014 0.2033434280384294 0
2737 0.6032418432942912 0.8274124552050504 0
2738 0.5426110890474982 0.4965234402694437 0
2739 0.3973152334243942 0.5161524766262472 0
2740 0.08672423454106293 0.3115211525965512 0
2741 0.2622298235431137 0.4840254591027522 0
2742 0.722931820244439 0.6028610059516613 0
2743 0.3036397943213537 0.4604928801255874 0
2744 0.7649403238405759 0.578325343556357 0
2745 0.2249858966251062 0.9505076364887537 0
2746 0.6409802267660462 0.7577857182862274 0
2747 0.9288947302419218 0.4186431266307741 0
2748 0.2218150545206606 0.542185833118098 0
2749 0.7918066948382739 0.1807330022717691 0
2750 0.6139382760124354 0.93085243969231 0
2751 0.3608132212340872 0.09142474043185217 0
2752 0.3701283420042364 0.08595045205492718 0
2753 0.3607558826983079 0.08064493680815393 0
2754 0.3699902803133813 0.075203984089873 0
2755 0.3606874266346037 0.06994193575886837 0
2756 0.3698673066600831 0.06452313880650595 0
2757 0.3606151847847537 0.05927073651261838 0
2758 0.3514393164127616 0.06467056940089222 0
2759 0.369753988943369 0.05389688241868801 0
2760 0.3513621726879886 0.05405171797599601 0
2761 0.3422341264691925 0.05941143471959698 0
2762 0.3789965801126833 0.05910712625098169 0
2763 0.5145646842269158 0.1578672617970343 0
2764 0.09773083836053975 0.06062251838695409 0
2765 0.601603933040879 0.1297680532477492 0
2766 0.4898997566542498 0.787267516403963 0
2767 0.6679125005076163 0.1014370893431361 0
2768 0.7935015946774492 0.8207920985754596 0
2769 0.1733616297657963 0.147500537578537 0
2770 0.06679226671698107 0.743313039362091 0
2771 0.1620364988031986 0.678558682631774 0
2772 0.7942124613519915 0.6365759726162026 0
2773 0.794265203643629 0.6251527007145048 0
2774 0.8041104950276685 0.6308773516627955 0
2775 0.8041536418288604 0.6194864000326663 0
2776 0.05895107413399864 0.3709659138757694 0
2777 0.1918606689933381 0.2835109577737368 0
2778 0.2016892216922589 0.2891231523667641 0
2779 0.7031839180110881 0.6396610914543752 0
2780 0.8813386123766099 0.6642269352779299 0
2781 0.6825166127048374 0.7343914648967866 0
2782 0.6811594527298264 0.2672853794909407 0
2783 0.9095979595540865 0.7244537326933519 0
2784 0.9189302464422605 0.7298090728451905 0
2785 0.9189103455406119 0.7190832016707542 0
2786 0.9281877844289096 0.7244441532346722 0
2787 0.9281707346067339 0.7137463390247004 0
2788 0.9282308083782523 0.7351186047118116 0
2789 0.937437419364513 0.7297743064803048 0
2790 0.9374830170955182 0.7403970131317209 0
2791 0.9466450338854369 0.7350479603788447 0
2792 0.9466830729994202 0.7456153273536503 0
2793 0.922015093368301 0.2447652856043718 0
2794 0.9313695326877812 0.2395981490001523 0
2795 0.9311719429665829 0.2502599720438862 0
2796 0.9404817042619809 0.2450985301705997 0
2797 0.9404606837949738 0.2553952094171721 0
2798 0.9407050434022932 0.2344885694879996 0
2799 0.3449595148376639 0.3270690093465173 0
2800 0.6706736682798525 0.3454282736178004 0
2801 0.3559536975225691 0.4902952148606625 0
2802 0.946620754126474 0.7244696628012097 0
2803 0.05968978865624663 0.147741155856822 0
2804 0.9191874290449441 0.4992839890113018 0
2805 0.928496137657244 0.4939758356413487 0
2806 0.9284577924967357 0.5046412503406896 0
2807 0.93769638484398 0.499316359248908 0
2808 0.9376657977768144 0.5099603151989441 0
2809 0.9377603414714386 0.4887138051529107 0
2810 0.682565692963343 0.5788837774800655 0
2811 0.06805742036106921 0.2576244154494971 0
2812 0.06809084832871537 0.2682748930954548 0
2813 0.0588613093869651 0.2630082757554124 0
2814 0.05889182575768626 0.2736119149550756 0
2815 0.8309897636878496 0.1918825896060992 0
2816 0.2420596062238391 0.2555061379968462 0
2817 0.7033827931464439 0.6874469018719126 0
2818 0.31261235065042 0.2150922577893552 0
2819 0.0866650718455938 0.3870254562078455 0
2820 0.0884923857797803 0.05530916159083676 0
2821 0.4201868092524148 0.5549903647212362 0
2822 0.5750986341393607 0.4513244838380077 0
2823 0.400611016285524 0.7484482978501639 0
2824 0.2521758770815844 0.8451968100079481 0
2825 0.2900462752033989 0.822748052525665 0
2826 0.2136370722896068 0.8685095246053385 0
2827 0.3233744935649124 0.113628969668302 0
2828 0.06776033953567706 0.5815515218786396 0
2829 0.5633167158058573 0.1524194136159638 0
2830 0.5837448987119487 0.05548717933052627 0
2831 0.9247261542348353 0.0598392535736747 0
2832 0.9339026411169373 0.05448748711752216 0
2833 0.9431237763994721 0.05972456054533998 0
2834 0.3543849136168663 0.9164285602781493 0
2835 0.853787000540303 0.3925491012015698 0
2836 0.7221523865127504 0.2909407140204718 0
2837 0.723879979817418 0.7112921551773346 0
2838 0.602117531398597 0.6268114165739376 0
2839 0.6127705693582841 0.6329305319278182 0
2840 0.6128205897891382 0.6451899511046947 0
2841 0.59140010105397 0.6206941858156991 0
2842 0.6234058800017793 0.6390424109266908 0
2843 0.6232968383327928 0.6512733307303477 0
2844 0.8035650912569181 0.792057315766758 0
2845 0.8533925816415185 0.4259544705851204 0
2846 0.801718700475607 0.2091804593263658 0
2847 0.5468404782670898 0.05640479216025818 0
2848 0.5791320061566467 0.2564085331791833 0
2849 0.8406142174647382 0.1304518280063275 0
2850 0.2710612115314236 0.9443213617720709 0
2851 0.4542188645337497 0.06884050560010124 0
2852 0.4449312717511548 0.06363807276959188 0
2853 0.4540462396416282 0.05819510478497048 0
2854 0.4447879028341414 0.05301073428844572 0
2855 0.4356843433396951 0.05843262023087892 0
2856 0.1537172930417404 0.2038285410347957 0
2857 0.1440956119438339 0.2093824142638873 0
2858 0.350187068778561 0.8285640930103624 0
2859 0.5242285281232469 0.1522245902655917 0
2860 0.5143572931085182 0.1464078106554341 0
2861 0.9336330828553128 0.1431526056301031 0
2862 0.9429567174362652 0.138078655675744 0
2863 0.1812818041938632 0.7014208530046777 0
2864 0.1347887663819913 0.1255719847671031 0
2865 0.8320054492503202 0.8432061664757189 0
2866 0.6026733568939505 0.7812349878782777 0
2867 0.4876943134122486 0.4009430649231888 0
2868 0.3136414439096825 0.4900535737205572 0
2869 0.7135037703074878 0.573336488088484 0
2870 0.5865246068194623 0.5603039205979445 0
2871 0.1823958631842631 0.5536711687185371 0
2872 0.9024966838463103 0.2871906213483768 0
2873 0.1149193888941333 0.5374479693335296 0
2874 0.7018195080523758 0.3390531052528676 0
2875 0.4492113342586896 0.9475859553398274 0
2876 0.4521451549333533 0.7073185718689239 0
2877 0.4624741535273872 0.7014123307066641 0
2878 0.8249592882917115 0.3638896138429263 0
2879 0.8151690890894736 0.3694174291206908 0
2880 0.8176194731637063 0.2576024983455684 0
2881 0.1802940963945676 0.7815568535515487 0
2882 0.1707869139282859 0.7865555517613642 0
2883 0.1801985725227084 0.7927105842054781 0
2884 0.2723446335895404 0.5134401947008296 0
2885 0.3652680262636919 0.458552570305348 0
2886 0.8876461577286952 0.1140374506309842 0
2887 0.5074472854497641 0.2966192349913298 0
2888 0.4972000973955698 0.2906462542000706 0
2889 0.6302889151061672 0.07001946948789717 0
2890 0.6393118043439121 0.06441722525041865 0
2891 0.6389833227417516 0.05382194722981337 0
2892 0.6483169849182213 0.05881273428522743 0
2893 0.6614146744929046 0.6030452683289502 0
2894 0.8950694516594901 0.1956596069321624 0
2895 0.8855608694208721 0.2008435784944563 0
2896 0.8914021471133069 0.4505517370937538 0
2897 0.8819462747260397 0.4559407717754534 0
2898 0.9284403673176775 0.5152792030686321 0
2899 0.9376503393354236 0.5206131258407276 0
2900 0.9284613385050786 0.5259242599018774 0
2901 0.9376298847091065 0.5312285480843673 0
2902 0.928452730250095 0.5365617360371309 0
2903 0.9376163905080336 0.54186483017516 0
2904 0.928448530047464 0.5472015449895397 0
2905 0.9375978181864497 0.552493030274782 0
2906 0.9284360279038696 0.5578404350964944 0
2907 0.9375840053227766 0.5631317743719495 0
2908 0.9284426923744515 0.5684810026821392 0
2909 0.937594232814441 0.573815596032745 0
2910 0.9284081716648783 0.5791314607122083 0
2911 0.9375249264700029 0.5844627911940999 0
2912 0.9284195757807696 0.5897733955467115 0
2913 0.9375066267151283 0.5951053752934892 0
2914 0.9284597875862837 0.6004152905318629 0
2915 0.9374928903780038 0.605747229085329 0
2916 0.9283962409926447 0.6110570076347484 0
2917 0.9374713699765798 0.6163889602503815 0
2918 0.9284291361211782 0.6216987757163609 0
2919 0.9375103978996768 0.6269916840026829 0
2920 0.9284262597739795 0.6323340840029225 0
2921 0.9375077747465073 0.6376259211985003 0
2922 0.9284166082849499 0.642973598285784 0
2923 0.9375046618790421 0.6483144993066757 0
2924 0.9282985932659874 0.653622807924682 0
2925 0.937486682993765 0.6589492076208431 0
2926 0.928267198132415 0.6642648092543153 0
2927 0.9374790486399855 0.6695789455015594 0
2928 0.9467831735731769 0.5791545360273618 0
2929 0.9466632128744187 0.6642792607493515 0
2930 0.9466620733131021 0.6748696959941849 0
2931 0.946708267347079 0.6427931899793836 0
2932 0.7625385284018633 0.27894796713372 0
2933 0.5402384197049335 0.7234115126276817 0
2934 0.5437188576269584 0.8271124052701411 0
2935 0.5147194423036999 0.1915342681801379 0
2936 0.5830677367960152 0.8047069558239053 0
2937 0.3641751352374569 0.3027577818237351 0
2938 0.1725297737555699 0.1035355838114435 0
2939 0.6412708217459571 0.8040683835009815 0
2940 0.4528196214289821 0.63543400759345 0
2941 0.4201714353089283 0.6032930015672118 0
2942 0.8845873097457483 0.2440663181699997 0
2943 0.1149844070167809 0.4935338205916815 0
2944 0.8513811610321379 0.8655450720533076 0
2945 0.871913114456992 0.7245118503643934 0
2946 0.8153578076182453 0.3582575810220673 0
2947 0.3140944757864069 0.1517186231671832 0
2948 0.3235661783776169 0.1574730828510239 0
2949 0.5536131511318849 0.1912992610342074 0
2950 0.5634940753011191 0.1968561834935271 0
2951 0.5536669149539225 0.2026237426059886 0
2952 0.5635662703752918 0.208228914022503 0
2953 0.5734001838858114 0.2024327352382335 0
2954 0.5537466773286871 0.2140184272979675 0
2955 0.7887906554055195 0.0832396876478691 0
2956 0.2425955783837561 0.9074826511015712 0
2957 0.4701493645928586 0.7648360150829744 0
2958 0.9469972320249458 0.7999288453131868 0
2959 0.94693557658187 0.7893381434059294 0
2960 0.1919295884864948 0.3173114376740696 0
2961 0.1919208664787347 0.3286344967283865 0
2962 0.04494724780985404 0.9326917634397834 0
2963 0.6316463400768989 0.7288433524921686 0
2964 0.1150393170756185 0.4495588828449897 0
2965 0.6723694754619144 0.6811523556815127 0
2966 0.3005604850637236 0.7716360443867331 0
2967 0.2906121865718956 0.7774035858420155 0
2968 0.2905281365870631 0.7659979811014103 0
2969 0.7625859761787656 0.2905477928119741 0
2970 0.09466072083745652 0.7382746197585712 0
2971 0.1530131540249474 0.3841282862307742 0
2972 0.8246819995836228 0.3975271386181338 0
2973 0.34541763933951 0.4228170639086818 0
2974 0.1434709615024792 0.4330373591750821 0
2975 0.1431157585552575 0.5100346077232109 0
2976 0.1142499213172683 0.6409349072082314 0
2977 0.2214973903151624 0.5996732030240927 0
2978 0.7644674022141953 0.5331054110964569 0
2979 0.9467313553065921 0.6217211050642866 0
2980 0.1370091080407366 0.8779256550983802 0
2981 0.5277896156290069 0.6087251574797867 0
2982 0.5170232064892673 0.6025805032006244 0
2983 0.5277634471146526 0.596288895986702 0
2984 0.5169075208995041 0.590119789950155 0
2985 0.5062232764116974 0.5964666114262961 0
2986 0.5060296316188323 0.5839582604690166 0
2987 0.2218846697631168 0.8284345148690262 0
2988 0.238933401014087 0.1194044119274054 0
2989 0.176688108150782 0.8574354069454998 0
2990 0.4084421546100524 0.1399501475081388 0
2991 0.4086526941652985 0.1510228193278615 0
2992 0.418123907815917 0.1453509352636358 0
2993 0.4183360646620225 0.1564494273284179 0
2994 0.4278804859143041 0.1507934024722412 0
2995 0.598774976569856 0.2789180847080674 0
2996 0.9012328774500693 0.4237857249178458 0
2997 0.2023198900432922 0.1530990791229505 0
2998 0.2119682714439035 0.1586373859084354 0
2999 0.9467206632719951 0.599819168339075 0
3000 0.4974983464747235 0.2669996789820633 0
3001 0.9471480850454616 0.8210085967117814 0
3002 0.1693331168071615 0.7980481418604272 0
3003 0.05049956970696201 0.1530266908302794 0
3004 0.05051646188417108 0.1424592263488478 0
3005 0.2713528489406517 0.7995933201295247 0
3006 0.4117864833603061 0.3943041902497073 0
3007 0.4010090945820525 0.4004632320529111 0
3008 0.8072453970963307 0.05112061704920734 0
3009 0.8164814933181298 0.0562521402028931 0
3010 0.4971385264403535 0.3025277286007905 0
3011 0.2208242724638387 0.6791607300975998 0
3012 0.537531090073663 0.05129756359857013 0
3013 0.7891709422789843 0.05186010925246709 0
3014 0.9468219032453944 0.5472303815136018 0
3015 0.09768741063869951 0.05001774351446109 0
3016 0.9469075166156211 0.4940248337976963 0
3017 0.9469646577611563 0.4834578083085772 0
3018 0.4117530335740072 0.4067449534578591 0
3019 0.4009297781058607 0.4129552269611717 0
3020 0.4117104281941593 0.4192404590491356 0
3021 0.9479767989952737 0.3545298143761718 0
3022 0.6112924498331884 0.04938479807864971 0
3023 0.280294042376666 0.9494640730986132 0
3024 0.9468483765202635 0.5257671793415475 0
3025 0.2312179250814739 0.6398198779023776 0
3026 0.2412586868496607 0.634128163936466 0
3027 0.6301009361737886 0.1236765507033676 0
3028 0.5077011804395353 0.2494793273317675 0
3029 0.04820886114433531 0.5142535206582446 0
3030 0.05858605940476591 0.2202952252293582 0
3031 0.8161012287259269 0.3144392286909513 0
3032 0.7545820874393789 0.4926985521251432 0
3033 0.3888018113498113 0.8056920139754533 0
3034 0.948239171235771 0.3331245362592868 0
3035 0.4051979271649079 0.2784013989112605 0
3036 0.9051661536666347 0.1691152225689254 0
3037 0.5846571761558427 0.08745589023245159 0
3038 0.5755155047782194 0.09308381805299826 0
3039 0.05163999114858964 0.06584468389149045 0
3040 0.05168583122010906 0.0552615565799659 0
3041 0.0515923809069303 0.07641268217974456 0
3042 0.9497644277616588 0.2399658418636006 0
3043 0.9499981161998639 0.2294096044951357 0
3044 0.2911285875526305 0.7204426568610415 0
3045 0.2011424352502384 0.4757860544599041 0
3046 0.1912532224217897 0.481344280798693 0
3047 0.335287539720993 0.8842001369279512 0
3048 0.3257706691640113 0.8788791373197704 0
3049 0.5276783466294199 0.5837984733075668 0
3050 0.5385623141824496 0.5899957710311523 0
3051 0.1061762977148354 0.1857147755302808 0
3052 0.8310536644967131 0.2031111724697891 0
3053 0.5174375495141568 0.2440289542627514 0
3054 0.4354864964738082 0.04796907539614514 0
3055 0.4264610556008032 0.05325695460263302 0
3056 0.1238524884862797 0.60295831961686 0
3057 0.1332029946309407 0.6082496391035213 0
3058 0.1331657072194934 0.6185338595282243 0
3059 0.3404092348859533 0.7485737996720812 0
3060 0.9430569727391944 0.04915433432112309 0
3061 0.188264222964173 0.9513333381846822 0
3062 0.1789825032305922 0.9462825749160719 0
3063 0.3421649981182733 0.04883496376805802 0
3064 0.3330284774908744 0.05417433478408323 0
3065 0.3330995282938257 0.06475684537291032 0
3066 0.3238782357128219 0.05951546423687776 0
3067 0.3239434865104869 0.07013304639972245 0
3068 0.3147212366535193 0.06486783794624784 0
3069 0.3146316509364296 0.05425372151184804 0
3070 0.3055031127519577 0.05960087668564978 0
3071 0.3055479843421056 0.07022473399358792 0
3072 0.2963316812206083 0.06493222695957657 0
3073 0.2963009327827288 0.05433373767808941 0
3074 0.2871392078131755 0.05964425458697586 0
3075 0.6925373357328271 0.1696315833680702 0
3076 0.6828033393830685 0.1752308900895723 0
3077 0.3904278760442703 0.3820737801174807 0
3078 0.06083604943706655 0.04998188657977892 0
3079 0.04966981718448532 0.4186527704578871 0
3080 0.9247154294648995 0.04920184854766785 0
3081 0.5148409269508554 0.9418939539441717 0
3082 0.4624531455318099 0.7132989446042877 0
3083 0.4727752905816286 0.707393291484704 0
3084 0.4727936472371937 0.6954960981369005 0
3085 0.4831140894591774 0.7014850715251064 0
3086 0.4831419246503829 0.6895517447434758 0
3087 0.4934839250972264 0.6955616150242723 0
3088 0.1968077706621953 0.9245941335215511 0
3089 0.1787113779101858 0.9356928506021664 0
3090 0.1696826579293931 0.9412316163432997 0
3091 0.2871082653766373 0.04906509172487228 0
3092 0.277948086801087 0.05436285600783408 0
3093 0.2922896596581906 0.6417283775901732 0
3094 0.8407201716107087 0.1974440292121546 0
3095 0.04972611648048786 0.3976126577780797 0
3096 0.2110584659310328 0.4702023190816858 0
3097 0.6719726051571854 0.6329864401284034 0
3098 0.1699543752093664 0.9518019249093033 0
3099 0.1606716565019204 0.946765827854489 0
3100 0.0956265001460167 0.5762035153709257 0
3101 0.9284487747292405 0.8639194181137724 0
3102 0.5149124703374034 0.9205490388755503 0
3103 0.704807233393932 0.8038825778846865 0
3104 0.7943326546667004 0.613755395342096 0
3105 0.8042129476323053 0.6081073342632073 0
3106 0.7238627958842853 0.8599492992631794 0
3107 0.7142947896964988 0.8654926509859779 0
3108 0.496601569589717 0.9525532532412588 0
3109 0.9522393886252436 0.05436948491522137 0
3110 0.06776897230661433 0.5708699075452961 0
3111 0.05854763943471764 0.5762048643148467 0
3112 0.5148876727979356 0.9524724932144892 0
3113 0.1975639416056785 0.956394336611008 0
3114 0.520077966008898 0.1052718000539336 0
3115 0.5295713376794813 0.1104819984427222 0
3116 0.04952615659214915 0.4503733643459197 0
3117 0.277973134291215 0.0649485131882116 0
3118 0.2687960391019198 0.05965819076895984 0
3119 0.2687790883586106 0.0490844366846992 0
3120 0.2596355342723332 0.05436391233973914 0
3121 0.08855733639304914 0.04471624557466342 0
3122 0.05044304952436862 0.1742515237084501 0
3123 0.05041590523488954 0.184844804997449 0
3124 0.7744599580491688 0.6251113868918994 0
3125 0.3756920719419155 0.6433171038696394 0
3126 0.375760271371225 0.6310729037373313 0
3127 0.3756119584170514 0.6555126890129161 0
3128 0.3651688518543947 0.6248850653718232 0
3129 0.3758296299219843 0.6187839829330083 0
3130 0.3652204583820591 0.6125816955580653 0
3131 0.3759068649182098 0.6064803571915707 0
3132 0.365287527930109 0.6002847483767518 0
3133 0.3759730232983975 0.5941731301852613 0
3134 0.3653510300687628 0.5879771712215358 0
3135 0.3760362508118841 0.5818637678786358 0
3136 0.3653984704130331 0.5756517740408652 0
3137 0.376096383120649 0.5695508985918419 0
3138 0.3654705057234066 0.5633329979710439 0
3139 0.3791761608399574 0.048522570274454 0
3140 0.400868293858592 0.4254597177688502 0
3141 0.411653677551622 0.4317395784952422 0
3142 0.04953372265438394 0.471474386286819 0
3143 0.9282618509182865 0.674909038650545 0
3144 0.1440679403922575 0.2205236022754675 0
3145 0.1344434748006689 0.2146232468749685 0
3146 0.8407778047869311 0.2086163145543258 0
3147 0.6078043504711304 0.4822877217446 0
3148 0.619259597951515 0.488793788923351 0
3149 0.6623931268952867 0.5136889107031986 0
3150 0.6728493843327954 0.5197670936956453 0
3151 0.952475424106361 0.08627432983666311 0
3152 0.9523223241027177 0.09719271806719321 0
3153 0.9191657260483227 0.6285062759924007 0
3154 0.04946985181724822 0.4925816729410872 0
3155 0.6828503852590112 0.9517495080668638 0
3156 0.6735640453149598 0.9466916345916718 0
3157 0.04969787525906616 0.2683493785444581 0
3158 0.04973439309586886 0.2789281900652399 0
3159 0.6479652580950099 0.04824898413290407 0
3160 0.6572978993378495 0.05322365805073626 0
3161 0.9260880647436605 0.9520443511766148 0
3162 0.9352568546478207 0.9467874851336049 0
3163 0.1316400326215809 0.8028351670144238 0
3164 0.6700839785561643 0.8984359297630774 0
3165 0.1242325246490893 0.2573364395990219 0
3166 0.5083863755266811 0.3637433649504437 0
3167 0.5093660846274737 0.3759003468295853 0
3168 0.460245682373432 0.7706081820400251 0
3169 0.3303764664950363 0.7888422220237175 0
3170 0.5080036036950722 0.3515081948244533 0
3171 0.629082759574831 0.4448440562068844 0
3172 0.6290957876543284 0.4326065299150191 0
3173 0.486853541456658 0.2965312879777865 0
3174 0.421603333044597 0.9532250821266475 0
3175 0.4121222477977767 0.9478913553884267 0
3176 0.04946621661048506 0.2256512062487938 0
3177 0.369437852625594 0.8171550379242459 0
3178 0.4867997518322594 0.3084501405824754 0
3179 0.4538823373722345 0.04760784557334102 0
3180 0.4632268007748187 0.05293611678702037 0
3181 0.0772886116265078 0.4137090726349973 0
3182 0.2712561127570603 0.954895119447543 0
3183 0.9191468021418254 0.5956751278171422 0
3184 0.85272288198756 0.6917069536840682 0
3185 0.04879369048283944 0.7003600058312867 0
3186 0.04891347522314365 0.6897261536590384 0
3187 0.0486276545466543 0.7114173757060074 0
3188 0.05809995315384286 0.6844791531454958 0
3189 0.04897476993566752 0.6791421102711834 0
3190 0.9339186344966877 0.1325422624774115 0
3191 0.06245407782205481 0.9538880701279167 0
3192 0.4080468228557037 0.7954715448585465 0
3193 0.04927763424190768 0.6135393321623728 0
3194 0.04925331137953343 0.6241142704858347 0
3195 0.1609539724418924 0.9573010278667948 0
3196 0.1516777310657564 0.9522828279219537 0
3197 0.07821357465960704 0.1262452219217964 0
3198 0.5734904779723126 0.2138487379337362 0
3199 0.5833130037443517 0.2080434422404178 0
3200 0.1798442182816441 0.8039750702914141 0
3201 0.1702413332241232 0.8098987987925635 0
3202 0.189862138637197 0.7986186174186091 0
3203 0.9191690814105717 0.5636983923628908 0
3204 0.3405523159132507 0.8342555110921489 0
3205 0.3568037913579444 0.1808213440668726 0
3206 0.3470244695983583 0.1864894543351163 0
3207 0.1723485151055002 0.2836371304249217 0
3208 0.4953042428972747 0.5903269750750983 0
3209 0.4951260198009176 0.5777710548638837 0
3210 0.5059563473318719 0.5713836151792184 0
3211 0.115988353896583 0.1041019616333146 0
3212 0.3761532653232668 0.5572396529209165 0
3213 0.3655210839225471 0.5510463229245059 0
3214 0.3548654967766775 0.5571326374921097 0
3215 0.3553267901460067 0.5443252433917454 0
3216 0.3443888243527601 0.5508550072225873 0
3217 0.3447149719405296 0.538273586486978 0
3218 0.3338922398639871 0.5446771635827496 0
3219 0.3339370945576722 0.5325633532534301 0
3220 0.3233703710741008 0.5386333236436114 0
3221 0.8136445446449666 0.7397277402922697 0
3222 0.8234945054320928 0.7451504000041419 0
3223 0.8331961897485489 0.7395009741982398 0
3224 0.8331215609197862 0.7507204266187579 0
3225 0.9561072117823382 0.7945466207226596 0
3226 0.9560375137591033 0.7840212823070813 0
3227 0.3128889536141314 0.2497892381207755 0
3228 0.3229420398363543 0.2439405728391576 0
3229 0.7316084860499549 0.1808602464270808 0
3230 0.7315687566371003 0.1696076260917986 0
3231 0.721848181257938 0.1640040986378972 0
3232 0.7319517650832978 0.1584779610496427 0
3233 0.7413009300626781 0.1639869969538061 0
3234 0.7412708786231014 0.1528310478816544 0
3235 0.7508827075948663 0.1583485069451174 0
3236 0.7508366013144128 0.1472334536112929 0
3237 0.7604715243280682 0.1527437413890618 0
3238 0.7604306454743962 0.1416506374338818 0
3239 0.7703210296081512 0.1475600674934373 0
3240 0.7700498725436867 0.1361652178259164 0
3241 0.9517140051081946 0.15417777449788 0
3242 0.9514699062582601 0.1647727664330126 0
3243 0.7938077714325558 0.7288473826713018 0
3244 0.4210516016414834 0.9319038143626114 0
3245 0.7340264823753015 0.8208240872377184 0
3246 0.0589152026240235 0.2841924563159359 0
3247 0.04976245187413392 0.2894819341408334 0
3248 0.05815892830831854 0.6739094310472183 0
3249 0.04904471638821278 0.6685619290799234 0
3250 0.3895336849978082 0.151225700604076 0
3251 0.8162807219087094 0.04568468539539938 0
3252 0.8255170709388369 0.05079796068945075 0
3253 0.8724337911962522 0.8112920961102978 0
3254 0.8725192578414546 0.8222328690615539 0
3255 0.8820466653324952 0.8276158522447938 0
3256 0.8723586916739421 0.8003333328702853 0
3257 0.2721233460446237 0.3319845869867174 0
3258 0.3470226017395577 0.1978084169892935 0
3259 0.1820858425025785 0.5883132806427398 0
3260 0.8338819770223806 0.4483203236677156 0
3261 0.1905638338876442 0.7420447949130792 0
3262 0.6576584092818627 0.06380050512392094 0
3263 0.6666317861643469 0.05818895924936351 0
3264 0.6663117196436155 0.04762341265134584 0
3265 0.6756265207076348 0.05256681293741772 0
3266 0.6759814351405747 0.06315041370617536 0
3267 0.6849485202481026 0.05752199902233718 0
3268 0.6845732770243822 0.0469563973143492 0
3269 0.6938942440966395 0.05189780304844088 0
3270 0.05176776146314105 0.04460858752474461 0
3271 0.9557869322134802 0.7297282930447975 0
3272 0.9560700850110124 0.719690982055801 0
3273 0.6922677199723782 0.2265160732166625 0
3274 0.6823372911295009 0.2207565419869397 0
3275 0.6294413743113099 0.4696525939627751 0
3276 0.121659801539666 0.8409719166780156 0
3277 0.1121290482052547 0.8462733600295933 0
3278 0.1311197542796111 0.8356507956875552 0
3279 0.38634079609172 0.2206211244658152 0
3280 0.5174263478520784 0.6517824389816368 0
3281 0.3901609300352414 0.4066172955490175 0
3282 0.7944963507627507 0.5271006230592042 0
3283 0.4262632579843672 0.04283498238524786 0
3284 0.4949911403837819 0.5651571008223008 0
3285 0.546586644288763 0.04582159749678838 0
3286 0.8262741944330407 0.06107350748346974 0
3287 0.835084491903209 0.05547938341310993 0
3288 0.8345860658543626 0.04529038142643116 0
3289 0.8438812348214669 0.05037815320375433 0
3290 0.8443111417555548 0.06055840532135437 0
3291 0.8531348518340945 0.05545706474162981 0
3292 0.4280240644334346 0.1619103201513326 0
3293 0.4375829024483183 0.1562256678546267 0
3294 0.123622037038952 0.6681189778284997 0
3295 0.2331968004217373 0.9022767200245045 0
3296 0.2424317109069544 0.8966920700568273 0
3297 0.7525640033539011 0.2964000059164527 0
3298 0.6495083043816839 0.3210931902179124 0
3299 0.8270481221185911 0.2416527394048797 0
3300 0.4085143525527652 0.8280520534442961 0
3301 0.639660247068462 0.07505411417633423 0
3302 0.1815064318798706 0.4755836090958012 0
3303 0.181392690507639 0.486917083791453 0
3304 0.1911259070094651 0.4926603788828237 0
3305 0.1812643922412291 0.498201226365338 0
3306 0.08658733801291152 0.3657659910108821 0
3307 0.9538833163811609 0.9149039229842802 0
3308 0.9538416248409888 0.9254475454026594 0
3309 0.8235295091951782 0.7563588866379592 0
3310 0.8331375183021558 0.7619330382830996 0
3311 0.8139589817056551 0.6251670024035185 0
3312 0.8139188224350534 0.6365380215104719 0
3313 0.7047137474658838 0.8600170819963999 0
3314 0.7047539634220805 0.8710348816032536 0
3315 0.4764890754455265 0.3024349884209957 0
3316 0.4873688603328034 0.9473118813614161 0
3317 0.2016578803378718 0.3231055842135786 0
3318 0.2017254029868039 0.3343269138278453 0
3319 0.1918987809429683 0.3399896389554353 0
3320 0.1423551274735061 0.7231258881207805 0
3321 0.1326601762876251 0.7283863816194126 0
3322 0.4172711317523544 0.0480904561378418 0
3323 0.2619023053483495 0.553216626864188 0
3324 0.2413249344964387 0.6225467162010496 0
3325 0.7846054717928824 0.4872488552578417 0
3326 0.280830219615061 0.7261619770506624 0
3327 0.8462112227236549 0.2532061633634033 0
3328 0.8076043695417062 0.07233384969639634 0
3329 0.1244637749158949 0.3779016575681419 0
3330 0.07675163417626774 0.4351451820211706 0
3331 0.296362624582474 0.07557745989148967 0
3332 0.09769870210922477 0.09271137257133621 0
3333 0.8528607244200881 0.04498746798209602 0
3334 0.8621100213456646 0.0500541328080284 0
3335 0.07655837893104711 0.5096140726914641 0
3336 0.07709987167895249 0.4575898749714645 0
3337 0.7050514043274896 0.8265400640289688 0
3338 0.3512438365869047 0.04340228433138016 0
3339 0.6203220741046508 0.04383663072334065 0
3340 0.4867318645560011 0.9260150220867949 0
3341 0.07702290743178797 0.4773650498952009 0
3342 0.05856214870038884 0.565565317249442 0
3343 0.0493937963152784 0.5708404405895556 0
3344 0.04955892072896884 0.5600066964392267 0
3345 0.8430595946942565 0.7446984069035028 0
3346 0.06801496658982864 0.5597745346480582 0
3347 0.4963038193415669 0.6393961876420203 0
3348 0.9205454357413072 0.3383428831148306 0
3349 0.2729905121453289 0.2037306301393513 0
3350 0.2729981525740808 0.1923616350483922 0
3351 0.282788168588367 0.1866721942858069 0
3352 0.2729677617306829 0.181032041040959 0
3353 0.9351949141021128 0.9573407278225103 0
3354 0.9444029120964764 0.9520421793979309 0
3355 0.1693926315257925 0.9306217778556453 0
3356 0.7444841395730337 0.4984755180864973 0
3357 0.744454869922678 0.5101153452313567 0
3358 0.9190251025313756 0.648690513358829 0
3359 0.9520202826455517 0.04411166609236949 0
3360 0.6740175511105646 0.9584002081896978 0
3361 0.6644751593603183 0.9522043677605279 0
3362 0.6643892504471755 0.9414829339967711 0
3363 0.6552633058195976 0.946812602005016 0
3364 0.8985438588089789 0.882155582895657 0
3365 0.6020872063409071 0.6144791524722166 0
3366 0.5913552901250597 0.6083475057421488 0
3367 0.9190133601301166 0.6695738233717892 0
3368 0.4629634450626497 0.04223472666613065 0
3369 0.4722821602077049 0.04754282784578473 0
3370 0.4865900239831135 0.9044894452886838 0
3371 0.1345983790212355 0.1697057936273899 0
3372 0.9169115783677411 0.9572765594957366 0
3373 0.9078068271754731 0.9519881703257348 0
3374 0.7038907554215232 0.769515418335727 0
3375 0.6939440405075206 0.7753152296955386 0
3376 0.4830739647426144 0.7133879726383915 0
3377 0.1818337753522964 0.4415524826681764 0
3378 0.9560784589986785 0.488771393940483 0
3379 0.9561375211307769 0.4782371612259372 0
3380 0.9300993151637493 0.311870143989169 0
3381 0.9393709267802319 0.3066844585152884 0
3382 0.9484933092426669 0.3120858899516454 0
3383 0.9486150087094811 0.3015017671309867 0
3384 0.939527283271425 0.2960964700602516 0
3385 0.948773751455447 0.2909480335261646 0
3386 0.9207966732142738 0.3170780655737053 0
3387 0.8726128497365684 0.8331760551045028 0
3388 0.6397697840060969 0.4387011558257603 0
3389 0.6397503914666105 0.4264608594203066 0
3390 0.4601119033886372 0.7591278184042696 0
3391 0.4501536319290964 0.7649345086887485 0
3392 0.2499621489695233 0.7657587490379943 0
3393 0.2398939224107699 0.7713951440435777 0
3394 0.8466902290478112 0.2425807776878545 0
3395 0.8062401816278895 0.3199488722839265 0
3396 0.7964914532934226 0.3141549761479209 0
3397 0.2119416866943561 0.1475154113885809 0
3398 0.2023243816497711 0.1419916223159082 0
3399 0.2215970506920054 0.1530376752657269 0
3400 0.2216243198251692 0.164166761336053 0
3401 0.2316768204856377 0.1585622063886209 0
3402 0.2596422584513868 0.0438199384361132 0
3403 0.2505077196561937 0.0490781716473716 0
3404 0.2962489110200441 0.04377146071594906 0
3405 0.4568112712827023 0.2728901499314422 0
3406 0.4567884249008747 0.2610847702803332 0
3407 0.9191774493032835 0.542146705126159 0
3408 0.3328955520053766 0.04360713282163087 0
3409 0.7521963478900862 0.21500447486772 0
3410 0.8055471874554485 0.3636925228635511 0
3411 0.805358292378221 0.3749742541413305 0
3412 0.8630111472475854 0.420055543645356 0
3413 0.2513359661806615 0.6284025071951531 0
3414 0.2511792021190894 0.6398645263605721 0
3415 0.9191916850260512 0.6799348320133651 0
3416 0.8431285901681062 0.6861660341141061 0
3417 0.1819095772823762 0.4302661391938486 0
3418 0.9590131072117154 0.2348607692394363 0
3419 0.9592403505734117 0.2243464850190781 0
3420 0.9587972456016335 0.245393443714621 0
3421 0.1338039446982026 0.2843604708779185 0
3422 0.6128653749936459 0.6574196459963966 0
3423 0.6229814108067371 0.6635931226843299 0
3424 0.8858010253814484 0.1899887083169534 0
3425 0.6552907410622157 0.9573543216564339 0
3426 0.6461493147791064 0.9521061217571863 0
3427 0.2016541519068608 0.2777891295203367 0
3428 0.2115255762287603 0.2834362467820211 0
3429 0.1918047425444857 0.2722152271642568 0
3430 0.06879442227981192 0.1849869565798205 0
3431 0.7799238972478255 0.1420677654210414 0
3432 0.7796139637198076 0.1306532981867583 0
3433 0.2122549107211283 0.238118195610288 0
3434 0.8828351941101273 0.3423979345253704 0
3435 0.4290297398971242 0.8614079535370274 0
3436 0.5200212745424381 0.3583015669153542 0
3437 0.662427909875173 0.5257873870570029 0
3438 0.6519641084198984 0.5200083666200264 0
3439 0.672846054735083 0.5318441244283236 0
3440 0.9558223425822774 0.6696022187304057 0
3441 0.9558006820661075 0.6801548681590821 0
3442 0.3055935956404261 0.08089089555558426 0
3443 0.133270635664298 0.5974577925106637 0
3444 0.1428638911092315 0.6020957795166513 0
3445 0.6911165758232212 0.9564554593375985 0
3446 0.7325779516995461 0.1478600695978224 0
3447 0.2017209114029256 0.3456578500309651 0
3448 0.1918825052411237 0.3513222402193054 0
3449 0.9468950582103579 0.778789618810234 0
3450 0.9560555463934042 0.7731668801361227 0
3451 0.7891822857659571 0.1361246191682992 0
3452 0.7890931740017816 0.1250530889385597 0
3453 0.7986282052256953 0.1305070609892111 0
3454 0.7985699830930428 0.1195263785893477 0
3455 0.8070918850774973 0.04057106620011908 0
3456 0.6338594745586781 0.645142630918865 0
3457 0.6339707903507639 0.6329012636979547 0
3458 0.1908999052395478 0.5038053133816623 0
3459 0.1810572870812361 0.5093356331884119 0
3460 0.1912364050220694 0.5144256254046473 0
3461 0.2631907435968069 0.1866992849509254 0
3462 0.2631747992638901 0.1754116700712053 0
3463 0.3348863106947521 0.8732869192930971 0
3464 0.3254478455427767 0.8681627329037287 0
3465 0.3161721221710464 0.8735920249942666 0
3466 0.3158814711510581 0.8628462487756715 0
3467 0.3065694635433824 0.8682644533332775 0
3468 0.3062679186588542 0.8574992884201672 0
3469 0.2970036877062052 0.8627922802621584 0
3470 0.6934959357534559 0.04137174638252794 0
3471 0.7028077915736912 0.0462828060499908 0
3472 0.7032167838345541 0.05682749259675463 0
3473 0.7121368945087033 0.0511918499991994 0
3474 0.7117282098935123 0.04067081309905507 0
3475 0.7210391557660537 0.04556195040254818 0
3476 0.487476994220232 0.9578698483768042 0
3477 0.423064400892429 0.3149218425921904 0
3478 0.4125970887838493 0.3208307245978295 0
3479 0.7347715056959433 0.3542366574831574 0
3480 0.04257865593471333 0.04997966249906149 0
3481 0.2529816164917692 0.1810213131753914 0
3482 0.210829349349945 0.4813848482941146 0
3483 0.5240016593470883 0.9471722229690208 0
3484 0.5240258378015775 0.957717155708241 0
3485 0.9443078428824139 0.9626530018790026 0
3486 0.9534853132697778 0.9573445388384809 0
3487 0.7639912404474415 0.8038091396697815 0
3488 0.7640476048537812 0.8151458530425808 0
3489 0.4933363135381834 0.683897377977432 0
3490 0.5036421016567088 0.6899824703395271 0
3491 0.4310870774027148 0.958366937853903 0
3492 0.3548008224534389 0.5816816787852578 0
3493 0.9578266396706634 0.2963444691701146 0
3494 0.957980798318627 0.285821543173254 0
3495 0.8821473571705541 0.8385438868962547 0
3496 0.3862159569480265 0.6494981107445006 0
3497 0.3861293403820372 0.6616650069169723 0
3498 0.3140467510719605 0.1616021359714614 0
3499 0.527951319886948 0.2490985237062207 0
3500 0.4764336884360682 0.3143879962638152 0
3501 0.04129903283306502 0.1795151353865083 0
3502 0.04125672654574353 0.1900451210301038 0
3503 0.04247213963160457 0.07109764503341082 0
3504 0.04228445272002501 0.0822921703714023 0
3505 0.05818110198358151 0.6633391608707366 0
3506 0.04909594757641489 0.6578827387235484 0
3507 0.7445413842067801 0.4868329812100175 0
3508 0.7546547715517483 0.4810608513109245 0
3509 0.7125652662199307 0.06175559159694 0
3510 0.5422275096534176 0.4578075996214293 0
3511 0.1062318506314867 0.1422657545183931 0
3512 0.04965465676161446 0.2577818644891242 0
3513 0.04933531491686644 0.5814311769754473 0
3514 0.464869552440402 0.451429793963949 0
3515 0.4538895058075124 0.4450301466495848 0
3516 0.4130576941354551 0.958640374559008 0
3517 0.4031481906579336 0.9533088460284826 0
3518 0.4029139870084931 0.9427012174574335 0
3519 0.3938286609304796 0.9480657774301706 0
3520 0.05847618462683235 0.629748618125729 0
3521 0.7725789496505712 0.2846970466025666 0
3522 0.7725443596442445 0.2731483131807922 0
3523 0.476738260567279 0.8218953279235536 0
3524 0.4864904463789935 0.8274641595681052 0
3525 0.763905150596045 0.7344338693836061 0
3526 0.9375460439964582 0.7510044759480593 0
3527 0.9470324518001382 0.472901279971993 0
3528 0.9561996830961378 0.4676989005619845 0
3529 0.617930413744663 0.3392757784603233 0
3530 0.6179593128325055 0.3271551496058352 0
3531 0.6074877665581973 0.333178899249664 0
3532 0.6072415961090932 0.3211155968996211 0
3533 0.5968292264259476 0.3271373516078412 0
3534 0.6178974852008949 0.3150918903225985 0
3535 0.9478724740164757 0.3651965509102499 0
3536 0.9570738132022363 0.3599251924891189 0
3537 0.9569720906285158 0.3705165786450555 0
3538 0.5823966720842229 0.7467146423846283 0
3539 0.1351546466991793 0.0822576022697632 0
3540 0.04137523026171186 0.1477298696532913 0
3541 0.041387022555255 0.1372057319031283 0
3542 0.8495786540136896 0.09190818683584567 0
3543 0.5641317273561987 0.3699553279757588 0
3544 0.5534763008367101 0.3637968283050065 0
3545 0.5642118385544481 0.3576685024782315 0
3546 0.5529728564607359 0.3515234178059951 0
3547 0.5641324696545903 0.3454138779952944 0
3548 0.9560385802594764 0.4993089816871962 0
3549 0.8607426365438179 0.9037114068075447 0
3550 0.8512598901614166 0.9091077566589605 0
3551 0.8607497616535773 0.9145098573850805 0
3552 0.8512656385097833 0.9198757767849438 0
3553 0.8607180947354133 0.9252481097310225 0
3554 0.8514051595598435 0.9306377240005548 0
3555 0.8608993125661863 0.936126927643807 0
3556 0.8419762185093591 0.9252981971755405 0
3557 0.8421451904602383 0.9359852461587701 0
3558 0.8328837421740234 0.930640250461507 0
3559 0.8329223494724431 0.9412511048610857 0
3560 0.8237098164477701 0.9359425567428656 0
3561 0.8237297757047377 0.9465405562461134 0
3562 0.8145445903273982 0.9412590065799084 0
3563 0.8425071748364412 0.9466676443009533 0
3564 0.8145565369673667 0.9518272011238418 0
3565 0.805385149726947 0.9465575689013997 0
3566 0.8234884276921864 0.9254010813598963 0
3567 0.8053697715257374 0.9359711780371389 0
3568 0.796212145270188 0.941291978933404 0
3569 0.7962385785304753 0.951868408513056 0
3570 0.7870793617968651 0.9466166007215995 0
3571 0.7871147227333359 0.9571591357544316 0
3572 0.7779705685004081 0.9519261477039402 0
3573 0.8237102242261721 0.9570975731918967 0
3574 0.3079577470979218 0.933095362456085 0
3575 0.3172537592086432 0.9383049033889175 0
3576 0.3081275822915062 0.9437292697977804 0
3577 0.3173887120293434 0.948895604931939 0
3578 0.3264908139469402 0.9435000018503854 0
3579 0.3266182726170624 0.9540554544958164 0
3580 0.335704680881211 0.9486725221211713 0
3581 0.3082480044454977 0.9543206715382659 0
3582 0.4570210401448912 0.8105060924331502 0
3583 0.5284682034037107 0.05680349593539702 0
3584 0.5282706498523509 0.04623044827101419 0
3585 0.519232923733344 0.05169398321254093 0
3586 0.5190094664740297 0.04115749156687742 0
3587 0.5097487647822946 0.04662284144351059 0
3588 0.4109061227329457 0.8940010713958976 0
3589 0.6772606890512979 0.09591020368226555 0
3590 0.6046991608209848 0.9362136642261543 0
3591 0.6137787151369315 0.9412363148481069 0
3592 0.6047484852071402 0.9467939067428316 0
3593 0.6134105946397921 0.9517926694031857 0
3594 0.6047616599666952 0.9573635898309667 0
3595 0.6318384447835299 0.832068782890903 0
3596 0.5238222458694007 0.8709728870415949 0
3597 0.4981699882440478 0.432363254114573 0
3598 0.6836687733785255 0.9302642638724492 0
3599 0.3939216346652247 0.9586328107332744 0
3600 0.3847270053112976 0.9534227094048209 0
3601 0.3846025731951691 0.9428749069974681 0
3602 0.3750026092575769 0.9482652117902471 0
3603 0.3755717462719387 0.9587937431148256 0
3604 0.7940704035918136 0.6825191786880127 0
3605 0.3134783088830474 0.2851297762499984 0
3606 0.06648682406731748 0.7752964844183949 0
3607 0.05734187596983803 0.7698567914392824 0
3608 0.05722013921618857 0.780488165266771 0
3609 0.04811784419224341 0.7750895857635463 0
3610 0.04799853627127221 0.7856644202203166 0
3611 0.04821787049224729 0.7645008219163245 0
3612 0.549486659204157 0.9258733094740541 0
3613 0.5494474336411534 0.9151768954082607 0
3614 0.04054011705188965 0.2631034806256825 0
3615 0.0404780251225188 0.252576549534248 0
3616 0.8721735771285187 0.4936598348871853 0
3617 0.5849683147121556 0.09822056858946915 0
3618 0.5758022052889313 0.1038363094372172 0
3619 0.5090295330350442 0.5161504167600561 0
3620 0.03960832987451568 0.6951215453463127 0
3621 0.07734078581760839 0.2736063213118572 0
3622 0.9612875781489134 0.049099436793266 0
3623 0.961386288247783 0.05956297663230514 0
3624 0.1027798011439792 0.8406902665463667 0
3625 0.1026208805134147 0.8515443650990699 0
3626 0.09332830326637231 0.8459861204349949 0
3627 0.09316012469933471 0.8567911304868578 0
3628 0.08389822021364346 0.8512689354555119 0
3629 0.08374114744837213 0.8620148191519872 0
3630 0.07453111638685889 0.856528760039533 0
3631 0.07436744847380516 0.8672208951847103 0
3632 0.06521299906465206 0.8617525229322023 0
3633 0.0653471496070645 0.8510714039550871 0
3634 0.06504374248402689 0.8723877821429229 0
3635 0.05593201623879018 0.8669501241882638 0
3636 0.05576035094479964 0.8775378916402423 0
3637 0.04667095861424303 0.8721079334693593 0
3638 0.04652734061889729 0.8826804432694124 0
3639 0.04684046389720808 0.8615554701707255 0
3640 0.05557161146102041 0.8881007498905245 0
3641 0.04634273957564827 0.8932047153340192 0
3642 0.2105361184573062 0.7192008343347124 0
3643 0.933883011252733 0.09852785586378165 0
3644 0.9309778798104006 0.2608105401071305 0
3645 0.0505062077872882 0.1319209543599011 0
3646 0.04139039485752133 0.1266702936764176 0
3647 0.05049785106267934 0.1213914713487643 0
3648 0.04138448129277095 0.1161425117572656 0
3649 0.4538105183662374 0.4577236679284055 0
3650 0.4973817487182199 0.3139795871649507 0
3651 0.9078887999408083 0.8876009984058864 0
3652 0.6497187547706809 0.3698417745704952 0
3653 0.649758733822086 0.3821203893025131 0
3654 0.6602936290558079 0.3759416529520818 0
3655 0.6603462097848531 0.3881627663578428 0
3656 0.6708193662496617 0.3820141989671855 0
3657 0.6708744202838024 0.3941041590507753 0
3658 0.6812976825797092 0.3880389522989962 0
3659 0.681339244944677 0.4000739162993232 0
3660 0.6917320293119159 0.3940120140025576 0
3661 0.6916989650450606 0.3820266615157997 0
3662 0.6709426951453368 0.4061597131106495 0
3663 0.711775985519199 0.2615052643134625 0
3664 0.4373305663378373 0.1450841627390677 0
3665 0.4470762532088331 0.1504877781148192 0
3666 0.4466778335991325 0.1394085354840553 0
3667 0.4566385623586335 0.144859853744768 0
3668 0.4562786470225432 0.1338134918758531 0
3669 0.4660542764879485 0.1391567325771025 0
3670 0.4659195125842554 0.1281809930105746 0
3671 0.475525973142788 0.133504804715622 0
3672 0.3220622879921413 0.7148367487679239 0
3673 0.3324249537613734 0.708995959425998 0
3674 0.04062072403775896 0.2842372135270988 0
3675 0.04064418849435603 0.2947485867353106 0
3676 0.2504906148081629 0.05964518973659327 0
3677 0.2413491303400707 0.05434581433256436 0
3678 0.2413720356424562 0.04378522668128354 0
3679 0.2322325899844003 0.0490393000205413 0
3680 0.6823316764912862 0.2092868370435012 0
3681 0.6724277505692523 0.2149968364930933 0
3682 0.6724441595332846 0.2035646462210768 0
3683 0.6625561629503465 0.2092450839080607 0
3684 0.6625820844115753 0.1978492671399272 0
3685 0.6527044123211818 0.2035077628434079 0
3686 0.6519222859513247 0.1914799635380777 0
3687 0.6423629857946396 0.1973230398907951 0
3688 0.6392490484309985 0.3883642057427973 0
3689 0.8765628015893634 0.1952253498228481 0
3690 0.8762008411576709 0.2061201629017179 0
3691 0.3358135800775852 0.9592091978201346 0
3692 0.5076819267020225 0.2378994430103153 0
3693 0.5179161807381957 0.231735362252188 0
3694 0.4976500227748984 0.2436178855269876 0
3695 0.09295873692325729 0.8675594976018148 0
3696 0.8031087753731208 0.8487920827461899 0
3697 0.6625279359883387 0.2205170375116807 0
3698 0.7626522004086809 0.3021492180326729 0
3699 0.3033263854107709 0.3149858411791987 0
3700 0.0858707994756282 0.6896996368010555 0
3701 0.2502272740192756 0.7425612231539193 0
3702 0.4959964497460766 0.6274541473216051 0
3703 0.8628908794527435 0.8058808031639805 0
3704 0.8628539181599716 0.7949402795661962 0
3705 0.919556628718645 0.8268958620682914 0
3706 0.874553048994965 0.2710413369135118 0
3707 0.5388275420048341 0.1048441098470815 0
3708 0.539093554248581 0.1157023245054694 0
3709 0.3330939749352557 0.1518824953022677 0
3710 0.7961719004760494 0.9306796928651366 0
3711 0.5969719015482562 0.4760915462603705 0
3712 0.5970279118353631 0.4885647249005922 0
3713 0.5861787576388198 0.4823558358023775 0
3714 0.7944014197381011 0.6023761036933414 0
3715 0.8042900431470514 0.5967672666028966 0
3716 0.8140725631607494 0.602480663084449 0
3717 0.8141476649949275 0.5911812825635644 0
3718 0.2516156574487294 0.5827654464908877 0
3719 0.2914390329001937 0.6849208160573944 0
3720 0.7451158578783899 0.4417979736946716 0
3721 0.90129145349273 0.3915166118710309 0
3722 0.8918854543055796 0.3968401117550865 0
3723 0.8919750304759044 0.3859980215243576 0
3724 0.8720412661228035 0.7354010422680649 0
3725 0.1044549218407744 0.7116159291192353 0
3726 0.7541518556092546 0.7055013746214269 0
3727 0.09614900732606024 0.3392840122487438 0
3728 0.4441276540454473 0.3160881924921535 0
3729 0.1238690234278914 0.5920267792827969 0
3730 0.6013667700016928 0.7230809296710091 0
3731 0.3404341795878819 0.8230511317256405 0
3732 0.734549691411848 0.4010607706890783 0
3733 0.2059144595332347 0.9190377052237612 0
3734 0.1965424827841671 0.9138937712267264 0
3735 0.5583075896934422 0.9097517822480348 0
3736 0.5489507722604194 0.9044301029605694 0
3737 0.558181822117207 0.8989924884433429 0
3738 0.6109486962409291 0.03885084557843466 0
3739 0.4100284407645051 0.8614479093568344 0
3740 0.6871791393226563 0.1339483923875119 0
3741 0.8068194588500013 0.2861584225908989 0
3742 0.6209065592067659 0.1625052796468757 0
3743 0.5952647573073359 0.8987225568004802 0
3744 0.5859018314328944 0.8933525588076959 0
3745 0.5952716443696171 0.8878784103634562 0
3746 0.5858047818523956 0.8824787030990017 0
3747 0.5952504609368381 0.8769809991749197 0
3748 0.4531781321302124 0.5476548201652125 0
3749 0.4437059072284231 0.3882990798230378 0
3750 0.3336061225198136 0.6310899562178719 0
3751 0.6624737711464954 0.4895120308248208 0
3752 0.2012749731105745 0.6564626108275557 0
3753 0.8452010376806163 0.3089434802346855 0
3754 0.1627756801178302 0.3340038371805696 0
3755 0.1037836204809077 0.764970777183864 0
3756 0.1131175350797381 0.7704668881915342 0
3757 0.113223016320715 0.7596008470597873 0
3758 0.843144567152847 0.6750716435800653 0
3759 0.8334893295264416 0.6806025610996114 0
3760 0.8335192176745514 0.6694486348932834 0
3761 0.519098321252316 0.345986408240041 0
3762 0.8237235946287367 0.6308738803744618 0
3763 0.3234262565108274 0.526571140846669 0
3764 0.3129692969429707 0.5325708241112328 0
3765 0.3129010970391519 0.5445788175094946 0
3766 0.3025527273696491 0.5385353106228405 0
3767 0.211724676006288 0.2950678615287402 0
3768 0.9466751115063681 0.6854294588726862 0
3769 0.1515591464440901 0.9420544306585699 0
3770 0.1426314047649744 0.9476557913229913 0
3771 0.1427345912434904 0.9578654516036584 0
3772 0.1334799232883299 0.9528863547162357 0
3773 0.5438167540676532 0.2083776379958912 0
3774 0.2056822743207797 0.908334610996437 0
3775 0.8428950558055737 0.7339197525325112 0
3776 0.483120792846633 0.6776147734168231 0
3777 0.3798921230457039 0.1457764452537003 0
3778 0.268792754573052 0.03855251843520047 0
3779 0.5385053430995503 0.5774623495973539 0
3780 0.5492836776610248 0.5836758276274649 0
3781 0.8618848227844744 0.03954196583523711 0
3782 0.8711219529368615 0.0445991160893241 0
3783 0.775722304893206 0.3548864701263088 0
3784 0.8926878935521481 0.3031969796747663 0
3785 0.4428814208567777 0.4514244249899965 0
3786 0.5037777228248143 0.7016346878459153 0
3787 0.513562072309516 0.6957182602022112 0
3788 0.7238641927493399 0.8709776299655732 0
3789 0.7333969571430748 0.8654580610621283 0
3790 0.2804418621376883 0.9600141083453049 0
3791 0.09563802525799869 0.5654341701918243 0
3792 0.09769320837907636 0.03947130924510756 0
3793 0.1068039389333768 0.044728520677913 0
3794 0.08859297555158452 0.03421501672955085 0
3795 0.03995356748652029 0.6632028415968554 0
3796 0.03999292726968501 0.6527149966857482 0
3797 0.3443942242042066 0.5266012812181219 0
3798 0.8713444481645842 0.05513305987120309 0
3799 0.8803479414695058 0.04965432981342621 0
3800 0.6965132119038673 0.1389062700287617 0
3801 0.8526686333610082 0.0344921366465693 0
3802 0.260220218438119 0.7485130138548989 0
3803 0.3373688486272162 0.1924269158583127 0
3804 0.8238880181772378 0.5968811061790951 0
3805 0.8239548249359282 0.5856095754537664 0
3806 0.8142356632511747 0.5798993776861515 0
3807 0.8240505131476304 0.5743358890559471 0
3808 0.505889547783375 0.5587493569673662 0
3809 0.1798636380276698 0.8152636394381277 0
3810 0.1700799603392693 0.8208254293987695 0
3811 0.1119343916948002 0.857150976231718 0
3812 0.04029943769094191 0.5654846892557398 0
3813 0.04046718637673336 0.5546982914605803 0
3814 0.2909945037239302 0.7322237179910758 0
3815 0.8159594669770143 0.3257227057917093 0
3816 0.8058545580087928 0.3521344638859163 0
3817 0.4538360885739403 0.03708546919242028 0
3818 0.3668133215268552 0.5384429795279444 0
3819 0.943246917636519 0.1274992457323022 0
3820 0.952260789803566 0.1330240851553893 0
3821 0.3325425004132559 0.6971032250810952 0
3822 0.3427952737919078 0.7031522355293915 0
3823 0.2114918529098839 0.3295356407140719 0
3824 0.5487724532225603 0.8936291293875627 0
3825 0.5580593322624273 0.8881670754626249 0
3826 0.3017417092597652 0.6789989445723726 0
3827 0.6703690503602155 0.8210280087073861 0
3828 0.6697655101634462 0.8096875966681396 0
3829 0.6827222510549693 0.1641818622944333 0
3830 0.6730944644549661 0.1696248950093725 0
3831 0.9431487457754063 0.03914591173056997 0
3832 0.1623666134850589 0.6335888125897557 0
3833 0.1623036283329133 0.6447920785086096 0
3834 0.2509426195346963 0.6732233663609403 0
3835 0.2714314151898697 0.9654214447265614 0
3836 0.262257037756972 0.9603269000944074 0
3837 0.06089604725321873 0.03937341093808788 0
3838 0.0426786104511433 0.03932191386054174 0
3839 0.03904670914902797 0.7697118167478172 0
3840 0.03913772124444603 0.7592128003185117 0
3841 0.1885410040545559 0.9618632926674137 0
3842 0.880116691214881 0.03913741784749813 0
3843 0.8893340556432681 0.04417417000542367 0
3844 0.03981674946344183 0.6183541481584014 0
3845 0.03962760367858825 0.6073980272589046 0
3846 0.5149462906126272 0.9629996349461166 0
3847 0.1510045359875629 0.7744473229037108 0
3848 0.1310479894180938 0.8466128555009845 0
3849 0.1402121150244714 0.8418321347802808 0
3850 0.2609871892012008 0.6674368880762712 0
3851 0.2322566386843207 0.03851653944181466 0
3852 0.2231376285698547 0.04374187271927904 0
3853 0.1337459250524088 0.9633356507254375 0
3854 0.1245061277352286 0.9583536257912499 0
3855 0.7962820402460264 0.9623886888019971 0
3856 0.07417073602950153 0.8778782622626737 0
3857 0.8080956839705375 0.124960370163741 0
3858 0.7343506022897901 0.5042571651560973 0
3859 0.734318688161211 0.5159769226613296 0
3860 0.9611201656220634 0.03886246557995032 0
3861 0.7020768462438514 0.3880023249743665 0
3862 0.7020588596020449 0.376055004240256 0
3863 0.1241365253217592 0.2464156400950471 0
3864 0.1146973716599116 0.24178078810253 0
3865 0.4184301185455317 0.1676059385078007 0
3866 0.3661526974376436 0.9536507612404844 0
3867 0.7699914582873761 0.1251132616200745 0
3868 0.6461960216261586 0.9626142014527611 0
3869 0.2017029356063126 0.3570112253881429 0
3870 0.1918606748240372 0.362653086611736 0
3871 0.4007520616365975 0.4379006742060188 0
3872 0.3900237403322725 0.4316493819573926 0
3873 0.4115999124961409 0.4442453470901626 0
3874 0.830913066735395 0.09272284027310462 0
3875 0.8217775367196141 0.09775630527609869 0
3876 0.1049719330672749 0.5708044287622515 0
3877 0.7780501601248765 0.962482180911036 0
3878 0.7688821623128411 0.9572224699776617 0
3879 0.768834805696367 0.9466900597249475 0
3880 0.7597426933984723 0.9520069104813061 0
3881 0.7597936367036333 0.9625126526061808 0
3882 0.7506707579079324 0.957318713981856 0
3883 0.9381142085817846 0.8693760133691141 0
3884 0.9474544343359668 0.8636655744149639 0
3885 0.5834458119608592 0.2194888902934874 0
3886 0.5932162526723613 0.2135413682488273 0
3887 0.5931547494793219 0.2022217097561426 0
3888 0.6030181598246037 0.2076894081464348 0
3889 0.6029749992554008 0.1964216556748696 0
3890 0.5735673863385302 0.225296835876075 0
3891 0.2688060580150677 0.0702692184338658 0
3892 0.6134960725383541 0.9625917976409492 0
3893 0.585726987858959 0.8715526410986647 0
3894 0.5951933773291566 0.8660447822771485 0
3895 0.6047224027754767 0.8714961861173347 0
3896 0.6046901926924978 0.8605062386587884 0
3897 0.4172727226810565 0.03731695266075769 0
3898 0.9615835356872898 0.09153893488133746 0
3899 0.9619020604845696 0.1016187786888185 0
3900 0.5202926531808408 0.1161129869856048 0
3901 0.152682978308261 0.6391288022482495 0
3902 0.1526051252130894 0.6502655769452865 0
3903 0.05067815534125697 0.110473841756713 0
3904 0.3801364820110523 0.1563804149133259 0
3905 0.3704268588432699 0.151253606196197 0
3906 0.9607275702142342 0.1596448961274198 0
3907 0.960478958369122 0.170220009947514 0
3908 0.9558144227902454 0.6906759241286444 0
3909 0.9098509353503405 0.6748501664620286 0
3910 0.2207474125504272 0.4757119763006011 0
3911 0.7119718442431826 0.33274767699041 0
3912 0.6504061283660583 0.4322227623332856 0
3913 0.6306109418845298 0.1679779918543215 0
3914 0.6402014634689543 0.1622859691508041 0
3915 0.8431210756966835 0.6972660935869097 0
3916 0.5427021058135559 0.3822817835206093 0
3917 0.8820231888688495 0.4450192645017156 0
3918 0.8724019451166463 0.4502100877467242 0
3919 0.8724383629806529 0.461339684883195 0
3920 0.4655645542608178 0.1507572438364287 0
3921 0.3863119977113239 0.6130403049267188 0
3922 0.9077856844722765 0.9625154998568937 0
3923 0.8986769010966684 0.9572572583993112 0
3924 0.1977946563232166 0.9668985193569666 0
3925 0.2329329152709616 0.8914694357572834 0
3926 0.2422167321440493 0.8858471215323298 0
3927 0.2517354608918461 0.8911025686713578 0
3928 0.2515297239480705 0.8802195037376388 0
3929 0.2609956511990732 0.8854952270864398 0
3930 0.2612570340993388 0.8740837489879606 0
3931 0.2703059201614704 0.8798307141867774 0
3932 0.2703266303212337 0.8676375691534159 0
3933 0.4782815592112862 0.9526582094998655 0
3934 0.47833186744785 0.9631838070466445 0
3935 0.2963752731280327 0.08628046315648807 0
3936 0.8235646628255867 0.7675725167876337 0
3937 0.8332669530910096 0.7731401747613093 0
3938 0.8429664275723824 0.767506738656719 0
3939 0.8630642632177846 0.8277873677241299 0
3940 0.1337883807481512 0.2512629972985582 0
3941 0.3143364728704167 0.8517781760449631 0
3942 0.3868231632439872 0.5634517442582591 0
3943 0.3868800042318889 0.5510859085780935 0
3944 0.4081162754695432 0.04288288765473769 0
3945 0.4082268872444096 0.05342346977659446 0
3946 0.4477148793692439 0.1624678817035159 0
3947 0.3747655842965697 0.9376911327412315 0
3948 0.3860392877173879 0.5871382380456209 0
3949 0.8160845350127329 0.03516597353321593 0
3950 0.04471882835859819 0.9639601256921192 0
3951 0.7701064552750827 0.158247790251465 0
3952 0.3697260551231121 0.8507080771218903 0
3953 0.3601324843572616 0.8563380329457629 0
3954 0.03765013023363467 0.8667504160096167 0
3955 0.03791942739817711 0.8559931476068201 0
3956 0.4281762123130664 0.1730846516462781 0
3957 0.05892921946825058 0.2947697194251142 0
3958 0.6519443429937448 0.4955118013222714 0
3959 0.1420480358483674 0.7342022008257749 0
3960 0.6854351721793046 0.06825436350805408 0
3961 0.03732695799185731 0.8878028771137298 0
3962 0.0371369059251615 0.8983052168761381 0
3963 0.9189091606014479 0.7083868226017798 0
3964 0.6842138500868649 0.03644136373985363 0
3965 0.4582501898270822 0.9315611383532847 0
3966 0.4948603470040002 0.5524919822195097 0
3967 0.4720069622433714 0.03685275922887932 0
3968 0.08748221051030003 0.1208447730137249 0
3969 0.872609501768292 0.84392553064664 0
3970 0.6823084056685762 0.2322604797603559 0
3971 0.4811869638973671 0.04195580336374921 0
3972 0.9651666070426256 0.7892399412852051 0
3973 0.9652482634223059 0.7997133204924965 0
3974 0.509379975685643 0.03613728293367258 0
3975 0.2214728261195922 0.2891478545857454 0
3976 0.750926665203226 0.169498163186081 0
3977 0.1343008879272274 0.9430758405435502 0
3978 0.07827852240378713 0.1153648432712854 0
3979 0.3891233321422392 0.8394122643075489 0
3980 0.4350356638699003 0.285414167038369 0
3981 0.1155750930185874 0.1912385600811696 0
3982 0.106122238179059 0.1966179488950372 0
3983 0.3339956287584017 0.5570474090984352 0
3984 0.389470665492044 0.1632693157463292 0
3985 0.9649014228636095 0.6854220285979806 0
3986 0.9649216680486015 0.6958989127279254 0
3987 0.2497399416908357 0.7771775840629201 0
3988 0.2397516524822507 0.7828955441204307 0
3989 0.6427490477278937 0.2090956363831133 0
3990 0.5137768725174633 0.6830688291680176 0
3991 0.7061610716273735 0.133617061381922 0
3992 0.3229613585487815 0.2555376843179076 0
3993 0.3329974125766234 0.2496508339818047 0
3994 0.3329730615052587 0.2380757924975806 0
3995 0.3430433336290468 0.2438160913713791 0
3996 0.3429871419444693 0.2322334571571041 0
3997 0.3530671017195061 0.2379574890597249 0
3998 0.4427617746052981 0.4640327653555232 0
3999 0.8628413024878377 0.4555834771454159 0
4000 0.2424943707234171 0.2094677278392603 0
4001 0.813806726703112 0.7619963938138273 0
4002 0.8805984253371637 0.06021300153982112 0
4003 0.8238430926421274 0.6750700403408043 0
4004 0.1440534882958432 0.1980507240684073 0
4005 0.4580552962785498 0.9101026002326604 0
4006 0.6291133434564654 0.4203216700186402 0
4007 0.5438872805163149 0.2198145111534782 0
4008 0.8533714373760355 0.8004582435338992 0
4009 0.8533521795764705 0.06604128137559162 0
4010 0.6916822491195619 0.3700545247480458 0
4011 0.9471145472905881 0.4623527607378984 0
4012 0.9562813721095645 0.4571606450764935 0
4013 0.9653331713436019 0.4624857490800918 0
4014 0.9653975881448547 0.4519694713542006 0
4015 0.9564024001028499 0.4466553724400312 0
4016 0.9654837197298506 0.4414766792058466 0
4017 0.9564830932094818 0.436164557838298 0
4018 0.965569036073746 0.4309879117312277 0
4019 0.9565762928204365 0.4256766412560443 0
4020 0.9656562473755834 0.4205005393391313 0
4021 0.9566643040983425 0.4151896735702895 0
4022 0.9659885400900171 0.4096127167903222 0
4023 0.2600691632682301 0.7715179895221373 0
4024 0.7339110376660206 0.7981266821661115 0
4025 0.3666170199680877 0.9641810646189877 0
4026 0.7316562169871345 0.1921337450769353 0
4027 0.2966444126156959 0.8520977697313483 0
4028 0.6552001376985044 0.9361993267557263 0
4029 0.9502370184280347 0.2188836973783957 0
4030 0.9594810915985833 0.2136987965370574 0
4031 0.9168627194994188 0.9677768780332283 0
4032 0.6937785924138438 0.763576223886412 0
4033 0.6841840444261214 0.7695654016460294 0
4034 0.683689501709936 0.7811377044069486 0
4035 0.6737403202254448 0.7745215960649128 0
4036 0.06735240115845642 0.6684228753294355 0
4037 0.484326588584319 0.5841429977181432 0
4038 0.4845556749507459 0.596681709606992 0
4039 0.1536966582491919 0.1927122574337408 0
4040 0.454448810150301 0.3452613567945945 0
4041 0.2915031251186622 0.6730271233013988 0
4042 0.5912789372950333 0.6815543928011305 0
4043 0.6016528252053603 0.6875111133866372 0
4044 0.7623419875626012 0.2440128523694347 0
4045 0.9511900119380876 0.175343776380851 0
4046 0.960192972198166 0.180804859196451 0
4047 0.9694306503635972 0.1756977298777573 0
4048 0.3793519564742274 0.08045386641665198 0
4049 0.9628766354205724 0.9200498813131666 0
4050 0.9646658593127404 0.9311664987769862 0
4051 0.963044344742067 0.909710870831357 0
4052 0.6199313887776094 0.03331931253406084 0
4053 0.1827268583156059 0.2319109277736864 0
4054 0.1825162805793503 0.2433800334544763 0
4055 0.5426577317146778 0.3946799703005038 0
4056 0.8985952636472365 0.9467222673206351 0
4057 0.8895611137759982 0.952007336844864 0
4058 0.8895664016318057 0.962515099466564 0
4059 0.8804777053566649 0.9572771843355309 0
4060 0.2521811058711993 0.2849076424179948 0
4061 0.6604502011552994 0.2910446690083522 0
4062 0.7120512723477932 0.3210159159777027 0
4063 0.335591868008717 0.938113381906801 0
4064 0.4265739069484961 0.06381067477711844 0
4065 0.5328179423920254 0.9524265649550764 0
4066 0.5331027762999189 0.9629411886989445 0
4067 0.2729566149528987 0.215145301061272 0
4068 0.4814975881340147 0.05248494986511421 0
4069 0.467460466046158 0.8828534445624898 0
4070 0.4125107252509832 0.3328896917169288 0
4071 0.4021028419837936 0.3267853834577887 0
4072 0.2298626350525534 0.7770407361981065 0
4073 0.2297417862908899 0.7885272806272479 0
4074 0.2827298308738783 0.1753881539622769 0
4075 0.6677682979978593 0.09055907983031086 0
4076 0.446098504604977 0.2319884555638609 0
4077 0.09673746003113504 0.191002632823397 0
4078 0.5968663864389963 0.4262654314027156 0
4079 0.9191019867675811 0.7731472573841203 0
4080 0.8890778932030858 0.03368512861849243 0
4081 0.8982799562592642 0.03870422636823889 0
4082 0.1067980635747965 0.03421686330023971 0
4083 0.1155939573814406 0.03945364459700773 0
4084 0.5280554195913829 0.03571231831852678 0
4085 0.89154488103947 0.8330190688295109 0
4086 0.8916502326021764 0.8438911041297419 0
4087 0.3331547550626198 0.07540321656253418 0
4088 0.9650705971193652 0.7247752545491868 0
4089 0.9649382092041112 0.7349879620954081 0
4090 0.6128556765846178 0.2019950162735393 0
4091 0.4854276577618944 0.6336920838034786 0
4092 0.4855203262191557 0.6460493895850206 0
4093 0.3307943228400557 0.8287636993508176 0
4094 0.3267750762318897 0.9645729216017912 0
4095 0.2213780969262447 0.2777399129529664 0
4096 0.3954041273289755 0.2494502395562 0
4097 0.2016023456856865 0.2664448912007165 0
4098 0.2124036512861769 0.1920979498058422 0
4099 0.3843943303326732 0.9322753613142064 0
4100 0.484116379864217 0.558947734264814 0
4101 0.7037620872120683 0.7576934091655617 0
4102 0.2119354595913756 0.1364306478824176 0
4103 0.2023368709460228 0.1309380967851318 0
4104 0.2312789225819077 0.1474418028154278 0
4105 0.2408465327994078 0.1529431610602441 0
4106 0.5522407345991791 0.3393198772677595 0
4107 0.5632920584642807 0.3332622809685615 0
4108 0.4268932042644508 0.1177821969898334 0
4109 0.2980805752223472 0.8956643343771058 0
4110 0.6071345012633517 0.3090298691598367 0
4111 0.6178458320437127 0.3030698005520983 0
4112 0.5499661117225841 0.6935131099268108 0
4113 0.4377562399051882 0.8334986181260429 0
4114 0.6922526400351762 0.2380221631748622 0
4115 0.4977024962723798 0.2320125262636892 0
4116 0.4877234077391066 0.23775347820024 0
4117 0.1430227748694605 0.6446482921445739 0
4118 0.1626612587051535 0.2892581478922515 0
4119 0.162623061160836 0.2780716166662339 0
4120 0.9679965397881372 0.2403055033218378 0
4121 0.9677912476137605 0.2507970983378 0
4122 0.03001654740815834 0.7643741091840479 0
4123 0.2613781655023995 0.6342735259395131 0
4124 0.5054329724248927 0.8496430085730287 0
4125 0.486248694234837 0.816557153540347 0
4126 0.4961766469960448 0.8218698328584944 0
4127 0.8560336150703571 0.2480163308964689 0
4128 0.8561236741691022 0.2375016474738403 0
4129 0.1716945327746938 0.4811740056284213 0
4130 0.1717997310782534 0.4698193350897973 0
4131 0.4753918818408687 0.1225562052660978 0
4132 0.4849893692784989 0.1279084534128895 0
4133 0.4850392068636004 0.13919414379918 0
4134 0.7526795354726358 0.3080149494602774 0
4135 0.2209835357700367 0.464503637757997 0
4136 0.2307380734435645 0.4700620939808942 0
4137 0.882697911085397 0.3910277128290402 0
4138 0.8828924789038274 0.3808647958018917 0
4139 0.8816260885115655 0.7733554481653732 0
4140 0.8721354774267328 0.7679433287423805 0
4141 0.8847852048826126 0.2331983230093512 0
4142 0.1797239301462142 0.8265034880201636 0
4143 0.1410023571049606 0.8084431709365092 0
4144 0.1129742136778702 0.7812797829572684 0
4145 0.3329017320725064 0.6656647922394467 0
4146 0.4602599764986574 0.7821700671408351 0
4147 0.5806508911246254 0.6145912283536459 0
4148 0.580583960285074 0.6021918638490554 0
4149 0.1820743858685876 0.3569616530991654 0
4150 0.1820453912400501 0.3682691636248824 0
4151 0.1917318831893734 0.373965487549867 0
4152 0.1819933474203108 0.3795870884438025 0
4153 0.1916654158155812 0.3852699750598917 0
4154 0.1819446641154694 0.3908907324733997 0
4155 0.1226105908838432 0.7651325064958728 0
4156 0.4126888019037116 0.3088235737568745 0
4157 0.3546830770546455 0.6066746032219147 0
4158 0.8629018332419736 0.466775499092503 0
4159 0.7206319992988051 0.03505949389905155 0
4160 0.7299381126957539 0.0399333693938696 0
4161 0.7303543979496865 0.05044164321582678 0
4162 0.739231468073709 0.04481302039554802 0
4163 0.5483285784328606 0.1100450766376226 0
4164 0.5486429092148772 0.1209220766906187 0
4165 0.5393227517697847 0.1266122726535149 0
4166 0.8923660943304155 0.3370606445197121 0
4167 0.2605694071642619 0.7140771328915915 0
4168 0.1332966068343892 0.5865142111193675 0
4169 0.3056652125459183 0.09161440186588193 0
4170 0.3370846255237585 0.2032835316641299 0
4171 0.5396155212724904 0.9099065988801474 0
4172 0.8236923261847782 0.6421783967067087 0
4173 0.1714373843877783 0.5037289611601005 0
4174 0.1712376272077285 0.5148276165781803 0
4175 0.2513878999488069 0.6167879110230069 0
4176 0.422521535420425 0.4130323631240981 0
4177 0.6210198073742205 0.1736209484422527 0
4178 0.4669830284551471 0.266884758290681 0
4179 0.724167462468301 0.510070902601739 0
4180 0.7241360951440459 0.5218214192014405 0
4181 0.7343025493322231 0.5277246582952035 0
4182 0.7241092166762158 0.5336019784548535 0
4183 0.7139071802264176 0.5276832441039671 0
4184 0.7138854250023311 0.5395119978910116 0
4185 0.6813951544067778 0.4121209540977183 0
4186 0.738829190275529 0.03431306549924351 0
4187 0.748114944964275 0.03917766951800966 0
4188 0.6951901241203154 0.8655802344453458 0
4189 0.6952636261478609 0.8765769637247673 0
4190 0.7048198453875083 0.8820091264924599 0
4191 0.6955902200601989 0.8870489130285909 0
4192 0.6951246057568792 0.8545525168457389 0
4193 0.7048770151891959 0.8928483761635224 0
4194 0.7039860616062512 0.5338968058571525 0
4195 0.7038353818633596 0.5454914678563346 0
4196 0.2413816117154342 0.03329077924292101 0
4197 0.9651651761546252 0.4940515838114821 0
4198 0.9651378413503298 0.5045594242362502 0
4199 0.9474223329290654 0.8745998386895284 0
4200 0.9566751967135596 0.8689060974133419 0
4201 0.9567726656507187 0.8795336778589455 0
4202 0.172107557972954 0.4358480793026785 0
4203 0.9658441582769415 0.8741450518347698 0
4204 0.9657726533964642 0.8633384896495019 0
4205 0.9658294322851023 0.8841400987877592 0
4206 0.6142299256700731 0.8659834066065895 0
4207 0.614222233187864 0.8549567452531078 0
4208 0.03351268946886199 0.04466108461443541 0
4209 0.03367605997217382 0.03388330128522399 0
4210 0.2413134263529669 0.0649355798382627 0
4211 0.7333904939197533 0.8764583324500289 0
4212 0.8308807883216053 0.214050494560545 0
4213 0.1699377051455818 0.8319816316443949 0
4214 0.9693544691881164 0.1864648148196498 0
4215 0.7485477755934999 0.04968642842073778 0
4216 0.7574124732398523 0.04403004463569976 0
4217 0.7569669881244273 0.03354905235302252 0
4218 0.7662578909064534 0.03838073236487166 0
4219 0.09669990878118229 0.2019750610605384 0
4220 0.1060529017907539 0.2074701015133131 0
4221 0.1226444869303571 0.7543438551464752 0
4222 0.9356841550130298 0.893553315858534 0
4223 0.7447106986089225 0.4753659466765356 0
4224 0.7346313198276639 0.4813952446043648 0
4225 0.7547437238003544 0.4694519599794226 0
4226 0.0494827614862775 0.2152994468387436 0
4227 0.04033716021615907 0.2205598797692381 0
4228 0.05892361521156531 0.2101745334680515 0
4229 0.1624382267845351 0.6223851725144922 0
4230 0.1721573742172786 0.6168299320025374 0
4231 0.1894626238289702 0.8211001447881014 0
4232 0.4500801479687194 0.7533393347683079 0
4233 0.4400974936311453 0.7592108726115057 0
4234 0.4600983922332453 0.7474598786846035 0
4235 0.4266351536856008 0.03227061933723163 0
4236 0.6047878650642889 0.9678904919341269 0
4237 0.5957495017109306 0.9626937716504974 0
4238 0.6624222998097222 0.5378835468879165 0
4239 0.6735581879746828 0.5428572432725517 0
4240 0.9704171675709871 0.05426453465351549 0
4241 0.4875770261003692 0.9683710009068298 0
4242 0.9489420796195135 0.2804117824612913 0
4243 0.9583170773583488 0.27557483116447 0
4244 0.9669933553659245 0.2912210044704557 0
4245 0.9668463227758487 0.3016936465977449 0
4246 0.1430192049212914 0.968306663015949 0
4247 0.9342091757066424 0.1219326825384802 0
4248 0.9248477514400621 0.1269951130694897 0
4249 0.789070389297293 0.114087127601888 0
4250 0.8003105434054263 0.1070318772519742 0
4251 0.6020675308465218 0.6020976043482684 0
4252 0.6127715131993288 0.6082734658916881 0
4253 0.3323028368524558 0.7208484003354636 0
4254 0.321993470909909 0.7266710448148604 0
4255 0.9209286167852926 0.3063998598529734 0
4256 0.3339006625428417 0.86230250562466 0
4257 0.9467779616100506 0.6958276143518468 0
4258 0.2220552491774188 0.5077407959349408 0
4259 0.7596766355510948 0.9414532443672294 0
4260 0.6930895917340032 0.03088552232403508 0
4261 0.8825593079848151 0.4010736722360475 0
4262 0.4184107684728101 0.1791505284902961 0
4263 0.2115797327947527 0.3513470175355732 0
4264 0.5416083107843518 0.9581141059451086 0
4265 0.04161118447546003 0.1052051726479653 0
4266 0.8144037751964748 0.5686268846645668 0
4267 0.8241395774010485 0.5630692144120003 0
4268 0.2231598400521067 0.03324269374521277 0
4269 0.2140496323769218 0.03845288641244393 0
4270 0.2140299184867915 0.04896008552385017 0
4271 0.2052409474949852 0.04317375650407185 0
4272 0.2050128868612009 0.03308658836552336 0
4273 0.1959266319135827 0.03827526874771781 0
4274 0.1960949747396776 0.04944620511683456 0
4275 0.1866933563466474 0.04343103270504112 0
4276 0.1868166361330497 0.03303911591737785 0
4277 0.1777001114166485 0.03822644065317171 0
4278 0.1774944331748376 0.04851903026939136 0
4279 0.1685442247759414 0.04338524543722522 0
4280 0.1778036133559807 0.02777862306862844 0
4281 0.5139761761411566 0.7076195763859457 0
4282 0.679481740380754 0.8153629917443749 0
4283 0.9534039763845696 0.9679313704013688 0
4284 0.9625094119569051 0.9627194083796918 0
4285 0.8768117179310737 0.1843152922968548 0
4286 0.868107182049076 0.190437490569865 0
4287 0.1605254511456158 0.8266456589406017 0
4288 0.06757383252300653 0.5357384674155407 0
4289 0.07683473560427789 0.5304476604679444 0
4290 0.9083841268484998 0.8764462066241263 0
4291 0.5339526465452393 0.2141441471529564 0
4292 0.5054543138459889 0.5434141355734148 0
4293 0.5166973982487582 0.551888950215908 0
4294 0.1717888806593063 0.4253002787700312 0
4295 0.3332043112208812 0.1629995383032264 0
4296 0.3426969787367569 0.1573495331650469 0
4297 0.7963413668529276 0.3255147600719434 0
4298 0.787784659753213 0.3191524819365942 0
4299 0.9742619054746237 0.7944138122077737 0
4300 0.03233473568451395 0.110816799405323 0
4301 0.03253320696399375 0.09997334947899866 0
4302 0.7895174738372404 0.1472010618569216 0
4303 0.03011179130884911 0.753896828240967 0
4304 0.03920995389870596 0.7487424646213587 0
4305 0.03019560939266419 0.7434327834163319 0
4306 0.03928896180600117 0.7382790205137799 0
4307 0.03028833603479619 0.7330040207413224 0
4308 0.9100413133934175 0.6850688510156346 0
4309 0.07742844471686783 0.5419764707376747 0
4310 0.08649180060735734 0.5362418819257969 0
4311 0.1962191789684957 0.9032380579207147 0
4312 0.2049240743554568 0.897435176806951 0
4313 0.1874490436832126 0.90930728265866 0
4314 0.473808067616142 0.5905139271869684 0
4315 0.7508168874816383 0.1361552229044215 0
4316 0.7880412102950252 0.3084466328570372 0
4317 0.5851441693074202 0.1087882320032291 0
4318 0.594325867587866 0.1030750325016119 0
4319 0.5761214275389974 0.1146329572862554 0
4320 0.8803173012725251 0.9681169106242975 0
4321 0.8713855039102935 0.9625977551109101 0
4322 0.5835777148298166 0.2309744302589204 0
4323 0.03014810146376096 0.7747660126349714 0
4324 0.9661128396675748 0.365341933613812 0
4325 0.9660176778952327 0.3758453822972829 0
4326 0.9662358788157541 0.3546183251204502 0
4327 0.03229179007777988 0.131927845440031 0
4328 0.6123517535779087 0.2138219455158686 0
4329 0.4946871108031498 0.6716866588511626 0
4330 0.4666428170560951 0.2556373379516562 0
4331 0.04613440319139639 0.9037256174846375 0
4332 0.03694069142913203 0.9088049503025692 0
4333 0.6548042044627944 0.9678243646216849 0
4334 0.8919963163706361 0.3475600125809226 0
4335 0.542271656548386 0.9681715454432154 0
4336 0.5509664259837577 0.9634205247794488 0
4337 0.408145718250747 0.03211643973629957 0
4338 0.9706824195682067 0.06478251467798807 0
4339 0.3448132298880831 0.9432906880385789 0
4340 0.2318122295668258 0.1697251538064892 0
4341 0.3898272627364541 0.4446914916857771 0
4342 0.3791367129459335 0.4381404567969444 0
4343 0.03122544728578308 0.5602115292972705 0
4344 0.03123106164687883 0.5497324663450518 0
4345 0.03118347511642161 0.5707178623646608 0
4346 0.04004023308594346 0.629233864672966 0
4347 0.03064733829894206 0.6234963706915578 0
4348 0.03098044041831499 0.6345006330285701 0
4349 0.3698554019743531 0.8618179148541735 0
4350 0.4955666074887423 0.8092481924879246 0
4351 0.5058544916101485 0.8159425610659912 0
4352 0.5059083719713804 0.8048598683723328 0
4353 0.5157195612739389 0.8104360994954304 0
4354 0.4946245311831152 0.1335998873755115 0
4355 0.4942138569944333 0.1223065319683517 0
4356 0.4798718440997201 0.7929229236258012 0
4357 0.03333361101229132 0.07631794131741365 0
4358 0.3130204904329098 0.5205435198354819 0
4359 0.3234524670234165 0.5145507736030293 0
4360 0.2960097369148394 0.09692029754163428 0
4361 0.695096676117698 0.8983656961523079 0
4362 0.7121058020768428 0.3452746538935912 0
4363 0.3757548173556815 0.9692858525766765 0
4364 0.04316074623345345 0.0281528076611805 0
4365 0.5156881233087189 0.7991345978819759 0
4366 0.5255381159221044 0.8047693031960272 0
4367 0.5254963827242009 0.7934094937048538 0
4368 0.5353711830720587 0.7990618425214525 0
4369 0.0321793232722084 0.1847616366111358 0
4370 0.03213609470044648 0.1951109295836241 0
4371 0.0322248802504993 0.174193538120365 0
4372 0.0582496445918087 0.6521297011967827 0
4373 0.6503933805782887 0.4448381755500879 0
4374 0.644566805198787 0.639020502236632 0
4375 0.6441820390923878 0.6512390506875139 0
4376 0.6445750549076806 0.6267713946614147 0
4377 0.7507208225180859 0.9678049386065222 0
4378 0.7416007133095127 0.9626238384245546 0
4379 0.7598213908532858 0.9729822570073519 0
4380 0.4810019997602459 0.03143822989951628 0
4381 0.6700933326138541 0.9092595419773386 0
4382 0.7956582576317242 0.3687761157038341 0
4383 0.7955026698067917 0.3805545429717355 0
4384 0.535215891056732 0.7874676900295992 0
4385 0.5452175863961763 0.7932993208725385 0
4386 0.5450549853552024 0.7816693080326489 0
4387 0.5550995050788624 0.7875431704691893 0
4388 0.3531340802179002 0.2495559837885044 0
4389 0.7142177482267846 0.08410546337339242 0
4390 0.05106386932468687 0.0990777412685831 0
4391 0.7021090814321559 0.399932906834129 0
4392 0.554945419289438 0.7758976173159999 0
4393 0.56501417650747 0.7817819245736449 0
4394 0.5648608186208347 0.7701064472520012 0
4395 0.5749567630552022 0.7760059400759439 0
4396 0.6518035085044962 0.4830263434196723 0
4397 0.7429120036308438 0.8709681416241656 0
4398 0.8533757729590756 0.4612243143454196 0
4399 0.531921273317536 0.3884393346914121 0
4400 0.4692070349981706 0.9579825198691706 0
4401 0.469276030317177 0.9684634617397239 0
4402 0.4401589495958778 0.7707941023767041 0
4403 0.4301065165580991 0.7650931766556757 0
4404 0.6372106306886063 0.9571346322215559 0
4405 0.6379814214664749 0.9465426962035606 0
4406 0.6376497212245676 0.9675838573178674 0
4407 0.9599967836769683 0.1915354844389354 0
4408 0.9691283424756904 0.197728623976107 0
4409 0.104700216236316 0.5599459098036607 0
4410 0.4569365255145534 0.2845984000505392 0
4411 0.3986251742278555 0.03772494293761242 0
4412 0.5229417944029534 0.7011400123186367 0
4413 0.880448295277247 0.946756267209969 0
4414 0.9739924706514383 0.7297323551048266 0
4415 0.7224358222852987 0.3266502224818448 0
4416 0.04038444952886666 0.5440742855927626 0
4417 0.03121455737607459 0.5392369563061952 0
4418 0.2870470369608726 0.09165835493247354 0
4419 0.844871807867289 0.07098978592247818 0
4420 0.82361726773596 0.7787866056562505 0
4421 0.8330446529151022 0.7838608042308085 0
4422 0.9249900896072774 0.1160746657275713 0
4423 0.9155629952160639 0.1211025696000373 0
4424 0.6856005047995472 0.8601265768257742 0
4425 0.3359389427597189 0.9697037323894606 0
4426 0.7820150741334797 0.2788751153556553 0
4427 0.7824095241270842 0.267332930396774 0
4428 0.6397861284352371 0.4138835462457118 0
4429 0.5083045892673367 0.3398376723101095 0
4430 0.2218514348619318 0.3016271484381535 0
4431 0.03142974228713524 0.2578920603996363 0
4432 0.03134592079229448 0.2474270854678302 0
4433 0.1248333034909709 0.9688282110598075 0
4434 0.1155903188685911 0.9638611538686028 0
4435 0.115259012650154 0.9533667889858635 0
4436 0.1063404505596123 0.9588919098424153 0
4437 0.1060061187333024 0.9483815350689464 0
4438 0.1066730010831635 0.9693661018802993 0
4439 0.09744100210539525 0.9644157542933083 0
4440 0.7052712309230487 0.1438801279884896 0
4441 0.7944743779946388 0.5910029009643083 0
4442 0.7845537589844703 0.596635554432648 0
4443 0.1684475055707214 0.05390915256864603 0
4444 0.1593949287389724 0.04859922064644778 0
4445 0.1594972270000103 0.03807499546420767 0
4446 0.1503385851866245 0.0431359915936842 0
4447 0.1502289902823632 0.05377293142582684 0
4448 0.1411544772967678 0.04839702024631154 0
4449 0.1415622105580741 0.03718229817024915 0
4450 0.1412632731837565 0.05859004880859597 0
4451 0.1320453148495976 0.05294016594278694 0
4452 0.548672234670153 0.1314607108119381 0
4453 0.03152855053007769 0.2895064862610419 0
4454 0.0315378284394412 0.2999634575812243 0
4455 0.04064327701429526 0.3052296426447934 0
4456 0.03157014516538431 0.3104811166578259 0
4457 0.04060740920305944 0.3157130534412306 0
4458 0.03157439607226042 0.3209593648032849 0
4459 0.2326891368738675 0.8805928170241654 0
4460 0.3632181066970816 0.2437289114324014 0
4461 0.8069329727489822 0.03007855605148912 0
4462 0.3015605497599769 0.6675588959847695 0
4463 0.7687779206721742 0.9361426941270474 0
4464 0.4877238114691564 0.2261919776033697 0
4465 0.5749271923274981 0.339341551024898 0
4466 0.5747368797975482 0.3272087338721847 0
4467 0.396720014877248 0.6556595574810082 0
4468 0.3966145467723575 0.6678048256303406 0
4469 0.3860800909060443 0.6737901967222208 0
4470 0.3965135509467789 0.6798972566194024 0
4471 0.3860594793835773 0.6858568647287628 0
4472 0.3964290318609697 0.6919242692326566 0
4473 0.3968163371059902 0.6434729839961668 0
4474 0.4559805757984075 0.1228343781887951 0
4475 0.549041259493847 0.5716038326014927 0
4476 0.558984255432276 0.5786323779605825 0
4477 0.0406033647521068 0.3261877893903168 0
4478 0.03155317157693893 0.3325128626015804 0
4479 0.9567049884854808 0.4047046238803967 0
4480 0.9660386834952809 0.3982255875290184 0
4481 0.8338108878335968 0.5687816398042096 0
4482 0.3429048974771872 0.6912574054540688 0
4483 0.3531658257425728 0.697337970410408 0
4484 0.3530494357008102 0.7092122192805694 0
4485 0.365671812915635 0.7022170261855537 0
4486 0.518629851992327 0.3333775635926911 0
4487 0.7657780167099633 0.02792834142914846 0
4488 0.7745172237285276 0.03211118709683636 0
4489 0.3603873052749464 0.8671818668651368 0
4490 0.4601715864821629 0.9632879378068407 0
4491 0.9684384467770675 0.2192509817146408 0
4492 0.3024744884030991 0.5504903235486117 0
4493 0.2921790589426834 0.5444432848324865 0
4494 0.2922418034748419 0.5325432540117829 0
4495 0.281923759634659 0.5384376587557876 0
4496 0.3633291512158532 0.6906738398906674 0
4497 0.14122205955138 0.7974339517561051 0
4498 0.3272480587173644 0.1979041700513816 0
4499 0.3280699251933698 0.1852789568330462 0
4500 0.6291356657424441 0.4080383282872579 0
4501 0.754228185353269 0.8095206148086783 0
4502 0.7542818419283619 0.820821674582326 0
4503 0.7640421297764485 0.8264290475895129 0
4504 0.7543281624801549 0.8320738554740025 0
4505 0.7640278861218788 0.8376597478716652 0
4506 0.7543510199500401 0.8432714987008065 0
4507 0.7640155222764236 0.8488234246289299 0
4508 0.7736663275585468 0.8432413118318758 0
4509 0.1428834608284602 0.6559943526335013 0
4510 0.5861220850542517 0.4950365738371753 0
4511 0.5752022043525014 0.4888548505469504 0
4512 0.5970782360576301 0.5010891819813332 0
4513 0.2624432832718864 0.9708045025117291 0
4514 0.2531589825358996 0.9657438623911602 0
4515 0.07805460263335012 0.1796972817502229 0
4516 0.9379074118572948 0.467573203434796 0
4517 0.08733996090047763 0.1962822535882186 0
4518 0.46478527310021 0.4641329776563744 0
4519 0.8702204900938325 0.9306509077056717 0
4520 0.191426494178658 0.3960871915384395 0
4521 0.1816477210928229 0.4015830065812013 0
4522 0.9625502664385148 0.9522452079759905 0
4523 0.8994489281815707 0.05037333637415781 0
4524 0.1620427900808032 0.4754323251776877 0
4525 0.5333918309535959 0.9407562880535918 0
4526 0.7223158211493431 0.314749665945071 0
4527 0.6710985134398565 0.4182101121987034 0
4528 0.9282198172074329 0.8752802331290896 0
4529 0.08404859002155973 0.8404955455036349 0
4530 0.219872907382667 0.7826952835857239 0
4531 0.2197511691096136 0.7941454964603681 0
4532 0.2295863671625248 0.7999604661953537 0
4533 0.2196454104057533 0.8055376627807408 0
4534 0.9505211353877714 0.2079027208555766 0
4535 0.9412143332197359 0.2132100515183133 0
4536 0.2521031537772684 0.8682242129314857 0
4537 0.312909354495352 0.2614480550325699 0
4538 0.8940958935928656 0.3252900974842143 0
4539 0.03089394664820067 0.6577253054289026 0
4540 0.03083519377407706 0.668354711781218 0
4541 0.1720263410828834 0.4470851175740932 0
4542 0.1927690125332415 0.1364653319211299 0
4543 0.1927616225249177 0.1254523417791925 0
4544 0.6282930019124207 0.3090691402648115 0
4545 0.9528137406218713 0.1229748668990284 0
4546 0.9615621070639153 0.1280843770227577 0
4547 0.3792905507979483 0.4254932482483081 0
4548 0.7638118828818741 0.7578398324770279 0
4549 0.0333932589247643 0.06583710935448095 0
4550 0.3335037616393436 0.2262325885959883 0
4551 0.4300306011867884 0.9047453075915892 0
4552 0.9568943535899662 0.3810280945380801 0
4553 0.7031146182623491 0.7344540581643846 0
4554 0.8139475985635082 0.6478011891944495 0
4555 0.03147462320730726 0.2684121087874101 0
4556 0.8240395751217998 0.4648952850544691 0
4557 0.1232622036962183 0.7229343580573313 0
4558 0.02815984270400851 0.8928980669875539 0
4559 0.9612470864410186 0.1385151752449276 0
4560 0.9558268839492041 0.6590411689400952 0
4561 0.9649183929797281 0.6643433218212456 0
4562 0.964945686100904 0.6538535614794875 0
4563 0.2117958505121362 0.5594120178879073 0
4564 0.8238205661637727 0.6081477778852307 0
4565 0.8335847240389899 0.6025703079415684 0
4566 0.8042416654537189 0.5103032951021715 0
4567 0.04974318753915014 0.3870324408572337 0
4568 0.04060650705260421 0.3922838405263543 0
4569 0.0406179167065055 0.3817777645891861 0
4570 0.03153450216039722 0.3870325530609025 0
4571 0.03154138311563076 0.3765555775673116 0
4572 0.03150582511916589 0.3974882230734692 0
4573 0.1832257362434241 0.1309509770437254 0
4574 0.935186466683759 0.9678572618065995 0
4575 0.9190867806402319 0.7623655640924752 0
4576 0.9284349775022744 0.7677782603808067 0
4577 0.840647088176291 0.1862309961763688 0
4578 0.5036949836392208 0.7135190170859033 0
4579 0.7627785726631653 0.3137303085895969 0
4580 0.4169897795807922 0.2027187601224459 0
4581 0.8132810553560957 0.8873828145656704 0
4582 0.7239002621281592 0.8819521828681824 0
4583 0.3697220432995687 0.04333545308933717 0
4584 0.3791359486701135 0.03798782525065614 0
4585 0.3696891899303058 0.03283074116567952 0
4586 0.3137331762777232 0.4418890712629507 0
4587 0.5387258064272852 0.651658125993428 0
4588 0.843709810043592 0.4432721318219703 0
4589 0.7620354522713091 0.1978134827441867 0
4590 0.6386658493043484 0.04326790156239047 0
4591 0.6476047289768549 0.03772360156239957 0
4592 0.6382913579331799 0.03276867247958082 0
4593 0.5928757347579734 0.04991883626692972 0
4594 0.5834788283012396 0.04490934874124725 0
4595 0.592533898848514 0.03937133662171616 0
4596 0.5832614790602768 0.03438195000077643 0
4597 0.5743194053938957 0.03984814043887785 0
4598 0.8417543655921489 0.9036954870179431 0
4599 0.2524139594481751 0.2267223366847821 0
4600 0.6331358104748931 0.776795767676228 0
4601 0.5043875715737183 0.1515563775835193 0
4602 0.3796107077305061 0.8562105862470961 0
4603 0.02834248384311694 0.882445871451641 0
4604 0.8556186908581008 0.2590487822456057 0
4605 0.2159205347500859 0.955982319348642 0
4606 0.2251668318538821 0.961054230017465 0
4607 0.2341708021636442 0.9556261133332298 0
4608 0.2344963101160003 0.9661103379229705 0
4609 0.2161334311139498 0.9664925516626429 0
4610 0.7113039607114422 0.0301947773270354 0
4611 0.6585201870929226 0.09608745798801427 0
4612 0.7979486073791865 0.03545536688094164 0
4613 0.7977989559825622 0.02500134037106905 0
4614 0.1702432950820021 0.9623183146211209 0
4615 0.8018662752253425 0.1638071367030209 0
4616 0.3985170350811194 0.02724369803976046 0
4617 0.1918255019039509 0.6052355541989186 0
4618 0.1536363580939568 0.2373420632441028 0
4619 0.161253980113216 0.9677963331418966 0
4620 0.05707429866342956 0.7911339386409533 0
4621 0.04784938625744117 0.7962318583900737 0
4622 0.03898441387785756 0.7908264158666292 0
4623 0.03829639349832414 0.8013975954870733 0
4624 0.04760741892795578 0.8067557708846891 0
4625 0.0380417549403016 0.8119169195303526 0
4626 0.04743015890351987 0.8172683331059445 0
4627 0.03836776765243149 0.8223821498575508 0
4628 0.04731342073187011 0.8277694223744143 0
4629 0.05651773753613309 0.8231295576352893 0
4630 0.02943372141322664 0.795442007509679 0
4631 0.03808116655454652 0.833618411352585 0
4632 0.04721876549881565 0.8389810163567704 0
4633 0.02812775675868034 0.8178832079998214 0
4634 0.2596664549520193 0.03331392294513158 0
4635 0.2687557291892041 0.02806514916277503 0
4636 0.2870986300848706 0.03852900625757472 0
4637 0.2961930197617842 0.03325362321155284 0
4638 0.6109660808944023 0.123948406571863 0
4639 0.8145798321764006 0.9623573897678023 0
4640 0.8236805817187515 0.9676102918671501 0
4641 0.8332601818108611 0.9624238392786046 0
4642 0.5486207192606782 0.8833010917342571 0
4643 0.5573438985348508 0.8765109040472618 0
4644 0.5392930780432772 0.8883510299718161 0
4645 0.2920198267855962 0.1810016029484509 0
4646 0.2921902670112154 0.1700975844884195 0
4647 0.3053159747447586 0.03846527156020807 0
4648 0.8307698979831524 0.147026381145924 0
4649 0.4521363001330255 0.7191035791846155 0
4650 0.1252192786670658 0.1421129419321929 0
4651 0.5558634948899424 0.05088205794726014 0
4652 0.5556746885731857 0.04033895911513719 0
4653 0.5463756986946876 0.03530567803292251 0
4654 0.5554168190918881 0.0298507378209758 0
4655 0.6707879324760977 0.369914349306545 0
4656 0.6047166998329019 0.8495930376539823 0
4657 0.7320686788663665 0.2150341989891822 0
4658 0.4431098292153282 0.438674514461741 0
4659 0.1718836948051522 0.6617450991550481 0
4660 0.5318713853489826 0.4008448211366422 0
4661 0.5211247238229857 0.3946063490634731 0
4662 0.1538078573059094 0.1701196472231381 0
4663 0.09667891537629675 0.2128299339320152 0
4664 0.1059298270207893 0.2183072687998073 0
4665 0.8892757774001367 0.9736062494153992 0
4666 0.1530884573557358 0.3061598619562398 0
4667 0.5968836780910769 0.3392437571725396 0
4668 0.7647506228069614 0.4752891311073965 0
4669 0.7936166719041826 0.7751954379641671 0
4670 0.7920066236532818 0.2263977603002121 0
4671 0.7921856672979135 0.237963788618595 0
4672 0.8020929141672113 0.2322283104971467 0
4673 0.6835675377169803 0.7577331971220621 0
4674 0.6822270451896018 0.2437541408551795 0
4675 0.312901574369964 0.5567204463053032 0
4676 0.4874065595640971 0.2851579187042216 0
4677 0.6792274284552285 0.8259171534895491 0
4678 0.7539044676036868 0.7866702000528154 0
4679 0.2528399681849044 0.9552376421872393 0
4680 0.8990140667315185 0.8710182105871034 0
4681 0.5856574861682184 0.8605803447660925 0
4682 0.8257878127068663 0.3202228963866278 0
4683 0.8257051496743775 0.3313636664137475 0
4684 0.5101661593281802 0.05716001393812697 0
4685 0.6915581905665389 0.3454394062595378 0
4686 0.8826568462286297 0.353251287991197 0
4687 0.4020085519141044 0.3388713391760788 0
4688 0.3915876881832083 0.3327385458615117 0
4689 0.3916892294766489 0.3206745446174903 0
4690 0.3811752704907937 0.3266088235539021 0
4691 0.3810663856157694 0.3387015667801424 0
4692 0.3713736212188597 0.3329612218553629 0
4693 0.3708510779157953 0.3451390219842883 0
4694 0.6730693719313986 0.1584998499983491 0
4695 0.7415385950065736 0.9521281746552883 0
4696 0.7330940740141729 0.9574328392312648 0
4697 0.7326540434331552 0.967923484201256 0
4698 0.723038217832822 0.960948984406554 0
4699 0.2974724341425171 0.8738381787763074 0
4700 0.04060685895851174 0.3713049643665192 0
4701 0.03153743479051813 0.3660705072260688 0
4702 0.04059750798316264 0.3608316754549555 0
4703 0.03152919850320351 0.3555966716592527 0
4704 0.04058304082378011 0.3503611142901708 0
4705 0.7822143268821302 0.2435977763908775 0
4706 0.7923104961473517 0.2496795477902138 0
4707 0.1638076773775254 0.1199410727504004 0
4708 0.3200117927757183 0.8041306798759646 0
4709 0.6609160448612234 0.9144649278877107 0
4710 0.6584207017179513 0.0852964839145946 0
4711 0.3752367183059882 0.9270798606249286 0
4712 0.3656698097944536 0.9325109006555344 0
4713 0.7416165205495016 0.1864718870300881 0
4714 0.12523572167651 0.2371957330395135 0
4715 0.1722909326257706 0.2724274256122763 0
4716 0.1626400920794809 0.2668787129485922 0
4717 0.1529210018567596 0.2725248467506194 0
4718 0.2008498282913517 0.7019006181253922 0
4719 0.8527299460231038 0.7027995765049725 0
4720 0.8431904858728065 0.7083723530730102 0
4721 0.8305371209299467 0.1155270966673366 0
4722 0.478180432479667 0.942114476167499 0
4723 0.2024903161947859 0.22088806249366 0
4724 0.4718086719704943 0.02634140814224539 0
4725 0.1861112937226596 0.9006285083134735 0
4726 0.5915971556123376 0.657439145210042 0
4727 0.4852488300394454 0.6214314858767052 0
4728 0.7425363276521812 0.3022780780909331 0
4729 0.9007561971185273 0.8164761432795946 0
4730 0.6184668789438614 0.4141680265131967 0
4731 0.9191859037553268 0.5207979930890573 0
4732 0.6723393944751452 0.2379220184125197 0
4733 0.9283831634768709 0.6854014982913191 0
4734 0.8334329056514249 0.6365665904849602 0
4735 0.6016873811454844 0.6994436088488127 0
4736 0.6120217027121942 0.6934838696926092 0
4737 0.6120482225650038 0.7053895327611288 0
4738 0.6223630107523391 0.6994440651049473 0
4739 0.5493458469319971 0.5962128310616948 0
4740 0.2611042576443497 0.8963926118948954 0
4741 0.2315836467154788 0.5826007153646284 0
4742 0.7543713855338329 0.5503547845918422 0
4743 0.1330801894303759 0.6843087992298812 0
4744 0.8082600265272735 0.1357555858871686 0
4745 0.0866425882208619 0.3977359025402605 0
4746 0.09596138690355394 0.3923948469548347 0
4747 0.09594882966033919 0.4031627117746255 0
4748 0.1052704697146202 0.3977963630196817 0
4749 0.07919055049021345 0.09260346560866661 0
4750 0.06993724933349482 0.09792246955521977 0
4751 0.8551684034301192 0.2814102132988783 0
4752 0.049728661036747 0.310688141927752 0
4753 0.2212239474054438 0.6454728929297121 0
4754 0.2310616094832207 0.651220080382292 0
4755 0.1049536302667635 0.5815106121102711 0
4756 0.8334685590383649 0.6252632202230813 0
4757 0.6793952649709258 0.8040512324980014 0
4758 0.6696099155265951 0.7983189864922119 0
4759 0.8525859813783779 0.7141710232553268 0
4760 0.1533195005508365 0.2495788942165552 0
4761 0.7946579488920604 0.4703737911678025 0
4762 0.612565760830945 0.5962440379894849 0
4763 0.1518784666027355 0.7297622982332874 0
4764 0.1250359622469874 0.18584599014072 0
4765 0.09680723786222378 0.1261905980380038 0
4766 0.09680363937499514 0.1154218243242505 0
4767 0.1061629693510031 0.120800643340452 0
4768 0.06810375984125172 0.2894735706593622 0
4769 0.06813150164391985 0.3000809302093915 0
4770 0.07733781724670624 0.2947569861042146 0
4771 0.6640580143621293 0.1652415635581339 0
4772 0.8860794551975393 0.1790816925563202 0
4773 0.6339727773854935 0.620655602069106 0
4774 0.6224004957928797 0.6875675640879855 0
4775 0.6327296761876648 0.6934897305829506 0
4776 0.7936434537250872 0.7637590907049615 0
4777 0.7837998698519274 0.7580079449282189 0
4778 0.7936790439405232 0.7523253417787692 0
4779 0.7838459844203629 0.7465723009935092 0
4780 0.8922368461374921 0.3753800248030195 0
4781 0.8503643004938606 0.2030332416930014 0
4782 0.8501591637291372 0.2136223950814449 0
4783 0.3239881826973227 0.08074912944034518 0
4784 0.8706081779229886 0.8655009759648528 0
4785 0.7036149413165949 0.06740827041849062 0
4786 0.6306006514494786 0.08067828922716019 0
4787 0.8715581296518777 0.06571261970355069 0
4788 0.2504865205204836 0.07025051378971137 0
4789 0.3514905891347994 0.08607724928755167 0
4790 0.02676963476876326 0.9433849785223083 0
4791 0.448105235232214 0.8611532586349095 0
4792 0.7120876595149181 0.2380916840827166 0
4793 0.2805722910429074 0.7376671317886745 0
4794 0.8531381108860661 0.8118577986496581 0
4795 0.133714019716905 0.2627136277997596 0
4796 0.105272301079597 0.3870579313534914 0
4797 0.5930510632679841 0.1908739108845861 0
4798 0.5538401333225846 0.2254708043842331 0
4799 0.5439411289099106 0.2313009743878376 0
4800 0.5538065460069879 0.2367770313810502 0
4801 0.3006812434481284 0.76046667990249 0
4802 0.350077255921615 0.8173414352435046 0
4803 0.3460367695363977 0.2086543374069501 0
4804 0.8053259259470421 0.9254082680417746 0
4805 0.7960731824048075 0.9201301892899578 0
4806 0.8048793381498625 0.9147902054377139 0
4807 0.2403533686278063 0.7252366474803122 0
4808 0.7869408274924397 0.9254074608786396 0
4809 0.08618901628702935 0.5252092528508016 0
4810 0.9096948862930145 0.6646551364512683 0
4811 0.1238733923852342 0.5811382572242427 0
4812 0.8176401977434642 0.1304000159256617 0
4813 0.2519103059583047 0.5365166687028872 0
4814 0.2413813338401605 0.610976989758112 0
4815 0.8052460699103494 0.3862982562386711 0
4816 0.7954401101941693 0.3919399940298521 0
4817 0.8051707047075906 0.3976642539217318 0
4818 0.2500875839323953 0.7883445550184038 0
4819 0.9704693762408412 0.1335237693047781 0
4820 0.9713968863675753 0.1239066030574191 0
4821 0.9702001535110836 0.1440269154209218 0
4822 0.1236409024725855 0.6569595055573805 0
4823 0.1131317748444061 0.7490622354265324 0
4824 0.814480785048986 0.5573592397296363 0
4825 0.8242287074897393 0.5518031418510227 0
4826 0.8145857569322728 0.5460935091954234 0
4827 0.8243178966505205 0.5405375268608311 0
4828 0.8146064171266245 0.5348274623527484 0
4829 0.8720772614392416 0.7570723779078913 0
4830 0.9154307408285952 0.1320336432093574 0
4831 0.906175916506782 0.1262982645294676 0
4832 0.4300827983947253 0.7536292124414479 0
4833 0.3469817249681288 0.9658292336184093 0
4834 0.4087960160657002 0.1733567460664159 0
4835 0.2008761746522483 0.4976554626410675 0
4836 0.8515885846457151 0.7884023478803346 0
4837 0.1316979179685747 0.7919770525621821 0
4838 0.8747984711242456 0.2599953577929938 0
4839 0.7427553137629931 0.3141215395460897 0
4840 0.6399887093017156 0.08574594883029535 0
4841 0.6309445035352832 0.09136553274784809 0
4842 0.2099355961201733 0.7883178491130969 0
4843 0.4942845098031008 0.5403773926353674 0
4844 0.3630772900204526 0.2321046587945762 0
4845 0.3732755612589501 0.2377833849830087 0
4846 0.162563089763871 0.611195482645792 0
4847 0.5383995765686385 0.5649521551387454 0
4848 0.5664247658217308 0.09866285405300562 0
4849 0.5752737659234074 0.4761672095180869 0
4850 0.5644010666711666 0.4823882286857688 0
4851 0.5210898102441982 0.4070608460951027 0
4852 0.323226177125746 0.2671558943638129 0
4853 0.3685635282430562 0.4316590445543767 0
4854 0.3686177907364613 0.4192788926493971 0
4855 0.2805972852843718 0.9704983058143791 0
4856 0.2895816513695305 0.9651263213954505 0
4857 0.6105809814907421 0.02843224059400024 0
4858 0.2234421436522686 0.8862366338349661 0
4859 0.9059932319547956 0.1372011940282352 0
4860 0.896701288716893 0.1314427674595803 0
4861 0.8964932703420392 0.1423854147835321 0
4862 0.7120222261442801 0.3939418889579133 0
4863 0.2310010340737513 0.4588582627392441 0
4864 0.2409275885843116 0.4646542444943292 0
4865 0.5739579335874243 0.02940670950857749 0
4866 0.2115490016501308 0.3627483156743495 0
4867 0.4859483952939822 0.2505909255194384 0
4868 0.6919653401478219 0.2496005075633363 0
4869 0.4624383004706812 0.7251087792356434 0
4870 0.3709852173829088 0.1628537362530175 0
4871 0.3810046836362178 0.3508841261066131 0
4872 0.3703287836435605 0.3569365888387814 0
4873 0.5340219337378751 0.202700009018158 0
4874 0.5242166218231659 0.2084160281679993 0
4875 0.9473842849543819 0.4308459562267587 0
4876 0.8617404745571602 0.02912194568714832 0
4877 0.872425219906495 0.4722678046326346 0
4878 0.5643663066444695 0.4698242695272554 0
4879 0.4318200896764867 0.4576973080006722 0
4880 0.5579634526710012 0.1257097463752972 0
4881 0.9009730850979543 0.838320538136656 0
4882 0.9008438789592993 0.8486899436835811 0
4883 0.8798387606228953 0.02873967289723711 0
4884 0.5762439658801075 0.8661250205347837 0
4885 0.3404103078418996 0.8117983421732222 0
4886 0.3500222863727422 0.8060592559555417 0
4887 0.2603208955132144 0.7369596241429921 0
4888 0.8629927923752378 0.408972213913981 0
4889 0.3703524737109886 0.1402896550833855 0
4890 0.9383728687207545 0.403047899657344 0
4891 0.241055613625556 0.4532196289109705 0
4892 0.2510404325618182 0.4590182098398564 0
4893 0.251179788042489 0.4474488180618162 0
4894 0.2612021853208369 0.4533125664875628 0
4895 0.261304111467458 0.4416156073384447 0
4896 0.2713956799920993 0.4475624648390837 0
4897 0.2714952951885516 0.4358067126176468 0
4898 0.2816087700434655 0.4417903490060135 0
4899 0.2817013623043 0.4300082788562674 0
4900 0.2715706441141571 0.4240291597110422 0
4901 0.2817694540300361 0.4182160831935999 0
4902 0.2717387580677478 0.4122498588523248 0
4903 0.2818633917179646 0.4064246592756759 0
4904 0.2718364072351697 0.4004585601058884 0
4905 0.2819371550696479 0.3946311751685377 0
4906 0.2921786940111302 0.4005997637195027 0
4907 0.2718263702575586 0.3886640510006044 0
4908 0.282002171425792 0.3828366356120291 0
4909 0.140996894457995 0.8190253119470506 0
4910 0.835411282300202 0.3258944344773992 0
4911 0.8335025911929443 0.6476611446995827 0
4912 0.3610782820092351 0.145825804617039 0
4913 0.2886796910343247 0.8904928890784398 0
4914 0.5294745862730452 0.3399001379863962 0
4915 0.1587675641268538 0.8378253770496535 0
4916 0.9719551500627136 0.9148013353639179 0
4917 0.972274951530522 0.904102258259891 0
4918 0.9109875149533965 0.3546109077916908 0
4919 0.2210196582301309 0.6568034164605356 0
4920 0.2309199570698396 0.6624580309144258 0
4921 0.271790648007174 0.3772323924929201 0
4922 0.2820890637147991 0.3712040368377077 0
4923 0.3863754880644529 0.6972303498244619 0
4924 0.8708403216647795 0.9740909361948349 0
4925 0.8622957725430506 0.9679048369052516 0
4926 0.8622663962190777 0.9574400584759126 0
4927 0.570019953323853 0.6085225166391369 0
4928 0.8628971424101688 0.4778209025062778 0
4929 0.1404233186123783 0.8523701049444168 0
4930 0.131043684396477 0.8573130795713235 0
4931 0.5057557248659886 0.8274429168609978 0
4932 0.9715786043687616 0.9575367678774764 0
4933 0.9715465485608734 0.9679838338675147 0
4934 0.9715638082060728 0.9473266179328749 0
4935 0.5535181067045993 0.4765446161696292 0
4936 0.2514294285486885 0.6051614156752805 0
4937 0.115799653810936 0.02901582778735645 0
4938 0.7855890711406196 0.3734709690995871 0
4939 0.8873583910169706 0.1367599375125006 0
4940 0.4201012563144945 0.7595104916353657 0
4941 0.4201561488008171 0.7709886732771802 0
4942 0.4101391302278579 0.7653921921253147 0
4943 0.5922129560501542 0.0289530585276303 0
4944 0.6403827210732134 0.1733990647495641 0
4945 0.5421009597291984 0.358330585696219 0
4946 0.7343192571719666 0.5392930894717949 0
4947 0.7244957356444197 0.4986399086590387 0
4948 0.632716644137695 0.6815132950894465 0
4949 0.6431070574878562 0.6875015294433262 0
4950 0.6431499639560783 0.6755672219627866 0
4951 0.04007918753244832 0.5338530491554107 0
4952 0.03133280574036734 0.5294955022558716 0
4953 0.8528756960661924 0.02451837847445038 0
4954 0.8435320991492224 0.02941433104443919 0
4955 0.1723688284184776 0.3738977602452587 0
4956 0.6025326942615107 0.184971257046209 0
4957 0.1528747821257231 0.4164619904441736 0
4958 0.3055526278365508 0.1023781016216596 0
4959 0.3146218150502628 0.09703725597659207 0
4960 0.1621282636529737 0.4642462130542677 0
4961 0.08649151215024359 0.559835556215531 0
4962 0.3637575893664069 0.7149265802828086 0
4963 0.2873161104878491 0.8574896466153481 0
4964 0.87241459173394 0.4385273373015318 0
4965 0.8823380984417976 0.4334391380371827 0
4966 0.05838317353010047 0.5428263470170137 0
4967 0.1052560486023816 0.4086146856384169 0
4968 0.09590344448642063 0.4139735257904185 0
4969 0.8253261420440581 0.3530133414808018 0
4970 0.6323901164953997 0.7054993439763564 0
4971 0.8871323981076948 0.147537703252644 0
4972 0.9707388646518313 0.09671104375514372 0
4973 0.9706557884626363 0.08610950822350166 0
4974 0.4068034144525309 0.6858498656402366 0
4975 0.525236128014221 0.8162043452217457 0
4976 0.8529326851433083 0.9626059547369233 0
4977 0.8533162266875869 0.9730489090078103 0
4978 0.4661201362152942 0.3083382827376998 0
4979 0.4660814487390184 0.3203223570915629 0
4980 0.4764186325013602 0.3263919576525983 0
4981 0.09544290095123065 0.5305923222730291 0
4982 0.09542193347855682 0.5197454370316208 0
4983 0.1721769300619122 0.3962968275583044 0
4984 0.09534214349413317 0.5412717468905617 0
4985 0.5395183219192038 0.1374968881424626 0
4986 0.5301676539739985 0.1323478454276514 0
4987 0.3790973355081544 0.02750824806336505 0
4988 0.7139667121814879 0.5510947393290052 0
4989 0.6140488502044301 0.8439032311970452 0
4990 0.623227431134751 0.8492356949067832 0
4991 0.3053307196642418 0.02813121364140736 0
4992 0.3143430176013519 0.03319229454480482 0
4993 0.8236424835031755 0.6864629840553886 0
4994 0.9586371711414452 0.255881332510853 0
4995 0.9673933498736088 0.2609155869928584 0
4996 0.3023373974666864 0.562991160139249 0
4997 0.2508716691847772 0.6617699536748144 0
4998 0.5111656512532319 0.110607354249994 0
4999 0.5034707853633137 0.1274720466364279 0
5000 0.4741687854582833 0.6030669381416651 0
5001 0.2920138414619819 0.4241885386854782 0
5002 0.7448063149486733 0.4642786605011938 0
5003 0.2611008767609241 0.6456102066829237 0
5004 0.8979891425982904 0.02828734597789972 0
5005 0.9071989769840645 0.03325606357732264 0
5006 0.7894277801112973 0.1032428271731658 0
5007 0.9090342127095461 0.8645451629581323 0
5008 0.4072352687963861 0.6494802576758726 0
5009 0.1886483695278761 0.9721997633228932 0
5010 0.2022274055309203 0.1200821538996591 0
5011 0.1927632628762754 0.1145218804736386 0
5012 0.2614531225125948 0.6110679937905034 0
5013 0.4748774644316168 0.6273045595819636 0
5014 0.1619560132950121 0.4869593343344805 0
5015 0.151488704568581 0.7532560870569687 0
5016 0.1611848017524266 0.7477706519765943 0
5017 0.9116792148051879 0.3116285358986139 0
5018 0.9118994266227188 0.3217587215344638 0
5019 0.5862988541820355 0.5079978929614195 0
5020 0.3762709803700586 0.1799746334292526 0
5021 0.8217848476895495 0.08700469617554502 0
5022 0.8131175119110097 0.09234523064242411 0
5023 0.5448048749566153 0.8048831097620188 0
5024 0.4504865642063682 0.7418850882940469 0
5025 0.9738097582672094 0.7401397074785914 0
5026 0.9649192750909595 0.7454169052933337 0
5027 0.9738083122625911 0.7505700465652565 0
5028 0.8333946144854717 0.9728140554021782 0
5029 0.2870983689330779 0.02812713295877772 0
5030 0.3882696405198539 0.05369875016365866 0
5031 0.3882334092999509 0.06427700824699328 0
5032 0.7551026845953746 0.4583376715867877 0
5033 0.6472375399080567 0.027207112742476 0
5034 0.6564690087636651 0.03215527420417696 0
5035 0.423104636796458 0.3028941430288579 0
5036 0.2011941211767498 0.391246515675553 0
5037 0.804796740053241 0.5745418756432633 0
5038 0.02865764608246257 0.8613163957059145 0
5039 0.02894069405029442 0.850613983686511 0
5040 0.9650236271525396 0.7561546770308825 0
5041 0.9741247850371035 0.7610419300537505 0
5042 0.6609162978038904 0.4378791987929758 0
5043 0.7037238128958774 0.5569808143841279 0
5044 0.8731108657054272 0.3858286069693292 0
5045 0.8728453955671357 0.3764057334691975 0
5046 0.1624935316183287 0.4416558819411608 0
5047 0.9738400322007795 0.7193130193413156 0
5048 0.5103040442543352 0.4007948448530468 0
5049 0.1143803472204488 0.5654397039436201 0
5050 0.2528616812692424 0.1697446391547572 0
5051 0.2631560069129584 0.1637430264674919 0
5052 0.9742241773643171 0.4572592761463427 0
5053 0.9743124010875437 0.4677580543908886 0
5054 0.1796910328353934 0.8375079217625364 0
5055 0.8771365828121569 0.173396091229476 0
5056 0.8865340456479374 0.1684318980911619 0
5057 0.4901524866752833 0.03652764430880084 0
5058 0.4899823763953889 0.02607237902804144 0
5059 0.8436723236174869 0.8057482687064667 0
5060 0.5734759739407328 0.2383629256240571 0
5061 0.8910468068899017 0.8545710761643242 0
5062 0.9005333262763471 0.6787219613780172 0
5063 0.6411848206284753 0.4889961413540209 0
5064 0.6413838602953709 0.5016013250037378 0
5065 0.5644771832819404 0.7934865154083907 0
5066 0.1249028613829493 0.1969993932447479 0
5067 0.8157361014838449 0.02501556647312053 0
5068 0.1723513111801259 0.2610229800880504 0
5069 0.295496201936938 0.1075724767155736 0
5070 0.7595041856693868 0.9310375707139793 0
5071 0.9739964609758291 0.7835879201725866 0
5072 0.5008245259447396 0.05206160676414873 0
5073 0.5321112846144358 0.3762856964588349 0
5074 0.5394094751117422 0.6878270272250222 0
5075 0.539302704660101 0.6758247055928388 0
5076 0.2411842987033764 0.07539096690566671 0
5077 0.6833097752099693 0.5258105670664971 0
5078 0.7868703355713723 0.9147008293584111 0
5079 0.311954422015754 0.6733782391150958 0
5080 0.9467785181905458 0.7568123615569551 0
5081 0.3437658542574894 0.8785933569137578 0
5082 0.6937317423621291 0.5517040801115572 0
5083 0.7234205822916195 0.9728746853283914 0
5084 0.7138199807883798 0.9674036141465806 0
5085 0.7324791377486931 0.9775140804580115 0
5086 0.4317098986669776 0.470497359084216 0
5087 0.4208741961561179 0.4640718133303389 0
5088 0.4427352209335874 0.4768882241295653 0
5089 0.9745878967110344 0.4363143888533827 0
5090 0.02695426880001217 0.9750503096189785 0
5091 0.1706241835897452 0.9725910268412193 0
5092 0.8626623590514128 0.7625540801982605 0
5093 0.8628483473893063 0.7520323464388257 0
5094 0.03938828772225927 0.7276775910742573 0
5095 0.03026719559808994 0.7224261133769866 0
5096 0.04839776959012054 0.7330468977660517 0
5097 0.2871983686051369 0.846597621833781 0
5098 0.2781756332882018 0.8511499710307826 0
5099 0.2966686153166347 0.840732151081661 0
5100 0.3975773011708776 0.557326137415698 0
5101 0.3976273299962471 0.5449087877311117 0
5102 0.387071507512589 0.5389788217444017 0
5103 0.3972404229652115 0.5692363242424492 0
5104 0.8145804564886395 0.9727415425577928 0
5105 0.02292071842893012 0.3052142043247062 0
5106 0.2116747919762675 0.5135207659297215 0
5107 0.2118988842848288 0.5247819587286039 0
5108 0.2941896467437414 0.3779824462533939 0
5109 0.2926622771548235 0.3653580455152612 0
5110 0.2821942308164176 0.3591923854114512 0
5111 0.2924593197151849 0.35334760188591 0
5112 0.6838335228317891 0.02597509711414692 0
5113 0.7910606344492181 0.2735498591194511 0
5114 0.9077592659277534 0.9730185278600225 0
5115 0.9168665845845525 0.978159825509503 0
5116 0.2406863208084726 0.1420444797474671 0
5117 0.2510876211018473 0.1474909352153898 0
5118 0.2310634278880547 0.1365678973377799 0
5119 0.150793619546956 0.8026426680782647 0
5120 0.7020492610286514 0.3640295158498157 0
5121 0.7123639342501937 0.3700655752928184 0
5122 0.7429268999514518 0.8599747629812883 0
5123 0.7534555853465362 0.8654606909489629 0
5124 0.2631128187754165 0.2094337177821333 0
5125 0.472469826121011 0.5768797803120702 0
5126 0.2298516542246704 0.8115658568738515 0
5127 0.9740951884135856 0.8048627860344897 0
5128 0.9653013009061696 0.8101664826687217 0
5129 0.9741368963051942 0.8153108401935758 0
5130 0.9653863147037576 0.8206113805998866 0
5131 0.04593472177436747 0.9142257035854806 0
5132 0.4281759466362239 0.1846752732332214 0
5133 0.4375623924878032 0.1786258756780532 0
5134 0.2895463672487701 0.9752653882236721 0
5135 0.2988635723423925 0.9701664432630245 0
5136 0.7736705284262416 0.8543805716576207 0
5137 0.7833067504116631 0.8488386682085637 0
5138 0.7324066765478242 0.9469240375487424 0
5139 0.974516341876942 0.4147655557053206 0
5140 0.5099994962567181 0.4132239750959388 0
5141 0.7620289510645697 0.1864594023914304 0
5142 0.7719579588423802 0.1809485120946622 0
5143 0.862339072705659 0.730533510525909 0
5144 0.614005730036157 0.972862321801563 0
5145 0.3700672878126463 0.8726284363738305 0
5146 0.2210417370002614 0.486122977533704 0
5147 0.5462281883148004 0.02511614826653163 0
5148 0.2314965722133893 0.28370433063885 0
5149 0.1321345693989807 0.7597748439456697 0
5150 0.1317985674443433 0.7705174960845872 0
5151 0.6283101326171622 0.2970942716690651 0
5152 0.6387676150241678 0.3030754367707065 0
5153 0.6180118124419055 0.2912751694477583 0
5154 0.2533224211622799 0.1923425758206633 0
5155 0.2431255519693106 0.1866464967247677 0
5156 0.1440633084173743 0.1870551658274031 0
5157 0.9380397996061473 0.4568367938013118 0
5158 0.7975298391148047 0.291845919561006 0
5159 0.702272297424711 0.1640197985906333 0
5160 0.2806237319993394 0.7717236527483115 0
5161 0.2804250550648974 0.7603145507005045 0
5162 0.172204243296073 0.6056320390557551 0
5163 0.1626168143127286 0.6000025753575827 0
5164 0.9742061740114283 0.8257516383155745 0
5165 0.9654754898829168 0.8310507654347281 0
5166 0.9742956013140941 0.8361900242808731 0
5167 0.9655852323684044 0.8414883986868148 0
5168 0.9746864447594802 0.8467340963918768 0
5169 0.9747525993581054 0.8695696535195476 0
5170 0.04035362597484915 0.2312132688814122 0
5171 0.03124084630878132 0.225929146352457 0
5172 0.03132874977672129 0.2154854778239056 0
5173 0.654973840866948 0.6451224449719963 0
5174 0.6872950925504901 0.1449477391061649 0
5175 0.1147497982921213 0.3930532955854901 0
5176 0.1524981972390542 0.661407020906323 0
5177 0.142820840389236 0.6669648182174782 0
5178 0.8334145693444295 0.7032113027224334 0
5179 0.772482619673226 0.2615310810550258 0
5180 0.7414624270700082 0.1977659809415107 0
5181 0.9540572296640317 0.9360939173397426 0
5182 0.2989170862748836 0.9491817459788587 0
5183 0.6656995460861868 0.1750828064328434 0
5184 0.5959245219188236 0.9729825752589362 0
5185 0.5867498304723887 0.9679623388846563 0
5186 0.07928613674069063 0.03946477859641079 0
5187 0.07951928678260961 0.02895073424120131 0
5188 0.8140778698951385 0.6806357365568629 0
5189 0.8141400075947696 0.6694502745818176 0
5190 0.4363555446851187 0.1231020609140849 0
5191 0.3451547426863555 0.9326973358105978 0
5192 0.5011671937741299 0.062620605754382 0
5193 0.04959008081340588 0.247104789763251 0
5194 0.6748939835931956 0.03153281490789839 0
5195 0.8250802645089751 0.02980838355088256 0
5196 0.8796711282309965 0.9145703711633234 0
5197 0.9469916316141257 0.7144704942106906 0
5198 0.551139013580375 0.9731857781523574 0
5199 0.5602647648361381 0.968132377202845 0
5200 0.6329200440473282 0.2032776726752555 0
5201 0.6328224610896698 0.2145580604753279 0
5202 0.6428259993615875 0.2202623704038663 0
5203 0.6321364227272447 0.1911290280775231 0
5204 0.5866669625798721 0.9575058544566684 0
5205 0.9614838879546357 0.07003114558400036 0
5206 0.7795392352613919 0.1089948271529524 0
5207 0.7834108248849113 0.8376934744904675 0
5208 0.7120129889070872 0.3089370525049235 0
5209 0.5748892212689702 0.3637967646071638 0
5210 0.95601795936008 0.5098559536154311 0
5211 0.9651267770494429 0.5150586393784716 0
5212 0.9740318860731035 0.509967543492056 0
5213 0.9739847384292297 0.5204154776161476 0
5214 0.9651065774071004 0.5255294269172359 0
5215 0.9741067427868777 0.5307569621161119 0
5216 0.965128897635366 0.5359574808600547 0
5217 0.9741164409774468 0.5411742924923468 0
5218 0.9651577085459746 0.5463879552922972 0
5219 0.974048826841075 0.5515915561547237 0
5220 0.9651508286026179 0.5568262386591094 0
5221 0.9739899918193331 0.5619792735377525 0
5222 0.965172286701087 0.5672678043773225 0
5223 0.9740837855302571 0.5724299133910558 0
5224 0.9651793320047497 0.5777079550003891 0
5225 0.9741168172992831 0.5828284502681009 0
5226 0.965186775680726 0.588147611463778 0
5227 0.9740556567643264 0.5931552440008131 0
5228 0.9652028615089933 0.5985531483052493 0
5229 0.9740635996616686 0.603527009810392 0
5230 0.9652086913970211 0.608990565474118 0
5231 0.9740810173372704 0.6139116329052718 0
5232 0.9652284876899144 0.6194061067471957 0
5233 0.9741020563780234 0.6242946088845064 0
5234 0.9651844667239846 0.6305700915534406 0
5235 0.9741216457000973 0.6359664559288509 0
5236 0.7858257438402046 0.3496854458526261 0
5237 0.5955393392447508 0.9415759565784165 0
5238 0.3013510218189804 0.7264571126256377 0
5239 0.3012937697588923 0.7381228922537333 0
5240 0.6769393724895112 0.08495477392486095 0
5241 0.6865311632075515 0.09036319726053488 0
5242 0.4170174381973735 0.08004926036668125 0
5243 0.4076584912631528 0.07477276664598154 0
5244 0.3982656610913322 0.08021762764240287 0
5245 0.6017098496011882 0.6755139996792264 0
5246 0.6827595547267595 0.1864768658247581 0
5247 0.9284360122776205 0.7784716336925994 0
5248 0.0584899651513805 0.5975838145461991 0
5249 0.04135227817158538 0.1582534715903908 0
5250 0.03227739411442732 0.1529901236008559 0
5251 0.2714844787534771 0.6401694095899942 0
5252 0.2715947962126325 0.6286620640900813 0
5253 0.2712686627213612 0.6518639366099621 0
5254 0.1917344153514178 0.2608101271480273 0
5255 0.9560680721282198 0.5622948054324299 0
5256 0.6231346971617527 0.9361951514548386 0
5257 0.2199587175009086 0.7711180121618526 0
5258 0.1153291569139588 0.2132804631802542 0
5259 0.4566986555195779 0.2494648472054506 0
5260 0.4668306625641778 0.2434702034460569 0
5261 0.2018626740139246 0.2549916419543294 0
5262 0.2116853999125405 0.2608588401673769 0
5263 0.04965996477363499 0.3551424519215348 0
5264 0.5333306960371346 0.9731925724257557 0
5265 0.02117229643619845 0.7593171932132259 0
5266 0.5846201347936478 0.1198433767663588 0
5267 0.1924611285160119 0.2376663587201418 0
5268 0.06006545338788949 0.1152298544067609 0
5269 0.6930486370695007 0.02046672078837342 0
5270 0.8753655961288226 0.2383415004604361 0
5271 0.8759626583711693 0.2275635499898824 0
5272 0.5776353796731617 0.9628275639787378 0
5273 0.5788866957392822 0.9731517706796078 0
5274 0.2414433100759794 0.4752848952302611 0
5275 0.9737188619401582 0.6902222737245537 0
5276 0.9737040962478823 0.6800729287615863 0
5277 0.9742048484426523 0.7011298842716205 0
5278 0.3310747086008511 0.8396955329813097 0
5279 0.3213299210394167 0.8341793839134563 0
5280 0.9001941627306804 0.70807231780851 0
5281 0.06892899490765941 0.131585952366258 0
5282 0.9123786748251674 0.2608382725796445 0
5283 0.9121741041786884 0.2716497791744692 0
5284 0.1157671670571657 0.9431385659198717 0
5285 0.1621521711265208 0.9774269391906327 0
5286 0.4124099062702005 0.3450280566884925 0
5287 0.5425216245442236 0.407156474485835 0
5288 0.3355632295899225 0.927462924088289 0
5289 0.8431637926108106 0.6310134756363532 0
5290 0.03674232491301754 0.9193028774091979 0
5291 0.02777834356597897 0.913886604583463 0
5292 0.0275258662392654 0.9242314711708718 0
5293 0.01857634274519471 0.918790024974335 0
5294 0.2710922061629569 0.6733347966151118 0
5295 0.2216410887703561 0.175348556433327 0
5296 0.6031403762938352 0.08689388359422318 0
5297 0.6124229107146555 0.09175938161433395 0
5298 0.1784357469009121 0.9250743602192421 0
5299 0.1690933997132102 0.9199775895997941 0
5300 0.1600044698875638 0.9255496613848418 0
5301 0.1597128887377455 0.9148318326012594 0
5302 0.4958524248936853 0.6151987092516483 0
5303 0.2779817172866512 0.07558219038667063 0
5304 0.2682606973217351 0.08083358439628524 0
5305 0.3611227361571083 0.3512389564579795 0
5306 0.6435233677470524 0.6141733605192923 0
5307 0.654027530062353 0.6203531365031441 0
5308 0.3330585112322738 0.08607686002649134 0
5309 0.02369993374631429 0.1798001695158412 0
5310 0.7444532831251474 0.5333203740831294 0
5311 0.4603923273045483 0.9734712181696982 0
5312 0.4511853356734913 0.9685351074414832 0
5313 0.1974385288451936 0.9767166994521039 0
5314 0.7330567124719731 0.8868287528934427 0
5315 0.5479899326439048 0.0991828130351915 0
5316 0.1527816151415445 0.6167573022067782 0
5317 0.3424148020037689 0.1461930505018615 0
5318 0.9737771324054829 0.6591065480186942 0
5319 0.660779462930443 0.4125702742002256 0
5320 0.2615711493457447 0.3833027191288836 0
5321 0.833862789258948 0.5462688059115879 0
5322 0.834095961799095 0.5352705996872255 0
5323 0.3805911578222534 0.3632722388514114 0
5324 0.3695881097469749 0.3695952768389773 0
5325 0.4271251372124724 0.1286475072678527 0
5326 0.9155655515033905 0.054510946427069 0
5327 0.2616185124436175 0.4181862531725666 0
5328 0.4831354995663004 0.6658822313915584 0
5329 0.4726901661727303 0.6715400132639203 0
5330 0.4726360143749382 0.6596496729301887 0
5331 0.02258543860327084 0.263141084884513 0
5332 0.1148651597035943 0.05056313893293995 0
5333 0.8851002892829856 0.2223438009124574 0
5334 0.2017869242899699 0.312138362595929 0
5335 0.5701476222888993 0.6209001867470273 0
5336 0.280972315677574 0.7832207675661749 0
5337 0.2150074907796795 0.9134992252464034 0
5338 0.4175640397565343 0.1233254718933649 0
5339 0.5674690772148334 0.9043354318788424 0
5340 0.6230860690617162 0.6023779467528048 0
5341 0.6776773020044857 0.1395412560751364 0
5342 0.6113565593802859 0.1680519604552052 0
5343 0.6046519259891326 0.8932944242147314 0
5344 0.6622864487384026 0.4770263775259042 0
5345 0.6514929103892755 0.4704445953639519 0
5346 0.1506247777227937 0.06349808596396594 0
5347 0.2210715212451863 0.453136163532717 0
5348 0.8432052056808539 0.6639064113024352 0
5349 0.9285804207552359 0.7036811003014267 0
5350 0.1775669160874077 0.05929260060550628 0
5351 0.5635033654385018 0.3215737302059885 0
5352 0.5745774709557242 0.315149296425245 0
5353 0.6140930330692713 0.8769850781903088 0
5354 0.6236212383165731 0.8715020449033613 0
5355 0.08855836879965728 0.02383054624205394 0
5356 0.1329954494014949 0.06291388354492011 0
5357 0.2948794660438995 0.1522746045755686 0
5358 0.8723548234421908 0.7895125692224227 0
5359 0.2313886537077991 0.2721858127400032 0
5360 0.3814735885966918 0.3149015386536864 0
5361 0.3920301098558168 0.3089930527180138 0
5362 0.6403793700757777 0.09648385021240907 0
5363 0.6309027089865084 0.1020604325540336 0
5364 0.5764859001991928 0.8880020008938556 0
5365 0.3840237086367674 0.9217098095170516 0
5366 0.3935629254209469 0.9268791685379847 0
5367 0.2827379512906506 0.1641477018090354 0
5368 0.2619304957709719 0.4641739446267865 0
5369 0.569872909347714 0.5964481338475683 0
5370 0.5794688340603793 0.5908151232451597 0
5371 0.1525801738891166 0.4703603564548754 0
5372 0.3143276540929884 0.02247699279665627 0
5373 0.3232745044088143 0.02800125579097112 0
5374 0.8963687056613859 0.1529813283462815 0
5375 0.2794922712499051 0.8960782462415726 0
5376 0.7046139480388827 0.9029690487693485 0
5377 0.6650909834947805 0.9300037058186559 0
5378 0.2016639814749238 0.1089155308167817 0
5379 0.8628514038978355 0.7733383769823153 0
5380 0.9759917423995575 0.2965843993480586 0
5381 0.9758456686534819 0.3070218125403074 0
5382 0.9667310884006581 0.3121427158572103 0
5383 0.9757244774035205 0.31745277488555 0
5384 0.9666290773292175 0.3225661796715374 0
5385 0.9752533908459835 0.3278801577637805 0
5386 0.9664578071102753 0.3329953930809796 0
5387 0.975484578255695 0.3383153141986208 0
5388 0.8474443777366201 0.2327144745069977 0
5389 0.5592797946032437 0.9775100445260639 0
5390 0.106370854985351 0.02432881053678171 0
5391 0.2413728514890207 0.599391401631853 0
5392 0.4769186590075696 0.8115499237033977 0
5393 0.3424898975132037 0.1687402611320034 0
5394 0.7142538857490756 0.5053299809925175 0
5395 0.3529640291634493 0.7210956189290951 0
5396 0.3027457016940604 0.3592933880077611 0
5397 0.2513416369997775 0.4358415654009846 0
5398 0.7152353866431038 0.1389060005571372 0
5399 0.7155144823348772 0.1280006416104214 0
5400 0.8444012567161737 0.01829774364952313 0
5401 0.9749017351134213 0.3601631835006861 0
5402 0.795302353998842 0.4033218197133276 0
5403 0.7854763130147686 0.3970553930462359 0
5404 0.8051277302064321 0.4089866467984796 0
5405 0.5747923292339716 0.7646917082964308 0
5406 0.5847810668188784 0.7700375606133614 0
5407 0.5845046893678418 0.7814733268889779 0
5408 0.7204811014408721 0.02492086800085785 0
5409 0.8353128937025612 0.3369713855271226 0
5410 0.1617889139866876 0.5095181085721675 0
5411 0.1616216911542429 0.5205955880173748 0
5412 0.1715041287239442 0.5257578277657525 0
5413 0.8159917997066712 0.3366358854265666 0
5414 0.4204049063073146 0.7481928292221136 0
5415 0.02468124626203111 0.07103800470551141 0
5416 0.02427873833102767 0.08273609909444696 0
5417 0.02478563922593263 0.06049508509967272 0
5418 0.3022353861761178 0.1753227336800125 0
5419 0.1628211532692321 0.4112418617464164 0
5420 0.3669718569463796 0.9742799411432601 0
5421 0.1228839306175913 0.7334801795417494 0
5422 0.1136420061602894 0.7280925659071626 0
5423 0.5230305615479691 0.7136362727631511 0
5424 0.5343071698415721 0.7068469741948227 0
5425 0.7561305928938022 0.02370738172056414 0
5426 0.6194774287578761 0.02343056568946378 0
5427 0.4972715667205244 0.221299935127544 0
5428 0.5750115573319525 0.1251695116342793 0
5429 0.9827248980806694 0.5774574004553406 0
5430 0.4221008072504664 0.4383183886539378 0
5431 0.9828188049041691 0.7339188188752701 0
5432 0.3441394351877581 0.9764429402560151 0
5433 0.4132474379896619 0.2965992383782666 0
5434 0.02368147673396498 0.1064276674705306 0
5435 0.2824450987863514 0.4526441286986981 0
5436 0.1242657642312505 0.03481215309266217 0
5437 0.1245705282619353 0.02425637892536248 0
5438 0.09797698941949584 0.9744694648791339 0
5439 0.08858798689818442 0.9698619011266114 0
5440 0.08830453564035723 0.9596040607984562 0
5441 0.0794009962184789 0.9650852972376407 0
5442 0.131939233770316 0.7492473301494087 0
5443 0.9830358162280828 0.4629500617842472 0
5444 0.5293784005613897 0.3277617917020536 0
5445 0.7241439894434843 0.132929786357561 0
5446 0.9783254189665478 0.1810847994939581 0
5447 0.9780847547870146 0.1705726406611256 0
5448 0.3524737314258845 0.1630905263802415 0
5449 0.8805853694480765 0.07037526312026687 0
5450 0.8897534221763471 0.06527494702099818 0
5451 0.712152506334265 0.4054332806761097 0
5452 0.7018758851550255 0.4114773344596344 0
5453 0.5604693506890759 0.9575025746382031 0
5454 0.3126974281169125 0.5094158918511084 0
5455 0.69342215532513 0.5631032159515125 0
5456 0.8776723275694301 0.1627543471557069 0
5457 0.9761376493368743 0.286147074491417 0
5458 0.2910009650181506 0.6620178429519722 0
5459 0.1511387555517032 0.9206874427268865 0
5460 0.6007676436224791 0.5907347641238518 0
5461 0.04100764763822418 0.2003356668811657 0
5462 0.8535443090357021 0.07677858309241714 0
5463 0.3271477520867396 0.9746962551804366 0
5464 0.3178239095957346 0.9699621611444135 0
5465 0.5444656552710539 0.2428116589359527 0
5466 0.5540651973903712 0.2485651602726978 0
5467 0.5440526164977045 0.2544481700395755 0
5468 0.7846294880761411 0.5852124983025302 0
5469 0.02393989183443135 0.1690859136387037 0
5470 0.2791428415012174 0.8738493656264633 0
5471 0.8726036387209972 0.414601401631522 0
5472 0.05490416678203047 0.9080356209422407 0
5473 0.9492868635026279 0.2701246307434589 0
5474 0.9400031759366472 0.2757874999679628 0
5475 0.5056579105783452 0.6580807013064304 0
5476 0.5177037991846475 0.6637001743220661 0
5477 0.6790624969012533 0.9038573311428475 0
5478 0.6794400240046963 0.891834474364178 0
5479 0.1072121642001839 0.9792128632138201 0
5480 0.65410079737122 0.6574209212169662 0
5481 0.97096207480484 0.1069851919442995 0
5482 0.1430109589544877 0.6337134462992264 0
5483 0.133232901174258 0.6396873721737064 0
5484 0.8303587464613873 0.0819733381100633 0
5485 0.6796490861793421 0.9141808778996854 0
5486 0.02163134214215351 0.73798924948165 0
5487 0.0795625763690832 0.01852353927936207 0
5488 0.0706526417345904 0.02396017229229458 0
5489 0.979646470575008 0.1284972698013419 0
5490 0.7641524935101491 0.01734032037754318 0
5491 0.4520335030576763 0.9804604293896834 0
5492 0.4424071708576677 0.9738992345534409 0
5493 0.9766897388057122 0.2452868471052609 0
5494 0.9766104268289124 0.2351357727938819 0
5495 0.07989720154839625 0.9750760316817223 0
5496 0.07049599466272943 0.9705381710081775 0
5497 0.1813452111796602 0.4199718392113141 0
5498 0.4101657588298206 0.7763227615787169 0
5499 0.3998893991673438 0.7706304653626326 0
5500 0.02247526031973596 0.6636998305573214 0
5501 0.6535137593650332 0.6815051305361898 0
5502 0.653021222065739 0.6936005259544097 0
5503 0.8922539614228876 0.3570912241109417 0
5504 0.2820864287676315 0.3480759573581973 0
5505 0.292428317414567 0.3423690319876403 0
5506 0.02459246732951542 0.03878038113267807 0
5507 0.02451644892830712 0.02890293940412653 0
5508 0.3323622912411311 0.6856731771421914 0
5509 0.5066655745082539 0.7942760719206117 0
5510 0.6860319873816147 0.8490578013690699 0
5511 0.6951310959287895 0.843441659937065 0
5512 0.6832296113814706 0.5571753844220394 0
5513 0.5497585542574726 0.1424573069351062 0
5514 0.602248085291992 0.1187026723631294 0
5515 0.6115545178295274 0.11285697811294 0
5516 0.4693006685792277 0.9786110024739583 0
5517 0.150812828959101 0.792907426811612 0
5518 0.9070593961945472 0.02326381283127493 0
5519 0.9161376710007261 0.02788469274225958 0
5520 0.3230507409250217 0.5035879600587145 0
5521 0.333831217852284 0.5087286897806813 0
5522 0.3344883045362046 0.4982105610568653 0
5523 0.7739100931601959 0.04308793662563865 0
5524 0.331786931075773 0.7324712010151753 0
5525 0.3214414246180381 0.7381974352571179 0
5526 0.291805458866069 0.4477833103226082 0
5527 0.0237074181953969 0.1170547786176813 0
5528 0.3741423061589945 0.7101078317883518 0
5529 0.3759689277970507 0.9791596042709853 0
5530 0.3846988435570778 0.9740154213548701 0
5531 0.9650130613583234 0.7061053035572042 0
5532 0.2592382295417722 0.02340787771058234 0
5533 0.2683779392619087 0.01746497370271705 0
5534 0.5485293192214058 0.5594237607941741 0
5535 0.5382667962723012 0.5523768494651381 0
5536 0.5392719523210028 0.8771813944018094 0
5537 0.2008571340723339 0.4012659879561644 0
5538 0.2113626646781124 0.3980081234182859 0
5539 0.96269382714069 0.8989724032345462 0
5540 0.6811893402129663 0.4236841618691251 0
5541 0.1331245400798748 0.5760754106528079 0
5542 0.1429784367533147 0.5806864197648633 0
5543 0.5254200024950612 0.7820051462309836 0
5544 0.09601579069827337 0.2229889275250683 0
5545 0.3750275699236977 0.6793271385649193 0
5546 0.9117995835503118 0.3014285249792455 0
5547 0.921247757593286 0.2959973971044694 0
5548 0.9017086085744604 0.3412213577281445 0
5549 0.5188633759708101 0.3226264673182424 0
5550 0.9526307119853159 0.1073528315690873 0
5551 0.1400532004263455 0.8636163904125477 0
5552 0.02213569631321716 0.5445599368979332 0
5553 0.3968007967593798 0.7036698098447642 0
5554 0.6215058029713253 0.5904529143960542 0
5555 0.8596198986766386 0.2076408412044538 0
5556 0.8598442055782325 0.2195831655302729 0
5557 0.2537268356218616 0.975712953388196 0
5558 0.2629365647641734 0.9806317930928995 0
5559 0.4776761412578957 0.2319064696880537 0
5560 0.4625751450455388 0.5970071205486412 0
5561 0.8218204919478493 0.07612128521964973 0
5562 0.0221159159406823 0.5654912227981892 0
5563 0.02209998151066866 0.5759191775879182 0
5564 0.03114455659791127 0.5811825229337788 0
5565 0.02205958984440903 0.586339223848086 0
5566 0.03106243440624251 0.5915854354187824 0
5567 0.02232918829348568 0.5962141353498327 0
5568 0.7139735116287748 0.8976169548163753 0
5569 0.7977266732243304 0.09656017371987347 0
5570 0.3260196487308311 0.2090897818756447 0
5571 0.7039892370339185 0.523084263932831 0
5572 0.3727897143020587 0.7208585747531849 0
5573 0.3022699796290829 0.5155981138394622 0
5574 0.02270483231169351 0.2735641793115662 0
5575 0.8124750403423822 0.103065562304842 0
5576 0.1694680700514603 0.9079097948531116 0
5577 0.5397596995018219 0.1476010295768898 0
5578 0.7746761108335014 0.590868466599319 0
5579 0.7746092591443853 0.6023044373927179 0
5580 0.7646750664080919 0.596550836074377 0
5581 0.7645911637614387 0.6080178256862561 0
5582 0.5167966634351464 0.5395977768507774 0
5583 0.5451131639249993 0.7704386486121299 0
5584 0.3180822504785943 0.1919970086012121 0
5585 0.31739077815364 0.1818303913485766 0
5586 0.3451907094963604 0.5039507129096575 0
5587 0.02301936058584431 0.3922519138336922 0
5588 0.02308381474597371 0.4026839657596477 0
5589 0.03156906476248328 0.4079257394775812 0
5590 0.02307917670805892 0.413107004123445 0
5591 0.03154290991100622 0.4183524999991445 0
5592 0.02250556366130141 0.4235200717977664 0
5593 0.03141450913201654 0.4287730792654334 0
5594 0.4652080692430657 0.331485307447997 0
5595 0.75750031340936 0.05417546402065704 0
5596 0.7491653232691993 0.06042348560182742 0
5597 0.9836952958002543 0.8413239147925462 0
5598 0.47710195821797 0.2609370040804505 0
5599 0.02304027053858654 0.3713147590030146 0
5600 0.02290957539427174 0.4339418856308684 0
5601 0.0314140451185802 0.4391939418392518 0
5602 0.02259660837507099 0.4443697214393957 0
5603 0.03130351289526784 0.4496156028845928 0
5604 0.04043484609262393 0.4341751621812379 0
5605 0.5641774513336009 0.3091172037318903 0
5606 0.0218619397177155 0.6526849332395934 0
5607 0.9194093391276172 0.6984776143387822 0
5608 0.3511508119424012 0.8614879662627393 0
5609 0.7864380334065932 0.3386236394678945 0
5610 0.1162535844441623 0.5475547305462083 0
5611 0.02223653038380008 0.4547892779204096 0
5612 0.0312203421607623 0.4600361415120739 0
5613 0.02219390188896853 0.4652096544283166 0
5614 0.03115672039280598 0.4704562798593298 0
5615 0.3203484895372765 0.8240862988053551 0
5616 0.3111114937207535 0.8305168868489875 0
5617 0.6637781831308872 0.5508537420908003 0
5618 0.6518492190615321 0.5439194330035342 0
5619 0.7546262219200315 0.6022602939511319 0
5620 0.7545347825799635 0.613811686958656 0
5621 0.7445293560317335 0.6079970140727778 0
5622 0.7444569915683332 0.6196297629802962 0
5623 0.7544826324950599 0.6253623505152748 0
5624 0.7443870828746091 0.631233167282514 0
5625 0.7343106012288507 0.6254138355440457 0
5626 0.7343569639437888 0.6371127888054452 0
5627 0.7443822433303844 0.6429313749162398 0
5628 0.7343523649163011 0.6488191699204122 0
5629 0.7444066913446943 0.6546896222074923 0
5630 0.7343409515087801 0.6605339861350733 0
5631 0.7443060586918229 0.6663998584717468 0
5632 0.7343132889994253 0.6722420845439545 0
5633 0.7442193548263052 0.6779438406140303 0
5634 0.7341095285330987 0.6839382458442431 0
5635 0.7241213542531945 0.6775397009979787 0
5636 0.7241086547557032 0.6546722352951606 0
5637 0.7244143298788175 0.6309122590288455 0
5638 0.7240650842306912 0.6898370165312362 0
5639 0.7342782622373522 0.6954033727283814 0
5640 0.754419882479008 0.6601818469136261 0
5641 0.7245471460265889 0.6200150507282169 0
5642 0.7140134780268257 0.6246813057591253 0
5643 0.8184967140326898 0.1196211960074884 0
5644 0.5637254279194012 0.7587080157756518 0
5645 0.9006487951038127 0.6980921914920495 0
5646 0.02215166227898108 0.4756297134926462 0
5647 0.03111066036407928 0.4808762239336524 0
5648 0.02210920803362137 0.4860494112370494 0
5649 0.03105466212336094 0.4912958844838721 0
5650 0.9806531647616226 0.9523723181920811 0
5651 0.2320767772681834 0.07021035892890726 0
5652 0.6900153794999847 0.8210229525307939 0
5653 0.2817143152086321 0.5273474983214856 0
5654 0.2714726550972982 0.5338118762234635 0
5655 0.1866473558342086 0.02308765675938129 0
5656 0.17630813433743 0.01721178282840841 0
5657 0.1695846506565484 0.02433320779617998 0
5658 0.02206668568769354 0.4964692082176223 0
5659 0.03100985402633433 0.5017153889396543 0
5660 0.022583781826225 0.5068907571838457 0
5661 0.03102654832370938 0.5121350376742521 0
5662 0.02171970316981431 0.5174142985487914 0
5663 0.9342992671204857 0.1108946581321593 0
5664 0.9832644407281862 0.789141176506756 0
5665 0.9843326794110724 0.2388459570373453 0
5666 0.8530802992977026 0.7585462121372532 0
5667 0.9819640873063123 0.05991619775322077 0
5668 0.9794458312850133 0.04901878368317142 0
5669 0.9484242119213537 0.8852095228409782 0
5670 0.3977185819771758 0.5316157726604152 0
5671 0.4087945419731829 0.5378890135438052 0
5672 0.3871573953804371 0.5262176770500087 0
5673 0.3018095063645628 0.6577723804488433 0
5674 0.8636543348787732 0.3802847977315086 0
5675 0.4757916523374187 0.3370130660742495 0
5676 0.4871195077637683 0.3313013563523396 0
5677 0.9182543028107497 0.8812136600237119 0
5678 0.9175943339295828 0.8925580254324212 0
5679 0.02321863727834522 0.09520629459460095 0
5680 0.3427212926727268 0.680907821589661 0
5681 0.1052551644988131 0.2279577334021553 0
5682 0.713491581002915 0.1489356088501387 0
5683 0.6382257898993119 0.0227308255717481 0
5684 0.1047528436391 0.5251616915539383 0
5685 0.02249713783872326 0.6291429589681752 0
5686 0.02102847378014727 0.6184879525093586 0
5687 0.5493471813789111 0.5459555858147878 0
5688 0.6221100332924746 0.9676741732740888 0
5689 0.622820534665478 0.9783801290514033 0
5690 0.3697331445939145 0.02283970714593936 0
5691 0.3602983862174549 0.02761722555485302 0
5692 0.7888270455813637 0.03034088742435459 0
5693 0.7893577040453186 0.02019286703089007 0
5694 0.3398166685191976 0.8013820699964674 0
5695 0.3494670985837859 0.79575773554497 0
5696 0.3596636680921158 0.8005020333651292 0
5697 0.3584487207976692 0.7878384221983789 0
5698 0.3696593432406103 0.7945708984968491 0
5699 0.369570270135212 0.7831066977694557 0
5700 0.3793298362991151 0.7888415240216098 0
5701 0.3791781267123736 0.777983486230948 0
5702 0.3888120736146792 0.7847977698149865 0
5703 0.8047362141451432 0.541651150709578 0
5704 0.03153971363103947 0.3442423240264711 0
5705 0.02302979580016284 0.3502267183662046 0
5706 0.02377572753361556 0.3385637070348348 0
5707 0.7806884712244756 0.290854161876304 0
5708 0.408093470239388 0.1850991034312575 0
5709 0.3990762961324936 0.1789840032246447 0
5710 0.04055442685675859 0.3376493252080514 0
5711 0.3677825933771284 0.4449004881915984 0
5712 0.3572388014277094 0.4382987952472891 0
5713 0.8186584566712456 0.1413217896200002 0
5714 0.9834524834539061 0.684860340424981 0
5715 0.629765087774253 0.9512256607457305 0
5716 0.3579834046370354 0.969656015545641 0
5717 0.3586865910923654 0.9805706952447069 0
5718 0.9738591484797312 0.6482182742555562 0
5719 0.8429007803399897 0.7209187047566894 0
5720 0.02367356632482776 0.326742021220865 0
5721 0.02240313727122811 0.6744129191555497 0
5722 0.03072311446610987 0.6788207173794496 0
5723 0.0216578782153416 0.6839550204651127 0
5724 0.5755538605558198 0.8551897790774257 0
5725 0.9650089440826921 0.6422824737421362 0
5726 0.318580040227085 0.9813515615701923 0
5727 0.2821565064922738 0.5509655240052489 0
5728 0.9165294717644266 0.03751544422105496 0
5729 0.9255290895072213 0.03196165111107141 0
5730 0.9253907979250056 0.02277410974899485 0
5731 0.9345469098261368 0.02657385998518669 0
5732 0.4773563963844287 0.2718027820516078 0
5733 0.1419518662855681 0.5698257611886396 0
5734 0.4075025453074449 0.6372091456006039 0
5735 0.3969294240011935 0.6311938440452671 0
5736 0.01348817670305907 0.5108209583032638 0
5737 0.8829166468971038 0.3625303286042143 0
5738 0.05149762500127097 0.08710153600566256 0
5739 0.486308640607186 0.216336247382719 0
5740 0.2105923734545356 0.4082211747946788 0
5741 0.1503202464520336 0.9094523784163617 0
5742 0.2214615783448136 0.3570634483294678 0
5743 0.221580986741055 0.3464089337991177 0
5744 0.7501523205816326 0.9362164403245021 0
5745 0.134473078510484 0.2259530269323575 0
5746 0.1513449808666646 0.8466994311387332 0
5747 0.3733382442393458 0.2262407073093753 0
5748 0.7594575764663192 0.06332645102883683 0
5749 0.9022201655956972 0.3168768495581479 0
5750 0.1505711857528088 0.8317303079842453 0
5751 0.8528575641743181 0.7375384724630718 0
5752 0.4078453134909454 0.02104141723511366 0
5753 0.7511496157322781 0.9776287133870998 0
5754 0.7596998987889172 0.9829730993725123 0
5755 0.7686161157096945 0.9783466126919524 0
5756 0.9800925869486441 0.09163499221261906 0
5757 0.9803573774101708 0.08101322216227436 0
5758 0.9659623468502143 0.3865686196750023 0
5759 0.9747274667572752 0.3811893181875654 0
5760 0.9749688950278594 0.3917877133838876 0
5761 0.9747006588990172 0.4033233906678476 0
5762 0.7979491126367954 0.01476030725700994 0
5763 0.7143251471813223 0.6135316625460623 0
5764 0.6528072079512847 0.5555222988723041 0
5765 0.02288364134030968 0.2209646216695981 0
5766 0.02268685056935749 0.2316010286300163 0
5767 0.02346768135163835 0.210444467809256 0
5768 0.956924637180976 0.3924621083946529 0
5769 0.5342784760944582 0.2383929282292512 0
5770 0.5400183428665888 0.3334417882491969 0
5771 0.5406768993365783 0.3225933608245399 0
5772 0.4243892624396976 0.2907293865993805 0
5773 0.3698851618969456 0.7731943297786179 0
5774 0.02327775874375915 0.6405228483615775 0
5775 0.1425389482924789 0.2431002511483593 0
5776 0.6561096706919906 0.02171932522686831 0
5777 0.9243017112665357 0.1044592603614733 0
5778 0.4088112600566052 0.5243607980006507 0
5779 0.800717583619504 0.1524912169729863 0
5780 0.4648593499087096 0.2955813455183151 0
5781 0.4558035724320773 0.3023129243053476 0
5782 0.3541957356785904 0.937905072280462 0
5783 0.3540491792487143 0.9485056912953747 0
5784 0.1432652925623671 0.2559493505917168 0
5785 0.4085468802138482 0.5628356830803439 0
5786 0.7143848966524278 0.9786073664125108 0
5787 0.7053169197057665 0.9734802654928463 0
5788 0.7053654190426897 0.962934272459723 0
5789 0.5971858380839622 0.5135536019100293 0
5790 0.6080712512502431 0.5072350438045732 0
5791 0.6499717968370264 0.1677408985757353 0
5792 0.6494669908689682 0.1565663758670854 0
5793 0.8235784878580198 0.7903041006759722 0
5794 0.8336767292502806 0.7957660135662318 0
5795 0.0400432424968839 0.64066191931731 0
5796 0.6081746808488711 0.5200204196669902 0
5797 0.6190454593136873 0.51347337184056 0
5798 0.6189592073842186 0.5258412814536605 0
5799 0.6302055351905134 0.5199822481658517 0
5800 0.6297359310480025 0.5329658875648258 0
5801 0.9813645082002324 0.9091400742210218 0
5802 0.660963077429185 0.4508815278854006 0
5803 0.6887160628239601 0.9083931360216497 0
5804 0.6637837788338634 0.1526317879784233 0
5805 0.3129118945239677 0.5691591032161158 0
5806 0.4417457690249627 0.9634452378668072 0
5807 0.437939462523586 0.1900261866954231 0
5808 0.1667060034710177 0.06500087520609488 0
5809 0.01338120648625352 0.4182795575587791 0
5810 0.5273785212242511 0.6818986743713599 0
5811 0.8137849179270913 0.6929285981682569 0
5812 0.880539322047738 0.8600606686116544 0
5813 0.04709738803865526 0.85064057941226 0
5814 0.04115096280072422 0.5234229168060215 0
5815 0.2396384306895643 0.8057554346794074 0
5816 0.5836291038230462 0.2408873678363173 0
5817 0.593072666235462 0.2368498093103076 0
5818 0.6855070470394475 0.8818621151482081 0
5819 0.07115340103128492 0.9814943616074296 0
5820 0.06146583293695196 0.9759021990042936 0
5821 0.2315618842519614 0.1809244424591756 0
5822 0.9062671734380967 0.1149388860356348 0
5823 0.7724613918298928 0.3078917486053521 0
5824 0.7727968810858379 0.3194360214437992 0
5825 0.9855074207482241 0.1750622811420988 0
5826 0.9835882627646974 0.8203669009823038 0
5827 0.3655008021614654 0.9219052285080558 0
5828 0.8432647880782753 0.9678183407184009 0
5829 0.8427088366358457 0.9783071822258533 0
5830 0.3986498922051981 0.01708038899975017 0
5831 0.4174793575083748 0.01586345244606513 0
5832 0.5298122648088027 0.8829390154820009 0
5833 0.5300884336783077 0.8935997857397284 0
5834 0.3328978387612 0.1741802023952232 0
5835 0.6963665075990181 0.9682351381637135 0
5836 0.6964282838950895 0.9788108714495556 0
5837 0.6876979804287997 0.9740805229042518 0
5838 0.460081448025502 0.9528019915455446 0
5839 0.4208489360155717 0.7829100182789031 0
5840 0.2876300594506792 0.8350421231460691 0
5841 0.7776121319072251 0.9200803363121737 0
5842 0.3890252886253059 0.02271407765557337 0
5843 0.8713572491152732 0.07641783072871428 0
5844 0.9342043782106484 0.01715698061549265 0
5845 0.943507160179061 0.02084981313944273 0
5846 0.9526885167169484 0.01556761291061914 0
5847 0.9524474757088999 0.0254670298132898 0
5848 0.9615564433616417 0.02046226944161278 0
5849 0.9711878075793987 0.01718648890742952 0
5850 0.969714174864194 0.02677304587603369 0
5851 0.9807726927092515 0.02362129631930293 0
5852 0.9775987824105309 0.03353267849779595 0
5853 0.6551467562600251 0.9255703654924555 0
5854 0.6461656381266623 0.9309312647041819 0
5855 0.64589571118411 0.9202688581914336 0
5856 0.8522470936864004 0.9521600346745864 0
5857 0.03264402853900406 0.0890932281004676 0
5858 0.01507307084795539 0.08713487322900115 0
5859 0.6502014075945072 0.1794470997241213 0
5860 0.6505800997912458 0.4571741979747938 0
5861 0.5042517549013739 0.1396596702300228 0
5862 0.5126120122964908 0.1333197770772999 0
5863 0.6746430278068346 0.02084834555093984 0
5864 0.06127380528183979 0.9656363613119063 0
5865 0.4075516533764604 0.6251828043857166 0
5866 0.6759720484538544 0.8546575542714721 0
5867 0.6887495859682847 0.9199520076516607 0
5868 0.3635434690839879 0.2553993356537508 0
5869 0.3536230458130827 0.2615277084969148 0
5870 0.796394496900043 0.3457946118257553 0
5871 0.5238510367726312 0.2211745682080721 0
5872 0.5145167409836496 0.2137880255600277 0
5873 0.8138826770356296 0.7844283641979378 0
5874 0.7638652899831658 0.8599210938194044 0
5875 0.5644369208633081 0.4958907348591132 0
5876 0.9827409544965425 0.6409617762231378 0
5877 0.1053038340056981 0.4202217176563506 0
5878 0.09562835095287803 0.4253975173934564 0
5879 0.8519553037101623 0.9839759987811004 0
5880 0.8615340179300028 0.9794364664703111 0
5881 0.8707643762194925 0.9849341436707668 0
5882 0.8901928190489405 0.07593022950096306 0
5883 0.9687151977694749 0.20854266683032 0
5884 0.9770878295169357 0.2141899256943284 0
5885 0.977436751631431 0.2036846318498641 0
5886 0.9855168227810402 0.2099030154680002 0
5887 0.9792058168401583 0.192318723686734 0
5888 0.8726325419948073 0.4261140396319138 0
5889 0.8824804394986318 0.4223465913260694 0
5890 0.6189967851235953 0.5392220060736941 0
5891 0.4945499257652503 0.1454196373981244 0
5892 0.4841878542954704 0.1507912216022624 0
5893 0.9560462060636135 0.6365076447663995 0
5894 0.8629192709954074 0.4321511669725197 0
5895 0.01914627875521074 0.887437157770554 0
5896 0.01921592616448453 0.8768428170598526 0
5897 0.7133963023030432 0.07284584879064604 0
5898 0.7223908422031113 0.06701334532729331 0
5899 0.2418239271873227 0.2786236758882316 0
5900 0.6307261997132756 0.4953831805344283 0
5901 0.956142242688006 0.6142532919097856 0
5902 0.07908729762793076 0.1034117477564724 0
5903 0.3975115757227057 0.05887421678344917 0
5904 0.2421000809876227 0.2911079996883821 0
5905 0.2520794586099833 0.2730846230296394 0
5906 0.22313128904346 0.875342781961542 0
5907 0.2136695217919414 0.8803134346652202 0
5908 0.2325132648070708 0.8688270759752457 0
5909 0.9181370701094078 0.8700199720444258 0
5910 0.9898295601037641 0.08676583035252589 0
5911 0.9801486039004423 0.1023211571162644 0
5912 0.9810234630402352 0.1119001938668478 0
5913 0.01877600926476342 0.9084251002628354 0
5914 0.507004828802425 0.6702044412500561 0
5915 0.7857087764294675 0.3609878387300028 0
5916 0.7755613748382957 0.3667610442157632 0
5917 0.0496992923482199 0.3325132210524634 0
5918 0.3077934176545026 0.186444078262448 0
5919 0.6718846234924529 0.2495577544284938 0
5920 0.7043303560052842 0.07850834557147446 0
5921 0.7737530166971128 0.8654664413250376 0
5922 0.7637948353765047 0.8710867610068156 0
5923 0.946846909745138 0.7682489082851242 0
5924 0.0192932934067846 0.8558632635309138 0
5925 0.01950662414857973 0.8454489568233696 0
5926 0.02885777986068166 0.8396086142985234 0
5927 0.01912338327218666 0.8346576809982595 0
5928 0.9889921490638599 0.05345407087806731 0
5929 0.04009236322520154 0.5069620436288422 0
5930 0.7112250878866937 0.01867010874483943 0
5931 0.7620473439078321 0.1751670942376505 0
5932 0.07983247294055318 0.9542810323536011 0
5933 0.8533203730594371 0.4496998195347988 0
5934 0.843791980998098 0.4554501635021553 0
5935 0.84366530966465 0.4662373984836518 0
5936 0.9747960730543082 0.8583887667688634 0
5937 0.7123120860982468 0.3579094648171067 0
5938 0.722646332995861 0.3641218268098501 0
5939 0.7224151501121786 0.3504466967831137 0
5940 0.7304766000223698 0.3435550166735572 0
5941 0.4185814380756108 0.6425224538630532 0
5942 0.8707833229948088 0.9415008632889802 0
5943 0.9827893659364415 0.7548725381192326 0
5944 0.9828407296466407 0.7651250335559595 0
5945 0.9741832163312396 0.7713934396045954 0
5946 0.8042505371316075 0.6754932743313371 0
5947 0.249916291487869 0.08056405345699352 0
5948 0.8035756410788215 0.7694955261664884 0
5949 0.4894295843939483 0.7983472174466631 0
5950 0.3839948910883599 0.5148786505699512 0
5951 0.3726161512131243 0.5152503022007137 0
5952 0.3651301985582624 0.5066429469324459 0
5953 0.3617301611598271 0.5178651390311689 0
5954 0.6284242087484808 0.2852189153497953 0
5955 0.618622699398142 0.2791700739707464 0
5956 0.9657147237300103 0.852428425703371 0
5957 0.4991986407864935 0.4070372948812115 0
5958 0.4989546349536053 0.3945115827234854 0
5959 0.4878235627325793 0.4134834758188755 0
5960 0.2320445958752333 0.0808789130888854 0
5961 0.4207603409702638 0.4765740936500089 0
5962 0.4098860421273283 0.4702173515284532 0
5963 0.4992966669210442 0.0311607412952889 0
5964 0.4991935925527572 0.02064110963256294 0
5965 0.4898528636827745 0.01564461487821456 0
5966 0.5093835370052555 0.01536893750466167 0
5967 0.1337780506321162 0.02929045757616622 0
5968 0.8875902354975198 0.1259501090621712 0
5969 0.8781415530253349 0.1309334373319243 0
5970 0.9561276357805215 0.5933736913364327 0
5971 0.9475874892248471 0.4091176495240905 0
5972 0.9835402230535216 0.8538513108295922 0
5973 0.4936321530939909 0.659501884979564 0
5974 0.6396168651618017 0.4011290109383571 0
5975 0.2989190288137936 0.9810003220828822 0
5976 0.5665663030838636 0.8607010064911738 0
5977 0.5212010196108428 0.889278380497459 0
5978 0.7444998560516379 0.8376858726086687 0
5979 0.6768050728778172 0.8665183978146047 0
5980 0.9844666224912716 0.3963571170099441 0
5981 0.04851178051432403 0.7224691746245147 0
5982 0.05763567732784602 0.7277350208795134 0
5983 0.5865382491874935 0.5212869912502339 0
5984 0.9717793911544259 0.8949596525371039 0
5985 0.1293884069878123 0.8681305124480697 0
5986 0.1266909388941503 0.8774085157428516 0
5987 0.119816823402089 0.8724732972880765 0
5988 0.5850402074151099 0.3211376345816145 0
5989 0.5850161752835661 0.3091100915892722 0
5990 0.125061674537958 0.2193245999755203 0
5991 0.7133526709807998 0.908249599868501 0
5992 0.555671757851836 0.8577558371371949 0
5993 0.8249078502244165 0.01867447102098557 0
5994 0.3880818733682051 0.1834183733181114 0
5995 0.04017807776189913 0.4861230489142794 0
5996 0.3126245364558404 0.8405735535181731 0
5997 0.4916705027828969 0.05752889057002264 0
5998 0.1061487950623683 0.1099888426877701 0
5999 0.1156170417421688 0.1153149087291628 0
6000 0.1155794723931411 0.1259981664764075 0
6001 0.09675524125038371 0.1046016222927904 0
6002 0.3024437691876972 0.5760960981012876 0
6003 0.3237720690174993 0.5753573390441908 0
6004 0.3238640877008502 0.5880199434911779 0
6005 0.3341045407462876 0.5948169953566569 0
6006 0.3338033800762137 0.6070788419403833 0
6007 0.3341465869649185 0.5814502800900612 0
6008 0.3798530661780812 0.01696066710151423 0
6009 0.6866886096074801 0.8390447242423649 0
6010 0.1515764115230483 0.7421235922640659 0
6011 0.1614228047665901 0.7363017171725175 0
6012 0.1709772296751446 0.742149644382339 0
6013 0.1711523400525726 0.7306937739078345 0
6014 0.3557052596499808 0.4491181899856859 0
6015 0.3781363668113566 0.4524532222218814 0
6016 0.3900596948547005 0.4575672552491831 0
6017 0.7937671028252157 0.7408457905289747 0
6018 0.7839172412390523 0.7347132253520684 0
6019 0.7231609127182379 0.3758883179676721 0
6020 0.6916458704009336 0.3578235652552196 0
6021 0.5838563278443272 0.7585433472946774 0
6022 0.5933552051191813 0.7635631389188057 0
6023 0.8419419080970126 0.9894768184023508 0
6024 0.8799793085690131 0.9796052415756468 0
6025 0.8894310494914811 0.9836163710008887 0
6026 0.9753437728213267 0.349772164477978 0
6027 0.9842536829784672 0.3551367234357132 0
6028 0.4340575211769585 0.2975676279199287 0
6029 0.4449428422327853 0.2933440608926363 0
6030 0.9663753702565995 0.3438062943100044 0
6031 0.6874368746241749 0.9835090068518604 0
6032 0.6792014047136613 0.9782257079969279 0
6033 0.7056431188985117 0.9842139917433715 0
6034 0.6787450182367649 0.968362685164203 0
6035 0.6705608467126238 0.9752100621248122 0
6036 0.6302033661786365 0.4825980960509917 0
6037 0.4936768773225521 0.1569137529214361 0
6038 0.4837008713633057 0.1620425534890976 0
6039 0.8258635888863881 0.1253120659162197 0
6040 0.9559680151787235 0.7626692464568091 0
6041 0.1253268610370266 0.1096044033518504 0
6042 0.8435787433386515 0.5414228841621784 0
6043 0.8437086480494176 0.5305865618519544 0
6044 0.6396482088092456 0.539878179087367 0
6045 0.9242544852806196 0.0926949348527577 0
6046 0.7628414457589618 0.3252954136035353 0
6047 0.3085354625335879 0.9752252979403684 0
6048 0.9810084347134985 0.07077999689850695 0
6049 0.7516232613846594 0.1921062266524691 0
6050 0.8036222572742311 0.7460874992454412 0
6051 0.6408903043637681 0.5263761837486725 0
6052 0.9597790708266809 0.202680654327206 0
6053 0.9507537551950684 0.1968952699263774 0
6054 0.9275940985333059 0.8863679638524031 0
6055 0.0153912226998773 0.06640803095193626 0
6056 0.670947378580293 0.4303549329368734 0
6057 0.4461120384216062 0.1175153727664883 0
6058 0.7443452866676424 0.8151816889720801 0
6059 0.7921437157844335 0.2615725148417193 0
6060 0.8006509058142134 0.2680563113429671 0
6061 0.8013398708640553 0.2559275269325146 0
6062 0.8015253643073076 0.2439641522551502 0
6063 0.8124221097779102 0.2381565152895694 0
6064 0.8118292573806586 0.2263530958050126 0
6065 0.2201900843124605 0.8171104440447049 0
6066 0.2097139061435673 0.8110546191252286 0
6067 0.2104449906085734 0.8221008918696766 0
6068 0.1075106336771658 0.9375319912032131 0
6069 0.09807733968298982 0.9428746690812612 0
6070 0.04026379856353096 0.4652832234104263 0
6071 0.4098356144562272 0.482783165415626 0
6072 0.4316245925746793 0.4835750836306092 0
6073 0.4426780088124738 0.4897196632140934 0
6074 0.4103966440657095 0.4578044389164342 0
6075 0.6862577763098354 0.07949880198538417 0
6076 0.7930862481878884 0.84325732047791 0
6077 0.7932406966382193 0.8544657747538564 0
6078 0.4170049403511797 0.6167438263200657 0
6079 0.4083651953070436 0.6065228790376115 0
6080 0.4112493790019872 0.5954440923406842 0
6081 0.3995660149583381 0.5987688319943939 0
6082 0.4032422719805573 0.5872044072734557 0
6083 0.803037093135534 0.8376104461366105 0
6084 0.9187816014925592 0.8587228171701371 0
6085 0.5848336668622489 0.8497885663787582 0
6086 0.6184454792215184 0.4017201287102615 0
6087 0.6076938341512876 0.4078604939779823 0
6088 0.6186056658331662 0.3891905000269574 0
6089 0.8982718341764576 0.9778456616523097 0
6090 0.7537069499842253 0.8765801272380107 0
6091 0.5559469777339467 0.01849423020080015 0
6092 0.07739731098057145 0.3057707452821903 0
6093 0.08665697964299512 0.300332592214854 0
6094 0.08658025236875705 0.2893416314505872 0
6095 0.09589676399684866 0.2947499615882546 0
6096 0.06818345476092347 0.3114152743599822 0
6097 0.0960087519411994 0.3059925234205551 0
6098 0.7443616451415551 0.8038801305728591 0
6099 0.8448463576230902 0.0821069826409746 0
6100 0.04974357004103636 0.3439583469135446 0
6101 0.5508276198707309 0.3274613610062407 0
6102 0.05781367896646156 0.7167978102759982 0
6103 0.03942235365297231 0.7167644413963552 0
6104 0.03006274450868884 0.7118906543551737 0
6105 0.02207023786188617 0.717249580026653 0
6106 0.02071282801090391 0.7071298714092003 0
6107 0.02974120066303465 0.7014005435482344 0
6108 0.01960674029022419 0.6960255419024185 0
6109 0.5967099942738748 0.4014501639153142 0
6110 0.244156976015266 0.971107152032832 0
6111 0.2455070358872429 0.9824936521819414 0
6112 0.9566985229778899 0.8578326751940846 0
6113 0.2706456786165262 0.7773585190833662 0
6114 0.2397960640795156 0.1309447591492338 0
6115 0.3021946116916043 0.164056949834203 0
6116 0.3433538860755712 0.2205107706021717 0
6117 0.01375300075750985 0.6255107008303864 0
6118 0.01951989698611156 0.6062235075275231 0
6119 0.02988998973043089 0.6120593424150489 0
6120 0.1229198142142009 0.05817438837217676 0
6121 0.2630581365056406 0.2208703693061363 0
6122 0.2729812452359529 0.2266075126033655 0
6123 0.4843916301788044 0.1736369156342389 0
6124 0.4741741162237255 0.1688262537329056 0
6125 0.4650886605928173 0.1753612000771869 0
6126 0.463266787100501 0.164192478746262 0
6127 0.4545747916351564 0.1715006019349211 0
6128 0.7917843912638307 0.1589772407519499 0
6129 0.7495138418035645 0.9256266334113685 0
6130 0.5641773649084232 0.02438376449815965 0
6131 0.1537237079867708 0.1815033153762948 0
6132 0.1633812206194869 0.187076360481127 0
6133 0.6620051903381399 0.2432844930491839 0
6134 0.6515072261620314 0.2488204175953357 0
6135 0.6525146652359728 0.2368957668013017 0
6136 0.641767907020232 0.242539379751547 0
6137 0.6764977613611071 0.07402637457737637 0
6138 0.2421903261696995 0.1753309332731108 0
6139 0.6803008414805508 0.7927159742592393 0
6140 0.6887641424651216 0.800202278579903 0
6141 0.671392024524504 0.7864992963766764 0
6142 0.6627185412489256 0.7783104951516957 0
6143 0.6603983128291127 0.7915367036863715 0
6144 0.6518364630023264 0.7840683532645798 0
6145 0.664158508326219 0.7679034509027043 0
6146 0.6525516838266622 0.7719033673920515 0
6147 0.6556256957491196 0.7605061442932302 0
6148 0.6042511641994066 0.8388399463108138 0
6149 0.6134197568827504 0.8326903126219843 0
6150 0.5937566595293233 0.8335424778490163 0
6151 0.6326385669085081 0.2261879177144709 0
6152 0.6223146080836495 0.2203480511175681 0
6153 0.6125681907990382 0.6695740875785045 0
6154 0.8429192914939103 0.8169814678507656 0
6155 0.7219754947559993 0.3984187790176532 0
6156 0.7223347246459308 0.41120481788672 0
6157 0.7287609026939972 0.3918600288300953 0
6158 0.5285779447810389 0.6696757890593358 0
6159 0.3640877220945989 0.9431030124671809 0
6160 0.3828780220872453 0.303043871101775 0
6161 0.7809392432290112 0.1549258284163941 0
6162 0.7839414673735468 0.1658951553369826 0
6163 0.9572558161225446 0.3490289418538327 0
6164 0.01376822461059357 0.397397651811923 0
6165 0.956049209221147 0.5413289706199381 0
6166 0.1339384030001257 0.01832587324755608 0
6167 0.1428997093577864 0.02561785875073197 0
6168 0.1512989727324124 0.03234622296549217 0
6169 0.1530463446980835 0.02191328112190311 0
6170 0.947789724024156 0.3979428124706708 0
6171 0.3052727816197892 0.1133675723035541 0
6172 0.6487684914351176 0.7968202077216799 0
6173 0.6410372742830266 0.7871705667193469 0
6174 0.6598081007391894 0.8038181589756208 0
6175 0.732884766469484 0.3202911788845708 0
6176 0.7019151197039315 0.3515882852213565 0
6177 0.6811710761631764 0.351588110097094 0
6178 0.4071630542424637 0.1971546140108692 0
6179 0.4178785923910374 0.1906877809022786 0
6180 0.956482402846309 0.8365037972960628 0
6181 0.8796782676590793 0.9252994058332222 0
6182 0.8890898660474429 0.9307205233803288 0
6183 0.4168748760408671 0.06932053177409597 0
6184 0.3472188737780828 0.4432953088831397 0
6185 0.172287033888553 0.5941937168405866 0
6186 0.1626002749328638 0.5886911753238979 0
6187 0.1529198946613574 0.595161057328268 0
6188 0.9414617709290809 0.2022699457385853 0
6189 0.2429949317978145 0.1641009703709713 0
6190 0.4326598218592522 0.968912384372941 0
6191 0.4330742224933142 0.9784845019003359 0
6192 0.4241025430550754 0.9740123170265966 0
6193 0.4247056212866904 0.9839178749306201 0
6194 0.4139167671463914 0.9808563959192276 0
6195 0.3646571821155837 0.2203095193094786 0
6196 0.8428612475839939 0.9572499617012504 0
6197 0.7325536166055957 0.3084144446681123 0
6198 0.417500305264195 0.0267294823962354 0
6199 0.4264846921372425 0.0217722703232297 0
6200 0.4368206094146267 0.02619034413854016 0
6201 0.4271469918980673 0.01001093344169512 0
6202 0.5649344306172198 0.04537085072319075 0
6203 0.07803456372173984 0.1905996558974699 0
6204 0.06873804132686168 0.1955045471241967 0
6205 0.08735205071612684 0.1852577448012047 0
6206 0.08741871000418588 0.1745167915915194 0
6207 0.3565703417868207 0.9590547220098751 0
6208 0.9376767894071453 0.7623616355453127 0
6209 0.3557044375164738 0.927286523044406 0
6210 0.4256707397068692 0.2787325902598172 0
6211 0.23281690691455 0.1921426557519992 0
6212 0.3837794224582219 0.1726352847999075 0
6213 0.162249251888121 0.4525976135666987 0
6214 0.1529605239782573 0.448048682652273 0
6215 0.4564529631712249 0.2378288869014425 0
6216 0.240712741023517 0.8173566190831316 0
6217 0.9286862079629665 0.4619329330345842 0
6218 0.9286082762514487 0.4726755769313424 0
6219 0.9321688536205757 0.2075224409996081 0
6220 0.9318200898755 0.2182324489384614 0
6221 0.3234331960536678 0.03835232586366882 0
6222 0.2037478251496891 0.8737093222933272 0
6223 0.2026934993793768 0.8853530526678381 0
6224 0.3643878274007961 0.2673927626876836 0
6225 0.6655096105607736 0.02659317123276805 0
6226 0.6653506335622575 0.01611505457452173 0
6227 0.6467438684979329 0.01727951472360689 0
6228 0.8345320568992528 0.02447695576796005 0
6229 0.8654756180655874 0.2541553565887142 0
6230 0.03937599562145089 0.706159094363895 0
6231 0.02985324947717688 0.690836530248366 0
6232 0.0120156088570319 0.6893617047752199 0
6233 0.6725462351494262 0.1921692424191975 0
6234 0.3738079550968131 0.2495234980135133 0
6235 0.3844712227581948 0.243563057674981 0
6236 0.3613769897282088 0.8780734613660692 0
6237 0.2895096346198314 0.9440095541887342 0
6238 0.8782477040484302 0.1199697130215894 0
6239 0.02487172832873163 0.04983259521363065 0
6240 0.8650832354829522 0.2650898069492617 0
6241 0.8551606820862945 0.2701206411237972 0
6242 0.5413061743069073 0.3461313877389385 0
6243 0.5308734795957423 0.3528573895053201 0
6244 0.776886076736887 0.9094507598060866 0
6245 0.9445910658482758 0.9413733381151879 0
6246 0.9284383837149721 0.7568418294167398 0
6247 0.9190581439055474 0.7514222936534668 0
6248 0.07001336290192706 0.04471100575991771 0
6249 0.1719178786959368 0.4584597823487379 0
6250 0.2016132030185599 0.5195888863388818 0
6251 0.2020293661551517 0.5306751710903156 0
6252 0.9709640188052121 0.07558428761259556 0
6253 0.1831911579897753 0.1419617751659815 0
6254 0.6389382225873074 0.315090325464718 0
6255 0.4147641227188675 0.9690245307684607 0
6256 0.404873305446858 0.9742250726367161 0
6257 0.9845028435326022 0.3341114101810277 0
6258 0.8139523918677047 0.7967019452293999 0
6259 0.3114898480721172 0.7324125202777251 0
6260 0.3112230904107999 0.7437257836280029 0
6261 0.01927927399351137 0.8663515015079428 0
6262 0.1441215397739914 0.175493963522606 0
6263 0.6734506772232796 0.4436265645948728 0
6264 0.8335140775960255 0.6139246838443898 0
6265 0.8432454230656241 0.608601941933526 0
6266 0.8432674990309168 0.5974103860066563 0
6267 0.9575020856992676 0.3277021424674182 0
6268 0.3887114881802657 0.03269070847791955 0
6269 0.3892731180212058 0.04314849023757272 0
6270 0.1524128294355911 0.6727009410980023 0
6271 0.1427621108241185 0.6779142203489652 0
6272 0.0163068727629811 0.0429506417887644 0
6273 0.6015670347706825 0.03387219511597339 0
6274 0.6008508223292639 0.02404389054972683 0
6275 0.6289148332943854 0.02792028024548893 0
6276 0.2527987034724551 0.1585091928890988 0
6277 0.2620907296586402 0.1520792302537655 0
6278 0.2605926709395898 0.1414480472304743 0
6279 0.272492666872074 0.146084416201765 0
6280 0.2726585718235159 0.1585063147803196 0
6281 0.8701954042726738 0.9091479208384237 0
6282 0.723508534770168 0.8921841086283309 0
6283 0.9477369682570331 0.3865535140716075 0
6284 0.3934278026127652 0.9161793080469446 0
6285 0.4027670167553914 0.9214672854157604 0
6286 0.4026733643236443 0.9107224192024486 0
6287 0.4120556695823372 0.9160211373048035 0
6288 0.9424141950861362 0.1039652750377847 0
6289 0.619401987002967 0.5010464943274203 0
6290 0.2779724599408792 0.02331431903686487 0
6291 0.950954443545313 0.1860566835406112 0
6292 0.9419053148536106 0.1804638544114249 0
6293 0.2498038925432055 0.7999923755707519 0
6294 0.181899579593482 0.6112339636381914 0
6295 0.2068986294408597 0.9719476943726877 0
6296 0.2066576202051772 0.982531474813104 0
6297 0.9616001124606861 0.08081546146529472 0
6298 0.956339767292872 0.8154760782845536 0
6299 0.4114302891981893 0.9049629351700393 0
6300 0.162743588252909 0.2554129027887621 0
6301 0.1620203203504982 0.5316843258774632 0
6302 0.1524744641857483 0.5265200122047942 0
6303 0.4315220424053108 0.4966973789694287 0
6304 0.1724508901910168 0.2495747994180403 0
6305 0.7823719612163297 0.2556064228634762 0
6306 0.7723584232283065 0.2497554804243052 0
6307 0.7624586520383825 0.2557504109421526 0
6308 0.04047810385081435 0.4131796511918108 0
6309 0.7720267273687921 0.1695261329526114 0
6310 0.2610216765225694 0.8052646240659161 0
6311 0.2606410091814222 0.7941448319040337 0
6312 0.113834742297785 0.7172914814069346 0
6313 0.1043380969034078 0.722682786033405 0
6314 0.05874716849274664 0.241641673256709 0
6315 0.773916850349162 0.7406114432037485 0
6316 0.3691597031458581 0.5265922305924439 0
6317 0.3565984919876759 0.5300717924983258 0
6318 0.6404209951164463 0.4755792391146364 0
6319 0.6401328357591639 0.4634447659364348 0
6320 0.4873385256206697 0.3883117821431917 0
6321 0.009885709987879687 0.8401621780296782 0
6322 0.01873107613379305 0.8239823322744406 0
6323 0.02854815503871999 0.8286887327968635 0
6324 0.01900910274511325 0.8135012648055784 0
6325 0.02694534355118966 0.8065159158313838 0
6326 0.01907574801473022 0.7982865886670214 0
6327 0.02186017134415547 0.7890305391111258 0
6328 0.01194171015636925 0.7921705793140331 0
6329 0.9736716596912856 0.6696124361816175 0
6330 0.983021500038872 0.6643424461658615 0
6331 0.1634658046565095 0.1757289626331115 0
6332 0.9767679874492841 0.2246738737980449 0
6333 0.1794912595394602 0.967274296944084 0
6334 0.1798157971063325 0.9778277833036242 0
6335 0.7020200298681991 0.02538831134503206 0
6336 0.5742079960342527 0.8441355737481649 0
6337 0.1619075532378948 0.4984813682188028 0
6338 0.01880788085322121 0.8976799571261114 0
6339 0.009173237691646685 0.9125126660959745 0
6340 0.03229744883774355 0.1635083792252604 0
6341 0.0237457439543724 0.158320643466525 0
6342 0.0235016319122085 0.1480703260574092 0
6343 0.01570614257273872 0.1541120337090031 0
6344 0.6846642779713199 0.01543554322169416 0
6345 0.952405457813962 0.07555363740697874 0
6346 0.3441319505873154 0.5879519208377487 0
6347 0.1925713714220479 0.1035401923487003 0
6348 0.1830612635181892 0.1090194240202749 0
6349 0.6708325404036389 0.5587791595371543 0
6350 0.6717274360176773 0.5722290938465687 0
6351 0.7538668799579881 0.8543930947558791 0
6352 0.6617725415558418 0.4642349019437946 0
6353 0.9214943715937425 0.2663108275361193 0
6354 0.9215592938810078 0.2766776854346594 0
6355 0.2527768010839006 0.2151785776548308 0
6356 0.9260170368665808 0.9730422022872967 0
6357 0.379351815707382 0.4130576878228338 0
6358 0.36864550534136 0.4069403259402292 0
6359 0.3574794191858294 0.4140788341282493 0
6360 0.3575659558367085 0.4016944104754473 0
6361 0.368568188932332 0.3948070861680278 0
6362 0.3554991523651122 0.3896641072631908 0
6363 0.3685714368200333 0.3824240901581598 0
6364 0.3586332113934677 0.3761737135978528 0
6365 0.3594697840648862 0.3634249005240795 0
6366 0.3477928980509916 0.3812398581055633 0
6367 0.3793460487352155 0.3884958406627551 0
6368 0.9008751114016176 0.8274114798161332 0
6369 0.9102754719447531 0.8325127070859861 0
6370 0.5371731485710204 0.03027420190149116 0
6371 0.536639451039029 0.0187360436765171 0
6372 0.612419958356224 0.8211401194174387 0
6373 0.9383774609917901 0.8822349445277036 0
6374 0.3130055024057595 0.2731754395295711 0
6375 0.3028875026418273 0.2673643679062623 0
6376 0.774455738458132 0.8766419858307816 0
6377 0.04131180077813679 0.1688920423459245 0
6378 0.2112595876098845 0.5028142377221543 0
6379 0.03361047121914129 0.05523148682514378 0
6380 0.8303219285450737 0.07083005839887407 0
6381 0.152382783853711 0.9731297406634282 0
6382 0.1534811502254104 0.9835228696754861 0
6383 0.840573633232873 0.174969076554321 0
6384 0.06065596622868452 0.09272651183580083 0
6385 0.04212128091645717 0.09356618483547297 0
6386 0.6710261675941742 0.2613276858195731 0
6387 0.620520479484244 0.1183409444670951 0
6388 0.6206870620582017 0.1074162084707769 0
6389 0.25055954339755 0.02811039424718476 0
6390 0.8054411916932939 0.967592749771262 0
6391 0.8051823490206242 0.9774760609038331 0
6392 0.401654729783276 0.8997142571529739 0
6393 0.420537958889656 0.8994141405659095 0
6394 0.8515483191741422 0.9415538804898991 0
6395 0.7520491152413613 0.2035246751882426 0
6396 0.2430984670363898 0.1979960506428497 0
6397 0.2223447289879953 0.197864629086161 0
6398 0.440111180696282 0.9530137820063401 0
6399 0.744084909781433 0.8488538178042402 0
6400 0.7344405764861146 0.8320696751485216 0
6401 0.629243947105012 0.2731794408678346 0
6402 0.6389245414678502 0.2911187367615109 0
6403 0.649480225047269 0.2970850773108997 0
6404 0.8799485725341226 0.9360909469252903 0
6405 0.7439345121313798 0.3260432429763943 0
6406 0.3324234154420724 0.03306142662984202 0
6407 0.3318310135116856 0.02334429096682283 0
6408 0.3413892061933231 0.02783270938426652 0
6409 0.3419735710131271 0.7266633468196624 0
6410 0.4026117423073238 0.3030532987486158 0
6411 0.4041543120238712 0.2905411956699064 0
6412 0.03153140745280991 0.2789071772797007 0
6413 0.02275927026903801 0.2839893456760397 0
6414 0.02336962461282832 0.2945585704632587 0
6415 0.2919027971198193 0.5217227953431675 0
6416 0.3451732917987415 0.9219811447582488 0
6417 0.8237476347133529 0.6195268287613683 0
6418 0.937896229837454 0.7092581554252626 0
6419 0.3640869105906797 0.9111844630952093 0
6420 0.9123064671686575 0.2817586901760535 0
6421 0.9609683940321363 0.1490882527907739 0
6422 0.9699464014876245 0.1545429802316298 0
6423 0.9791106251499173 0.1494903499055854 0
6424 0.9786210853264077 0.159934601716914 0
6425 0.9791267884796088 0.1390412800438772 0
6426 0.2625930104143878 0.2324813099790828 0
6427 0.2726937137764215 0.2382830420918771 0
6428 0.2808012712110833 0.6679210694353932 0
6429 0.1736062897535763 0.1363657273042076 0
6430 0.1736479951869866 0.1254122419939315 0
6431 0.163843314435368 0.1418344647928741 0
6432 0.3081122133882962 0.9648241273549861 0
6433 0.5958985130786875 0.315077678802022 0
6434 0.5968572851100605 0.3027891634913251 0
6435 0.6075428871366622 0.2971693662536616 0
6436 0.5978759474693165 0.2912199983643179 0
6437 0.7835630048520166 0.8600294770936565 0
6438 0.02844965241542191 0.8718930115516077 0
6439 0.4263095164614668 0.0745526328280437 0
6440 0.5423439100173901 0.4197679945177323 0
6441 0.2807711086517949 0.9808244698319437 0
6442 0.1816348259755558 0.4642228190245365 0
6443 0.4415472840582055 0.7249618301646724 0
6444 0.1441173421910823 0.2311117170408951 0
6445 0.2118927990996506 0.5363520397426699 0
6446 0.201971121182229 0.5418300388361623 0
6447 0.1922373425911471 0.5362859859341077 0
6448 0.1922278666577272 0.5475431095629961 0
6449 0.1823151546289667 0.5419413416591538 0
6450 0.1922807215094502 0.559172575171864 0
6451 0.181862532702926 0.5311082072622624 0
6452 0.9899328681319632 0.1079571812940036 0
6453 0.7316661091820363 0.2034693700588365 0
6454 0.6917295121065409 0.417906682003594 0
6455 0.6919123273812435 0.4301120341877282 0
6456 0.702973859293979 0.4220205035788738 0
6457 0.08640944639914894 0.4192190110894733 0
6458 0.8033336984878461 0.8600031382399168 0
6459 0.6296629545291985 0.04883478841272559 0
6460 0.602244595151822 0.05495056956104361 0
6461 0.8709118960956624 0.03411437797451622 0
6462 0.8704214125246873 0.02430852944646489 0
6463 0.5103965542137054 0.06774657500250097 0
6464 0.206632633866199 0.9509038337599663 0
6465 0.4920309988620735 0.06811795284136479 0
6466 0.4866888830717246 0.4772856915026856 0
6467 0.3538682185090231 0.22608334674117 0
6468 0.7417177565396205 0.9729144271190593 0
6469 0.8894389686471865 0.8655873408727959 0
6470 0.8149390278217556 0.4032525625096013 0
6471 0.06962340838274239 0.1091486130528677 0
6472 0.2215653337791346 0.141977640593981 0
6473 0.22143227472938 0.131095110857314 0
6474 0.2117872593011881 0.1256091313780288 0
6475 0.2206684980707532 0.1200152139550927 0
6476 0.2779626831165374 0.04381197622595695 0
6477 0.04059985668411681 0.273656258138265 0
6478 0.8985559774508497 0.9677930494417499 0
6479 0.4019070115153248 0.3509961318846417 0
6480 0.02793327895704428 0.9033333160231118 0
6481 0.5279951364301958 0.6456144536463353 0
6482 0.009740369745370181 0.8505710468973073 0
6483 0.1537023744275727 0.2260509045071539 0
6484 0.6022374973912805 0.6513064837114855 0
6485 0.6542176644861075 0.6328755623756711 0
6486 0.4934050425040518 0.7075003573249148 0
6487 0.4933075885661453 0.7193733095033807 0
6488 0.4829795200820198 0.7252266685084311 0
6489 0.4932549810447832 0.731094165335312 0
6490 0.4826560991642934 0.7368942918221557 0
6491 0.5031112445925554 0.7253687843918986 0
6492 0.5021983584291677 0.7370409865828986 0
6493 0.5127079501853266 0.7195583270768514 0
6494 0.472747119509582 0.7310504408117413 0
6495 0.4718382476420353 0.7424993112280657 0
6496 0.3237098799369493 0.04891741303396885 0
6497 0.6389837824392886 0.3271589042873235 0
6498 0.1830185685760549 0.1531158877551032 0
6499 0.01475272281670881 0.4299066916650061 0
6500 0.482142830431802 0.06332142112083616 0
6501 0.4726320842141976 0.05836186664171361 0
6502 0.9805914252962732 0.9627848200526418 0
6503 0.9805494334214391 0.9732070487481395 0
6504 0.970968298882109 0.9776387589402324 0
6505 0.9804249545759109 0.9832760978932287 0
6506 0.962413799082908 0.9730861919160494 0
6507 0.9532662168662089 0.9781475165132285 0
6508 0.944322576955513 0.9731023327741181 0
6509 0.9439199064011661 0.9835604075618316 0
6510 0.9533768594781822 0.9896951620200743 0
6511 0.9348574546022106 0.9785593586744593 0
6512 0.05046575880131565 0.163628810300934 0
6513 0.9741695708631809 0.4257177279427908 0
6514 0.2104218173047405 0.7306737249850241 0
6515 0.2005876752877598 0.7248277499057736 0
6516 0.2007020049540242 0.7134036437181202 0
6517 0.1907910530326736 0.719028221069987 0
6518 0.1906805704430217 0.7305584056948202 0
6519 0.1809407948199483 0.7248231726548638 0
6520 0.1810735520375548 0.7131617194635373 0
6521 0.1714100473876036 0.7188335671597583 0
6522 0.2004828032218522 0.7363532462823863 0
6523 0.06672006199495439 0.7539185705847281 0
6524 0.05747148073580111 0.7486884833933291 0
6525 0.05743498093850863 0.7592687540146899 0
6526 0.1348130728099945 0.1365269841770447 0
6527 0.1245118393277613 0.3670259406824877 0
6528 0.1150333913409134 0.3615495457220368 0
6529 0.1150224997383592 0.3506116517708624 0
6530 0.1055048298868745 0.3559699997080155 0
6531 0.1053161277268959 0.3664930421221938 0
6532 0.1055485151041684 0.3449841620928731 0
6533 0.1150074761800063 0.3394599909021109 0
6534 0.09603081101308386 0.3500715929056972 0
6535 0.1147237713194652 0.3720690213723565 0
6536 0.7941797075714201 0.6480452504635286 0
6537 0.8042348348664363 0.6534106495411127 0
6538 0.8337480944699532 0.5575234998022862 0
6539 0.843458175728133 0.5638225188709105 0
6540 0.8433748821537147 0.5750241094414903 0
6541 0.8813544749071238 0.6532252933911962 0
6542 0.8908298222571338 0.6477553329477592 0
6543 0.8908840240409697 0.6368331944196312 0
6544 0.9000309722982003 0.6419062749086553 0
6545 0.9001469978946117 0.6313793434681352 0
6546 0.8909275808980982 0.6259485781252974 0
6547 0.9002202512457286 0.6205829385034924 0
6548 0.8998637845621347 0.6514770464983237 0
6549 0.9093807234699336 0.6351434487827092 0
6550 0.8909569062706416 0.6150395149855639 0
6551 0.9004474958401389 0.6097499751697638 0
6552 0.9098509810841195 0.6138226336363058 0
6553 0.909795150049413 0.6027662503111094 0
6554 0.9002847601448452 0.5980982454586498 0
6555 0.1150311693444379 0.460542806917732 0
6556 0.1055799678160909 0.4660045208703556 0
6557 0.1055531710110835 0.476918584377558 0
6558 0.09626468790944342 0.4714413821005534 0
6559 0.09622628219889262 0.4822841072950886 0
6560 0.09603868669621302 0.4602037162081301 0
6561 0.08679246322231621 0.4646564522783015 0
6562 0.1054493257835857 0.4877626468202892 0
6563 0.09605901760840591 0.4930973661021518 0
6564 0.08671755438209572 0.4876379614163057 0
6565 0.08642913863112234 0.4976362664810371 0
6566 0.09530851434818571 0.5029073663763171 0
6567 0.703285440011592 0.6755060326101062 0
6568 0.7134673303782942 0.6688954920145078 0
6569 0.7030937240701869 0.6509484945946024 0
6570 0.7136370473596112 0.6458349614024542 0
6571 0.8811769555344346 0.6752074318679484 0
6572 0.8919772018568237 0.6698059791441291 0
6573 0.1150193419673499 0.4384549580305475 0
6574 0.1055974781241067 0.4440729068634543 0
6575 0.1053730421116493 0.4324876999031059 0
6576 0.09541853437057601 0.4368453329188522 0
6577 0.09460366232405271 0.4476840628796798 0
6578 0.08605013755381202 0.441639442334658 0
6579 0.1528140750460881 0.6279791305100533 0
6580 0.3548692121997 0.569331266174017 0
6581 0.1146708576291405 0.5045856220601468 0
6582 0.1042340036757987 0.5086112103094251 0
6583 0.9288914342957918 0.429340725509767 0
6584 0.9380868094575947 0.42455988073093 0
6585 0.1723477069549881 0.3851725977081761 0
6586 0.1625633253757515 0.3903328464598952 0
6587 0.02322175661254544 0.3608127068940943 0
6588 0.01423890951632767 0.3557796741431744 0
6589 0.3988176687270474 0.8337275568519398 0
6590 0.4085828203513135 0.839248991785474 0
6591 0.4182399627235 0.8335917944406639 0
6592 0.4184836088407726 0.8448254829905876 0
6593 0.4279731816285143 0.8391346135669911 0
6594 0.398953009938963 0.8449318541906354 0
6595 0.3892690743775208 0.8505614503887441 0
6596 0.3992866453107425 0.8560324736153556 0
6597 0.4580218150366332 0.8883885804339011 0
6598 0.4675244301663356 0.8937687230776036 0
6599 0.4769897889576575 0.8882431025291788 0
6600 0.4770191224181634 0.8991249777884822 0
6601 0.4675783530415776 0.9046156340052044 0
6602 0.4770055510728651 0.9099858063709845 0
6603 0.4676613511440517 0.9154179226454396 0
6604 0.4771078304334219 0.920717945079625 0
6605 0.4677353352055986 0.9261422771936419 0
6606 0.6414290420708409 0.8377008116095793 0
6607 0.3326977063125814 0.1080575674597175 0
6608 0.3329250326936835 0.09704049028771977 0
6609 0.7013111167879915 0.9529718339782312 0
6610 0.5726919575784759 0.1465231898434445 0
6611 0.5623680079097403 0.1414096397747613 0
6612 0.3138574477547266 0.4298221640124921 0
6613 0.303338797783066 0.435830982571576 0
6614 0.4979067824998119 0.3465096687919595 0
6615 0.4058932218175775 0.2437832248443145 0
6616 0.3951718216562172 0.2378300123721618 0
6617 0.3849541651346599 0.2553633928137743 0
6618 0.1254118394190219 0.07718896638175465 0
6619 0.6397319164384997 0.1180618648992675 0
6620 0.7603918109432592 0.130601552004448 0
6621 0.7606139805435852 0.1197860976615602 0
6622 0.7699101454079065 0.1143901816051615 0
6623 0.7607346986141936 0.1096768697629676 0
6624 0.7513051996037663 0.1254698177176679 0
6625 0.7420378420548088 0.1312993872342889 0
6626 0.5343552156809133 0.867030353453297 0
6627 0.5411928779575705 0.7584836847942433 0
6628 0.1065001221265809 0.0659729896020233 0
6629 0.5211186979148187 0.7714136207212752 0
6630 0.4995417023539321 0.7812131268444379 0
6631 0.5139496178571272 0.8767000135442798 0
6632 0.5240929113356 0.9681710528031996 0
6633 0.5150125616159029 0.9734659008494114 0
6634 0.5059183580358093 0.9682831680883299 0
6635 0.5054752590661898 0.9806066166826759 0
6636 0.5150623297202801 0.9831472828136378 0
6637 0.4969074010358279 0.973565645043898 0
6638 0.5247629857800614 0.980376823256995 0
6639 0.5920696433039998 0.1354361742543194 0
6640 0.4782328158982404 0.9733152948964672 0
6641 0.4867574242630517 0.9776907457389558 0
6642 0.4806940571248476 0.02082035687150119 0
6643 0.7802160562211359 0.05813268849725295 0
6644 0.8038783266520798 0.8928838546027408 0
6645 0.8133796078556382 0.8982733888670456 0
6646 0.804463994382511 0.9039304125940272 0
6647 0.8226942455855892 0.8928413873942722 0
6648 0.8228171891997207 0.9036816230059075 0
6649 0.672318258583831 0.7403657040591322 0
6650 0.6734538698400233 0.7520586971505316 0
6651 0.6829100832715825 0.7458853283938368 0
6652 0.6933324501394411 0.7515739320626689 0
6653 0.7035631461597145 0.7460802834874786 0
6654 0.7139783232372505 0.7521520725551905 0
6655 0.02309388747062613 0.3155861567030825 0
6656 0.01333785333991172 0.309883377860814 0
6657 0.3230083324811439 0.2323104715766523 0
6658 0.3234911218113009 0.2206087439444966 0
6659 0.3167110486008677 0.2039554119223209 0
6660 0.1053150468967534 0.4546778160973903 0
6661 0.462794806888343 0.03171501603680882 0
6662 0.4540706304675475 0.02726791382668914 0
6663 0.463025230945435 0.02202933147634067 0
6664 0.4714800293524929 0.01666465774054443 0
6665 0.8906979590733874 0.6579864936392086 0
6666 0.9466810367452217 0.6536593568442386 0
6667 0.05894191140819693 0.3816885793136413 0
6668 0.221773000590465 0.5537140774591568 0
6669 0.2118439389561088 0.54772074975437 0
6670 0.7943566082537026 0.515925502136047 0
6671 0.804773202951464 0.5209622421034161 0
6672 0.8142868411130109 0.5151640358457217 0
6673 0.8141401581033844 0.504383966385948 0
6674 0.03237725778346801 0.1215231312112084 0
6675 0.02371609666395746 0.127539555730982 0
6676 0.02376056271855165 0.1381175928152686 0
6677 0.8240541414624765 0.4536397755047009 0
6678 0.9289700130386167 0.4079835993625975 0
6679 0.1717989753493449 0.6730294205444892 0
6680 0.9796592305583161 0.9412757321220052 0
6681 0.9864621157186328 0.9337052198570271 0
6682 0.9763648493022554 0.9325944893733022 0
6683 0.9001989203718856 0.7189285872243416 0
6684 0.6531802569587615 0.6696577315717467 0
6685 0.6432760287049154 0.6634888634453443 0
6686 0.9125826060121177 0.2500908518868301 0
6687 0.2419882843537472 0.3024266558719164 0
6688 0.2318698056015084 0.3079708157171618 0
6689 0.2319791101099565 0.3201811881828462 0
6690 0.2219902206827645 0.3141525460714745 0
6691 0.2420337756366301 0.3260848624580057 0
6692 0.2319012860906328 0.3315473081654258 0
6693 0.2420892486778861 0.3377553336100042 0
6694 0.02213180932104614 0.5550628958193847 0
6695 0.3568943129837797 0.4266886690276662 0
6696 0.9746901648897339 0.3706735088174415 0
6697 0.9841064128072498 0.3760373997973858 0
6698 0.02321859246662278 0.3817918917975606 0
6699 0.01381126631148 0.376533604646585 0
6700 0.8206113763268033 0.1524851379891867 0
6701 0.829848475213135 0.1344071478789369 0
6702 0.8884418351650515 0.02380285236558055 0
6703 0.5775846233765841 0.9518321955100293 0
6704 0.009630744726821461 0.8713389112740582 0
6705 0.78369764648313 0.8151423623962206 0
6706 0.3239725358944235 0.291098890826396 0
6707 0.3238558652947964 0.2791651721376066 0
6708 0.3336672380214069 0.2724740294311382 0
6709 0.3341970279260532 0.2850100432340564 0
6710 0.6462515424793119 0.9730602370581201 0
6711 0.6372159974925 0.9783529322201403 0
6712 0.6545855289089451 0.9788642985207314 0
6713 0.6460527020373869 0.9831510216661472 0
6714 0.6630363307497236 0.9824696515820033 0
6715 0.232253984786965 0.02804069388231384 0
6716 0.2234965926091306 0.0233087814869527 0
6717 0.2325503027243061 0.01836361001377829 0
6718 0.7871904985395494 0.9677116900760669 0
6719 0.7962698677126818 0.9728661034545139 0
6720 0.7948981159477591 0.9832524213344469 0
6721 0.7862518427536059 0.9773827649493252 0
6722 0.7780353580932033 0.9729932607776537 0
6723 0.1340035349611685 0.973616767530342 0
6724 0.1245469491174295 0.9806973963875348 0
6725 0.1436545516172519 0.9779919367427728 0
6726 0.1159602530144019 0.9743597001756649 0
6727 0.4279854716309354 0.8279117172249189 0
6728 0.437842174851539 0.8447277131426687 0
6729 0.4475414884112683 0.8390415405157641 0
6730 0.4657451106214578 0.1172217274695495 0
6731 0.4750058440889819 0.1115142907959794 0
6732 0.4558661305635185 0.1118471156097136 0
6733 0.4847512610762066 0.1169337888639407 0
6734 0.4934344302821885 0.1110357365726991 0
6735 0.4842039185181029 0.1058466852254888 0
6736 0.5668405375399527 0.9476746097703272 0
6737 0.7297729743799065 0.9360653895286039 0
6738 0.7212497499314595 0.9428670675851969 0
6739 0.7192083369289564 0.9518902272249227 0
6740 0.6071749933866114 0.3576304348102353 0
6741 0.5966154287178609 0.3514848921111159 0
6742 0.5858581832229562 0.3576238616081836 0
6743 0.585871934330271 0.3453959667859327 0
6744 0.6209910328239108 0.2321140910554446 0
6745 0.6110882656442107 0.2259101747000591 0
6746 0.3665853666068322 0.1737943042173387 0
6747 0.660012572154975 0.3150430411982599 0
6748 0.6704348611123655 0.3090069464504955 0
6749 0.3832869038152342 0.9109559375005888 0
6750 0.542086161442829 0.9783940090802445 0
6751 0.7738968275481969 0.8207970539251298 0
6752 0.5184570136391072 0.03072915532430026 0
6753 0.5275684962752788 0.02536594787823543 0
6754 0.5184287845340273 0.02047378678873357 0
6755 0.7438594840845941 0.7809148371160416 0
6756 0.7439919805539357 0.7924164465789233 0
6757 0.144415116232505 0.08738713734754217 0
6758 0.1439074829202851 0.07754175422328147 0
6759 0.1534096772833071 0.08257439569751907 0
6760 0.8067870370286421 0.01963963989520817 0
6761 0.5518273449165926 0.8681364270215914 0
6762 0.5074054729025961 0.2266947202442265 0
6763 0.692022730929462 0.1568889349421559 0
6764 0.6701228511482579 0.9200385348521056 0
6765 0.3745895081170648 0.6915146159626271 0
6766 0.3623224559085922 0.6784439287549284 0
6767 0.2907466841871305 0.7435413230941277 0
6768 0.3546385832253806 0.6188112631454615 0
6769 0.3987891903131716 0.04829941007848337 0
6770 0.407033591138028 0.06407015951208972 0
6771 0.4771826889065746 0.9314442618302536 0
6772 0.4680274438565344 0.936832095284064 0
6773 0.4586520877240145 0.9422276271245044 0
6774 0.9743854598122635 0.4467654195509687 0
6775 0.9695482367579999 0.1651021430937268 0
6776 0.9008341596961371 0.3321661418820006 0
6777 0.5860568436131985 0.3332391809293926 0
6778 0.152422209943253 0.4816110096968205 0
6779 0.7740469563587087 0.7285868796326305 0
6780 0.7637196740813912 0.7460946435187448 0
6781 0.1523460078724458 0.6841100681312954 0
6782 0.2719036829069134 0.5461540330440789 0
6783 0.8531569501213701 0.493567200537962 0
6784 0.8499766796901693 0.1918823542085991 0
6785 0.8499070567603908 0.1806540599298644 0
6786 0.5649334369019344 0.03485236897863014 0
6787 0.5743167463381033 0.05044002700429862 0
6788 0.02148713971437316 0.7692024791193923 0
6789 0.01187299943684189 0.764057648074894 0
6790 0.3453242337747858 0.4842077744451702 0
6791 0.3349416575617066 0.4777451965909743 0
6792 0.8234901328613456 0.7112535287351672 0
6793 0.1344420423087646 0.2034210834591524 0
6794 0.8815351020439419 0.521126272047478 0
6795 0.8815210217273149 0.5321051512104921 0
6796 0.890966179266767 0.5376264490762528 0
6797 0.890959136928384 0.5485540385014431 0
6798 0.9003433750704997 0.5430657217795776 0
6799 0.9003751908201401 0.5321798841628577 0
6800 0.9003184315171195 0.5539511566532138 0
6801 0.8909530556541512 0.5594409803673237 0
6802 0.9003322446407971 0.5648075515555322 0
6803 0.9097023928757406 0.5480874157302712 0
6804 0.8909696745118225 0.5703593377618672 0
6805 0.900435669335451 0.5756514497890403 0
6806 0.9097804712843702 0.5697185491838336 0
6807 0.9097895522044098 0.5804547077641371 0
6808 0.9005240137978041 0.5864448094126153 0
6809 0.890990500443974 0.5266833929214867 0
6810 0.9004049813279194 0.521197408704183 0
6811 0.9097834732756268 0.5263974165400248 0
6812 0.8910095906291502 0.5156925221989404 0
6813 0.1331888583761136 0.6510622277207561 0
6814 0.1623589179892914 0.431407061401658 0
6815 0.7944835395572385 0.5610884718245643 0
6816 0.02254882624673182 0.2527172218493253 0
6817 0.02277702272988269 0.242145993207326 0
6818 0.03145728214584942 0.2367316238954477 0
6819 0.01319503163320795 0.2369058028513271 0
6820 0.9652144885269058 0.4835617031915699 0
6821 0.9741185075886426 0.4891113963422086 0
6822 0.974189044807434 0.4784722880381745 0
6823 0.9652568263320738 0.4730504833795321 0
6824 0.9740147287407154 0.4996149913136659 0
6825 0.9749797920580299 0.8792775716270388 0
6826 0.02336206493409843 0.1900533416044369 0
6827 0.9829838153513585 0.7244214860781046 0
6828 0.8239339006241992 0.4762003968936275 0
6829 0.8337905089754893 0.4821038062856904 0
6830 0.982823554239734 0.8011284560223579 0
6831 0.7941108399824774 0.6936418440388596 0
6832 0.8039959294142059 0.6991694273886225 0
6833 0.8983301406407933 0.9253718953254181 0
6834 0.8984703896841744 0.9361106594851396 0
6835 0.907694302768505 0.9307463609249125 0
6836 0.8226247762031945 0.230332309922314 0
6837 0.8319315764250235 0.2322887305679087 0
6838 0.8213335404976961 0.2196949657958873 0
6839 0.01996408555861889 0.7486064748437495 0
6840 0.7520025652417627 0.1808067284328314 0
6841 0.7476589785916576 0.02876994556123297 0
6842 0.7383777303644616 0.02396686939421211 0
6843 0.7295790190006424 0.0294023046213101 0
6844 0.1958871348604911 0.02788349220076669 0
6845 0.2050659086345791 0.02271621984033956 0
6846 0.2141669100040228 0.02804870051079789 0
6847 0.2153009027017641 0.01687461571146021 0
6848 0.2056963008392943 0.0121376822311442 0
6849 0.3977411420168272 0.06950877640653458 0
6850 0.4305361696701424 0.7762965437050446 0
6851 0.4405373239828204 0.7818753421676214 0
6852 0.4502600273686106 0.7764021799729134 0
6853 0.4503601032838442 0.7879181870285635 0
6854 0.460502026077137 0.7932713264654824 0
6855 0.4503950598823936 0.7995326903744387 0
6856 0.4394452237867418 0.7918956333158698 0
6857 0.4702126886370799 0.7879625590049072 0
6858 0.4698496040322631 0.7977585893872174 0
6859 0.5537496137969101 0.1581766060142713 0
6860 0.9339834430680785 0.04412386582550798 0
6861 0.6912305956448828 0.2732898360766561 0
6862 0.6916187738812818 0.2613597577511113 0
6863 0.7016395812425926 0.2673800277698036 0
6864 0.8594196246450854 0.09759633938442092 0
6865 0.8595552186117992 0.08770868934638354 0
6866 0.8683781537982688 0.09264487009947397 0
6867 0.6506882879400934 0.910182683045988 0
6868 0.6824619538953433 0.1978697201790461 0
6869 0.6922469090095842 0.2035500311593661 0
6870 0.5090276630503781 0.438806447888159 0
6871 0.5095579380026939 0.425859635822105 0
6872 0.5203129577292551 0.4323608321086865 0
6873 0.5832383456348966 0.1966385317379287 0
6874 0.5831502272502769 0.185274132161975 0
6875 0.5732739304970099 0.1910943222905496 0
6876 0.7120098868948719 0.3819879567945444 0
6877 0.4466030800038888 0.2553064065810745 0
6878 0.6634990373681666 0.9625222722889293 0
6879 0.4446484645760749 0.04248928777611827 0
6880 0.06799460454434547 0.24692941353339 0
6881 0.8437068333138038 0.4314756910836512 0
6882 0.1233630433764647 0.7118702560865618 0
6883 0.8535577924569833 0.4033698089217539 0
6884 0.8635653144917975 0.3987380397464445 0
6885 0.2412609261432827 0.02280746814224088 0
6886 0.2415466887356603 0.01354594179151303 0
6887 0.9191749384084218 0.7839609465124027 0
6888 0.9284980784535793 0.7893058947221754 0
6889 0.8500941924527321 0.1693245243517624 0
6890 0.8591700228515202 0.1743071128890314 0
6891 0.1719810574988325 0.6505497779694426 0
6892 0.7723253513390731 0.2963363350993041 0
6893 0.7219489874092101 0.255636272062176 0
6894 0.7119364172352023 0.2497579979522806 0
6895 0.191883055346034 0.5939753848588245 0
6896 0.2986028260217977 0.9278858310176362 0
6897 0.7241375877670756 0.08977794913328863 0
6898 0.7236518632700482 0.07865195501077188 0
6899 0.7322220131474938 0.0717933121021701 0
6900 0.2617472347685036 0.9391950154713855 0
6901 0.4635185342098928 0.07415974692765914 0
6902 0.809400606581171 0.1138406293671506 0
6903 0.06774194422902852 0.5922074715580968 0
6904 0.05850270530160467 0.5868329379748572 0
6905 0.04925090943839261 0.5921176447661287 0
6906 0.04915296967308502 0.6026283327408202 0
6907 0.03990269777974453 0.5973158880442506 0
6908 0.07925600580799269 0.06059726435554058 0
6909 0.7835419271066766 0.8264664838870828 0
6910 0.7447681654880182 0.8834522870518867 0
6911 0.7417677516573568 0.8931582904811781 0
6912 0.4573740685479043 0.8444172016790437 0
6913 0.5859177362701203 0.4199381744169574 0
6914 0.9258397841209051 0.9834649528029387 0
6915 0.9171173684880445 0.9882183847698975 0
6916 0.7734110460220436 0.02237527080747059 0
6917 0.7896473183035067 0.04136884531953722 0
6918 0.3445047785066433 0.5631006727857321 0
6919 0.1029607818464042 0.8298215585079062 0
6920 0.7342230845203463 0.8094970443692454 0
6921 0.7646899360023283 0.4869131356002895 0
6922 0.5761115243527873 0.3029501874142558 0
6923 0.6123178480648316 0.1904651709539346 0
6924 0.7444365629627583 0.5217961564777734 0
6925 0.5279962312258535 0.2729804210205148 0
6926 0.5382285990547226 0.2788790638179004 0
6927 0.538892215834654 0.2658039700417756 0
6928 0.5484079599857677 0.2729059728950158 0
6929 0.5607146817916898 0.7467586508695891 0
6930 0.5716376817750333 0.7411143759961478 0
6931 0.5862487970712331 0.9363131454518365 0
6932 0.8240363949094425 0.9772827932101755 0
6933 0.6960235216471455 0.09563367980100529 0
6934 0.4357929090022921 0.07980954659034917 0
6935 0.6600263031321411 0.3030365169794629 0
6936 0.7331927430273597 0.08389866927839246 0
6937 0.6056685544035842 0.9772768824251343 0
6938 0.09348325364271548 0.8351696889982 0
6939 0.08419778272089035 0.8296947596271433 0
6940 0.0748095350800021 0.8350357299603188 0
6941 0.07500267917624071 0.8242536760073923 0
6942 0.06567128860557603 0.8291146993518197 0
6943 0.07520965418763226 0.8133031661016696 0
6944 0.0660477577275147 0.8075309547711681 0
6945 0.06618803721774524 0.796862560689972 0
6946 0.06545464087972247 0.8399602315094105 0
6947 0.0746815420314752 0.8457267677372493 0
6948 0.05620710677672064 0.8450272446580397 0
6949 0.03801920356686184 0.8449092921189116 0
6950 0.4652548100137611 0.3636937613134227 0
6951 0.4757190247172846 0.3581792597681459 0
6952 0.4651381474333892 0.3516772377585167 0
6953 0.3355677606767435 0.97985359036512 0
6954 0.4864802715709596 0.882708648226561 0
6955 0.4777337805161195 0.2203692832401896 0
6956 0.9354488782295237 0.9254558441195568 0
6957 0.2967003290212553 0.02354394423484907 0
6958 0.8259176922111147 0.3089085249813513 0
6959 0.225424414218356 0.9714898872316081 0
6960 0.2349761377769369 0.9766506579796469 0
6961 0.2360567096935335 0.9875157211065964 0
6962 0.2161909577286721 0.9765393229915669 0
6963 0.7818365647836976 0.18660804500241 0
6964 0.3604529384498624 0.04866814085976223 0
6965 0.2729041536492627 0.1697048180218814 0
6966 0.692757932143157 0.7284518546984846 0
6967 0.09760936879889448 0.02911256681634478 0
6968 0.7421592744889709 0.220791550343191 0
6969 0.7419336587898049 0.2092650417314472 0
6970 0.711963102694525 0.169794979455741 0
6971 0.714341579156322 0.8764945000243974 0
6972 0.4266171212342164 0.2086093814489496 0
6973 0.2716489626405348 0.9757452272652645 0
6974 0.2722703257592001 0.9855814677768244 0
6975 0.5832232342999322 0.0245105478978675 0
6976 0.8335540555027385 0.591379547042225 0
6977 0.8336077098729501 0.5801440840007678 0
6978 0.7650016784787234 0.4640060095137384 0
6979 0.7748957815246714 0.4698258962603888 0
6980 0.7747416351551691 0.4812328377669663 0
6981 0.607661761778874 0.4325623360107176 0
6982 0.1820930642969023 0.3456601075483513 0
6983 0.172359866131834 0.3512264969229377 0
6984 0.182135009607398 0.3342825303086406 0
6985 0.1723113665469169 0.3625368424925932 0
6986 0.1627307228448323 0.3678048449967982 0
6987 0.1723958424389977 0.3398755328039632 0
6988 0.1626898303701244 0.3453692371229962 0
6989 0.7653337453694515 0.3955957444547835 0
6990 0.7753670296708755 0.3904207505555165 0
6991 0.7651939214489762 0.4072459646060804 0
6992 0.2922987320145592 0.6189906232754963 0
6993 0.2922678560366397 0.6070482505877062 0
6994 0.2819003736761066 0.6124856920799874 0
6995 0.1723871589290463 0.5825927624691295 0
6996 0.1241110291984384 0.5529315678372816 0
6997 0.5536421772873428 0.5032846685362051 0
6998 0.1607824608447965 0.8167597102197294 0
6999 0.7654931122986885 0.3723562099413081 0
7000 0.6929330717346626 0.5851731309349232 0
7001 0.6838008619525275 0.5361959918004681 0
7002 0.754445704073903 0.6484694367253782 0
7003 0.7041015806880584 0.4777762408168053 0
7004 0.7144203331396026 0.4827574356467876 0
7005 0.7144582944062142 0.4718924711156745 0
7006 0.7041513722995303 0.4658649289725981 0
7007 0.0495724034249605 0.4399881613886345 0
7008 0.07746398842174229 0.3171216328412847 0
7009 0.05900658649172952 0.3166005172117986 0
7010 0.7551323276522286 0.5837906231020653 0
7011 0.843602112446165 0.7783710801678121 0
7012 0.2521816846592009 0.4900741855361945 0
7013 0.2321301402095369 0.5020238947065978 0
7014 0.734654276229602 0.595644593104834 0
7015 0.2725461097870759 0.4782291529224015 0
7016 0.2931274116677399 0.4663014767782881 0
7017 0.7751512963452271 0.5722017491424682 0
7018 0.3116902867084791 0.7206338564610035 0
7019 0.1245045266752826 0.333975221803559 0
7020 0.1150033308463793 0.3283848418850718 0
7021 0.313763659546538 0.3327825983344715 0
7022 0.3138410508368866 0.3936948899685164 0
7023 0.3032870485604486 0.3875254529288163 0
7024 0.3138375138648976 0.4056748746156025 0
7025 0.3033139382101036 0.4117139919392117 0
7026 0.3124567917603515 0.3697042651203905 0
7027 0.9416843499579524 0.19133405095419 0
7028 0.9326010366129032 0.1857503314491135 0
7029 0.9098345680203676 0.5047049235467959 0
7030 0.6659561176571648 0.03709581010538243 0
7031 0.09524682328623446 0.6843163311521741 0
7032 0.08591942334153835 0.6788862807011629 0
7033 0.07657747743519239 0.6843748461796434 0
7034 0.09531888063984539 0.673416460962761 0
7035 0.08599186797970171 0.667957139892302 0
7036 0.8814590555341938 0.5982848197249232 0
7037 0.8814724596475494 0.5870917780931382 0
7038 0.8909952281615368 0.5925468627756779 0
7039 0.04952789073292396 0.2364333915153873 0
7040 0.2616888679890085 0.3950553517038871 0
7041 0.9467960603402981 0.5685131447128495 0
7042 0.08620473056485517 0.6246022344169646 0
7043 0.08619744024919518 0.6354508991189514 0
7044 0.07686931916814749 0.6408150663463775 0
7045 0.07672932600137428 0.6517365882962252 0
7046 0.06749707692095308 0.6464821105504259 0
7047 0.06761247587113162 0.6354108935929391 0
7048 0.05836133016413664 0.6406935820665862 0
7049 0.04915227564153951 0.6466663145357636 0
7050 0.0311750425490932 0.6464684393436169 0
7051 0.06783519785315278 0.6246007204229362 0
7052 0.0860312056563276 0.6570154975781813 0
7053 0.07666729634695096 0.6622363741088053 0
7054 0.8342976044505671 0.03486130914913543 0
7055 0.3418186989817232 0.03819560662212729 0
7056 0.3508771431638066 0.03274283197038008 0
7057 0.3506649343251328 0.02292872310517263 0
7058 0.3605857726872919 0.01696289797791906 0
7059 0.4967211760742578 0.9630731117627042 0
7060 0.9468595731562333 0.5152752345514955 0
7061 0.4649432760383377 0.1061023744867842 0
7062 0.0218983931244619 0.5337102868035669 0
7063 0.0701801407425946 0.03416644485793485 0
7064 0.06130887335941937 0.02860675958598058 0
7065 0.06223051189366036 0.01710593898346374 0
7066 0.05250179226765633 0.02278963686853158 0
7067 0.05239719271527354 0.01211160250492854 0
7068 0.04380230358296361 0.01713611404071969 0
7069 0.0342533008918573 0.02214188655857174 0
7070 0.02619331904720734 0.01442076242992441 0
7071 0.05205230517133874 0.03380885273984452 0
7072 0.8230557460288135 0.6988355678741788 0
7073 0.9714288098414761 0.04324516442106019 0
7074 0.9226894319345962 0.2125814980648028 0
7075 0.9386194775573207 0.3704539039270909 0
7076 0.8831800217217677 0.3093161482657184 0
7077 0.8832736378492313 0.3203015063460956 0
7078 0.962899225231159 0.9412331168288859 0
7079 0.07926370836785268 0.05000749035008711 0
7080 0.8355564910667743 0.3146625046852726 0
7081 0.8451214514715265 0.3202454064830025 0
7082 0.4458697531992107 0.1065458013439746 0
7083 0.3898723615235366 0.8616420160419402 0
7084 0.3798480415842335 0.8672271478648583 0
7085 0.3802162477138004 0.8780619105295675 0
7086 0.458192020558541 0.9208397077390092 0
7087 0.8909434923327884 0.6922592488078597 0
7088 0.8333217573842824 0.7273744555014198 0
7089 0.8526785238262048 0.7260414334216467 0
7090 0.1715327462052633 0.492545503045464 0
7091 0.252636967327416 0.9446624592863909 0
7092 0.2433008021201746 0.9395662905397275 0
7093 0.2435961630801639 0.9501892109180432 0
7094 0.9648799030498225 0.6749039110860762 0
7095 0.9078907806156021 0.8983245399464581 0
7096 0.8327126263965504 0.8095517942072035 0
7097 0.8414626513969927 0.8280863055982908 0
7098 0.8522053938847364 0.8246975621267951 0
7099 0.8494997078946031 0.8356728369629716 0
7100 0.9681607846954055 0.229731010801938 0
7101 0.4867759240468283 0.4643768611341053 0
7102 0.6616731685103923 0.1842988105218881 0
7103 0.70334096782442 0.6992325575583402 0
7104 0.5202471092084787 0.4837819509326555 0
7105 0.5314391015400556 0.4902252756485423 0
7106 0.5313232351664174 0.4772821634471113 0
7107 0.5424951040898891 0.4833048922133589 0
7108 0.5201592332801456 0.470841050820705 0
7109 0.1697936815090678 0.8419422164355772 0
7110 0.4541712707443576 0.4071179645189767 0
7111 0.4433090398179866 0.4133361773002596 0
7112 0.4435818930172097 0.4007295436979537 0
7113 0.5084820839946663 0.329276767898007 0
7114 0.9315876114335526 0.2289367006100468 0
7115 0.408137579457609 0.696850238025234 0
7116 0.430134472412713 0.9157324336484374 0
7117 0.476545415994405 0.2905043301389167 0
7118 0.6418019084107563 0.871300623368684 0
7119 0.5692714188111683 0.2617859828375013 0
7120 0.5680406200489131 0.2501591265917509 0
7121 0.9623656706116899 0.1186529600699313 0
7122 0.3402349319426677 0.7827753184882997 0
7123 0.6602637807451124 0.3637685104610262 0
7124 0.6496686881888639 0.3576375197287998 0
7125 0.7759517468813304 0.3318042297939815 0
7126 0.3905665621302485 0.7539924290529043 0
7127 0.03243227193998899 0.1426735815783308 0
7128 0.2230252331968404 0.8628208030758413 0
7129 0.2420275382123784 0.8629921969008127 0
7130 0.24244957678695 0.8511578100559232 0
7131 0.2523011174386838 0.8563414217712568 0
7132 0.2619954018524934 0.8497951942513315 0
7133 0.3002582617450921 0.8166977283396027 0
7134 0.9672549551014981 0.2809135494053208 0
7135 0.9752017117733716 0.2755301564329212 0
7136 0.06892756890015 0.1423653112602341 0
7137 0.5745020405394157 0.7876024091190477 0
7138 0.5544474125947146 0.7992460031211596 0
7139 0.5348730332788305 0.8105962572405909 0
7140 0.5153775544988652 0.8218243754316269 0
7141 0.1608598731642487 0.7800370978785971 0
7142 0.2920920460476192 0.5563665891122086 0
7143 0.2720653716525582 0.5584603041546305 0
7144 0.0391843386302852 0.7802524728637898 0
7145 0.918987422591954 0.7405566290562938 0
7146 0.9096702497110746 0.7460818258749231 0
7147 0.313692829380527 0.4540756458270087 0
7148 0.190973299803622 0.7074701627623692 0
7149 0.9651544624366586 0.7779454099191224 0
7150 0.07651471003374433 0.6951045010061974 0
7151 0.6425699928436905 0.6996018921186045 0
7152 0.2106784942688044 0.7077197753666603 0
7153 0.4363888307054447 0.2495204715739355 0
7154 0.7621111561715868 0.2092539749444486 0
7155 0.8914154926736823 0.8220659589595336 0
7156 0.1926499985532509 0.2150983411331775 0
7157 0.2602023432801957 0.7600704485458658 0
7158 0.2702724053223748 0.7544793270518415 0
7159 0.8623083849534912 0.7082624062248498 0
7160 0.4865607529144022 0.9152742600416861 0
7161 0.4580892785754782 0.8992637187702804 0
7162 0.4633486125811507 0.0635992043639102 0
7163 0.8322469956528821 0.8982569089255065 0
7164 0.8322779375044868 0.9091420757175134 0
7165 0.8231159452455004 0.9146155946351107 0
7166 0.8418793666056293 0.9145580787164009 0
7167 0.9097101877565335 0.7569378536864955 0
7168 0.3069068171454351 0.8792297070896546 0
7169 0.2952773825031393 0.1186331669731703 0
7170 0.285426743214814 0.1131775368454157 0
7171 0.2024734577075515 0.1866978402969647 0
7172 0.2660966164126018 0.1029201628434739 0
7173 0.2756240309370427 0.09740253325726289 0
7174 0.2672979600722977 0.09170283342934499 0
7175 0.2575016390472356 0.09718928035711188 0
7176 0.4960492014811075 0.833086884597271 0
7177 0.5097681286581107 0.3882432310714675 0
7178 0.520933378721572 0.3822103946274644 0
7179 0.5208124306947374 0.3701225109026309 0
7180 0.1280836186503075 0.9163568996850369 0
7181 0.1370962441942116 0.9216865339972068 0
7182 0.1274789680349515 0.9272698810858189 0
7183 0.118478088191728 0.9216744005634583 0
7184 0.1171156771821563 0.9325609576224632 0
7185 0.1365540646655955 0.9325602523952767 0
7186 0.1845013082835064 0.8835553238222031 0
7187 0.1747349772757433 0.8887739193192763 0
7188 0.176298527303247 0.8984724614232524 0
7189 0.1598714065172211 0.9049644870260141 0
7190 0.9155568580466268 0.06543901383465545 0
7191 0.9063701448059103 0.05980767623964367 0
7192 0.4997665745484543 0.04158591872005524 0
7193 0.8309255068584691 0.180649428669984 0
7194 0.2424274461225918 0.220980574914995 0
7195 0.3890586140655247 0.09652126225191665 0
7196 0.3408388380243184 0.8451340944956064 0
7197 0.3323846345868283 0.8507888429671235 0
7198 0.9431595395698419 0.07037529854544128 0
7199 0.7143999696222378 0.8873602263889458 0
7200 0.6932697052998017 0.7887328340454549 0
7201 0.840287010561416 0.141225506803337 0
7202 0.2119278245523351 0.3071727120412404 0
7203 0.3655535444896301 0.6609622143341879 0
7204 0.08704092368631516 0.2070167339056817 0
7205 0.07753851482375795 0.2009287989903513 0
7206 0.8633675971369377 0.3640228369268921 0
7207 0.8627308909192403 0.4438607725790783 0
7208 0.9448677361554692 0.1156486815909223 0
7209 0.0959323157511362 0.2735944823665614 0
7210 0.2206393877062871 0.3736982534620393 0
7211 0.2125735148327237 0.379053573112414 0
7212 0.4863927560495015 0.8386598138914133 0
7213 0.1529883480162131 0.2837675055175687 0
7214 0.1432755336722816 0.2786168549404733 0
7215 0.1530365770731792 0.2949934870942676 0
7216 0.1627248339227975 0.3005084469662197 0
7217 0.1434449147178564 0.3007124082532374 0
7218 0.9287862668543719 0.4510667457845221 0
7219 0.9380330668809314 0.4460130723628487 0
7220 0.04040033352223193 0.2419922160764767 0
7221 0.454533027296627 0.3575713738613447 0
7222 0.2779467709729369 0.03340001701285827 0
7223 0.9100660422841231 0.8109164039461481 0
7224 0.2200599337162749 0.7595466921875982 0
7225 0.07566332935952691 0.7807742249292464 0
7226 0.07551682306327223 0.7915513610930528 0
7227 0.8243367202899402 0.5301621322961341 0
7228 0.05897823429557003 0.3495484959603392 0
7229 0.8019180645482877 0.1750719392434592 0
7230 0.6503881234849933 0.4199532605127783 0
7231 0.4978420661943033 0.5096749867094968 0
7232 0.4981696267908622 0.5220067265377732 0
7233 0.5090452331880595 0.529077031185564 0
7234 0.2123820691795485 0.2266701048617731 0
7235 0.03966164284236456 0.6845630618043441 0
7236 0.1688819479217062 0.03337391112586763 0
7237 0.3425850167138539 0.7149946300533634 0
7238 0.4975528923117009 0.2788897602385839 0
7239 0.4022393704459362 0.3147496439594468 0
7240 0.4540163553361983 0.4323656996192168 0
7241 0.6860629796401716 0.8707768203852391 0
7242 0.6292980763238953 0.03832459765959795 0
7243 0.9759157736384673 0.2548620394593564 0
7244 0.669853211841495 0.8317728883973172 0
7245 0.1050907828551339 0.2470683955609992 0
7246 0.05964246832200909 0.1900561239065306 0
7247 0.3456554561417572 0.9540936758172572 0
7248 0.8114923195849735 0.2149643014477807 0
7249 0.8212080206168531 0.2088619295662713 0
7250 0.2987765340373306 0.9597308847542739 0
7251 0.6019104016005182 0.0443914302037911 0
7252 0.3053987916097408 0.04900442785624148 0
7253 0.7024075865890507 0.03579899608794607 0
7254 0.6178784302913559 0.3514914171593695 0
7255 0.6569494189866498 0.04268415203862325 0
7256 0.3448678386930845 0.3150065831575112 0
7257 0.3551406621222556 0.3209653107222584 0
7258 0.3537493014652102 0.333165681513291 0
7259 0.4769620551325704 0.8772991344739727 0
7260 0.714452106040482 0.4599325193196291 0
7261 0.7244528929002215 0.4653903744122679 0
7262 0.8796511514263265 0.9037571885379763 0
7263 0.8702055244409288 0.919904428776124 0
7264 0.7639207874653265 0.792391968361853 0
7265 0.7688664706329225 0.9677565723286393 0
7266 0.3848363010838058 0.9639254966295908 0
7267 0.39423022901299 0.9690677696967095 0
7268 0.3936238390299701 0.9803982162690895 0
7269 0.4039991961062215 0.9638165674037752 0
7270 0.4059237252156366 0.2321453632546477 0
7271 0.2098563335461329 0.7997380025011809 0
7272 0.1996987472975947 0.804865250718017 0
7273 0.4462128641270173 0.1284177033696248 0
7274 0.4536147123761977 0.4832592784661155 0
7275 0.8436269921555919 0.03993807466272636 0
7276 0.1519585811001266 0.9627933593892619 0
7277 0.1792461100133583 0.9568122903737792 0
7278 0.5561676739022398 0.06148501772016302 0
7279 0.2819294251147569 0.6007194704880585 0
7280 0.3174943647179707 0.9594384901778688 0
7281 0.2396475328817961 0.7943726912582502 0
7282 0.6416388069123571 0.8489455287888756 0
7283 0.8331651589391081 0.951871779929984 0
7284 0.6230847134298046 0.9254332987484341 0
7285 0.6313011893338634 0.9305461019617226 0
7286 0.7795363943292595 0.1197152975175657 0
7287 0.8418092720133413 0.8928229594574417 0
7288 0.3758830343376657 0.6669370569373742 0
7289 0.6318012658724993 0.7638012922225659 0
7290 0.7418886318460651 0.1419698995473531 0
7291 0.686737377949082 0.1012095919802662 0
7292 0.291877307713068 0.1918946715538271 0
7293 0.3128778093836929 0.2266414780570945 0
7294 0.5043713970632132 0.1630359786982805 0
7295 0.2894070403254042 0.9333694329928408 0
7296 0.2341980575129829 0.9450198820812392 0
7297 0.398325415471805 0.0910297768324676 0
7298 0.3888291718669904 0.08573146964566675 0
7299 0.4264683871843076 0.08531639888510351 0
7300 0.8814560713638286 0.6203292818442114 0
7301 0.3506773830567975 0.8505084470654803 0
7302 0.6205913881287599 0.1293135502289414 0
7303 0.5856886163683286 0.3699566227056906 0
7304 0.5751014221532125 0.3515451848400406 0
7305 0.7338808497259114 0.7866600403298117 0
7306 0.3795516074303116 0.09124468403232283 0
7307 0.3794514299928073 0.8450567879063356 0
7308 0.2023660714557248 0.1754546838448247 0
7309 0.3515256588570576 0.09688721887035662 0
7310 0.6586500776937909 0.1069429097249663 0
7311 0.4335219643321458 0.3094604119205705 0
7312 0.5954231458481583 0.9309171692523148 0
7313 0.7039717833432833 0.7924649622005893 0
7314 0.8054138882234183 0.9570986678132264 0
7315 0.2827643136660416 0.3029859055870412 0
7316 0.8702130285108214 0.8983048512989 0
7317 0.4864813183470677 0.8936202957718367 0
7318 0.2505022607664089 0.03856335252178711 0
7319 0.5286597138618323 0.06744854897206443 0
7320 0.542781641315353 0.3703202575955318 0
7321 0.1832026078008446 0.1199715934401658 0
7322 0.1734930631449156 0.1144794918248623 0
7323 0.3545913766213161 0.6310021199886511 0
7324 0.1326716239769093 0.04121621111483298 0
7325 0.3164631765256704 0.8845097090942323 0
7326 0.5494601360687347 0.6576357760038519 0
7327 0.5603221161693013 0.6995664998293167 0
7328 0.5481889935948484 0.7059223890576025 0
7329 0.4743290331052599 0.6382182340067701 0
7330 0.701647088189604 0.3030893265224212 0
7331 0.591307730715061 0.7053932449895204 0
7332 0.91717851452032 0.90379873432865 0
7333 0.5809565212331029 0.6635258714219896 0
7334 0.5386110417230722 0.6024875119048179 0
7335 0.5438538373561419 0.1970067466822742 0
7336 0.3798014121046374 0.1347179718038327 0
7337 0.3703251798696547 0.1292865500403216 0
7338 0.4464022337782667 0.2436637342363406 0
7339 0.2068676459883084 0.9614443800959352 0
7340 0.1888498453076186 0.8320912835859953 0
7341 0.1889005527601491 0.8440721693746689 0
7342 0.2000153914477026 0.8287894168379348 0
7343 0.2518270533457022 0.9019283538474373 0
7344 0.9260434633772121 0.9625563301036644 0
7345 0.06033735033312587 0.1040965053126576 0
7346 0.5749077451975406 0.3761514927316663 0
7347 0.8227801521802931 0.8818996364681028 0
7348 0.2987536527718908 0.9385451994053225 0
7349 0.2615103746945145 0.4298947372189699 0
7350 0.2435438593764908 0.9606879525163631 0
7351 0.6290736984384078 0.395432273041485 0
7352 0.6500047914989902 0.3943663233247539 0
7353 0.409140817934552 0.8504738975475703 0
7354 0.5277057383260745 0.2612730134927608 0
7355 0.2321645399368977 0.249732791121249 0
7356 0.2218132067174178 0.2552594342487486 0
7357 0.6723047548923764 0.7050919020382295 0
7358 0.6724400739831508 0.6932686156916092 0
7359 0.537332108511978 0.04077363460321892 0
7360 0.4095952613938303 0.6735647565915739 0
7361 0.4186529616288612 0.6827009731190605 0
7362 0.4078267697656636 0.6611787315385969 0
7363 0.0936573763395594 0.8243135162946678 0
7364 0.6023859651707723 0.7930102395304464 0
7365 0.7051015409452551 0.8152375576317406 0
7366 0.6951702420779692 0.8097670827892463 0
7367 0.832350876673847 0.854358316227007 0
7368 0.8430889494842378 0.8471711767003094 0
7369 0.6418252486919768 0.8822476809386206 0
7370 0.1150108597464788 0.4824872149556758 0
7371 0.3603805896079839 0.03809944616189864 0
7372 0.5149338402746959 0.9096813060896697 0
7373 0.5238042919351775 0.9151655290915677 0
7374 0.5236910835286909 0.9259392639986568 0
7375 0.5334866330670526 0.9206290217847524 0
7376 0.5231870398346536 0.9052424469670971 0
7377 0.5147792391330945 0.9312540086002211 0
7378 0.3514979871869987 0.07533183041439984 0
7379 0.4756017461247951 0.4835881705206142 0
7380 0.7322595626187394 0.2849137724389279 0
7381 0.7339208179753418 0.7170960629042537 0
7382 0.2706495291864733 0.7200337460017487 0
7383 0.4822716625683334 0.07383358466222412 0
7384 0.4274600092258939 0.1396368451717461 0
7385 0.09018760253030805 0.9811447113924839 0
7386 0.2092843363975638 0.07105121689491822 0
7387 0.200397301904723 0.06605741702057122 0
7388 0.2182602212856368 0.06548265718706875 0
7389 0.1912181276633631 0.07150473585285211 0
7390 0.1910596755033261 0.06054124871281985 0
7391 0.2088503601017089 0.06092673598589793 0
7392 0.5860407311631146 0.4574929188034792 0
7393 0.3547306715294147 0.5943228289348147 0
7394 0.2930306725403806 0.3089820947144146 0
7395 0.2928433402143029 0.3205911729975465 0
7396 0.3032761420689888 0.3262972827334231 0
7397 0.2827164712136645 0.3148851987081258 0
7398 0.3136357013379059 0.3210268313648079 0
7399 0.9167851150434105 0.01717282739009363 0
7400 0.6220570882708696 0.7114273654083844 0
7401 0.611721468748106 0.7172562121524332 0
7402 0.3223958856837698 0.6598393362776314 0
7403 0.5871753364477175 0.9775518507293766 0
7404 0.5208742733781364 0.5250443660213721 0
7405 0.5641530784474158 0.4450470919687924 0
7406 0.9580794681599162 0.8895785788631778 0
7407 0.1216860366984089 0.8515674064943015 0
7408 0.8953354626339781 0.1848340273215495 0
7409 0.8943093240104641 0.2280259998401183 0
7410 0.9045494353333963 0.1905391486232718 0
7411 0.9302717344877505 0.3012864569204179 0
7412 0.8814702199750406 0.5540844759376633 0
7413 0.143517697945568 0.3118086158965511 0
7414 0.8400267066972372 0.2182481417439613 0
7415 0.7722350765278834 0.2380378861781939 0
7416 0.8909813840689855 0.6039495479187543 0
7417 0.891095773132537 0.7786857792459437 0
7418 0.1820601292880479 0.2779638033723784 0
7419 0.8348108022673177 0.3586023339842082 0
7420 0.7738293543616452 0.7636872773113712 0
7421 0.9014209884525918 0.3807507593615232 0
7422 0.1911415563122641 0.6959059211925012 0
7423 0.9106690586568393 0.3862733172804568 0
7424 0.2416341102509962 0.5768932662720752 0
7425 0.7950711313782728 0.4251882777186035 0
7426 0.6081072224281414 0.4948361592803117 0
7427 0.2618836985082226 0.3610240596388429 0
7428 0.774584388931447 0.492902163996008 0
7429 0.8915855548607994 0.4396490902491645 0
7430 0.9008159210288389 0.4452603127326786 0
7431 0.2012304682252247 0.36777419635453 0
7432 0.8622818779572785 0.6972139362182678 0
7433 0.8817030724760839 0.4883011205720806 0
7434 0.2617676185727694 0.5188139853098781 0
7435 0.114393625626395 0.5975152818117719 0
7436 0.806427163681948 0.3307041537722497 0
7437 0.8237879251659045 0.6532957934380486 0
7438 0.2408358731623845 0.6791527053184406 0
7439 0.6830980544897381 0.5137230467637177 0
7440 0.05876045991193612 0.5543140274349996 0
7441 0.06799793993265074 0.5483094179141779 0
7442 0.07746339519519929 0.5539247327168826 0
7443 0.04940093520506572 0.5490736503870356 0
7444 0.1221829510089639 0.7973880181364437 0
7445 0.1037773206566521 0.7543090593711234 0
7446 0.01778007228378986 0.9485463567170084 0
7447 0.1051176876769829 0.4984163387100019 0
7448 0.8035395512848182 0.7345979970637542 0
7449 0.6494555403879241 0.3090705979903265 0
7450 0.9537570614972721 0.9465252713884702 0
7451 0.8892568962597656 0.8765685081849299 0
7452 0.4727445568197227 0.7192443495471998 0
7453 0.7752282306683986 0.4132883652449409 0
7454 0.08799462413149722 0.01411902351660704 0
7455 0.3235595580648988 0.5630415393405337 0
7456 0.4433372222801534 0.4258720626356576 0
7457 0.3720790086247587 0.3209664699309202 0
7458 0.660253223624692 0.3515997525561128 0
7459 0.07003644755679783 0.05529189720807531 0
7460 0.5494709371079984 0.9360060630012983 0
7461 0.5400464512410857 0.9308309889944543 0
7462 0.5494134841895968 0.9448044054867292 0
7463 0.08755947777182732 0.1099660575487242 0
7464 0.3014683157342968 0.7146224562488249 0
7465 0.7523648254544777 0.2498982303691663 0
7466 0.2703730629252606 0.7659107479420044 0
7467 0.2615972961478119 0.5886222754088766 0
7468 0.5385074341451996 0.09404021735366641 0
7469 0.4417871141977805 0.7131884093204048 0
7470 0.3203661013114885 0.7944916481925558 0
7471 0.2796555970158329 0.9068096214773085 0
7472 0.6234163152118455 0.8604410432755714 0
7473 0.7348001172365858 0.4477948660244194 0
7474 0.7059607006811263 0.1227073680386772 0
7475 0.639958007996101 0.1511657606941245 0
7476 0.03586627869438785 0.9382545822041459 0
7477 0.332892655333786 0.1408236073053224 0
7478 0.2327622317023043 0.0596066527269925 0
7479 0.952299723101823 0.06493618393821449 0
7480 0.009524766819385522 0.8919819132388702 0
7481 0.7870375216687433 0.9360350168518488 0
7482 0.03989691807757362 0.6737313139217143 0
7483 0.124515793271807 0.3450342711906832 0
7484 0.4849954218720907 0.6091166035360793 0
7485 0.6810582192111622 0.3392702426212342 0
7486 0.3901041848062161 0.4192054263845956 0
7487 0.8139971516236953 0.613802227514847 0
7488 0.7935821269186006 0.7865915135259091 0
7489 0.7656435040017437 0.3606892617769985 0
7490 0.2099927331712312 0.7767410348275208 0
7491 0.2000613991923288 0.7825108923583061 0
7492 0.7919194268582119 0.2149497571603737 0
7493 0.8732533031169075 0.3477704552617658 0
7494 0.843171984781298 0.6420923393921362 0
7495 0.9576970160929804 0.3068392180181292 0
7496 0.9027514019258861 0.2767198970188003 0
7497 0.1064471325260757 0.09903493063292862 0
7498 0.03749933856859067 0.8772910825533982 0
7499 0.6707901398277542 0.3577831653257212 0
7500 0.9519715377118383 0.1435864489373997 0
7501 0.7016809346085418 0.3150114531100269 0
7502 0.1139521946950459 0.706265202000937 0
7503 0.0402554238703029 0.5760349165826627 0
7504 0.3234367448617507 0.5507831165800213 0
7505 0.1817477274347731 0.4528548097358043 0
7506 0.9535793292233021 0.904812208667253 0
7507 0.7119297882050919 0.296964584203005 0
7508 0.04252085543184347 0.06058338416958114 0
7509 0.05881754006002449 0.2523484053745639 0
7510 0.8626307961788655 0.4991236156958981 0
7511 0.2218765258879642 0.5306060804837005 0
7512 0.6916968178928488 0.4059206346161595 0
7513 0.9375507589963683 0.7193605185294734 0
7514 0.1156887682320133 0.1476762272413467 0
7515 0.9558096128230295 0.7402518617475226 0
7516 0.1442450463993006 0.1642800802716353 0
7517 0.08662071224703938 0.268230436365348 0
7518 0.8041006533026797 0.6422080724980934 0
7519 0.7840074905078588 0.722769345547389 0
7520 0.6812601542530345 0.3760094604920258 0
7521 0.9468643020020342 0.5046236130166118 0
7522 0.3024928491615456 0.526918969627328 0
7523 0.5532688588712731 0.4513467068757257 0
7524 0.191832192317087 0.4246728008044287 0
7525 0.1915035740122264 0.4138404548109088 0
7526 0.1426762706299551 0.6897229320870172 0
7527 0.05608480887471678 0.8563594955163123 0
7528 0.9496836029374927 0.2503248648420366 0
7529 0.06075081151074424 0.08186483191252703 0
7530 0.7292323537221237 0.01902414223191851 0
7531 0.7377864047708285 0.01426456638928747 0
7532 0.1724168227815343 0.5481942134123994 0
7533 0.9242731203654374 0.1482423865205863 0
7534 0.9910719030537685 0.02577319587628846 0
7535 0.7887516930057794 0.009142524145205 0
7536 0.819587628865979 0.008928096946231368 0
7537 0.7581357124568071 0.00837501598927326 0
7538 0.06701030927835128 0.9910719030537697 0
7539 0.008136401836937979 0.2110106671379125 0
7540 0.9911644719812003 0.7060743490111374 0
7541 0.9821276311437698 0.7113402061855658 0
7542 0.5412371134020612 0.008928096946230979 0
7543 0.6237145024084054 0.008284160653658112 0
7544 0.6946069996450064 0.009738705180947882 0
7545 0.8501680655214663 0.008871633159260595 0
7546 0.9914100473866393 0.6237910600278989 0
7547 0.6229505458868938 0.9898213302683827 0
7548 0.6026583643953162 0.9918544720128701 0
7549 0.5824713823882264 0.9919627076593699 0
7550 0.5623242735039544 0.9918545202098161 0
7551 0.5417114835809445 0.9893553077788941 0
7552 0.4899774191006269 0.9918082260294075 0
7553 0.008729365737941641 0.6032686169767448 0
7554 0.008309330579276908 0.5634662561793191 0
7555 0.008928096946230868 0.2628865979381445 0
7556 0.008265161029803847 0.584093555711418 0
7557 0.008637997280368404 0.5427086197129967 0
7558 0.008352528297490669 0.4883438158453989 0
7559 0.293814432989691 0.9910719030537691 0
7560 0.1801152693942322 0.98922840548327 0
7561 0.1088453163430584 0.008792574344788973 0
7562 0.5195836532309257 0.009782294246322709 0
7563 0.9911171041954902 0.5515457224486957 0
7564 0.2627327669071324 0.00828741030468072 0
7565 0.008282063975843967 0.3368272829224191 0
7566 0.008686607994564111 0.2835044367690688 0
7567 0.4484646582135705 0.008612655140771364 0
7568 0.4430353090318057 0.01703501183079403 0
7569 0.008179741529830364 0.4466262531989089 0
7570 0.2934075789734361 0.008479297692038368 0
7571 0.008482448256710406 0.6425881801158124 0
7572 0.6034995978101384 0.008814903251086692 0
7573 0.4479490331085041 0.9910691524602385 0
7574 0.04639175257731976 0.9911558285638337 0
7575 0.04123711340206371 0.9821276311437699 0
7576 0.991071903053769 0.6030927835051539 0
7577 0.170278159846616 0.008209105157775509 0
7578 0.1494835776653576 0.008377512880211879 0
7579 0.7165428853291735 0.008857295216689764 0
7580 0.9913649822914136 0.2950878231837033 0
7581 0.990488367948562 0.1285820505662186 0
7582 0.008632538523400068 0.1804068052991663 0
7583 0.9910719030537694 0.1494845360824734 0
7584 0.9917962177308818 0.2629141313920889 0
7585 0.9914426480297507 0.2738012094296921 0
7586 0.9914070461123027 0.3158117238378771 0
7587 0.9912362645375664 0.4163763115799496 0
7588 0.9911867998626942 0.4373493916006979 0
7589 0.9914069156273418 0.4896505022813824 0
7590 0.9911271006413922 0.5103092783505148 0
7591 0.991071903053769 0.5309278350515457 0
7592 0.9910719030537701 0.8917525773195887 0
7593 0.8195912144531298 0.9918989146005219 0
7594 0.7890306284518799 0.9920390671012038 0
7595 0.7683059038097528 0.9896297436230603 0
7596 0.7371145303690512 0.991945716551604 0
7597 0.7268583118623408 0.9917326699709019 0
7598 0.4691320128930635 0.9894209506782032 0
7599 0.3761183053072781 0.9895254145529407 0
7600 0.3554401366545752 0.9911587794866555 0
7601 0.3352580028685724 0.9899660016434468 0
7602 0.3144329896907222 0.9910719030537689 0
7603 0.1076945539770637 0.9895538198102564 0
7604 0.08670128027555091 0.9911420348756224 0
7605 0.3975283423209047 0.9908072085355872 0
7606 0.8402061855670102 0.00892809694623059 0
7607 0.3143520498561611 0.01090176165507206 0
7608 0.335339172154532 0.008278543350126233 0
7609 0.5614758155035807 0.008750856540467811 0
7610 0.5811931688300134 0.009025665597229837 0
7611 0.8919911924257635 0.008414968780607157 0
7612 0.008928096946230757 0.8195876288659798 0
7613 0.008402237424074088 0.737161020602993 0
7614 0.008134149140118896 0.7167151668945984 0
7615 0.008416759613474101 0.664878709026573 0
7616 0.008335685619298316 0.4673451852342491 0
7617 0.008198257539489773 0.2006737037554545 0
7618 0.008663105149767314 0.1082636851570207 0
7619 0.1288503982911334 0.00856430923235818 0
7620 0.9910719030537696 0.9536082474226801 0
7621 0.2011636903167117 0.991728014018928 0
7622 0.9908869097350049 0.9747458018855699 0
7623 0.02642092778248673 0.9913909955609943 0
7624 0.008372652468784103 0.02587014059575254 0
7625 0.01797173558281251 0.02080630443334219 0
7626 0.00891482681736333 0.9536163166904154 0
7627 0.8722555317426921 0.008919582784865987 0
7628 0.008677188767212796 0.128867396341935 0
7629 0.9917143916241935 0.8710242705177894 0
7630 0.129040877960329 0.9911134715272493 0
7631 0.2521151300188652 0.2613680904048608 0
7632 0.8816896917743772 0.8491547488936011 0
7633 0.8145771936859535 0.4252855455570772 0
7634 0.804778498735046 0.4309124600342941 0
7635 0.7844215906881299 0.6194213064019094 0
7636 0.09559450840158112 0.597657008159166 0
7637 0.1049672757803993 0.6030255110268162 0
7638 0.0771786677688282 0.5652380012691919 0
7639 0.9375037125264621 0.6801500255931474 0
7640 0.08354060804372299 0.8727280335551985 0
7641 0.09272583590741845 0.8783239065153384 0
7642 0.1019608748857068 0.8731488328477379 0
7643 0.1016420886816807 0.8834789031384833 0
7644 0.0925514629380999 0.8889029283300178 0
7645 0.1022018430176347 0.8942957786397624 0
7646 0.1106636382440842 0.8778983927130799 0
7647 0.9559516803160248 0.7010223600364217 0
7648 0.7443203676648689 0.8264428090038862 0
7649 0.7441127974081845 0.7113770183135125 0
7650 0.06635824193124668 0.786017789173065 0
7651 0.1021551842027072 0.8623543714832853 0
7652 0.06771860680360281 0.2155795247507949 0
7653 0.2100887347191669 0.7651740715138002 0
7654 0.2299811956111436 0.7654781393852554 0
7655 0.8647002283088971 0.2871881980312543 0
7656 0.06484001940355538 0.8829867486374794 0
7657 0.07394715651013384 0.8878387096344117 0
7658 0.2724736024300113 0.3087349276295078 0
7659 0.09568716841333846 0.2415867670759168 0
7660 0.1715009053680536 0.7071564349562092 0
7661 0.1901936101064078 0.7762013243857433 0
7662 0.7544932920490419 0.5159228578560536 0
7663 0.05033877548987559 0.1950975859184428 0
7664 0.09498639468808356 0.7168183259332339 0
7665 0.891202524183295 0.4829936318877603 0
7666 0.04970010969017452 0.376527262905164 0
7667 0.9282906366137836 0.7458901409863486 0
7668 0.1621903079124496 0.6559101275800014 0
7669 0.7442140534176139 0.5560625076353706 0
7670 0.3241907121042119 0.4831292264410936 0
7671 0.3032310087694461 0.4959209451214355 0
7672 0.7237852052233847 0.5675429510652295 0
7673 0.7032937467899929 0.5793483957849735 0
7674 0.7241604333919078 0.545098884464874 0
7675 0.2825829557317422 0.5076143034925353 0
7676 0.7641472839452127 0.6996565300078924 0
7677 0.754271796129644 0.6944272435659565 0
7678 0.0492023341419574 0.63502417937415 0
7679 0.6510211200605402 0.5968145139812825 0
7680 0.1245348105321155 0.3999032122220471 0
7681 0.5974154419594945 0.5664375642052274 0
7682 0.5871653277929327 0.5727368417553587 0
7683 0.5764731250368624 0.5665170320912508 0
7684 0.7138395023119268 0.7054840809269988 0
7685 0.3775509717171102 0.4651307869772319 0
7686 0.5755794295992861 0.5539959864555022 0
7687 0.6720858872873424 0.6086897505483393 0
7688 0.1055640627024673 0.3338628891043081 0
7689 0.2113518626739643 0.639652282149114 0
7690 0.08674779435440871 0.3443721046723184 0
7691 0.762508431399989 0.2673621298066322 0
7692 0.881467093734049 0.7407792100084541 0
7693 0.95588666908828 0.6483762214745035 0
7694 0.8814658424399765 0.5650512674454935 0
7695 0.9096153612143671 0.7137264690066182 0
7696 0.05964714879611427 0.1371670140729806 0
7697 0.3765940046176196 0.5451719515971468 0
7698 0.9446947358307407 0.9307191955703439 0
7699 0.0672445027386529 0.6898061306268917 0
7700 0.1409430918046984 0.7871493988380628 0
7701 0.9217700947627188 0.2555126249596638 0
7702 0.1917849744910434 0.6167353192617581 0
7703 0.09572075557336207 0.5538423071920264 0
7704 0.9470730327553513 0.810444076328384 0
7705 0.7336138477309395 0.1164677576393764 0
7706 0.6955035031053761 0.0844938909352359 0
7707 0.1516817231595015 0.9317144211114439 0
7708 0.0496971894732624 0.4081110632837565 0
7709 0.173144719065003 0.1925565496835148 0
7710 0.5754710129647895 0.5020356252766843 0
7711 0.2505648799723359 0.7081112897360654 0
7712 0.1806880339924768 0.7477713420848733 0
7713 0.8968916436203218 0.1087156493857139 0
7714 0.9151610787171129 0.1091200681479999 0
7715 0.7551667184475988 0.4360332440200501 0
7716 0.2313567001900654 0.6167619081447642 0
7717 0.2811554698350199 0.6908010645231654 0
7718 0.344088486738252 0.6250508245449266 0
7719 0.8819019018966909 0.4667856672065991 0
7720 0.8818035041672951 0.7949176244641093 0
7721 0.3902253656783454 0.3944169915605957 0
7722 0.8150669911260963 0.3806885760866345 0
7723 0.1127103157475721 0.8027649340947696 0
7724 0.223776987045185 0.8971012455602969 0
7725 0.5746385427249513 0.06102309679974821 0
7726 0.4538231806215013 0.5854184965156308 0
7727 0.4522183565447779 0.6714411348099627 0
7728 0.4224006287553195 0.4005336800593775 0
7729 0.5167663264485514 0.5649402425394089 0
7730 0.05411655381420072 0.927711075116894 0
7731 0.4285686634879532 0.8504314749373896 0
7732 0.8253077104456973 0.04026811562408594 0
7733 0.1496410149823822 0.858434527748835 0
7734 0.1588457342179017 0.8551979121420914 0
7735 0.3166891612055625 0.8953660140269976 0
7736 0.08845140448655275 0.08730742985152484 0
7737 0.6752625781188096 0.0420361019427079 0
7738 0.9353540836369372 0.9361363498740474 0
7739 0.8909762733665454 0.5813756104231427 0
7740 0.7414415065460648 0.1752040382148042 0
7741 0.08352738317549824 0.8829640805256356 0
7742 0.2631682982835483 0.1980532211194242 0
7743 0.3442536969611517 0.3390494673170195 0
7744 0.5576921594853618 0.1151210662023318 0
7745 0.1053234610091199 0.3005213571158558 0
7746 0.2410778248452127 0.6455204722454271 0
7747 0.3233197865976897 0.6130801389019896 0
7748 0.9192523518846457 0.4778489827975965 0
7749 0.8967446173464659 0.1200919279882523 0
7750 0.4866880759372782 0.516180593527791 0
7751 0.4876332085123716 0.5306260977753962 0
7752 0.4750363366885793 0.5370124892902286 0
7753 0.7345602790598362 0.6140639219573596 0
7754 0.8534387519938631 0.4720158945210706 0
7755 0.09684170085774763 0.1692978268286104 0
7756 0.6233710032648637 0.626784060599918 0
7757 0.1035244764591737 0.7865399517373279 0
7758 0.5339648644802951 0.7759009855606558 0
7759 0.5058081137107172 0.9577762131089467 0
7760 0.6284263043283851 0.3211297552796409 0
7761 0.1927113301913643 0.1475542860419518 0
7762 0.7653623495518814 0.04857055282082728 0
7763 0.4182122436793441 0.822350397757858 0
7764 0.7215447041038903 0.05615078565218812 0
7765 0.26196642205438 0.9497730830431728 0
7766 0.6486671445342873 0.06939591561337494 0
7767 0.6580359658107982 0.0744109174094067 0
7768 0.6706813757800545 0.2970524213481822 0
7769 0.1604987142413769 0.9363229558680481 0
7770 0.3119945353270985 0.6850702471029027 0
7771 0.09742659542773802 0.954003973784652 0
7772 0.798205252756488 0.04615482883030653 0
7773 0.4361713686644866 0.2378733375922794 0
7774 0.4745771844012311 0.6154132879372669 0
7775 0.4640082896517022 0.6201492729391401 0
7776 0.4302139232428136 0.9264794459392024 0
7777 0.7220613631148332 0.2439607224393792 0
7778 0.3791364818521467 0.06974576584504394 0
7779 0.8895868314410476 0.0546793079703598 0
7780 0.9077408710130204 0.9413987217894231 0
7781 0.1062680642438121 0.05539409929479294 0
7782 0.6466604458275594 0.9414905964872616 0
7783 0.4872784015196339 0.9367067996371141 0
7784 0.4575195914436493 0.8554848840444336 0
7785 0.497430584144587 0.2554769966619838 0
7786 0.4543976074678762 0.3946166931650746 0
7787 0.6724931318159126 0.6693802158080537 0
7788 0.5503722303176264 0.7174596403420146 0
7789 0.3982960107492971 0.8005722002469354 0
7790 0.4001572856286781 0.8670131278336011 0
7791 0.5956853721025133 0.9521671442056384 0
7792 0.1631958901627112 0.1090361827420263 0
7793 0.6924909461221189 0.1922001306082798 0
7794 0.7737643204994431 0.8320478532659557 0
7795 0.8405818684268961 0.1194236373794758 0
7796 0.4674156440111824 0.2775636749251963 0
7797 0.6696248507193483 0.8871638151332454 0
7798 0.5176944840459718 0.3019169753301351 0
7799 0.4625024738375201 0.6895071195971191 0
7800 0.7334027897083635 0.8544030247596985 0
7801 0.6309569186167298 0.798868067019367 0
7802 0.6724403360184363 0.2263605135440777 0
7803 0.6121553845037611 0.6815994919246062 0
7804 0.4530667414938947 0.5601779175284266 0
7805 0.4640625088248935 0.5556716397112282 0
7806 0.7505419044612973 0.946793980192022 0
7807 0.4508399786339581 0.9581322671927435 0
7808 0.4357959812442669 0.06906638114425007 0
7809 0.798725397577444 0.07810814992494258 0
7810 0.5476186524945368 0.08839288201567136 0
7811 0.2704852045865935 0.9123669590641386 0
7812 0.4906995299892495 0.04701187318341365 0
7813 0.8170939596158342 0.06671019568938985 0
7814 0.2895868018026551 0.9545877812935392 0
7815 0.2232497071234251 0.05542810945112131 0
7816 0.6488203437175091 0.145725149292782 0
7817 0.3422774161659677 0.1351443817368253 0
7818 0.7152772360714041 0.11707995246081 0
7819 0.5827451595918691 0.1740930691511882 0
7820 0.9076496961555854 0.04320850178120972 0
7821 0.7798832774011 0.08852393770852779 0
7822 0.4119843653375075 0.937332593923668 0
7823 0.5301617619271284 0.7293934694005151 0
7824 0.4561366341662486 0.2262764618480784 0
7825 0.7991903226274479 0.1413132339190549 0
7826 0.3791344256601469 0.8114781568593061 0
7827 0.5244052153086262 0.1858059508322193 0
7828 0.4959209568034804 0.8552225040694391 0
7829 0.5729961906528526 0.8104064194863736 0
7830 0.5049271624687948 0.1970025263008146 0
7831 0.4803840283709902 0.7593659372102755 0
7832 0.4174004660543922 0.05858894660735026 0
7833 0.4691309928597902 0.9474873681509435 0
7834 0.433132539984398 0.3820167943368863 0
7835 0.5149852580850317 0.8440698007394487 0
7836 0.553387159211768 0.821492255138826 0
7837 0.6417897828211565 0.7229679787371807 0
7838 0.6215791724246089 0.7347684519866665 0
7839 0.5341298888144154 0.8328044343576174 0
7840 0.6498213352494744 0.285168398757477 0
7841 0.1819956453558186 0.09809374298847212 0
7842 0.6730802339301281 0.1807907047855291 0
7843 0.3755334607520298 0.2147602738678035 0
7844 0.3837682526737082 0.2318379997958055 0
7845 0.7605164638394043 0.1638421965428856 0
7846 0.3564321097269025 0.2030922114745574 0
7847 0.7021917322300597 0.2322703240778317 0
7848 0.6621225468698799 0.7111042776357144 0
7849 0.211996832774457 0.1697939869320999 0
7850 0.8215184705570597 0.108560076549189 0
7851 0.8712273686023789 0.9521609535815249 0
7852 0.5238923099596829 0.9365647550927605 0
7853 0.4201897549004686 0.5299756782429215 0
7854 0.7946842803894072 0.579873154977127 0
7855 0.04020643483942266 0.5864985218005627 0
7856 0.9560732426038956 0.5202979730256924 0
7857 0.7046794562135936 0.8489183697100819 0
7858 0.4229093191111852 0.3390073100575133 0
7859 0.5533615835402126 0.4009795300336404 0
7860 0.7218881666156429 0.1978718416557315 0
7861 0.2828601119880154 0.220910556495571 0
7862 0.9558636869058696 0.7511533965731921 0
7863 0.9384904299314616 0.3811119975220016 0
7864 0.9481257956817073 0.3437553117534742 0
7865 0.3263841227113793 0.9328653656763506 0
7866 0.6812229037067598 0.3638621958707752 0
7867 0.05895281670807684 0.3055909745966464 0
7868 0.5397713045799195 0.8986398004649852 0
7869 0.4222467621975285 0.425578595040901 0
7870 0.5763952647323943 0.8770854447869075 0
7871 0.4842969875254103 0.5459240309760298 0
7872 0.6046402321527358 0.8824329761604582 0
7873 0.1235994442760919 0.6244351185798943 0
7874 0.4524510675151438 0.6472607762945726 0
7875 0.8919601214039261 0.4074402530291787 0
7876 0.09586599571810356 0.3818087774278312 0
7877 0.7849372243708399 0.4532795300144699 0
7878 0.2109244334079738 0.6734993682443041 0
7879 0.05199947991388432 0.9812689483974379 0
7880 0.5926005499866801 0.1794897168811467 0
7881 0.01705292879722187 0.9794095661815717 0
7882 0.2318184157561163 0.491327402039718 0
7883 0.8843670062979339 0.2548897315283969 0
7884 0.2009214410071078 0.4868643906205483 0
7885 0.9204796901938789 0.3490600933174186 0
7886 0.1154263659919386 0.202202125719077 0
7887 0.07735306464629144 0.4030176390502938 0
7888 0.9397069588845828 0.2855417852351738 0
7889 0.54964242467014 0.6697224481043772 0
7890 0.1823109185134313 0.2548560583223378 0
7891 0.1142032610183374 0.6517290759597492 0
7892 0.07262377861458774 0.916473417469758 0
7893 0.08168556137430238 0.9112182870633216 0
7894 0.07270849683353514 0.9064561637354653 0
7895 0.05537300628255043 0.8986259074931919 0
7896 0.4374030043214593 0.1675152220221184 0
7897 0.9098115665684432 0.5155421811863379 0
7898 0.5538830235780523 0.7639752457378605 0
7899 0.4521806604777475 0.6834448861828334 0
7900 0.4841880053879517 0.5715755970583064 0
7901 0.612743572443344 0.6206346178948104 0
7902 0.4402485653693002 0.7479360905489184 0
7903 0.3793606600329098 0.400746195890694 0
7904 0.330321901981472 0.8181032142981746 0
7905 0.5601590771211468 0.7114983947312004 0
7906 0.5344684401460228 0.2260234186183047 0
7907 0.7343111717127314 0.3668931899459869 0
7908 0.442590487305544 0.502662983818831 0
7909 0.584215907937256 0.7933073740862671 0
7910 0.5928907989199355 0.2250218140039502 0
7911 0.5807815089482243 0.6269196251230158 0
7912 0.2907718674752384 0.788851243991369 0
7913 0.5438501859065488 0.1857224979171802 0
7914 0.510775702508817 0.09989128256703361 0
7915 0.7400441126833994 0.0557623852653677 0
7916 0.3936820335305263 0.9374879324180229 0
7917 0.1731486692126853 0.1813423035180136 0
7918 0.5661433723239285 0.08793238965737193 0
7919 0.2519600672971753 0.9126730813602204 0
7920 0.860882779875213 0.8710441171210993 0
7921 0.8728778022885555 0.3579338545940613 0
7922 0.4087603510231484 0.1621377095736188 0
7923 0.8638397820988195 0.8387823774228673 0
7924 0.8628873416304085 0.8495459789342997 0
7925 0.8173224328686974 0.2691846546577237 0
7926 0.2404707309854444 0.7137395250353187 0
7927 0.03565641349776966 0.9685193627586827 0
7928 0.2114879522716474 0.2721430587573571 0
7929 0.2114405733601255 0.3404961489400161 0
7930 0.922431104800335 0.2233263026775326 0
7931 0.9013142632364521 0.4130166220815697 0
7932 0.201157809071207 0.6677539864570883 0
7933 0.4532195862882834 0.5349810854347237 0
7934 0.323194377399401 0.6251322094714271 0
7935 0.1531135045676389 0.3395115797112358 0
7936 0.09447469927197083 0.759568377552497 0
7937 0.2402261745730201 0.7367638811743041 0
7938 0.9208335761540777 0.3276203632228369 0
7939 0.7947264443757995 0.4590414068039449 0
7940 0.3878518954365234 0.5999066367971649 0
7941 0.2214309363083844 0.6110938449113046 0
7942 0.3441886306840465 0.3510170600065415 0
7943 0.8527858974285402 0.625566209661111 0
7944 0.8527846373136839 0.6366178065296489 0
7945 0.6723865476893455 0.6449974939140533 0
7946 0.6729082851158664 0.4835234043067094 0
7947 0.3452601630513616 0.4112832464831284 0
7948 0.07684763193302313 0.5198773082262184 0
7949 0.9191145651612386 0.6590711993867994 0
7950 0.8547400133608194 0.314575078318039 0
7951 0.211130056413264 0.4588531201454379 0
7952 0.1434031450233635 0.4220951994221108 0
7953 0.8527627799120481 0.66961671343656 0
7954 0.08662449366711678 0.3763888017096754 0
7955 0.3863538469209359 0.5751265184456062 0
7956 0.1431520750796778 0.4990118610877831 0
7957 0.2517159365928988 0.5479754540139146 0
7958 0.114244951439482 0.6300581563924289 0
7959 0.1819641805738262 0.5999124673590102 0
7960 0.8743339025353025 0.2819349564688623 0
7961 0.5647713182794135 0.5604320255640142 0
7962 0.201385378110388 0.6451313976740226 0
7963 0.528265453991987 0.657718352158261 0
7964 0.5636617665180659 0.2196644894727965 0
7965 0.3045686553565368 0.1461912390716571 0
7966 0.8044381283050734 0.5855443097395518 0
7967 0.5168078874981508 0.5776323021030447 0
7968 0.4672636311773883 0.8169035889943013 0
7969 0.9409270354264967 0.2238601787380589 0
7970 0.04977676909931 0.300084833245075 0
7971 0.1589914168563655 0.05887396821211305 0
7972 0.5299082024459759 0.1212298190283349 0
7973 0.1808338004784681 0.736340188939635 0
7974 0.5907060898088998 0.5966655367879694 0
7975 0.04824991616358471 0.7540400046820821 0
7976 0.7424528045163216 0.2906461211107457 0
7977 0.595093052085758 0.8552139201655412 0
7978 0.5809021556181779 0.6755885618779081 0
7979 0.3914838119170295 0.3448264419825898 0
7980 0.9194108106286241 0.8161566560518908 0
7981 0.1521116597602353 0.7181779870258131 0
7982 0.93782564686018 0.4781205148535594 0
7983 0.9815725184820814 0.9188303210728672 0
7984 0.7945432455431845 0.4817099771845422 0
7985 0.2215812034915309 0.5882625993435329 0
7986 0.6310340944444401 0.1791321127191212 0
7987 0.314769890576663 0.07550782640383708 0
7988 0.1828006987831062 0.2206487064132888 0
7989 0.06809856330948216 0.2788893514377455 0
7990 0.379906188438369 0.1237958302888454 0
7991 0.5969176207013926 0.4636551659790231 0
7992 0.251767362248196 0.5248648236019378 0
7993 0.09683291539965044 0.1369299319650527 0
7994 0.3237332588976325 0.1683535311185013 0
7995 0.125077951820935 0.1749614769727934 0
7996 0.773820602657727 0.75213557373877 0
7997 0.1633574250281583 0.1982516955759968 0
7998 0.9561778013639971 0.8050459039683338 0
7999 0.7644119329929472 0.5445983440206548 0
8000 0.07812225284253377 0.1690596057625858 0
8001 0.6184368435245394 0.4264533109257923 0
8002 0.2421799249604508 0.8744504880169464 0
8003 0.33388965412023 0.5205992728602419 0
8004 0.1819163110039762 0.6224322042174919 0
8005 0.9191529378672492 0.5100415900404691 0
8006 0.3105767887143213 0.7660569774179582 0
8007 0.04059713445646973 0.4027668625551753 0
8008 0.1235703253619837 0.6790083034470856 0
8009 0.1708768881618382 0.7533698798375745 0
8010 0.9477642989967956 0.3758101066023476 0
8011 0.2019157224034412 0.5654274878122965 0
8012 0.9048801566446276 0.179827010327792 0
8013 0.5652521026443 0.05596100412809457 0
8014 0.8033966156939474 0.826359226978358 0
8015 0.8945872542578859 0.2172244759027411 0
8016 0.06437836479593267 0.8930334685836248 0
8017 0.9305478225356132 0.2908309427896447 0
8018 0.924556275622648 0.137610730840826 0
8019 0.9108455209421229 0.3755908857005532 0
8020 0.9010219667206866 0.4344996215094014 0
8021 0.8815068861420605 0.7516291468852878 0
8022 0.1820920749172132 0.2665492702845545 0
8023 0.6020425989235082 0.6634827751603271 0
8024 0.8911715813041485 0.7894796541395234 0
8025 0.8718683338691781 0.7136197319823556 0
8026 0.9376849407234256 0.690494070533802 0
8027 0.2125297796309403 0.8333868337741688 0
8028 0.1621367505907985 0.667225215319273 0
8029 0.05977311931739926 0.1263854531893358 0
8030 0.0769891037312655 0.6191452726349028 0
8031 0.1242533670370237 0.2682092746148027 0
8032 0.7844882546334584 0.6080290119976722 0
8033 0.891281715628184 0.4722092356487361 0
8034 0.7643188586129215 0.6884100577686864 0
8035 0.2723823431081552 0.3204170297463788 0
8036 0.4868778953519423 0.4262041622233051 0
8037 0.9099313717884266 0.7035162928357153 0
8038 0.6724861533943889 0.6206387100830179 0
8039 0.06735115781692386 0.6791158126470909 0
8040 0.09557531563932803 0.5869237771458098 0
8041 0.8814187606971191 0.6312995252770006 0
8042 0.04975758938539715 0.3658676300946906 0
8043 0.3222312255232411 0.6911482934304137 0
8044 0.8114608120082554 0.2033778989306647 0
8045 0.667030881301131 0.06885123661637577 0
8046 0.3862984991761123 0.637257621728342 0
8047 0.3432939016170781 0.2555880085132438 0
8048 0.1877519821815111 0.9301402217103087 0
8049 0.2871623032646291 0.07027009803599776 0
8050 0.5065485712015303 0.6212363308008305 0
8051 0.2596422618838576 0.06495764300499046 0
8052 0.3444086347746977 0.889730345327139 0
8053 0.593748464261675 0.08183583177650683 0
8054 0.6942983432921154 0.06249271641102089 0
8055 0.8623427880930394 0.06060162830461152 0
8056 0.6212531328726265 0.07563832637684276 0
8057 0.7779321642329137 0.9413709345990455 0
8058 0.6045920860099605 0.9040776304842604 0
8059 0.2152128595744461 0.9241875123696643 0
8060 0.3028662555026526 0.2556366096692614 0
8061 0.6526305279107447 0.2147411079439021 0
8062 0.7138593239756337 0.763674271152721 0
8063 0.8144664567255463 0.9307354204794098 0
8064 0.3074642427843267 0.9009206491512889 0
8065 0.567524416819159 0.915062941443799 0
8066 0.4174328642732153 0.1124422887772493 0
8067 0.6739976165004311 0.9362415272753155 0
8068 0.677641959552174 0.1285778603477697 0
8069 0.6112637365769511 0.1570174061835701 0
8070 0.3598136899167448 0.8228581788365887 0
8071 0.4387439373191631 0.8667547849121362 0
8072 0.1246886796211027 0.948293985465848 0
8073 0.6325006787917201 0.8877973608347143 0
8074 0.8420783473696954 0.8596818180872966 0
8075 0.9101567103493817 0.8217282087080073 0
8076 0.1594210620420188 0.9921087717983411 0
8077 0.0866013672654547 0.4084617186742725 0
8078 0.3422899224284562 0.07003892397952383 0
8079 0.2519970741966936 0.4696086837457193 0
8080 0.1223843157548726 0.7758844989482796 0
8081 0.2724725828927795 0.4581526840601594 0
8082 0.7971529627987597 0.3031703729293536 0
8083 0.7347275480118562 0.4139586930673353 0
8084 0.8168173953203286 0.2808068624969237 0
8085 0.1919262747612392 0.306127042254161 0
8086 0.2709978895836561 0.6850102125998807 0
8087 0.7142106453631833 0.5166099812282726 0
8088 0.2613958826360904 0.6226834032754027 0
8089 0.7345927794497455 0.4927271458556712 0
8090 0.8627086160798395 0.8172914161394026 0
8091 0.1312684348754891 0.824661924863788 0
8092 0.7651671556439024 0.4417506091895351 0
8093 0.2307254000734439 0.6849702136936646 0
8094 0.8333086323779415 0.6920907572421047 0
8095 0.6519479812058268 0.5075992828814886 0
8096 0.1724477848349136 0.328542920585072 0
8097 0.3440756136757342 0.637123099625849 0
8098 0.8356550729445913 0.3033596658311211 0
8099 0.354525879343387 0.3088572035766559 0
8100 0.5194343755700984 0.06225840766986812 0
8101 0.538453161017917 0.6148886671022215 0
8102 0.4867882468257116 0.3201354102604707 0
8103 0.1667734365737364 0.8619870586967031 0
8104 0.3305176005924321 0.7545460148679255 0
8105 0.59113373118553 0.7172711344615953 0
8106 0.350771607007014 0.7431770545246117 0
8107 0.1467940677408291 0.8729987865170252 0
8108 0.5156391793936481 0.787807308598627 0
8109 0.9483553515607055 0.3225745840675961 0
8110 0.9805963710510458 0.8965605074921328 0
8111 0.4642319895460571 0.5289957182502912 0
8112 0.008827440074232418 0.9434329901062966 0
8113 0.05287196381016213 0.9696535805651028 0
8114 0.9907927155925453 0.9133018490415757 0
8115 0.0967914827703853 0.1801019682191811 0
8116 0.6223700716327137 0.1964689267432311 0
8117 0.6329533274218568 0.6083568800292015 0
8118 0.6231497104627671 0.6145137622062548 0
8119 0.9474341143409712 0.8528502759230927 0
8120 0.4863503766297202 0.8497687945093647 0
8121 0.5077038878657212 0.3074527249573714 0
8122 0.4727956597723399 0.6835596649238964 0
8123 0.4224485864683163 0.3881351718018153 0
8124 0.6115265905440538 0.7289791654738387 0
8125 0.8247315194287009 0.386314667402275 0
8126 0.1033893764042018 0.7973020760863911 0
8127 0.5311693669726408 0.4642938789197733 0
8128 0.4758417946271411 0.4578039920031607 0
8129 0.3144720851471497 0.04369757572845673 0
8130 0.7644886679448281 0.521628459398612 0
8131 0.9563331395164533 0.8260533645296192 0
8132 0.9421252397888309 0.1699019971844504 0
8133 0.6015442173934796 0.7113057771474165 0
8134 0.6490198251558762 0.08011324505465994 0
8135 0.6674488301130597 0.07968314437882096 0
8136 0.7523896736927915 0.2615118151651562 0
8137 0.5731080620184271 0.1798307279537624 0
8138 0.9327723178049311 0.1750771290382015 0
8139 0.9193306286506688 0.467115467590475 0
8140 0.05903002077290009 0.3604335120442005 0
8141 0.55328179143294 0.4135244258640128 0
8142 0.5492484378397422 0.60862663484017 0
8143 0.7219363829705098 0.2092990021378728 0
8144 0.2828373980381698 0.232471606460825 0
8145 0.08266917767752935 0.9018433216350918 0
8146 0.4228282902383275 0.3512488445573337 0
8147 0.1338983996258994 0.3064327750551896 0
8148 0.7047098890856308 0.8377724754663088 0
8149 0.3262553947763812 0.9221694307681222 0
8150 0.2111890795625077 0.6509531866863807 0
8151 0.9559942932240584 0.530883592345245 0
8152 0.1250960926021429 0.1312737569558717 0
8153 0.3991185128334777 0.156832522751401 0
8154 0.04832494314559765 0.7434990187249177 0
8155 0.3703939587276107 0.1184105893332908 0
8156 0.0405397176144513 0.4237360245007618 0
8157 0.6286434897553258 0.3822642198994306 0
8158 0.3863582263502029 0.6250572820857085 0
8159 0.9377673226494087 0.7840638873098327 0
8160 0.8237477422168057 0.5095443007382677 0
8161 0.447887571195052 0.1834173748085102 0
8162 0.2623812812951087 0.2791796864457664 0
8163 0.9376761782986573 0.7732856573373182 0
8164 0.843171340185275 0.6198051124666717 0
8165 0.6605856092633013 0.4002656456469111 0
8166 0.4639827999502076 0.56661440487708 0
8167 0.1896224998552288 0.8099825522886717 0
8168 0.08833278279771706 0.09809090580599628 0
8169 0.01833220840466621 0.9289876129842844 0
8170 0.7540663844275357 0.798114750007485 0
8171 0.9575679880542494 0.3173184550055894 0
8172 0.4203087267292249 0.5669543731921204 0
8173 0.3885929704335792 0.07498908570054896 0
8174 0.5865597614167609 0.9469795267972051 0
8175 0.2529955295108254 0.2037453118098603 0
8176 0.7314566855543378 0.06157181202496526 0
8177 0.3221317716056342 0.6795571245092018 0
8178 0.1900655040769099 0.7875064482754017 0
8179 0.06914717884318089 0.1206599897013841 0
8180 0.7538077947188571 0.7519076061141858 0
8181 0.009031446897555029 0.922939361770774 0
8182 0.5940501340376628 0.09250198582341018 0
8183 0.801839484691839 0.2207052706175853 0
8184 0.5064342821515995 0.6088867424141179 0
8185 0.1875248477939754 0.9195856948129395 0
8186 0.7414704243220778 0.9416403973419498 0
8187 0.05687158746500376 0.8017058207320366 0
8188 0.9826874829724515 0.8853659461113312 0
8189 0.2871620097896972 0.08092635148880117 0
8190 0.2023829542739929 0.232227799450425 0
8191 0.2022241188302271 0.2436087454194003 0
8192 0.926537717674507 0.8986544250475679 0
8193 0.2824998597282862 0.3263004072095914 0
8194 0.6301973401623689 0.1127696512920601 0
8195 0.6726664533391393 0.4710570706072321 0
8196 0.8528103620034575 0.6586170395094715 0
8197 0.09450426240518672 0.7489101994932781 0
8198 0.9467594559565777 0.5364205233070014 0
8199 0.1999132864783895 0.7935928433974352 0
8200 0.08601667779799843 0.5147180637176699 0
8201 0.947166777327403 0.8316695688507028 0
8202 0.2112767022495236 0.4474577676265953 0
8203 0.06690504278910148 0.7327561220372896 0
8204 0.5749407208215463 0.01839629975359353 0
8205 0.8957124724084849 0.1741631326796628 0
8206 0.2502767455109171 0.7311041587034849 0
8207 0.7324078983046673 0.2965931944685362 0
8208 0.6073284517982942 0.3453841964938746 0
8209 0.9019114503852298 0.3705105942544051 0
8210 0.3147641189359454 0.08616642311600198 0
8211 0.9472329318689586 0.4517256471933202 0
8212 0.04969811951576131 0.4292829839090571 0
8213 0.9285573932145772 0.4833356766839802 0
8214 0.08742787557394149 0.1637659214971489 0
8215 0.4027869551727248 0.9321590885611343 0
8216 0.2593833009400657 0.07535320705156945 0
8217 0.8622040928700577 0.07073917455586648 0
8218 0.6948420294755361 0.07332948530030658 0
8219 0.6215534303571667 0.08625424778187185 0
8220 0.4557749963195433 0.3141617736903123 0
8221 0.1338501117256777 0.2954401079206106 0
8222 0.09485213961010741 0.7275902146197131 0
8223 0.2621137730923473 0.8612409672520841 0
8224 0.07667368410708009 0.6737024395538603 0
8225 0.2928322508359793 0.2733345890501818 0
8226 0.5861144959987066 0.4699113266640334 0
8227 0.5087362274839182 0.02580116189903764 0
8228 0.106105621234771 0.1315387522782309 0
8229 0.07732467348497013 0.2841473428450931 0
8230 0.3438679298983859 0.5148429242670702 0
8231 0.9573683964642581 0.3383179672419753 0
8232 0.02227140864497307 0.7273795351748822 0
8233 0.5196020953262055 0.07297571180160806 0
8234 0.4080863199755938 0.1179885202132551 0
8235 0.2243348354557871 0.9186100344892359 0
8236 0.5767488455865414 0.9096154955036007 0
8237 0.6138763705286328 0.8986604525015779 0
8238 0.6017392446362114 0.1626036137982378 0
8239 0.6679673433595483 0.1339497580525794 0
8240 0.07705554442137175 0.4243415731916479 0
8241 0.2927969824459222 0.2615397239512325 0
8242 0.5637596537709891 0.2311232173222643 0
8243 0.4122336289253459 0.357273370583352 0
8244 0.5858906786135316 0.4074714646195358 0
8245 0.6415345508493808 0.7697513975020356 0
8246 0.3597194245099345 0.8116519088613068 0
8247 0.2315618798470392 0.2954155453397583 0
8248 0.5703003269978162 0.6331625656646934 0
8249 0.5276270951676562 0.5712399082980245 0
8250 0.2018237279408198 0.3007372652356584 0
8251 0.396830903679155 0.6193208375320648 0
8252 0.534554617643583 0.156307929091721 0
8253 0.6953114381119038 0.8312925051046376 0
8254 0.3355811617413411 0.9166919870356971 0
8255 0.4757287524399125 0.4706428539974853 0
8256 0.5365315416849906 0.5401653433008511 0
8257 0.7419329724934401 0.06791841070239302 0
8258 0.7778363741366879 0.9307795353158272 0
8259 0.2811892666905336 0.7944724162680618 0
8260 0.2811648324685954 0.6791691804220573 0
8261 0.2772289087280494 0.08635097464847308 0
8262 0.3957695358773631 0.2263006679875223 0
8263 0.06703304737211313 0.7221589850363397 0
8264 0.4955608871961822 0.6027795585517053 0
8265 0.9921291061887477 0.2326545036681265 0
8266 0.1144602252617118 0.5867236352600981 0
8267 0.1781620605518542 0.9145043995411486 0
8268 0.603309391656737 0.09727576677469729 0
8269 0.723844505398377 0.7578429355562644 0
8270 0.7238166120816034 0.7462092877534908 0
8271 0.8648332501397551 0.2761308587975942 0
8272 0.2120397029033748 0.1809553474456519 0
8273 0.8456617044426942 0.2755445558852881 0
8274 0.539043729150394 0.6637553703790866 0
8275 0.1921849226340606 0.2492188275031189 0
8276 0.2241274676644979 0.907868133044706 0
8277 0.4081851811998914 0.1289770365585767 0
8278 0.2314208692007492 0.6053273544152467 0
8279 0.8149727187630191 0.3919575757961746 0
8280 0.5767052360531657 0.8988264479313992 0
8281 0.1350190507396728 0.1145738373974441 0
8282 0.7848199795301238 0.4759716366932539 0
8283 0.1638453291760475 0.1308958236055107 0
8284 0.3035671610471481 0.4483461065094257 0
8285 0.07695524308237112 0.6301119392050601 0
8286 0.6398174845705623 0.4509967132169996 0
8287 0.9560980082399803 0.551785477595819 0
8288 0.2623709534126526 0.2674005984506473 0
8289 0.1041214826550279 0.733243462347397 0
8290 0.4465041594689969 0.1970975668755446 0
8291 0.8121946332213503 0.08180076378024531 0
8292 0.4536957734472284 0.4703681411191932 0
8293 0.9830001072949275 0.4736547964543916 0
8294 0.534125362319895 0.1913516237651854 0
8295 0.9151312543602754 0.1427215198231566 0
8296 0.2611474828052172 0.9072317989541149 0
8297 0.8519221659010868 0.8545490405785833 0
8298 0.7745056313309541 0.6137248011815946 0
8299 0.4087823305347266 0.550436242448005 0
8300 0.4624992926835051 0.6775400354522532 0
8301 0.5570449270462057 0.0934988241894214 0
8302 0.7242770568102672 0.1222448555434528 0
8303 0.872153037613566 0.7463142685792948 0
8304 0.2702949714582992 0.7430497045620671 0
8305 0.5914145363805581 0.6695174576917706 0
8306 0.956643913175582 0.8470305652591056 0
8307 0.5759152474522122 0.5148582687689522 0
8308 0.1953838358115536 0.01660280640455947 0
8309 0.1048886809957812 0.592299925613758 0
8310 0.5423850675541323 0.470505738149657 0
8311 0.3984006327609829 0.4783469367315573 0
8312 0.7528929304056545 0.07203415260534352 0
8313 0.1925853257727923 0.22640669933073 0
8314 0.303072270487699 0.2792173413579322 0
8315 0.4478259086325548 0.8501601685095578 0
8316 0.4641214649323588 0.5428342731589771 0
8317 0.3072408189816461 0.890114272701876 0
8318 0.946828975540591 0.6317221545039985 0
8319 0.6493153210397007 0.09086671319436962 0
8320 0.08690179362389439 0.2175887273752845 0
8321 0.7544940802665334 0.5274259041553843 0
8322 0.6077074984367464 0.4202144872582937 0
8323 0.04025643387723588 0.4445095450391113 0
8324 0.9466919633472259 0.5576308649078751 0
8325 0.3992511291333391 0.1677448188099584 0
8326 0.7644635617091438 0.6194648387191121 0
8327 0.5305690861568457 0.143432736406622 0
8328 0.3423124522428705 0.08072356010806131 0
8329 0.9056887619622384 0.1478744340841149 0
8330 0.1146641836629903 0.01812595748943407 0
8331 0.7684221879704395 0.9256919552446495 0
8332 0.8853538990117574 0.211637894543087 0
8333 0.2120112858577414 0.2494746885750006 0
8334 0.8034324053889872 0.7579025873349348 0
8335 0.6412094314535581 0.5138507148768358 0
8336 0.4553781606959448 0.3255815063215137 0
8337 0.813757877775744 0.7509980257890385 0
8338 0.2211934067677455 0.4417739748402957 0
8339 0.08665154022263194 0.3551726904255327 0
8340 0.4330243897114828 0.3944177361558593 0
8341 0.6303287454948954 0.5075562224581389 0
8342 0.9194776173796149 0.8375757338749191 0
8343 0.05677164587955635 0.8125407661147798 0
8344 0.09581945881247361 0.371378261806816 0
8345 0.7849094661330877 0.4645515618021086 0
8346 0.3532129996993537 0.6855323147624696 0
8347 0.8138736128686385 0.7734519352923422 0
8348 0.3694468664302386 0.8059559723826082 0
8349 0.8817289837533479 0.7841028886650434 0
8350 0.5316554656732538 0.4133851415378436 0
8351 0.1237266441749365 0.5706650744509632 0
8352 0.8034202717491795 0.7806744729220214 0
8353 0.2314378420071578 0.5939298902371135 0
8354 0.4158284047878114 0.2726660093703885 0
8355 0.5596843909739004 0.6270977275590663 0
8356 0.8533533983326592 0.4375852161881304 0
8357 0.4119431737604715 0.9267263729296398 0
8358 0.1433999049839018 0.2896484724340127 0
8359 0.8616377594215726 0.8600202352608557 0
8360 0.862282235198317 0.7195233259624135 0
8361 0.8893522501610369 0.9414013335277044 0
8362 0.4178167383034602 0.1343146572772193 0
8363 0.2256445724249047 0.983067886221447 0
8364 0.5752363122301286 0.4636957257423743 0
8365 0.2146593038440843 0.9026926091879492 0
8366 0.2110404535100414 0.6622560621440448 0
8367 0.7538386485421955 0.7401714487612145 0
8368 0.5673664493584973 0.8935442037327137 0
8369 0.8335741194887289 0.4706991861447217 0
8370 0.04039618190090022 0.4551907868241861 0
8371 0.5275495692578073 0.5585508730989643 0
8372 0.7933290506144011 0.832029841757648 0
8373 0.1128004664594571 0.7919872514051169 0
8374 0.7020672840934381 0.24389777391185 0
8375 0.9097963647874454 0.5371853808180381 0
8376 0.6226048033456808 0.208175960654829 0
8377 0.9561244045870716 0.5728401940502137 0
8378 0.5011611389850931 0.07331228585188987 0
8379 0.7940360850688785 0.6708289767005864 0
8380 0.6416840288479901 0.553887618391502 0
8381 0.4959349744757504 0.8441894774251608 0
8382 0.1156090539892363 0.1368508613699618 0
8383 0.08655491194801102 0.2788459900180923 0
8384 0.4658366324988917 0.1864255196955403 0
8385 0.2900936460917765 0.4359202918883887 0
8386 0.7533713134490767 0.3199702714262728 0
8387 0.2504141049268613 0.7196272433202024 0
8388 0.8458755314499077 0.2643063126128755 0
8389 0.7644340491366381 0.6309619066223529 0
8390 0.8818613165236261 0.4775883436257354 0
8391 0.1330117425601903 0.6733851314430082 0
8392 0.8245717255364164 0.4087233908713326 0
8393 0.9054895665286837 0.1585008319476523 0
8394 0.3337049635552856 0.6190686948634506 0
8395 0.7544499771702285 0.5389346969030557 0
8396 0.9191428766461427 0.5315022485853813 0
8397 0.7338122768668983 0.3335013700118984 0
8398 0.3422322567704732 0.09153316813448376 0
8399 0.8975134727647442 0.01775758288692975 0
8400 0.9100289735192355 0.8429451041825874 0
8401 0.4632395507500272 0.6425585013487242 0
8402 0.938017160447183 0.4352189363043458 0
8403 0.1326952888336212 0.2419045485242706 0
8404 0.2978508887011996 0.8848855869339892 0
8405 0.5967976880307595 0.4138667025984665 0
8406 0.7222287499474226 0.3027666093016866 0
8407 0.1337263617692777 0.2734582940369656 0
8408 0.6288659793814424 0.01766291344906473 0
8409 0.241278524576517 0.4417932280046526 0
8410 0.8432400951776698 0.6530732487247035 0
8411 0.8336285961515294 0.4595177757098547 0
8412 0.1330595794381421 0.6623905908534413 0
8413 0.8529799700590627 0.6035130584272459 0
8414 0.9560761948421503 0.5833406722494064 0
8415 0.3610048098792072 0.123888769057004 0
8416 0.7544341911817543 0.6369021317366053 0
8417 0.8041834157776877 0.6870599611287518 0
8418 0.5573438093384393 0.1043756476111504 0
8419 0.7137242457206074 0.7404209967400051 0
8420 0.04960379526714676 0.4609797131014636 0
8421 0.1617460285744404 0.7245145243389134 0
8422 0.1143943620627283 0.5760469519585745 0
8423 0.5207192248272329 0.4195767610603935 0
8424 0.8762481427689844 0.216832175217427 0
8425 0.2311397601354253 0.4474864119457492 0
8426 0.5243596444057335 0.1970701758132665 0
8427 0.3035189357498 0.4232832270439827 0
8428 0.2703271493101363 0.9016968150413674 0
8429 0.947258822910631 0.4411039237276004 0
8430 0.6139121262006981 0.8878871639029556 0
8431 0.07838698075602329 0.00898167076808748 0
8432 0.3912645359602558 0.3571203094531884 0
8433 0.8750993578062179 0.2491032813870538 0
8434 0.620182014657632 0.5783589637772127 0
8435 0.6214612423589196 0.09676700980519037 0
8436 0.8591205779480393 0.1966179601613197 0
8437 0.5271116110190671 0.5463484776808137 0
8438 0.7018338970199226 0.255583554876974 0
8439 0.629204182910702 0.4572590793582857 0
8440 0.9466881682806945 0.589376934185541 0
8441 0.2628865979381445 0.9913295322601097 0
8442 0.8545597543545476 0.3256943095316485 0
8443 0.04985367470149143 0.3216639835613186 0
8444 0.1531134265693541 0.3506958284245246 0
8445 0.4625105961959416 0.6654832870258518 0
8446 0.9190534183280017 0.5530546616607392 0
8447 0.2998172221424096 0.828883951204469 0
8448 0.104612837343201 0.5355715571320887 0
8449 0.06730616952405222 0.6577416804031807 0
8450 0.05338597263943423 0.9591340105696182 0
8451 0.4646494324073759 0.4769903467405473 0
8452 0.408098006023326 0.5757690875627784 0
8453 0.8653084627407455 0.2307958545163689 0
8454 0.4207150875937369 0.7366931715380505 0
8455 0.8722910513384599 0.778722608735932 0
8456 0.1245146082527088 0.3887530302616614 0
8457 0.1534503998593094 0.5829640156582834 0
8458 0.5643214028667339 0.4574696692110587 0
8459 0.1149876946375004 0.5270089467798725 0
8460 0.2138609216780522 0.8915220254538703 0
8461 0.4210380860043327 0.9213521903469866 0
8462 0.868737972180164 0.1250180319029257 0
8463 0.8182544161016083 0.24788763744506 0
8464 0.1145469368774413 0.4035208535827099 0
8465 0.04034121636315025 0.4761303023884637 0
8466 0.1345199446103716 0.1807347635105389 0
8467 0.1236574304685327 0.6459848255254376 0
8468 0.3333619799707583 0.2613805776706484 0
8469 0.2414148692158298 0.4301927988745928 0
8470 0.5667581781137588 0.1094997412733669 0
8471 0.3791634353124023 0.8002490925859961 0
8472 0.1345029345437151 0.1920178533751617 0
8473 0.9559596512864283 0.6043448222863395 0
8474 0.8528426546189617 0.5921750654416577 0
8475 0.9473580793679784 0.4197926593023667 0
8476 0.1222709658736802 0.7866327459528473 0
8477 0.9744586925100025 0.9920384957641855 0
8478 0.1145978372727352 0.4146765593787841 0
8479 0.2919573591517461 0.412828863607687 0
8480 0.2731974667711461 0.008256687207207791 0
8481 0.5671302227416302 0.8825044638246173 0
8482 0.5737216991169179 0.1357947373401815 0
8483 0.4280126463952996 0.1958198039442924 0
8484 0.5055296588482474 0.8386128132705662 0
8485 0.3035829404353962 0.3992100403313205 0
8486 0.3908038482261885 0.369660444494851 0
8487 0.7752706539454037 0.4018357886698114 0
8488 0.8723340135882668 0.4830112591479931 0
8489 0.1531947027352732 0.2613335631137134 0
8490 0.9463558130720329 0.6110790683533763 0
8491 0.389665660999166 0.7643975767315054 0
8492 0.1235885766711479 0.6350583628633654 0
8493 0.379822072370865 0.3760905223729485 0
8494 0.7645154018749345 0.6538846384443587 0
8495 0.4560961547350443 0.1559261077213513 0
8496 0.9097260066761002 0.5588862878577467 0
8497 0.8449259511793167 0.331273756932673 0
8498 0.1721022440615475 0.5369228295735307 0
8499 0.4367979691484124 0.1339718077848656 0
8500 0.5146275506422748 0.2026585382191683 0
8501 0.04956712134931929 0.4821048094405249 0
8502 0.1063742750313286 0.5475002957128009 0
8503 0.36107755573794 0.134820709732549 0
8504 0.02382125204706148 0.2001867367091578 0
8505 0.4749763679338438 0.145167344748005 0
8506 0.1627034608172788 0.3565726457075362 0
8507 0.3441746852886656 0.6130085131469692 0
8508 0.4001866126550734 0.4514160047626445 0
8509 0.8326036062885309 0.919942546344328 0
8510 0.9382116650086189 0.4138574692013505 0
8511 0.05758786338424127 0.7381730970271987 0
8512 0.861549685913135 0.02002902274021173 0
8513 0.1052455817355319 0.2897202571061422 0
8514 0.4625100154869747 0.6539751651601312 0
8515 0.623290607029049 0.8824331381656745 0
8516 0.9098486125383729 0.5913135575415616 0
8517 0.6522333378241899 0.5318198027498113 0
8518 0.9563545623623521 0.6249545623572421 0
8519 0.1249342626560397 0.2083084854089535 0
8520 0.8625666799465987 0.7839117073753892 0
8521 0.2702634462535192 0.8908224090322479 0
8522 0.7944131724767503 0.5382682113101545 0
8523 0.270440082538449 0.7315889724553498 0
8524 0.8919023031055995 0.4287960112882072 0
8525 0.803574264933707 0.08689544813066857 0
8526 0.7854065786326393 0.3852821641338741 0
8527 0.09585838874379521 0.2842189929942806 0
8528 0.2214914969930331 0.3248801138534811 0
8529 0.553413363198264 0.4638835319069871 0
8530 0.7138218869706814 0.6822825165641963 0
8531 0.8336128639641197 0.6586089154473029 0
8532 0.5596092100379989 0.6148228219968225 0
8533 0.8447607346161181 0.3422496175760557 0
8534 0.2603892331382313 0.7255450204873846 0
8535 0.04026630116804775 0.4970812502738451 0
8536 0.2113028711655497 0.9918459181785275 0
8537 0.2922349198615209 0.3894081784396453 0
8538 0.3993896770493555 0.7809343488351677 0
8539 0.1427301553057101 0.6231561030140018 0
8540 0.2716663644702682 0.6176173384948365 0
8541 0.3237902295412376 0.09169545550481673 0
8542 0.8148667609105932 0.41436942374697 0
8543 0.5671304913624183 0.8717171540243405 0
8544 0.775476628666679 0.3787118104342476 0
8545 0.2514380556320798 0.4242920490198715 0
8546 0.3990177038127404 0.4653847123585342 0
8547 0.3444872185309642 0.5754628550439738 0
8548 0.3885961287779095 0.79516633458172 0
8549 0.7643129119468519 0.6656283447326909 0
8550 0.5986654039353402 0.5788930854335372 0
8551 0.1157318049962172 0.2232289143919614 0
8552 0.3014866255152677 0.3703037858666134 0
8553 0.4301090709180907 0.894053539131727 0
8554 0.8432708450330488 0.5862074154676815 0
8555 0.4524083314771907 0.7305947504923562 0
8556 0.7050248584318328 0.6198182089133188 0
8557 0.9193945875051798 0.5739901256732103 0
8558 0.2020058702035155 0.5535176631709327 0
8559 0.9650849420882782 0.7670619305335471 0
8560 0.2793554279561803 0.8854408397424347 0
8561 0.4662378298000898 0.2318102925979064 0
8562 0.06587012718544222 0.8183121366636864 0
8563 0.1529650756039749 0.6059510471354664 0
8564 0.4211324212377121 0.4517933365579475 0
8565 0.04949216845010213 0.5034445891677537 0
8566 0.6494976135381036 0.1015420691217255 0
8567 0.09713827957463794 0.01941196272856416 0
8568 0.3138547894331514 0.3567885602601981 0
8569 0.3516975736188221 0.1403539236618284 0
8570 0.2322083399386219 0.3432977729157614 0
8571 0.9068748364346668 0.9840228681521033 0
8572 0.2407987116677672 0.6678313782436425 0
8573 0.8048420320660237 0.552468516807864 0
8574 0.8445501471446157 0.7953332290807169 0
8575 0.2216001666787419 0.2665111012488647 0
8576 0.4619952863080583 0.7364436574643033 0
8577 0.1432077762436805 0.5321064468784116 0
8578 0.7134276402393558 0.6578805190454462 0
8579 0.4783797826278351 0.2433171882943438 0
8580 0.1531602911766534 0.3730686627329673 0
8581 0.05900898251132913 0.3276315663789697 0
8582 0.4208711795456694 0.9103713574379608 0
8583 0.5919899773444143 0.01990926635491141 0
8584 0.5666743945040328 0.1198670301505579 0
8585 0.2208823410512064 0.6680105664752265 0
8586 0.7243257361796758 0.6659833744485291 0
8587 0.241416242761611 0.5882119951043276 0
8588 0.05629508222096141 0.8337552322335593 0
8589 0.3026737024532237 0.3479645554356104 0
8590 0.1429439816636174 0.591157216018324 0
8591 0.4329252664304628 0.4068679833815164 0
8592 0.2824040225207864 0.6249048780477441 0
8593 0.9913103518339772 0.5721455361336866 0
8594 0.6413399862642282 0.1853183847832004 0
8595 0.8336073854492926 0.7147545805809751 0
8596 0.8628930317740704 0.4883932678322145 0
8597 0.34398020927503 0.2677399587027601 0
8598 0.4321366084074182 0.4454710179713118 0
8599 0.5053156920646357 0.207362757873727 0
8600 0.2616231319817951 0.406697255117391 0
8601 0.5151417449631466 0.8330058366120323 0
8602 0.6217020946586326 0.7232081544392301 0
8603 0.4001880402227128 0.7595201491115325 0
8604 0.7544010624033383 0.6716913209492787 0
8605 0.6093334716608907 0.01776911211544574 0
8606 0.2221346605190691 0.1865555968303595 0
8607 0.8239643324623859 0.6641430429688402 0
8608 0.9192774588542966 0.5848809125977009 0
8609 0.6020216965795346 0.1737210162601305 0
8610 0.5535174107773007 0.4896560967889198 0
8611 0.4535282131562924 0.4962936733212085 0
8612 0.2318084402573759 0.3543232115017813 0
8613 0.08650295724839607 0.4535220188615847 0
8614 0.7244563632907264 0.6425166005617915 0
8615 0.8049144159089021 0.5637853550577543 0
8616 0.2822725823997941 0.6365438723481437 0
8617 0.4703781829169315 0.7536624010015028 0
8618 0.1518152821146961 0.5709676080203338 0
8619 0.6226171221291 0.6757256051710119 0
8620 0.009778833840931034 0.5196383929193688 0
8621 0.6816469005058599 0.2554808709847725 0
8622 0.03183662484241673 0.2052636310174556 0
8623 0.1316879822413094 0.7812896267403431 0
8624 0.744436281764648 0.5447823992781493 0
8625 0.8783521094754203 0.01801076044582794 0
8626 0.8688070956839846 0.1360789786100507 0
8627 0.8050656992949545 0.4199007540410318 0
8628 0.4451385390044921 0.03260926920609897 0
8629 0.1626973381326084 0.3790674997289783 0
8630 0.08714630253047484 0.4763599491475087 0
8631 0.8428191272924108 0.7557750459389859 0
8632 0.07684381891917424 0.4672848657906591 0
8633 0.2514846110752059 0.3899151791715579 0
8634 0.432833913063024 0.4194145926094732 0
8635 0.4986045868957458 0.4196952996593348 0
8636 0.8533894428259288 0.768720163441043 0
8637 0.2307551437368421 0.6736797051333425 0
8638 0.8142111917109 0.9200101365033961 0
8639 0.8532069125701496 0.5703769680664285 0
8640 0.2877551082750418 0.01767121505892844 0
8641 0.8960640808695046 0.1635193028258761 0
8642 0.3518528245953123 0.1516286345597572 0
8643 0.9834367300589968 0.2695073783409152 0
8644 0.796021042564488 0.3573723123766023 0
8645 0.4178894465290007 0.9913489264766593 0
8646 0.07649894703807747 0.4879834759938589 0
8647 0.6928623612901762 0.7400388531866526 0
8648 0.6325722977629379 0.876982897769633 0
8649 0.6623745218618589 0.2317997643220079 0
8650 0.1252378808160239 0.1203895096129733 0
8651 0.8627480515229338 0.7416799478058774 0
8652 0.5595966042639271 0.6024529326337589 0
8653 0.2612672215929263 0.8391381055128352 0
8654 0.1528132318988516 0.5376014130683873 0
8655 0.6329902295111282 0.6696671976700677 0
8656 0.4202516825148112 0.8885814406079111 0
8657 0.4528826242304235 0.6234912680718299 0
8658 0.07647504171080099 0.4989134178877868 0
8659 0.6117727758743412 0.1791983656131046 0
8660 0.9826203218774364 0.5463917525773195 0
8661 0.6501934967957944 0.4070280101447896 0
8662 0.6319243363966812 0.7172741058687157 0
8663 0.9309914987909897 0.2710446092223191 0
8664 0.3408143297016588 0.01713962057322838 0
8665 0.2858895517756658 0.1024303895838945 0
8666 0.251533966620308 0.3783345318624786 0
8667 0.2025739536277074 0.3793450926040242 0
8668 0.7936439764698331 0.8655072290748062 0
8669 0.4926260152309013 0.7425722109775039 0
8670 0.2814350507098607 0.6470390913701484 0
8671 0.3442713842137571 0.6006422839064146 0
8672 0.07090428788086428 0.9595007964343296 0
8673 0.2513017540681389 0.5940401522379065 0
8674 0.1037916215980046 0.743732472461243 0
8675 0.8142163278939543 0.6586434076150829 0
8676 0.3236279559537752 0.1025346420910173 0
8677 0.221883697227106 0.395263188784141 0
8678 0.2804239796842059 0.7490000116753798 0
8679 0.7441892060477642 0.6893692750828859 0
8680 0.2884010651560264 0.8793846698907621 0
8681 0.7468517222020448 0.01923546822984323 0
8682 0.6083758425964678 0.5330572896713228 0
8683 0.5247826933896574 0.8273964547415582 0
8684 0.8351464060917128 0.347749319125078 0
8685 0.982654199302029 0.5567010309278337 0
8686 0.4383526099034247 0.8557725589456149 0
8687 0.7348642148655471 0.4590887794948334 0
8688 0.9826131905640024 0.5360435252526123 0
8689 0.6400005367408518 0.1072285115555831 0
8690 0.4727055167862938 0.06886553870916579 0
8691 0.8529615275546898 0.558883486750605 0
8692 0.9923667504752266 0.2022954149180917 0
8693 0.3613597299096302 0.156601808144696 0
8694 0.5593359408188463 0.5905476479725729 0
8695 0.4551339073694574 0.1008630442441245 0
8696 0.2317933384516324 0.2609126991970628 0
8697 0.5769749126537066 0.57880065364235 0
8698 0.8725942952638063 0.4043720946191326 0
8699 0.4102675858343451 0.7540376598575426 0
8700 0.854509851300485 0.3808169509310694 0
8701 0.8138112110906888 0.9092168935072001 0
8702 0.3125310596127288 0.6532002581940314 0
8703 0.2203541203433294 0.407454634960122 0
8704 0.1529920436998308 0.3950999247436209 0
8705 0.6607559841009224 0.425198423495807 0
8706 0.7751300704497555 0.4586534448393814 0
8707 0.08621894131234242 0.4304313431582097 0
8708 0.6332451177051346 0.6573730857303488 0
8709 0.8930637876280857 0.3135235973612061 0
8710 0.4971126684738362 0.3257184583508388 0
8711 0.853353550987431 0.4828188054897299 0
8712 0.7342907919702366 0.550591900680614 0
8713 0.2718570181814551 0.3548798301294454 0
8714 0.9021487367498838 0.3072833010766731 0
8715 0.6527150029939294 0.2258560329182403 0
8716 0.008304396468172937 0.9842035851953055 0
8717 0.9897314670058248 0.01582747163431297 0
8718 0.621775170019632 0.1850024254248612 0
8719 0.04062318030508111 0.2103708208186458 0
8720 0.9825958943467141 0.52570437904387 0
8721 0.7954027000472447 0.4141516674826827 0
8722 0.8144329896907229 0.9826917805179036 0
8723 0.9826621404801982 0.5670679752515301 0
8724 0.1415272679857451 0.8305904763139431 0
8725 0.2515471717520834 0.4127962240241084 0
8726 0.1590552960975197 0.797896136340058 0
8727 0.3300915073529624 0.8074700148884175 0
8728 0.6326215393250454 0.8659434722663815 0
8729 0.3140467224621744 0.1192849235001269 0
8730 0.2719773951435264 0.3432338447463942 0
8731 0.1508786465494866 0.8130653362975112 0
8732 0.8909195697991675 0.6815095011475052 0
8733 0.878015846795601 0.1417035428323142 0
8734 0.843459711123284 0.5526307256962925 0
8735 0.4326275237356532 0.4322215285621704 0
8736 0.1412544621075945 0.7549900608782226 0
8737 0.1998263598636063 0.8163154792712716 0
8738 0.354393327644031 0.2733762325634805 0
8739 0.9825976790910581 0.5153616457298127 0
8740 0.9013310801128056 0.6696201410889385 0
8741 0.1410913150495759 0.7656788023805633 0
8742 0.1941407296313002 0.8939945319678479 0
8743 0.09598501761247852 0.3608085963298562 0
8744 0.419181443133176 0.8559090949353914 0
8745 0.1433494853854774 0.2674327562055414 0
8746 0.3341897315452824 0.5692484813358796 0
8747 0.9102408205415085 0.3327159846765396 0
8748 0.9903778792135336 0.07670142232489824 0
8749 0.9094896875376216 0.6546847773674638 0
8750 0.9016748824497685 0.3608684847878389 0
8751 0.2907080387740203 0.7547527586785809 0
8752 0.2416733804216142 0.2668556871670945 0
8753 0.6421303605123432 0.7113557248045925 0
8754 0.9110204614148631 0.3442341234163847 0
8755 0.8256507294656132 0.3421752949981852 0
8756 0.9122643406224683 0.008062655288537668 0
8757 0.2613783476953324 0.599931448099739 0
8758 0.534456721465556 0.821773779599846 0
8759 0.8534602981954198 0.7785540618651344 0
8760 0.8870275315570222 0.1579089129255277 0
8761 0.865567720663472 0.242985661887147 0
8762 0.9913465688912548 0.5826522548216337 0
8763 0.01634020740676001 0.008935009004167715 0
8764 0.487687131927918 0.2620710425774325 0
8765 0.9826270268685775 0.5050164699517983 0
8766 0.4106317419307016 0.7424998414177126 0
8767 0.7652991448471604 0.4528155639024496 0
8768 0.6322475462886962 0.8435426566716615 0
8769 0.9192440924432668 0.6382533261609822 0
8770 0.2605750038204765 0.7829544480626838 0
8771 0.9827009050142074 0.5878065727871808 0
8772 0.9097594252561507 0.6243003306804462 0
8773 0.785448225943742 0.4082105170880953 0
8774 0.8825444680326548 0.4116853883481414 0
8775 0.8614953022071656 0.9468237863591183 0
8776 0.1718900680472592 0.4063673049262211 0
8777 0.5204713588284211 0.9910965713678483 0
8778 0.0868834669083236 0.5479287497279143 0
8779 0.3556887475466082 0.007921530922228914 0
8780 0.8435666967451139 0.476958426226808 0
8781 0.40078933224457 0.713970876631235 0
8782 0.7241092210851396 0.5564331202326445 0
8783 0.9196476537428566 0.6166669819587742 0
8784 0.7244954682533364 0.4876501217044756 0
8785 0.1524064858092788 0.504447951860882 0
8786 0.04796962266843441 0.5293147366773914 0
8787 0.2501037342254385 0.01845319984815835 0
8788 0.795606928577649 0.909461635466718 0
8789 0.1524952705010685 0.4930525672402424 0
8790 0.9826972574009244 0.5980581573836909 0
8791 0.8534356761801947 0.5372789001971289 0
8792 0.3009136707020497 0.7492883628849634 0
8793 0.6194304726144073 0.2671961898924029 0
8794 0.152650377357411 0.4592746641685587 0
8795 0.2009357372874023 0.09777085024038151 0
8796 0.01716789567320975 0.5257786217733453 0
8797 0.8157689276324763 0.3473404011369107 0
8798 0.02197580287106726 0.7793601669530557 0
8799 0.9192161025995238 0.6067338819816572 0
8800 0.4983001773499682 0.3821375500410288 0
8801 0.7680412371134021 0.008205729244333548 0
8802 0.435832086856495 0.03739392970656369 0
8803 0.6324823568963763 0.8547210428565414 0
8804 0.2879113749839395 0.8679295326926859 0
8805 0.1523512396184546 0.5153566084862405 0
8806 0.4741198676625306 0.1006314170725711 0
8807 0.1815967789472183 0.5201756790296459 0
8808 0.271674841819445 0.606086532421509 0
8809 0.2408942417379499 0.6565957397274218 0
8810 0.7042083692885972 0.500666936671899 0
8811 0.7421653374119412 0.9831032324552627 0
8812 0.9827069303191063 0.6083740667766777 0
8813 0.1132842494663457 0.7385801746595001 0
8814 0.9827010392677527 0.4946549070605468 0
8815 0.2105007990842755 0.1034318429006931 0
8816 0.6222538674215445 0.8265110548921686 0
8817 0.143128880352126 0.5210210521745632 0
8818 0.7860643948083268 0.9041490273490336 0
8819 0.6090601891909899 0.2733236981888559 0
8820 0.3143794525546058 0.1078539678318708 0
8821 0.2786915867986672 0.8621062712637875 0
8822 0.2922350028180825 0.5699325472127701 0
8823 0.6022960146888356 0.2194544839670076 0
8824 0.3742257796323892 0.9164016881666504 0
8825 0.544150264310902 0.8161344297186841 0
8826 0.1429667260663712 0.4658146113311232 0
8827 0.6523579284132374 0.7054336516488176 0
8828 0.1431513371415898 0.476624602502985 0
8829 0.8529509306181036 0.5260250997015088 0
8830 0.3626455891616167 0.7264925551475891 0
8831 0.4097902983639227 0.7078901419872696 0
8832 0.07165965366794669 0.9482506215321156 0
8833 0.8063390973176066 0.3411977291831373 0
8834 0.7649487387370072 0.8820761331374313 0
8835 0.1529175797387964 0.4268304916694021 0
8836 0.9827680405362329 0.6187113681316301 0
8837 0.9671729772090758 0.2708319935586717 0
8838 0.8041793358460718 0.664538421862981 0
8839 0.9828262737155766 0.484114002877844 0
8840 0.2111441912228762 0.114439051949292 0
8841 0.3864773566475916 0.7089215912654256 0
8842 0.03044997064286403 0.6016498021986616 0
8843 0.5776025420209201 0.9826008543795909 0
8844 0.1431198330485328 0.4438054363211081 0
8845 0.6935511960068675 0.5189229622207064 0
8846 0.122434547495176 0.7440157399275948 0
8847 0.9827840689691183 0.6297040344471678 0
8848 0.4878902739205921 0.2736394422888248 0
8849 0.7138929905905853 0.5622986529091671 0
8850 0.3542486325522113 0.5106250381112452 0
8851 0.4304935937936503 0.7423645704000401 0
8852 0.4656883546750657 0.6091803580334691 0
8853 0.694030026684047 0.5407441224215599 0
8854 0.1804123711340202 0.008096114812211619 0
8855 0.3108114307470791 0.7550157627827689 0
8856 0.8318640661816861 0.832288827830808 0
8857 0.6083147520344787 0.2851793984889012 0
8858 0.7551898488824718 0.4472590957546828 0
8859 0.05005662457645393 0.2052168383398484 0
8860 0.8778801123957884 0.1522628739571176 0
8861 0.4158872744949978 0.6910468173963721 0
8862 0.7819260731348903 0.1757563782596274 0
8863 0.854514629490041 0.8439499986581038 0
8864 0.3208963727402767 0.7492510373838153 0
8865 0.7542925477913096 0.6831404949508224 0
8866 0.9584613040247284 0.2655905343909475 0
8867 0.4925256667400729 0.09993982997883732 0
8868 0.03165557459519308 0.9834393243695538 0
8869 0.9825772354436935 0.7766345274679234 0
8870 0.594438578605775 0.8443052341493902 0
8871 0.0176268558300498 0.9386361744023675 0
8872 0.1917626047395121 0.5253765925099768 0
8873 0.5538131362368709 0.8106089241997112 0
8874 0.2507906033702181 0.6508932052336962 0
8875 0.1409720453170993 0.7771340281803086 0
8876 0.4540270944850707 0.01734002194165996 0
8877 0.8921069046710242 0.4179824608633598 0
8878 0.2321690310834901 0.008375835480133875 0
8879 0.1050219474478541 0.3769229817494326 0
8880 0.5019143983362065 0.1051676160156968 0
8881 0.07699283716114985 0.4464703123550554 0
8882 0.6624453336895731 0.6996472921896409 0
8883 0.161209599436168 0.02755438587066678 0
8884 0.2616570168556748 0.5414065952323419 0
8885 0.3057181541487779 0.01839014332937061 0
8886 0.7125926002461682 0.1589647892432808 0
8887 0.3228042954803451 0.01832175687505966 0
8888 0.1322107145312794 0.7389308452843192 0
8889 0.007850468838681457 0.1594680005446073 0
8890 0.9002706909246943 0.8593518222134339 0
8891 0.4734863425524378 0.1575999219574343 0
8892 0.2615961158729455 0.5297209163004035 0
8893 0.0304204254745799 0.7850920739545182 0
8894 0.703639512343575 0.5682172752611376 0
8895 0.05948363985769511 0.2001625027621334 0
8896 0.2787936421391146 0.8396772087378023 0
8897 0.2609332586945144 0.6566966814110111 0
8898 0.7449798397345071 0.4530928411760981 0
8899 0.04885142115378854 0.538522254377631 0
8900 0.9496475011097036 0.2603822079494374 0
8901 0.7029851882066454 0.1535271190743056 0
8902 0.9916091875581675 0.4687753669706403 0
8903 0.4190373292921696 0.654375612803958 0
8904 0.7885695531555486 0.09313368151037016 0
8905 0.5117488406789734 0.1214540077384179 0
8906 0.1414640205627685 0.7446924208012865 0
8907 0.6003840987219107 0.2446470500313591 0
8908 0.2295109802304016 0.1142715058895999 0
8909 0.4410491375730521 0.7364328537073842 0
8910 0.6228393161192837 0.837991955530091 0
8911 0.1882929925480366 0.9818661585603534 0
8912 0.6812726777680311 0.15255810258104 0
8913 0.211724366627643 0.3184974932482959 0
8914 0.5636504031829919 0.8048691736708413 0
8915 0.2617039334196455 0.3721586601241206 0
8916 0.5209763059572208 0.1273068879997066 0
8917 0.1625764557355893 0.4008619419096321 0
8918 0.5100566828886198 0.9911073420946361 0
8919 0.9913797372151958 0.4582057826802277 0
8920 0.6310274823107549 0.7882222174833686 0
8921 0.2705805509286053 0.6626058981883991 0
8922 0.7442581560365792 0.7003910652014156 0
8923 0.7218742170390997 0.3379599332797385 0
8924 0.7795450163340134 0.09866984883493035 0
8925 0.08905714417063426 0.9483855277992738 0
8926 0.6725272000568085 0.1482772016974115 0
8927 0.2012600112530962 0.5086350485696891 0
8928 0.2303174158411215 0.1256567302971482 0
8929 0.7702402506250605 0.1040955259516106 0
8930 0.3762886597938137 0.007902484072124294 0
8931 0.1146154634367706 0.3825836182021556 0
8932 0.6626474159163882 0.6875245786140611 0
8933 0.9919621499922101 0.7270294663544961 0
8934 0.8686825950362962 0.1575182593946379 0
8935 0.5883312544832673 0.2852043039672105 0
8936 0.9846362259625174 0.9921480105597233 0
8937 0.9825588255564589 0.4522632502522765 0
8938 0.2717857254127921 0.3660585700974376 0
8939 0.9403355126654198 0.2655300962351507 0
8940 0.2802159490337479 0.8277996352676198 0
8941 0.8333874590318324 0.9822900555962191 0
8942 0.9728088650749969 0.9242619054283161 0
8943 0.9913698404773363 0.7381552722638104 0
8944 0.4436707293017638 0.3044578167602791 0
8945 0.5889631413450059 0.2490956508656219 0
8946 0.7549633889644429 0.332238870392028 0
8947 0.5738182437317453 0.7990631412658042 0
8948 0.1359260347699508 0.9836208459113989 0
8949 0.9826920374266698 0.7443518481191073 0
8950 0.361369245023207 0.7779047490937789 0
8951 0.6933583441524718 0.5739016346424034 0
8952 0.2484595239094695 0.1251469876701645 0
8953 0.5695261178711982 0.9729927559631248 0
8954 0.06805564653634738 0.2053339080655779 0
8955 0.4506053783191514 0.5977023293966696 0
8956 0.7584714591726953 0.9202171414088883 0
8957 0.5869842728970649 0.2974222362504972 0
8958 0.5026481458691661 0.116402090802123 0
8959 0.6626536248710272 0.6755259491735276 0
8960 0.9912681203286717 0.6456905551665431 0
8961 0.9824437478142873 0.4416940555678853 0
8962 0.9906473886716914 0.04540416854378065 0
8963 0.9915734219025991 0.7586595719544749 0
8964 0.2584488570164771 0.08623611298274247 0
8965 0.7345546451667547 0.4703200320589566 0
8966 0.270896020487864 0.7886240505023074 0
8967 0.9809843284971429 0.6748291766985618 0
8968 0.2497440233301341 0.1367885550721932 0
8969 0.4228790987026604 0.9636969377845928 0
8970 0.6515908998781736 0.7517736134164072 0
8971 0.1782284927063776 0.8476815697143268 0
8972 0.6121605770580894 0.1020634000343011 0
8973 0.6825226300406219 0.567345377646624 0
8974 0.02678061272377752 0.9336880658135961 0
8975 0.7343719561809858 0.706124883053316 0
8976 0.403283140962698 0.9832639565270329 0
8977 0.3966584419175732 0.007917933425736101 0
8978 0.5970787507970412 0.9832099402783124 0
8979 0.9914267084162813 0.7694228327576467 0
8980 0.7237744580190976 0.9827094734207066 0
8981 0.9838370786124637 0.7013108131359994 0
8982 0.6022249664880384 0.7573958132193269 0
8983 0.9824330046796149 0.6528321407184271 0
8984 0.5928458170544706 0.799234206747653 0
8985 0.5675462353850846 0.9632709936895483 0
8986 0.9823339695986295 0.4311106215153691 0
8987 0.9743522645635178 0.008123505540989895 0
8988 0.992938710117502 0.6851998146820121 0
8989 0.9931278594785977 0.6651257590874091 0
8990 0.868499314288147 0.168319893126332 0
8991 0.7610496938797775 0.09949415928271094 0
8992 0.3309954712024539 0.7436223749169905 0
8993 0.7933602079376997 0.1694139630798507 0
8994 0.7989690721649487 0.9922945627224325 0
8995 0.239977726306481 0.08626470097451433 0
8996 0.9326508460128308 0.007920431425888497 0
8997 0.6426272265387711 0.2313489158956671 0
8998 0.5403466167308389 0.6973252141767352 0
8999 0.2311045478858347 0.8229105769936949 0
9000 0.7244732168924635 0.7004006696100264 0
9001 0.8077766078744169 0.2755766689197416 0
9002 0.5922471144298406 0.7516669631848021 0
9003 0.8716619657608961 0.8547013563853172 0
9004 0.1332212906001983 0.629097377076403 0
9005 0.06353195899225439 0.9122464374861785 0
9006 0.982501355681172 0.4096151736759688 0
9007 0.4147480140188032 0.2846116365315033 0
9008 0.8097351123728561 0.1468982073601193 0
9009 0.2112699699451311 0.4920421311501021 0
9010 0.4409320468978833 0.983783473105137 0
9011 0.5314501784153175 0.3643696678456485 0
9012 0.4649042401526489 0.5850653562915261 0
9013 0.4939692892624371 0.9833392288874042 0
9014 0.149484536082474 0.9923556423831572 0
9015 0.3712957647452281 0.8835482403168629 0
9016 0.09005137051443857 0.9368381787347098 0
9017 0.3528829362839554 0.8837214299373415 0
9018 0.521501410522126 0.1393026872576167 0
9019 0.7574875162840871 0.9920291334955305 0
9020 0.7518037884805768 0.1052206301794715 0
9021 0.9823539335431504 0.4206273505123132 0
9022 0.4212489049169535 0.591151570853109 0
9023 0.7138205752294378 0.6941139571771184 0
9024 0.007498858260502284 0.3023893644068422 0
9025 0.572853853441441 0.7527551234361876 0
9026 0.1102960964997296 0.8679314266325135 0
9027 0.5306181734170762 0.6936665825348197 0
9028 0.3411723646676409 0.7378237432014683 0
9029 0.6503135871622641 0.8095077781520321 0
9030 0.9934574322910399 0.7890930451282578 0
9031 0.2435961040264717 0.992282461451377 0
9032 0.1714256062988557 0.9819635510994262 0
9033 0.644128154742685 0.9922556959847516 0
9034 0.3519078378101534 0.8724789303010045 0
9035 0.5626295982315989 0.2409974922383641 0
9036 0.0360506626736401 0.9285616116251227 0
9037 0.9919485140378383 0.79811737311743 0
9038 0.9151397267124608 0.09802784236960616 0
9039 0.9309680011605577 0.2811249614347403 0
9040 0.6440946809810391 0.008092352152831994 0
9041 0.7245021589489655 0.4765676132570879 0
9042 0.9811153470097347 0.8102056644471989 0
9043 0.2215958499497249 0.4970119065145362 0
9044 0.1740655491540402 0.0711770618210591 0
9045 0.8434301881920858 0.5203004860132833 0
9046 0.282184753534405 0.3371879489089394 0
9047 0.1831482253970748 0.06784600925228135 0
9048 0.9834215487447802 0.8651951688758293 0
9049 0.6739713391122946 0.7632642384924768 0
9050 0.7988731452654675 0.2799634400766385 0
9051 0.1429515731684825 0.6124572884174405 0
9052 0.5936113049219689 0.7756706231643928 0
9053 0.1584865865920311 0.06822536497331377 0
9054 0.3671432667299154 0.4954411444760237 0
9055 0.3418724328421227 0.8559833597985178 0
9056 0.602921847195816 0.1077847083058719 0
9057 0.5343730444161153 0.982440386573129 0
9058 0.9831455255363699 0.8753126516034346 0
9059 0.5932602885271623 0.787462148155314 0
9060 0.2006091096093082 0.05763564936062887 0
9061 0.1339328952932809 0.07240391164043269 0
9062 0.9930954830265126 0.8197818659384922 0
9063 0.4204145942309402 0.5427408931691967 0
9064 0.1857818711703793 0.05224602348191865 0
9065 0.3946157269588725 0.284885578082768 0
9066 0.5600146209863424 0.2581144465833303 0
9067 0.4579626496582848 0.1816920986778825 0
9068 0.5532456780748246 0.3172040880920725 0
9069 0.3516016461270244 0.7322146434128267 0
9070 0.9813483305865753 0.8307280620692459 0
9071 0.9617829628059904 0.9823537404239211 0
9072 0.9434787998219067 0.9926770390745874 0
9073 0.09917247348096531 0.9320731486266866 0
9074 0.7518164374514243 0.1152429623686819 0
9075 0.5188883933019651 0.6737095816341671 0
9076 0.04490638575901407 0.007747131755797887 0
9077 0.4746125778591288 0.5648214256300965 0
9078 0.3240178172827881 0.856667636159602 0
9079 0.8336809413165933 0.5251332791151998 0
9080 0.4814800116620896 0.7481303750214701 0
9081 0.6148059806111271 0.9821312685740644 0
9082 0.9934639936568375 0.8404519163638049 0
9083 0.1530767128483308 0.4374112598720847 0
9084 0.2684107247164438 0.1351510947225097 0
9085 0.008147278619986986 0.8003214891774845 0
9086 0.04521164173369868 0.9234020137468035 0
9087 0.3550472044529993 0.2145896770039166 0
9088 0.3226280151393569 0.8456138542641045 0
9089 0.7121936661915144 0.957093908291237 0
9090 0.7010309278350508 0.01632487628725027 0
9091 0.4278350515463924 0.99263728954256 0
9092 0.7769596371792982 0.982144782776139 0
9093 0.566391579753951 0.9835923456204236 0
9094 0.3572816011613116 0.1718301916478324 0
9095 0.8679554854682636 0.1794956897455425 0
9096 0.921735549739515 0.2863703307942511 0
9097 0.2922260614511939 0.3312938474730746 0
9098 0.3774744338962636 0.5331010480299875 0
9099 0.2314587561276932 0.4807444721771625 0
9100 0.9649825673072959 0.7150458752562536 0
9101 0.9720336280905642 0.7105868577223919 0
9102 0.3934060371655428 0.2968325702226091 0
9103 0.6026395181092054 0.7695116965908079 0
9104 0.9920909340720379 0.8494707185807389 0
9105 0.2216857560055587 0.3360276530646457 0
9106 0.891808998301729 0.9925490187943988 0
9107 0.6853974314775861 0.9924834698348 0
9108 0.3050818316775981 0.8464599658216322 0
9109 0.550727007946179 0.2611761679526148 0
9110 0.3035469264455555 0.337367245124197 0
9111 0.6831651239999402 0.9602311091164721 0
9112 0.4689276587477078 0.007659551363112638 0
9113 0.9118379695443255 0.2916318138984091 0
9114 0.5936883253339884 0.1139938759619461 0
9115 0.111493694165074 0.8951655378483031 0
9116 0.7143249632005004 0.4941295387906602 0
9117 0.3479458076638341 0.1768087600548686 0
9118 0.3428833231167625 0.8675911779715393 0
9119 0.8964843016444846 0.06011416642987477 0
9120 0.335318883743386 0.2143246480514234 0
9121 0.07736046180600786 0.2112866378437696 0
9122 0.9562964311165337 0.7102054749339197 0
9123 0.9834734349110662 0.04081061175014333 0
9124 0.5672756069090256 0.2965176552409421 0
9125 0.8241692726050704 0.520036017972591 0
9126 0.008826536627392689 0.6975862586747473 0
9127 0.6651071876997212 0.00706765118703534 0
9128 0.557716966562077 0.2999533939029232 0
9129 0.9821204824042749 0.3444344828369107 0
9130 0.01354090842259986 0.755539189870179 0
9131 0.5504622446160188 0.9822323887508864 0
9132 0.3389851159218539 0.1811851374864309 0
9133 0.7424207237807486 0.1211738888933329 0
9134 0.8590395007945766 0.1855657779173704 0
9135 0.6631002269630727 0.6633615798081565 0
9136 0.4743743759490979 0.5508685988385624 0
9137 0.1237269390594989 0.04619328367540121 0
9138 0.9472484158418844 0.7050256817443172 0
9139 0.9818502761736224 0.3863521650396663 0
9140 0.5010967409501828 0.7486505007760794 0
9141 0.3718838380220182 0.7316188749642309 0
9142 0.8510438976915868 0.9928148161351029 0
9143 0.05452117675532503 0.9179460000331584 0
9144 0.7887338410266999 0.2968272750671059 0
9145 0.6296390805818399 0.9623816992800276 0
9146 0.9610412644898435 0.02925221916666632 0
9147 0.8395841648415681 0.8372850627136197 0
9148 0.9520055459751143 0.03463656595897735 0
9149 0.6635630418978155 0.6390072385284217 0
9150 0.2427248107281547 0.4858678183195233 0
9151 0.6221320873806561 0.9457566047703561 0
9152 0.4617550364705068 0.9825167758491056 0
9153 0.6625547032582215 0.6136403272675268 0
9154 0.007501244586540057 0.2443115131273133 0
9155 0.9927175580683869 0.1701357588335252 0
9156 0.9023091429678209 0.2972699678499738 0
9157 0.162110166588731 0.4210370305983634 0
9158 0.2129834881755939 0.007439955589283953 0
9159 0.4774200281825574 0.9824451290381131 0
9160 0.9096504606910714 0.8537096085304265 0
9161 0.7373482946021612 0.9004544286382115 0
9162 0.3739405712625753 0.2970237407496373 0
9163 0.5929001910722349 0.1253151260707295 0
9164 0.6631369497093452 0.6265835691476975 0
9165 0.9932183032745587 0.3761769486284043 0
9166 0.7039697026370692 0.5120357039816952 0
9167 0.3451576227143535 0.4339493619420758 0
9168 0.3752913499803042 0.1708380333851348 0
9169 0.6634411775802255 0.6511885897080381 0
9170 0.7333808482871887 0.1267593152871084 0
9171 0.5463917525773185 0.01604690556532307 0
9172 0.6520761562501604 0.6075324626349177 0
9173 0.981791023113992 0.3655783124977374 0
9174 0.5098374832728469 0.006916285739723083 0
9175 0.6309498919989681 0.9405149364861732 0
9176 0.502489445463586 0.6797679555172391 0
9177 0.5265264616972094 0.01652610538201571 0
9178 0.6418222923798231 0.6018333241803759 0
9179 0.01622253021040587 0.03143643961899523 0
9180 0.08588312654554298 0.2269603136184963 0
9181 0.541121765649079 0.9480415516425896 0
9182 0.6850844958771213 0.00691070966200602 0
9183 0.1206942399465529 0.8624277831110004 0
9184 0.1259842407480333 0.9378165805054715 0
9185 0.9932548674385677 0.3554388956899905 0
9186 0.8683369774450487 0.2008833914495719 0
9187 0.3092783505154647 0.9840301902725791 0
9188 0.9536082474226802 0.007008566656096338 0
9189 0.1148978280890139 0.9829138384145053 0
9190 0.3729459398440414 0.3088548780367634 0
9191 0.629716891106384 0.9731278512207676 0
9192 0.3814337963894516 0.7261066562927745 0
9193 0.2528916372379068 0.480035804082853 0
9194 0.0171296597281293 0.0548453813221767 0
9195 0.5110334605040564 0.7426599034413036 0
9196 0.8152962437716208 0.5253834420851976 0
9197 0.7210139041536884 0.3873917881872495 0
9198 0.4897601405959895 0.00692298156120319 0
9199 0.8979695025756702 0.06860099290932165 0
9200 0.9934797991187618 0.3349742739294485 0
9201 0.396805191174334 0.6087933177612723 0
9202 0.9379514872591568 0.6997686061314899 0
9203 0.4976129009879616 0.6497017099688451 0
9204 0.008182710128820991 0.04752724808916564 0
9205 0.06390402746569479 0.9025828260191608 0
9206 0.8554281159110906 0.2282573143950819 0
9207 0.9831044688553113 0.3224850246756528 0
9208 0.8147905849121195 0.01616499221860668 0
9209 0.713603708950511 0.6354484877148056 0
9210 0.5834560839760995 0.1304374845989466 0
9211 0.114382048793334 0.06082986415715363 0
9212 0.6405565578038392 0.9138048813976999 0
9213 0.04380494603355223 0.9730375403227058 0
9214 0.7023914052401641 0.6290197367729862 0
9215 0.445028527801743 0.1727053912294237 0
9216 0.9830247085268007 0.3119674544057935 0
9217 0.4343263864757297 0.01678733133609805 0
9218 0.9933567805077668 0.3965872930674571 0
9219 0.6937778597489301 0.5297757855498691 0
9220 0.8053361670714386 0.5312021452077427 0
9221 0.09512396253213551 0.2323269065277028 0
9222 0.7090212268676752 0.9171427551695102 0
9223 0.01636705250415715 0.3323609671852996 0
9224 0.6217588260345617 0.9569037675190561 0
9225 0.4813430669490159 0.6561214408407749 0
9226 0.8350515463917538 0.01580183801410717 0
9227 0.601591645562975 0.2316800174063614 0
9228 0.006370600551802386 0.06707485491596843 0
9229 0.9827595069218935 0.3018988443678317 0
9230 0.01587525900878267 0.1643759633660102 0
9231 0.01585721504984078 0.1957164798771904 0
9232 0.2890467563951884 0.9838170899849346 0
9233 0.5113966954868148 0.7312874958551928 0
9234 0.01762275682704578 0.07686178826716039 0
9235 0.9289299527122421 0.6944267704283045 0
9236 0.5309016617500216 0.9309440635848432 0
9237 0.2634294396056479 0.474393205979347 0
9238 0.01595819796292186 0.1853948812478813 0
9239 0.3835533060639737 0.9827762903214472 0
9240 0.721184133383335 0.01609499025838029 0
9241 0.4852940604252074 0.8073481464187344 0
9242 0.8739244867275228 0.3948645443456037 0
9243 0.0160637273086876 0.1748458649910101 0
9244 0.630887499200404 0.5839530698409634 0
9245 0.9829942608197921 0.2913049940155036 0
9246 0.007371085264980648 0.2298117941581242 0
9247 0.8681448098316503 0.2121652234296741 0
9248 0.9244353867873114 0.9924024664773616 0
9249 0.6106891184644592 0.5848931693876094 0
9250 0.2909198241469397 0.1611601793946799 0
9251 0.2699592223079847 0.8447078198453841 0
9252 0.2809215536616746 0.6572286276892458 0
9253 0.9197995029772364 0.6893016942744442 0
9254 0.7328393849785606 0.1375461729885934 0
9255 0.3502901575239891 0.9838748191477681 0
9256 0.1046552159022258 0.2374958153747027 0
9257 0.6861129984345893 0.8985186560968523 0
9258 0.726519113817242 0.4210660713175041 0
9259 0.9831836048114624 0.2805698236017548 0
9260 0.3059567919900816 0.1551687105240147 0
9261 0.6634911924610088 0.7569620270614805 0
9262 0.5889580353122896 0.5847743341647045 0
9263 0.631898712599311 0.5961999898363722 0
9264 0.4732630011475619 0.6494287339786016 0
9265 0.8304186727837373 0.2235033282648803 0
9266 0.6841389237098812 0.5470139228561791 0
9267 0.3433264834642223 0.3730715402133253 0
9268 0.5212622280916712 0.725777495025491 0
9269 0.6745573422951506 0.9275246651738553 0
9270 0.6440191564872578 0.7779378905108483 0
9271 0.9106668378033439 0.6942190130123899 0
9272 0.4174829802050265 0.006810004884310383 0
9273 0.2735335902885881 0.4684514206102405 0
9274 0.6303713046626663 0.983341912599127 0
9275 0.01543554436712047 0.1443240910425768 0
9276 0.9710305945221087 0.938719291006811 0
9277 0.3281518341213826 0.9833712747809353 0
9278 0.5689175933291579 0.5855593029807364 0
9279 0.07363928715115636 0.897311188743988 0
9280 0.1433385943785805 0.9383442947684422 0
9281 0.2716793988139273 0.5233657282096991 0
9282 0.6390216790176105 0.9362027021679975 0
9283 0.08399292564872335 0.8922758921957952 0
9284 0.3636908916765736 0.3148044536284376 0
9285 0.968738036245834 0.03482400433548793 0
9286 0.01541020388124664 0.2475693229012994 0
9287 0.01558658587128681 0.2577584104467389 0
9288 0.9823946165403502 0.1208127649706051 0
9289 0.5424165396851878 0.9204833629083338 0
9290 0.01555552811417399 0.2680412371134018 0
9291 0.06185567010309484 0.9844428532784757 0
9292 0.007842976908996657 0.1493468525942747 0
9293 0.03143361107233156 0.5205675745544185 0
9294 0.8637586422740514 0.3888470068209209 0
9295 0.7237670236161657 0.1432365067730762 0
9296 0.2107613716183909 0.387601579078763 0
9297 0.3621822234158675 0.338907225904681 0
9298 0.5432644217202059 0.8694982978540292 0
9299 0.3685437937906978 0.9828760153233873 0
9300 0.01558840538182427 0.2784022511411327 0
9301 0.150880317789408 0.8229694669505135 0
9302 0.7109468113763519 0.4149392008154627 0
9303 0.463692763933002 0.631192640590313 0
9304 0.281721014082575 0.5173375382468683 0
9305 0.6656080567131839 0.9920947215693015 0
9306 0.6931340942985053 0.9277675152164012 0
9307 0.565635680981349 0.01578042034532956 0
9308 0.9436816709109831 0.03034660597339045 0
9309 0.8529021640618213 0.7483784052812528 0
9310 0.007371013271855686 0.3167952278318272 0
9311 0.0811479088694671 0.9837559154120438 0
9312 0.1455285327876265 0.01619589233887908 0
9313 0.6391368816918114 0.925252517346022 0
9314 0.123917821146613 0.01556471392210146 0
9315 0.4614327764317966 0.8022385188332746 0
9316 0.1239894046985314 0.06721976751008135 0
9317 0.6766520688742477 0.8820919462857574 0
9318 0.3135298431074711 0.1723355266476299 0
9319 0.8691016558581564 0.2213879937367251 0
9320 0.796621494674059 0.3351000072598934 0
9321 0.03883802525175872 0.515294324188509 0
9322 0.5317644351409154 0.7188615803314636 0
9323 0.4534970268966609 0.3355287431779831 0
9324 0.4985208583314923 0.3357649500415384 0
9325 0.3988166807238118 0.7904132377273655 0
9326 0.01570489951196674 0.2996776581121631 0
9327 0.2919492108494862 0.5114427730796445 0
9328 0.7059897761524613 0.9931597759809927 0
9329 0.2827030954157799 0.1550259287238451 0
9330 0.4640005311923845 0.3417022175240268 0
9331 0.9756453780503165 0.2648965189246015 0
9332 0.006476089342797808 0.08762886597938091 0
9333 0.2840909326289139 0.4627166132272135 0
9334 0.8861688896936892 0.08365310565552347 0
9335 0.01570326179371129 0.2889883580887568 0
9336 0.5306876651058869 0.9102113180671269 0
9337 0.4457845910689276 0.8079557365047625 0
9338 0.7871205570361689 0.3290809739977658 0
9339 0.7227048504843385 0.1535798390253097 0
9340 0.0154053141218794 0.1340206185566987 0
9341 0.7989690721649487 0.006442473181822117 0
9342 0.01554448432581068 0.113258657408454 0
9343 0.1717137074284029 0.415752324579215 0
9344 0.9349526174576012 0.0356000686389375 0
9345 0.4128757587428264 0.5857749676058737 0
9346 0.8390464289314907 0.08812304590003434 0
9347 0.01554499823248257 0.1235824731737694 0
9348 0.8674720656375459 0.08440059221203827 0
9349 0.0157743694343021 0.1027503098635169 0
9350 0.4749485577813669 0.3476705511959578 0
9351 0.4317318482313255 0.7854750865237926 0
9352 0.161461435107451 0.8063110639107514 0
9353 0.7821279428550481 0.02549678526395516 0
9354 0.1138756176926745 0.5563795223782355 0
9355 0.7955538612280846 0.5705540673854067 0
9356 0.1159531023188553 0.2324200951763299 0
9357 0.3959166862911739 0.5798869081690193 0
9358 0.9009341892788081 0.6884383469656257 0
9359 0.9859955677981886 0.1842400795724818 0
9360 0.5654629694455702 0.130432122342118 0
9361 0.4848166020292704 0.206706980232088 0
9362 0.4380739742112024 0.8017315522418673 0
9363 0.5415864697322185 0.7141037579771202 0
9364 0.07187331427611887 0.01557440063220322 0
9365 0.0999471278531735 0.9830578625948732 0
9366 0.3519984788269651 0.52039177588112 0
9367 0.3630359514205876 0.3269617272591585 0
9368 0.901606957531002 0.3509310184026539 0
9369 0.5077469685281722 0.3184953553860571 0
9370 0.309614901320026 0.8207251514336186 0
9371 0.7807764961883744 0.01677589144048797 0
9372 0.9095057271404221 0.6450258978461605 0
9373 0.4868228627288186 0.3417714747904387 0
9374 0.5290537628186553 0.3173163887631739 0
9375 0.4167594754109177 0.7917013559904287 0
9376 0.01531469447869493 0.3200155573059114 0
9377 0.09360664438913019 0.8975784602464437 0
9378 0.1635514112379379 0.01745412925531736 0
9379 0.5270752064454909 0.231386519818803 0
9380 0.1424754087171153 0.06811654373326259 0
9381 0.01669438634132059 0.645803514688732 0
9382 0.2945303346992049 0.4567770173429205 0
9383 0.5569837643728198 0.9494950273907133 0
9384 0.8362977626905268 0.06460233604604493 0
9385 0.2773292651967624 0.1381720678523582 0
9386 0.4742167598971314 0.2120716081368047 0
9387 0.9259183627799639 0.04097669729908943 0
9388 0.319516312537716 0.8144943084023835 0
9389 0.983919872319108 0.2588894121971098 0
9390 0.7041401968866368 0.4323238780803898 0
9391 0.2702103746101547 0.8561062987994642 0
9392 0.01439817633813778 0.7834945994658151 0
9393 0.3022562160309553 0.5054525233578422 0
9394 0.01515426987855728 0.2265531961455056 0
9395 0.6684482230849418 0.8637296773599353 0
9396 0.3291607705531468 0.7977762306234489 0
9397 0.5373104877547716 0.248416597686456 0
9398 0.697157509870607 0.9073379712030385 0
9399 0.6722657754048845 0.9842047023496786 0
9400 0.01577351022676815 0.2057544834416327 0
9401 0.02577319587628846 0.006232510267259184 0
9402 0.8870031266672663 0.01535138660300717 0
9403 0.7859300762778804 0.5763207526711116 0
9404 0.7803391813255797 0.3023758508523468 0
9405 0.01549852578797506 0.2161668000892821 0
9406 0.980092801325257 0.01449909120681836 0
9407 0.3888795651199038 0.7744458583741608 0
9408 0.5602699788242812 0.8665459917361933 0
9409 0.7898168342023576 0.2853192951760268 0
9410 0.2161665079751269 0.9851525206397582 0
9411 0.5182781062212901 0.3124934173969128 0
9412 0.5568450437907875 0.1342939052478442 0
9413 0.8540322148521708 0.01631958981978554 0
9414 0.198694957524719 0.007352072257954034 0
9415 0.3126135298467869 0.4995076670694298 0
9416 0.9167674391495896 0.04634665286661199 0
9417 0.007546915541946309 0.9924530844580537 0
9418 0.9924530844580537 0.007546915541946309 0
9419 0.6964197282469111 0.1476888005280112 0
9420 0.6670882425034059 0.8542094963979128 0
9421 0.6958159217664686 0.4387461590810512 0
9422 0.01416025583200775 0.6800743466253021 0
9423 0.9076021612741156 0.01477431710745197 0
9424 0.1521285737810804 0.07375157821837885 0
9425 0.3021538804493894 0.6472683971899758 0
9426 0.2916017693103048 0.6521757862067264 0
9427 0.8091030384853414 0.2503429455630296 0
9428 0.8383049470997095 0.2385362467814885 0
9429 0.7799245471841675 0.313789607069227 0
9430 0.7817027319556028 0.03689202481333687 0
9431 0.8710299493953657 0.9936021627747013 0
9432 0.3108977416552678 0.6638649636362929 0
9433 0.2293310652485931 0.9924723216644378 0
9434 0.539859696798964 0.3118459934807788 0
9435 0.3698792483689682 0.7636993669774852 0
9436 0.007494425407782612 0.007494425407782557 0
9437 0.3773279690080027 0.7012165636397627 0
9438 0.5126327511373464 0.8876361039200923 0
9439 0.1454675481451854 0.9022662551115626 0
9440 0.9925221464693941 0.9925221464693941 0
9441 0.4991029751777897 0.7994544180754296 0
9442 0.3528762479639543 0.3447486400357828 0
9443 0.1436896360081536 0.9270925383586601 0
9444 0.8994380135189337 0.6614076825650929 0
9445 0.2577319587628861 0.01506667426533148 0
9446 0.9840881168067863 0.228614569323851 0
9447 0.3240543309496667 0.4936644035704611 0
9448 0.9926837909753631 0.2426947913350552 0
9449 0.5699010381550194 0.9555272079084671 0
9450 0.357147771062053 0.4999651182407738 0
9451 0.3050607398626473 0.8374333016949845 0
9452 0.3389400839469301 0.7918739621423244 0
9453 0.3594115600344651 0.769042046773316 0
9454 0.4751859819348794 0.2514281959749343 0
9455 0.7760383738960904 0.5820580754969815 0
9456 0.8089687215117385 0.2627817676269242 0
9457 0.4548854155756412 0.2936415754159188 0
9458 0.909989286140532 0.9927197071450095 0
9459 0.2781771872413428 0.01485964228961734 0
9460 0.9083527778146763 0.05146344034019934 0
9461 0.554914677245963 0.1498855905670964 0
9462 0.4957842327604282 0.2117895751623505 0
9463 0.67916148027831 0.8439891361475764 0
9464 0.1687438801726873 0.8515545031202323 0
9465 0.662481004687259 0.9724408063917978 0
9466 0.9719483380049145 0.1151061439877743 0
9467 0.5991958125517545 0.01586697516380353 0
9468 0.6804483635546874 0.4336810048801696 0
9469 0.6185567010309276 0.014986131236223 0
9470 0.9853578268688667 0.1649956078295988 0
9471 0.8376238386864763 0.07643759116974497 0
9472 0.5583331107489087 0.5673933272195507 0
9473 0.3484283173804965 0.7863074467125238 0
9474 0.981293364093913 0.6938705093697646 0
9475 0.3810878666475218 0.717202570462431 0
9476 0.3358482353886635 0.4878369327799108 0
9477 0.1969198006189491 0.9848448323306737 0
9478 0.8989344363534576 0.0776525848109158 0
9479 0.1289678586242428 0.8861433950611136 0
9480 0.5059573428997938 0.2172029652991307 0
9481 0.05922679466742425 0.007469846571269478 0
9482 0.1237841289729517 0.5620978745069328 0
9483 0.3518023135015148 0.6765241205784722 0
9484 0.08491786784327771 0.5062691800928135 0
9485 0.7224943574097169 0.9092615150718808 0
9486 0.7727754733272629 0.01456669843594377 0
9487 0.4780431937795672 0.2814187992765381 0
9488 0.1858168984839715 0.01460364669172542 0
9489 0.2990604191088475 0.1860715838166508 0
9490 0.104794891002537 0.01607385126142336 0
9491 0.7663625999606306 0.5878787480637264 0
9492 0.5212755755188 0.6900800271717633 0
9493 0.8925448069139235 0.3664510889376543 0
9494 0.9850695859773312 0.03092783505154578 0
9495 0.3312174670270766 0.01512430268232823 0
9496 0.2730320380308802 0.9938640296778659 0
9497 0.1850444484367986 0.8533944667993616 0
9498 0.7811646039561423 0.04847630285581805 0
9499 0.3213438081957016 0.6699285134935515 0
9500 0.9851713507669164 0.1546416523207921 0
9501 0.3464675210357502 0.4937848747719149 0
9502 0.9829429201498172 0.2196319665687871 0
9503 0.6880991728691114 0.8911577830434925 0
9504 0.006735682191099601 0.7703889766923899 0
9505 0.883807116998136 0.3720867327450167 0
9506 0.9929302818382225 0.1803031618050712 0
9507 0.5151340403699431 0.2225502705853312 0
9508 0.9843152492305962 0.2488869279075712 0
9509 0.545909985924712 0.1535880613110001 0
9510 0.4684928790533391 0.8074873806586993 0
9511 0.3780506711942223 0.5232026276679795 0
9512 0.3524353268340658 0.3569655353774633 0
9513 0.09912654675244653 0.9028590446262557 0
9514 0.5452975397060348 0.5338584241936721 0
9515 0.1813473844736106 0.4104054863480252 0
9516 0.4683959584919409 0.2867348357725144 0
9517 0.555346011239959 0.5379861339083677 0
9518 0.6801890236964689 0.9225109770019977 0
9519 0.1438563704986847 0.9171246882100441 0
9520 0.2984854501048753 0.01527048440624518 0
9521 0.323727398808751 0.1765724683602415 0
9522 0.4090045584808635 0.7862922112115214 0
9523 0.5421526927815944 0.9396497842108611 0
9524 0.1511695270284159 0.783545453542608 0
9525 0.3310088404958209 0.6761805773855181 0
9526 0.8413538338949227 0.7873340629758823 0
9527 0.6952619899242289 0.914052272234683 0
9528 0.5499427830386501 0.9543103535507022 0
9529 0.1616636617165761 0.7896827921447249 0
9530 0.9851405966028981 0.1443089491068976 0
9531 0.9519593729129255 0.8953260153508854 0
9532 0.3796800339569136 0.7687732756548022 0
9533 0.1974106477628401 0.8453352454412214 0
9534 0.09419978923490213 0.5117072387367383 0
9535 0.4783698752194451 0.8020035868120687 0
9536 0.3437189952421328 0.3892625030228873 0
9537 0.7561237428546854 0.5935955897170611 0
9538 0.01620301513069089 0.8060676455661702 0
9539 0.3923751433829759 0.1732376083504945 0
9540 0.1903903612539683 0.4051783121063416 0
9541 0.9626521219212891 0.1104774147998058 0
9542 0.1099011511298885 0.8868666122410569 0
9543 0.52493174653585 0.2389284576538429 0
9544 0.8806033348648675 0.07860511056935382 0
9545 0.871816917266049 0.367003392605287 0
9546 0.7955974654593125 0.08825577624028158 0
9547 0.3444970648484138 0.6706323098766018 0
9548 0.01515933673761355 0.660434739079359 0
9549 0.9941965535480197 0.211340206185566 0
9550 0.0149200438084045 0.6699394134116262 0
9551 0.01672414463944627 0.366065661821637 0
9552 0.01474651087521017 0.731958762886599 0
9553 0.6785098385523349 0.8746833740516653 0
9554 0.7372652511281191 0.006122986584408463 0
9555 0.6673027201466785 0.1425847293288744 0
9556 0.01669729316597468 0.3870293821880978 0
9557 0.7371208785965677 0.3889908115791892 0
9558 0.00674219935931325 0.7863018525806897 0
9559 0.6388324057333501 0.01471135147699038 0
9560 0.255253775478226 0.9837717247614699 0
9561 0.01610170653456933 0.3442982921247519 0
9562 0.5674090525800541 0.5728891199097474 0
9563 0.3704417892021271 0.01453696515152919 0
9564 0.01666719703463942 0.4078722571385002 0
9565 0.005756612747503775 0.376288659793815 0
9566 0.985239940865429 0.1345152934039922 0
9567 0.5351824756600305 0.2558080549933577 0
9568 0.005749134266483491 0.396907216494846 0
9569 0.006019822483106008 0.3559249458722109 0
9570 0.1542323907788964 0.8982475911736557 0
9571 0.8487702066295837 0.2226436265385898 0
9572 0.7460558760573824 0.5993877768244478 0
9573 0.6622619496311568 0.9226663774196773 0
9574 0.3103701434920338 0.1973814224000985 0
9575 0.7540642475181432 0.01575010430160839 0
9576 0.3508935610996111 0.01432077278798055 0
9577 0.08770150276358424 0.005979878243595027 0
9578 0.1314926971100916 0.5676670903685713 0
9579 0.1995430205525117 0.4099810986823669 0
9580 0.005523541275083588 0.4176969009136962 0
9581 0.01466876903546649 0.7422680412371139 0
9582 0.3668957019075331 0.6703650960730287 0
9583 0.01624176931867227 0.5397828835865157 0
9584 0.01646085278194237 0.5498093169009542 0
9585 0.01628348081149678 0.4394091735658721 0
9586 0.006847423583894174 0.4263803021668724 0
9587 0.7722339073159861 0.05422969445445625 0
9588 0.8057477500133121 0.09731865661400829 0
9589 0.01625786369206406 0.4498758554693886 0
9590 0.2133779013415735 0.4163373049077794 0
9591 0.01653781132108023 0.4599762406007337 0
9592 0.03561048167444292 0.9768408443358105 0
9593 0.861711254118857 0.3723192133994456 0
9594 0.8038774976771376 0.9855902437638766 0
9595 0.01526041126993549 0.722110664835326 0
9596 0.5573960720486912 0.5548831876843475 0
9597 0.3428452225383585 0.983807438146276 0
9598 0.01646068500270564 0.5602684282947904 0
9599 0.01629719168546706 0.4706015071968264 0
9600 0.5270266162458149 0.5358593806165701 0
9601 0.653848195839953 0.9180237789726031 0
9602 0.006537590340315647 0.75692962106468 0
9603 0.01647924974169873 0.4808165370508652 0
9604 0.145221327640869 0.5621336648455503 0
9605 0.9435107314884454 0.8911778501747883 0
9606 0.01646756296218516 0.5706965814049978 0
9607 0.5847300167070338 0.01633546510778261 0
9608 0.9550659962591271 0.115021350985755 0
9609 0.01590647045263216 0.4920008865499199 0
9610 0.3517384012982746 0.3693583538769035 0
9611 0.0165516769558498 0.5013374513118083 0
9612 0.6395114032865228 0.7958394855009164 0
9613 0.3802288707162619 0.1651566884382653 0
9614 0.01646492453286308 0.5811074355941447 0
9615 0.5315694948384192 0.9020872177998556 0
9616 0.4992230766266844 0.5327504320632319 0
9617 0.7348234602042878 0.6051838165534883 0
9618 0.005596750995778166 0.5103092783505162 0
9619 0.1450200171852314 0.9861716491124348 0
9620 0.4055691456142673 0.6159075748411351 0
9621 0.6478610693162627 0.7640328253744362 0
9622 0.01617522072802724 0.5911323016750289 0
9623 0.8687490219399643 0.01622981329857054 0
9624 0.7032281990895246 0.9118036110128921 0
9625 0.006802585069430434 0.6831526429725415 0
9626 0.1958592846212934 0.8372527967328169 0
9627 0.6982782998822962 0.8209615972434492 0
9628 0.9844579731835169 0.1995436876771294 0
9629 0.7495525002647112 0.8930001145271987 0
9630 0.3909460591991006 0.01467211879125163 0
9631 0.7848689960387549 0.9852322674571143 0
9632 0.6553025751557896 0.1516492239327993 0
9633 0.2067110255046031 0.05198949181392554 0
9634 0.1635749324986528 0.9852872626594409 0
9635 0.01514170524112968 0.7122884056439995 0
9636 0.7391203257129251 0.3431408824791115 0
9637 0.9742999703480483 0.8873554688642193 0
9638 0.8610376030564777 0.07948891092670018 0
9639 0.5233823608204512 0.8971766591033749 0
9640 0.9821164521759366 0.9271798571916312 0
9641 0.8247422680412368 0.9855490333198091 0
9642 0.1794837777541158 0.9064492338256863 0
9643 0.6707146680557317 0.9665876409459687 0
9644 0.4981161464139152 0.7909978475922022 0
9645 0.1026694398082849 0.5168771195370949 0
9646 0.8572098689196883 0.8333262439093048 0
9647 0.7262091536027341 0.6111485874098495 0
9648 0.7520916248955787 0.9855672352665932 0
9649 0.6072523221464958 0.9852485401571753 0
9650 0.9942105614261072 0.9331768328847688 0
9651 0.9703889356683926 0.9853218033995641 0
9652 0.01565961001154104 0.6355470281016169 0
9653 0.005719256566305841 0.6238335520278611 0
9654 0.226577692569832 0.0652511519752253 0
9655 0.5221781462800201 0.8805464460407932 0
9656 0.7807156783881435 0.3226526628482735 0
9657 0.3619834662843847 0.1653489448118297 0
9658 0.4616536930367132 0.5767513211266827 0
9659 0.3102373562729329 0.1789831824846668 0
9660 0.8525647278323594 0.08409386922841755 0
9661 0.424355167272439 0.6899074613765781 0
9662 0.8969135680243104 0.9860521839638824 0
9663 0.01397348514226321 0.7741713944667132 0
9664 0.6862023365777555 0.8097232070472523 0
9665 0.4632578399851071 0.01431186438894316 0
9666 0.7108452851387377 0.6053570007126268 0
9667 0.6891393563934207 0.9656588792827994 0
9668 0.6385756116823307 0.9857911855049429 0
9669 0.7021468858076364 0.6115308781195429 0
9670 0.4326944051371107 0.986309902166107 0
9671 0.484926563213755 0.9855726672447158 0
9672 0.5077885274836573 0.785079141266573 0
9673 0.3438830670495819 0.451420650651806 0
9674 0.6782636344991841 0.8356886833579812 0
9675 0.5316256860994674 0.8752618461310921 0
9676 0.02573370111254614 0.02156797320649123 0
9677 0.7221978759442558 0.9008938606308599 0
9678 0.1264995279109851 0.2282227770277873 0
9679 0.118788455900077 0.8815176880200277 0
9680 0.2250738364314976 0.01555936386323248 0
9681 0.3051782087900931 0.3780013549795199 0
9682 0.6758998090123638 0.5517894831586165 0
9683 0.7631288329758399 0.07067655233739323 0
9684 0.1546391752577306 0.01429510545660401 0
9685 0.7263877600386321 0.9521148088095018 0
9686 0.01522752156191409 0.09481757800889051 0
9687 0.6561681078456287 0.1614372214614042 0
9688 0.2254664895618127 0.07467305413855363 0
9689 0.01518090819104956 0.7021594284149631 0
9690 0.1922015041271629 0.8859349352637402 0
9691 0.5577046910503786 0.9853123604105518 0
9692 0.3536027776839029 0.4576388229770078 0
9693 0.7319587628865981 0.9857550804450989 0
9694 0.8339034075275843 0.1249797217492477 0
9695 0.1836998762938096 0.8916406338873951 0
9696 0.2146805507318328 0.05648493857467851 0
9697 0.9265469536722312 0.01495278793676946 0
9698 0.7649604603606868 0.05706196914085288 0
9699 0.6977282385870525 0.7986526045684889 0
9700 0.4464493217877613 0.02461294996159286 0
9701 0.3685383569138436 0.6845867691908747 0
9702 0.05098433245061462 0.5222819094446719 0
9703 0.6487959765853373 0.5635106265661992 0
9704 0.5876288659793819 0.9857796527993707 0
9705 0.5175235397451017 0.7798388657743158 0
9706 0.1355968532208254 0.2339524712135357 0
9707 0.3948926403630656 0.5909902453864156 0
9708 0.4225510249833918 0.6743823762205543 0
9709 0.9039096870732375 0.3253605964020912 0
9710 0.965441789744075 0.891779876539775 0
9711 0.01496620766957546 0.5982720113342849 0
9712 0.4718735897581697 0.2261114662691598 0
9713 0.7767534733116082 0.1621487267393633 0
9714 0.02365710775951346 0.9839505633114659 0
9715 0.2104264880890471 0.370941665349634 0
9716 0.5002455008194777 0.6648684215968033 0
9717 0.3518605560102983 0.9751514669329964 0
9718 0.729101019485327 0.3844319837448506 0
9719 0.8394931466051611 0.2275564471298042 0
9720 0.1483248356851923 0.8388638060062041 0
9721 0.161499168178635 0.8466438879772575 0
9722 0.4554131532099864 0.1635217675265126 0
9723 0.2191875818553298 0.3653617304799907 0
9724 0.731353124792289 0.8952382191733512 0
9725 0.3895532616003957 0.5062559922688167 0
9726 0.2420873501514867 0.005647452360538652 0
9727 0.6568444785021728 0.172729465684354 0
9728 0.6867936936933103 0.8303840117957405 0
9729 0.9928062314666881 0.05963870603474447 0
9730 0.5481677429191724 0.874979484353908 0
9731 0.5782449979061163 0.2471624726772906 0
9732 0.6977973532216539 0.9611060062625317 0
9733 0.02457965941511353 0.5255782618904803 0
9734 0.680108053967284 0.9861191602287062 0
$EndNodes
$Elements
19466
1 1 2 1 1 1 5
2 1 2 1 1 5 6
3 1 2 1 1 6 7
4 1 2 1 1 7 8
5 1 2 1 1 8 9
6 1 2 1 1 9 10
7 1 2 1 1 10 11
8 1 2 1 1 11 12
9 1 2 1 1 12 13
10 1 2 1 1 13 14
11 1 2 1 1 14 15
12 1 2 1 1 15 16
13 1 2 1 1 16 17
14 1 2 1 1 17 18
15 1 2 1 1 18 19
16 1 2 1 1 19 20
17 1 2 1 1 20 21
18 1 2 1 1 21 22
19 1 2 1 1 22 23
20 1 2 1 1 23 24
21 1 2 1 1 24 25
22 1 2 1 1 25 26
23 1 2 1 1 26 27
24 1 2 1 1 27 28
25 1 2 1 1 28 29
26 1 2 1 1 29 30
27 1 2 1 1 30 31
28 1 2 1 1 31 32
29 1 2 1 1 32 33
30 1 2 1 1 33 34
31 1 2 1 1 34 35
32 1 2 1 1 35 36
33 1 2 1 1 36 37
34 1 2 1 1 37 38
35 1 2 1 1 38 39
36 1 2 1 1 39 40
37 1 2 1 1 40 41
38 1 2 1 1 41 42
39 1 2 1 1 42 43
40 1 2 1 1 43 44
41 1 2 1 1 44 45
42 1 2 1 1 45 46
43 1 2 1 1 46 47
44 1 2 1 1 47 48
45 1 2 1 1 48 49
46 1 2 1 1 49 50
47 1 2 1 1 50 51
48 1 2 1 1 51 52
49 1 2 1 1 52 53
50 1 2 1 1 53 54
51 1 2 1 1 54 55
52 1 2 1 1 55 56
53 1 2 1 1 56 57
54 1 2 1 1 57 58
55 1 2 1 1 58 59
56 1 2 1 1 59 60
57 1 2 1 1 60 61
58 1 2 1 1 61 62
59 1 2 1 1 62 63
60 1 2 1 1 63 64
61 1 2 1 1 64 65
62 1 2 1 1 65 66
63 1 2 1 1 66 67
64 1 2 1 1 67 68
65 1 2 1 1 68 69
66 1 2 1 1 69 70
67 1 2 1 1 70 71
68 1 2 1 1 71 72
69 1 2 1 1 72 73
70 1 2 1 1 73 74
71 1 2 1 1 74 75
72 1 2 1 1 75 76
73 1 2 1 1 76 77
74 1 2 1 1 77 78
75 1 2 1 1 78 79
76 1 2 1 1 79 80
77 1 2 1 1 80 81
78 1 2 1 1 81 82
79 1 2 1 1 82 83
80 1 2 1 1 83 84
81 1 2 1 1 84 85
82 1 2 1 1 85 86
83 1 2 1 1 86 87
84 1 2 1 1 87 88
85 1 2 1 1 88 89
86 1 2 1 1 89 90
87 1 2 1 1 90 91
88 1 2 1 1 91 92
89 1 2 1 1 92 93
90 1 2 1 1 93 94
91 1 2 1 1 94 95
92 1 2 1 1 95 96
93 1 2 1 1 96 97
94 1 2 1 1 97 98
95 1 2 1 1 98 99
96 1 2 1 1 99 100
97 1 2 1 1 100 2
98 1 2 2 2 2 101
99 1 2 2 2 101 102
100 1 2 2 2 102 103
101 1 2 2 2 103 104
102 1 2 2 2 104 105
103 1 2 2 2 105 106
104 1 2 2 2 106 107
105 1 2 2 2 107 108
106 1 2 2 2 108 109
107 1 2 2 2 109 110
108 1 2 2 2 110 111
109 1 2 2 2 111 112
110 1 2 2 2 112 113
111 1 2 2 2 113 114
112 1 2 2 2 114 115
113 1 2 2 2 115 116
114 1 2 2 2 116 117
115 1 2 2 2 117 118
116 1 2 2 2 118 119
117 1 2 2 2 119 120
118 1 2 2 2 120 121
119 1 2 2 2 121 122
120 1 2 2 2 122 123
121 1 2 2 2 123 124
122 1 2 2 2 124 125
123 1 2 2 2 125 126
124 1 2 2 2 126 127
125 1 2 2 2 127 128
126 1 2 2 2 128 129
127 1 2 2 2 129 130
128 1 2 2 2 130 131
129 1 2 2 2 131 132
130 1 2 2 2 132 133
131 1 2 2 2 133 134
132 1 2 2 2 134 135
133 1 2 2 2 135 136
134 1 2 2 2 136 137
135 1 2 2 2 137 138
136 1 2 2 2 138 139
137 1 2 2 2 139 140
138 1 2 2 2 140 141
139 1 2 2 2 141 142
140 1 2 2 2 142 143
141 1 2 2 2 143 144
142 1 2 2 2 144 145
143 1 2 2 2 145 146
144 1 2 2 2 146 147
145 1 2 2 2 147 148
146 1 2 2 2 148 149
147 1 2 2 2 149 150
148 1 2 2 2 150 151
149 1 2 2 2 151 152
150 1 2 2 2 152 153
151 1 2 2 2 153 154
152 1 2 2 2 154 155
153 1 2 2 2 155 156
154 1 2 2 2 156 157
155 1 2 2 2 157 158
156 1 2 2 2 158 159
157 1 2 2 2 159 160
158 1 2 2 2 160 161
159 1 2 2 2 161 162
160 1 2 2 2 162 163
161 1 2 2 2 163 164
162 1 2 2 2 164 165
163 1 2 2 2 165 166
164 1 2 2 2 166 167
165 1 2 2 2 167 168
166 1 2 2 2 168 169
167 1 2 2 2 169 170
168 1 2 2 2 170 171
169 1 2 2 2 171 172
170 1 2 2 2 172 173
171 1 2 2 2 173 174
172 1 2 2 2 174 175
173 1 2 2 2 175 176
174 1 2 2 2 176 177
175 1 2 2 2 177 178
176 1 2 2 2 178 179
177 1 2 2 2 179 180
178 1 2 2 2 180 181
179 1 2 2 2 181 182
180 1 2 2 2 182 183
181 1 2 2 2 183 184
182 1 2 2 2 184 185
183 1 2 2 2 185 186
184 1 2 2 2 186 187
185 1 2 2 2 187 188
186 1 2 2 2 188 189
187 1 2 2 2 189 190
188 1 2 2 2 190 191
189 1 2 2 2 191 192
190 1 2 2 2 192 193
191 1 2 2 2 193 194
192 1 2 2 2 194 195
193 1 2 2 2 195 196
194 1 2 2 2 196 3
195 1 2 3 3 3 197
196 1 2 3 3 197 198
197 1 2 3 3 198 199
198 1 2 3 3 199 200
199 1 2 3 3 200 201
200 1 2 3 3 201 202
201 1 2 3 3 202 203
202 1 2 3 3 203 204
203 1 2 3 3 204 205
204 1 2 3 3 205 206
205 1 2 3 3 206 207
206 1 2 3 3 207 208
207 1 2 3 3 208 209
208 1 2 3 3 209 210
209 1 2 3 3 210 211
210 1 2 3 3 211 212
211 1 2 3 3 212 213
212 1 2 3 3 213 214
213 1 2 3 3 214 215
214 1 2 3 3 215 216
215 1 2 3 3 216 217
216 1 2 3 3 217 218
217 1 2 3 3 218 219
218 1 2 3 3 219 220
219 1 2 3 3 220 221
220 1 2 3 3 221 222
221 1 2 3 3 222 223
222 1 2 3 3 223 224
223 1 2 3 3 224 225
224 1 2 3 3 225 226
225 1 2 3 3 226 227
226 1 2 3 3 227 228
227 1 2 3 3 228 229
228 1 2 3 3 229 230
229 1 2 3 3 230 231
230 1 2 3 3 231 232
231 1 2 3 3 232 233
232 1 2 3 3 233 234
233 1 2 3 3 234 235
234 1 2 3 3 235 236
235 1 2 3 3 236 237
236 1 2 3 3 237 238
237 1 2 3 3 238 239
238 1 2 3 3 239 240
239 1 2 3 3 240 241
240 1 2 3 3 241 242
241 1 2 3 3 242 243
242 1 2 3 3 243 244
243 1 2 3 3 244 245
244 1 2 3 3 245 246
245 1 2 3 3 246 247
246 1 2 3 3 247 248
247 1 2 3 3 248 249
248 1 2 3 3 249 250
249 1 2 3 3 250 251
250 1 2 3 3 251 252
251 1 2 3 3 252 253
252 1 2 3 3 253 254
253 1 2 3 3 254 255
254 1 2 3 3 255 256
255 1 2 3 3 256 257
256 1 2 3 3 257 258
257 1 2 3 3 258 259
258 1 2 3 3 259 260
259 1 2 3 3 260 261
260 1 2 3 3 261 262
261 1 2 3 3 262 263
262 1 2 3 3 263 264
263 1 2 3 3 264 265
264 1 2 3 3 265 266
265 1 2 3 3 266 267
266 1 2 3 3 267 268
267 1 2 3 3 268 269
268 1 2 3 3 269 270
269 1 2 3 3 270 271
270 1 2 3 3 271 272
271 1 2 3 3 272 273
272 1 2 3 3 273 274
273 1 2 3 3 274 275
274 1 2 3 3 275 276
275 1 2 3 3 276 277
276 1 2 3 3 277 278
277 1 2 3 3 278 279
278 1 2 3 3 279 280
279 1 2 3 3 280 281
280 1 2 3 3 281 282
281 1 2 3 3 282 283
282 1 2 3 3 283 284
283 1 2 3 3 284 285
284 1 2 3 3 285 286
285 1 2 3 3 286 287
286 1 2 3 3 287 288
287 1 2 3 3 288 289
288 1 2 3 3 289 290
289 1 2 3 3 290 291
290 1 2 3 3 291 292
291 1 2 3 3 292 4
292 1 2 4 4 4 293
293 1 2 4 4 293 294
294 1 2 4 4 294 295
295 1 2 4 4 295 296
296 1 2 4 4 296 297
297 1 2 4 4 297 298
298 1 2 4 4 298 299
299 1 2 4 4 299 300
300 1 2 4 4 300 301
301 1 2 4 4 301 302
302 1 2 4 4 302 303
303 1 2 4 4 303 304
304 1 2 4 4 304 305
305 1 2 4 4 305 306
306 1 2 4 4 306 307
307 1 2 4 4 307 308
308 1 2 4 4 308 309
309 1 2 4 4 309 310
310 1 2 4 4 310 311
311 1 2 4 4 311 312
312 1 2 4 4 312 313
313 1 2 4 4 313 314
314 1 2 4 4 314 315
315 1 2 4 4 315 316
316 1 2 4 4 316 317
317 1 2 4 4 317 318
318 1 2 4 4 318 319
319 1 2 4 4 319 320
320 1 2 4 4 320 321
321 1 2 4 4 321 322
322 1 2 4 4 322 323
323 1 2 4 4 323 324
324 1 2 4 4 324 325
325 1 2 4 4 325 326
326 1 2 4 4 326 327
327 1 2 4 4 327 328
328 1 2 4 4 328 329
329 1 2 4 4 329 330
330 1 2 4 4 330 331
331 1 2 4 4 331 332
332 1 2 4 4 332 333
333 1 2 4 4 333 334
334 1 2 4 4 334 335
335 1 2 4 4 335 336
336 1 2 4 4 336 337
337 1 2 4 4 337 338
338 1 2 4 4 338 339
339 1 2 4 4 339 340
340 1 2 4 4 340 341
341 1 2 4 4 341 342
342 1 2 4 4 342 343
343 1 2 4 4 343 344
344 1 2 4 4 344 345
345 1 2 4 4 345 346
346 1 2 4 4 346 347
347 1 2 4 4 347 348
348 1 2 4 4 348 349
349 1 2 4 4 349 350
350 1 2 4 4 350 351
351 1 2 4 4 351 352
352 1 2 4 4 352 353
353 1 2 4 4 353 354
354 1 2 4 4 354 355
355 1 2 4 4 355 356
356 1 2 4 4 356 357
357 1 2 4 4 357 358
358 1 2 4 4 358 359
359 1 2 4 4 359 360
360 1 2 4 4 360 361
361 1 2 4 4 361 362
362 1 2 4 4 362 363
363 1 2 4 4 363 364
364 1 2 4 4 364 365
365 1 2 4 4 365 366
366 1 2 4 4 366 367
367 1 2 4 4 367 368
368 1 2 4 4 368 369
369 1 2 4 4 369 370
370 1 2 4 4 370 371
371 1 2 4 4 371 372
372 1 2 4 4 372 373
373 1 2 4 4 373 374
374 1 2 4 4 374 375
375 1 2 4 4 375 376
376 1 2 4 4 376 377
377 1 2 4 4 377 378
378 1 2 4 4 378 379
379 1 2 4 4 379 380
380 1 2 4 4 380 381
381 1 2 4 4 381 382
382 1 2 4 4 382 383
383 1 2 4 4 383 384
384 1 2 4 4 384 385
385 1 2 4 4 385 386
386 1 2 4 4 386 387
387 1 2 4 4 387 388
388 1 2 4 4 388 1
389 2 2 10 1 5670 5672 2739
390 2 2 10 1 495 8777 6638
391 2 2 10 1 4536 8223 3930
392 2 2 10 1 2980 5985 5551
393 2 2 10 1 3217 6317 3215
394 2 2 10 1 6765 9437 4485
395 2 2 10 1 439 7573 5491
396 2 2 10 1 8613 8881 6578
397 2 2 10 1 6115 9318 5418
398 2 2 10 1 4496 6765 4485
399 2 2 10 1 5551 8107 2980
400 2 2 10 1 7752 9136 8316
401 2 2 10 1 5059 7096 5794
402 2 2 10 1 5972 9048 5936
403 2 2 10 1 4833 6207 5716
404 2 2 10 1 395 8976 6194
405 2 2 10 1 6380 7813 3286
406 2 2 10 1 6169 9378 8883
407 2 2 10 1 1446 5992 1458
408 2 2 10 1 5084 9089 4698
409 2 2 10 1 5561 7813 6380
410 2 2 10 1 507 6118 5686
411 2 2 10 1 1590 5764 5617
412 2 2 10 1 7733 8107 5551
413 2 2 10 1 5922 8834 6090
414 2 2 10 1 5570 6658 2818
415 2 2 10 1 920 8107 7733
416 2 2 10 1 2818 6659 5570
417 2 2 10 1 8869 8979 461
418 2 2 10 1 7342 8027 818
419 2 2 10 1 5944 8979 8869
420 2 2 10 1 1097 6362 6360
421 2 2 10 1 4347 6119 3844
422 2 2 10 1 396 9006 5980
423 2 2 10 1 1097 9536 6362
424 2 2 10 1 5840 8447 5099
425 2 2 10 1 6194 8645 395
426 2 2 10 1 5677 5909 4528
427 2 2 10 1 5526 8385 6613
428 2 2 10 1 2733 6627 5583
429 2 2 10 1 1092 9708 7360
430 2 2 10 1 3504 5857 4357
431 2 2 10 1 6613 8284 5526
432 2 2 10 1 2026 9329 6279
433 2 2 10 1 2389 6045 2072
434 2 2 10 1 6635 8918 390
435 2 2 10 1 479 6511 6509
436 2 2 10 1 5575 6902 4250
437 2 2 10 1 7360 7362 1092
438 2 2 10 1 4250 9588 5575
439 2 2 10 1 2192 5994 2157
440 2 2 10 1 6360 7947 1097
441 2 2 10 1 6359 7947 6360
442 2 2 10 1 6344 7544 5269
443 2 2 10 1 3101 6084 2654
444 2 2 10 1 4290 5909 5677
445 2 2 10 1 2825 8447 5840
446 2 2 10 1 4107 6101 5351
447 2 2 10 1 6658 9120 4550
448 2 2 10 1 7733 7734 920
449 2 2 10 1 652 8903 654
450 2 2 10 1 1961 8995 1963
451 2 2 10 1 3732 6156 6155
452 2 2 10 1 5966 7562 6754
453 2 2 10 1 3732 8083 6156
454 2 2 10 1 3828 6174 4758
455 2 2 10 1 7734 8103 920
456 2 2 10 1 6256 7268 7267
457 2 2 10 1 2739 5778 5670
458 2 2 10 1 5967 6167 4449
459 2 2 10 1 6120 9137 4451
460 2 2 10 1 5001 8479 8427
461 2 2 10 1 6167 6168 4449
462 2 2 10 1 4818 6311 6293
463 2 2 10 1 5583 7758 2733
464 2 2 10 1 5575 7850 6902
465 2 2 10 1 5775 5784 3940
466 2 2 10 1 5372 8885 7607
467 2 2 10 1 1847 6136 1845
468 2 2 10 1 5686 6117 507
469 2 2 10 1 5712 9167 6695
470 2 2 10 1 427 9048 5972
471 2 2 10 1 8427 8479 7025
472 2 2 10 1 6902 7850 5643
473 2 2 10 1 1044 7685 6016
474 2 2 10 1 5706 5720 4478
475 2 2 10 1 4580 8483 6972
476 2 2 10 1 3328 7813 5561
477 2 2 10 1 474 6033 5786
478 2 2 10 1 5938 5939 3479
479 2 2 10 1 8960 8983 5876
480 2 2 10 1 6359 6695 2973
481 2 2 10 1 6172 9029 2939
482 2 2 10 1 2973 7947 6359
483 2 2 10 1 5851 8717 7534
484 2 2 10 1 656 5941 861
485 2 2 10 1 4760 5784 5775
486 2 2 10 1 5576 7189 1113
487 2 2 10 1 5663 5777 3643
488 2 2 10 1 675 7853 712
489 2 2 10 1 4449 7324 5967
490 2 2 10 1 1113 7188 5576
491 2 2 10 1 5561 8291 3328
492 2 2 10 1 6279 9329 6280
493 2 2 10 1 5706 9223 5720
494 2 2 10 1 1959 9688 5960
495 2 2 10 1 1959 5960 1961
496 2 2 10 1 7099 8863 7368
497 2 2 10 1 5617 6349 1590
498 2 2 10 1 2186 6129 5744
499 2 2 10 1 1682 6910 6090
500 2 2 10 1 4966 7441 7440
501 2 2 10 1 3336 8881 8613
502 2 2 10 1 6063 6836 3299
503 2 2 10 1 2849 7201 6701
504 2 2 10 1 7442 7638 3346
505 2 2 10 1 6930 9025 6929
506 2 2 10 1 3602 6159 3947
507 2 2 10 1 6174 9029 6172
508 2 2 10 1 5704 5706 4478
509 2 2 10 1 532 6023 212
510 2 2 10 1 3341 8632 8630
511 2 2 10 1 1682 9629 6910
512 2 2 10 1 5491 9152 439
513 2 2 10 1 3498 9318 6115
514 2 2 10 1 7751 7871 7752
515 2 2 10 1 5967 7324 5436
516 2 2 10 1 5679 5858 5416
517 2 2 10 1 7607 8887 5372
518 2 2 10 1 658 6078 660
519 2 2 10 1 4833 7247 6207
520 2 2 10 1 7131 8223 4536
521 2 2 10 1 1856 6129 2186
522 2 2 10 1 8630 8632 6561
523 2 2 10 1 7185 9184 7182
524 2 2 10 1 8252 8327 5577
525 2 2 10 1 3299 8463 6063
526 2 2 10 1 4106 6242 5770
527 2 2 10 1 2859 8327 8252
528 2 2 10 1 861 5941 5734
529 2 2 10 1 4478 5710 5704
530 2 2 10 1 7915 8257 8176
531 2 2 10 1 5260 8561 5559
532 2 2 10 1 488 6226 5776
533 2 2 10 1 490 8983 8960
534 2 2 10 1 4288 7441 4966
535 2 2 10 1 6724 7630 520
536 2 2 10 1 5667 9729 477
537 2 2 10 1 3546 6242 4106
538 2 2 10 1 5704 5710 4704
539 2 2 10 1 5559 8579 5260
540 2 2 10 1 6505 7622 552
541 2 2 10 1 2159 5709 5708
542 2 2 10 1 3328 8291 7809
543 2 2 10 1 2251 6929 5644
544 2 2 10 1 6503 7622 6505
545 2 2 10 1 7360 9708 7361
546 2 2 10 1 4843 7871 7751
547 2 2 10 1 6613 8385 5001
548 2 2 10 1 8220 8336 3728
549 2 2 10 1 5001 8427 6613
550 2 2 10 1 6116 9087 6467
551 2 2 10 1 449 7604 7385
552 2 2 10 1 7871 9136 7752
553 2 2 10 1 4022 5761 5139
554 2 2 10 1 5598 8764 5732
555 2 2 10 1 5718 5725 5235
556 2 2 10 1 5738 6384 4390
557 2 2 10 1 5711 6015 2885
558 2 2 10 1 3775 7088 5719
559 2 2 10 1 5643 7850 4721
560 2 2 10 1 2006 8964 7175
561 2 2 10 1 525 7622 6503
562 2 2 10 1 5852 9123 7073
563 2 2 10 1 3479 7907 5938
564 2 2 10 1 4914 6243 3761
565 2 2 10 1 3728 8336 2430
566 2 2 10 1 2563 8595 7088
567 2 2 10 1 8291 8525 7809
568 2 2 10 1 525 6503 6502
569 2 2 10 1 8764 8848 5732
570 2 2 10 1 5007 5909 4290
571 2 2 10 1 1409 5890 5800
572 2 2 10 1 6638 9057 495
573 2 2 10 1 5859 7102 3686
574 2 2 10 1 4410 6029 2693
575 2 2 10 1 5859 9727 7102
576 2 2 10 1 6344 9182 7544
577 2 2 10 1 4721 6039 5643
578 2 2 10 1 6272 9179 5506
579 2 2 10 1 5618 8380 6044
580 2 2 10 1 5235 5725 5234
581 2 2 10 1 5550 7208 6288
582 2 2 10 1 6565 8658 8646
583 2 2 10 1 6152 6745 4328
584 2 2 10 1 7268 7605 516
585 2 2 10 1 5851 9406 8717
586 2 2 10 1 6565 8646 6564
587 2 2 10 1 7385 9365 449
588 2 2 10 1 477 6048 5667
589 2 2 10 1 4309 7441 4288
590 2 2 10 1 2326 9574 6659
591 2 2 10 1 7368 9147 7099
592 2 2 10 1 5416 5857 5679
593 2 2 10 1 4341 6015 4342
594 2 2 10 1 6568 8530 6567
595 2 2 10 1 4292 7233 5582
596 2 2 10 1 3687 8594 3686
597 2 2 10 1 437 7600 5717
598 2 2 10 1 8772 8783 3153
599 2 2 10 1 7233 7404 5582
600 2 2 10 1 1740 6263 1639
601 2 2 10 1 5235 5876 5718
602 2 2 10 1 8883 9378 5657
603 2 2 10 1 4528 6054 5677
604 2 2 10 1 6502 7620 525
605 2 2 10 1 6552 8783 8772
606 2 2 10 1 4906 8537 8485
607 2 2 10 1 8220 8944 5781
608 2 2 10 1 3643 6288 5663
609 2 2 10 1 1293 5890 1409
610 2 2 10 1 8485 8537 7023
611 2 2 10 1 4698 9089 6739
612 2 2 10 1 4292 9616 7233
613 2 2 10 1 5174 8912 5341
614 2 2 10 1 5650 7620 6502
615 2 2 10 1 8912 8926 5341
616 2 2 10 1 5802 6263 1740
617 2 2 10 1 5560 8852 676
618 2 2 10 1 523 5848 5846
619 2 2 10 1 7404 9600 5582
620 2 2 10 1 5644 7898 2251
621 2 2 10 1 1291 5890 1293
622 2 2 10 1 654 5941 656
623 2 2 10 1 6054 8192 5678
624 2 2 10 1 4357 5857 5416
625 2 2 10 1 1289 8682 1291
626 2 2 10 1 5801 8110 451
627 2 2 10 1 5980 9006 5761
628 2 2 10 1 5138 6738 6737
629 2 2 10 1 3431 6161 3239
630 2 2 10 1 7714 9038 5777
631 2 2 10 1 5966 9174 7562
632 2 2 10 1 4917 8110 5801
633 2 2 10 1 5960 8995 1961
634 2 2 10 1 5273 8953 5272
635 2 2 10 1 6090 8834 1682
636 2 2 10 1 8636 8759 7011
637 2 2 10 1 7088 8595 5719
638 2 2 10 1 3938 8636 7011
639 2 2 10 1 5870 8644 5236
640 2 2 10 1 6629 7758 5543
641 2 2 10 1 7844 8262 6616
642 2 2 10 1 5877 6575 5878
643 2 2 10 1 2079 7184 6068
644 2 2 10 1 676 8955 5560
645 2 2 10 1 1458 5992 1472
646 2 2 10 1 6411 9007 5433
647 2 2 10 1 605 6216 749
648 2 2 10 1 5138 9685 6738
649 2 2 10 1 7069 7070 484
650 2 2 10 1 712 7853 5778
651 2 2 10 1 459 7620 5650
652 2 2 10 1 8953 8985 5272
653 2 2 10 1 4996 8822 7142
654 2 2 10 1 5570 9120 6658
655 2 2 10 1 3797 6317 3217
656 2 2 10 1 1206 6575 5877
657 2 2 10 1 5725 5893 5234
658 2 2 10 1 7560 9032 6334
659 2 2 10 1 6151 8997 1909
660 2 2 10 1 7102 9727 5183
661 2 2 10 1 6067 8027 7342
662 2 2 10 1 5650 6680 459
663 2 2 10 1 2885 6014 5711
664 2 2 10 1 5635 8530 6568
665 2 2 10 1 6074 8546 8508
666 2 2 10 1 3686 8594 5859
667 2 2 10 1 654 8903 5941
668 2 2 10 1 457 5845 5844
669 2 2 10 1 6293 6311 6310
670 2 2 10 1 5727 7142 2272
671 2 2 10 1 6068 7184 5284
672 2 2 10 1 5598 9454 4867
673 2 2 10 1 7904 9388 8727
674 2 2 10 1 4867 8764 5598
675 2 2 10 1 4964 5888 4965
676 2 2 10 1 5542 8618 8457
677 2 2 10 1 6016 7685 6015
678 2 2 10 1 6695 9167 2973
679 2 2 10 1 5771 9434 9068
680 2 2 10 1 8538 9407 5499
681 2 2 10 1 5800 6044 1409
682 2 2 10 1 455 5910 109
683 2 2 10 1 5794 7096 1411
684 2 2 10 1 1551 7085 1582
685 2 2 10 1 2186 8186 6737
686 2 2 10 1 6737 8186 5138
687 2 2 10 1 6048 8748 5757
688 2 2 10 1 2326 6659 2818
689 2 2 10 1 5332 9137 6120
690 2 2 10 1 4794 8090 7098
691 2 2 10 1 1206 8478 1177
692 2 2 10 1 7011 8759 4836
693 2 2 10 1 3728 8944 8220
694 2 2 10 1 749 6216 5815
695 2 2 10 1 5538 8703 5740
696 2 2 10 1 5861 5862 2860
697 2 2 10 1 7068 7069 484
698 2 2 10 1 5682 8901 4440
699 2 2 10 1 1901 6936 6899
700 2 2 10 1 4050 8942 6682
701 2 2 10 1 4412 9027 5424
702 2 2 10 1 5191 6416 6209
703 2 2 10 1 8677 8703 5538
704 2 2 10 1 5756 5910 455
705 2 2 10 1 5424 9027 8998
706 2 2 10 1 538 9129 6257
707 2 2 10 1 6139 7200 6140
708 2 2 10 1 6682 9276 4050
709 2 2 10 1 5662 8620 5736
710 2 2 10 1 4600 9270 6173
711 2 2 10 1 6257 9200 538
712 2 2 10 1 7440 7443 4966
713 2 2 10 1 109 5910 108
714 2 2 10 1 6929 9025 5644
715 2 2 10 1 8886 8901 5682
716 2 2 10 1 8657 9303 2940
717 2 2 10 1 6143 6144 6142
718 2 2 10 1 1431 6150 1433
719 2 2 10 1 3436 9011 7179
720 2 2 10 1 4836 9526 7011
721 2 2 10 1 5345 6319 5860
722 2 2 10 1 5716 9717 4833
723 2 2 10 1 5758 5760 4480
724 2 2 10 1 3844 6119 3845
725 2 2 10 1 4924 5881 5880
726 2 2 10 1 5710 6100 4704
727 2 2 10 1 6187 8590 8457
728 2 2 10 1 3977 9184 7185
729 2 2 10 1 4034 7200 6139
730 2 2 10 1 5126 8999 6065
731 2 2 10 1 6173 8920 4600
732 2 2 10 1 1438 8870 6085
733 2 2 10 1 6577 6660 6560
734 2 2 10 1 4601 5861 2860
735 2 2 10 1 5733 8618 5542
736 2 2 10 1 5734 5865 861
737 2 2 10 1 5793 5794 1411
738 2 2 10 1 7625 8763 7070
739 2 2 10 1 4625 6325 4623
740 2 2 10 1 3903 7345 5268
741 2 2 10 1 5684 8459 8448
742 2 2 10 1 5717 9299 437
743 2 2 10 1 5662 8796 8620
744 2 2 10 1 6280 6965 5051
745 2 2 10 1 1291 8682 5890
746 2 2 10 1 4480 5768 5758
747 2 2 10 1 4906 8485 7025
748 2 2 10 1 8448 8459 2873
749 2 2 10 1 1909 8997 6136
750 2 2 10 1 5708 6178 2159
751 2 2 10 1 1845 6136 6134
752 2 2 10 1 8732 9358 7087
753 2 2 10 1 3481 6138 5050
754 2 2 10 1 4633 6323 6322
755 2 2 10 1 4641 5828 5028
756 2 2 10 1 7025 8479 4906
757 2 2 10 1 995 9008 6700
758 2 2 10 1 4301 6385 4265
759 2 2 10 1 4479 5768 4480
760 2 2 10 1 5268 7345 6471
761 2 2 10 1 4665 6024 4320
762 2 2 10 1 959 6038 6037
763 2 2 10 1 5794 8574 5059
764 2 2 10 1 6322 6324 4633
765 2 2 10 1 8457 8590 5542
766 2 2 10 1 6334 8911 7560
767 2 2 10 1 390 9013 6635
768 2 2 10 1 3816 8644 5870
769 2 2 10 1 3650 9369 8710
770 2 2 10 1 2039 6174 3828
771 2 2 10 1 2987 6067 6065
772 2 2 10 1 6243 9011 3436
773 2 2 10 1 458 9204 9194
774 2 2 10 1 5877 8478 1206
775 2 2 10 1 4964 5894 5888
776 2 2 10 1 9194 9204 6272
777 2 2 10 1 455 5911 5756
778 2 2 10 1 3345 9309 8631
779 2 2 10 1 6627 7898 5583
780 2 2 10 1 393 5831 5752
781 2 2 10 1 3341 8630 6564
782 2 2 10 1 5947 8964 2006
783 2 2 10 1 1909 6136 1847
784 2 2 10 1 6564 8646 3341
785 2 2 10 1 3932 9391 8821
786 2 2 10 1 5235 8847 5876
787 2 2 10 1 5553 8831 8781
788 2 2 10 1 5831 6201 6199
789 2 2 10 1 5702 9407 8538
790 2 2 10 1 6113 8966 8770
791 2 2 10 1 8453 9206 5556
792 2 2 10 1 6019 7907 2403
793 2 2 10 1 6139 6141 4034
794 2 2 10 1 3401 6189 4340
795 2 2 10 1 212 6023 211
796 2 2 10 1 5751 7089 5143
797 2 2 10 1 5824 7125 6046
798 2 2 10 1 9068 9434 2166
799 2 2 10 1 6574 6577 6576
800 2 2 10 1 1235 6002 1241
801 2 2 10 1 5906 5907 2826
802 2 2 10 1 1684 8956 1769
803 2 2 10 1 5512 8973 6349
804 2 2 10 1 7115 8831 5553
805 2 2 10 1 8727 9388 4708
806 2 2 10 1 5752 5830 393
807 2 2 10 1 8700 9294 2835
808 2 2 10 1 4803 9087 6116
809 2 2 10 1 5062 8732 6572
810 2 2 10 1 401 9376 9223
811 2 2 10 1 6349 8973 6350
812 2 2 10 1 5724 5976 2732
813 2 2 10 1 5556 9319 8453
814 2 2 10 1 4034 6141 4035
815 2 2 10 1 5774 7050 5606
816 2 2 10 1 1756 9261 8970
817 2 2 10 1 4648 6700 5713
818 2 2 10 1 5664 8869 461
819 2 2 10 1 2733 7758 6629
820 2 2 10 1 8677 9296 2374
821 2 2 10 1 8320 9121 7204
822 2 2 10 1 1392 9249 8550
823 2 2 10 1 6572 8740 5062
824 2 2 10 1 5672 5950 2739
825 2 2 10 1 5719 7089 3775
826 2 2 10 1 7129 7131 4536
827 2 2 10 1 1379 8573 6815
828 2 2 10 1 6509 9072 479
829 2 2 10 1 5020 5994 2192
830 2 2 10 1 8573 8615 6815
831 2 2 10 1 457 5846 5845
832 2 2 10 1 1582 7085 7084
833 2 2 10 1 7191 9199 9119
834 2 2 10 1 5567 8842 6118
835 2 2 10 1 6150 8870 1438
836 2 2 10 1 1253 8841 8781
837 2 2 10 1 3282 9220 8522
838 2 2 10 1 5755 9092 7595
839 2 2 10 1 5744 8186 2186
840 2 2 10 1 9001 9050 6060
841 2 2 10 1 5713 6701 4648
842 2 2 10 1 959 6123 6038
843 2 2 10 1 201 6510 200
844 2 2 10 1 2072 6045 1825
845 2 2 10 1 4410 9457 6029
846 2 2 10 1 6776 8747 5548
847 2 2 10 1 1241 6002 5805
848 2 2 10 1 5393 9132 5834
849 2 2 10 1 3166 7179 3167
850 2 2 10 1 8747 8754 5548
851 2 2 10 1 4810 9444 8749
852 2 2 10 1 9117 9132 5393
853 2 2 10 1 485 9082 5597
854 2 2 10 1 5777 9038 6045
855 2 2 10 1 359 9024 6656
856 2 2 10 1 5350 9047 9044
857 2 2 10 1 2128 9199 7191
858 2 2 10 1 527 9179 6272
859 2 2 10 1 5350 9044 5808
860 2 2 10 1 967 8940 8896
861 2 2 10 1 5892 8891 8505
862 2 2 10 1 7142 8822 2272
863 2 2 10 1 5597 9070 485
864 2 2 10 1 6656 9310 359
865 2 2 10 1 6827 7541 466
866 2 2 10 1 404 8967 6330
867 2 2 10 1 6046 7125 2676
868 2 2 10 1 9223 9376 5720
869 2 2 10 1 6235 7844 6616
870 2 2 10 1 5047 7541 6827
871 2 2 10 1 5898 6898 5897
872 2 2 10 1 5789 5796 1578
873 2 2 10 1 8896 8940 5840
874 2 2 10 1 6179 8483 4580
875 2 2 10 1 5448 9117 5393
876 2 2 10 1 6060 9050 5113
877 2 2 10 1 8502 9354 4409
878 2 2 10 1 9094 9117 5448
879 2 2 10 1 4987 6008 5842
880 2 2 10 1 4938 5915 4382
881 2 2 10 1 2826 7128 5906
882 2 2 10 1 6330 8989 404
883 2 2 10 1 3504 6385 5857
884 2 2 10 1 3358 9372 8769
885 2 2 10 1 7703 8502 4409
886 2 2 10 1 3847 8741 2703
887 2 2 10 1 5605 9068 2166
888 2 2 10 1 516 9239 7268
889 2 2 10 1 3938 8631 5666
890 2 2 10 1 4310 8778 4309
891 2 2 10 1 8970 9261 6147
892 2 2 10 1 5965 6642 521
893 2 2 10 1 6223 8460 4312
894 2 2 10 1 7073 9123 5668
895 2 2 10 1 4918 9368 8754
896 2 2 10 1 5062 9358 8732
897 2 2 10 1 7547 9081 5689
898 2 2 10 1 500 8796 7062
899 2 2 10 1 5466 9035 7120
900 2 2 10 1 7062 9583 500
901 2 2 10 1 5119 9352 8731
902 2 2 10 1 3643 6045 2389
903 2 2 10 1 2157 5994 2159
904 2 2 10 1 8781 8841 5553
905 2 2 10 1 3167 7179 7178
906 2 2 10 1 3784 8714 8709
907 2 2 10 1 5666 8636 3938
908 2 2 10 1 4938 5916 5915
909 2 2 10 1 5117 6278 6277
910 2 2 10 1 936 6123 940
911 2 2 10 1 5928 9729 5667
912 2 2 10 1 3215 6317 3818
913 2 2 10 1 4342 6015 5711
914 2 2 10 1 6108 6232 5723
915 2 2 10 1 4759 8360 7089
916 2 2 10 1 7120 9066 5466
917 2 2 10 1 8709 8714 5749
918 2 2 10 1 5203 8718 7986
919 2 2 10 1 2987 8027 6067
920 2 2 10 1 3866 6207 5783
921 2 2 10 1 5783 6159 3866
922 2 2 10 1 2272 7143 5727
923 2 2 10 1 5909 6084 3101
924 2 2 10 1 3847 8875 8741
925 2 2 10 1 2654 6084 2657
926 2 2 10 1 5846 9188 523
927 2 2 10 1 1769 6129 1856
928 2 2 10 1 2397 7843 6195
929 2 2 10 1 6712 6714 548
930 2 2 10 1 4601 5891 5861
931 2 2 10 1 4106 6101 4107
932 2 2 10 1 3920 8891 6126
933 2 2 10 1 4390 6385 5738
934 2 2 10 1 1204 8459 5684
935 2 2 10 1 6160 9190 9162
936 2 2 10 1 6763 8912 5174
937 2 2 10 1 8508 8546 6016
938 2 2 10 1 520 9189 6724
939 2 2 10 1 4760 8489 5784
940 2 2 10 1 6195 7843 5747
941 2 2 10 1 6352 8195 5344
942 2 2 10 1 2732 6336 5724
943 2 2 10 1 417 9062 5826
944 2 2 10 1 9162 9190 2937
945 2 2 10 1 8223 9391 3932
946 2 2 10 1 5826 9042 417
947 2 2 10 1 5799 8335 6051
948 2 2 10 1 5863 6226 403
949 2 2 10 1 5897 6898 4389
950 2 2 10 1 5174 9419 6763
951 2 2 10 1 1781 6244 5841
952 2 2 10 1 5795 7049 3796
953 2 2 10 1 4924 6024 5881
954 2 2 10 1 6469 8890 4680
955 2 2 10 1 5596 8312 8257
956 2 2 10 1 3796 7050 5795
957 2 2 10 1 3336 8613 6561
958 2 2 10 1 6235 6616 4096
959 2 2 10 1 9078 9088 7197
960 2 2 10 1 6701 9694 2849
961 2 2 10 1 2166 9128 5605
962 2 2 10 1 7775 9303 8657
963 2 2 10 1 1620 9015 1577
964 2 2 10 1 1233 6002 1235
965 2 2 10 1 6471 8179 5268
966 2 2 10 1 6146 6147 6145
967 2 2 10 1 1578 5983 5789
968 2 2 10 1 660 6078 2941
969 2 2 10 1 6750 9131 7551
970 2 2 10 1 2732 5992 1446
971 2 2 10 1 712 5778 720
972 2 2 10 1 5686 6119 4347
973 2 2 10 1 2717 6832 5811
974 2 2 10 1 5069 8665 4360
975 2 2 10 1 3941 9088 9078
976 2 2 10 1 2703 8736 5015
977 2 2 10 1 2703 8741 8736
978 2 2 10 1 1645 6244 1781
979 2 2 10 1 7610 8204 528
980 2 2 10 1 6744 6745 6152
981 2 2 10 1 3866 6159 3602
982 2 2 10 1 5876 8847 434
983 2 2 10 1 9030 9037 5664
984 2 2 10 1 607 6310 609
985 2 2 10 1 3174 8969 3516
986 2 2 10 1 6561 8632 3336
987 2 2 10 1 5697 9473 1091
988 2 2 10 1 8886 9339 3231
989 2 2 10 1 7174 8261 7173
990 2 2 10 1 5664 9037 6830
991 2 2 10 1 5723 6231 6108
992 2 2 10 1 1091 8950 5697
993 2 2 10 1 2030 9688 1959
994 2 2 10 1 8749 9444 6548
995 2 2 10 1 5770 6101 4106
996 2 2 10 1 4984 8502 7703
997 2 2 10 1 4362 8923 5939
998 2 2 10 1 5755 7595 5754
999 2 2 10 1 5606 9381 5774
1000 2 2 10 1 6688 8247 6687
1001 2 2 10 1 420 6760 5762
1002 2 2 10 1 5926 6323 4631
1003 2 2 10 1 5764 8380 5618
1004 2 2 10 1 6688 6690 4430
1005 2 2 10 1 7441 7442 3346
1006 2 2 10 1 5396 8589 8568
1007 2 2 10 1 6141 6143 6142
1008 2 2 10 1 8568 8589 1850
1009 2 2 10 1 8710 9369 7113
1010 2 2 10 1 5938 7907 6019
1011 2 2 10 1 3761 6243 3436
1012 2 2 10 1 5906 7128 5908
1013 2 2 10 1 3930 8223 3932
1014 2 2 10 1 6118 8842 6119
1015 2 2 10 1 4961 7638 7442
1016 2 2 10 1 5856 6196 3563
1017 2 2 10 1 7585 9259 8643
1018 2 2 10 1 5304 8261 7174
1019 2 2 10 1 5907 8460 6223
1020 2 2 10 1 5424 8998 7328
1021 2 2 10 1 5805 6003 1241
1022 2 2 10 1 548 6713 6712
1023 2 2 10 1 5922 6090 5123
1024 2 2 10 1 1379 8522 5703
1025 2 2 10 1 2251 7898 6627
1026 2 2 10 1 7267 7269 6256
1027 2 2 10 1 3811 9183 9026
1028 2 2 10 1 6574 6576 6575
1029 2 2 10 1 5748 8312 5596
1030 2 2 10 1 5684 9645 1204
1031 2 2 10 1 3947 6159 4712
1032 2 2 10 1 8631 9309 5666
1033 2 2 10 1 4479 6170 5768
1034 2 2 10 1 6008 9630 5842
1035 2 2 10 1 1971 7170 1973
1036 2 2 10 1 6151 6744 6152
1037 2 2 10 1 5674 9294 8700
1038 2 2 10 1 6782 7143 3323
1039 2 2 10 1 3980 6028 5772
1040 2 2 10 1 6126 8495 3920
1041 2 2 10 1 6831 8417 6832
1042 2 2 10 1 6552 8799 8783
1043 2 2 10 1 7328 9363 5424
1044 2 2 10 1 3035 9007 6411
1045 2 2 10 1 6553 8799 6552
1046 2 2 10 1 5367 6965 6280
1047 2 2 10 1 4341 6016 6015
1048 2 2 10 1 1909 6744 6151
1049 2 2 10 1 4430 8247 6688
1050 2 2 10 1 8570 9105 6692
1051 2 2 10 1 3152 6288 2588
1052 2 2 10 1 7775 8657 676
1053 2 2 10 1 506 7542 6371
1054 2 2 10 1 6807 8608 8516
1055 2 2 10 1 5703 8573 1379
1056 2 2 10 1 5933 5934 4588
1057 2 2 10 1 8176 8257 6899
1058 2 2 10 1 5776 6227 488
1059 2 2 10 1 4945 6242 3546
1060 2 2 10 1 4588 5934 3260
1061 2 2 10 1 5874 5922 5123
1062 2 2 10 1 9524 9529 5517
1063 2 2 10 1 5908 7128 1016
1064 2 2 10 1 5747 7843 3279
1065 2 2 10 1 5132 6179 4262
1066 2 2 10 1 5071 7149 5945
1067 2 2 10 1 308 6321 307
1068 2 2 10 1 861 6078 658
1069 2 2 10 1 5471 5889 5888
1070 2 2 10 1 9001 9456 7925
1071 2 2 10 1 461 9030 5664
1072 2 2 10 1 5822 7713 1768
1073 2 2 10 1 4909 9301 8724
1074 2 2 10 1 8570 8612 5743
1075 2 2 10 1 3450 8559 7149
1076 2 2 10 1 5782 6209 4712
1077 2 2 10 1 5446 5887 4214
1078 2 2 10 1 4480 5761 4022
1079 2 2 10 1 6636 8918 6635
1080 2 2 10 1 4092 9203 5973
1081 2 2 10 1 5538 9296 8677
1082 2 2 10 1 4632 6948 5813
1083 2 2 10 1 7141 9529 9524
1084 2 2 10 1 5973 9225 4092
1085 2 2 10 1 4389 5920 5897
1086 2 2 10 1 4411 6268 4616
1087 2 2 10 1 5772 6210 3980
1088 2 2 10 1 7023 8537 5108
1089 2 2 10 1 4712 6159 5782
1090 2 2 10 1 5831 6199 6198
1091 2 2 10 1 5063 6318 4396
1092 2 2 10 1 8769 9372 6549
1093 2 2 10 1 6065 8999 2987
1094 2 2 10 1 8578 8586 6568
1095 2 2 10 1 6701 7201 4648
1096 2 2 10 1 5743 8612 5742
1097 2 2 10 1 5914 9075 3990
1098 2 2 10 1 479 6914 6511
1099 2 2 10 1 505 6201 46
1100 2 2 10 1 1301 6350 1303
1101 2 2 10 1 5636 8586 8578
1102 2 2 10 1 5117 6277 6276
1103 2 2 10 1 4758 6174 6143
1104 2 2 10 1 402 7602 5726
1105 2 2 10 1 4976 6196 5856
1106 2 2 10 1 8754 9368 5548
1107 2 2 10 1 6207 7247 5783
1108 2 2 10 1 6209 6416 2834
1109 2 2 10 1 5907 6222 2826
1110 2 2 10 1 532 8941 6023
1111 2 2 10 1 4977 5879 5829
1112 2 2 10 1 6549 8772 3153
1113 2 2 10 1 1639 6263 2064
1114 2 2 10 1 6060 9456 9001
1115 2 2 10 1 5964 5965 389
1116 2 2 10 1 2155 6178 2153
1117 2 2 10 1 4763 6010 3959
1118 2 2 10 1 46 6201 45
1119 2 2 10 1 5610 8502 2873
1120 2 2 10 1 4222 8192 6054
1121 2 2 10 1 3813 7443 3344
1122 2 2 10 1 5682 9339 8886
1123 2 2 10 1 8161 9215 6127
1124 2 2 10 1 6832 8417 5811
1125 2 2 10 1 5828 5829 5028
1126 2 2 10 1 6819 9154 366
1127 2 2 10 1 6553 8516 3183
1128 2 2 10 1 3279 7844 5747
1129 2 2 10 1 5912 6452 539
1130 2 2 10 1 9318 9659 5418
1131 2 2 10 1 3153 8769 6549
1132 2 2 10 1 3239 6161 3951
1133 2 2 10 1 720 5778 2739
1134 2 2 10 1 472 7579 5930
1135 2 2 10 1 4302 7825 5779
1136 2 2 10 1 8698 8774 5471
1137 2 2 10 1 676 8852 7775
1138 2 2 10 1 603 6216 605
1139 2 2 10 1 5106 8927 6378
1140 2 2 10 1 3912 8705 5042
1141 2 2 10 1 366 9246 6819
1142 2 2 10 1 9223 9561 7565
1143 2 2 10 1 7610 9607 8204
1144 2 2 10 1 5881 6024 546
1145 2 2 10 1 4763 6011 6010
1146 2 2 10 1 7390 9047 5350
1147 2 2 10 1 4924 5880 4925
1148 2 2 10 1 1256 5920 4389
1149 2 2 10 1 5350 9064 7390
1150 2 2 10 1 5714 8988 545
1151 2 2 10 1 7682 9262 8697
1152 2 2 10 1 8731 9352 6998
1153 2 2 10 1 4060 5904 5899
1154 2 2 10 1 6101 9068 5351
1155 2 2 10 1 5779 6128 4302
1156 2 2 10 1 6256 8976 7268
1157 2 2 10 1 5671 9063 8299
1158 2 2 10 1 8116 8718 5203
1159 2 2 10 1 2574 9016 8925
1160 2 2 10 1 1433 6150 1438
1161 2 2 10 1 1067 6224 5868
1162 2 2 10 1 5899 5904 5148
1163 2 2 10 1 2873 8502 8448
1164 2 2 10 1 4584 6269 3139
1165 2 2 10 1 1411 6258 5793
1166 2 2 10 1 6127 9067 8161
1167 2 2 10 1 6700 9008 5713
1168 2 2 10 1 6255 7269 3516
1169 2 2 10 1 5836 6033 547
1170 2 2 10 1 594 6222 592
1171 2 2 10 1 9066 9109 5466
1172 2 2 10 1 4601 7294 6037
1173 2 2 10 1 542 9381 5606
1174 2 2 10 1 6169 9684 9378
1175 2 2 10 1 4623 6325 4630
1176 2 2 10 1 6085 6336 1438
1177 2 2 10 1 5466 9109 5467
1178 2 2 10 1 6638 8777 6636
1179 2 2 10 1 7098 8090 3939
1180 2 2 10 1 4337 6198 3897
1181 2 2 10 1 6574 6660 6577
1182 2 2 10 1 6318 6319 5345
1183 2 2 10 1 2600 6100 5917
1184 2 2 10 1 2693 6029 3980
1185 2 2 10 1 9505 9545 5737
1186 2 2 10 1 5656 9378 7577
1187 2 2 10 1 410 8949 8943
1188 2 2 10 1 545 9474 5714
1189 2 2 10 1 8943 8949 5431
1190 2 2 10 1 873 6224 1067
1191 2 2 10 1 6056 6263 5042
1192 2 2 10 1 5722 7235 6231
1193 2 2 10 1 8386 8946 6405
1194 2 2 10 1 6917 9498 9430
1195 2 2 10 1 504 9228 6055
1196 2 2 10 1 6055 9234 504
1197 2 2 10 1 8550 9249 5460
1198 2 2 10 1 526 9630 6008
1199 2 2 10 1 1769 8956 6129
1200 2 2 10 1 8522 9220 5703
1201 2 2 10 1 4261 8774 8698
1202 2 2 10 1 1386 6258 1399
1203 2 2 10 1 8925 9016 6069
1204 2 2 10 1 5108 9681 7023
1205 2 2 10 1 6044 8517 5618
1206 2 2 10 1 432 6482 5924
1207 2 2 10 1 6279 9385 2026
1208 2 2 10 1 5045 9545 9505
1209 2 2 10 1 5924 6482 5925
1210 2 2 10 1 6242 6243 4914
1211 2 2 10 1 2479 9579 5740
1212 2 2 10 1 8907 8945 5817
1213 2 2 10 1 8770 8966 6311
1214 2 2 10 1 1740 6352 5802
1215 2 2 10 1 5117 6276 4105
1216 2 2 10 1 6142 6146 6145
1217 2 2 10 1 8890 9160 5007
1218 2 2 10 1 467 6974 6441
1219 2 2 10 1 6899 6936 6898
1220 2 2 10 1 4423 7714 4422
1221 2 2 10 1 5924 6261 432
1222 2 2 10 1 2541 9574 2326
1223 2 2 10 1 7149 8559 5945
1224 2 2 10 1 4665 6025 6024
1225 2 2 10 1 7173 8261 4418
1226 2 2 10 1 3990 9176 5914
1227 2 2 10 1 8516 8608 3183
1228 2 2 10 1 9430 9498 5523
1229 2 2 10 1 5990 8519 3145
1230 2 2 10 1 1016 7129 5908
1231 2 2 10 1 6948 8588 6946
1232 2 2 10 1 5817 8945 5816
1233 2 2 10 1 673 7853 675
1234 2 2 10 1 5507 7069 4209
1235 2 2 10 1 5740 9590 2479
1236 2 2 10 1 4105 6276 6189
1237 2 2 10 1 6411 9102 9065
1238 2 2 10 1 444 7609 6091
1239 2 2 10 1 6156 9258 1736
1240 2 2 10 1 1845 6134 1843
1241 2 2 10 1 6575 6576 5878
1242 2 2 10 1 5396 8568 7026
1243 2 2 10 1 7202 8250 3767
1244 2 2 10 1 2159 5994 5709
1245 2 2 10 1 6256 7269 6255
1246 2 2 10 1 8318 8518 5893
1247 2 2 10 1 5886 9549 475
1248 2 2 10 1 5596 8257 7915
1249 2 2 10 1 8862 8993 2749
1250 2 2 10 1 475 9502 5886
1251 2 2 10 1 6288 7208 5663
1252 2 2 10 1 9331 9389 8643
1253 2 2 10 1 9065 9102 1056
1254 2 2 10 1 4641 6196 5828
1255 2 2 10 1 2737 6149 6148
1256 2 2 10 1 1736 9302 6156
1257 2 2 10 1 4320 6024 4924
1258 2 2 10 1 6436 8957 8935
1259 2 2 10 1 5677 6054 5678
1260 2 2 10 1 8843 9093 8953
1261 2 2 10 1 5714 8967 404
1262 2 2 10 1 7243 9389 9331
1263 2 2 10 1 1445 7096 6154
1264 2 2 10 1 5742 8612 2366
1265 2 2 10 1 6714 9465 6035
1266 2 2 10 1 2531 9121 8320
1267 2 2 10 1 8843 8953 5273
1268 2 2 10 1 6577 8613 6578
1269 2 2 10 1 6037 7294 959
1270 2 2 10 1 7026 8552 5396
1271 2 2 10 1 9026 9183 5987
1272 2 2 10 1 6752 8227 6754
1273 2 2 10 1 4993 8094 7072
1274 2 2 10 1 4977 5829 5828
1275 2 2 10 1 5277 8981 7541
1276 2 2 10 1 547 6031 5836
1277 2 2 10 1 4199 6373 3883
1278 2 2 10 1 5815 6293 749
1279 2 2 10 1 8669 9080 6490
1280 2 2 10 1 5007 9160 6084
1281 2 2 10 1 6100 7228 5263
1282 2 2 10 1 8907 9227 2136
1283 2 2 10 1 5191 6209 5782
1284 2 2 10 1 7983 8114 512
1285 2 2 10 1 4538 8709 5749
1286 2 2 10 1 4302 6161 3431
1287 2 2 10 1 5980 9218 396
1288 2 2 10 1 1539 6376 2226
1289 2 2 10 1 5155 6138 3481
1290 2 2 10 1 2821 8172 5785
1291 2 2 10 1 5806 6190 3491
1292 2 2 10 1 5771 9068 6101
1293 2 2 10 1 404 8988 5714
1294 2 2 10 1 1555 8818 1588
1295 2 2 10 1 6138 6189 5050
1296 2 2 10 1 5898 6899 6898
1297 2 2 10 1 2276 9166 8845
1298 2 2 10 1 2867 5958 5957
1299 2 2 10 1 529 6322 5927
1300 2 2 10 1 6961 9031 270
1301 2 2 10 1 3940 8403 5775
1302 2 2 10 1 4410 9516 5780
1303 2 2 10 1 3191 8832 8672
1304 2 2 10 1 5606 9548 542
1305 2 2 10 1 5780 9457 4410
1306 2 2 10 1 6792 7072 5178
1307 2 2 10 1 2226 6376 5921
1308 2 2 10 1 5801 8114 7983
1309 2 2 10 1 200 6510 481
1310 2 2 10 1 5143 8651 5751
1311 2 2 10 1 6554 7038 6808
1312 2 2 10 1 924 8290 8161
1313 2 2 10 1 6154 7096 5059
1314 2 2 10 1 5786 6033 5787
1315 2 2 10 1 5857 6385 4301
1316 2 2 10 1 6194 8976 6256
1317 2 2 10 1 5657 9378 5656
1318 2 2 10 1 3279 8262 7844
1319 2 2 10 1 3491 6398 5806
1320 2 2 10 1 3275 6036 2701
1321 2 2 10 1 5061 6469 5812
1322 2 2 10 1 5888 5889 4965
1323 2 2 10 1 7115 8861 644
1324 2 2 10 1 1008 8452 8172
1325 2 2 10 1 4588 8356 5933
1326 2 2 10 1 7909 8947 7137
1327 2 2 10 1 5939 8923 5940
1328 2 2 10 1 2875 6773 5838
1329 2 2 10 1 5316 9051 8563
1330 2 2 10 1 644 8831 7115
1331 2 2 10 1 5827 6209 2834
1332 2 2 10 1 5155 6211 5821
1333 2 2 10 1 6115 9250 5357
1334 2 2 10 1 530 8625 7627
1335 2 2 10 1 1577 7085 1551
1336 2 2 10 1 6384 7345 4390
1337 2 2 10 1 6040 7862 5040
1338 2 2 10 1 5724 6336 6085
1339 2 2 10 1 5513 9412 6611
1340 2 2 10 1 4408 5885 5883
1341 2 2 10 1 6972 8483 2736
1342 2 2 10 1 7607 8885 533
1343 2 2 10 1 4309 8778 7442
1344 2 2 10 1 5811 7072 2717
1345 2 2 10 1 5979 9395 5866
1346 2 2 10 1 5813 6949 4632
1347 2 2 10 1 8672 8832 5932
1348 2 2 10 1 5841 8331 1781
1349 2 2 10 1 5258 8519 5990
1350 2 2 10 1 6782 8884 5654
1351 2 2 10 1 4105 6189 3401
1352 2 2 10 1 4631 6949 5926
1353 2 2 10 1 1227 7143 1229
1354 2 2 10 1 6611 9461 5513
1355 2 2 10 1 5821 6138 5155
1356 2 2 10 1 8161 8290 5807
1357 2 2 10 1 4428 8661 7230
1358 2 2 10 1 5357 9260 6115
1359 2 2 10 1 5471 8774 5889
1360 2 2 10 1 2737 6372 6149
1361 2 2 10 1 4265 6385 4390
1362 2 2 10 1 5785 8299 2821
1363 2 2 10 1 6051 8517 6044
1364 2 2 10 1 5636 8578 6570
1365 2 2 10 1 451 8114 5801
1366 2 2 10 1 9395 9420 5866
1367 2 2 10 1 1867 6320 1865
1368 2 2 10 1 2737 6150 1431
1369 2 2 10 1 4364 7068 7066
1370 2 2 10 1 5042 8705 6056
1371 2 2 10 1 270 9433 6961
1372 2 2 10 1 3950 8450 8113
1373 2 2 10 1 6056 9468 6263
1374 2 2 10 1 3587 7192 3974
1375 2 2 10 1 8884 8892 5654
1376 2 2 10 1 3532 6433 4110
1377 2 2 10 1 1768 7714 5822
1378 2 2 10 1 5080 7862 6040
1379 2 2 10 1 7541 9101 5277
1380 2 2 10 1 6004 6007 6005
1381 2 2 10 1 4509 8412 6813
1382 2 2 10 1 3974 7192 5963
1383 2 2 10 1 2218 6997 5875
1384 2 2 10 1 5762 9341 420
1385 2 2 10 1 9525 9547 5680
1386 2 2 10 1 4820 9466 9288
1387 2 2 10 1 8952 8968 6114
1388 2 2 10 1 9337 9362 6855
1389 2 2 10 1 5873 6258 2844
1390 2 2 10 1 6363 6364 5324
1391 2 2 10 1 540 5896 5895
1392 2 2 10 1 4096 6617 6235
1393 2 2 10 1 4890 6170 5971
1394 2 2 10 1 4340 6189 6138
1395 2 2 10 1 3620 6230 6107
1396 2 2 10 1 9017 9034 6236
1397 2 2 10 1 488 9127 6226
1398 2 2 10 1 111 6452 110
1399 2 2 10 1 8528 8913 6690
1400 2 2 10 1 4794 7098 6154
1401 2 2 10 1 4986 9018 8916
1402 2 2 10 1 2701 6036 3148
1403 2 2 10 1 8724 9301 5750
1404 2 2 10 1 7670 9476 9447
1405 2 2 10 1 5773 9453 9435
1406 2 2 10 1 3516 8969 6255
1407 2 2 10 1 477 8748 6048
1408 2 2 10 1 9435 9453 628
1409 2 2 10 1 4627 6323 4633
1410 2 2 10 1 6200 9217 7568
1411 2 2 10 1 5883 6052 4408
1412 2 2 10 1 6899 8257 1901
1413 2 2 10 1 2604 6401 1844
1414 2 2 10 1 4054 6304 2384
1415 2 2 10 1 5482 9004 8539
1416 2 2 10 1 4633 6325 4625
1417 2 2 10 1 5733 9578 1155
1418 2 2 10 1 4309 7442 7441
1419 2 2 10 1 5039 6949 3955
1420 2 2 10 1 5812 7632 5061
1421 2 2 10 1 4390 7345 3903
1422 2 2 10 1 5015 8906 6010
1423 2 2 10 1 6007 6346 6005
1424 2 2 10 1 5760 5761 4480
1425 2 2 10 1 6855 9362 6856
1426 2 2 10 1 1588 6244 1645
1427 2 2 10 1 4632 8588 6948
1428 2 2 10 1 5984 8110 4917
1429 2 2 10 1 1651 8824 6419
1430 2 2 10 1 7191 9119 4523
1431 2 2 10 1 5893 7693 2931
1432 2 2 10 1 6054 6373 4222
1433 2 2 10 1 4354 5891 4133
1434 2 2 10 1 940 6123 959
1435 2 2 10 1 2027 8968 8952
1436 2 2 10 1 4145 9547 9525
1437 2 2 10 1 8172 8452 5785
1438 2 2 10 1 6364 6365 5324
1439 2 2 10 1 1155 9604 5733
1440 2 2 10 1 5761 9006 5139
1441 2 2 10 1 5842 6268 4987
1442 2 2 10 1 5807 8290 2736
1443 2 2 10 1 5954 6401 2604
1444 2 2 10 1 6399 7800 2669
1445 2 2 10 1 5993 7536 486
1446 2 2 10 1 5516 9159 7598
1447 2 2 10 1 6016 8546 1044
1448 2 2 10 1 536 7559 5975
1449 2 2 10 1 8359 9003 4784
1450 2 2 10 1 5808 9044 1915
1451 2 2 10 1 6570 8614 5636
1452 2 2 10 1 8643 9259 7135
1453 2 2 10 1 8113 8450 5864
1454 2 2 10 1 2738 8610 6997
1455 2 2 10 1 8935 8957 2279
1456 2 2 10 1 7703 8778 4984
1457 2 2 10 1 4262 6179 5708
1458 2 2 10 1 5550 9608 7208
1459 2 2 10 1 1237 6004 1252
1460 2 2 10 1 1740 8195 6352
1461 2 2 10 1 5786 8980 474
1462 2 2 10 1 593 9497 7341
1463 2 2 10 1 723 6071 721
1464 2 2 10 1 3436 7179 3166
1465 2 2 10 1 4523 9460 7191
1466 2 2 10 1 2734 6123 936
1467 2 2 10 1 7089 8360 5143
1468 2 2 10 1 6690 7202 4430
1469 2 2 10 1 5400 7606 7545
1470 2 2 10 1 5978 6399 2669
1471 2 2 10 1 9082 9104 5597
1472 2 2 10 1 5081 9034 9017
1473 2 2 10 1 5597 9104 5972
1474 2 2 10 1 7341 9533 593
1475 2 2 10 1 448 9173 6027
1476 2 2 10 1 6618 9316 9061
1477 2 2 10 1 2366 9723 5742
1478 2 2 10 1 1283 8307 1285
1479 2 2 10 1 2875 7807 6398
1480 2 2 10 1 9350 9373 2728
1481 2 2 10 1 487 9032 7560
1482 2 2 10 1 5777 6045 3643
1483 2 2 10 1 7009 8581 8443
1484 2 2 10 1 2518 6283 6170
1485 2 2 10 1 2834 6419 5827
1486 2 2 10 1 9447 9476 5522
1487 2 2 10 1 3148 6036 5900
1488 2 2 10 1 6793 8472 4004
1489 2 2 10 1 3183 8799 6553
1490 2 2 10 1 6152 8376 5201
1491 2 2 10 1 7805 9077 8166
1492 2 2 10 1 6027 9185 448
1493 2 2 10 1 5743 9105 8570
1494 2 2 10 1 5675 9373 9350
1495 2 2 10 1 5569 9588 4250
1496 2 2 10 1 1989 7170 1971
1497 2 2 10 1 6096 7008 2461
1498 2 2 10 1 6277 6280 5051
1499 2 2 10 1 5795 7678 7049
1500 2 2 10 1 1863 5959 1861
1501 2 2 10 1 5007 6084 5909
1502 2 2 10 1 1915 9053 5808
1503 2 2 10 1 5668 8962 5928
1504 2 2 10 1 5862 9018 2860
1505 2 2 10 1 5958 8800 7177
1506 2 2 10 1 6910 9629 6911
1507 2 2 10 1 305 6704 304
1508 2 2 10 1 5838 7807 2875
1509 2 2 10 1 1303 6350 2810
1510 2 2 10 1 7551 9057 6750
1511 2 2 10 1 6731 8806 6735
1512 2 2 10 1 9144 9409 5158
1513 2 2 10 1 7805 9136 9077
1514 2 2 10 1 5725 7693 5893
1515 2 2 10 1 6738 9685 6739
1516 2 2 10 1 6567 8530 2817
1517 2 2 10 1 6211 8606 5821
1518 2 2 10 1 5061 8890 6469
1519 2 2 10 1 6754 8227 5966
1520 2 2 10 1 6792 8595 2563
1521 2 2 10 1 1092 8903 652
1522 2 2 10 1 4915 9721 5746
1523 2 2 10 1 3990 9075 5810
1524 2 2 10 1 550 8763 7625
1525 2 2 10 1 3412 5894 2845
1526 2 2 10 1 5689 9274 7547
1527 2 2 10 1 5746 9720 4915
1528 2 2 10 1 2461 7009 6096
1529 2 2 10 1 7130 7131 7129
1530 2 2 10 1 609 6310 3005
1531 2 2 10 1 3555 8775 6394
1532 2 2 10 1 7045 8449 7046
1533 2 2 10 1 1978 7169 6171
1534 2 2 10 1 6107 6231 3620
1535 2 2 10 1 6813 8412 4822
1536 2 2 10 1 7571 9652 9381
1537 2 2 10 1 5868 6234 1067
1538 2 2 10 1 1577 9015 7085
1539 2 2 10 1 7049 7678 7048
1540 2 2 10 1 5860 6352 5345
1541 2 2 10 1 6171 7169 5069
1542 2 2 10 1 5879 5880 431
1543 2 2 10 1 7551 9131 442
1544 2 2 10 1 2448 9116 8810
1545 2 2 10 1 5203 8594 3687
1546 2 2 10 1 7170 8665 5069
1547 2 2 10 1 8829 9045 1664
1548 2 2 10 1 8697 9262 5370
1549 2 2 10 1 4372 7048 7046
1550 2 2 10 1 4362 5939 5937
1551 2 2 10 1 908 6397 899
1552 2 2 10 1 5749 9709 4538
1553 2 2 10 1 454 6338 5913
1554 2 2 10 1 7645 9115 575
1555 2 2 10 1 9099 9150 7882
1556 2 2 10 1 5927 6321 529
1557 2 2 10 1 4631 6323 4627
1558 2 2 10 1 1045 8421 7981
1559 2 2 10 1 9209 9214 5642
1560 2 2 10 1 6642 6664 521
1561 2 2 10 1 403 6344 5863
1562 2 2 10 1 5861 5891 4354
1563 2 2 10 1 1096 9555 5804
1564 2 2 10 1 5549 9411 9374
1565 2 2 10 1 6398 7807 5806
1566 2 2 10 1 4372 7049 7048
1567 2 2 10 1 2736 8483 5807
1568 2 2 10 1 869 6224 873
1569 2 2 10 1 3563 6394 5856
1570 2 2 10 1 5080 6040 5923
1571 2 2 10 1 5804 9632 1096
1572 2 2 10 1 9425 9426 3093
1573 2 2 10 1 535 9139 6697
1574 2 2 10 1 6330 8983 490
1575 2 2 10 1 389 5966 5964
1576 2 2 10 1 517 7538 5819
1577 2 2 10 1 405 8887 7607
1578 2 2 10 1 5899 5905 4060
1579 2 2 10 1 3999 7207 3918
1580 2 2 10 1 3167 7178 7177
1581 2 2 10 1 7609 9307 6091
1582 2 2 10 1 544 8330 7561
1583 2 2 10 1 8830 9069 5395
1584 2 2 10 1 4411 6269 6268
1585 2 2 10 1 4364 7069 7068
1586 2 2 10 1 3644 8939 8663
1587 2 2 10 1 5670 5778 5671
1588 2 2 10 1 5888 5894 3412
1589 2 2 10 1 6051 8335 3438
1590 2 2 10 1 8036 8635 3597
1591 2 2 10 1 5707 9409 9144
1592 2 2 10 1 2779 9214 9209
1593 2 2 10 1 5787 6033 5836
1594 2 2 10 1 6770 7832 6183
1595 2 2 10 1 490 8989 6330
1596 2 2 10 1 5727 7143 6782
1597 2 2 10 1 5168 5972 5936
1598 2 2 10 1 5371 8826 8794
1599 2 2 10 1 5550 6288 3152
1600 2 2 10 1 6697 9165 535
1601 2 2 10 1 8505 8891 3920
1602 2 2 10 1 5828 6196 4976
1603 2 2 10 1 9374 9411 1937
1604 2 2 10 1 474 9328 6033
1605 2 2 10 1 2569 6400 2571
1606 2 2 10 1 5822 7749 7713
1607 2 2 10 1 6322 7612 6324
1608 2 2 10 1 5274 9150 9099
1609 2 2 10 1 6187 8563 3444
1610 2 2 10 1 4214 5887 4408
1611 2 2 10 1 8736 8906 5015
1612 2 2 10 1 602 7130 600
1613 2 2 10 1 5757 8748 5910
1614 2 2 10 1 5345 6352 5344
1615 2 2 10 1 5610 9354 8502
1616 2 2 10 1 3369 6501 3180
1617 2 2 10 1 6092 7008 6096
1618 2 2 10 1 5123 6351 5874
1619 2 2 10 1 7890 8022 5068
1620 2 2 10 1 749 6310 607
1621 2 2 10 1 6044 8380 1409
1622 2 2 10 1 8908 8928 6475
1623 2 2 10 1 4713 7740 6840
1624 2 2 10 1 2740 7008 6092
1625 2 2 10 1 5014 8789 6778
1626 2 2 10 1 4032 6652 4101
1627 2 2 10 1 8555 8909 6443
1628 2 2 10 1 529 6321 308
1629 2 2 10 1 6268 6269 4584
1630 2 2 10 1 2159 6178 2155
1631 2 2 10 1 391 9611 5736
1632 2 2 10 1 8555 8576 5024
1633 2 2 10 1 6433 6434 4110
1634 2 2 10 1 4972 5911 5481
1635 2 2 10 1 5673 9426 9425
1636 2 2 10 1 5810 9492 3990
1637 2 2 10 1 7598 9152 5516
1638 2 2 10 1 4616 6268 5842
1639 2 2 10 1 1177 8478 1179
1640 2 2 10 1 8625 9623 7627
1641 2 2 10 1 4759 7089 5719
1642 2 2 10 1 467 9496 6974
1643 2 2 10 1 575 9513 7645
1644 2 2 10 1 4209 7069 4364
1645 2 2 10 1 9061 9316 5356
1646 2 2 10 1 5736 9618 391
1647 2 2 10 1 539 9288 5912
1648 2 2 10 1 4833 9717 5432
1649 2 2 10 1 4396 6318 5345
1650 2 2 10 1 1973 7170 7169
1651 2 2 10 1 5942 6404 4413
1652 2 2 10 1 2588 6288 3643
1653 2 2 10 1 8456 8931 3329
1654 2 2 10 1 5484 9471 9346
1655 2 2 10 1 5066 8472 6793
1656 2 2 10 1 3978 8179 6471
1657 2 2 10 1 2817 9023 7103
1658 2 2 10 1 7230 8661 5319
1659 2 2 10 1 6560 8613 6577
1660 2 2 10 1 6321 6482 307
1661 2 2 10 1 493 9081 7547
1662 2 2 10 1 8299 9063 2821
1663 2 2 10 1 6048 6252 4338
1664 2 2 10 1 3897 6198 4235
1665 2 2 10 1 7595 9092 473
1666 2 2 10 1 5453 9383 6736
1667 2 2 10 1 523 5849 5848
1668 2 2 10 1 5936 5956 5168
1669 2 2 10 1 6378 8927 4835
1670 2 2 10 1 4348 7050 5774
1671 2 2 10 1 2153 6178 4580
1672 2 2 10 1 5756 5911 4972
1673 2 2 10 1 5917 6100 5710
1674 2 2 10 1 510 7531 7530
1675 2 2 10 1 6324 7612 423
1676 2 2 10 1 1582 7084 7083
1677 2 2 10 1 8194 8689 6619
1678 2 2 10 1 2734 6125 6124
1679 2 2 10 1 5726 9277 402
1680 2 2 10 1 5781 8944 6029
1681 2 2 10 1 8316 9136 7805
1682 2 2 10 1 7565 9561 514
1683 2 2 10 1 2988 8928 8908
1684 2 2 10 1 7879 8113 5820
1685 2 2 10 1 3444 8590 6187
1686 2 2 10 1 5722 6231 5723
1687 2 2 10 1 7594 9631 6720
1688 2 2 10 1 5236 8644 5915
1689 2 2 10 1 4416 7443 3813
1690 2 2 10 1 4384 7758 4386
1691 2 2 10 1 6397 8606 6211
1692 2 2 10 1 1578 8682 1289
1693 2 2 10 1 592 6222 1073
1694 2 2 10 1 8794 8826 1203
1695 2 2 10 1 4418 8665 7173
1696 2 2 10 1 5905 8752 7631
1697 2 2 10 1 9346 9471 6099
1698 2 2 10 1 5605 9124 6922
1699 2 2 10 1 3211 5999 5998
1700 2 2 10 1 6036 6318 5063
1701 2 2 10 1 6371 9177 506
1702 2 2 10 1 6997 8610 5875
1703 2 2 10 1 5817 9227 8907
1704 2 2 10 1 7568 9700 6200
1705 2 2 10 1 4204 5956 5936
1706 2 2 10 1 6058 7648 3245
1707 2 2 10 1 6284 6749 1646
1708 2 2 10 1 6092 6093 2740
1709 2 2 10 1 7046 8449 4372
1710 2 2 10 1 5606 7050 4539
1711 2 2 10 1 4601 6037 5891
1712 2 2 10 1 5814 9321 3029
1713 2 2 10 1 5875 7710 2218
1714 2 2 10 1 4000 8175 6355
1715 2 2 10 1 5024 8576 4234
1716 2 2 10 1 4466 6777 4465
1717 2 2 10 1 9009 9043 6378
1718 2 2 10 1 6568 8586 5635
1719 2 2 10 1 5487 8431 7454
1720 2 2 10 1 5795 7050 4348
1721 2 2 10 1 5788 9089 5084
1722 2 2 10 1 2826 6222 594
1723 2 2 10 1 4818 8770 6311
1724 2 2 10 1 9254 9295 5445
1725 2 2 10 1 7067 9076 9
1726 2 2 10 1 5900 6289 3148
1727 2 2 10 1 5365 6749 6284
1728 2 2 10 1 1269 7497 1816
1729 2 2 10 1 1179 8464 7680
1730 2 2 10 1 5957 5959 2867
1731 2 2 10 1 3945 6770 5903
1732 2 2 10 1 5605 9128 9124
1733 2 2 10 1 8473 8490 2999
1734 2 2 10 1 4589 6049 5141
1735 2 2 10 1 4704 6100 5263
1736 2 2 10 1 5799 6051 5800
1737 2 2 10 1 5927 6323 5926
1738 2 2 10 1 721 6071 2394
1739 2 2 10 1 1399 6258 1411
1740 2 2 10 1 5834 9132 4499
1741 2 2 10 1 5560 8955 7726
1742 2 2 10 1 4539 7050 3796
1743 2 2 10 1 5135 6047 5975
1744 2 2 10 1 5077 9219 7001
1745 2 2 10 1 6162 8993 8862
1746 2 2 10 1 7056 7057 5691
1747 2 2 10 1 1588 8818 6244
1748 2 2 10 1 4925 5880 4977
1749 2 2 10 1 6578 8707 6576
1750 2 2 10 1 3344 7443 7440
1751 2 2 10 1 5923 6208 5080
1752 2 2 10 1 417 9042 6830
1753 2 2 10 1 8347 8352 5948
1754 2 2 10 1 5931 7845 6309
1755 2 2 10 1 5961 6072 2394
1756 2 2 10 1 1179 8478 8464
1757 2 2 10 1 5668 9123 8962
1758 2 2 10 1 2844 8352 5873
1759 2 2 10 1 6057 6732 4474
1760 2 2 10 1 2010 7082 2015
1761 2 2 10 1 3029 9702 5814
1762 2 2 10 1 1963 8995 2006
1763 2 2 10 1 5901 8490 8473
1764 2 2 10 1 818 9626 7342
1765 2 2 10 1 5937 6176 4362
1766 2 2 10 1 6261 6704 432
1767 2 2 10 1 3154 8565 8535
1768 2 2 10 1 5752 6198 4337
1769 2 2 10 1 5903 6769 3945
1770 2 2 10 1 4204 6112 5956
1771 2 2 10 1 1285 8307 5983
1772 2 2 10 1 5893 8518 5234
1773 2 2 10 1 2867 6320 5958
1774 2 2 10 1 5789 5983 5019
1775 2 2 10 1 6309 7845 3951
1776 2 2 10 1 5687 9517 1502
1777 2 2 10 1 3139 6269 5030
1778 2 2 10 1 2565 6300 4760
1779 2 2 10 1 4328 8376 6152
1780 2 2 10 1 6990 8544 8526
1781 2 2 10 1 5146 9043 9009
1782 2 2 10 1 4392 7898 4394
1783 2 2 10 1 5981 6103 3187
1784 2 2 10 1 5873 8352 8347
1785 2 2 10 1 2354 6102 2662
1786 2 2 10 1 1478 6458 1465
1787 2 2 10 1 7726 9012 5560
1788 2 2 10 1 6830 9037 417
1789 2 2 10 1 6269 6769 5030
1790 2 2 10 1 9439 9570 5741
1791 2 2 10 1 8845 9166 5571
1792 2 2 10 1 2402 7907 2539
1793 2 2 10 1 2844 6258 1386
1794 2 2 10 1 5913 6339 454
1795 2 2 10 1 6038 8891 5892
1796 2 2 10 1 4422 7714 5777
1797 2 2 10 1 4672 6062 4671
1798 2 2 10 1 8535 8565 5929
1799 2 2 10 1 2714 6133 5919
1800 2 2 10 1 1590 6350 1301
1801 2 2 10 1 2394 6071 5961
1802 2 2 10 1 6300 8489 4760
1803 2 2 10 1 1556 6376 1539
1804 2 2 10 1 5741 9570 7189
1805 2 2 10 1 6592 8744 7353
1806 2 2 10 1 6732 8695 7061
1807 2 2 10 1 5122 6399 6351
1808 2 2 10 1 6539 8734 8691
1809 2 2 10 1 5467 9109 6927
1810 2 2 10 1 504 9234 5858
1811 2 2 10 1 1934 6709 6708
1812 2 2 10 1 1646 6286 6284
1813 2 2 10 1 6736 9449 5453
1814 2 2 10 1 5030 6769 5903
1815 2 2 10 1 5864 8450 3191
1816 2 2 10 1 8526 8544 4938
1817 2 2 10 1 1256 7706 5920
1818 2 2 10 1 3823 8913 8528
1819 2 2 10 1 6193 8645 6194
1820 2 2 10 1 5895 7480 540
1821 2 2 10 1 8293 8839 6822
1822 2 2 10 1 6720 9631 6721
1823 2 2 10 1 4966 8899 2630
1824 2 2 10 1 5334 8250 7202
1825 2 2 10 1 7057 7058 5691
1826 2 2 10 1 6093 6097 2740
1827 2 2 10 1 8807 8872 6451
1828 2 2 10 1 201 9072 6510
1829 2 2 10 1 8047 8597 8468
1830 2 2 10 1 6017 6018 3243
1831 2 2 10 1 5943 8963 5944
1832 2 2 10 1 6004 6005 1252
1833 2 2 10 1 8443 8581 5917
1834 2 2 10 1 2230 9080 8669
1835 2 2 10 1 4707 7792 7322
1836 2 2 10 1 4685 6176 6020
1837 2 2 10 1 4534 6053 6052
1838 2 2 10 1 411 9031 6111
1839 2 2 10 1 3775 7089 5751
1840 2 2 10 1 2734 6124 6123
1841 2 2 10 1 3696 6077 6076
1842 2 2 10 1 3446 9295 9254
1843 2 2 10 1 5939 5940 3479
1844 2 2 10 1 5122 6351 5123
1845 2 2 10 1 5968 6238 2886
1846 2 2 10 1 7924 8359 8297
1847 2 2 10 1 4474 7273 6057
1848 2 2 10 1 6119 8842 3845
1849 2 2 10 1 6596 7790 7083
1850 2 2 10 1 5945 8869 5071
1851 2 2 10 1 5514 9163 9114
1852 2 2 10 1 8402 8429 7219
1853 2 2 10 1 5822 7714 4423
1854 2 2 10 1 8963 8979 5944
1855 2 2 10 1 6231 7235 3620
1856 2 2 10 1 9151 9175 5715
1857 2 2 10 1 6745 8823 4328
1858 2 2 10 1 7072 8094 5178
1859 2 2 10 1 6108 9126 6232
1860 2 2 10 1 5876 8983 5718
1861 2 2 10 1 8011 8558 4563
1862 2 2 10 1 6289 8341 5797
1863 2 2 10 1 1646 6392 6286
1864 2 2 10 1 7066 7071 4364
1865 2 2 10 1 8369 8780 6829
1866 2 2 10 1 6039 9694 6701
1867 2 2 10 1 6994 8592 8540
1868 2 2 10 1 1502 9596 5687
1869 2 2 10 1 5669 6373 4199
1870 2 2 10 1 8397 8923 4415
1871 2 2 10 1 7545 9413 5400
1872 2 2 10 1 5715 9175 4405
1873 2 2 10 1 507 7553 6118
1874 2 2 10 1 6687 8247 5904
1875 2 2 10 1 3978 6471 5902
1876 2 2 10 1 6386 8621 2782
1877 2 2 10 1 6362 9536 6366
1878 2 2 10 1 5844 8996 457
1879 2 2 10 1 2565 6304 6300
1880 2 2 10 1 9016 9073 6069
1881 2 2 10 1 2742 9647 5763
1882 2 2 10 1 6077 8668 6437
1883 2 2 10 1 3668 7273 4474
1884 2 2 10 1 4274 9060 7390
1885 2 2 10 1 5925 6482 6321
1886 2 2 10 1 4510 7710 4511
1887 2 2 10 1 1136 6041 1223
1888 2 2 10 1 7083 7790 1582
1889 2 2 10 1 5989 6434 6433
1890 2 2 10 1 2860 9018 2859
1891 2 2 10 1 8691 8734 2437
1892 2 2 10 1 521 9198 5965
1893 2 2 10 1 6348 7841 6347
1894 2 2 10 1 5763 9666 2742
1895 2 2 10 1 5919 6386 2714
1896 2 2 10 1 597 8027 599
1897 2 2 10 1 5667 6048 4338
1898 2 2 10 1 5839 9351 2664
1899 2 2 10 1 6211 6396 903
1900 2 2 10 1 1144 6450 1142
1901 2 2 10 1 2867 5959 1863
1902 2 2 10 1 9 9481 7067
1903 2 2 10 1 8592 8616 5252
1904 2 2 10 1 2425 8838 8379
1905 2 2 10 1 4413 7851 5942
1906 2 2 10 1 3187 6102 5981
1907 2 2 10 1 2979 8518 8318
1908 2 2 10 1 1843 6134 2714
1909 2 2 10 1 7383 8690 6500
1910 2 2 10 1 6347 7841 1954
1911 2 2 10 1 2871 6449 6448
1912 2 2 10 1 6035 9399 6714
1913 2 2 10 1 7575 9213 7879
1914 2 2 10 1 8486 8493 5323
1915 2 2 10 1 5887 9359 421
1916 2 2 10 1 3460 8872 8807
1917 2 2 10 1 9095 9134 6890
1918 2 2 10 1 5757 6252 6048
1919 2 2 10 1 4860 7749 4831
1920 2 2 10 1 6002 8822 4996
1921 2 2 10 1 6075 6137 3960
1922 2 2 10 1 5931 6840 3976
1923 2 2 10 1 5921 6437 2226
1924 2 2 10 1 5865 6078 861
1925 2 2 10 1 1287 5983 1578
1926 2 2 10 1 5902 7463 3978
1927 2 2 10 1 2051 9143 9005
1928 2 2 10 1 8330 9490 7561
1929 2 2 10 1 679 7908 677
1930 2 2 10 1 4499 9521 5834
1931 2 2 10 1 9256 9356 3864
1932 2 2 10 1 6653 8647 4553
1933 2 2 10 1 9212 9313 1858
1934 2 2 10 1 3976 7845 5931
1935 2 2 10 1 943 9462 9361
1936 2 2 10 1 5175 8456 7680
1937 2 2 10 1 4534 6188 6053
1938 2 2 10 1 546 9431 5881
1939 2 2 10 1 3883 6373 4528
1940 2 2 10 1 4938 8544 5916
1941 2 2 10 1 6018 7519 3243
1942 2 2 10 1 1844 6401 1846
1943 2 2 10 1 7390 9064 4274
1944 2 2 10 1 1285 5983 1287
1945 2 2 10 1 8563 9051 3444
1946 2 2 10 1 5178 8595 6792
1947 2 2 10 1 6014 9673 6184
1948 2 2 10 1 6405 8946 2653
1949 2 2 10 1 243 8918 8777
1950 2 2 10 1 6596 7353 3739
1951 2 2 10 1 7362 8903 1092
1952 2 2 10 1 6067 8737 6066
1953 2 2 10 1 2936 8947 7909
1954 2 2 10 1 7393 8671 6346
1955 2 2 10 1 9297 9367 4692
1956 2 2 10 1 2129 6320 1867
1957 2 2 10 1 2662 6102 3187
1958 2 2 10 1 5252 8616 5251
1959 2 2 10 1 4752 7867 7009
1960 2 2 10 1 5971 6170 4479
1961 2 2 10 1 1929 6995 6186
1962 2 2 10 1 2664 9375 5839
1963 2 2 10 1 6069 9073 6068
1964 2 2 10 1 6355 7194 4000
1965 2 2 10 1 7056 7371 3338
1966 2 2 10 1 9114 9163 5266
1967 2 2 10 1 6013 6521 6519
1968 2 2 10 1 5894 8356 2845
1969 2 2 10 1 1212 7745 1209
1970 2 2 10 1 2974 9083 8844
1971 2 2 10 1 6879 8802 8628
1972 2 2 10 1 6014 9692 9673
1973 2 2 10 1 6026 6030 5387
1974 2 2 10 1 8540 8592 5252
1975 2 2 10 1 2384 6304 2565
1976 2 2 10 1 2859 9018 8327
1977 2 2 10 1 4286 9134 9095
1978 2 2 10 1 6170 6283 5768
1979 2 2 10 1 8487 8773 7453
1980 2 2 10 1 3191 8672 5864
1981 2 2 10 1 4430 7202 3767
1982 2 2 10 1 3323 7143 1227
1983 2 2 10 1 7986 8594 5203
1984 2 2 10 1 4763 8421 6011
1985 2 2 10 1 3538 9025 6930
1986 2 2 10 1 5933 8356 7207
1987 2 2 10 1 6111 6960 6110
1988 2 2 10 1 2604 6402 5954
1989 2 2 10 1 6111 9560 411
1990 2 2 10 1 4872 6365 5305
1991 2 2 10 1 6271 7526 4743
1992 2 2 10 1 3688 7352 5974
1993 2 2 10 1 3739 7790 6596
1994 2 2 10 1 2407 7448 2287
1995 2 2 10 1 9361 9462 5739
1996 2 2 10 1 4707 7322 6430
1997 2 2 10 1 540 6704 5896
1998 2 2 10 1 4993 7072 5811
1999 2 2 10 1 24 9158 6848
2000 2 2 10 1 7361 9708 648
2001 2 2 10 1 1241 6004 1237
2002 2 2 10 1 6432 7280 5464
2003 2 2 10 1 6348 7322 2938
2004 2 2 10 1 3945 7832 6770
2005 2 2 10 1 6020 6177 4685
2006 2 2 10 1 5934 8411 3260
2007 2 2 10 1 8369 8411 5935
2008 2 2 10 1 6827 8933 5431
2009 2 2 10 1 3340 7783 6771
2010 2 2 10 1 4098 6397 908
2011 2 2 10 1 903 6396 4000
2012 2 2 10 1 6944 8562 8343
2013 2 2 10 1 4326 6030 6026
2014 2 2 10 1 7177 8800 3167
2015 2 2 10 1 1260 9439 5741
2016 2 2 10 1 4706 6061 6059
2017 2 2 10 1 5739 9386 9361
2018 2 2 10 1 4675 7504 7455
2019 2 2 10 1 4449 6168 4446
2020 2 2 10 1 5681 9356 9256
2021 2 2 10 1 2279 8957 6922
2022 2 2 10 1 4465 6777 6743
2023 2 2 10 1 5240 6137 6075
2024 2 2 10 1 4061 6935 6403
2025 2 2 10 1 3604 8417 6831
2026 2 2 10 1 6118 6119 5686
2027 2 2 10 1 4446 6168 4445
2028 2 2 10 1 6086 6087 1777
2029 2 2 10 1 6650 6651 4673
2030 2 2 10 1 6110 6960 4608
2031 2 2 10 1 6955 9386 5739
2032 2 2 10 1 8414 8440 2928
2033 2 2 10 1 2669 6400 5978
2034 2 2 10 1 6584 8510 8475
2035 2 2 10 1 1865 6320 2867
2036 2 2 10 1 6022 9002 8982
2037 2 2 10 1 5926 6949 5039
2038 2 2 10 1 6451 8498 5412
2039 2 2 10 1 7587 9021 9006
2040 2 2 10 1 6839 9130 414
2041 2 2 10 1 5974 7351 3688
2042 2 2 10 1 7879 9213 8113
2043 2 2 10 1 3330 8707 6578
2044 2 2 10 1 4360 8665 4418
2045 2 2 10 1 8916 9018 5862
2046 2 2 10 1 6728 8686 7731
2047 2 2 10 1 5122 7800 6399
2048 2 2 10 1 110 6452 455
2049 2 2 10 1 539 6452 111
2050 2 2 10 1 1229 7143 2272
2051 2 2 10 1 5904 8247 5148
2052 2 2 10 1 2979 8490 5901
2053 2 2 10 1 6712 9465 6714
2054 2 2 10 1 4408 5887 5885
2055 2 2 10 1 6299 6392 3588
2056 2 2 10 1 7560 8911 418
2057 2 2 10 1 7680 8464 5175
2058 2 2 10 1 8933 8943 5431
2059 2 2 10 1 5962 8546 6074
2060 2 2 10 1 7473 8898 8687
2061 2 2 10 1 4234 8576 6495
2062 2 2 10 1 728 6088 724
2063 2 2 10 1 3533 6777 5988
2064 2 2 10 1 2938 7841 6348
2065 2 2 10 1 3533 6433 3532
2066 2 2 10 1 3142 8501 8465
2067 2 2 10 1 7175 8964 7174
2068 2 2 10 1 303 7480 302
2069 2 2 10 1 6050 8337 8334
2070 2 2 10 1 5072 7192 3587
2071 2 2 10 1 5902 8168 7463
2072 2 2 10 1 6050 7448 3221
2073 2 2 10 1 8110 9637 8188
2074 2 2 10 1 5970 8440 8414
2075 2 2 10 1 648 9661 7361
2076 2 2 10 1 5899 8752 5905
2077 2 2 10 1 5880 5881 431
2078 2 2 10 1 2864 8650 8281
2079 2 2 10 1 6175 6197 4839
2080 2 2 10 1 5935 8411 5934
2081 2 2 10 1 4526 6197 6175
2082 2 2 10 1 5891 5892 4133
2083 2 2 10 1 8815 8840 5378
2084 2 2 10 1 4326 6163 6030
2085 2 2 10 1 4725 9695 8742
2086 2 2 10 1 1061 8283 1024
2087 2 2 10 1 6021 9002 6022
2088 2 2 10 1 4550 9120 6116
2089 2 2 10 1 8475 8510 5971
2090 2 2 10 1 5446 9359 5887
2091 2 2 10 1 6724 8948 7630
2092 2 2 10 1 6226 9127 403
2093 2 2 10 1 7603 9365 5479
2094 2 2 10 1 6817 6819 5766
2095 2 2 10 1 5840 8940 2825
2096 2 2 10 1 8763 9401 7070
2097 2 2 10 1 2600 7228 6100
2098 2 2 10 1 6262 7516 4662
2099 2 2 10 1 6697 9173 448
2100 2 2 10 1 8169 8181 5293
2101 2 2 10 1 3211 6041 5999
2102 2 2 10 1 3955 6949 5813
2103 2 2 10 1 8334 8337 4001
2104 2 2 10 1 5324 6365 4872
2105 2 2 10 1 5480 6685 4375
2106 2 2 10 1 5132 8483 6179
2107 2 2 10 1 5997 7812 5072
2108 2 2 10 1 7009 7867 6096
2109 2 2 10 1 5088 6072 5086
2110 2 2 10 1 5984 9637 8110
2111 2 2 10 1 6455 9421 2064
2112 2 2 10 1 5363 8194 6388
2113 2 2 10 1 6781 7526 6271
2114 2 2 10 1 7463 8168 6001
2115 2 2 10 1 3332 7497 6001
2116 2 2 10 1 8742 9695 9690
2117 2 2 10 1 8465 8501 5995
2118 2 2 10 1 2220 8402 7219
2119 2 2 10 1 2064 9468 6455
2120 2 2 10 1 2332 6920 2482
2121 2 2 10 1 6871 8423 6872
2122 2 2 10 1 6684 6685 5480
2123 2 2 10 1 8539 9004 3058
2124 2 2 10 1 4984 8778 4310
2125 2 2 10 1 6808 8516 6554
2126 2 2 10 1 4672 6063 6062
2127 2 2 10 1 7573 9010 5491
2128 2 2 10 1 2824 7130 602
2129 2 2 10 1 6772 7833 6773
2130 2 2 10 1 3340 6771 6604
2131 2 2 10 1 6735 8806 2024
2132 2 2 10 1 551 8716 7881
2133 2 2 10 1 2845 8356 6881
2134 2 2 10 1 5855 9313 9212
2135 2 2 10 1 6495 8617 4234
2136 2 2 10 1 2630 8899 8786
2137 2 2 10 1 6027 9129 538
2138 2 2 10 1 7579 9240 5930
2139 2 2 10 1 2886 6238 1115
2140 2 2 10 1 6848 9414 24
2141 2 2 10 1 454 7480 6338
2142 2 2 10 1 6521 8421 1045
2143 2 2 10 1 4451 9137 7324
2144 2 2 10 1 5910 8748 108
2145 2 2 10 1 7657 9283 9279
2146 2 2 10 1 412 8787 6886
2147 2 2 10 1 3974 8227 6752
2148 2 2 10 1 485 9070 5826
2149 2 2 10 1 2483 8840 8815
2150 2 2 10 1 1448 6083 1413
2151 2 2 10 1 6186 6995 6185
2152 2 2 10 1 4820 9288 5489
2153 2 2 10 1 5072 7812 7192
2154 2 2 10 1 304 6704 540
2155 2 2 10 1 432 6704 305
2156 2 2 10 1 5988 6433 3533
2157 2 2 10 1 5200 8116 5203
2158 2 2 10 1 6185 6995 3259
2159 2 2 10 1 5778 7853 5671
2160 2 2 10 1 6840 7740 3976
2161 2 2 10 1 4054 7890 6304
2162 2 2 10 1 6203 7205 6204
2163 2 2 10 1 7258 9367 9297
2164 2 2 10 1 448 9165 6697
2165 2 2 10 1 445 9652 7571
2166 2 2 10 1 6813 8467 5483
2167 2 2 10 1 497 8605 7572
2168 2 2 10 1 6449 8498 6451
2169 2 2 10 1 2980 5986 5985
2170 2 2 10 1 3275 6318 6036
2171 2 2 10 1 4517 7205 6203
2172 2 2 10 1 2886 7749 5968
2173 2 2 10 1 5766 6818 6817
2174 2 2 10 1 6652 6653 4101
2175 2 2 10 1 4551 8582 6393
2176 2 2 10 1 5741 9519 1260
2177 2 2 10 1 6419 8824 5827
2178 2 2 10 1 6071 8311 5962
2179 2 2 10 1 4312 8742 6223
2180 2 2 10 1 8446 8496 6803
2181 2 2 10 1 1148 7532 1146
2182 2 2 10 1 2408 6773 2875
2183 2 2 10 1 6373 9605 4222
2184 2 2 10 1 7053 8224 4036
2185 2 2 10 1 4498 6659 5584
2186 2 2 10 1 5901 8518 2979
2187 2 2 10 1 6778 8789 1265
2188 2 2 10 1 1115 6238 1105
2189 2 2 10 1 4534 6052 4030
2190 2 2 10 1 5948 8334 4001
2191 2 2 10 1 5917 8581 2600
2192 2 2 10 1 2571 6400 2669
2193 2 2 10 1 7073 9285 5852
2194 2 2 10 1 6040 8559 3450
2195 2 2 10 1 6554 7416 7038
2196 2 2 10 1 6097 7745 1212
2197 2 2 10 1 6534 7690 3727
2198 2 2 10 1 6396 8175 4000
2199 2 2 10 1 6779 7519 6018
2200 2 2 10 1 5955 8857 8819
2201 2 2 10 1 5293 6339 5913
2202 2 2 10 1 5691 7371 7056
2203 2 2 10 1 5915 8644 4382
2204 2 2 10 1 6089 6478 5114
2205 2 2 10 1 921 9069 8830
2206 2 2 10 1 6402 7840 6403
2207 2 2 10 1 5769 9397 3499
2208 2 2 10 1 5170 6818 5171
2209 2 2 10 1 5826 9062 485
2210 2 2 10 1 4514 7350 4679
2211 2 2 10 1 3604 8379 5946
2212 2 2 10 1 480 8181 8169
2213 2 2 10 1 1766 9334 5882
2214 2 2 10 1 8810 9116 5394
2215 2 2 10 1 5907 6223 6222
2216 2 2 10 1 3918 7207 4964
2217 2 2 10 1 6773 7833 5838
2218 2 2 10 1 6029 9457 5781
2219 2 2 10 1 6286 6392 6299
2220 2 2 10 1 4030 6052 5883
2221 2 2 10 1 5997 6500 4068
2222 2 2 10 1 7038 7739 6808
2223 2 2 10 1 5790 7426 6289
2224 2 2 10 1 9325 9522 3192
2225 2 2 10 1 1223 6041 3211
2226 2 2 10 1 2874 6176 4685
2227 2 2 10 1 5929 8565 3029
2228 2 2 10 1 5570 6659 4498
2229 2 2 10 1 5254 8022 7890
2230 2 2 10 1 3796 7049 3506
2231 2 2 10 1 6388 8435 5363
2232 2 2 10 1 5965 9198 389
2233 2 2 10 1 3203 8496 8446
2234 2 2 10 1 4068 7812 5997
2235 2 2 10 1 7442 8778 4961
2236 2 2 10 1 6234 6617 1067
2237 2 2 10 1 5200 8376 8116
2238 2 2 10 1 6229 6240 4604
2239 2 2 10 1 5963 8227 3974
2240 2 2 10 1 5871 9379 3693
2241 2 2 10 1 5971 8510 4890
2242 2 2 10 1 6043 8791 6042
2243 2 2 10 1 6232 9126 322
2244 2 2 10 1 6076 6083 3696
2245 2 2 10 1 1618 9263 9244
2246 2 2 10 1 5633 8865 8679
2247 2 2 10 1 4023 7466 6113
2248 2 2 10 1 7164 8509 7165
2249 2 2 10 1 5095 6103 5094
2250 2 2 10 1 7037 7739 7038
2251 2 2 10 1 6652 8647 6653
2252 2 2 10 1 6143 6172 6144
2253 2 2 10 1 7129 8002 5908
2254 2 2 10 1 421 9628 5887
2255 2 2 10 1 899 6397 903
2256 2 2 10 1 6532 6534 3727
2257 2 2 10 1 5959 8635 8036
2258 2 2 10 1 1777 6088 6086
2259 2 2 10 1 1418 9103 8982
2260 2 2 10 1 875 6617 877
2261 2 2 10 1 8819 8857 2995
2262 2 2 10 1 6015 7685 2885
2263 2 2 10 1 4536 8002 7129
2264 2 2 10 1 5293 8181 6339
2265 2 2 10 1 4589 6395 6049
2266 2 2 10 1 5983 8307 5019
2267 2 2 10 1 4838 6240 6229
2268 2 2 10 1 4673 6652 4032
2269 2 2 10 1 6328 9085 312
2270 2 2 10 1 5959 8036 1861
2271 2 2 10 1 6111 6961 6960
2272 2 2 10 1 4632 6949 4631
2273 2 2 10 1 6519 7973 6013
2274 2 2 10 1 9151 9224 3593
2275 2 2 10 1 7924 9003 8359
2276 2 2 10 1 6130 8204 4865
2277 2 2 10 1 3371 7516 6262
2278 2 2 10 1 2518 6170 4890
2279 2 2 10 1 4525 9236 7461
2280 2 2 10 1 600 7130 1016
2281 2 2 10 1 3245 6400 2569
2282 2 2 10 1 1436 6336 1440
2283 2 2 10 1 6895 7959 3259
2284 2 2 10 1 6605 6772 3965
2285 2 2 10 1 5976 5992 2732
2286 2 2 10 1 5171 6818 5766
2287 2 2 10 1 7038 7416 7036
2288 2 2 10 1 5933 7207 3999
2289 2 2 10 1 5911 5912 5481
2290 2 2 10 1 3506 7049 4372
2291 2 2 10 1 4408 6052 4407
2292 2 2 10 1 6811 7897 4731
2293 2 2 10 1 6986 8629 8580
2294 2 2 10 1 5992 6761 1472
2295 2 2 10 1 3323 8884 6782
2296 2 2 10 1 7461 9236 7375
2297 2 2 10 1 4843 9616 4292
2298 2 2 10 1 717 6109 714
2299 2 2 10 1 6184 9167 5712
2300 2 2 10 1 5998 7497 3211
2301 2 2 10 1 5433 9007 5772
2302 2 2 10 1 8119 8306 6112
2303 2 2 10 1 2999 8440 5970
2304 2 2 10 1 6270 6781 6271
2305 2 2 10 1 4517 6205 4077
2306 2 2 10 1 6235 6617 6234
2307 2 2 10 1 5858 9234 5416
2308 2 2 10 1 8166 9077 5125
2309 2 2 10 1 4068 6501 3369
2310 2 2 10 1 8467 8492 5483
2311 2 2 10 1 3243 7448 6017
2312 2 2 10 1 6059 6305 4706
2313 2 2 10 1 7784 8315 6912
2314 2 2 10 1 2200 7218 6217
2315 2 2 10 1 7368 8863 8297
2316 2 2 10 1 4519 6404 5942
2317 2 2 10 1 6217 7218 5157
2318 2 2 10 1 3245 7648 6400
2319 2 2 10 1 5796 8682 1578
2320 2 2 10 1 4671 6062 4706
2321 2 2 10 1 5086 6072 5961
2322 2 2 10 1 6394 8775 5856
2323 2 2 10 1 6266 8554 8474
2324 2 2 10 1 2604 7840 6402
2325 2 2 10 1 3360 9111 6034
2326 2 2 10 1 6501 7162 3180
2327 2 2 10 1 3259 7959 6185
2328 2 2 10 1 2771 6781 6270
2329 2 2 10 1 5135 6432 6047
2330 2 2 10 1 8454 8766 638
2331 2 2 10 1 6500 8690 6501
2332 2 2 10 1 9288 9466 5912
2333 2 2 10 1 8551 9678 9356
2334 2 2 10 1 6208 8163 4576
2335 2 2 10 1 5803 9257 4361
2336 2 2 10 1 5363 8689 8194
2337 2 2 10 1 5443 8937 8919
2338 2 2 10 1 6203 6205 4517
2339 2 2 10 1 6395 6969 5180
2340 2 2 10 1 7406 9531 5669
2341 2 2 10 1 6304 7890 5068
2342 2 2 10 1 3552 7166 3550
2343 2 2 10 1 5870 8833 3816
2344 2 2 10 1 4722 6772 6771
2345 2 2 10 1 3245 6920 6058
2346 2 2 10 1 4001 8347 5948
2347 2 2 10 1 5988 6777 4466
2348 2 2 10 1 6043 8829 8791
2349 2 2 10 1 6403 7840 4061
2350 2 2 10 1 6131 6262 4662
2351 2 2 10 1 6907 7855 6905
2352 2 2 10 1 3838 7071 3270
2353 2 2 10 1 7120 9035 5060
2354 2 2 10 1 7351 8157 3688
2355 2 2 10 1 5738 6385 3504
2356 2 2 10 1 6108 6231 6107
2357 2 2 10 1 3693 9507 5871
2358 2 2 10 1 2453 6097 1212
2359 2 2 10 1 4713 6840 6049
2360 2 2 10 1 5546 9156 9113
2361 2 2 10 1 8553 8656 1543
2362 2 2 10 1 2871 7532 6449
2363 2 2 10 1 3145 8519 6793
2364 2 2 10 1 6057 7082 6732
2365 2 2 10 1 5110 8713 5504
2366 2 2 10 1 6049 6840 5141
2367 2 2 10 1 2717 7072 6792
2368 2 2 10 1 2012 7082 2010
2369 2 2 10 1 4722 7833 6772
2370 2 2 10 1 6263 9468 2064
2371 2 2 10 1 5094 6103 5981
2372 2 2 10 1 4654 6786 4652
2373 2 2 10 1 6806 8557 6807
2374 2 2 10 1 6075 8218 7706
2375 2 2 10 1 7035 8224 7053
2376 2 2 10 1 1516 6458 1478
2377 2 2 10 1 3845 8842 6907
2378 2 2 10 1 7322 7792 2938
2379 2 2 10 1 4024 6756 6098
2380 2 2 10 1 6456 9390 6455
2381 2 2 10 1 8605 9467 7572
2382 2 2 10 1 6087 6109 1777
2383 2 2 10 1 6144 6146 6142
2384 2 2 10 1 7706 8218 5920
2385 2 2 10 1 6181 6404 4519
2386 2 2 10 1 9531 9605 5669
2387 2 2 10 1 2871 6450 1144
2388 2 2 10 1 6043 9045 8829
2389 2 2 10 1 5691 7058 5690
2390 2 2 10 1 3499 9543 5769
2391 2 2 10 1 4717 8745 8489
2392 2 2 10 1 5543 7758 4384
2393 2 2 10 1 6052 6053 4407
2394 2 2 10 1 5208 8406 4526
2395 2 2 10 1 2354 8263 6102
2396 2 2 10 1 6113 8770 4023
2397 2 2 10 1 3696 6458 6077
2398 2 2 10 1 5946 8417 3604
2399 2 2 10 1 5140 8423 6871
2400 2 2 10 1 8014 8372 2768
2401 2 2 10 1 4599 7194 6355
2402 2 2 10 1 6303 7908 679
2403 2 2 10 1 6166 7619 429
2404 2 2 10 1 5170 7220 6818
2405 2 2 10 1 3116 8420 8370
2406 2 2 10 1 7048 7678 3520
2407 2 2 10 1 1816 7497 3332
2408 2 2 10 1 3185 6230 3620
2409 2 2 10 1 5240 8135 6137
2410 2 2 10 1 5950 5951 1054
2411 2 2 10 1 8919 8937 436
2412 2 2 10 1 5175 8931 8456
2413 2 2 10 1 7061 8695 2020
2414 2 2 10 1 6467 9087 6195
2415 2 2 10 1 3727 7688 6532
2416 2 2 10 1 5608 9118 9055
2417 2 2 10 1 7587 9006 396
2418 2 2 10 1 3664 8499 3666
2419 2 2 10 1 4496 8346 6766
2420 2 2 10 1 4665 6089 6025
2421 2 2 10 1 724 6088 1777
2422 2 2 10 1 4875 8429 8402
2423 2 2 10 1 5831 6198 5752
2424 2 2 10 1 8713 8730 5504
2425 2 2 10 1 4386 7758 5583
2426 2 2 10 1 1426 6372 1429
2427 2 2 10 1 4680 8890 5007
2428 2 2 10 1 5928 8962 105
2429 2 2 10 1 7039 7220 5170
2430 2 2 10 1 2931 8318 5893
2431 2 2 10 1 4362 6176 2874
2432 2 2 10 1 8538 9522 9325
2433 2 2 10 1 2352 9683 5748
2434 2 2 10 1 2218 8307 1283
2435 2 2 10 1 8431 9577 7454
2436 2 2 10 1 2015 7082 6057
2437 2 2 10 1 4406 9191 9145
2438 2 2 10 1 5024 8909 8555
2439 2 2 10 1 7047 7048 3520
2440 2 2 10 1 6927 9567 5467
2441 2 2 10 1 4706 6062 6061
2442 2 2 10 1 7230 8705 3912
2443 2 2 10 1 4973 6252 5757
2444 2 2 10 1 8580 8629 2971
2445 2 2 10 1 6946 8588 6942
2446 2 2 10 1 6001 8168 3332
2447 2 2 10 1 3211 7497 1269
2448 2 2 10 1 2800 7485 6177
2449 2 2 10 1 6566 7447 6582
2450 2 2 10 1 2149 7160 2147
2451 2 2 10 1 1465 6458 3696
2452 2 2 10 1 3884 6112 4200
2453 2 2 10 1 7375 9289 7461
2454 2 2 10 1 5177 8412 4509
2455 2 2 10 1 6393 8582 6299
2456 2 2 10 1 7041 8377 2928
2457 2 2 10 1 5846 5847 5845
2458 2 2 10 1 5201 8376 5200
2459 2 2 10 1 6608 8676 8541
2460 2 2 10 1 8663 8939 5474
2461 2 2 10 1 6241 8271 4751
2462 2 2 10 1 8557 8608 6807
2463 2 2 10 1 9390 9421 6455
2464 2 2 10 1 5251 8670 5253
2465 2 2 10 1 5869 8738 8597
2466 2 2 10 1 6216 8999 5126
2467 2 2 10 1 3525 6779 6315
2468 2 2 10 1 6315 6779 6018
2469 2 2 10 1 6518 7973 6519
2470 2 2 10 1 6208 6246 3526
2471 2 2 10 1 5995 8501 3154
2472 2 2 10 1 5583 7898 4392
2473 2 2 10 1 8549 8604 5640
2474 2 2 10 1 5243 6849 6770
2475 2 2 10 1 5020 6212 5994
2476 2 2 10 1 6107 6230 6104
2477 2 2 10 1 4598 7164 7163
2478 2 2 10 1 1045 7660 6521
2479 2 2 10 1 8370 8420 6070
2480 2 2 10 1 4485 9437 5528
2481 2 2 10 1 7041 8324 5255
2482 2 2 10 1 4526 8406 6197
2483 2 2 10 1 7157 7466 4023
2484 2 2 10 1 3980 6029 6028
2485 2 2 10 1 5970 8473 2999
2486 2 2 10 1 6521 7660 6520
2487 2 2 10 1 5566 7855 6907
2488 2 2 10 1 6499 9586 5809
2489 2 2 10 1 6645 8701 6646
2490 2 2 10 1 5819 9311 517
2491 2 2 10 1 7353 8744 3739
2492 2 2 10 1 2771 8028 6679
2493 2 2 10 1 6532 7688 6533
2494 2 2 10 1 6047 6432 5464
2495 2 2 10 1 5809 9586 9580
2496 2 2 10 1 7981 8421 4763
2497 2 2 10 1 2740 6097 2453
2498 2 2 10 1 156 8762 8593
2499 2 2 10 1 3696 6083 1448
2500 2 2 10 1 6531 8743 6530
2501 2 2 10 1 6855 9315 3582
2502 2 2 10 1 6148 6150 2737
2503 2 2 10 1 6278 6279 6277
2504 2 2 10 1 522 8839 8293
2505 2 2 10 1 7282 8803 8768
2506 2 2 10 1 723 8311 6071
2507 2 2 10 1 8474 8554 2122
2508 2 2 10 1 6108 9689 9126
2509 2 2 10 1 3202 8199 7272
2510 2 2 10 1 2302 7086 2304
2511 2 2 10 1 5019 7710 4510
2512 2 2 10 1 6576 8707 5878
2513 2 2 10 1 2539 7907 3479
2514 2 2 10 1 2403 7907 2402
2515 2 2 10 1 9113 9156 2872
2516 2 2 10 1 5403 8487 6990
2517 2 2 10 1 6182 8361 6404
2518 2 2 10 1 5080 6208 3526
2519 2 2 10 1 2470 7051 2639
2520 2 2 10 1 7182 9184 7184
2521 2 2 10 1 9141 9192 633
2522 2 2 10 1 6049 6395 5180
2523 2 2 10 1 4394 7898 5644
2524 2 2 10 1 2028 8378 2029
2525 2 2 10 1 6374 6707 3605
2526 2 2 10 1 3666 7273 3668
2527 2 2 10 1 6155 6157 3732
2528 2 2 10 1 5879 6023 5829
2529 2 2 10 1 6088 8157 7351
2530 2 2 10 1 1781 8956 1684
2531 2 2 10 1 6325 6326 4630
2532 2 2 10 1 2220 7219 7218
2533 2 2 10 1 8680 8804 4699
2534 2 2 10 1 7598 9159 491
2535 2 2 10 1 6771 7783 4722
2536 2 2 10 1 5182 7814 6237
2537 2 2 10 1 7438 8637 8572
2538 2 2 10 1 3595 8910 8816
2539 2 2 10 1 4673 9049 6650
2540 2 2 10 1 4200 6112 4204
2541 2 2 10 1 1012 6431 1002
2542 2 2 10 1 1590 9703 5764
2543 2 2 10 1 6437 8668 2226
2544 2 2 10 1 5896 6704 6261
2545 2 2 10 1 2113 6943 2123
2546 2 2 10 1 1094 8561 7824
2547 2 2 10 1 6450 8558 8011
2548 2 2 10 1 6511 6914 6356
2549 2 2 10 1 5793 6258 5873
2550 2 2 10 1 5244 6849 5243
2551 2 2 10 1 6214 8794 1203
2552 2 2 10 1 8297 8863 7924
2553 2 2 10 1 9097 9110 5505
2554 2 2 10 1 5911 6452 5912
2555 2 2 10 1 7491 7661 2342
2556 2 2 10 1 4831 7749 5822
2557 2 2 10 1 5693 7535 5762
2558 2 2 10 1 510 9554 7531
2559 2 2 10 1 6582 7447 6581
2560 2 2 10 1 5882 9478 1766
2561 2 2 10 1 455 6452 5911
2562 2 2 10 1 3354 7450 3486
2563 2 2 10 1 5489 9288 7581
2564 2 2 10 1 8311 8546 5962
2565 2 2 10 1 7107 8310 4935
2566 2 2 10 1 6270 8028 2771
2567 2 2 10 1 6994 8808 7279
2568 2 2 10 1 6167 6169 6168
2569 2 2 10 1 6577 6578 6576
2570 2 2 10 1 6346 8671 6005
2571 2 2 10 1 2653 8397 6405
2572 2 2 10 1 7864 8231 6163
2573 2 2 10 1 5932 8832 2574
2574 2 2 10 1 6104 6230 6103
2575 2 2 10 1 2405 8604 8549
2576 2 2 10 1 3370 6602 6600
2577 2 2 10 1 5683 6227 5033
2578 2 2 10 1 5033 6227 5776
2579 2 2 10 1 5324 8493 6363
2580 2 2 10 1 818 8027 597
2581 2 2 10 1 5243 6770 6183
2582 2 2 10 1 5799 8341 8335
2583 2 2 10 1 5779 9008 995
2584 2 2 10 1 7461 9523 4525
2585 2 2 10 1 3582 9337 6855
2586 2 2 10 1 6175 8397 4415
2587 2 2 10 1 9279 9283 8145
2588 2 2 10 1 6346 8547 3492
2589 2 2 10 1 4973 6297 6252
2590 2 2 10 1 4977 5880 5879
2591 2 2 10 1 6961 8363 6960
2592 2 2 10 1 6073 6303 6072
2593 2 2 10 1 6003 6004 1241
2594 2 2 10 1 4511 7710 5875
2595 2 2 10 1 5935 8780 8369
2596 2 2 10 1 4349 7084 5145
2597 2 2 10 1 6803 8375 3407
2598 2 2 10 1 3221 7448 2407
2599 2 2 10 1 2461 8581 7009
2600 2 2 10 1 1729 8164 6265
2601 2 2 10 1 4961 8778 7703
2602 2 2 10 1 312 9558 6328
2603 2 2 10 1 4650 8382 8152
2604 2 2 10 1 2028 7383 6465
2605 2 2 10 1 5797 8341 5799
2606 2 2 10 1 8377 8414 2928
2607 2 2 10 1 4852 6707 6374
2608 2 2 10 1 6453 6969 4657
2609 2 2 10 1 4679 7350 7093
2610 2 2 10 1 6746 9657 4870
2611 2 2 10 1 4675 7455 5805
2612 2 2 10 1 6448 6450 2871
2613 2 2 10 1 5323 8493 5324
2614 2 2 10 1 6141 6142 4035
2615 2 2 10 1 5478 9317 5818
2616 2 2 10 1 1777 6109 717
2617 2 2 10 1 5919 8621 6386
2618 2 2 10 1 7490 7491 2342
2619 2 2 10 1 7058 9563 5690
2620 2 2 10 1 6789 9504 315
2621 2 2 10 1 6450 8011 1142
2622 2 2 10 1 5867 9306 3598
2623 2 2 10 1 4662 6331 6131
2624 2 2 10 1 7599 9299 5529
2625 2 2 10 1 5186 7063 5187
2626 2 2 10 1 4574 6511 6356
2627 2 2 10 1 5990 8551 5258
2628 2 2 10 1 599 8027 2987
2629 2 2 10 1 6810 7897 6811
2630 2 2 10 1 7342 8737 6067
2631 2 2 10 1 6338 7480 5895
2632 2 2 10 1 8244 8405 6913
2633 2 2 10 1 5930 9090 472
2634 2 2 10 1 6039 6701 4812
2635 2 2 10 1 6271 8391 5177
2636 2 2 10 1 5088 6073 6072
2637 2 2 10 1 5975 9187 536
2638 2 2 10 1 6604 7160 3340
2639 2 2 10 1 7455 8746 6003
2640 2 2 10 1 6154 7097 1445
2641 2 2 10 1 4875 8402 6584
2642 2 2 10 1 7163 7287 4598
2643 2 2 10 1 5430 8598 8564
2644 2 2 10 1 5968 7749 4860
2645 2 2 10 1 5790 6289 5797
2646 2 2 10 1 6806 8496 3203
2647 2 2 10 1 6539 8639 6540
2648 2 2 10 1 8343 8562 4629
2649 2 2 10 1 7713 7749 2886
2650 2 2 10 1 9400 9405 7539
2651 2 2 10 1 5993 6228 5195
2652 2 2 10 1 5944 8869 5945
2653 2 2 10 1 5194 6225 5863
2654 2 2 10 1 6098 6920 4024
2655 2 2 10 1 6121 6426 4599
2656 2 2 10 1 7169 7170 5069
2657 2 2 10 1 2482 6920 3245
2658 2 2 10 1 4964 7207 5894
2659 2 2 10 1 8530 9023 2817
2660 2 2 10 1 6078 6079 2941
2661 2 2 10 1 4075 8135 5240
2662 2 2 10 1 8447 9451 5099
2663 2 2 10 1 4361 9398 5803
2664 2 2 10 1 6595 7083 4602
2665 2 2 10 1 1024 8283 6431
2666 2 2 10 1 5152 7449 6254
2667 2 2 10 1 6465 7383 6500
2668 2 2 10 1 4128 8761 4127
2669 2 2 10 1 6162 8862 6309
2670 2 2 10 1 6289 7426 3148
2671 2 2 10 1 5193 7220 7039
2672 2 2 10 1 9181 9528 4264
2673 2 2 10 1 7053 8449 7045
2674 2 2 10 1 1333 8419 4553
2675 2 2 10 1 6024 6025 546
2676 2 2 10 1 7356 8333 918
2677 2 2 10 1 6177 7485 4685
2678 2 2 10 1 5430 8564 3873
2679 2 2 10 1 6265 8164 6264
2680 2 2 10 1 4535 6188 4534
2681 2 2 10 1 5708 6179 6178
2682 2 2 10 1 4535 6219 6188
2683 2 2 10 1 9244 9263 5554
2684 2 2 10 1 7040 8633 5320
2685 2 2 10 1 3547 7304 3545
2686 2 2 10 1 5262 8333 7356
2687 2 2 10 1 6554 8516 6553
2688 2 2 10 1 2287 7448 3243
2689 2 2 10 1 6703 6736 2527
2690 2 2 10 1 5071 8869 5664
2691 2 2 10 1 5923 8163 6208
2692 2 2 10 1 3221 8337 6050
2693 2 2 10 1 6520 7660 2863
2694 2 2 10 1 6939 6941 2116
2695 2 2 10 1 5040 8559 6040
2696 2 2 10 1 3154 8535 5995
2697 2 2 10 1 4812 6701 5713
2698 2 2 10 1 680 8611 682
2699 2 2 10 1 4004 8472 5156
2700 2 2 10 1 6708 6709 6707
2701 2 2 10 1 4608 7350 6110
2702 2 2 10 1 3581 7250 5182
2703 2 2 10 1 6248 7063 5186
2704 2 2 10 1 4665 6478 6089
2705 2 2 10 1 8379 8838 5946
2706 2 2 10 1 7102 7842 6233
2707 2 2 10 1 3021 6163 3536
2708 2 2 10 1 302 7480 454
2709 2 2 10 1 540 7480 303
2710 2 2 10 1 7455 7504 3983
2711 2 2 10 1 2188 6210 950
2712 2 2 10 1 1775 9348 5843
2713 2 2 10 1 6780 7996 4548
2714 2 2 10 1 8023 8305 4726
2715 2 2 10 1 877 6617 4096
2716 2 2 10 1 6295 6962 6296
2717 2 2 10 1 6070 8420 3142
2718 2 2 10 1 677 7908 680
2719 2 2 10 1 6046 8946 8386
2720 2 2 10 1 2748 6669 6445
2721 2 2 10 1 6324 6325 4633
2722 2 2 10 1 9305 9399 407
2723 2 2 10 1 414 9581 6839
2724 2 2 10 1 2834 6416 1743
2725 2 2 10 1 9005 9143 5472
2726 2 2 10 1 6177 7499 2800
2727 2 2 10 1 6990 8526 5403
2728 2 2 10 1 4323 8893 8798
2729 2 2 10 1 1440 6336 2732
2730 2 2 10 1 5800 6051 6044
2731 2 2 10 1 7107 8610 2738
2732 2 2 10 1 5940 8923 8397
2733 2 2 10 1 5327 8725 8600
2734 2 2 10 1 3551 7263 3553
2735 2 2 10 1 8729 8820 2827
2736 2 2 10 1 7218 7219 5157
2737 2 2 10 1 7272 8167 3202
2738 2 2 10 1 4599 6355 6121
2739 2 2 10 1 7213 8358 7214
2740 2 2 10 1 3581 7280 6432
2741 2 2 10 1 5760 5980 5761
2742 2 2 10 1 538 9185 6027
2743 2 2 10 1 5716 6207 4025
2744 2 2 10 1 6637 6641 4241
2745 2 2 10 1 4092 9264 7329
2746 2 2 10 1 6305 6306 4705
2747 2 2 10 1 6313 7664 3725
2748 2 2 10 1 4587 8274 7963
2749 2 2 10 1 6772 6773 3965
2750 2 2 10 1 3980 6210 2188
2751 2 2 10 1 4865 6786 6130
2752 2 2 10 1 7214 8358 3421
2753 2 2 10 1 6608 8398 1993
2754 2 2 10 1 9052 9059 5407
2755 2 2 10 1 5238 6259 5239
2756 2 2 10 1 4171 9289 7375
2757 2 2 10 1 449 9365 7603
2758 2 2 10 1 5206 8929 8924
2759 2 2 10 1 7491 8199 8178
2760 2 2 10 1 9283 9377 8145
2761 2 2 10 1 5900 8341 6289
2762 2 2 10 1 4024 6920 2332
2763 2 2 10 1 6369 8075 3705
2764 2 2 10 1 8391 8412 5177
2765 2 2 10 1 5120 6176 5937
2766 2 2 10 1 1067 6617 875
2767 2 2 10 1 5604 8212 7007
2768 2 2 10 1 8375 8396 3407
2769 2 2 10 1 1943 7532 1148
2770 2 2 10 1 7165 8509 3566
2771 2 2 10 1 6247 7667 6246
2772 2 2 10 1 8628 8802 6200
2773 2 2 10 1 5855 9212 6867
2774 2 2 10 1 3965 6773 2408
2775 2 2 10 1 6432 7250 3581
2776 2 2 10 1 4025 6207 3866
2777 2 2 10 1 6205 8115 4077
2778 2 2 10 1 6254 7449 3298
2779 2 2 10 1 7268 8976 7605
2780 2 2 10 1 6810 6812 1676
2781 2 2 10 1 6943 6944 2123
2782 2 2 10 1 2437 8734 6042
2783 2 2 10 1 7148 7422 4718
2784 2 2 10 1 2727 8451 7379
2785 2 2 10 1 6112 8306 5956
2786 2 2 10 1 5506 9179 5507
2787 2 2 10 1 6110 7350 4514
2788 2 2 10 1 4375 8708 3456
2789 2 2 10 1 6601 6603 4005
2790 2 2 10 1 4999 8905 5862
2791 2 2 10 1 6240 8271 6241
2792 2 2 10 1 984 6331 1001
2793 2 2 10 1 8616 8670 5251
2794 2 2 10 1 4870 9168 6746
2795 2 2 10 1 7375 9336 4171
2796 2 2 10 1 6074 8508 3873
2797 2 2 10 1 1209 7745 1211
2798 2 2 10 1 6539 8691 8639
2799 2 2 10 1 7083 7084 4602
2800 2 2 10 1 5095 6104 6103
2801 2 2 10 1 1438 6336 1436
2802 2 2 10 1 7396 9110 9097
2803 2 2 10 1 117 9506 9155
2804 2 2 10 1 6550 7300 1721
2805 2 2 10 1 5244 8173 6849
2806 2 2 10 1 3014 8198 6165
2807 2 2 10 1 8598 8735 4658
2808 2 2 10 1 7106 8310 7107
2809 2 2 10 1 3536 6163 4326
2810 2 2 10 1 5469 6341 6340
2811 2 2 10 1 398 9564 5809
2812 2 2 10 1 2830 6787 4594
2813 2 2 10 1 3193 6906 2638
2814 2 2 10 1 2863 7148 6520
2815 2 2 10 1 4364 7071 3838
2816 2 2 10 1 6237 7348 5182
2817 2 2 10 1 6312 6313 3725
2818 2 2 10 1 4839 6405 6175
2819 2 2 10 1 4609 6962 6295
2820 2 2 10 1 5193 7039 6314
2821 2 2 10 1 2992 8362 7384
2822 2 2 10 1 6095 6097 6093
2823 2 2 10 1 4822 8467 6813
2824 2 2 10 1 5943 8949 410
2825 2 2 10 1 1721 7300 1701
2826 2 2 10 1 5974 8661 4428
2827 2 2 10 1 3960 8218 6075
2828 2 2 10 1 2342 7653 7490
2829 2 2 10 1 6931 8174 2527
2830 2 2 10 1 6722 7265 3877
2831 2 2 10 1 6406 7055 3408
2832 2 2 10 1 6217 8139 2200
2833 2 2 10 1 7042 8285 8030
2834 2 2 10 1 6807 8516 6808
2835 2 2 10 1 1024 6431 1012
2836 2 2 10 1 6743 7304 4465
2837 2 2 10 1 3554 6394 3557
2838 2 2 10 1 7731 8686 3435
2839 2 2 10 1 4845 6234 4460
2840 2 2 10 1 7537 8801 5490
2841 2 2 10 1 5180 6969 6453
2842 2 2 10 1 2726 8201 6180
2843 2 2 10 1 6213 6249 4960
2844 2 2 10 1 4706 6305 4705
2845 2 2 10 1 5755 7265 6722
2846 2 2 10 1 3556 7166 3552
2847 2 2 10 1 8178 8199 3202
2848 2 2 10 1 2577 6729 2579
2849 2 2 10 1 1136 8281 6041
2850 2 2 10 1 6225 6226 5863
2851 2 2 10 1 1652 6419 1655
2852 2 2 10 1 3837 7071 7064
2853 2 2 10 1 6023 8941 5829
2854 2 2 10 1 2094 8263 2354
2855 2 2 10 1 6188 6219 2316
2856 2 2 10 1 5245 8023 6153
2857 2 2 10 1 4519 7263 6181
2858 2 2 10 1 8281 8650 6041
2859 2 2 10 1 6245 7698 5181
2860 2 2 10 1 9079 9125 2599
2861 2 2 10 1 6941 6943 2116
2862 2 2 10 1 4592 6275 5683
2863 2 2 10 1 6020 6176 5120
2864 2 2 10 1 5830 8977 393
2865 2 2 10 1 3738 6273 4857
2866 2 2 10 1 2316 6219 2309
2867 2 2 10 1 6741 6743 4667
2868 2 2 10 1 3077 8493 8486
2869 2 2 10 1 3965 7086 6605
2870 2 2 10 1 4597 6787 6202
2871 2 2 10 1 1233 8822 6002
2872 2 2 10 1 8468 8597 6708
2873 2 2 10 1 6306 6307 4044
2874 2 2 10 1 529 7612 6322
2875 2 2 10 1 7228 8140 5263
2876 2 2 10 1 6935 7449 6403
2877 2 2 10 1 3270 7071 3837
2878 2 2 10 1 1429 6372 2737
2879 2 2 10 1 5805 7455 6003
2880 2 2 10 1 7577 8854 5656
2881 2 2 10 1 6083 8014 1413
2882 2 2 10 1 5183 7842 7102
2883 2 2 10 1 6322 6323 5927
2884 2 2 10 1 6073 7908 6303
2885 2 2 10 1 6013 8421 6521
2886 2 2 10 1 8469 8545 5397
2887 2 2 10 1 9207 9216 7586
2888 2 2 10 1 5858 9332 504
2889 2 2 10 1 6742 7303 5209
2890 2 2 10 1 809 7507 770
2891 2 2 10 1 4528 6373 6054
2892 2 2 10 1 6302 8654 8577
2893 2 2 10 1 6122 6427 6426
2894 2 2 10 1 5403 8773 8487
2895 2 2 10 1 7298 8173 5244
2896 2 2 10 1 7145 7667 6247
2897 2 2 10 1 5476 7963 6158
2898 2 2 10 1 802 8314 3605
2899 2 2 10 1 8633 8666 5320
2900 2 2 10 1 1146 7532 2871
2901 2 2 10 1 6130 6786 4654
2902 2 2 10 1 9654 9688 7388
2903 2 2 10 1 5748 9698 2352
2904 2 2 10 1 5507 9676 7069
2905 2 2 10 1 3187 6230 3185
2906 2 2 10 1 4922 8938 5110
2907 2 2 10 1 6445 6669 6446
2908 2 2 10 1 6646 8701 4806
2909 2 2 10 1 3261 7973 6518
2910 2 2 10 1 1749 9600 7404
2911 2 2 10 1 9225 9264 4092
2912 2 2 10 1 6186 8457 1929
2913 2 2 10 1 4522 7078 4934
2914 2 2 10 1 5105 6414 4454
2915 2 2 10 1 8905 8916 5862
2916 2 2 10 1 6404 8361 4413
2917 2 2 10 1 6533 7688 7020
2918 2 2 10 1 6368 8075 6369
2919 2 2 10 1 6986 8506 6985
2920 2 2 10 1 4460 6234 5868
2921 2 2 10 1 8970 9621 2746
2922 2 2 10 1 2122 8554 6540
2923 2 2 10 1 3873 8564 6074
2924 2 2 10 1 406 9207 7586
2925 2 2 10 1 5809 9580 398
2926 2 2 10 1 2574 8925 5932
2927 2 2 10 1 7055 7056 3338
2928 2 2 10 1 4945 6243 6242
2929 2 2 10 1 728 8157 6088
2930 2 2 10 1 6370 6753 6371
2931 2 2 10 1 1653 9015 1620
2932 2 2 10 1 4629 8562 6942
2933 2 2 10 1 2639 7051 3520
2934 2 2 10 1 1428 6372 1426
2935 2 2 10 1 4064 6439 6183
2936 2 2 10 1 7490 7653 5257
2937 2 2 10 1 7027 7028 6292
2938 2 2 10 1 6408 7055 6406
2939 2 2 10 1 8541 8676 4959
2940 2 2 10 1 4241 7059 6637
2941 2 2 10 1 1211 8513 1216
2942 2 2 10 1 4960 6249 4130
2943 2 2 10 1 4602 7084 4349
2944 2 2 10 1 6676 7127 6342
2945 2 2 10 1 2314 8388 8273
2946 2 2 10 1 5447 6775 6424
2947 2 2 10 1 7250 7814 5182
2948 2 2 10 1 1193 8506 6986
2949 2 2 10 1 1018 6889 1006
2950 2 2 10 1 6609 9089 5788
2951 2 2 10 1 4602 7307 6595
2952 2 2 10 1 3491 8969 3174
2953 2 2 10 1 7815 9654 7388
2954 2 2 10 1 1717 7739 7037
2955 2 2 10 1 6128 6161 4302
2956 2 2 10 1 4868 8438 6862
2957 2 2 10 1 6301 8654 6302
2958 2 2 10 1 3203 8557 6806
2959 2 2 10 1 5156 8466 6262
2960 2 2 10 1 1049 6890 6889
2961 2 2 10 1 5469 6340 4371
2962 2 2 10 1 6439 7808 6934
2963 2 2 10 1 2116 6943 2113
2964 2 2 10 1 3340 7160 2149
2965 2 2 10 1 7001 9219 8853
2966 2 2 10 1 6434 6435 4110
2967 2 2 10 1 6063 9427 6062
2968 2 2 10 1 4954 7275 7054
2969 2 2 10 1 6743 6777 4667
2970 2 2 10 1 6741 8208 6740
2971 2 2 10 1 2863 7422 7148
2972 2 2 10 1 3476 7059 4241
2973 2 2 10 1 4652 6786 6202
2974 2 2 10 1 9585 9589 7569
2975 2 2 10 1 5572 9192 9141
2976 2 2 10 1 7030 7255 5034
2977 2 2 10 1 3116 8323 7007
2978 2 2 10 1 6215 7338 4076
2979 2 2 10 1 6862 8438 6863
2980 2 2 10 1 6259 6260 5239
2981 2 2 10 1 6301 8498 1943
2982 2 2 10 1 5525 6260 6259
2983 2 2 10 1 1717 7694 6804
2984 2 2 10 1 7298 7306 4048
2985 2 2 10 1 3550 7166 4598
2986 2 2 10 1 6083 8372 8014
2987 2 2 10 1 6125 6126 6124
2988 2 2 10 1 6183 7832 4064
2989 2 2 10 1 4044 7415 6306
2990 2 2 10 1 4113 6728 6593
2991 2 2 10 1 7663 8895 8859
2992 2 2 10 1 3077 7721 6367
2993 2 2 10 1 6465 8378 2028
2994 2 2 10 1 501 9585 7569
2995 2 2 10 1 6987 6988 3754
2996 2 2 10 1 6593 6727 4113
2997 2 2 10 1 7388 9688 2030
2998 2 2 10 1 5972 9104 427
2999 2 2 10 1 6764 9269 5377
3000 2 2 10 1 6008 8930 526
3001 2 2 10 1 6518 6522 3261
3002 2 2 10 1 3052 7249 963
3003 2 2 10 1 2145 7317 2143
3004 2 2 10 1 5776 6226 6225
3005 2 2 10 1 6245 7738 7698
3006 2 2 10 1 4046 6291 4045
3007 2 2 10 1 6533 7020 7019
3008 2 2 10 1 3837 7064 7063
3009 2 2 10 1 6007 8547 6346
3010 2 2 10 1 4707 8283 1061
3011 2 2 10 1 7036 7416 1721
3012 2 2 10 1 6600 7317 3370
3013 2 2 10 1 5255 8324 8287
3014 2 2 10 1 410 8963 5943
3015 2 2 10 1 4196 6885 6389
3016 2 2 10 1 4607 7296 7093
3017 2 2 10 1 3438 8517 6051
3018 2 2 10 1 2116 7363 6939
3019 2 2 10 1 1743 8254 1744
3020 2 2 10 1 5255 8377 7041
3021 2 2 10 1 6584 8475 4875
3022 2 2 10 1 845 7465 837
3023 2 2 10 1 6281 7262 5196
3024 2 2 10 1 6240 6241 4604
3025 2 2 10 1 6261 6438 5896
3026 2 2 10 1 6988 7935 3754
3027 2 2 10 1 6778 8828 5371
3028 2 2 10 1 4678 8170 6756
3029 2 2 10 1 3408 6496 6221
3030 2 2 10 1 6163 8231 6030
3031 2 2 10 1 2527 8174 6703
3032 2 2 10 1 6239 6379 5417
3033 2 2 10 1 6430 8283 4707
3034 2 2 10 1 7570 8640 463
3035 2 2 10 1 4598 7166 7164
3036 2 2 10 1 3142 8465 6070
3037 2 2 10 1 6811 8396 8375
3038 2 2 10 1 4522 7450 7078
3039 2 2 10 1 5767 9405 9400
3040 2 2 10 1 6273 6274 4857
3041 2 2 10 1 3884 8119 6112
3042 2 2 10 1 3666 8499 7273
3043 2 2 10 1 4084 6753 6370
3044 2 2 10 1 6122 6426 6121
3045 2 2 10 1 6153 7803 5245
3046 2 2 10 1 2304 7086 3965
3047 2 2 10 1 8687 8898 5002
3048 2 2 10 1 6246 7667 3526
3049 2 2 10 1 7084 7085 5145
3050 2 2 10 1 2770 8511 8203
3051 2 2 10 1 6749 8824 1651
3052 2 2 10 1 4113 6727 2581
3053 2 2 10 1 7819 7880 6874
3054 2 2 10 1 3725 7502 6312
3055 2 2 10 1 6315 7996 6780
3056 2 2 10 1 6314 7509 5193
3057 2 2 10 1 2714 6134 6133
3058 2 2 10 1 4641 7283 6196
3059 2 2 10 1 4791 8315 7784
3060 2 2 10 1 984 7917 6331
3061 2 2 10 1 3520 7051 7047
3062 2 2 10 1 4576 6246 6208
3063 2 2 10 1 5993 9208 7536
3064 2 2 10 1 5706 9561 9223
3065 2 2 10 1 5187 7063 5488
3066 2 2 10 1 1585 8818 1555
3067 2 2 10 1 5282 7701 6353
3068 2 2 10 1 6103 6230 3187
3069 2 2 10 1 1001 6331 4662
3070 2 2 10 1 6247 7146 7145
3071 2 2 10 1 3480 6379 4208
3072 2 2 10 1 7064 7071 7066
3073 2 2 10 1 6403 7449 5152
3074 2 2 10 1 4356 6858 6857
3075 2 2 10 1 2820 7079 3121
3076 2 2 10 1 3034 8109 6267
3077 2 2 10 1 7195 7306 7298
3078 2 2 10 1 3370 7160 6602
3079 2 2 10 1 6224 8738 5869
3080 2 2 10 1 3517 7269 3599
3081 2 2 10 1 6017 7448 6050
3082 2 2 10 1 1841 6386 1839
3083 2 2 10 1 5308 8398 6608
3084 2 2 10 1 6909 7794 6751
3085 2 2 10 1 5470 8804 8680
3086 2 2 10 1 4756 6417 6264
3087 2 2 10 1 3655 7352 3653
3088 2 2 10 1 6922 8957 5989
3089 2 2 10 1 6249 6442 4130
3090 2 2 10 1 3605 8314 6374
3091 2 2 10 1 3753 7081 7080
3092 2 2 10 1 1203 8844 6214
3093 2 2 10 1 3208 8264 4038
3094 2 2 10 1 6202 6786 4597
3095 2 2 10 1 2147 7160 3370
3096 2 2 10 1 6250 8927 5106
3097 2 2 10 1 8777 8918 6636
3098 2 2 10 1 6537 7518 4554
3099 2 2 10 1 6291 7027 6292
3100 2 2 10 1 2800 7499 7458
3101 2 2 10 1 2656 9306 5867
3102 2 2 10 1 6340 6377 4371
3103 2 2 10 1 6382 6725 6381
3104 2 2 10 1 4005 7086 2302
3105 2 2 10 1 6391 6719 6390
3106 2 2 10 1 6123 6124 6038
3107 2 2 10 1 6906 6907 6905
3108 2 2 10 1 2316 7027 6188
3109 2 2 10 1 5194 7030 6225
3110 2 2 10 1 7146 7167 1735
3111 2 2 10 1 6228 7054 5195
3112 2 2 10 1 8844 9083 6214
3113 2 2 10 1 2726 8306 8119
3114 2 2 10 1 6253 6498 2769
3115 2 2 10 1 6353 7701 3644
3116 2 2 10 1 6221 6406 3408
3117 2 2 10 1 6767 8792 8751
3118 2 2 10 1 4190 7199 4193
3119 2 2 10 1 4594 6787 4597
3120 2 2 10 1 5246 6868 6233
3121 2 2 10 1 5942 8775 3555
3122 2 2 10 1 1890 6928 1895
3123 2 2 10 1 4038 7484 5000
3124 2 2 10 1 6264 8164 4756
3125 2 2 10 1 3753 7950 7081
3126 2 2 10 1 5156 8472 8466
3127 2 2 10 1 5038 6438 6261
3128 2 2 10 1 719 6303 679
3129 2 2 10 1 4943 6274 6273
3130 2 2 10 1 1676 7897 6810
3131 2 2 10 1 5741 7189 5301
3132 2 2 10 1 6943 8562 6944
3133 2 2 10 1 1345 8367 8180
3134 2 2 10 1 2636 8243 2395
3135 2 2 10 1 6516 7148 4718
3136 2 2 10 1 2518 7863 6283
3137 2 2 10 1 6198 6199 4235
3138 2 2 10 1 3407 8446 6803
3139 2 2 10 1 8145 9377 1100
3140 2 2 10 1 2699 8439 3275
3141 2 2 10 1 5301 7189 5576
3142 2 2 10 1 6793 8519 5066
3143 2 2 10 1 1989 8665 7170
3144 2 2 10 1 5818 9503 5478
3145 2 2 10 1 5186 7079 6248
3146 2 2 10 1 4465 7304 3547
3147 2 2 10 1 401 9223 7565
3148 2 2 10 1 7158 7466 7157
3149 2 2 10 1 6281 7316 7262
3150 2 2 10 1 486 9226 5993
3151 2 2 10 1 6948 7527 5813
3152 2 2 10 1 1574 7161 2300
3153 2 2 10 1 5715 9224 9151
3154 2 2 10 1 3311 6417 3762
3155 2 2 10 1 6421 6422 3906
3156 2 2 10 1 4024 7305 6756
3157 2 2 10 1 3486 7450 4522
3158 2 2 10 1 3241 6421 3906
3159 2 2 10 1 5470 8821 8804
3160 2 2 10 1 8038 9164 9153
3161 2 2 10 1 6912 8315 6729
3162 2 2 10 1 3116 8370 8323
3163 2 2 10 1 1776 7880 7819
3164 2 2 10 1 4617 7702 6294
3165 2 2 10 1 3954 6438 5038
3166 2 2 10 1 5254 8275 5261
3167 2 2 10 1 4620 7650 6945
3168 2 2 10 1 6188 7027 6053
3169 2 2 10 1 6987 8096 6984
3170 2 2 10 1 6011 8421 6013
3171 2 2 10 1 1892 6928 1890
3172 2 2 10 1 1016 7130 7129
3173 2 2 10 1 7890 8275 5254
3174 2 2 10 1 6278 8968 2027
3175 2 2 10 1 3298 6497 6254
3176 2 2 10 1 3845 6906 3193
3177 2 2 10 1 4208 6379 6239
3178 2 2 10 1 6886 9726 412
3179 2 2 10 1 5238 7018 6259
3180 2 2 10 1 4453 6414 6413
3181 2 2 10 1 6245 7450 3354
3182 2 2 10 1 6646 8788 1585
3183 2 2 10 1 4077 8115 3051
3184 2 2 10 1 7274 8451 2727
3185 2 2 10 1 1002 6431 2769
3186 2 2 10 1 6187 8457 6186
3187 2 2 10 1 5490 9575 7537
3188 2 2 10 1 3113 7339 3924
3189 2 2 10 1 3818 6317 6316
3190 2 2 10 1 6233 7842 5246
3191 2 2 10 1 502 9556 6164
3192 2 2 10 1 7462 9528 9181
3193 2 2 10 1 3599 7269 7267
3194 2 2 10 1 6020 7866 6177
3195 2 2 10 1 2470 8030 7051
3196 2 2 10 1 3653 7352 3688
3197 2 2 10 1 5529 9239 7599
3198 2 2 10 1 3557 6394 3563
3199 2 2 10 1 5849 5850 5848
3200 2 2 10 1 4076 7824 6215
3201 2 2 10 1 6708 8597 1934
3202 2 2 10 1 3553 7263 4519
3203 2 2 10 1 4327 7127 6676
3204 2 2 10 1 6958 8098 7080
3205 2 2 10 1 2577 6912 6729
3206 2 2 10 1 4595 7251 4593
3207 2 2 10 1 5248 6906 6905
3208 2 2 10 1 5452 6456 6454
3209 2 2 10 1 105 9729 5928
3210 2 2 10 1 4052 7242 3339
3211 2 2 10 1 2200 8139 2058
3212 2 2 10 1 6196 7283 3563
3213 2 2 10 1 3762 6417 4756
3214 2 2 10 1 5060 9731 7120
3215 2 2 10 1 6933 7706 1256
3216 2 2 10 1 8152 8382 6000
3217 2 2 10 1 6126 8891 6124
3218 2 2 10 1 6631 9655 9438
3219 2 2 10 1 3001 7704 6298
3220 2 2 10 1 4610 6335 5930
3221 2 2 10 1 7032 8224 7035
3222 2 2 10 1 4635 7222 3778
3223 2 2 10 1 6390 6719 3855
3224 2 2 10 1 8162 8288 820
3225 2 2 10 1 4614 6333 5091
3226 2 2 10 1 6381 6725 4246
3227 2 2 10 1 322 9625 6232
3228 2 2 10 1 4553 8419 6653
3229 2 2 10 1 8287 8324 3014
3230 2 2 10 1 4064 7808 6439
3231 2 2 10 1 3021 7864 6163
3232 2 2 10 1 2523 6398 2659
3233 2 2 10 1 5179 6306 6305
3234 2 2 10 1 6072 6303 2394
3235 2 2 10 1 5414 8766 8454
3236 2 2 10 1 3598 9518 5867
3237 2 2 10 1 4575 6246 4576
3238 2 2 10 1 8991 9020 1261
3239 2 2 10 1 2846 8044 7248
3240 2 2 10 1 2310 7028 2316
3241 2 2 10 1 5208 7501 7330
3242 2 2 10 1 6416 8254 1743
3243 2 2 10 1 4350 9241 5949
3244 2 2 10 1 5820 9291 7879
3245 2 2 10 1 2769 6429 6253
3246 2 2 10 1 5114 8571 6089
3247 2 2 10 1 1550 6392 1576
3248 2 2 10 1 2247 8013 7725
3249 2 2 10 1 6109 8244 714
3250 2 2 10 1 6599 7259 6954
3251 2 2 10 1 1655 6419 2834
3252 2 2 10 1 5371 8828 8826
3253 2 2 10 1 6391 6720 6719
3254 2 2 10 1 2126 6857 2127
3255 2 2 10 1 7153 7773 7338
3256 2 2 10 1 6562 7370 2943
3257 2 2 10 1 4667 8208 6741
3258 2 2 10 1 6718 6722 3877
3259 2 2 10 1 4146 6854 6853
3260 2 2 10 1 5248 6905 6904
3261 2 2 10 1 6042 8791 2437
3262 2 2 10 1 5423 6493 4281
3263 2 2 10 1 3555 6394 3554
3264 2 2 10 1 6834 7780 4056
3265 2 2 10 1 6266 8413 6265
3266 2 2 10 1 6880 7509 6314
3267 2 2 10 1 6312 7502 6882
3268 2 2 10 1 3069 8129 6496
3269 2 2 10 1 6095 7745 6097
3270 2 2 10 1 2006 8995 5947
3271 2 2 10 1 4454 6414 4453
3272 2 2 10 1 6306 7415 4705
3273 2 2 10 1 5155 6396 6211
3274 2 2 10 1 6308 7708 3079
3275 2 2 10 1 5245 8305 8023
3276 2 2 10 1 6307 7465 4044
3277 2 2 10 1 6945 7650 7226
3278 2 2 10 1 6247 7167 7146
3279 2 2 10 1 5207 7794 6909
3280 2 2 10 1 301 6339 300
3281 2 2 10 1 4943 8583 6274
3282 2 2 10 1 3754 8096 6987
3283 2 2 10 1 6383 6785 4577
3284 2 2 10 1 6658 7293 2818
3285 2 2 10 1 3516 7269 3517
3286 2 2 10 1 6393 8656 8553
3287 2 2 10 1 6005 6006 1252
3288 2 2 10 1 8030 8285 7051
3289 2 2 10 1 5936 9048 5169
3290 2 2 10 1 2587 6345 3151
3291 2 2 10 1 3597 8635 6871
3292 2 2 10 1 6252 6297 5205
3293 2 2 10 1 4555 6412 5574
3294 2 2 10 1 3588 6393 6299
3295 2 2 10 1 2581 6727 2583
3296 2 2 10 1 3108 7059 3476
3297 2 2 10 1 1634 7260 1636
3298 2 2 10 1 5276 7094 6329
3299 2 2 10 1 9216 9229 524
3300 2 2 10 1 3151 6345 6297
3301 2 2 10 1 884 7270 886
3302 2 2 10 1 1234 7279 1232
3303 2 2 10 1 1049 6889 1018
3304 2 2 10 1 5722 7482 7235
3305 2 2 10 1 6109 8405 8244
3306 2 2 10 1 6356 7344 4574
3307 2 2 10 1 6647 7347 2735
3308 2 2 10 1 2473 7261 7260
3309 2 2 10 1 7963 8274 6158
3310 2 2 10 1 3281 7486 6357
3311 2 2 10 1 4672 6064 6063
3312 2 2 10 1 6189 6276 5050
3313 2 2 10 1 3730 8133 7401
3314 2 2 10 1 4712 6209 5827
3315 2 2 10 1 1403 6673 1397
3316 2 2 10 1 6370 7359 4084
3317 2 2 10 1 7002 8416 2647
3318 2 2 10 1 4005 7161 6601
3319 2 2 10 1 7881 9714 551
3320 2 2 10 1 1902 6888 2194
3321 2 2 10 1 6225 7030 5034
3322 2 2 10 1 6143 6174 6172
3323 2 2 10 1 740 7760 6497
3324 2 2 10 1 9589 9591 440
3325 2 2 10 1 5568 7199 6282
3326 2 2 10 1 4254 7018 3672
3327 2 2 10 1 2907 8324 7041
3328 2 2 10 1 9211 9316 2119
3329 2 2 10 1 4954 7054 6228
3330 2 2 10 1 2830 7725 6787
3331 2 2 10 1 7007 8212 2612
3332 2 2 10 1 2828 6904 3111
3333 2 2 10 1 454 6339 301
3334 2 2 10 1 1651 6419 1652
3335 2 2 10 1 7484 7774 5000
3336 2 2 10 1 5206 7286 6622
3337 2 2 10 1 2846 8183 7492
3338 2 2 10 1 3151 6297 3898
3339 2 2 10 1 3545 7304 5209
3340 2 2 10 1 5125 9658 8166
3341 2 2 10 1 5257 7653 7224
3342 2 2 10 1 8679 8865 7677
3343 2 2 10 1 5209 7304 6742
3344 2 2 10 1 2921 8318 2931
3345 2 2 10 1 6536 7518 6537
3346 2 2 10 1 6980 7428 6921
3347 2 2 10 1 2638 6906 5248
3348 2 2 10 1 5307 9172 9153
3349 2 2 10 1 6603 7086 4005
3350 2 2 10 1 7586 9216 524
3351 2 2 10 1 3932 8821 5470
3352 2 2 10 1 7032 7035 7034
3353 2 2 10 1 2971 8629 6586
3354 2 2 10 1 4212 7249 3052
3355 2 2 10 1 7384 8362 5325
3356 2 2 10 1 5010 6474 4103
3357 2 2 10 1 7331 8133 8105
3358 2 2 10 1 3325 7428 6980
3359 2 2 10 1 4146 6853 6852
3360 2 2 10 1 7303 7346 5209
3361 2 2 10 1 6047 9187 5975
3362 2 2 10 1 6333 6334 5091
3363 2 2 10 1 6581 7447 2943
3364 2 2 10 1 6376 8834 5922
3365 2 2 10 1 6347 8795 5378
3366 2 2 10 1 3907 6775 4047
3367 2 2 10 1 7002 8494 5640
3368 2 2 10 1 1701 7300 1703
3369 2 2 10 1 6756 8170 6098
3370 2 2 10 1 6222 6223 1073
3371 2 2 10 1 4427 6305 6059
3372 2 2 10 1 5905 8162 4060
3373 2 2 10 1 4617 7959 6895
3374 2 2 10 1 5117 8968 6278
3375 2 2 10 1 5738 7529 6384
3376 2 2 10 1 9438 9655 5977
3377 2 2 10 1 3611 6525 3607
3378 2 2 10 1 2714 6386 1841
3379 2 2 10 1 7569 9589 440
3380 2 2 10 1 7646 9026 5987
3381 2 2 10 1 6845 6848 6847
3382 2 2 10 1 6721 6722 6718
3383 2 2 10 1 6178 6179 4580
3384 2 2 10 1 954 7917 984
3385 2 2 10 1 4666 7217 7215
3386 2 2 10 1 8751 8792 4801
3387 2 2 10 1 5866 9420 1602
3388 2 2 10 1 2782 8621 6862
3389 2 2 10 1 4566 6672 6671
3390 2 2 10 1 8489 8745 5784
3391 2 2 10 1 3144 6444 5745
3392 2 2 10 1 5627 8416 7002
3393 2 2 10 1 2836 7507 809
3394 2 2 10 1 3898 6297 4973
3395 2 2 10 1 4817 8279 6470
3396 2 2 10 1 6942 8588 4629
3397 2 2 10 1 5802 6352 5860
3398 2 2 10 1 5966 8227 5964
3399 2 2 10 1 1753 7332 1900
3400 2 2 10 1 5285 9634 6382
3401 2 2 10 1 6382 9634 8076
3402 2 2 10 1 6735 8867 6734
3403 2 2 10 1 7248 8044 7249
3404 2 2 10 1 4041 8260 6428
3405 2 2 10 1 5181 7450 6245
3406 2 2 10 1 6479 8243 2636
3407 2 2 10 1 3480 7508 6379
3408 2 2 10 1 4453 6413 6412
3409 2 2 10 1 5029 7222 6290
3410 2 2 10 1 6281 7263 3551
3411 2 2 10 1 4845 6235 6234
3412 2 2 10 1 1693 7694 1717
3413 2 2 10 1 7009 8443 4752
3414 2 2 10 1 4592 7242 6275
3415 2 2 10 1 5986 5987 5985
3416 2 2 10 1 1933 7034 1946
3417 2 2 10 1 6542 6665 6541
3418 2 2 10 1 6556 6660 6555
3419 2 2 10 1 747 7458 743
3420 2 2 10 1 2316 7028 7027
3421 2 2 10 1 3738 7251 6273
3422 2 2 10 1 6164 9568 502
3423 2 2 10 1 6133 8649 4732
3424 2 2 10 1 3633 7527 6948
3425 2 2 10 1 4356 6857 2126
3426 2 2 10 1 810 6863 3663
3427 2 2 10 1 6440 8141 704
3428 2 2 10 1 699 6872 1274
3429 2 2 10 1 1130 6866 1775
3430 2 2 10 1 3370 7317 2145
3431 2 2 10 1 7136 7696 5281
3432 2 2 10 1 5196 7263 6281
3433 2 2 10 1 4821 6423 6422
3434 2 2 10 1 7559 9232 5975
3435 2 2 10 1 466 8933 6827
3436 2 2 10 1 2394 6303 719
3437 2 2 10 1 6297 6345 5205
3438 2 2 10 1 7019 7483 6533
3439 2 2 10 1 4111 6435 5153
3440 2 2 10 1 6177 7866 7499
3441 2 2 10 1 6999 7489 5916
3442 2 2 10 1 3034 8231 7864
3443 2 2 10 1 2382 6835 2059
3444 2 2 10 1 855 6709 1934
3445 2 2 10 1 5274 9193 9150
3446 2 2 10 1 2579 6729 4113
3447 2 2 10 1 512 9650 6681
3448 2 2 10 1 4566 6671 6670
3449 2 2 10 1 1270 6759 1915
3450 2 2 10 1 5951 5952 1054
3451 2 2 10 1 5009 6334 6333
3452 2 2 10 1 7040 8600 2381
3453 2 2 10 1 6633 6638 6636
3454 2 2 10 1 6295 7339 4609
3455 2 2 10 1 7824 8561 6215
3456 2 2 10 1 4593 7251 6460
3457 2 2 10 1 3339 7242 6459
3458 2 2 10 1 6597 7161 1574
3459 2 2 10 1 5494 7100 6332
3460 2 2 10 1 5306 9172 5307
3461 2 2 10 1 7570 9520 8640
3462 2 2 10 1 6428 8260 5294
3463 2 2 10 1 6102 8263 5982
3464 2 2 10 1 6835 7780 6834
3465 2 2 10 1 3607 6525 2270
3466 2 2 10 1 4407 6291 4046
3467 2 2 10 1 6409 7237 5395
3468 2 2 10 1 6410 7239 5361
3469 2 2 10 1 5287 8141 6440
3470 2 2 10 1 7093 7350 4607
3471 2 2 10 1 7080 8098 3753
3472 2 2 10 1 4987 6268 4584
3473 2 2 10 1 8222 8289 2970
3474 2 2 10 1 8132 8138 2421
3475 2 2 10 1 4610 7253 6335
3476 2 2 10 1 4036 8449 7053
3477 2 2 10 1 6315 6780 3525
3478 2 2 10 1 2735 7287 7163
3479 2 2 10 1 5869 8597 8047
3480 2 2 10 1 5955 8793 6401
3481 2 2 10 1 4246 7276 6381
3482 2 2 10 1 4614 7277 6333
3483 2 2 10 1 8986 9021 518
3484 2 2 10 1 1721 7416 6550
3485 2 2 10 1 6276 6277 5051
3486 2 2 10 1 7338 7773 4076
3487 2 2 10 1 1839 6386 2782
3488 2 2 10 1 6291 6292 4045
3489 2 2 10 1 4576 8163 5247
3490 2 2 10 1 3121 7079 5186
3491 2 2 10 1 5898 8176 6899
3492 2 2 10 1 3510 8529 8310
3493 2 2 10 1 6147 9621 8970
3494 2 2 10 1 7074 7930 1917
3495 2 2 10 1 6933 7291 5241
3496 2 2 10 1 7721 7903 6367
3497 2 2 10 1 6934 7299 6439
3498 2 2 10 1 3027 7302 6387
3499 2 2 10 1 8463 9427 6063
3500 2 2 10 1 2449 7296 2745
3501 2 2 10 1 5617 9682 6349
3502 2 2 10 1 1576 6392 1646
3503 2 2 10 1 3855 7314 6390
3504 2 2 10 1 6931 7312 5237
3505 2 2 10 1 6389 7318 4196
3506 2 2 10 1 5489 6425 4819
3507 2 2 10 1 4679 7093 7091
3508 2 2 10 1 6822 6823 5053
3509 2 2 10 1 2375 8545 8469
3510 2 2 10 1 7060 7521 5210
3511 2 2 10 1 5197 7513 6418
3512 2 2 10 1 5573 7522 6415
3513 2 2 10 1 8717 9406 549
3514 2 2 10 1 452 8399 7611
3515 2 2 10 1 2659 6398 3491
3516 2 2 10 1 7295 7348 6237
3517 2 2 10 1 5408 7530 6843
3518 2 2 10 1 4110 6435 4111
3519 2 2 10 1 2194 6888 2508
3520 2 2 10 1 1006 6889 6383
3521 2 2 10 1 3111 6904 3513
3522 2 2 10 1 2824 7131 7130
3523 2 2 10 1 2073 7295 2418
3524 2 2 10 1 4563 8558 6669
3525 2 2 10 1 4793 8523 3326
3526 2 2 10 1 5246 7793 6868
3527 2 2 10 1 1658 6673 1403
3528 2 2 10 1 6498 7761 992
3529 2 2 10 1 716 7346 7303
3530 2 2 10 1 8572 8637 4920
3531 2 2 10 1 5179 6305 4427
3532 2 2 10 1 4061 7768 6935
3533 2 2 10 1 6685 8708 4375
3534 2 2 10 1 6443 7469 4649
3535 2 2 10 1 6926 6928 1892
3536 2 2 10 1 5889 8524 4965
3537 2 2 10 1 6971 7199 4190
3538 2 2 10 1 2511 8201 2726
3539 2 2 10 1 2903 8198 3014
3540 2 2 10 1 6872 8423 1274
3541 2 2 10 1 6560 6660 6556
3542 2 2 10 1 6548 6665 6542
3543 2 2 10 1 6838 7249 4212
3544 2 2 10 1 3311 7487 6417
3545 2 2 10 1 6165 8287 3014
3546 2 2 10 1 6470 8279 2972
3547 2 2 10 1 6508 6511 4574
3548 2 2 10 1 2872 7496 6420
3549 2 2 10 1 6219 7074 2309
3550 2 2 10 1 3241 7500 6421
3551 2 2 10 1 5377 9573 6764
3552 2 2 10 1 5014 7090 6337
3553 2 2 10 1 4792 7777 6894
3554 2 2 10 1 1126 7034 1933
3555 2 2 10 1 6935 7768 6748
3556 2 2 10 1 4578 6491 6487
3557 2 2 10 1 797 6709 855
3558 2 2 10 1 6337 8789 5014
3559 2 2 10 1 1703 8041 1705
3560 2 2 10 1 5179 6307 6306
3561 2 2 10 1 3954 7498 6438
3562 2 2 10 1 5949 9441 4350
3563 2 2 10 1 6351 6399 4506
3564 2 2 10 1 6894 7777 6893
3565 2 2 10 1 9332 9686 450
3566 2 2 10 1 3485 6508 4574
3567 2 2 10 1 1134 6759 1270
3568 2 2 10 1 7544 9090 5269
3569 2 2 10 1 9461 9509 5513
3570 2 2 10 1 733 7254 738
3571 2 2 10 1 8788 8818 1585
3572 2 2 10 1 4555 6477 6412
3573 2 2 10 1 7698 7738 6956
3574 2 2 10 1 755 7147 4586
3575 2 2 10 1 2054 7136 5281
3576 2 2 10 1 3633 6948 6946
3577 2 2 10 1 1931 7221 1874
3578 2 2 10 1 5815 7281 6293
3579 2 2 10 1 447 9563 7058
3580 2 2 10 1 3541 7127 4327
3581 2 2 10 1 4327 6676 6675
3582 2 2 10 1 315 9602 6789
3583 2 2 10 1 6172 6173 6144
3584 2 2 10 1 4084 7359 3584
3585 2 2 10 1 3409 6969 6395
3586 2 2 10 1 2059 6835 1837
3587 2 2 10 1 5050 6276 5051
3588 2 2 10 1 4821 6422 6421
3589 2 2 10 1 6993 7279 1234
3590 2 2 10 1 7035 7052 1946
3591 2 2 10 1 5914 9176 4329
3592 2 2 10 1 6952 7221 4040
3593 2 2 10 1 4044 7465 845
3594 2 2 10 1 9155 9506 5825
3595 2 2 10 1 7150 7699 7033
3596 2 2 10 1 2735 7347 1506
3597 2 2 10 1 4852 6708 6707
3598 2 2 10 1 4743 8391 6271
3599 2 2 10 1 4574 7344 3353
3600 2 2 10 1 7248 8183 2846
3601 2 2 10 1 6961 9433 8363
3602 2 2 10 1 2587 7198 6345
3603 2 2 10 1 4729 8075 6368
3604 2 2 10 1 772 6863 810
3605 2 2 10 1 6589 6594 3979
3606 2 2 10 1 5412 8498 6301
3607 2 2 10 1 696 6872 699
3608 2 2 10 1 1114 6866 1130
3609 2 2 10 1 7725 8013 6787
3610 2 2 10 1 4657 6969 6968
3611 2 2 10 1 4657 8143 6453
3612 2 2 10 1 6338 6480 5913
3613 2 2 10 1 6719 6721 6718
3614 2 2 10 1 6661 6663 4724
3615 2 2 10 1 6496 8129 6221
3616 2 2 10 1 6454 7512 5452
3617 2 2 10 1 6497 7760 6254
3618 2 2 10 1 6445 7511 2748
3619 2 2 10 1 3281 7903 7721
3620 2 2 10 1 5368 9273 9237
3621 2 2 10 1 3303 7090 4129
3622 2 2 10 1 6809 6812 6810
3623 2 2 10 1 4013 6823 3528
3624 2 2 10 1 6003 8746 6007
3625 2 2 10 1 6441 6974 6973
3626 2 2 10 1 2123 7226 2111
3627 2 2 10 1 6804 7739 1717
3628 2 2 10 1 3144 6483 6444
3629 2 2 10 1 2657 8400 8342
3630 2 2 10 1 6310 6311 3005
3631 2 2 10 1 2463 8140 7228
3632 2 2 10 1 6845 6847 6846
3633 2 2 10 1 4876 6462 6461
3634 2 2 10 1 6326 9085 6328
3635 2 2 10 1 7095 7332 1753
3636 2 2 10 1 4575 6247 6246
3637 2 2 10 1 6898 6936 6897
3638 2 2 10 1 6534 8339 7690
3639 2 2 10 1 4710 8135 4075
3640 2 2 10 1 8273 8388 6241
3641 2 2 10 1 2284 7459 6908
3642 2 2 10 1 4193 7199 5568
3643 2 2 10 1 6154 7098 7097
3644 2 2 10 1 2875 6398 2523
3645 2 2 10 1 770 7507 7330
3646 2 2 10 1 5891 6037 5892
3647 2 2 10 1 4724 6664 6642
3648 2 2 10 1 4102 6473 6472
3649 2 2 10 1 7060 7856 3024
3650 2 2 10 1 4239 9682 5617
3651 2 2 10 1 4074 6965 5367
3652 2 2 10 1 1834 6869 2080
3653 2 2 10 1 3983 8746 7455
3654 2 2 10 1 3588 6392 1550
3655 2 2 10 1 1329 6966 2781
3656 2 2 10 1 903 6397 6211
3657 2 2 10 1 2655 8119 3884
3658 2 2 10 1 6491 6492 6489
3659 2 2 10 1 3418 7100 4120
3660 2 2 10 1 3700 7150 7033
3661 2 2 10 1 2759 6964 4583
3662 2 2 10 1 6594 6595 3979
3663 2 2 10 1 4529 6947 6940
3664 2 2 10 1 6220 7969 7114
3665 2 2 10 1 2004 7297 2014
3666 2 2 10 1 3538 9002 6021
3667 2 2 10 1 2300 7161 4005
3668 2 2 10 1 3181 8077 6457
3669 2 2 10 1 7542 9171 6371
3670 2 2 10 1 5982 8263 8203
3671 2 2 10 1 6165 8198 8151
3672 2 2 10 1 6663 6664 4724
3673 2 2 10 1 2473 7260 1634
3674 2 2 10 1 1830 8143 4657
3675 2 2 10 1 9145 9191 5688
3676 2 2 10 1 5435 9382 9333
3677 2 2 10 1 6180 8306 2726
3678 2 2 10 1 5408 6843 4159
3679 2 2 10 1 6796 6809 6799
3680 2 2 10 1 7106 7107 7105
3681 2 2 10 1 4731 8396 6811
3682 2 2 10 1 2687 8109 3034
3683 2 2 10 1 5645 8037 5280
3684 2 2 10 1 4146 6852 3168
3685 2 2 10 1 4120 7100 5494
3686 2 2 10 1 439 9152 7598
3687 2 2 10 1 5112 6344 5269
3688 2 2 10 1 2429 6738 2712
3689 2 2 10 1 6266 8474 8413
3690 2 2 10 1 4047 6775 5447
3691 2 2 10 1 1232 7279 2399
3692 2 2 10 1 574 7183 2079
3693 2 2 10 1 6868 7793 6869
3694 2 2 10 1 2033 8233 2034
3695 2 2 10 1 6615 7270 884
3696 2 2 10 1 3082 7452 4869
3697 2 2 10 1 6881 8356 4588
3698 2 2 10 1 7034 7035 1946
3699 2 2 10 1 886 7270 2152
3700 2 2 10 1 2950 6875 2953
3701 2 2 10 1 2676 8946 6046
3702 2 2 10 1 6427 8144 833
3703 2 2 10 1 5137 6437 5136
3704 2 2 10 1 2117 7363 2114
3705 2 2 10 1 1623 9395 5979
3706 2 2 10 1 9133 9170 7705
3707 2 2 10 1 5863 6344 5112
3708 2 2 10 1 6259 7018 4254
3709 2 2 10 1 2362 6693 2359
3710 2 2 10 1 4268 6846 6716
3711 2 2 10 1 5874 6351 4507
3712 2 2 10 1 8982 9103 6022
3713 2 2 10 1 6326 6327 4630
3714 2 2 10 1 7491 8178 7661
3715 2 2 10 1 7262 7316 1573
3716 2 2 10 1 6595 7307 3979
3717 2 2 10 1 2143 7317 6954
3718 2 2 10 1 9135 9169 1468
3719 2 2 10 1 2323 7293 2321
3720 2 2 10 1 1894 6926 1892
3721 2 2 10 1 4103 6474 4102
3722 2 2 10 1 4102 6474 6473
3723 2 2 10 1 2245 9222 5991
3724 2 2 10 1 6954 7317 6599
3725 2 2 10 1 8079 9237 9193
3726 2 2 10 1 7007 8323 5604
3727 2 2 10 1 3252 7732 3288
3728 2 2 10 1 1768 9038 7714
3729 2 2 10 1 4438 6726 5479
3730 2 2 10 1 6290 8640 5029
3731 2 2 10 1 3501 6377 3122
3732 2 2 10 1 3302 6442 2644
3733 2 2 10 1 6383 6889 6785
3734 2 2 10 1 1636 7260 7006
3735 2 2 10 1 3338 7371 6964
3736 2 2 10 1 6412 6413 5574
3737 2 2 10 1 7182 7184 7183
3738 2 2 10 1 6180 8201 8131
3739 2 2 10 1 3264 7737 3265
3740 2 2 10 1 6331 7917 6132
3741 2 2 10 1 4680 7451 6469
3742 2 2 10 1 8961 8986 7588
3743 2 2 10 1 7112 7786 7110
3744 2 2 10 1 713 7346 716
3745 2 2 10 1 7908 8611 680
3746 2 2 10 1 5053 8293 6822
3747 2 2 10 1 5095 6105 6104
3748 2 2 10 1 6795 6796 2474
3749 2 2 10 1 6275 7242 4052
3750 2 2 10 1 6945 7226 2123
3751 2 2 10 1 6487 6491 6489
3752 2 2 10 1 3860 9148 9146
3753 2 2 10 1 6651 6652 4673
3754 2 2 10 1 2734 8384 6125
3755 2 2 10 1 6290 7222 4635
3756 2 2 10 1 1835 6869 1834
3757 2 2 10 1 6273 7251 4595
3758 2 2 10 1 4649 7469 2876
3759 2 2 10 1 3924 7339 6295
3760 2 2 10 1 6738 6739 2712
3761 2 2 10 1 6540 8639 2122
3762 2 2 10 1 847 7194 4599
3763 2 2 10 1 6253 7761 6498
3764 2 2 10 1 6795 6809 6796
3765 2 2 10 1 3749 7786 7112
3766 2 2 10 1 7235 7482 3189
3767 2 2 10 1 5263 8140 8042
3768 2 2 10 1 1687 6795 2474
3769 2 2 10 1 6463 8233 2033
3770 2 2 10 1 1602 9463 5866
3771 2 2 10 1 5846 5848 5847
3772 2 2 10 1 6088 7351 6086
3773 2 2 10 1 5247 8159 6888
3774 2 2 10 1 6798 8375 6803
3775 2 2 10 1 6293 6310 749
3776 2 2 10 1 6464 7339 3113
3777 2 2 10 1 6673 8160 6672
3778 2 2 10 1 1900 7332 2163
3779 2 2 10 1 4869 7452 6494
3780 2 2 10 1 2259 7092 2280
3781 2 2 10 1 6668 6669 2748
3782 2 2 10 1 6384 7529 2317
3783 2 2 10 1 1089 7152 1078
3784 2 2 10 1 2237 7155 2603
3785 2 2 10 1 4129 7090 5014
3786 2 2 10 1 8795 8815 5378
3787 2 2 10 1 1262 7216 1878
3788 2 2 10 1 837 7465 835
3789 2 2 10 1 1199 7413 1213
3790 2 2 10 1 7249 8044 963
3791 2 2 10 1 4327 6675 6674
3792 2 2 10 1 4469 7288 3497
3793 2 2 10 1 2278 6951 2728
3794 2 2 10 1 4718 7152 6516
3795 2 2 10 1 3492 7393 6346
3796 2 2 10 1 6979 8282 6980
3797 2 2 10 1 6908 7079 2820
3798 2 2 10 1 7054 7275 3288
3799 2 2 10 1 6313 8289 8222
3800 2 2 10 1 4587 6481 2046
3801 2 2 10 1 2683 7864 3021
3802 2 2 10 1 3168 6852 3391
3803 2 2 10 1 3261 6522 2335
3804 2 2 10 1 3538 6930 1500
3805 2 2 10 1 2217 7863 2518
3806 2 2 10 1 8105 8133 3730
3807 2 2 10 1 5954 6402 5151
3808 2 2 10 1 3019 7486 3281
3809 2 2 10 1 7215 7216 4666
3810 2 2 10 1 4507 6351 4506
3811 2 2 10 1 7227 9125 9079
3812 2 2 10 1 7198 7479 6345
3813 2 2 10 1 4578 6487 6486
3814 2 2 10 1 3013 7772 2631
3815 2 2 10 1 3085 6486 3376
3816 2 2 10 1 8081 9333 9273
3817 2 2 10 1 2234 6484 4726
3818 2 2 10 1 6368 7155 4729
3819 2 2 10 1 1277 7105 2738
3820 2 2 10 1 4198 6824 5212
3821 2 2 10 1 8867 8880 6734
3822 2 2 10 1 3339 6459 2690
3823 2 2 10 1 7396 7398 7021
3824 2 2 10 1 4593 6460 2431
3825 2 2 10 1 5053 6823 4013
3826 2 2 10 1 4587 7963 6481
3827 2 2 10 1 6620 6624 6621
3828 2 2 10 1 6632 6638 6633
3829 2 2 10 1 8156 8212 5604
3830 2 2 10 1 4876 6461 3781
3831 2 2 10 1 6917 7772 3013
3832 2 2 10 1 4159 6843 4160
3833 2 2 10 1 2745 7296 4607
3834 2 2 10 1 2541 9489 5918
3835 2 2 10 1 4605 6464 2542
3836 2 2 10 1 6645 6646 6644
3837 2 2 10 1 2506 7704 3001
3838 2 2 10 1 6727 7763 2583
3839 2 2 10 1 7183 7184 2079
3840 2 2 10 1 945 7702 4617
3841 2 2 10 1 3644 8663 6353
3842 2 2 10 1 7321 7322 6348
3843 2 2 10 1 6484 8023 4726
3844 2 2 10 1 2006 7175 1965
3845 2 2 10 1 6116 6467 3996
3846 2 2 10 1 434 8960 5876
3847 2 2 10 1 8042 8140 2776
3848 2 2 10 1 4102 6472 3397
3849 2 2 10 1 5753 6468 4377
3850 2 2 10 1 2418 7295 6237
3851 2 2 10 1 3778 7222 6476
3852 2 2 10 1 6679 8028 4659
3853 2 2 10 1 3091 6476 4636
3854 2 2 10 1 2722 7307 3952
3855 2 2 10 1 1994 7309 2751
3856 2 2 10 1 1733 7146 1735
3857 2 2 10 1 1087 7310 2767
3858 2 2 10 1 4411 6769 6269
3859 2 2 10 1 960 7294 2763
3860 2 2 10 1 1408 7289 1419
3861 2 2 10 1 4269 6846 4268
3862 2 2 10 1 1657 7287 1540
3863 2 2 10 1 3561 7283 3573
3864 2 2 10 1 3452 7286 4249
3865 2 2 10 1 2735 7163 6647
3866 2 2 10 1 2601 7759 3108
3867 2 2 10 1 1876 7284 2750
3868 2 2 10 1 6897 6936 1140
3869 2 2 10 1 4535 7969 6220
3870 2 2 10 1 5114 6478 3922
3871 2 2 10 1 991 7193 964
3872 2 2 10 1 3236 7290 4315
3873 2 2 10 1 6515 6522 6518
3874 2 2 10 1 2808 7521 7060
3875 2 2 10 1 4358 7522 5573
3876 2 2 10 1 5357 9329 2026
3877 2 2 10 1 6733 6734 4355
3878 2 2 10 1 1369 7264 1362
3879 2 2 10 1 1005 6875 2950
3880 2 2 10 1 6418 7513 2787
3881 2 2 10 1 1641 7095 1753
3882 2 2 10 1 4434 6726 4438
3883 2 2 10 1 2404 7489 6999
3884 2 2 10 1 2312 7028 2310
3885 2 2 10 1 6122 8144 6427
3886 2 2 10 1 6525 7975 6524
3887 2 2 10 1 1195 7483 7019
3888 2 2 10 1 6944 6945 2123
3889 2 2 10 1 7195 7298 7297
3890 2 2 10 1 5395 7237 4484
3891 2 2 10 1 4577 7193 6383
3892 2 2 10 1 6528 6535 6531
3893 2 2 10 1 2929 6666 4560
3894 2 2 10 1 5361 7239 4689
3895 2 2 10 1 2800 7458 747
3896 2 2 10 1 4566 6670 1395
3897 2 2 10 1 4563 6668 913
3898 2 2 10 1 4567 6667 2605
3899 2 2 10 1 6053 6291 4407
3900 2 2 10 1 738 7254 3529
3901 2 2 10 1 4132 6733 4355
3902 2 2 10 1 4890 6678 2216
3903 2 2 10 1 3260 6677 1451
3904 2 2 10 1 2771 6679 1028
3905 2 2 10 1 4038 8264 7484
3906 2 2 10 1 7035 7053 7052
3907 2 2 10 1 8190 8313 4723
3908 2 2 10 1 4300 6674 5527
3909 2 2 10 1 6001 7497 5998
3910 2 2 10 1 6506 6507 4283
3911 2 2 10 1 3122 6512 2520
3912 2 2 10 1 6946 6947 3633
3913 2 2 10 1 8151 8198 3024
3914 2 2 10 1 6329 7094 4561
3915 2 2 10 1 5136 6437 5921
3916 2 2 10 1 5905 8288 8162
3917 2 2 10 1 7330 7501 763
3918 2 2 10 1 5916 8544 6999
3919 2 2 10 1 5482 6579 3901
3920 2 2 10 1 3108 7759 7059
3921 2 2 10 1 1207 6556 6555
3922 2 2 10 1 1720 6542 6541
3923 2 2 10 1 2780 6572 6571
3924 2 2 10 1 2964 6574 6573
3925 2 2 10 1 1204 6582 6581
3926 2 2 10 1 2333 6522 6514
3927 2 2 10 1 8571 9662 6089
3928 2 2 10 1 758 6748 764
3929 2 2 10 1 1676 6812 1672
3930 2 2 10 1 2270 6525 6523
3931 2 2 10 1 3040 7508 3480
3932 2 2 10 1 4586 6613 6612
3933 2 2 10 1 2127 6857 4146
3934 2 2 10 1 9422 9550 5721
3935 2 2 10 1 1952 7044 7043
3936 2 2 10 1 6728 7731 6593
3937 2 2 10 1 6293 7281 4818
3938 2 2 10 1 6655 6656 5105
3939 2 2 10 1 431 9142 5879
3940 2 2 10 1 3433 8191 8190
3941 2 2 10 1 3275 8439 6319
3942 2 2 10 1 3329 6535 6527
3943 2 2 10 1 3264 7255 7030
3944 2 2 10 1 4955 6986 6985
3945 2 2 10 1 1946 7052 1947
3946 2 2 10 1 3134 7393 3492
3947 2 2 10 1 6434 6436 6435
3948 2 2 10 1 7330 7507 5208
3949 2 2 10 1 5991 9624 5376
3950 2 2 10 1 8191 8333 5261
3951 2 2 10 1 4506 6399 5978
3952 2 2 10 1 6667 7666 2776
3953 2 2 10 1 5237 8174 6931
3954 2 2 10 1 6457 8077 4968
3955 2 2 10 1 6846 6847 6716
3956 2 2 10 1 7021 7398 792
3957 2 2 10 1 2672 7500 3241
3958 2 2 10 1 5035 7311 3477
3959 2 2 10 1 2222 7305 2330
3960 2 2 10 1 5264 6638 6632
3961 2 2 10 1 2943 7447 6562
3962 2 2 10 1 4073 7281 4532
3963 2 2 10 1 3351 7292 2730
3964 2 2 10 1 1605 7496 2872
3965 2 2 10 1 6620 6621 3867
3966 2 2 10 1 6607 6608 1993
3967 2 2 10 1 3906 6775 3907
3968 2 2 10 1 743 7458 7124
3969 2 2 10 1 6644 6646 1585
3970 2 2 10 1 2014 7297 5244
3971 2 2 10 1 8131 8201 3001
3972 2 2 10 1 6649 6650 1756
3973 2 2 10 1 2520 6512 2519
3974 2 2 10 1 4130 6442 3302
3975 2 2 10 1 2775 7487 3311
3976 2 2 10 1 5249 6377 6340
3977 2 2 10 1 2943 7370 1165
3978 2 2 10 1 5307 6485 4376
3979 2 2 10 1 1527 6597 1574
3980 2 2 10 1 2718 6589 3979
3981 2 2 10 1 4094 7280 3579
3982 2 2 10 1 1987 6607 1993
3983 2 2 10 1 1003 6610 1017
3984 2 2 10 1 1068 6619 1086
3985 2 2 10 1 4371 6377 3501
3986 2 2 10 1 1659 6829 2393
3987 2 2 10 1 1626 6991 1616
3988 2 2 10 1 2114 7363 2116
3989 2 2 10 1 1593 6606 1587
3990 2 2 10 1 2335 6522 2333
3991 2 2 10 1 4401 6640 5516
3992 2 2 10 1 881 6615 884
3993 2 2 10 1 1763 6627 2733
3994 2 2 10 1 2694 6609 3445
3995 2 2 10 1 1828 6629 2252
3996 2 2 10 1 2077 6630 2766
3997 2 2 10 1 3170 6614 4429
3998 2 2 10 1 1473 6626 3596
3999 2 2 10 1 3240 6620 3867
4000 2 2 10 1 6486 6487 3376
4001 2 2 10 1 1236 6993 1234
4002 2 2 10 1 1485 6631 1535
4003 2 2 10 1 2119 6618 1815
4004 2 2 10 1 1020 6639 2765
4005 2 2 10 1 2764 6628 2067
4006 2 2 10 1 5058 6642 5965
4007 2 2 10 1 2286 6832 2717
4008 2 2 10 1 2412 6643 3013
4009 2 2 10 1 5264 6632 4066
4010 2 2 10 1 2961 6984 2142
4011 2 2 10 1 750 6791 756
4012 2 2 10 1 1377 6649 1756
4013 2 2 10 1 1538 6644 1585
4014 2 2 10 1 3967 6661 4724
4015 2 2 10 1 6900 7765 7091
4016 2 2 10 1 6469 7451 1572
4017 2 2 10 1 4719 7432 7159
4018 2 2 10 1 2573 6688 6687
4019 2 2 10 1 307 6482 306
4020 2 2 10 1 6696 6697 5759
4021 2 2 10 1 7091 7765 4679
4022 2 2 10 1 4751 8273 6241
4023 2 2 10 1 1732 6683 2783
4024 2 2 10 1 1208 7020 2452
4025 2 2 10 1 6698 6699 5599
4026 2 2 10 1 5319 8705 7230
4027 2 2 10 1 6770 6849 5903
4028 2 2 10 1 3637 7498 3954
4029 2 2 10 1 6540 6977 4481
4030 2 2 10 1 7755 8115 6206
4031 2 2 10 1 2793 6686 1793
4032 2 2 10 1 3079 7708 2608
4033 2 2 10 1 6954 7259 1509
4034 2 2 10 1 6134 6135 6133
4035 2 2 10 1 2818 7293 2323
4036 2 2 10 1 6514 6522 6515
4037 2 2 10 1 4845 7844 6235
4038 2 2 10 1 1397 6673 4566
4039 2 2 10 1 835 8136 834
4040 2 2 10 1 2835 6884 6883
4041 2 2 10 1 6475 8840 2483
4042 2 2 10 1 6887 6888 1902
4043 2 2 10 1 6705 6909 6751
4044 2 2 10 1 8180 8367 6780
4045 2 2 10 1 9591 9599 7616
4046 2 2 10 1 4955 6985 4150
4047 2 2 10 1 3576 7348 3574
4048 2 2 10 1 6426 6427 830
4049 2 2 10 1 6686 7701 5282
4050 2 2 10 1 6527 6535 6528
4051 2 2 10 1 6019 6876 5121
4052 2 2 10 1 5169 9058 6825
4053 2 2 10 1 6206 8115 6205
4054 2 2 10 1 6939 7363 6938
4055 2 2 10 1 8494 8549 5640
4056 2 2 10 1 2243 6880 6314
4057 2 2 10 1 2845 6881 1461
4058 2 2 10 1 2583 7763 2585
4059 2 2 10 1 6312 6882 4557
4060 2 2 10 1 3409 7154 856
4061 2 2 10 1 3605 6707 6706
4062 2 2 10 1 6903 6904 2828
4063 2 2 10 1 6940 6947 6946
4064 2 2 10 1 6238 8462 1105
4065 2 2 10 1 6377 6512 3122
4066 2 2 10 1 4678 6756 6755
4067 2 2 10 1 7105 7107 2738
4068 2 2 10 1 3539 6758 6757
4069 2 2 10 1 2748 7511 865
4070 2 2 10 1 4185 7512 6454
4071 2 2 10 1 7061 8806 6731
4072 2 2 10 1 7748 8213 1914
4073 2 2 10 1 1050 6526 2864
4074 2 2 10 1 6458 8668 6077
4075 2 2 10 1 7093 7296 7092
4076 2 2 10 1 2333 6514 1796
4077 2 2 10 1 7755 8214 1224
4078 2 2 10 1 9229 9245 7580
4079 2 2 10 1 1552 7077 4538
4080 2 2 10 1 5151 6402 5152
4081 2 2 10 1 6714 9399 9305
4082 2 2 10 1 6873 6874 4797
4083 2 2 10 1 2270 6523 2102
4084 2 2 10 1 2216 6678 2209
4085 2 2 10 1 6077 6437 5137
4086 2 2 10 1 1028 6679 1014
4087 2 2 10 1 5321 6538 4825
4088 2 2 10 1 1461 6881 1454
4089 2 2 10 1 996 6700 4648
4090 2 2 10 1 1451 6677 1443
4091 2 2 10 1 1395 6670 1389
4092 2 2 10 1 4622 7144 3610
4093 2 2 10 1 2772 6536 2346
4094 2 2 10 1 2768 6705 1381
4095 2 2 10 1 4018 6513 5089
4096 2 2 10 1 3329 6527 1188
4097 2 2 10 1 913 6668 895
4098 2 2 10 1 2605 6667 2469
4099 2 2 10 1 2088 6880 2243
4100 2 2 10 1 1316 6569 1584
4101 2 2 10 1 4557 6882 1064
4102 2 2 10 1 3605 6706 799
4103 2 2 10 1 2573 6687 1854
4104 2 2 10 1 780 7024 7022
4105 2 2 10 1 1720 6541 1707
4106 2 2 10 1 1207 6555 1169
4107 2 2 10 1 1717 7037 1695
4108 2 2 10 1 4344 6694 5552
4109 2 2 10 1 2780 6571 1712
4110 2 2 10 1 2964 6573 1173
4111 2 2 10 1 1204 6581 1161
4112 2 2 10 1 2925 6666 2929
4113 2 2 10 1 5121 6876 3862
4114 2 2 10 1 3492 6580 3136
4115 2 2 10 1 4854 6695 6359
4116 2 2 10 1 1476 6883 4888
4117 2 2 10 1 4325 6696 5759
4118 2 2 10 1 4571 6698 5599
4119 2 2 10 1 2203 6583 2220
4120 2 2 10 1 4152 6585 4955
4121 2 2 10 1 6756 7305 6755
4122 2 2 10 1 4586 6612 774
4123 2 2 10 1 5545 7288 4469
4124 2 2 10 1 1952 7043 1949
4125 2 2 10 1 5247 6887 4079
4126 2 2 10 1 5599 6587 4701
4127 2 2 10 1 740 6497 739
4128 2 2 10 1 685 7750 683
4129 2 2 10 1 5513 9509 5577
4130 2 2 10 1 3672 7018 2678
4131 2 2 10 1 1858 7285 7284
4132 2 2 10 1 3488 6751 4503
4133 2 2 10 1 5762 6760 4613
4134 2 2 10 1 2772 7518 6536
4135 2 2 10 1 4456 6655 5105
4136 2 2 10 1 4678 6755 1355
4137 2 2 10 1 1320 6567 2817
4138 2 2 10 1 3352 6965 4074
4139 2 2 10 1 3648 6674 4300
4140 2 2 10 1 5427 6762 4115
4141 2 2 10 1 1326 6966 1329
4142 2 2 10 1 3539 6757 1222
4143 2 2 10 1 2757 6964 2759
4144 2 2 10 1 8575 8696 5359
4145 2 2 10 1 6279 6280 6277
4146 2 2 10 1 985 6891 3833
4147 2 2 10 1 7507 8406 5208
4148 2 2 10 1 5707 6892 3521
4149 2 2 10 1 5955 8819 8793
4150 2 2 10 1 5241 7706 6933
4151 2 2 10 1 306 6482 432
4152 2 2 10 1 6828 6829 1414
4153 2 2 10 1 942 6895 3259
4154 2 2 10 1 2138 7074 1917
4155 2 2 10 1 6653 6654 4101
4156 2 2 10 1 5268 8179 8029
4157 2 2 10 1 5747 7844 4845
4158 2 2 10 1 1200 7413 1199
4159 2 2 10 1 6831 6832 2219
4160 2 2 10 1 435 9551 6699
4161 2 2 10 1 4284 6506 4283
4162 2 2 10 1 1274 8350 6440
4163 2 2 10 1 1826 6833 6182
4164 2 2 10 1 5248 6903 2297
4165 2 2 10 1 2931 7693 6666
4166 2 2 10 1 6919 7363 2117
4167 2 2 10 1 6809 6810 6799
4168 2 2 10 1 4040 7221 1931
4169 2 2 10 1 4281 6493 4578
4170 2 2 10 1 3573 7283 4641
4171 2 2 10 1 2750 7284 5256
4172 2 2 10 1 4249 7286 5206
4173 2 2 10 1 3487 7264 1369
4174 2 2 10 1 1419 7289 4600
4175 2 2 10 1 8978 9649 7548
4176 2 2 10 1 2782 6862 6861
4177 2 2 10 1 2763 7294 4601
4178 2 2 10 1 5142 6963 923
4179 2 2 10 1 2767 7310 4611
4180 2 2 10 1 4598 7287 1657
4181 2 2 10 1 3952 7307 4602
4182 2 2 10 1 3674 6477 3158
4183 2 2 10 1 2751 7309 4789
4184 2 2 10 1 3542 6865 6864
4185 2 2 10 1 7323 8097 7718
4186 2 2 10 1 4315 7290 6625
4187 2 2 10 1 7173 8665 1989
4188 2 2 10 1 3597 6871 6870
4189 2 2 10 1 1414 6829 1659
4190 2 2 10 1 2328 6483 2329
4191 2 2 10 1 7159 7432 1722
4192 2 2 10 1 2219 6832 2286
4193 2 2 10 1 2782 6861 771
4194 2 2 10 1 4424 7241 5979
4195 2 2 10 1 5996 9088 3941
4196 2 2 10 1 4657 6968 848
4197 2 2 10 1 6441 6973 4855
4198 2 2 10 1 1275 7105 1277
4199 2 2 10 1 4402 6851 6850
4200 2 2 10 1 4580 6972 889
4201 2 2 10 1 4667 6777 3533
4202 2 2 10 1 4186 6842 6841
4203 2 2 10 1 4582 6971 3788
4204 2 2 10 1 6320 8800 5958
4205 2 2 10 1 3542 6864 1116
4206 2 2 10 1 3597 6870 697
4207 2 2 10 1 4709 6867 1644
4208 2 2 10 1 5159 6970 2715
4209 2 2 10 1 6844 6845 4272
4210 2 2 10 1 745 6791 750
4211 2 2 10 1 5355 6967 3794
4212 2 2 10 1 3060 6860 3831
4213 2 2 10 1 3179 6879 3817
4214 2 2 10 1 7748 8139 6218
4215 2 2 10 1 7397 7658 7315
4216 2 2 10 1 576 7183 574
4217 2 2 10 1 3275 6319 6318
4218 2 2 10 1 1874 7221 1871
4219 2 2 10 1 3216 6918 3983
4220 2 2 10 1 5280 7695 6683
4221 2 2 10 1 6731 6735 6733
4222 2 2 10 1 3962 6480 4558
4223 2 2 10 1 6854 6855 6853
4224 2 2 10 1 827 6893 836
4225 2 2 10 1 6064 6836 6063
4226 2 2 10 1 3382 8171 8109
4227 2 2 10 1 1524 7077 1552
4228 2 2 10 1 4563 6669 6668
4229 2 2 10 1 6674 6675 5527
4230 2 2 10 1 7224 7654 5257
4231 2 2 10 1 2246 6738 2429
4232 2 2 10 1 6058 6920 6098
4233 2 2 10 1 1201 7020 1208
4234 2 2 10 1 1462 6883 1476
4235 2 2 10 1 6833 6834 6182
4236 2 2 10 1 4529 6938 3626
4237 2 2 10 1 4014 6774 5052
4238 2 2 10 1 4079 6887 1800
4239 2 2 10 1 6904 6905 3513
4240 2 2 10 1 981 6891 985
4241 2 2 10 1 3521 6892 2969
4242 2 2 10 1 1404 6828 1414
4243 2 2 10 1 931 6895 942
4244 2 2 10 1 3079 8212 8156
4245 2 2 10 1 2175 6831 2219
4246 2 2 10 1 3353 7344 3161
4247 2 2 10 1 6424 6775 6422
4248 2 2 10 1 4532 7281 5815
4249 2 2 10 1 1506 7347 1483
4250 2 2 10 1 2297 6903 2293
4251 2 2 10 1 3584 7359 3012
4252 2 2 10 1 6349 6350 1590
4253 2 2 10 1 440 9591 7616
4254 2 2 10 1 8203 8511 5982
4255 2 2 10 1 2330 7305 4024
4256 2 2 10 1 4645 7292 3351
4257 2 2 10 1 6853 6856 6851
4258 2 2 10 1 6218 8139 6217
4259 2 2 10 1 6028 7311 5035
4260 2 2 10 1 5265 6839 4303
4261 2 2 10 1 5464 7280 4094
4262 2 2 10 1 4811 8422 8351
4263 2 2 10 1 3887 6873 4797
4264 2 2 10 1 2749 7229 935
4265 2 2 10 1 7718 8097 3750
4266 2 2 10 1 6292 8138 8132
4267 2 2 10 1 7300 8041 1703
4268 2 2 10 1 693 7101 1266
4269 2 2 10 1 4565 6976 6266
4270 2 2 10 1 2488 6981 2713
4271 2 2 10 1 3083 7452 3082
4272 2 2 10 1 6836 6837 3299
4273 2 2 10 1 1145 6995 1929
4274 2 2 10 1 1281 6997 2218
4275 2 2 10 1 1156 6996 5610
4276 2 2 10 1 1307 7000 1331
4277 2 2 10 1 6801 7694 7412
4278 2 2 10 1 2461 7008 2457
4279 2 2 10 1 852 7012 842
4280 2 2 10 1 2744 7010 1353
4281 2 2 10 1 1460 7014 1342
4282 2 2 10 1 4258 7013 862
4283 2 2 10 1 4561 7094 3440
4284 2 2 10 1 2741 7015 824
4285 2 2 10 1 1071 7016 805
4286 2 2 10 1 1372 7017 1363
4287 2 2 10 1 8971 9464 7109
4288 2 2 10 1 3700 7031 1258
4289 2 2 10 1 2804 7029 1782
4290 2 2 10 1 3176 7039 5170
4291 2 2 10 1 6790 6791 745
4292 2 2 10 1 3901 6579 3832
4293 2 2 10 1 6788 6789 5265
4294 2 2 10 1 6820 6821 4197
4295 2 2 10 1 3158 6477 3157
4296 2 2 10 1 1672 6812 1670
4297 2 2 10 1 2768 6909 6705
4298 2 2 10 1 695 7108 692
4299 2 2 10 1 8190 8191 5267
4300 2 2 10 1 4819 6425 4821
4301 2 2 10 1 669 8172 2821
4302 2 2 10 1 2128 7191 7190
4303 2 2 10 1 6875 8137 6874
4304 2 2 10 1 3528 6823 3379
4305 2 2 10 1 6132 7917 7709
4306 2 2 10 1 2644 6442 2598
4307 2 2 10 1 7401 8124 3730
4308 2 2 10 1 830 6427 828
4309 2 2 10 1 6395 7154 3409
4310 2 2 10 1 6422 6775 3906
4311 2 2 10 1 1078 7152 4718
4312 2 2 10 1 6131 6331 6132
4313 2 2 10 1 6220 7930 7074
4314 2 2 10 1 3027 8194 6619
4315 2 2 10 1 4599 6426 841
4316 2 2 10 1 4729 7155 2237
4317 2 2 10 1 6034 9643 3360
4318 2 2 10 1 5182 7348 3576
4319 2 2 10 1 6249 7505 6442
4320 2 2 10 1 4240 7073 5668
4321 2 2 10 1 4666 7216 1262
4322 2 2 10 1 518 9021 7587
4323 2 2 10 1 6691 6693 6692
4324 2 2 10 1 1793 6686 1680
4325 2 2 10 1 7232 7751 7750
4326 2 2 10 1 4399 7178 5073
4327 2 2 10 1 1728 6683 1732
4328 2 2 10 1 586 7187 1113
4329 2 2 10 1 7153 7338 6877
4330 2 2 10 1 5161 7466 7158
4331 2 2 10 1 691 7101 693
4332 2 2 10 1 5858 9686 9332
4333 2 2 10 1 3784 7076 1560
4334 2 2 10 1 8029 8179 5281
4335 2 2 10 1 3535 7075 2682
4336 2 2 10 1 4481 6977 3807
4337 2 2 10 1 524 9229 7580
4338 2 2 10 1 7187 7188 1113
4339 2 2 10 1 1520 6912 2197
4340 2 2 10 1 2383 6483 2328
4341 2 2 10 1 6978 6979 4668
4342 2 2 10 1 7178 7179 5073
4343 2 2 10 1 1500 6930 1533
4344 2 2 10 1 7003 7004 2448
4345 2 2 10 1 2280 7296 2449
4346 2 2 10 1 2046 6481 2055
4347 2 2 10 1 7019 7020 1201
4348 2 2 10 1 7022 7023 800
4349 2 2 10 1 4332 6480 3962
4350 2 2 10 1 2472 6484 2234
4351 2 2 10 1 3087 6486 3085
4352 2 2 10 1 1869 6951 2278
4353 2 2 10 1 692 7108 690
4354 2 2 10 1 3845 6907 6906
4355 2 2 10 1 6602 7160 6604
4356 2 2 10 1 2325 6657 3228
4357 2 2 10 1 2519 6512 3003
4358 2 2 10 1 2731 6956 2426
4359 2 2 10 1 6723 6724 4433
4360 2 2 10 1 4113 6729 6728
4361 2 2 10 1 5141 6840 5931
4362 2 2 10 1 7092 7296 2280
4363 2 2 10 1 968 6498 992
4364 2 2 10 1 6730 6731 4131
4365 2 2 10 1 6710 6711 4406
4366 2 2 10 1 1910 7295 2073
4367 2 2 10 1 6752 6753 4084
4368 2 2 10 1 6737 6738 2246
4369 2 2 10 1 6747 6748 753
4370 2 2 10 1 2268 7439 2528
4371 2 2 10 1 3147 7426 3712
4372 2 2 10 1 6968 6969 3409
4373 2 2 10 1 2255 6900 2258
4374 2 2 10 1 5249 6512 6377
4375 2 2 10 1 1133 6897 1140
4376 2 2 10 1 3157 6477 3614
4377 2 2 10 1 978 8004 7702
4378 2 2 10 1 754 7147 755
4379 2 2 10 1 2019 6901 2022
4380 2 2 10 1 2052 7136 2054
4381 2 2 10 1 3540 7127 3541
4382 2 2 10 1 5951 5953 5952
4383 2 2 10 1 6691 6692 6689
4384 2 2 10 1 6883 6884 4888
4385 2 2 10 1 1905 6896 1910
4386 2 2 10 1 7745 8513 1211
4387 2 2 10 1 1822 7150 3700
4388 2 2 10 1 6710 6713 6711
4389 2 2 10 1 6922 9124 2279
4390 2 2 10 1 4529 6939 6938
4391 2 2 10 1 5247 6888 6887
4392 2 2 10 1 3628 6947 4529
4393 2 2 10 1 3857 6902 5643
4394 2 2 10 1 6973 6974 5558
4395 2 2 10 1 6012 7973 7712
4396 2 2 10 1 3404 7252 3073
4397 2 2 10 1 6383 7193 991
4398 2 2 10 1 4260 7253 3470
4399 2 2 10 1 4591 7255 3159
4400 2 2 10 1 6834 8361 6182
4401 2 2 10 1 2847 7278 2227
4402 2 2 10 1 2388 7198 2587
4403 2 2 10 1 3214 6918 3216
4404 2 2 10 1 6090 6910 4397
4405 2 2 10 1 3841 7277 3061
4406 2 2 10 1 729 7254 733
4407 2 2 10 1 4619 7276 3195
4408 2 2 10 1 3626 6938 3624
4409 2 2 10 1 2029 8378 2033
4410 2 2 10 1 2958 7998 7704
4411 2 2 10 1 4273 6844 4272
4412 2 2 10 1 2128 7190 1926
4413 2 2 10 1 753 6748 758
4414 2 2 10 1 4402 6850 4403
4415 2 2 10 1 3953 7301 2724
4416 2 2 10 1 2690 6459 2691
4417 2 2 10 1 3589 7291 1106
4418 2 2 10 1 4639 7314 3564
4419 2 2 10 1 5242 7299 2007
4420 2 2 10 1 883 7153 882
4421 2 2 10 1 2331 7313 2299
4422 2 2 10 1 4638 7302 1035
4423 2 2 10 1 3781 6461 3782
4424 2 2 10 1 2752 7306 1996
4425 2 2 10 1 3402 7318 4634
4426 2 2 10 1 2431 6460 2432
4427 2 2 10 1 1568 7316 3549
4428 2 2 10 1 974 6859 975
4429 2 2 10 1 3590 7312 2060
4430 2 2 10 1 3881 7265 4379
4431 2 2 10 1 3360 6878 3361
4432 2 2 10 1 3397 6472 3399
4433 2 2 10 1 3922 6478 3923
4434 2 2 10 1 2560 7320 3544
4435 2 2 10 1 4186 6841 4187
4436 2 2 10 1 2542 6464 2543
4437 2 2 10 1 3996 6467 3997
4438 2 2 10 1 7708 8007 3095
4439 2 2 10 1 2781 6651 6649
4440 2 2 10 1 4543 7321 5011
4441 2 2 10 1 6442 7505 2598
4442 2 2 10 1 1920 7389 1921
4443 2 2 10 1 3092 6476 3091
4444 2 2 10 1 2231 7997 7709
4445 2 2 10 1 6541 6665 2780
4446 2 2 10 1 2197 6912 2577
4447 2 2 10 1 4647 7252 3404
4448 2 2 10 1 6555 6660 2964
4449 2 2 10 1 5248 6904 6903
4450 2 2 10 1 4377 6468 4378
4451 2 2 10 1 4535 6220 6219
4452 2 2 10 1 5291 6480 4332
4453 2 2 10 1 5034 7255 4591
4454 2 2 10 1 1878 7216 2392
4455 2 2 10 1 3700 7032 7031
4456 2 2 10 1 2486 6981 2488
4457 2 2 10 1 6335 7253 4260
4458 2 2 10 1 6267 8231 3034
4459 2 2 10 1 2603 7155 3255
4460 2 2 10 1 1219 7152 1089
4461 2 2 10 1 3804 6976 4565
4462 2 2 10 1 2309 7074 2138
4463 2 2 10 1 4524 6778 5371
4464 2 2 10 1 5969 8733 8626
4465 2 2 10 1 4895 7349 4897
4466 2 2 10 1 2457 7008 2455
4467 2 2 10 1 1279 6997 1281
4468 2 2 10 1 4495 6782 5654
4469 2 2 10 1 1143 6995 1145
4470 2 2 10 1 2406 6792 2563
4471 2 2 10 1 4166 6776 5548
4472 2 2 10 1 3094 6784 4781
4473 2 2 10 1 4122 6788 5265
4474 2 2 10 1 741 6790 745
4475 2 2 10 1 1305 7000 1307
4476 2 2 10 1 4379 7265 5755
4477 2 2 10 1 9514 9517 5687
4478 2 2 10 1 842 7012 831
4479 2 2 10 1 1342 7014 1338
4480 2 2 10 1 824 7015 814
4481 2 2 10 1 4117 6813 5483
4482 2 2 10 1 1258 7031 1125
4483 2 2 10 1 1353 7010 1348
4484 2 2 10 1 805 7016 768
4485 2 2 10 1 1153 6996 1156
4486 2 2 10 1 2586 7039 3176
4487 2 2 10 1 862 7013 850
4488 2 2 10 1 1661 6783 1663
4489 2 2 10 1 1363 7017 1358
4490 2 2 10 1 4651 7278 2847
4491 2 2 10 1 3378 6820 4197
4492 2 2 10 1 1782 7029 1674
4493 2 2 10 1 2471 7911 2841
4494 2 2 10 1 615 7912 618
4495 2 2 10 1 6333 7277 3841
4496 2 2 10 1 4369 6826 5309
4497 2 2 10 1 6381 7276 4619
4498 2 2 10 1 907 7234 4723
4499 2 2 10 1 4414 6827 5431
4500 2 2 10 1 2339 8009 7712
4501 2 2 10 1 1965 7175 1967
4502 2 2 10 1 1640 7095 1641
4503 2 2 10 1 9048 9058 5169
4504 2 2 10 1 938 7156 1034
4505 2 2 10 1 6944 8187 6945
4506 2 2 10 1 6594 6596 6595
4507 2 2 10 1 1735 7167 1742
4508 2 2 10 1 4500 7351 5974
4509 2 2 10 1 897 7234 907
4510 2 2 10 1 7119 7120 2848
4511 2 2 10 1 5241 7291 3589
4512 2 2 10 1 5608 7301 3953
4513 2 2 10 1 8344 8743 6531
4514 2 2 10 1 6390 7314 4639
4515 2 2 10 1 6387 7302 4638
4516 2 2 10 1 6439 7299 5242
4517 2 2 10 1 3305 7090 3303
4518 2 2 10 1 4048 7306 2752
4519 2 2 10 1 3103 7313 2331
4520 2 2 10 1 828 6427 833
4521 2 2 10 1 5237 7312 3590
4522 2 2 10 1 6908 7459 7079
4523 2 2 10 1 6326 6328 6327
4524 2 2 10 1 4634 7318 6389
4525 2 2 10 1 3549 7316 6281
4526 2 2 10 1 6294 7959 4617
4527 2 2 10 1 6680 6681 459
4528 2 2 10 1 752 7485 2800
4529 2 2 10 1 6125 6127 6126
4530 2 2 10 1 3544 7320 4945
4531 2 2 10 1 964 7193 962
4532 2 2 10 1 6984 8096 2142
4533 2 2 10 1 3148 7426 3147
4534 2 2 10 1 5011 7321 6348
4535 2 2 10 1 4566 6673 6672
4536 2 2 10 1 2276 7439 2268
4537 2 2 10 1 4618 6483 2383
4538 2 2 10 1 1023 6526 1050
4539 2 2 10 1 3130 6768 4157
4540 2 2 10 1 4548 8180 6780
4541 2 2 10 1 6959 6962 4609
4542 2 2 10 1 3736 7868 3824
4543 2 2 10 1 6804 7694 6801
4544 2 2 10 1 6964 7371 4583
4545 2 2 10 1 6474 6475 6473
4546 2 2 10 1 3945 6769 3944
4547 2 2 10 1 6142 6145 4035
4548 2 2 10 1 6950 6951 1869
4549 2 2 10 1 3747 7872 3745
4550 2 2 10 1 5397 7349 4895
4551 2 2 10 1 3064 6496 3408
4552 2 2 10 1 8937 8961 436
4553 2 2 10 1 6003 6007 6004
4554 2 2 10 1 4659 7668 6891
4555 2 2 10 1 4821 6425 6423
4556 2 2 10 1 6466 7101 691
4557 2 2 10 1 6732 7061 6730
4558 2 2 10 1 688 6466 691
4559 2 2 10 1 6900 7091 2258
4560 2 2 10 1 6573 6575 1206
4561 2 2 10 1 7863 8010 6283
4562 2 2 10 1 7075 8010 7863
4563 2 2 10 1 3599 7267 7266
4564 2 2 10 1 3406 6877 5259
4565 2 2 10 1 2111 7226 2109
4566 2 2 10 1 2833 7479 7198
4567 2 2 10 1 6423 6424 6422
4568 2 2 10 1 1366 7488 1378
4569 2 2 10 1 6783 7510 1663
4570 2 2 10 1 2284 6908 2239
4571 2 2 10 1 919 7492 902
4572 2 2 10 1 3944 6769 4411
4573 2 2 10 1 5412 8807 6451
4574 2 2 10 1 7204 7205 4517
4575 2 2 10 1 3173 7117 4676
4576 2 2 10 1 1886 7119 2848
4577 2 2 10 1 3622 7073 4240
4578 2 2 10 1 7213 7214 4717
4579 2 2 10 1 622 7122 3169
4580 2 2 10 1 632 7126 838
4581 2 2 10 1 596 7128 2826
4582 2 2 10 1 612 7133 2825
4583 2 2 10 1 4351 7140 4931
4584 2 2 10 1 4366 7139 4975
4585 2 2 10 1 4393 7137 5065
4586 2 2 10 1 4385 7138 5023
4587 2 2 10 1 2484 6913 4078
4588 2 2 10 1 2002 7297 2004
4589 2 2 10 1 7897 8005 4731
4590 2 2 10 1 4775 7151 4970
4591 2 2 10 1 4225 6978 4668
4592 2 2 10 1 3419 7100 3418
4593 2 2 10 1 3586 6752 4084
4594 2 2 10 1 2165 6999 2436
4595 2 2 10 1 8600 8725 2381
4596 2 2 10 1 1197 7019 1201
4597 2 2 10 1 1812 7003 2448
4598 2 2 10 1 5629 7002 5640
4599 2 2 10 1 782 7022 800
4600 2 2 10 1 5497 7525 7524
4601 2 2 10 1 1699 7036 1721
4602 2 2 10 1 2167 6931 2527
4603 2 2 10 1 1759 6929 2251
4604 2 2 10 1 2423 6746 5020
4605 2 2 10 1 1879 6744 1909
4606 2 2 10 1 1560 7076 1537
4607 2 2 10 1 4907 7040 5320
4608 2 2 10 1 841 6426 830
4609 2 2 10 1 3851 6715 4196
4610 2 2 10 1 1120 6933 1256
4611 2 2 10 1 2909 7041 2928
4612 2 2 10 1 2066 7042 2290
4613 2 2 10 1 2682 7075 2498
4614 2 2 10 1 2016 6934 2040
4615 2 2 10 1 4335 6750 5264
4616 2 2 10 1 7204 9121 7205
4617 2 2 10 1 1593 7282 6606
4618 2 2 10 1 1257 6936 1901
4619 2 2 10 1 922 6963 2749
4620 2 2 10 1 4381 6764 4709
4621 2 2 10 1 3075 6763 5159
4622 2 2 10 1 849 6968 3409
4623 2 2 10 1 3314 6971 4190
4624 2 2 10 1 2711 6970 3231
4625 2 2 10 1 890 6972 2736
4626 2 2 10 1 6013 7973 6012
4627 2 2 10 1 4082 6967 5390
4628 2 2 10 1 3853 6723 4433
4629 2 2 10 1 6010 8906 3959
4630 2 2 10 1 6845 8308 6848
4631 2 2 10 1 2899 7060 3024
4632 2 2 10 1 6874 8137 7819
4633 2 2 10 1 4069 7259 6599
4634 2 2 10 1 4648 7201 1007
4635 2 2 10 1 4080 6702 5004
4636 2 2 10 1 4513 6973 5558
4637 2 2 10 1 2263 6919 2117
4638 2 2 10 1 3814 6767 4793
4639 2 2 10 1 1052 6619 1068
4640 2 2 10 1 2140 6643 2412
4641 2 2 10 1 997 6610 1003
4642 2 2 10 1 4380 6642 5058
4643 2 2 10 1 1517 6597 1527
4644 2 2 10 1 3670 6730 4131
4645 2 2 10 1 2641 6589 2718
4646 2 2 10 1 1985 6607 1987
4647 2 2 10 1 8342 8400 6369
4648 2 2 10 1 3868 6710 4406
4649 2 2 10 1 1619 6749 1651
4650 2 2 10 1 6706 6709 797
4651 2 2 10 1 3571 6718 3877
4652 2 2 10 1 3368 6661 3967
4653 2 2 10 1 1009 6639 1020
4654 2 2 10 1 3934 6640 4401
4655 2 2 10 1 1761 6627 1763
4656 2 2 10 1 1772 6629 1828
4657 2 2 10 1 1936 6630 2077
4658 2 2 10 1 3032 6921 2223
4659 2 2 10 1 1466 6626 1473
4660 2 2 10 1 1481 6631 1485
4661 2 2 10 1 4464 6955 5739
4662 2 2 10 1 6657 7293 6658
4663 2 2 10 1 6733 6735 6734
4664 2 2 10 1 879 6615 881
4665 2 2 10 1 2391 6736 2538
4666 2 2 10 1 3238 6620 3240
4667 2 2 10 1 725 6740 729
4668 2 2 10 1 2067 6628 1918
4669 2 2 10 1 701 6440 704
4670 2 2 10 1 4605 7339 6464
4671 2 2 10 1 2640 6614 3170
4672 2 2 10 1 2086 6737 2246
4673 2 2 10 1 2514 6609 2694
4674 2 2 10 1 1815 6618 1268
4675 2 2 10 1 1587 6606 1581
4676 2 2 10 1 6171 8729 1978
4677 2 2 10 1 6476 7222 4636
4678 2 2 10 1 1368 6649 1377
4679 2 2 10 1 3357 6924 3859
4680 2 2 10 1 5247 8163 8159
4681 2 2 10 1 4363 7266 5530
4682 2 2 10 1 2573 6691 6689
4683 2 2 10 1 4066 6632 3484
4684 2 2 10 1 1636 7006 1638
4685 2 2 10 1 1531 6644 1538
4686 2 2 10 1 1207 7370 6557
4687 2 2 10 1 5088 7274 6073
4688 2 2 10 1 6079 6080 2941
4689 2 2 10 1 7337 7990 7336
4690 2 2 10 1 2490 7282 1595
4691 2 2 10 1 1321 7358 2965
4692 2 2 10 1 3801 7275 4954
4693 2 2 10 1 3421 8407 7214
4694 2 2 10 1 854 7256 795
4695 2 2 10 1 1940 6958 2050
4696 2 2 10 1 6181 7263 5196
4697 2 2 10 1 2325 7293 6657
4698 2 2 10 1 8593 8762 5429
4699 2 2 10 1 3319 6984 2961
4700 2 2 10 1 6757 6759 1134
4701 2 2 10 1 1239 6993 1236
4702 2 2 10 1 1774 6991 1626
4703 2 2 10 1 7166 8509 7164
4704 2 2 10 1 5430 8735 8598
4705 2 2 10 1 6742 7304 6743
4706 2 2 10 1 3408 7055 3063
4707 2 2 10 1 7029 8005 7897
4708 2 2 10 1 4710 8134 7767
4709 2 2 10 1 3684 7102 6233
4710 2 2 10 1 6599 7317 6600
4711 2 2 10 1 7394 7397 7315
4712 2 2 10 1 6621 6622 3867
4713 2 2 10 1 1752 6833 1826
4714 2 2 10 1 4425 6953 5463
4715 2 2 10 1 6487 6488 3376
4716 2 2 10 1 923 6963 917
4717 2 2 10 1 4596 6975 4943
4718 2 2 10 1 6810 6811 6799
4719 2 2 10 1 4486 7113 5549
4720 2 2 10 1 6594 7353 6596
4721 2 2 10 1 771 6861 767
4722 2 2 10 1 2359 6693 2357
4723 2 2 10 1 8768 8803 4990
4724 2 2 10 1 2854 6879 3179
4725 2 2 10 1 848 6968 844
4726 2 2 10 1 697 6870 694
4727 2 2 10 1 1116 6864 1104
4728 2 2 10 1 4606 6959 4609
4729 2 2 10 1 2715 6970 2350
4730 2 2 10 1 1644 6867 1608
4731 2 2 10 1 1273 7303 6742
4732 2 2 10 1 1868 6950 1869
4733 2 2 10 1 889 6972 887
4734 2 2 10 1 3788 6971 3107
4735 2 2 10 1 2848 9731 8945
4736 2 2 10 1 4640 6932 5104
4737 2 2 10 1 3794 6967 3792
4738 2 2 10 1 4197 6824 4198
4739 2 2 10 1 748 6747 753
4740 2 2 10 1 973 6700 996
4741 2 2 10 1 6502 6503 4933
4742 2 2 10 1 4855 6973 3835
4743 2 2 10 1 5767 8622 5172
4744 2 2 10 1 918 8333 3433
4745 2 2 10 1 2415 7319 3583
4746 2 2 10 1 1381 6705 1375
4747 2 2 10 1 6313 8222 7664
4748 2 2 10 1 6066 7271 4533
4749 2 2 10 1 799 6706 796
4750 2 2 10 1 4236 6937 5184
4751 2 2 10 1 2953 6875 6873
4752 2 2 10 1 7137 8947 5065
4753 2 2 10 1 1862 7110 1864
4754 2 2 10 1 6298 8131 3001
4755 2 2 10 1 7003 7006 7005
4756 2 2 10 1 2555 7203 2557
4757 2 2 10 1 4472 7115 5553
4758 2 2 10 1 5352 6922 5989
4759 2 2 10 1 1380 6751 3488
4760 2 2 10 1 4115 6762 3692
4761 2 2 10 1 1355 6755 1351
4762 2 2 10 1 4668 6980 6921
4763 2 2 10 1 6622 7286 3867
4764 2 2 10 1 1222 6757 1129
4765 2 2 10 1 4637 6957 4991
4766 2 2 10 1 4613 6760 4461
4767 2 2 10 1 1837 6835 6833
4768 2 2 10 1 7063 7064 5488
4769 2 2 10 1 4219 7204 4517
4770 2 2 10 1 3707 7468 5315
4771 2 2 10 1 1247 7209 1254
4772 2 2 10 1 4119 7213 4717
4773 2 2 10 1 6557 7370 6562
4774 2 2 10 1 1668 6795 1687
4775 2 2 10 1 3499 7354 2492
4776 2 2 10 1 7172 7173 1989
4777 2 2 10 1 7031 7034 1126
4778 2 2 10 1 8109 8171 6267
4779 2 2 10 1 6199 6200 4235
4780 2 2 10 1 953 7171 939
4781 2 2 10 1 4283 6508 3485
4782 2 2 10 1 5990 9678 8551
4783 2 2 10 1 1410 7096 1445
4784 2 2 10 1 3389 7230 3912
4785 2 2 10 1 2460 7228 2600
4786 2 2 10 1 6412 6477 3674
4787 2 2 10 1 5259 7338 6215
4788 2 2 10 1 2832 6860 3060
4789 2 2 10 1 7177 7178 4661
4790 2 2 10 1 7186 7187 588
4791 2 2 10 1 1514 7259 4069
4792 2 2 10 1 6408 7056 7055
4793 2 2 10 1 3991 7474 5399
4794 2 2 10 1 7196 7197 5278
4795 2 2 10 1 1898 6926 1894
4796 2 2 10 1 4662 7516 1011
4797 2 2 10 1 3680 6869 1835
4798 2 2 10 1 3914 7475 5792
4799 2 2 10 1 6797 7412 2474
4800 2 2 10 1 3603 7266 4363
4801 2 2 10 1 3474 7253 4610
4802 2 2 10 1 1595 7282 1593
4803 2 2 10 1 6889 6890 6785
4804 2 2 10 1 6720 6721 6719
4805 2 2 10 1 6861 6863 772
4806 2 2 10 1 3333 7275 3801
4807 2 2 10 1 7030 7737 3264
4808 2 2 10 1 3709 7477 5317
4809 2 2 10 1 7104 7105 1275
4810 2 2 10 1 1324 7103 1327
4811 2 2 10 1 7327 7905 7328
4812 2 2 10 1 6991 7453 1616
4813 2 2 10 1 6870 6872 696
4814 2 2 10 1 6864 6866 1114
4815 2 2 10 1 3771 7276 4246
4816 2 2 10 1 3098 7277 4614
4817 2 2 10 1 7374 7377 3102
4818 2 2 10 1 4529 6940 6939
4819 2 2 10 1 4134 8386 4839
4820 2 2 10 1 7340 7341 5054
4821 2 2 10 1 3288 7732 7054
4822 2 2 10 1 1110 7291 6933
4823 2 2 10 1 2011 7299 6934
4824 2 2 10 1 1039 7302 3027
4825 2 2 10 1 2329 6483 3144
4826 2 2 10 1 4196 7318 3678
4827 2 2 10 1 817 6893 827
4828 2 2 10 1 4582 7199 6971
4829 2 2 10 1 2069 7312 6931
4830 2 2 10 1 3569 7314 3855
4831 2 2 10 1 3700 7033 7032
4832 2 2 10 1 4146 6857 6854
4833 2 2 10 1 2674 7638 4961
4834 2 2 10 1 2492 7354 2451
4835 2 2 10 1 6105 6106 6104
4836 2 2 10 1 795 7256 793
4837 2 2 10 1 3497 7288 3127
4838 2 2 10 1 4558 6480 6338
4839 2 2 10 1 3143 7639 4733
4840 2 2 10 1 5300 7769 7707
4841 2 2 10 1 6766 9582 5545
4842 2 2 10 1 1378 7488 2844
4843 2 2 10 1 5289 7944 7494
4844 2 2 10 1 2846 7492 919
4845 2 2 10 1 8257 8312 1901
4846 2 2 10 1 6796 6797 2474
4847 2 2 10 1 2426 6956 2162
4848 2 2 10 1 8626 8733 1066
4849 2 2 10 1 7702 8004 6294
4850 2 2 10 1 5678 8192 7332
4851 2 2 10 1 2321 7293 2325
4852 2 2 10 1 718 7303 1273
4853 2 2 10 1 6979 8345 8282
4854 2 2 10 1 6752 6754 6753
4855 2 2 10 1 5261 8333 5262
4856 2 2 10 1 7134 7135 5457
4857 2 2 10 1 2768 8372 6909
4858 2 2 10 1 6747 7449 6935
4859 2 2 10 1 2120 7319 2415
4860 2 2 10 1 4533 7271 4531
4861 2 2 10 1 1362 7264 1360
4862 2 2 10 1 1278 7404 1276
4863 2 2 10 1 856 7154 871
4864 2 2 10 1 3337 7365 2568
4865 2 2 10 1 6816 6817 4432
4866 2 2 10 1 1427 7364 1424
4867 2 2 10 1 1471 7367 1484
4868 2 2 10 1 7386 7391 7388
4869 2 2 10 1 1609 7369 1601
4870 2 2 10 1 952 7917 954
4871 2 2 10 1 3559 7283 3561
4872 2 2 10 1 1402 7289 1408
4873 2 2 10 1 3432 7286 3452
4874 2 2 10 1 948 7294 960
4875 2 2 10 1 1778 7284 1876
4876 2 2 10 1 1540 7287 1529
4877 2 2 10 1 2720 7307 2722
4878 2 2 10 1 1080 7310 1087
4879 2 2 10 1 6794 6795 1668
4880 2 2 10 1 1990 7309 1994
4881 2 2 10 1 7524 7525 2479
4882 2 2 10 1 4750 7345 6384
4883 2 2 10 1 7704 7998 6298
4884 2 2 10 1 1872 7456 7111
4885 2 2 10 1 2187 7153 6877
4886 2 2 10 1 2148 7372 3102
4887 2 2 10 1 3234 7290 3236
4888 2 2 10 1 6950 6952 6951
4889 2 2 10 1 6357 7903 3281
4890 2 2 10 1 7355 7356 918
4891 2 2 10 1 2755 7378 2758
4892 2 2 10 1 2381 8633 7040
4893 2 2 10 1 8035 8193 3257
4894 2 2 10 1 6308 8007 7708
4895 2 2 10 1 7240 7456 1872
4896 2 2 10 1 857 7355 918
4897 2 2 10 1 6747 6935 6748
4898 2 2 10 1 4272 6846 4269
4899 2 2 10 1 7709 7997 6132
4900 2 2 10 1 6796 6798 6797
4901 2 2 10 1 6801 7412 6797
4902 2 2 10 1 6896 7295 1910
4903 2 2 10 1 3391 6852 4402
4904 2 2 10 1 4160 6843 4186
4905 2 2 10 1 927 7156 938
4906 2 2 10 1 6794 6809 6795
4907 2 2 10 1 1691 7694 1693
4908 2 2 10 1 3429 8022 5254
4909 2 2 10 1 3066 6496 3064
4910 2 2 10 1 7631 8752 2816
4911 2 2 10 1 6715 6885 4196
4912 2 2 10 1 6487 6489 6488
4913 2 2 10 1 4589 7154 6395
4914 2 2 10 1 6621 6623 6622
4915 2 2 10 1 3260 8411 6677
4916 2 2 10 1 953 7308 7171
4917 2 2 10 1 2575 7212 2196
4918 2 2 10 1 6557 6558 6556
4919 2 2 10 1 6543 6544 6542
4920 2 2 10 1 7045 7046 7044
4921 2 2 10 1 7098 7099 7097
4922 2 2 10 1 2769 6431 6429
4923 2 2 10 1 1213 7413 4666
4924 2 2 10 1 3614 6477 4555
4925 2 2 10 1 869 8738 6224
4926 2 2 10 1 6689 6690 6688
4927 2 2 10 1 7712 8009 6012
4928 2 2 10 1 1207 6557 6556
4929 2 2 10 1 1720 6543 6542
4930 2 2 10 1 6500 6501 4068
4931 2 2 10 1 2780 6665 6572
4932 2 2 10 1 2964 6660 6574
4933 2 2 10 1 2764 7781 6628
4934 2 2 10 1 1952 7045 7044
4935 2 2 10 1 4932 6502 4933
4936 2 2 10 1 6574 6575 6573
4937 2 2 10 1 5849 5851 5850
4938 2 2 10 1 4661 7178 4399
4939 2 2 10 1 7172 7174 7173
4940 2 2 10 1 6992 6994 6993
4941 2 2 10 1 2769 6498 994
4942 2 2 10 1 588 7187 586
4943 2 2 10 1 2096 8263 2094
4944 2 2 10 1 1940 8098 6958
4945 2 2 10 1 3652 7124 7123
4946 2 2 10 1 6958 7080 4682
4947 2 2 10 1 4072 7654 3393
4948 2 2 10 1 743 7124 737
4949 2 2 10 1 6730 7061 6731
4950 2 2 10 1 3265 7737 3268
4951 2 2 10 1 5991 9485 2245
4952 2 2 10 1 7856 8151 3024
4953 2 2 10 1 4150 6985 4149
4954 2 2 10 1 1725 7087 5645
4955 2 2 10 1 2573 6689 6688
4956 2 2 10 1 7006 7260 7005
4957 2 2 10 1 3988 7281 4073
4958 2 2 10 1 6345 7479 5205
4959 2 2 10 1 3223 7088 3775
4960 2 2 10 1 1356 7305 2222
4961 2 2 10 1 3477 7311 2708
4962 2 2 10 1 2730 7292 2424
4963 2 2 10 1 6218 8213 7748
4964 2 2 10 1 3579 7280 3577
4965 2 2 10 1 7108 8127 7106
4966 2 2 10 1 3985 7094 5276
4967 2 2 10 1 2794 7114 2798
4968 2 2 10 1 6489 6490 6488
4969 2 2 10 1 5368 9237 8079
4970 2 2 10 1 4157 8671 7393
4971 2 2 10 1 3467 7168 4699
4972 2 2 10 1 3199 6873 3887
4973 2 2 10 1 6206 8214 7755
4974 2 2 10 1 1975 7169 1978
4975 2 2 10 1 7975 8154 6524
4976 2 2 10 1 4546 7121 4820
4977 2 2 10 1 4203 6825 4205
4978 2 2 10 1 1424 7364 1422
4979 2 2 10 1 5112 5269 4260
4980 2 2 10 1 5091 5285 4619
4981 2 2 10 1 1601 7369 1599
4982 2 2 10 1 3924 5009 3841
4983 2 2 10 1 7372 7376 7373
4984 2 2 10 1 4606 4609 4605
4985 2 2 10 1 4596 4943 4595
4986 2 2 10 1 2568 7365 2481
4987 2 2 10 1 4299 6830 5127
4988 2 2 10 1 1969 7172 1989
4989 2 2 10 1 4244 7134 5457
4990 2 2 10 1 1504 8497 8442
4991 2 2 10 1 4594 4595 4593
4992 2 2 10 1 6662 6663 6661
4993 2 2 10 1 1457 7367 1471
4994 2 2 10 1 4857 5426 4052
4995 2 2 10 1 3577 3581 3576
4996 2 2 10 1 3738 4052 3339
4997 2 2 10 1 5144 6937 4236
4998 2 2 10 1 3892 4236 3594
4999 2 2 10 1 4075 5240 3589
5000 2 2 10 1 3575 3576 3574
5001 2 2 10 1 5147 6091 4654
5002 2 2 10 1 2757 2759 2756
5003 2 2 10 1 3593 3594 3592
5004 2 2 10 1 2755 2756 2754
5005 2 2 10 1 3610 7144 3609
5006 2 2 10 1 2601 3108 2533
5007 2 2 10 1 1999 7195 2002
5008 2 2 10 1 2275 2533 2213
5009 2 2 10 1 5243 6183 5242
5010 2 2 10 1 2150 2213 2149
5011 2 2 10 1 4472 5553 4923
5012 2 2 10 1 2148 2149 2147
5013 2 2 10 1 5514 5515 4638
5014 2 2 10 1 3012 3285 2847
5015 2 2 10 1 2854 3179 2853
5016 2 2 10 1 2146 2147 2145
5017 2 2 10 1 5145 6236 4489
5018 2 2 10 1 4592 5033 4591
5019 2 2 10 1 1603 1608 1601
5020 2 2 10 1 1129 1134 1112
5021 2 2 10 1 1600 1601 1599
5022 2 2 10 1 2852 2853 2851
5023 2 2 10 1 2753 2754 2752
5024 2 2 10 1 1598 1599 1597
5025 2 2 10 1 3591 3592 3590
5026 2 2 10 1 1064 6882 1063
5027 2 2 10 1 1101 1112 1084
5028 2 2 10 1 3121 3794 3792
5029 2 2 10 1 5532 5533 4635
5030 2 2 10 1 1425 1426 1424
5031 2 2 10 1 2424 2541 2326
5032 2 2 10 1 1423 1424 1422
5033 2 2 10 1 1596 1597 1595
5034 2 2 10 1 2677 7125 5609
5035 2 2 10 1 4470 4472 4471
5036 2 2 10 1 2398 2708 2430
5037 2 2 10 1 6771 6772 6605
5038 2 2 10 1 5476 5914 5475
5039 2 2 10 1 1866 1868 1867
5040 2 2 10 1 5029 6957 4637
5041 2 2 10 1 1483 1503 1478
5042 2 2 10 1 3692 6762 3693
5043 2 2 10 1 4349 4489 3953
5044 2 2 10 1 1864 1866 1865
5045 2 2 10 1 5006 5569 4250
5046 2 2 10 1 2144 2145 2143
5047 2 2 10 1 3028 3692 3053
5048 2 2 10 1 6604 6605 6603
5049 2 2 10 1 1471 1478 1465
5050 2 2 10 1 3023 3182 2850
5051 2 2 10 1 1085 1104 1075
5052 2 2 10 1 2349 2350 2081
5053 2 2 10 1 2569 2570 2568
5054 2 2 10 1 2482 2568 2481
5055 2 2 10 1 2820 3121 3015
5056 2 2 10 1 6590 6594 6589
5057 2 2 10 1 2571 2572 2570
5058 2 2 10 1 4106 4107 3547
5059 2 2 10 1 693 697 694
5060 2 2 10 1 3106 3788 3107
5061 2 2 10 1 2438 7141 3847
5062 2 2 10 1 2668 2670 2572
5063 2 2 10 1 3553 3554 3552
5064 2 2 10 1 3546 4106 3547
5065 2 2 10 1 1421 1422 1420
5066 2 2 10 1 2324 2326 2323
5067 2 2 10 1 2668 3106 2670
5068 2 2 10 1 3553 3555 3554
5069 2 2 10 1 4650 8152 6526
5070 2 2 10 1 3551 3553 3552
5071 2 2 10 1 2302 2303 2301
5072 2 2 10 1 2571 2668 2572
5073 2 2 10 1 3106 3107 2670
5074 2 2 10 1 711 715 713
5075 2 2 10 1 2569 2571 2570
5076 2 2 10 1 2408 2875 2523
5077 2 2 10 1 4585 5690 4987
5078 2 2 10 1 882 7153 2187
5079 2 2 10 1 2482 2569 2568
5080 2 2 10 1 3546 3547 3545
5081 2 2 10 1 6940 6942 6941
5082 2 2 10 1 4505 4507 4506
5083 2 2 10 1 1074 1084 1061
5084 2 2 10 1 3790 3835 3182
5085 2 2 10 1 3551 3552 3550
5086 2 2 10 1 4193 5376 4361
5087 2 2 10 1 2190 2398 2191
5088 2 2 10 1 886 889 887
5089 2 2 10 1 3692 3693 3053
5090 2 2 10 1 1868 1869 1867
5091 2 2 10 1 1351 6755 1356
5092 2 2 10 1 2304 2408 2305
5093 2 2 10 1 2349 2715 2350
5094 2 2 10 1 1866 1867 1865
5095 2 2 10 1 2304 2305 2303
5096 2 2 10 1 2332 2482 2481
5097 2 2 10 1 1862 1864 1863
5098 2 2 10 1 6705 6751 1380
5099 2 2 10 1 2491 3028 2492
5100 2 2 10 1 2708 3728 2430
5101 2 2 10 1 1471 1483 1478
5102 2 2 10 1 3028 3053 2492
5103 2 2 10 1 2302 2304 2303
5104 2 2 10 1 1864 1865 1863
5105 2 2 10 1 3987 4818 3988
5106 2 2 10 1 2300 2301 2151
5107 2 2 10 1 6604 6771 6605
5108 2 2 10 1 1457 1465 1448
5109 2 2 10 1 2332 2481 2331
5110 2 2 10 1 1454 6881 1453
5111 2 2 10 1 1457 1471 1465
5112 2 2 10 1 2398 2430 2191
5113 2 2 10 1 886 887 885
5114 2 2 10 1 3544 3546 3545
5115 2 2 10 1 5238 7464 7018
5116 2 2 10 1 4193 4361 4191
5117 2 2 10 1 1425 1428 1426
5118 2 2 10 1 1423 1425 1424
5119 2 2 10 1 3549 3551 3550
5120 2 2 10 1 2300 2302 2301
5121 2 2 10 1 5955 6401 5954
5122 2 2 10 1 2408 2523 2305
5123 2 2 10 1 4505 4506 4504
5124 2 2 10 1 2324 2424 2326
5125 2 2 10 1 2087 6880 2088
5126 2 2 10 1 1421 1423 1422
5127 2 2 10 1 5605 6922 5352
5128 2 2 10 1 1351 1356 1350
5129 2 2 10 1 5921 6376 5922
5130 2 2 10 1 1596 1598 1597
5131 2 2 10 1 1598 1600 1599
5132 2 2 10 1 3839 7144 4323
5133 2 2 10 1 839 848 844
5134 2 2 10 1 2080 2349 2081
5135 2 2 10 1 4570 6698 4571
5136 2 2 10 1 1600 1603 1601
5137 2 2 10 1 5011 6347 5378
5138 2 2 10 1 1101 1129 1112
5139 2 2 10 1 4532 5126 4533
5140 2 2 10 1 1326 1329 1325
5141 2 2 10 1 1085 1116 1104
5142 2 2 10 1 693 694 692
5143 2 2 10 1 711 713 710
5144 2 2 10 1 1603 1644 1608
5145 2 2 10 1 1129 6757 1134
5146 2 2 10 1 4349 5145 4489
5147 2 2 10 1 6602 6604 6603
5148 2 2 10 1 1074 1101 1084
5149 2 2 10 1 3204 7196 5278
5150 2 2 10 1 2146 2148 2147
5151 2 2 10 1 2144 2146 2145
5152 2 2 10 1 2148 2150 2149
5153 2 2 10 1 4472 4923 4471
5154 2 2 10 1 2150 2275 2213
5155 2 2 10 1 1375 6705 1380
5156 2 2 10 1 2530 3161 2705
5157 2 2 10 1 1594 1596 1595
5158 2 2 10 1 4493 7142 5727
5159 2 2 10 1 2275 2601 2533
5160 2 2 10 1 796 6706 797
5161 2 2 10 1 5494 5665 5493
5162 2 2 10 1 7176 7212 3524
5163 2 2 10 1 2755 2757 2756
5164 2 2 10 1 4461 5067 3949
5165 2 2 10 1 4636 5029 4637
5166 2 2 10 1 2753 2755 2754
5167 2 2 10 1 2672 3241 2671
5168 2 2 10 1 828 833 823
5169 2 2 10 1 5561 6380 5484
5170 2 2 10 1 766 771 767
5171 2 2 10 1 4585 4987 4584
5172 2 2 10 1 3790 4855 3835
5173 2 2 10 1 6982 6984 3319
5174 2 2 10 1 6712 6713 6710
5175 2 2 10 1 1594 1595 1593
5176 2 2 10 1 5931 6309 5142
5177 2 2 10 1 4634 4635 3778
5178 2 2 10 1 6545 6549 6544
5179 2 2 10 1 6602 6603 6601
5180 2 2 10 1 5314 6282 4582
5181 2 2 10 1 5011 5378 5010
5182 2 2 10 1 3043 3418 3042
5183 2 2 10 1 4636 4637 3404
5184 2 2 10 1 3352 4074 3351
5185 2 2 10 1 7181 7185 7182
5186 2 2 10 1 4425 5463 4094
5187 2 2 10 1 5921 5922 5874
5188 2 2 10 1 3121 3792 3015
5189 2 2 10 1 2852 2854 2853
5190 2 2 10 1 3023 3790 3182
5191 2 2 10 1 5351 5605 5352
5192 2 2 10 1 3423 6153 3422
5193 2 2 10 1 2080 2081 1836
5194 2 2 10 1 2798 3042 2796
5195 2 2 10 1 5153 5955 5954
5196 2 2 10 1 5126 6065 4533
5197 2 2 10 1 4429 7113 4486
5198 2 2 10 1 4110 4111 3534
5199 2 2 10 1 4461 6760 5067
5200 2 2 10 1 3544 3545 3543
5201 2 2 10 1 3161 3372 2705
5202 2 2 10 1 3591 3593 3592
5203 2 2 10 1 4583 4585 4584
5204 2 2 10 1 3398 4103 4102
5205 2 2 10 1 4581 6645 6644
5206 2 2 10 1 5913 6480 5291
5207 2 2 10 1 1273 6741 6740
5208 2 2 10 1 4640 5104 4639
5209 2 2 10 1 4503 4505 4504
5210 2 2 10 1 3549 3550 1657
5211 2 2 10 1 4634 5532 4635
5212 2 2 10 1 4190 4193 4191
5213 2 2 10 1 995 6700 973
5214 2 2 10 1 4096 6616 6615
5215 2 2 10 1 884 886 885
5216 2 2 10 1 6798 6803 6800
5217 2 2 10 1 2330 2332 2331
5218 2 2 10 1 4315 6624 6620
5219 2 2 10 1 1854 6687 1853
5220 2 2 10 1 2491 2492 2451
5221 2 2 10 1 3573 4640 4639
5222 2 2 10 1 4592 5683 5033
5223 2 2 10 1 3575 3577 3576
5224 2 2 10 1 1862 1863 1861
5225 2 2 10 1 6026 6027 5401
5226 2 2 10 1 3634 3635 3632
5227 2 2 10 1 2146 7372 2148
5228 2 2 10 1 2190 2191 1931
5229 2 2 10 1 5690 6008 4987
5230 2 2 10 1 4431 6816 4432
5231 2 2 10 1 5433 5772 5035
5232 2 2 10 1 3593 3892 3594
5233 2 2 10 1 2766 5949 4356
5234 2 2 10 1 691 693 692
5235 2 2 10 1 7181 7182 7180
5236 2 2 10 1 2322 2324 2323
5237 2 2 10 1 3738 4857 4052
5238 2 2 10 1 1574 2300 2151
5239 2 2 10 1 1419 1421 1420
5240 2 2 10 1 5259 6215 5260
5241 2 2 10 1 1062 1085 1075
5242 2 2 10 1 4363 5529 5420
5243 2 2 10 1 1605 2872 1604
5244 2 2 10 1 1439 1457 1448
5245 2 2 10 1 3080 6860 2832
5246 2 2 10 1 4820 5489 4819
5247 2 2 10 1 6632 6633 3846
5248 2 2 10 1 2763 2860 2859
5249 2 2 10 1 5524 5525 4254
5250 2 2 10 1 3952 4349 3953
5251 2 2 10 1 3636 3637 3635
5252 2 2 10 1 1347 1351 1350
5253 2 2 10 1 839 844 837
5254 2 2 10 1 3654 7123 4655
5255 2 2 10 1 709 711 710
5256 2 2 10 1 1535 2144 2143
5257 2 2 10 1 3300 6590 6589
5258 2 2 10 1 4594 4596 4595
5259 2 2 10 1 3280 5476 5475
5260 2 2 10 1 4249 5006 4250
5261 2 2 10 1 4470 4471 4469
5262 2 2 10 1 2829 6611 6610
5263 2 2 10 1 3663 6894 6893
5264 2 2 10 1 3631 3632 3630
5265 2 2 10 1 4474 6732 6730
5266 2 2 10 1 4069 6598 6597
5267 2 2 10 1 5171 5765 5172
5268 2 2 10 1 5425 5490 4487
5269 2 2 10 1 4200 4203 4201
5270 2 2 10 1 2751 2753 2752
5271 2 2 10 1 3176 4227 4226
5272 2 2 10 1 7080 7081 4910
5273 2 2 10 1 1823 2093 1822
5274 2 2 10 1 2820 3015 2764
5275 2 2 10 1 1050 1074 1061
5276 2 2 10 1 3801 4953 4876
5277 2 2 10 1 2338 2339 2337
5278 2 2 10 1 3627 3628 3626
5279 2 2 10 1 6558 6561 6560
5280 2 2 10 1 3892 5144 4236
5281 2 2 10 1 2765 5514 4638
5282 2 2 10 1 2340 2341 2339
5283 2 2 10 1 1042 1063 1041
5284 2 2 10 1 3375 7200 4034
5285 2 2 10 1 2170 6779 3525
5286 2 2 10 1 2336 2337 2335
5287 2 2 10 1 2014 5243 5242
5288 2 2 10 1 6518 6519 6517
5289 2 2 10 1 4888 5471 3412
5290 2 2 10 1 2750 3591 3590
5291 2 2 10 1 2094 2354 2093
5292 2 2 10 1 3194 3844 3193
5293 2 2 10 1 3017 3378 3016
5294 2 2 10 1 4379 5754 5753
5295 2 2 10 1 2343 2438 2341
5296 2 2 10 1 1259 1822 1258
5297 2 2 10 1 2040 2852 2851
5298 2 2 10 1 4326 5401 4324
5299 2 2 10 1 3855 6719 6718
5300 2 2 10 1 4171 7868 3736
5301 2 2 10 1 3629 3630 3628
5302 2 2 10 1 2418 3023 2850
5303 2 2 10 1 6992 6993 1239
5304 2 2 10 1 5885 5886 5884
5305 2 2 10 1 2415 3012 2847
5306 2 2 10 1 3455 4461 3949
5307 2 2 10 1 4538 6776 4166
5308 2 2 10 1 2478 2595 2477
5309 2 2 10 1 796 797 795
5310 2 2 10 1 3902 4117 3901
5311 2 2 10 1 1033 1041 1032
5312 2 2 10 1 1783 1914 1782
5313 2 2 10 1 3833 3901 3832
5314 2 2 10 1 2194 2505 2195
5315 2 2 10 1 5588 6164 5587
5316 2 2 10 1 4346 4347 3844
5317 2 2 10 1 2380 2477 2379
5318 2 2 10 1 4781 5555 4782
5319 2 2 10 1 1324 1326 1325
5320 2 2 10 1 5609 5870 5236
5321 2 2 10 1 2083 3575 3574
5322 2 2 10 1 4345 5562 4343
5323 2 2 10 1 3862 6876 3861
5324 2 2 10 1 2596 3377 2595
5325 2 2 10 1 4492 4493 3766
5326 2 2 10 1 7046 7048 7047
5327 2 2 10 1 981 985 980
5328 2 2 10 1 3094 4781 3146
5329 2 2 10 1 4031 5115 5114
5330 2 2 10 1 5014 6778 4524
5331 2 2 10 1 3765 3766 3764
5332 2 2 10 1 3379 6820 3378
5333 2 2 10 1 4509 6813 4117
5334 2 2 10 1 5727 6782 4495
5335 2 2 10 1 4541 5046 4202
5336 2 2 10 1 4370 6826 4369
5337 2 2 10 1 5047 6827 4414
5338 2 2 10 1 2767 4075 3589
5339 2 2 10 1 1404 1414 1403
5340 2 2 10 1 5797 5799 5798
5341 2 2 10 1 2753 7378 2755
5342 2 2 10 1 6014 6184 5712
5343 2 2 10 1 6213 6214 5046
5344 2 2 10 1 5883 5884 4491
5345 2 2 10 1 3972 7149 5071
5346 2 2 10 1 5711 5712 4853
5347 2 2 10 1 904 923 917
5348 2 2 10 1 1669 1670 1667
5349 2 2 10 1 4343 6694 4344
5350 2 2 10 1 2586 3176 3030
5351 2 2 10 1 738 740 739
5352 2 2 10 1 3805 6976 3804
5353 2 2 10 1 4333 6712 6710
5354 2 2 10 1 1031 1032 1030
5355 2 2 10 1 1370 6815 1372
5356 2 2 10 1 6341 6343 6342
5357 2 2 10 1 1375 1380 1369
5358 2 2 10 1 4756 5289 4734
5359 2 2 10 1 2932 3521 2969
5360 2 2 10 1 766 767 765
5361 2 2 10 1 1675 1782 1674
5362 2 2 10 1 3022 3738 3339
5363 2 2 10 1 5685 6117 5686
5364 2 2 10 1 1359 1363 1358
5365 2 2 10 1 4560 4561 3440
5366 2 2 10 1 1127 1258 1125
5367 2 2 10 1 931 942 930
5368 2 2 10 1 5961 5962 5087
5369 2 2 10 1 1364 1370 1363
5370 2 2 10 1 863 900 862
5371 2 2 10 1 5107 6250 5106
5372 2 2 10 1 3272 4088 3271
5373 2 2 10 1 2519 3003 2803
5374 2 2 10 1 769 805 768
5375 2 2 10 1 760 768 759
5376 2 2 10 1 2454 2455 2453
5377 2 2 10 1 2857 6793 4004
5378 2 2 10 1 2328 2329 2327
5379 2 2 10 1 5042 6263 5802
5380 2 2 10 1 3656 3658 3657
5381 2 2 10 1 3144 3145 2857
5382 2 2 10 1 3259 6995 1143
5383 2 2 10 1 806 814 805
5384 2 2 10 1 916 930 915
5385 2 2 10 1 5318 6330 6329
5386 2 2 10 1 1671 1672 1670
5387 2 2 10 1 3658 3660 3659
5388 2 2 10 1 1371 1379 1370
5389 2 2 10 1 6989 6991 1774
5390 2 2 10 1 2809 3016 2807
5391 2 2 10 1 3912 5042 4373
5392 2 2 10 1 1354 1358 1353
5393 2 2 10 1 2801 6790 741
5394 2 2 10 1 2452 2453 1212
5395 2 2 10 1 815 824 814
5396 2 2 10 1 2488 2698 2489
5397 2 2 10 1 1331 1334 1330
5398 2 2 10 1 2802 3271 2791
5399 2 2 10 1 3861 4862 4391
5400 2 2 10 1 2173 2174 2172
5401 2 2 10 1 5415 6055 5417
5402 2 2 10 1 1335 1338 1334
5403 2 2 10 1 2717 6792 2406
5404 2 2 10 1 4862 6155 5451
5405 2 2 10 1 756 759 754
5406 2 2 10 1 1813 2087 1814
5407 2 2 10 1 2830 4594 4593
5408 2 2 10 1 4653 4654 4652
5409 2 2 10 1 825 831 824
5410 2 2 10 1 4241 6641 6640
5411 2 2 10 1 2422 2671 2421
5412 2 2 10 1 2810 7000 1305
5413 2 2 10 1 2171 2172 2170
5414 2 2 10 1 1224 1788 1225
5415 2 2 10 1 2393 6783 1661
5416 2 2 10 1 1339 1342 1338
5417 2 2 10 1 2738 6997 1279
5418 2 2 10 1 2775 3311 2774
5419 2 2 10 1 5757 5910 5756
5420 2 2 10 1 2175 2219 2174
5421 2 2 10 1 4555 5331 4431
5422 2 2 10 1 851 862 850
5423 2 2 10 1 832 842 831
5424 2 2 10 1 4369 5309 4371
5425 2 2 10 1 3972 4299 3973
5426 2 2 10 1 3003 3540 3004
5427 2 2 10 1 4246 6723 3853
5428 2 2 10 1 5745 5990 3145
5429 2 2 10 1 1343 1348 1342
5430 2 2 10 1 1349 1353 1348
5431 2 2 10 1 3964 4260 3470
5432 2 2 10 1 1155 6996 1153
5433 2 2 10 1 2232 2327 2231
5434 2 2 10 1 1398 1403 1397
5435 2 2 10 1 843 850 842
5436 2 2 10 1 1099 1122 1098
5437 2 2 10 1 2785 2786 2784
5438 2 2 10 1 3307 4049 3308
5439 2 2 10 1 2639 3193 2638
5440 2 2 10 1 3654 3656 3655
5441 2 2 10 1 4545 4546 3820
5442 2 2 10 1 850 7013 852
5443 2 2 10 1 1673 1674 1672
5444 2 2 10 1 1788 2052 1789
5445 2 2 10 1 1348 7010 1460
5446 2 2 10 1 6528 6530 6529
5447 2 2 10 1 2219 2286 2285
5448 2 2 10 1 4614 4619 3195
5449 2 2 10 1 2456 2457 2455
5450 2 2 10 1 1674 7029 1676
5451 2 2 10 1 4853 6695 4854
5452 2 2 10 1 1297 1299 1298
5453 2 2 10 1 2745 4605 2542
5454 2 2 10 1 1299 1301 1300
5455 2 2 10 1 831 7012 2741
5456 2 2 10 1 2812 2813 2811
5457 2 2 10 1 1301 1303 1302
5458 2 2 10 1 1295 1297 1296
5459 2 2 10 1 3157 3614 3512
5460 2 2 10 1 1338 7014 2742
5461 2 2 10 1 1303 1305 1304
5462 2 2 10 1 2053 2224 2052
5463 2 2 10 1 1122 1224 1124
5464 2 2 10 1 2783 2784 1773
5465 2 2 10 1 4610 5408 4159
5466 2 2 10 1 5973 9203 5475
5467 2 2 10 1 1305 1307 1306
5468 2 2 10 1 750 754 751
5469 2 2 10 1 726 730 727
5470 2 2 10 1 722 726 723
5471 2 2 10 1 2713 3171 2698
5472 2 2 10 1 1358 7017 2744
5473 2 2 10 1 1281 1283 1282
5474 2 2 10 1 730 734 731
5475 2 2 10 1 1283 1285 1284
5476 2 2 10 1 1293 1295 1294
5477 2 2 10 1 1285 1287 1286
5478 2 2 10 1 814 7015 1071
5479 2 2 10 1 3661 3861 3660
5480 2 2 10 1 1307 1330 1308
5481 2 2 10 1 6530 6534 6532
5482 2 2 10 1 2286 2406 2287
5483 2 2 10 1 734 741 735
5484 2 2 10 1 1287 1289 1288
5485 2 2 10 1 2486 2488 2487
5486 2 2 10 1 1151 1153 1152
5487 2 2 10 1 1289 1291 1290
5488 2 2 10 1 4590 4592 4591
5489 2 2 10 1 1279 1281 1280
5490 2 2 10 1 768 7016 2743
5491 2 2 10 1 3172 3388 3171
5492 2 2 10 1 4568 4570 4569
5493 2 2 10 1 1661 1663 1662
5494 2 2 10 1 3389 3912 3388
5495 2 2 10 1 968 992 957
5496 2 2 10 1 1153 1156 1154
5497 2 2 10 1 1291 1293 1292
5498 2 2 10 1 741 745 742
5499 2 2 10 1 745 750 746
5500 2 2 10 1 2292 2297 2293
5501 2 2 10 1 3504 4357 3503
5502 2 2 10 1 3608 3609 3607
5503 2 2 10 1 3113 3841 3061
5504 2 2 10 1 900 5106 4258
5505 2 2 10 1 2329 2857 2856
5506 2 2 10 1 1659 1661 1660
5507 2 2 10 1 942 1143 1142
5508 2 2 10 1 3111 3343 3342
5509 2 2 10 1 1853 5904 4060
5510 2 2 10 1 3311 3762 3312
5511 2 2 10 1 4526 6175 4415
5512 2 2 10 1 6059 6060 5113
5513 2 2 10 1 3962 4558 3961
5514 2 2 10 1 3898 4972 3899
5515 2 2 10 1 4427 5113 4426
5516 2 2 10 1 2786 2789 2788
5517 2 2 10 1 4062 4415 3911
5518 2 2 10 1 2406 2563 2407
5519 2 2 10 1 2814 3157 2813
5520 2 2 10 1 1663 1665 1664
5521 2 2 10 1 720 722 721
5522 2 2 10 1 3817 6661 3368
5523 2 2 10 1 3775 5751 3345
5524 2 2 10 1 1156 2873 1157
5525 2 2 10 1 1143 1145 1144
5526 2 2 10 1 2470 2638 2297
5527 2 2 10 1 3522 4426 3521
5528 2 2 10 1 3762 4734 4172
5529 2 2 10 1 1794 1953 1793
5530 2 2 10 1 2455 7008 2740
5531 2 2 10 1 6314 7039 2586
5532 2 2 10 1 2706 3307 2731
5533 2 2 10 1 1030 6781 2771
5534 2 2 10 1 3839 4122 3840
5535 2 2 10 1 1149 1151 1150
5536 2 2 10 1 1414 1659 1658
5537 2 2 10 1 1208 1212 1209
5538 2 2 10 1 1665 1667 1666
5539 2 2 10 1 6740 7254 729
5540 2 2 10 1 6716 6717 6715
5541 2 2 10 1 2089 2811 2087
5542 2 2 10 1 1145 1147 1146
5543 2 2 10 1 4493 4495 4494
5544 2 2 10 1 2225 2519 2224
5545 2 2 10 1 1667 6794 1668
5546 2 2 10 1 5249 5250 3540
5547 2 2 10 1 4078 6981 2486
5548 2 2 10 1 2805 2807 2806
5549 2 2 10 1 6983 6988 6987
5550 2 2 10 1 3377 4202 3417
5551 2 2 10 1 1147 1149 1148
5552 2 2 10 1 4342 4853 4547
5553 2 2 10 1 3218 3220 3219
5554 2 2 10 1 2458 2459 2457
5555 2 2 10 1 1102 1125 1103
5556 2 2 10 1 4577 6784 3094
5557 2 2 10 1 3220 3764 3763
5558 2 2 10 1 4495 5654 5653
5559 2 2 10 1 1678 5282 1677
5560 2 2 10 1 2789 2791 2790
5561 2 2 10 1 4540 5500 4539
5562 2 2 10 1 4117 5483 5482
5563 2 2 10 1 985 3832 2593
5564 2 2 10 1 3151 3898 3152
5565 2 2 10 1 3609 3839 3611
5566 2 2 10 1 6402 6403 5152
5567 2 2 10 1 4610 5930 5408
5568 2 2 10 1 1453 4588 3260
5569 2 2 10 1 3216 3218 3217
5570 2 2 10 1 4562 5318 4561
5571 2 2 10 1 2830 4593 2431
5572 2 2 10 1 4565 6265 6264
5573 2 2 10 1 1852 1853 1851
5574 2 2 10 1 3804 4565 4564
5575 2 2 10 1 5276 5714 5275
5576 2 2 10 1 5668 5928 5667
5577 2 2 10 1 1277 1279 1278
5578 2 2 10 1 3394 4127 3327
5579 2 2 10 1 1914 2805 2804
5580 2 2 10 1 5292 5293 5291
5581 2 2 10 1 1855 3911 2874
5582 2 2 10 1 2438 2703 2702
5583 2 2 10 1 2460 2600 2459
5584 2 2 10 1 3964 5112 4260
5585 2 2 10 1 1082 1102 1083
5586 2 2 10 1 1125 7031 1126
5587 2 2 10 1 5447 5825 5446
5588 2 2 10 1 4202 6814 4294
5589 2 2 10 1 5052 5443 5053
5590 2 2 10 1 2677 5236 3783
5591 2 2 10 1 1077 1098 1076
5592 2 2 10 1 4129 4524 4130
5593 2 2 10 1 4524 5371 4960
5594 2 2 10 1 2354 2662 2355
5595 2 2 10 1 5422 6313 6312
5596 2 2 10 1 1063 1082 1065
5597 2 2 10 1 2508 2958 2505
5598 2 2 10 1 6519 6521 6520
5599 2 2 10 1 3022 3339 2690
5600 2 2 10 1 2587 3151 2588
5601 2 2 10 1 1561 1604 1560
5602 2 2 10 1 2745 4606 4605
5603 2 2 10 1 4244 5380 4245
5604 2 2 10 1 3343 3812 3344
5605 2 2 10 1 3817 6662 6661
5606 2 2 10 1 6368 6369 4881
5607 2 2 10 1 4348 5685 4347
5608 2 2 10 1 4575 4576 4079
5609 2 2 10 1 4324 6696 4325
5610 2 2 10 1 1476 3412 2845
5611 2 2 10 1 4051 4916 4049
5612 2 2 10 1 4240 5667 4338
5613 2 2 10 1 3625 3626 3624
5614 2 2 10 1 6515 6517 6516
5615 2 2 10 1 2352 6643 2140
5616 2 2 10 1 3614 4431 3615
5617 2 2 10 1 4653 5147 4654
5618 2 2 10 1 2310 2316 2309
5619 2 2 10 1 2767 3589 1106
5620 2 2 10 1 2083 3574 1904
5621 2 2 10 1 4088 4414 4089
5622 2 2 10 1 1552 4166 3434
5623 2 2 10 1 4122 5265 4303
5624 2 2 10 1 4166 5548 4334
5625 2 2 10 1 2683 3021 2682
5626 2 2 10 1 2400 2932 2401
5627 2 2 10 1 3226 3972 3225
5628 2 2 10 1 4323 6788 4122
5629 2 2 10 1 2169 2170 2168
5630 2 2 10 1 3095 4568 4567
5631 2 2 10 1 2815 3094 3052
5632 2 2 10 1 3378 4197 3548
5633 2 2 10 1 1646 6749 1619
5634 2 2 10 1 2040 2851 2018
5635 2 2 10 1 2014 5242 2007
5636 2 2 10 1 3502 4369 3501
5637 2 2 10 1 2662 3185 2663
5638 2 2 10 1 2415 2847 2227
5639 2 2 10 1 2959 3225 2958
5640 2 2 10 1 3637 3954 3639
5641 2 2 10 1 2765 4638 1035
5642 2 2 10 1 4973 5756 4972
5643 2 2 10 1 1462 1476 1461
5644 2 2 10 1 1524 1552 1523
5645 2 2 10 1 2418 2850 2254
5646 2 2 10 1 4917 5801 4916
5647 2 2 10 1 4357 5415 4549
5648 2 2 10 1 4174 5410 4173
5649 2 2 10 1 4572 5587 4570
5650 2 2 10 1 4590 4591 3159
5651 2 2 10 1 6514 6515 3642
5652 2 2 10 1 4797 4956 3889
5653 2 2 10 1 4474 6730 3670
5654 2 2 10 1 1902 2194 1903
5655 2 2 10 1 2751 2752 1996
5656 2 2 10 1 2334 2335 2333
5657 2 2 10 1 1017 6639 1009
5658 2 2 10 1 3185 3620 3186
5659 2 2 10 1 2750 3590 2060
5660 2 2 10 1 5170 5171 4227
5661 2 2 10 1 822 828 823
5662 2 2 10 1 3021 3536 3535
5663 2 2 10 1 6538 6539 4481
5664 2 2 10 1 3027 6619 1052
5665 2 2 10 1 3812 4343 3813
5666 2 2 10 1 6182 6404 6181
5667 2 2 10 1 4085 4881 4086
5668 2 2 10 1 2781 6649 1368
5669 2 2 10 1 2378 2379 2377
5670 2 2 10 1 4127 6229 4604
5671 2 2 10 1 1062 1075 1051
5672 2 2 10 1 4468 4470 4469
5673 2 2 10 1 5421 5422 4557
5674 2 2 10 1 1799 4079 1800
5675 2 2 10 1 3113 3924 3841
5676 2 2 10 1 2676 2677 2652
5677 2 2 10 1 3924 5313 5009
5678 2 2 10 1 3952 3953 2724
5679 2 2 10 1 3303 4129 3302
5680 2 2 10 1 5322 6042 5321
5681 2 2 10 1 5360 6160 5361
5682 2 2 10 1 1029 1030 1028
5683 2 2 10 1 4614 5091 4619
5684 2 2 10 1 1535 2143 1508
5685 2 2 10 1 4249 4250 3454
5686 2 2 10 1 3536 4324 3537
5687 2 2 10 1 4219 4517 4077
5688 2 2 10 1 1256 4389 1132
5689 2 2 10 1 2829 6610 997
5690 2 2 10 1 3717 3804 3716
5691 2 2 10 1 2763 2859 969
5692 2 2 10 1 4069 6597 1517
5693 2 2 10 1 5282 6353 5283
5694 2 2 10 1 6340 6341 5250
5695 2 2 10 1 5118 6114 5116
5696 2 2 10 1 4253 5524 4254
5697 2 2 10 1 5086 5087 4879
5698 2 2 10 1 1452 1453 1451
5699 2 2 10 1 3801 4876 3781
5700 2 2 10 1 4581 6644 1531
5701 2 2 10 1 979 980 978
5702 2 2 10 1 5187 5487 5355
5703 2 2 10 1 3455 3949 3251
5704 2 2 10 1 4760 5775 4618
5705 2 2 10 1 3280 5475 2517
5706 2 2 10 1 2606 3095 2605
5707 2 2 10 1 6454 6456 6455
5708 2 2 10 1 1246 7209 1247
5709 2 2 10 1 4550 6116 3996
5710 2 2 10 1 2238 2820 2764
5711 2 2 10 1 2560 3544 3543
5712 2 2 10 1 3231 3232 3230
5713 2 2 10 1 2322 2323 2321
5714 2 2 10 1 6670 6671 3282
5715 2 2 10 1 1419 1420 1418
5716 2 2 10 1 4246 6725 6723
5717 2 2 10 1 4300 5434 4301
5718 2 2 10 1 5790 5797 5796
5719 2 2 10 1 2427 2706 2426
5720 2 2 10 1 3675 4453 3674
5721 2 2 10 1 2766 4356 2126
5722 2 2 10 1 3596 6631 1481
5723 2 2 10 1 5153 5954 5151
5724 2 2 10 1 2252 6630 1936
5725 2 2 10 1 2251 6627 1761
5726 2 2 10 1 2733 6629 1772
5727 2 2 10 1 1918 6628 2119
5728 2 2 10 1 2109 7226 7225
5729 2 2 10 1 3300 6589 2641
5730 2 2 10 1 4464 5739 5427
5731 2 2 10 1 4156 5433 5035
5732 2 2 10 1 914 915 913
5733 2 2 10 1 4379 5753 4377
5734 2 2 10 1 8540 8808 6994
5735 2 2 10 1 4290 5677 3651
5736 2 2 10 1 5351 5352 4466
5737 2 2 10 1 1953 2794 2793
5738 2 2 10 1 1930 2190 1931
5739 2 2 10 1 6580 6918 3214
5740 2 2 10 1 3745 7872 5343
5741 2 2 10 1 7064 7065 5488
5742 2 2 10 1 3418 4120 3420
5743 2 2 10 1 4341 4342 3872
5744 2 2 10 1 5136 5921 5874
5745 2 2 10 1 4241 6640 3934
5746 2 2 10 1 2773 2774 2772
5747 2 2 10 1 6448 6449 6447
5748 2 2 10 1 1574 2151 1542
5749 2 2 10 1 3606 3607 2270
5750 2 2 10 1 3223 3345 3224
5751 2 2 10 1 2827 6607 1985
5752 2 2 10 1 1860 1862 1861
5753 2 2 10 1 4543 5011 5010
5754 2 2 10 1 5259 5260 4330
5755 2 2 10 1 1472 6626 1466
5756 2 2 10 1 2262 2491 2451
5757 2 2 10 1 4211 5314 4582
5758 2 2 10 1 3298 6747 748
5759 2 2 10 1 4014 5052 4013
5760 2 2 10 1 4315 6620 3238
5761 2 2 10 1 6587 6588 5705
5762 2 2 10 1 2330 2331 2299
5763 2 2 10 1 2828 3111 3110
5764 2 2 10 1 2136 6745 6744
5765 2 2 10 1 7387 7391 7386
5766 2 2 10 1 4096 6615 879
5767 2 2 10 1 1396 1397 1395
5768 2 2 10 1 4031 5114 3922
5769 2 2 10 1 4583 4584 3139
5770 2 2 10 1 4190 4191 4189
5771 2 2 10 1 884 885 883
5772 2 2 10 1 6600 6602 6601
5773 2 2 10 1 5141 5931 5142
5774 2 2 10 1 3082 4869 4649
5775 2 2 10 1 1254 1813 1255
5776 2 2 10 1 6536 6537 2425
5777 2 2 10 1 3985 5275 3986
5778 2 2 10 1 2728 6614 2640
5779 2 2 10 1 3484 6632 3846
5780 2 2 10 1 1568 3549 1657
5781 2 2 10 1 4503 4504 4502
5782 2 2 10 1 4724 6642 4380
5783 2 2 10 1 1273 6740 725
5784 2 2 10 1 4268 6716 6715
5785 2 2 10 1 2779 6570 6569
5786 2 2 10 1 1274 6440 701
5787 2 2 10 1 3241 3906 3242
5788 2 2 10 1 6523 6524 2770
5789 2 2 10 1 2243 2586 2244
5790 2 2 10 1 4204 5169 4203
5791 2 2 10 1 3954 5038 3955
5792 2 2 10 1 1752 1826 1751
5793 2 2 10 1 4118 7213 4119
5794 2 2 10 1 2217 2518 2216
5795 2 2 10 1 5937 5938 5121
5796 2 2 10 1 3532 4110 3534
5797 2 2 10 1 3398 4102 3397
5798 2 2 10 1 1268 6618 3539
5799 2 2 10 1 4429 4486 3761
5800 2 2 10 1 2794 2796 2795
5801 2 2 10 1 1137 7025 7024
5802 2 2 10 1 1584 6568 6567
5803 2 2 10 1 4883 6702 4080
5804 2 2 10 1 1834 2080 1836
5805 2 2 10 1 3494 4244 3493
5806 2 2 10 1 3884 4200 4199
5807 2 2 10 1 4546 4819 4559
5808 2 2 10 1 3855 6718 3571
5809 2 2 10 1 4333 6710 3868
5810 2 2 10 1 5071 5664 4299
5811 2 2 10 1 3350 3352 3351
5812 2 2 10 1 7707 7769 3769
5813 2 2 10 1 712 720 719
5814 2 2 10 1 2357 6693 6691
5815 2 2 10 1 6527 6528 1198
5816 2 2 10 1 2527 6736 2391
5817 2 2 10 1 1725 5280 1726
5818 2 2 10 1 4363 5420 4025
5819 2 2 10 1 1732 1773 1733
5820 2 2 10 1 3123 3501 3122
5821 2 2 10 1 1201 1208 1202
5822 2 2 10 1 7037 7038 7036
5823 2 2 10 1 3987 3988 3393
5824 2 2 10 1 1581 6606 3595
5825 2 2 10 1 4558 5895 4603
5826 2 2 10 1 2290 2292 2291
5827 2 2 10 1 2843 3423 3422
5828 2 2 10 1 1592 1594 1593
5829 2 2 10 1 4149 6983 6982
5830 2 2 10 1 4608 6960 6959
5831 2 2 10 1 4623 4630 4622
5832 2 2 10 1 3795 4539 3796
5833 2 2 10 1 2186 6737 2086
5834 2 2 10 1 2747 6584 6583
5835 2 2 10 1 4983 6586 6585
5836 2 2 10 1 3214 3216 3215
5837 2 2 10 1 3091 4636 3404
5838 2 2 10 1 2374 7211 7210
5839 2 2 10 1 3691 4425 4094
5840 2 2 10 1 2530 2705 2382
5841 2 2 10 1 3573 4639 3564
5842 2 2 10 1 1439 1448 1413
5843 2 2 10 1 965 995 973
5844 2 2 10 1 5021 5561 5484
5845 2 2 10 1 2436 6990 6989
5846 2 2 10 1 2929 3440 2930
5847 2 2 10 1 2712 6609 2514
5848 2 2 10 1 3402 4634 3778
5849 2 2 10 1 4414 5431 5025
5850 2 2 10 1 4120 5493 4121
5851 2 2 10 1 4532 4533 4531
5852 2 2 10 1 4776 5948 4669
5853 2 2 10 1 4670 4672 4671
5854 2 2 10 1 3652 3654 3653
5855 2 2 10 1 6596 7083 6595
5856 2 2 10 1 1050 1061 1024
5857 2 2 10 1 5038 5924 5039
5858 2 2 10 1 4682 4910 4683
5859 2 2 10 1 3624 6938 6919
5860 2 2 10 1 1034 2231 951
5861 2 2 10 1 691 692 690
5862 2 2 10 1 1347 1350 1346
5863 2 2 10 1 4047 5446 4214
5864 2 2 10 1 836 839 837
5865 2 2 10 1 6408 7057 7056
5866 2 2 10 1 709 710 708
5867 2 2 10 1 3041 3503 3039
5868 2 2 10 1 3663 6893 817
5869 2 2 10 1 899 903 898
5870 2 2 10 1 2484 2486 2485
5871 2 2 10 1 6592 7353 6590
5872 2 2 10 1 6239 6272 5506
5873 2 2 10 1 2831 3080 2832
5874 2 2 10 1 4280 5656 5655
5875 2 2 10 1 1260 7181 7180
5876 2 2 10 1 7588 8986 518
5877 2 2 10 1 4934 5650 4932
5878 2 2 10 1 4616 5830 5752
5879 2 2 10 1 1324 1325 1323
5880 2 2 10 1 738 739 737
5881 2 2 10 1 794 796 795
5882 2 2 10 1 904 917 902
5883 2 2 10 1 1366 1375 1369
5884 2 2 10 1 1275 1277 1276
5885 2 2 10 1 1583 7262 1573
5886 2 2 10 1 764 766 765
5887 2 2 10 1 1058 1076 1057
5888 2 2 10 1 6444 6483 4618
5889 2 2 10 1 954 968 957
5890 2 2 10 1 6507 6510 6509
5891 2 2 10 1 3524 7212 2575
5892 2 2 10 1 7209 7517 1254
5893 2 2 10 1 7386 7388 2030
5894 2 2 10 1 1025 1851 819
5895 2 2 10 1 4806 8701 8638
5896 2 2 10 1 761 1855 762
5897 2 2 10 1 6857 6858 6854
5898 2 2 10 1 1494 7921 7206
5899 2 2 10 1 3622 4240 3623
5900 2 2 10 1 822 823 821
5901 2 2 10 1 3392 3987 3393
5902 2 2 10 1 1641 1752 1751
5903 2 2 10 1 3814 4793 3326
5904 2 2 10 1 994 6498 968
5905 2 2 10 1 6751 7794 4503
5906 2 2 10 1 4865 6975 4596
5907 2 2 10 1 6874 7880 4797
5908 2 2 10 1 7435 8309 8266
5909 2 2 10 1 3063 7055 3338
5910 2 2 10 1 5432 6953 4425
5911 2 2 10 1 6319 8286 5860
5912 2 2 10 1 5134 6441 4855
5913 2 2 10 1 3054 6879 2854
5914 2 2 10 1 2153 4580 889
5915 2 2 10 1 6064 6838 6836
5916 2 2 10 1 6820 6822 6821
5917 2 2 10 1 4211 4582 3788
5918 2 2 10 1 5141 5142 923
5919 2 2 10 1 1830 4657 848
5920 2 2 10 1 4543 5010 4103
5921 2 2 10 1 5136 5874 4507
5922 2 2 10 1 4107 5351 4466
5923 2 2 10 1 6600 6601 6598
5924 2 2 10 1 1104 6864 1114
5925 2 2 10 1 2350 6970 2711
5926 2 2 10 1 694 6870 696
5927 2 2 10 1 1608 6867 1642
5928 2 2 10 1 4111 5153 5151
5929 2 2 10 1 2560 3543 715
5930 2 2 10 1 2759 4583 3139
5931 2 2 10 1 1503 4581 1531
5932 2 2 10 1 4074 5367 4646
5933 2 2 10 1 3232 3446 3234
5934 2 2 10 1 767 6861 772
5935 2 2 10 1 2388 2587 2389
5936 2 2 10 1 1267 3597 697
5937 2 2 10 1 4486 5549 5444
5938 2 2 10 1 1218 3542 1116
5939 2 2 10 1 1839 2782 771
5940 2 2 10 1 3075 5159 2715
5941 2 2 10 1 1329 2781 1368
5942 2 2 10 1 1871 6950 1868
5943 2 2 10 1 2185 2530 2382
5944 2 2 10 1 844 6968 849
5945 2 2 10 1 5187 5355 3794
5946 2 2 10 1 4608 6959 4606
5947 2 2 10 1 887 6972 890
5948 2 2 10 1 4381 4709 1644
5949 2 2 10 1 4448 7324 4449
5950 2 2 10 1 3107 6971 3314
5951 2 2 10 1 1837 6833 1752
5952 2 2 10 1 917 6963 922
5953 2 2 10 1 1826 6182 6181
5954 2 2 10 1 5028 6932 4640
5955 2 2 10 1 3372 4031 3922
5956 2 2 10 1 7400 7401 4737
5957 2 2 10 1 1048 1062 1051
5958 2 2 10 1 5693 5762 4613
5959 2 2 10 1 4073 4532 4531
5960 2 2 10 1 6633 6636 6635
5961 2 2 10 1 6877 7338 5259
5962 2 2 10 1 3586 4084 3584
5963 2 2 10 1 3974 6752 3586
5964 2 2 10 1 4616 5752 4337
5965 2 2 10 1 1581 3595 1563
5966 2 2 10 1 4082 5390 4937
5967 2 2 10 1 5021 5484 3874
5968 2 2 10 1 1529 2735 1506
5969 2 2 10 1 4401 5516 5311
5970 2 2 10 1 1592 1593 1587
5971 2 2 10 1 3350 3351 2730
5972 2 2 10 1 2157 2159 2155
5973 2 2 10 1 1856 2186 2086
5974 2 2 10 1 1268 3539 1222
5975 2 2 10 1 5485 6764 4381
5976 2 2 10 1 2423 5020 2192
5977 2 2 10 1 2429 2712 2514
5978 2 2 10 1 3532 3534 3530
5979 2 2 10 1 683 7750 2189
5980 2 2 10 1 2694 3445 3155
5981 2 2 10 1 3691 4094 3579
5982 2 2 10 1 1333 4553 1328
5983 2 2 10 1 3314 4190 4189
5984 2 2 10 1 2997 3398 3397
5985 2 2 10 1 5050 5051 3462
5986 2 2 10 1 802 3605 799
5987 2 2 10 1 1834 1836 1832
5988 2 2 10 1 3488 4503 4502
5989 2 2 10 1 922 2749 935
5990 2 2 10 1 3829 6763 3075
5991 2 2 10 1 849 3409 856
5992 2 2 10 1 2278 2728 2640
5993 2 2 10 1 1387 2768 1381
5994 2 2 10 1 2222 2330 2299
5995 2 2 10 1 1879 1909 1847
5996 2 2 10 1 2167 2527 2391
5997 2 2 10 1 890 2736 892
5998 2 2 10 1 8079 9193 5274
5999 2 2 10 1 1360 4678 1355
6000 2 2 10 1 3170 4429 3761
6001 2 2 10 1 744 3298 748
6002 2 2 10 1 699 1274 701
6003 2 2 10 1 718 1273 725
6004 2 2 10 1 1645 1781 1684
6005 2 2 10 1 1568 1657 1540
6006 2 2 10 1 3792 6967 4082
6007 2 2 10 1 881 884 883
6008 2 2 10 1 877 4096 879
6009 2 2 10 1 4464 5427 4115
6010 2 2 10 1 1458 1472 1466
6011 2 2 10 1 873 1067 875
6012 2 2 10 1 3236 4315 3238
6013 2 2 10 1 4156 5035 3477
6014 2 2 10 1 1440 2732 1446
6015 2 2 10 1 3205 6746 2423
6016 2 2 10 1 1860 1861 1791
6017 2 2 10 1 3063 3338 2760
6018 2 2 10 1 905 924 909
6019 2 2 10 1 2136 6744 1879
6020 2 2 10 1 1130 1775 1250
6021 2 2 10 1 1843 2714 1841
6022 2 2 10 1 1930 1931 1874
6023 2 2 10 1 855 1934 860
6024 2 2 10 1 1270 1915 1817
6025 2 2 10 1 1828 2252 1936
6026 2 2 10 1 1763 2733 1772
6027 2 2 10 1 2262 2451 1927
6028 2 2 10 1 3684 6233 3682
6029 2 2 10 1 2319 2322 2321
6030 2 2 10 1 2077 2766 2126
6031 2 2 10 1 3179 3817 3368
6032 2 2 10 1 3561 3573 3564
6033 2 2 10 1 1429 2737 1431
6034 2 2 10 1 5198 6750 4335
6035 2 2 10 1 925 2734 936
6036 2 2 10 1 2659 3491 3174
6037 2 2 10 1 1433 1438 1436
6038 2 2 10 1 1473 3596 1481
6039 2 2 10 1 3484 3846 3112
6040 2 2 10 1 5058 5965 5964
6041 2 2 10 1 2718 3979 2720
6042 2 2 10 1 2711 3231 3230
6043 2 2 10 1 1759 2251 1761
6044 2 2 10 1 1377 1756 1385
6045 2 2 10 1 3240 3867 3432
6046 2 2 10 1 1527 1574 1542
6047 2 2 10 1 940 959 948
6048 2 2 10 1 1987 1993 1990
6049 2 2 10 1 1391 2746 1402
6050 2 2 10 1 1408 1419 1418
6051 2 2 10 1 1737 1858 1778
6052 2 2 10 1 2722 3952 2724
6053 2 2 10 1 1538 1585 1555
6054 2 2 10 1 7164 7165 6648
6055 2 2 10 1 960 2763 969
6056 2 2 10 1 1918 2119 1815
6057 2 2 10 1 5239 6767 3814
6058 2 2 10 1 1485 1535 1508
6059 2 2 10 1 3668 4474 3670
6060 2 2 10 1 4253 4254 3672
6061 2 2 10 1 3452 4249 3454
6062 2 2 10 1 3285 4653 4652
6063 2 2 10 1 4468 4469 3497
6064 2 2 10 1 1003 1017 1009
6065 2 2 10 1 3851 4196 3678
6066 2 2 10 1 1994 2751 1996
6067 2 2 10 1 1120 1256 1132
6068 2 2 10 1 3402 3778 3119
6069 2 2 10 1 918 3433 896
6070 2 2 10 1 3091 3404 3073
6071 2 2 10 1 1020 2765 1035
6072 2 2 10 1 1068 1086 1080
6073 2 2 10 1 2238 2764 2067
6074 2 2 10 1 2004 2014 2007
6075 2 2 10 1 4513 5558 5557
6076 2 2 10 1 2843 3422 2840
6077 2 2 10 1 1576 1646 1619
6078 2 2 10 1 2082 2352 2140
6079 2 2 10 1 4280 5655 4276
6080 2 2 10 1 3557 3563 3559
6081 2 2 10 1 3485 4574 3353
6082 2 2 10 1 1876 2750 2060
6083 2 2 10 1 2016 2040 2018
6084 2 2 10 1 1806 2083 1904
6085 2 2 10 1 2073 2418 2254
6086 2 2 10 1 3008 3455 3251
6087 2 2 10 1 2120 2415 2227
6088 2 2 10 1 1956 7387 7386
6089 2 2 10 1 3603 4363 4025
6090 2 2 10 1 4281 4578 3786
6091 2 2 10 1 5223 8723 5429
6092 2 2 10 1 3082 4649 2876
6093 2 2 10 1 3406 5259 4330
6094 2 2 10 1 1087 2767 1106
6095 2 2 10 1 3476 4241 3934
6096 2 2 10 1 4844 6195 5747
6097 2 2 10 1 1982 2827 1985
6098 2 2 10 1 1257 1901 1792
6099 2 2 10 1 989 2829 997
6100 2 2 10 1 2591 3300 2641
6101 2 2 10 1 2386 3280 2517
6102 2 2 10 1 4697 5085 5083
6103 2 2 10 1 3994 4550 3996
6104 2 2 10 1 1039 3027 1052
6105 2 2 10 1 3333 3801 3781
6106 2 2 10 1 1757 6929 1759
6107 2 2 10 1 2011 6934 2016
6108 2 2 10 1 1655 2834 1743
6109 2 2 10 1 4104 5118 5116
6110 2 2 10 1 1548 3588 1550
6111 2 2 10 1 5360 5361 4689
6112 2 2 10 1 3842 4883 4080
6113 2 2 10 1 1514 4069 1517
6114 2 2 10 1 3881 4379 4377
6115 2 2 10 1 3967 4724 4380
6116 2 2 10 1 4941 5839 5498
6117 2 2 10 1 2069 6931 2167
6118 2 2 10 1 4268 6715 3851
6119 2 2 10 1 4962 5395 4484
6120 2 2 10 1 3887 4797 3889
6121 2 2 10 1 4438 5479 5438
6122 2 2 10 1 3897 4235 3283
6123 2 2 10 1 3569 3855 3571
6124 2 2 10 1 1110 6933 1120
6125 2 2 10 1 1140 6936 1257
6126 2 2 10 1 6821 6824 4197
6127 2 2 10 1 2273 2830 2431
6128 2 2 10 1 4335 5264 4066
6129 2 2 10 1 3425 4333 3868
6130 2 2 10 1 2412 3013 2631
6131 2 2 10 1 2439 3022 2690
6132 2 2 10 1 3835 6973 4513
6133 2 2 10 1 2792 7862 5080
6134 2 2 10 1 2449 2745 2542
6135 2 2 10 1 3474 4610 4159
6136 2 2 10 1 2891 4590 3159
6137 2 2 10 1 3268 3964 3470
6138 2 2 10 1 6914 6915 5115
6139 2 2 10 1 4058 4665 4320
6140 2 2 10 1 965 973 964
6141 2 2 10 1 834 2400 966
6142 2 2 10 1 3771 4246 3853
6143 2 2 10 1 3098 4614 3195
6144 2 2 10 1 2696 3113 3061
6145 2 2 10 1 1475 2168 1344
6146 2 2 10 1 7395 7397 7394
6147 2 2 10 1 4217 5425 4487
6148 2 2 10 1 1412 1439 1413
6149 2 2 10 1 2258 7092 2259
6150 2 2 10 1 2866 9059 9052
6151 2 2 10 1 4445 7236 4279
6152 2 2 10 1 1614 7453 2493
6153 2 2 10 1 1322 7103 1324
6154 2 2 10 1 4578 6493 6491
6155 2 2 10 1 4036 8224 8039
6156 2 2 10 1 688 691 690
6157 2 2 10 1 1002 2769 994
6158 2 2 10 1 1411 7096 1410
6159 2 2 10 1 3051 8115 1123
6160 2 2 10 1 4915 5750 4287
6161 2 2 10 1 1345 1347 1346
6162 2 2 10 1 1023 1050 1024
6163 2 2 10 1 3251 7732 3252
6164 2 2 10 1 836 837 835
6165 2 2 10 1 962 2815 963
6166 2 2 10 1 7003 7005 7004
6167 2 2 10 1 7266 7267 5530
6168 2 2 10 1 7397 8193 8035
6169 2 2 10 1 706 709 708
6170 2 2 10 1 7042 8030 2290
6171 2 2 10 1 3079 8156 6308
6172 2 2 10 1 897 899 898
6173 2 2 10 1 810 3663 817
6174 2 2 10 1 6979 6980 4668
6175 2 2 10 1 7284 7285 5256
6176 2 2 10 1 3029 9321 5929
6177 2 2 10 1 2831 2832 2390
6178 2 2 10 1 4484 7237 3822
6179 2 2 10 1 4433 6726 4434
6180 2 2 10 1 1260 7180 578
6181 2 2 10 1 4931 7176 4126
6182 2 2 10 1 7297 7298 5244
6183 2 2 10 1 4975 7140 4353
6184 2 2 10 1 2163 2426 2162
6185 2 2 10 1 5023 7139 4368
6186 2 2 10 1 5065 7138 4387
6187 2 2 10 1 5407 7137 4395
6188 2 2 10 1 1016 7128 598
6189 2 2 10 1 929 7133 614
6190 2 2 10 1 5502 7151 4949
6191 2 2 10 1 2823 7126 634
6192 2 2 10 1 1091 7122 624
6193 2 2 10 1 715 7346 713
6194 2 2 10 1 1895 7119 1888
6195 2 2 10 1 5958 7177 5048
6196 2 2 10 1 5780 7117 3315
6197 2 2 10 1 4142 7340 5054
6198 2 2 10 1 1073 7186 590
6199 2 2 10 1 548 9033 6713
6200 2 2 10 1 2441 6877 3406
6201 2 2 10 1 6086 7351 4500
6202 2 2 10 1 4213 7109 4915
6203 2 2 10 1 5054 7109 4213
6204 2 2 10 1 3069 6496 3066
6205 2 2 10 1 3802 7158 7157
6206 2 2 10 1 3364 3651 1640
6207 2 2 10 1 4676 7238 2888
6208 2 2 10 1 4689 7239 4071
6209 2 2 10 1 4030 4491 3419
6210 2 2 10 1 3641 3961 3638
6211 2 2 10 1 5439 7385 5495
6212 2 2 10 1 847 4599 841
6213 2 2 10 1 6301 6302 5411
6214 2 2 10 1 764 765 763
6215 2 2 10 1 1505 1523 1495
6216 2 2 10 1 1493 1494 1491
6217 2 2 10 1 3819 3820 2862
6218 2 2 10 1 3385 3493 3383
6219 2 2 10 1 4621 4622 3610
6220 2 2 10 1 2506 3001 2509
6221 2 2 10 1 3321 4557 1064
6222 2 2 10 1 1456 1461 1454
6223 2 2 10 1 2369 2374 2367
6224 2 2 10 1 3998 4879 3785
6225 2 2 10 1 3441 3985 3908
6226 2 2 10 1 2522 3122 2520
6227 2 2 10 1 871 7154 904
6228 2 2 10 1 2463 7228 2460
6229 2 2 10 1 5290 5291 4332
6230 2 2 10 1 2088 2243 2242
6231 2 2 10 1 4663 7204 4219
6232 2 2 10 1 2203 2220 2201
6233 2 2 10 1 2699 3275 2701
6234 2 2 10 1 4119 4717 4716
6235 2 2 10 1 6446 6447 6251
6236 2 2 10 1 6563 6564 6559
6237 2 2 10 1 2348 2573 1854
6238 2 2 10 1 2564 3223 3222
6239 2 2 10 1 2365 2366 2363
6240 2 2 10 1 1247 1254 1249
6241 2 2 10 1 755 4586 774
6242 2 2 10 1 2307 2309 2138
6243 2 2 10 1 4428 7230 3389
6244 2 2 10 1 4677 7244 3827
6245 2 2 10 1 4198 5212 5211
6246 2 2 10 1 4152 4955 4150
6247 2 2 10 1 1787 1793 1680
6248 2 2 10 1 3541 4327 3646
6249 2 2 10 1 5120 5121 3862
6250 2 2 10 1 2054 5281 3197
6251 2 2 10 1 1648 1677 1607
6252 2 2 10 1 4854 6359 6358
6253 2 2 10 1 4344 5552 4417
6254 2 2 10 1 4229 5316 4846
6255 2 2 10 1 4131 6733 4132
6256 2 2 10 1 2526 3327 2476
6257 2 2 10 1 4358 5573 5454
6258 2 2 10 1 3247 3674 3158
6259 2 2 10 1 1719 1725 1723
6260 2 2 10 1 5349 6418 2787
6261 2 2 10 1 5129 5826 5164
6262 2 2 10 1 2808 7060 2899
6263 2 2 10 1 2420 2421 2417
6264 2 2 10 1 2687 3034 2685
6265 2 2 10 1 4022 5139 4020
6266 2 2 10 1 3459 4173 3305
6267 2 2 10 1 4018 5089 4016
6268 2 2 10 1 1947 1952 1949
6269 2 2 10 1 7180 7183 576
6270 2 2 10 1 4012 4013 3528
6271 2 2 10 1 1558 1560 1537
6272 2 2 10 1 3277 3624 2649
6273 2 2 10 1 2104 2270 2102
6274 2 2 10 1 4267 4481 3807
6275 2 2 10 1 1488 1490 1480
6276 2 2 10 1 6551 6552 6547
6277 2 2 10 1 2681 2682 2498
6278 2 2 10 1 3046 3302 2644
6279 2 2 10 1 5223 5429 5225
6280 2 2 10 1 1470 2835 1464
6281 2 2 10 1 1027 1028 1014
6282 2 2 10 1 945 4617 933
6283 2 2 10 1 2651 2652 2540
6284 2 2 10 1 2091 2333 1796
6285 2 2 10 1 3715 3716 3105
6286 2 2 10 1 2199 2200 2058
6287 2 2 10 1 2616 3116 2614
6288 2 2 10 1 7334 8142 8101
6289 2 2 10 1 1000 4659 983
6290 2 2 10 1 3698 5823 4579
6291 2 2 10 1 4325 5759 5758
6292 2 2 10 1 1450 1451 1443
6293 2 2 10 1 2165 2436 1913
6294 2 2 10 1 2376 2377 2373
6295 2 2 10 1 4571 5599 4701
6296 2 2 10 1 4185 6454 5540
6297 2 2 10 1 2404 6999 2165
6298 2 2 10 1 1802 1902 1805
6299 2 2 10 1 2211 2216 2209
6300 2 2 10 1 2100 2770 2098
6301 2 2 10 1 1322 1324 1323
6302 2 2 10 1 2113 2123 2111
6303 2 2 10 1 1416 4556 1406
6304 2 2 10 1 1221 3642 1219
6305 2 2 10 1 2620 3142 2618
6306 2 2 10 1 2565 4618 2383
6307 2 2 10 1 2546 2547 1242
6308 2 2 10 1 2179 3604 2177
6309 2 2 10 1 4627 4633 4625
6310 2 2 10 1 3255 4085 3495
6311 2 2 10 1 5032 6978 4225
6312 2 2 10 1 2023 7383 2028
6313 2 2 10 1 4827 5321 4825
6314 2 2 10 1 2467 2776 2465
6315 2 2 10 1 3310 3938 3937
6316 2 2 10 1 1383 3282 1374
6317 2 2 10 1 6802 6806 6805
6318 2 2 10 1 7267 7268 5530
6319 2 2 10 1 912 913 895
6320 2 2 10 1 4521 4983 4154
6321 2 2 10 1 2646 2772 2346
6322 2 2 10 1 867 2748 865
6323 2 2 10 1 3907 4047 4046
6324 2 2 10 1 977 978 956
6325 2 2 10 1 1742 1799 1798
6326 2 2 10 1 2361 2362 2359
6327 2 2 10 1 6017 6050 4778
6328 2 2 10 1 5662 5736 5660
6329 2 2 10 1 1394 1395 1389
6330 2 2 10 1 2207 2747 2205
6331 2 2 10 1 3381 3382 2689
6332 2 2 10 1 3870 4149 3448
6333 2 2 10 1 1216 1246 1245
6334 2 2 10 1 1195 7019 1197
6335 2 2 10 1 2655 3884 3883
6336 2 2 10 1 2183 2425 2181
6337 2 2 10 1 3982 4077 3051
6338 2 2 10 1 2909 2928 2911
6339 2 2 10 1 1159 1204 1161
6340 2 2 10 1 2610 3079 2608
6341 2 2 10 1 1728 1732 1731
6342 2 2 10 1 6362 6366 6364
6343 2 2 10 1 4225 4668 3508
6344 2 2 10 1 1312 2779 1314
6345 2 2 10 1 780 7022 782
6346 2 2 10 1 782 800 784
6347 2 2 10 1 1190 1198 1192
6348 2 2 10 1 2296 2828 2495
6349 2 2 10 1 1175 1206 1177
6350 2 2 10 1 1197 1201 1200
6351 2 2 10 1 776 1137 778
6352 2 2 10 1 1697 7036 1699
6353 2 2 10 1 1714 1718 1716
6354 2 2 10 1 5166 5597 5168
6355 2 2 10 1 2925 2929 2927
6356 2 2 10 1 1316 1584 1318
6357 2 2 10 1 1687 2474 1689
6358 2 2 10 1 2511 2726 2513
6359 2 2 10 1 928 7171 4098
6360 2 2 10 1 4750 6384 2317
6361 2 2 10 1 788 1850 790
6362 2 2 10 1 4456 5105 4454
6363 2 2 10 1 4512 5790 5789
6364 2 2 10 1 5592 5809 5590
6365 2 2 10 1 1171 2964 1173
6366 2 2 10 1 2899 3024 2901
6367 2 2 10 1 1709 2780 1712
6368 2 2 10 1 3249 3795 3506
6369 2 2 10 1 675 712 679
6370 2 2 10 1 5629 5640 5631
6371 2 2 10 1 4305 5486 4307
6372 2 2 10 1 1693 1717 1695
6373 2 2 10 1 1185 3329 1188
6374 2 2 10 1 1933 1946 1945
6375 2 2 10 1 2392 4118 3207
6376 2 2 10 1 2562 2605 2469
6377 2 2 10 1 1699 1721 1701
6378 2 2 10 1 1951 7042 2066
6379 2 2 10 1 1167 1207 1169
6380 2 2 10 1 1163 2943 1165
6381 2 2 10 1 2628 3029 2626
6382 2 2 10 1 820 822 821
6383 2 2 10 1 1812 2448 2075
6384 2 2 10 1 2921 2931 2923
6385 2 2 10 1 1824 2128 1926
6386 2 2 10 1 1705 1720 1707
6387 2 2 10 1 2624 3154 2622
6388 2 2 10 1 5925 6321 5927
6389 2 2 10 1 5163 6187 6186
6390 2 2 10 1 3871 3872 3140
6391 2 2 10 1 3134 3492 3136
6392 2 2 10 1 3138 3214 3213
6393 2 2 10 1 1047 1066 1046
6394 2 2 10 1 5878 6457 4968
6395 2 2 10 1 5306 5307 4376
6396 2 2 10 1 5257 7654 4072
6397 2 2 10 1 3150 5077 3439
6398 2 2 10 1 4904 7040 4907
6399 2 2 10 1 4703 5705 5704
6400 2 2 10 1 4907 5320 4921
6401 2 2 10 1 2907 7041 2909
6402 2 2 10 1 4817 6470 5404
6403 2 2 10 1 5627 7002 5629
6404 2 2 10 1 2913 2999 2915
6405 2 2 10 1 2066 2290 2289
6406 2 2 10 1 2917 2979 2919
6407 2 2 10 1 4181 5310 4946
6408 2 2 10 1 4041 6428 5458
6409 2 2 10 1 1780 7003 1812
6410 2 2 10 1 2903 3014 2905
6411 2 2 10 1 2498 7075 2267
6412 2 2 10 1 1537 7076 1526
6413 2 2 10 1 3648 4300 4265
6414 2 2 10 1 4900 5327 4902
6415 2 2 10 1 1048 1051 1047
6416 2 2 10 1 3130 4157 3132
6417 2 2 10 1 4478 5720 4458
6418 2 2 10 1 5027 5943 5041
6419 2 2 10 1 3031 4682 3815
6420 2 2 10 1 794 795 793
6421 2 2 10 1 6066 7272 7271
6422 2 2 10 1 3619 7233 7232
6423 2 2 10 1 8101 8142 2133
6424 2 2 10 1 733 738 737
6425 2 2 10 1 5385 6257 5387
6426 2 2 10 1 871 904 902
6427 2 2 10 1 4208 5506 4209
6428 2 2 10 1 5783 7247 4339
6429 2 2 10 1 1366 1369 1362
6430 2 2 10 1 7666 8042 2776
6431 2 2 10 1 1957 7386 2030
6432 2 2 10 1 2273 7725 2830
6433 2 2 10 1 2050 6958 3031
6434 2 2 10 1 2824 7132 7131
6435 2 2 10 1 7373 7374 3102
6436 2 2 10 1 2664 9351 6856
6437 2 2 10 1 1638 7006 1780
6438 2 2 10 1 3859 6924 4181
6439 2 2 10 1 1821 7325 3048
6440 2 2 10 1 3508 6921 3032
6441 2 2 10 1 578 7180 576
6442 2 2 10 1 4126 7176 3524
6443 2 2 10 1 3315 7117 3173
6444 2 2 10 1 5519 7399 5730
6445 2 2 10 1 858 7194 847
6446 2 2 10 1 2233 7911 2471
6447 2 2 10 1 5048 7177 4661
6448 2 2 10 1 1888 7119 1886
6449 2 2 10 1 614 7133 612
6450 2 2 10 1 4353 7140 4351
6451 2 2 10 1 7260 7261 7005
6452 2 2 10 1 5435 9333 8081
6453 2 2 10 1 634 7126 632
6454 2 2 10 1 613 7912 615
6455 2 2 10 1 4949 7151 4775
6456 2 2 10 1 598 7128 596
6457 2 2 10 1 624 7122 622
6458 2 2 10 1 4368 7139 4366
6459 2 2 10 1 2187 6877 2441
6460 2 2 10 1 2649 6919 2263
6461 2 2 10 1 4387 7138 4385
6462 2 2 10 1 1796 6514 1221
6463 2 2 10 1 4395 7137 4393
6464 2 2 10 1 4970 7400 4738
6465 2 2 10 1 1650 7326 1785
6466 2 2 10 1 2091 7224 2334
6467 2 2 10 1 590 7186 588
6468 2 2 10 1 1554 7327 1565
6469 2 2 10 1 2209 6678 2207
6470 2 2 10 1 2102 6523 2100
6471 2 2 10 1 5600 6499 5592
6472 2 2 10 1 4827 7227 5322
6473 2 2 10 1 1014 6679 1000
6474 2 2 10 1 4825 6538 4267
6475 2 2 10 1 5185 7403 5273
6476 2 2 10 1 1564 7331 1553
6477 2 2 10 1 1443 6677 1416
6478 2 2 10 1 1389 6670 1383
6479 2 2 10 1 1784 7333 1649
6480 2 2 10 1 3937 7011 4421
6481 2 2 10 1 2983 7334 2981
6482 2 2 10 1 4762 5340 4252
6483 2 2 10 1 5210 7856 7060
6484 2 2 10 1 2951 7335 2949
6485 2 2 10 1 3270 3837 3078
6486 2 2 10 1 4376 6485 4374
6487 2 2 10 1 2469 6667 2467
6488 2 2 10 1 2346 6536 2183
6489 2 2 10 1 895 6668 867
6490 2 2 10 1 954 957 953
6491 2 2 10 1 2665 7336 2503
6492 2 2 10 1 4458 6655 4456
6493 2 2 10 1 7114 7930 6220
6494 2 2 10 1 3439 7001 4239
6495 2 2 10 1 784 7026 786
6496 2 2 10 1 1314 6569 1316
6497 2 2 10 1 3136 6580 3138
6498 2 2 10 1 3448 6982 3319
6499 2 2 10 1 1161 6581 1163
6500 2 2 10 1 778 7024 780
6501 2 2 10 1 4649 8555 6443
6502 2 2 10 1 1949 7043 1951
6503 2 2 10 1 1318 6567 1320
6504 2 2 10 1 1707 6541 1709
6505 2 2 10 1 1169 6555 1171
6506 2 2 10 1 1695 7037 1697
6507 2 2 10 1 1712 6571 1714
6508 2 2 10 1 4701 6587 4703
6509 2 2 10 1 1188 6527 1190
6510 2 2 10 1 1242 6992 1239
6511 2 2 10 1 1173 6573 1175
6512 2 2 10 1 774 6612 776
6513 2 2 10 1 1913 6989 1774
6514 2 2 10 1 6135 8649 6133
6515 2 2 10 1 4154 6585 4152
6516 2 2 10 1 2131 7382 4167
6517 2 2 10 1 2205 6583 2203
6518 2 2 10 1 2614 7007 2612
6519 2 2 10 1 3646 6674 3648
6520 2 2 10 1 2923 6666 2925
6521 2 2 10 1 2536 3039 2537
6522 2 2 10 1 4048 8173 7298
6523 2 2 10 1 2293 6903 2296
6524 2 2 10 1 3296 7343 2956
6525 2 2 10 1 2177 6831 2175
6526 2 2 10 1 1406 6828 1404
6527 2 2 10 1 1800 6887 1802
6528 2 2 10 1 2969 6892 3698
6529 2 2 10 1 933 6895 931
6530 2 2 10 1 983 6891 981
6531 2 2 10 1 1228 7467 3718
6532 2 2 10 1 1464 6883 1462
6533 2 2 10 1 2357 6691 2348
6534 2 2 10 1 938 951 939
6535 2 2 10 1 4020 6513 4018
6536 2 2 10 1 9055 9118 4256
6537 2 2 10 1 8191 8275 5267
6538 2 2 10 1 4303 6839 4305
6539 2 2 10 1 1526 7077 1524
6540 2 2 10 1 4016 6774 4014
6541 2 2 10 1 3686 7102 3684
6542 2 2 10 1 3860 7073 3622
6543 2 2 10 1 939 7171 928
6544 2 2 10 1 6507 6509 6508
6545 2 2 10 1 2727 7379 684
6546 2 2 10 1 996 4648 1007
6547 2 2 10 1 1519 4669 1365
6548 2 2 10 1 6982 6987 6984
6549 2 2 10 1 901 4670 1070
6550 2 2 10 1 4417 7062 4952
6551 2 2 10 1 3720 7473 1630
6552 2 2 10 1 3810 6998 3201
6553 2 2 10 1 2522 7246 3123
6554 2 2 10 1 736 3652 807
6555 2 2 10 1 790 7021 792
6556 2 2 10 1 4790 7476 559
6557 2 2 10 1 3574 7348 6896
6558 2 2 10 1 7104 7106 7105
6559 2 2 10 1 5812 6469 1572
6560 2 2 10 1 7231 7750 685
6561 2 2 10 1 7372 7373 3102
6562 2 2 10 1 3128 6768 3130
6563 2 2 10 1 6940 6941 6939
6564 2 2 10 1 792 794 793
6565 2 2 10 1 3040 3270 3078
6566 2 2 10 1 952 954 953
6567 2 2 10 1 3127 7203 2566
6568 2 2 10 1 6852 6853 6851
6569 2 2 10 1 737 7124 736
6570 2 2 10 1 6128 6162 6161
6571 2 2 10 1 8444 8506 1193
6572 2 2 10 1 7327 7328 4112
6573 2 2 10 1 6021 9025 3538
6574 2 2 10 1 669 2821 671
6575 2 2 10 1 707 6913 2484
6576 2 2 10 1 6925 6927 6926
6577 2 2 10 1 4502 7648 6058
6578 2 2 10 1 6796 6799 6798
6579 2 2 10 1 6586 8704 2971
6580 2 2 10 1 6543 6545 6544
6581 2 2 10 1 6794 6812 6809
6582 2 2 10 1 7066 7067 7065
6583 2 2 10 1 6798 6800 6797
6584 2 2 10 1 6557 6559 6558
6585 2 2 10 1 3044 3814 3326
6586 2 2 10 1 3392 3393 2633
6587 2 2 10 1 996 1007 1006
6588 2 2 10 1 1773 7146 1733
6589 2 2 10 1 803 804 802
6590 2 2 10 1 2832 3060 2833
6591 2 2 10 1 1399 1400 1387
6592 2 2 10 1 1022 1057 1023
6593 2 2 10 1 935 947 946
6594 2 2 10 1 2422 2672 2671
6595 2 2 10 1 6544 6548 6542
6596 2 2 10 1 5033 5776 5034
6597 2 2 10 1 907 908 899
6598 2 2 10 1 6558 6560 6556
6599 2 2 10 1 2798 3043 3042
6600 2 2 10 1 748 753 752
6601 2 2 10 1 7046 7047 7044
6602 2 2 10 1 4889 7337 7336
6603 2 2 10 1 4120 5494 5493
6604 2 2 10 1 1953 7114 2794
6605 2 2 10 1 4546 4820 4819
6606 2 2 10 1 2382 7780 6835
6607 2 2 10 1 2794 2798 2796
6608 2 2 10 1 3631 3634 3632
6609 2 2 10 1 4558 6338 5895
6610 2 2 10 1 3634 3636 3635
6611 2 2 10 1 1678 6686 5282
6612 2 2 10 1 1561 1605 1604
6613 2 2 10 1 4326 6026 5401
6614 2 2 10 1 5663 7208 4247
6615 2 2 10 1 3394 4128 4127
6616 2 2 10 1 3629 3631 3630
6617 2 2 10 1 3043 3419 3418
6618 2 2 10 1 4341 8508 6016
6619 2 2 10 1 4545 7121 4546
6620 2 2 10 1 5883 5885 5884
6621 2 2 10 1 3285 4652 4651
6622 2 2 10 1 4203 4205 4201
6623 2 2 10 1 1670 6812 6794
6624 2 2 10 1 5038 6261 5924
6625 2 2 10 1 6940 6946 6942
6626 2 2 10 1 3494 7134 4244
6627 2 2 10 1 3608 3610 3609
6628 2 2 10 1 4299 5127 3973
6629 2 2 10 1 2336 2338 2337
6630 2 2 10 1 5067 5993 5195
6631 2 2 10 1 3627 3629 3628
6632 2 2 10 1 3625 3627 3626
6633 2 2 10 1 1557 7655 1558
6634 2 2 10 1 1011 1012 1002
6635 2 2 10 1 2338 2340 2339
6636 2 2 10 1 1259 1823 1822
6637 2 2 10 1 896 7234 897
6638 2 2 10 1 3176 4226 3030
6639 2 2 10 1 1042 1064 1063
6640 2 2 10 1 3835 4513 3836
6641 2 2 10 1 1552 4538 4166
6642 2 2 10 1 5169 6825 4203
6643 2 2 10 1 4972 5481 3899
6644 2 2 10 1 3536 4326 4324
6645 2 2 10 1 2662 3187 3185
6646 2 2 10 1 1033 1042 1041
6647 2 2 10 1 4682 7080 4910
6648 2 2 10 1 2343 7141 2438
6649 2 2 10 1 2340 2343 2341
6650 2 2 10 1 3609 7144 3839
6651 2 2 10 1 5171 5172 4227
6652 2 2 10 1 1823 2094 2093
6653 2 2 10 1 1365 1366 1362
6654 2 2 10 1 871 902 901
6655 2 2 10 1 2334 2336 2335
6656 2 2 10 1 7595 9019 5754
6657 2 2 10 1 6523 6525 6524
6658 2 2 10 1 1127 1259 1258
6659 2 2 10 1 6515 6518 6517
6660 2 2 10 1 4200 4201 4199
6661 2 2 10 1 1031 1033 1032
6662 2 2 10 1 1063 6882 1082
6663 2 2 10 1 1476 4888 3412
6664 2 2 10 1 1641 1751 1583
6665 2 2 10 1 3636 3638 3637
6666 2 2 10 1 4345 5563 5562
6667 2 2 10 1 2380 2478 2477
6668 2 2 10 1 3833 3902 3901
6669 2 2 10 1 733 737 736
6670 2 2 10 1 4174 5411 5410
6671 2 2 10 1 2809 3017 3016
6672 2 2 10 1 2438 3847 2703
6673 2 2 10 1 2087 2088 1814
6674 2 2 10 1 3606 3608 3607
6675 2 2 10 1 3972 3973 3225
6676 2 2 10 1 2639 3194 3193
6677 2 2 10 1 5799 5800 5798
6678 2 2 10 1 2478 2596 2595
6679 2 2 10 1 4781 4782 3146
6680 2 2 10 1 5664 6830 4299
6681 2 2 10 1 5322 6043 6042
6682 2 2 10 1 2677 5609 5236
6683 2 2 10 1 985 3833 3832
6684 2 2 10 1 3194 4346 3844
6685 2 2 10 1 3765 4492 3766
6686 2 2 10 1 3898 3899 3152
6687 2 2 10 1 4565 6266 6265
6688 2 2 10 1 1675 1783 1782
6689 2 2 10 1 4492 7142 4493
6690 2 2 10 1 4576 5247 4079
6691 2 2 10 1 6748 7768 764
6692 2 2 10 1 4541 6213 5046
6693 2 2 10 1 2194 2195 1903
6694 2 2 10 1 4129 5014 4524
6695 2 2 10 1 3902 4509 4117
6696 2 2 10 1 1900 2059 1837
6697 2 2 10 1 4431 4432 3615
6698 2 2 10 1 2378 2380 2379
6699 2 2 10 1 4244 5457 5380
6700 2 2 10 1 1102 1127 1125
6701 2 2 10 1 3220 3765 3764
6702 2 2 10 1 2427 2707 2706
6703 2 2 10 1 3017 3379 3378
6704 2 2 10 1 5555 5556 4782
6705 2 2 10 1 5285 6382 6381
6706 2 2 10 1 4493 5727 4495
6707 2 2 10 1 4051 4917 4916
6708 2 2 10 1 3502 4370 4369
6709 2 2 10 1 5765 5767 5172
6710 2 2 10 1 4572 5588 5587
6711 2 2 10 1 3377 4541 4202
6712 2 2 10 1 2811 6880 2087
6713 2 2 10 1 4357 5416 5415
6714 2 2 10 1 2586 3030 2244
6715 2 2 10 1 1453 6881 4588
6716 2 2 10 1 5711 6014 5712
6717 2 2 10 1 3094 3146 3052
6718 2 2 10 1 3216 3983 3218
6719 2 2 10 1 1340 1341 1337
6720 2 2 10 1 2676 7125 2677
6721 2 2 10 1 979 981 980
6722 2 2 10 1 1398 1404 1403
6723 2 2 10 1 5961 6071 5962
6724 2 2 10 1 1718 7087 1719
6725 2 2 10 1 1673 1675 1674
6726 2 2 10 1 3179 3368 3180
6727 2 2 10 1 2805 2809 2807
6728 2 2 10 1 2470 2639 2638
6729 2 2 10 1 3805 6977 6976
6730 2 2 10 1 1145 1929 1147
6731 2 2 10 1 1320 2817 1322
6732 2 2 10 1 2791 2792 2790
6733 2 2 10 1 4342 5711 4853
6734 2 2 10 1 4426 5707 3521
6735 2 2 10 1 4570 4571 4569
6736 2 2 10 1 1019 1046 1018
6737 2 2 10 1 1665 1669 1667
6738 2 2 10 1 5434 5679 4301
6739 2 2 10 1 1029 1031 1030
6740 2 2 10 1 5797 5798 5796
6741 2 2 10 1 1099 1123 1122
6742 2 2 10 1 2459 2461 2457
6743 2 2 10 1 3812 4345 4343
6744 2 2 10 1 1659 2393 1661
6745 2 2 10 1 4842 7491 7490
6746 2 2 10 1 4881 4882 4086
6747 2 2 10 1 3762 4756 4734
6748 2 2 10 1 2505 2506 2195
6749 2 2 10 1 5107 6251 6250
6750 2 2 10 1 916 931 930
6751 2 2 10 1 4047 5447 5446
6752 2 2 10 1 6155 6156 5451
6753 2 2 10 1 3717 3805 3804
6754 2 2 10 1 2932 2969 2401
6755 2 2 10 1 1354 1359 1358
6756 2 2 10 1 1359 1364 1363
6757 2 2 10 1 1156 5610 2873
6758 2 2 10 1 4088 5047 4414
6759 2 2 10 1 3911 4362 2874
6760 2 2 10 1 1813 1814 1255
6761 2 2 10 1 1151 1155 1153
6762 2 2 10 1 1669 1671 1670
6763 2 2 10 1 2225 2520 2519
6764 2 2 10 1 760 769 768
6765 2 2 10 1 5042 5802 4373
6766 2 2 10 1 4568 4572 4570
6767 2 2 10 1 851 863 862
6768 2 2 10 1 3656 3657 3655
6769 2 2 10 1 756 760 759
6770 2 2 10 1 3658 3659 3657
6771 2 2 10 1 942 3259 1143
6772 2 2 10 1 769 806 805
6773 2 2 10 1 1452 1454 1453
6774 2 2 10 1 2232 2328 2327
6775 2 2 10 1 4389 6898 6897
6776 2 2 10 1 2452 2454 2453
6777 2 2 10 1 1364 1371 1370
6778 2 2 10 1 900 5107 5106
6779 2 2 10 1 4862 5451 4391
6780 2 2 10 1 1349 1354 1353
6781 2 2 10 1 2698 2699 2489
6782 2 2 10 1 2329 3144 2857
6783 2 2 10 1 806 815 814
6784 2 2 10 1 1671 1673 1672
6785 2 2 10 1 1853 6687 5904
6786 2 2 10 1 5086 5961 5087
6787 2 2 10 1 3912 4373 3388
6788 2 2 10 1 2802 3272 3271
6789 2 2 10 1 1287 1578 1289
6790 2 2 10 1 5309 5469 4371
6791 2 2 10 1 3861 4391 3660
6792 2 2 10 1 734 2801 741
6793 2 2 10 1 1331 1335 1334
6794 2 2 10 1 2488 2489 2487
6795 2 2 10 1 2171 2173 2172
6796 2 2 10 1 1307 1331 1330
6797 2 2 10 1 1293 1409 1295
6798 2 2 10 1 843 851 850
6799 2 2 10 1 6341 6342 5250
6800 2 2 10 1 1281 2218 1283
6801 2 2 10 1 750 756 754
6802 2 2 10 1 726 1054 730
6803 2 2 10 1 2286 2717 2406
6804 2 2 10 1 815 825 824
6805 2 2 10 1 2789 2790 2788
6806 2 2 10 1 2201 7218 2200
6807 2 2 10 1 1077 1099 1098
6808 2 2 10 1 1335 1339 1338
6809 2 2 10 1 1303 2810 1305
6810 2 2 10 1 720 2739 722
6811 2 2 10 1 1343 1349 1348
6812 2 2 10 1 914 916 915
6813 2 2 10 1 2173 2175 2174
6814 2 2 10 1 825 832 831
6815 2 2 10 1 1299 1590 1301
6816 2 2 10 1 2519 2803 2224
6817 2 2 10 1 3614 3615 3512
6818 2 2 10 1 1277 2738 1279
6819 2 2 10 1 2367 7210 2366
6820 2 2 10 1 1339 1343 1342
6821 2 2 10 1 1852 1854 1853
6822 2 2 10 1 3144 5745 3145
6823 2 2 10 1 4414 5025 4089
6824 2 2 10 1 2169 2171 2170
6825 2 2 10 1 1396 1398 1397
6826 2 2 10 1 1224 1225 1124
6827 2 2 10 1 832 843 842
6828 2 2 10 1 1208 2452 1212
6829 2 2 10 1 2929 4560 3440
6830 2 2 10 1 4149 6985 6983
6831 2 2 10 1 1824 1926 1825
6832 2 2 10 1 5587 6698 4570
6833 2 2 10 1 2773 2775 2774
6834 2 2 10 1 3041 3504 3503
6835 2 2 10 1 3003 3004 2803
6836 2 2 10 1 817 827 826
6837 2 2 10 1 5685 5686 4347
6838 2 2 10 1 5318 6329 4561
6839 2 2 10 1 4343 4344 3813
6840 2 2 10 1 850 852 842
6841 2 2 10 1 5415 5417 4549
6842 2 2 10 1 3157 3512 2813
6843 2 2 10 1 2292 2470 2297
6844 2 2 10 1 2783 2785 2784
6845 2 2 10 1 1348 1460 1342
6846 2 2 10 1 2789 2802 2791
6847 2 2 10 1 4973 5757 5756
6848 2 2 10 1 2638 5248 2297
6849 2 2 10 1 1788 1789 1225
6850 2 2 10 1 1491 7206 1490
6851 2 2 10 1 4568 4569 4567
6852 2 2 10 1 4348 5774 5685
6853 2 2 10 1 1122 1124 1098
6854 2 2 10 1 2219 2285 2174
6855 2 2 10 1 3151 3152 2588
6856 2 2 10 1 2454 2456 2455
6857 2 2 10 1 754 755 751
6858 2 2 10 1 1297 1298 1296
6859 2 2 10 1 5331 6816 4431
6860 2 2 10 1 831 2741 824
6861 2 2 10 1 1358 2744 1353
6862 2 2 10 1 5106 6378 4258
6863 2 2 10 1 3839 4323 4122
6864 2 2 10 1 1299 1300 1298
6865 2 2 10 1 1788 2053 2052
6866 2 2 10 1 2053 2225 2224
6867 2 2 10 1 3123 3502 3501
6868 2 2 10 1 3307 3308 2731
6869 2 2 10 1 1301 1302 1300
6870 2 2 10 1 2807 2808 2806
6871 2 2 10 1 1338 2742 1334
6872 2 2 10 1 1295 1296 1294
6873 2 2 10 1 3614 4555 4431
6874 2 2 10 1 900 4258 862
6875 2 2 10 1 2458 2460 2459
6876 2 2 10 1 1303 1304 1302
6877 2 2 10 1 5280 6683 1726
6878 2 2 10 1 750 751 746
6879 2 2 10 1 4369 4371 3501
6880 2 2 10 1 2563 2564 2407
6881 2 2 10 1 1674 1676 1672
6882 2 2 10 1 2488 2713 2698
6883 2 2 10 1 6530 6532 6529
6884 2 2 10 1 1305 1306 1304
6885 2 2 10 1 1293 1294 1292
6886 2 2 10 1 768 2743 759
6887 2 2 10 1 726 727 723
6888 2 2 10 1 3861 6876 4862
6889 2 2 10 1 814 1071 805
6890 2 2 10 1 2523 2659 2524
6891 2 2 10 1 3658 3661 3660
6892 2 2 10 1 722 723 721
6893 2 2 10 1 1379 6815 1370
6894 2 2 10 1 1281 1282 1280
6895 2 2 10 1 730 731 727
6896 2 2 10 1 1283 1284 1282
6897 2 2 10 1 1285 1286 1284
6898 2 2 10 1 1034 2232 2231
6899 2 2 10 1 2286 2287 2285
6900 2 2 10 1 1307 1308 1306
6901 2 2 10 1 3172 3389 3388
6902 2 2 10 1 3654 3655 3653
6903 2 2 10 1 734 735 731
6904 2 2 10 1 5938 6019 5121
6905 2 2 10 1 1287 1288 1286
6906 2 2 10 1 745 746 742
6907 2 2 10 1 6528 6529 1198
6908 2 2 10 1 1291 1292 1290
6909 2 2 10 1 1289 1290 1288
6910 2 2 10 1 2713 3172 3171
6911 2 2 10 1 2172 6779 2170
6912 2 2 10 1 741 742 735
6913 2 2 10 1 3111 3513 3343
6914 2 2 10 1 2786 2788 2784
6915 2 2 10 1 4540 5721 5500
6916 2 2 10 1 6893 7777 836
6917 2 2 10 1 1661 1662 1660
6918 2 2 10 1 6528 6531 6530
6919 2 2 10 1 2089 2812 2811
6920 2 2 10 1 1725 5645 5280
6921 2 2 10 1 1153 1154 1152
6922 2 2 10 1 4555 5574 5331
6923 2 2 10 1 3661 3862 3861
6924 2 2 10 1 1370 1372 1363
6925 2 2 10 1 2329 2856 2327
6926 2 2 10 1 1279 1280 1278
6927 2 2 10 1 3654 4655 3656
6928 2 2 10 1 942 1142 930
6929 2 2 10 1 3145 6793 2857
6930 2 2 10 1 1151 1152 1150
6931 2 2 10 1 3311 3312 2774
6932 2 2 10 1 6356 6914 5115
6933 2 2 10 1 1853 4060 1851
6934 2 2 10 1 4357 4549 3503
6935 2 2 10 1 5562 6694 4343
6936 2 2 10 1 1208 1209 1202
6937 2 2 10 1 4062 4526 4415
6938 2 2 10 1 4427 6059 5113
6939 2 2 10 1 1414 1658 1403
6940 2 2 10 1 2406 2407 2287
6941 2 2 10 1 5249 6340 5250
6942 2 2 10 1 2170 3525 2168
6943 2 2 10 1 1659 1660 1658
6944 2 2 10 1 3307 4051 4049
6945 2 2 10 1 2932 3522 3521
6946 2 2 10 1 3832 6579 4229
6947 2 2 10 1 3522 4427 4426
6948 2 2 10 1 1855 4062 3911
6949 2 2 10 1 1813 2089 2087
6950 2 2 10 1 1663 1664 1662
6951 2 2 10 1 3812 3813 3344
6952 2 2 10 1 2805 2806 2804
6953 2 2 10 1 2455 2740 2453
6954 2 2 10 1 2857 4004 2856
6955 2 2 10 1 4197 4198 3548
6956 2 2 10 1 5962 6074 5087
6957 2 2 10 1 6059 6061 6060
6958 2 2 10 1 3898 4973 4972
6959 2 2 10 1 1732 2783 1773
6960 2 2 10 1 1149 1150 1148
6961 2 2 10 1 2812 2814 2813
6962 2 2 10 1 3226 7149 3972
6963 2 2 10 1 5712 6695 4853
6964 2 2 10 1 1143 1144 1142
6965 2 2 10 1 1156 1157 1154
6966 2 2 10 1 5438 7385 5439
6967 2 2 10 1 2292 2293 2291
6968 2 2 10 1 3762 4172 3312
6969 2 2 10 1 4577 6785 6784
6970 2 2 10 1 3111 3342 3110
6971 2 2 10 1 5240 6075 5241
6972 2 2 10 1 2785 2787 2786
6973 2 2 10 1 3003 5249 3540
6974 2 2 10 1 5937 5939 5938
6975 2 2 10 1 2486 2487 2485
6976 2 2 10 1 4118 7215 7213
6977 2 2 10 1 720 721 719
6978 2 2 10 1 5815 6216 5126
6979 2 2 10 1 1670 6794 1667
6980 2 2 10 1 4562 5718 5318
6981 2 2 10 1 6717 6886 6885
6982 2 2 10 1 2563 7088 2564
6983 2 2 10 1 3223 3775 3345
6984 2 2 10 1 2052 2054 1789
6985 2 2 10 1 3972 5071 4299
6986 2 2 10 1 4300 5527 5434
6987 2 2 10 1 6449 6451 6447
6988 2 2 10 1 1914 2804 1782
6989 2 2 10 1 4493 4494 3766
6990 2 2 10 1 4853 4854 4547
6991 2 2 10 1 1665 1666 1664
6992 2 2 10 1 1397 4566 1395
6993 2 2 10 1 5500 5606 4539
6994 2 2 10 1 1145 1146 1144
6995 2 2 10 1 1147 1148 1146
6996 2 2 10 1 3795 4540 4539
6997 2 2 10 1 6983 6987 6982
6998 2 2 10 1 5046 6814 4202
6999 2 2 10 1 3839 3840 3611
7000 2 2 10 1 5677 5678 3651
7001 2 2 10 1 2456 2458 2457
7002 2 2 10 1 4734 4911 4172
7003 2 2 10 1 3095 4567 2605
7004 2 2 10 1 3377 3417 2595
7005 2 2 10 1 2706 2731 2426
7006 2 2 10 1 4560 4562 4561
7007 2 2 10 1 1032 6781 1030
7008 2 2 10 1 5420 5717 5716
7009 2 2 10 1 2815 4577 3094
7010 2 2 10 1 3832 4229 2593
7011 2 2 10 1 4346 4348 4347
7012 2 2 10 1 985 2593 980
7013 2 2 10 1 3620 7235 3186
7014 2 2 10 1 3764 4358 3763
7015 2 2 10 1 1822 3700 1258
7016 2 2 10 1 3844 3845 3193
7017 2 2 10 1 4217 4487 4218
7018 2 2 10 1 3218 3219 3217
7019 2 2 10 1 2243 6314 2586
7020 2 2 10 1 3220 3763 3219
7021 2 2 10 1 4117 5482 3901
7022 2 2 10 1 1667 1668 1666
7023 2 2 10 1 4495 5653 4494
7024 2 2 10 1 5104 6391 6390
7025 2 2 10 1 3675 4454 4453
7026 2 2 10 1 2959 3226 3225
7027 2 2 10 1 1102 1103 1083
7028 2 2 10 1 4342 4547 3872
7029 2 2 10 1 3652 7123 3654
7030 2 2 10 1 915 4563 913
7031 2 2 10 1 4666 7413 7217
7032 2 2 10 1 1125 1126 1103
7033 2 2 10 1 3378 3548 3016
7034 2 2 10 1 2477 2479 2379
7035 2 2 10 1 1063 1065 1041
7036 2 2 10 1 3440 3441 2930
7037 2 2 10 1 2518 4890 2216
7038 2 2 10 1 4049 4050 3308
7039 2 2 10 1 3609 3611 3607
7040 2 2 10 1 4565 6264 4564
7041 2 2 10 1 4324 4325 3537
7042 2 2 10 1 4202 4294 3417
7043 2 2 10 1 5775 6444 4618
7044 2 2 10 1 5688 5689 5144
7045 2 2 10 1 2438 2702 2341
7046 2 2 10 1 4453 6412 3674
7047 2 2 10 1 1082 1083 1065
7048 2 2 10 1 4204 5936 5169
7049 2 2 10 1 3792 4082 3793
7050 2 2 10 1 2484 4078 2486
7051 2 2 10 1 5401 6696 4324
7052 2 2 10 1 4088 4089 3271
7053 2 2 10 1 5471 5888 3412
7054 2 2 10 1 976 7689 977
7055 2 2 10 1 3440 7094 3441
7056 2 2 10 1 1453 3260 1451
7057 2 2 10 1 3540 3541 3004
7058 2 2 10 1 3985 5276 5275
7059 2 2 10 1 3185 3186 2663
7060 2 2 10 1 3804 4564 3716
7061 2 2 10 1 4200 4204 4203
7062 2 2 10 1 5515 6388 6387
7063 2 2 10 1 4934 6680 5650
7064 2 2 10 1 3343 3344 3342
7065 2 2 10 1 1799 4575 4079
7066 2 2 10 1 3216 3217 3215
7067 2 2 10 1 5236 5915 3783
7068 2 2 10 1 2354 2355 2093
7069 2 2 10 1 2194 2508 2505
7070 2 2 10 1 6519 6520 6517
7071 2 2 10 1 1030 2771 1028
7072 2 2 10 1 4524 4960 4130
7073 2 2 10 1 2677 3783 2652
7074 2 2 10 1 2337 3261 2335
7075 2 2 10 1 4974 7115 4472
7076 2 2 10 1 846 847 841
7077 2 2 10 1 4129 4130 3302
7078 2 2 10 1 4240 5668 5667
7079 2 2 10 1 887 890 888
7080 2 2 10 1 3107 3314 3313
7081 2 2 10 1 2709 3477 2708
7082 2 2 10 1 6410 6411 5433
7083 2 2 10 1 5526 9382 5435
7084 2 2 10 1 5422 6312 4557
7085 2 2 10 1 1476 2845 1461
7086 2 2 10 1 2814 3158 3157
7087 2 2 10 1 4080 5004 4081
7088 2 2 10 1 3536 3537 3535
7089 2 2 10 1 2508 2959 2958
7090 2 2 10 1 3176 5170 4227
7091 2 2 10 1 812 819 813
7092 2 2 10 1 2703 5015 2702
7093 2 2 10 1 6539 6540 4481
7094 2 2 10 1 5052 5053 4013
7095 2 2 10 1 4085 6368 4881
7096 2 2 10 1 3632 3633 3630
7097 2 2 10 1 4641 5028 4640
7098 2 2 10 1 4244 4245 3493
7099 2 2 10 1 3694 4115 3692
7100 2 2 10 1 5463 5726 5464
7101 2 2 10 1 1136 1222 1129
7102 2 2 10 1 6515 6516 3642
7103 2 2 10 1 1870 1871 1868
7104 2 2 10 1 1277 1278 1276
7105 2 2 10 1 1426 1429 1427
7106 2 2 10 1 3628 4529 3626
7107 2 2 10 1 5410 6337 4173
7108 2 2 10 1 1058 1077 1076
7109 2 2 10 1 5186 5187 3794
7110 2 2 10 1 5924 5925 5039
7111 2 2 10 1 844 849 845
7112 2 2 10 1 5306 9178 9172
7113 2 2 10 1 1329 1368 1367
7114 2 2 10 1 1552 3434 1523
7115 2 2 10 1 1484 1506 1483
7116 2 2 10 1 2662 2663 2355
7117 2 2 10 1 1356 2222 2221
7118 2 2 10 1 4236 5184 4237
7119 2 2 10 1 1076 4650 1057
7120 2 2 10 1 4946 7674 4182
7121 2 2 10 1 4166 4334 3434
7122 2 2 10 1 4122 4303 3840
7123 2 2 10 1 5380 5381 4245
7124 2 2 10 1 3164 4381 1644
7125 2 2 10 1 1025 1852 1851
7126 2 2 10 1 917 922 919
7127 2 2 10 1 1872 7110 1862
7128 2 2 10 1 2759 3139 2762
7129 2 2 10 1 992 2997 2161
7130 2 2 10 1 1266 1267 697
7131 2 2 10 1 2716 3075 2715
7132 2 2 10 1 797 855 854
7133 2 2 10 1 3480 4208 3838
7134 2 2 10 1 833 2319 2318
7135 2 2 10 1 1380 3488 3487
7136 2 2 10 1 4030 5883 4491
7137 2 2 10 1 1855 2874 762
7138 2 2 10 1 5275 5277 3986
7139 2 2 10 1 2594 7637 7435
7140 2 2 10 1 7751 7752 2189
7141 2 2 10 1 1826 6181 5196
7142 2 2 10 1 1503 1531 1516
7143 2 2 10 1 1838 1839 771
7144 2 2 10 1 3021 3535 2682
7145 2 2 10 1 713 716 714
7146 2 2 10 1 1608 1642 1609
7147 2 2 10 1 2449 2542 2450
7148 2 2 10 1 973 996 991
7149 2 2 10 1 4074 4646 4645
7150 2 2 10 1 5004 5518 5005
7151 2 2 10 1 3637 3639 3635
7152 2 2 10 1 1134 1270 1135
7153 2 2 10 1 2559 2560 715
7154 2 2 10 1 5038 5039 3955
7155 2 2 10 1 3819 4545 3820
7156 2 2 10 1 3529 3530 740
7157 2 2 10 1 1104 1114 1105
7158 2 2 10 1 1410 1445 1412
7159 2 2 10 1 5171 5766 5765
7160 2 2 10 1 1604 3784 1560
7161 2 2 10 1 5352 5989 5988
7162 2 2 10 1 767 772 770
7163 2 2 10 1 6134 6136 6135
7164 2 2 10 1 4111 5151 4544
7165 2 2 10 1 2350 2711 2710
7166 2 2 10 1 3372 3922 3373
7167 2 2 10 1 6742 6743 6741
7168 2 2 10 1 2729 2730 2424
7169 2 2 10 1 3108 3476 3316
7170 2 2 10 1 1562 1563 1428
7171 2 2 10 1 4107 4466 4465
7172 2 2 10 1 829 830 828
7173 2 2 10 1 4240 4338 3623
7174 2 2 10 1 4910 5409 4683
7175 2 2 10 1 1217 1218 1116
7176 2 2 10 1 4508 5136 4507
7177 2 2 10 1 694 696 695
7178 2 2 10 1 3162 3353 3161
7179 2 2 10 1 3232 3234 3233
7180 2 2 10 1 1352 1355 1351
7181 2 2 10 1 3048 7325 3465
7182 2 2 10 1 1327 1328 1326
7183 2 2 10 1 3461 3462 3352
7184 2 2 10 1 739 744 743
7185 2 2 10 1 2587 2588 2389
7186 2 2 10 1 4519 5942 3555
7187 2 2 10 1 4486 5444 4914
7188 2 2 10 1 1829 1830 848
7189 2 2 10 1 3789 4211 3788
7190 2 2 10 1 1640 1641 1583
7191 2 2 10 1 4542 4543 4103
7192 2 2 10 1 1753 1837 1752
7193 2 2 10 1 6910 6911 5314
7194 2 2 10 1 1869 2278 2129
7195 2 2 10 1 1378 1381 1375
7196 2 2 10 1 3081 3112 2601
7197 2 2 10 1 6353 6354 5283
7198 2 2 10 1 2420 2422 2421
7199 2 2 10 1 4127 4604 3327
7200 2 2 10 1 4589 5141 923
7201 2 2 10 1 984 994 968
7202 2 2 10 1 6647 6648 6645
7203 2 2 10 1 2796 2797 2795
7204 2 2 10 1 2152 2153 889
7205 2 2 10 1 3641 3962 3961
7206 2 2 10 1 798 799 796
7207 2 2 10 1 2412 2631 2413
7208 2 2 10 1 4380 5058 5057
7209 2 2 10 1 6599 6600 6598
7210 2 2 10 1 810 817 816
7211 2 2 10 1 5493 7243 4121
7212 2 2 10 1 3268 3470 3269
7213 2 2 10 1 1908 2082 1941
7214 2 2 10 1 3474 4159 3475
7215 2 2 10 1 5282 5283 1677
7216 2 2 10 1 2794 2795 2793
7217 2 2 10 1 3771 3853 3772
7218 2 2 10 1 1787 1794 1793
7219 2 2 10 1 3954 3955 3639
7220 2 2 10 1 689 7104 1275
7221 2 2 10 1 4615 5779 995
7222 2 2 10 1 5895 5896 4603
7223 2 2 10 1 2400 2401 966
7224 2 2 10 1 5568 5991 5376
7225 2 2 10 1 6633 6635 6634
7226 2 2 10 1 3554 3557 3556
7227 2 2 10 1 4611 4710 4075
7228 2 2 10 1 3418 3420 3042
7229 2 2 10 1 1953 2793 1793
7230 2 2 10 1 3853 4433 3854
7231 2 2 10 1 3098 3195 3099
7232 2 2 10 1 2058 8139 1820
7233 2 2 10 1 706 708 707
7234 2 2 10 1 1579 1583 1573
7235 2 2 10 1 6490 6495 6494
7236 2 2 10 1 1648 1678 1677
7237 2 2 10 1 4513 5557 4514
7238 2 2 10 1 7091 7093 7092
7239 2 2 10 1 6472 6473 5118
7240 2 2 10 1 1257 1792 1261
7241 2 2 10 1 1475 2169 2168
7242 2 2 10 1 5290 5292 5291
7243 2 2 10 1 6591 6592 6590
7244 2 2 10 1 2082 2140 2139
7245 2 2 10 1 2120 2227 2121
7246 2 2 10 1 2526 3394 3327
7247 2 2 10 1 5238 5239 3814
7248 2 2 10 1 2696 3061 2697
7249 2 2 10 1 857 858 847
7250 2 2 10 1 5730 5844 5731
7251 2 2 10 1 4120 4121 3420
7252 2 2 10 1 758 761 757
7253 2 2 10 1 3241 3242 2671
7254 2 2 10 1 2307 2310 2309
7255 2 2 10 1 6657 6658 4550
7256 2 2 10 1 2815 3052 963
7257 2 2 10 1 4991 5372 4992
7258 2 2 10 1 2855 3054 2854
7259 2 2 10 1 3670 4131 3671
7260 2 2 10 1 2092 7223 4729
7261 2 2 10 1 6295 6296 5313
7262 2 2 10 1 6065 6067 6066
7263 2 2 10 1 1336 1337 1333
7264 2 2 10 1 1806 1904 1807
7265 2 2 10 1 2631 3008 2632
7266 2 2 10 1 2758 2760 2757
7267 2 2 10 1 1087 1106 1088
7268 2 2 10 1 2073 2254 2074
7269 2 2 10 1 2891 3159 2892
7270 2 2 10 1 5293 5913 5291
7271 2 2 10 1 3666 3668 3667
7272 2 2 10 1 1785 7326 2043
7273 2 2 10 1 2016 2018 2017
7274 2 2 10 1 1558 1561 1560
7275 2 2 10 1 3967 4380 3971
7276 2 2 10 1 4558 4603 3961
7277 2 2 10 1 4607 4608 4606
7278 2 2 10 1 3008 3251 3009
7279 2 2 10 1 1493 1495 1494
7280 2 2 10 1 5650 6502 4932
7281 2 2 10 1 4637 4991 4647
7282 2 2 10 1 3277 3625 3624
7283 2 2 10 1 2109 7225 2105
7284 2 2 10 1 1001 1002 994
7285 2 2 10 1 4612 4613 4461
7286 2 2 10 1 3906 3907 3242
7287 2 2 10 1 4546 4559 3820
7288 2 2 10 1 1068 1080 1069
7289 2 2 10 1 4723 7156 927
7290 2 2 10 1 2037 2120 2038
7291 2 2 10 1 3988 4073 4072
7292 2 2 10 1 3368 3967 3369
7293 2 2 10 1 2140 2412 2265
7294 2 2 10 1 2273 2431 2274
7295 2 2 10 1 1576 1619 1577
7296 2 2 10 1 2004 2007 2005
7297 2 2 10 1 1792 1908 1809
7298 2 2 10 1 7226 7650 7225
7299 2 2 10 1 2163 2427 2426
7300 2 2 10 1 6370 6371 5147
7301 2 2 10 1 5597 5972 5168
7302 2 2 10 1 4856 5134 4855
7303 2 2 10 1 1505 1524 1523
7304 2 2 10 1 1052 1068 1053
7305 2 2 10 1 2439 2690 2440
7306 2 2 10 1 707 2484 808
7307 2 2 10 1 1020 1035 1021
7308 2 2 10 1 1985 1987 1986
7309 2 2 10 1 5311 5491 5312
7310 2 2 10 1 1749 7404 1278
7311 2 2 10 1 2720 2722 2721
7312 2 2 10 1 3668 3670 3669
7313 2 2 10 1 1990 1994 1991
7314 2 2 10 1 3381 3383 3382
7315 2 2 10 1 5437 6166 5967
7316 2 2 10 1 3578 3579 3577
7317 2 2 10 1 1994 1996 1995
7318 2 2 10 1 2681 2683 2682
7319 2 2 10 1 3934 4401 4400
7320 2 2 10 1 1120 1132 1121
7321 2 2 10 1 1003 1009 1004
7322 2 2 10 1 2659 3174 2660
7323 2 2 10 1 5528 5572 4962
7324 2 2 10 1 997 1003 998
7325 2 2 10 1 2641 2718 2642
7326 2 2 10 1 2022 7383 2023
7327 2 2 10 1 3321 5421 4557
7328 2 2 10 1 3486 4283 3485
7329 2 2 10 1 1456 1462 1461
7330 2 2 10 1 1114 1130 1115
7331 2 2 10 1 7389 7390 7387
7332 2 2 10 1 1565 7327 1621
7333 2 2 10 1 2391 2538 2534
7334 2 2 10 1 3476 3934 3933
7335 2 2 10 1 1080 1087 1081
7336 2 2 10 1 2185 2382 2059
7337 2 2 10 1 3459 4174 4173
7338 2 2 10 1 3385 3494 3493
7339 2 2 10 1 1009 1020 1010
7340 2 2 10 1 5592 6499 5809
7341 2 2 10 1 6265 8413 1729
7342 2 2 10 1 3364 4290 3651
7343 2 2 10 1 1876 2060 1877
7344 2 2 10 1 1772 1828 1827
7345 2 2 10 1 2722 2724 2723
7346 2 2 10 1 3031 6958 4682
7347 2 2 10 1 1936 2077 2076
7348 2 2 10 1 1550 1576 1551
7349 2 2 10 1 2091 2334 2333
7350 2 2 10 1 1761 1763 1762
7351 2 2 10 1 1221 6514 3642
7352 2 2 10 1 4658 7240 3515
7353 2 2 10 1 1987 1990 1988
7354 2 2 10 1 3868 4406 4404
7355 2 2 10 1 3557 3559 3558
7356 2 2 10 1 1744 8254 1747
7357 2 2 10 1 1766 1824 1767
7358 2 2 10 1 1517 1527 1518
7359 2 2 10 1 2538 7462 7460
7360 2 2 10 1 2514 2694 2515
7361 2 2 10 1 1446 1458 1447
7362 2 2 10 1 4621 4623 4622
7363 2 2 10 1 5884 6332 4491
7364 2 2 10 1 1619 1651 1620
7365 2 2 10 1 6551 6553 6552
7366 2 2 10 1 1429 1431 1430
7367 2 2 10 1 892 905 893
7368 2 2 10 1 3234 3236 3235
7369 2 2 10 1 4467 4468 3497
7370 2 2 10 1 4267 6538 4481
7371 2 2 10 1 4646 6115 5418
7372 2 2 10 1 6563 6565 6564
7373 2 2 10 1 1466 1473 1467
7374 2 2 10 1 2718 2720 2719
7375 2 2 10 1 1873 1874 1871
7376 2 2 10 1 1485 1508 1486
7377 2 2 10 1 2100 6523 2770
7378 2 2 10 1 1902 1903 1805
7379 2 2 10 1 3354 3485 3353
7380 2 2 10 1 3478 4156 3477
7381 2 2 10 1 909 925 910
7382 2 2 10 1 1436 1440 1437
7383 2 2 10 1 1642 1737 1643
7384 2 2 10 1 855 860 859
7385 2 2 10 1 960 969 961
7386 2 2 10 1 4085 4086 3495
7387 2 2 10 1 4438 5438 4439
7388 2 2 10 1 6191 6193 6192
7389 2 2 10 1 2319 2321 2320
7390 2 2 10 1 5058 5964 5963
7391 2 2 10 1 1488 1491 1490
7392 2 2 10 1 3884 4199 3883
7393 2 2 10 1 1000 6679 4659
7394 2 2 10 1 3452 3454 3453
7395 2 2 10 1 4116 4464 4115
7396 2 2 10 1 3571 3877 3572
7397 2 2 10 1 2207 6678 2747
7398 2 2 10 1 772 810 809
7399 2 2 10 1 936 940 937
7400 2 2 10 1 2376 2378 2377
7401 2 2 10 1 2711 3230 3229
7402 2 2 10 1 1140 1257 1141
7403 2 2 10 1 1790 1791 1267
7404 2 2 10 1 5559 6955 4464
7405 2 2 10 1 2651 2676 2652
7406 2 2 10 1 1431 1433 1432
7407 2 2 10 1 3046 3303 3302
7408 2 2 10 1 4327 6674 3646
7409 2 2 10 1 879 881 880
7410 2 2 10 1 4819 4821 4559
7411 2 2 10 1 1527 1542 1528
7412 2 2 10 1 4827 5322 5321
7413 2 2 10 1 890 892 891
7414 2 2 10 1 940 948 941
7415 2 2 10 1 1926 2135 2072
7416 2 2 10 1 875 877 876
7417 2 2 10 1 7163 7164 6648
7418 2 2 10 1 2077 2126 2078
7419 2 2 10 1 1737 1778 1738
7420 2 2 10 1 856 871 870
7421 2 2 10 1 1027 1029 1028
7422 2 2 10 1 1588 1645 1589
7423 2 2 10 1 1828 1936 1935
7424 2 2 10 1 1763 1772 1771
7425 2 2 10 1 4412 5423 4281
7426 2 2 10 1 869 873 872
7427 2 2 10 1 1747 1806 1748
7428 2 2 10 1 1473 1481 1474
7429 2 2 10 1 3673 4253 3672
7430 2 2 10 1 1368 1377 1376
7431 2 2 10 1 3998 5086 4879
7432 2 2 10 1 1130 1250 1131
7433 2 2 10 1 1817 1920 1818
7434 2 2 10 1 1408 1418 1417
7435 2 2 10 1 1769 1856 1849
7436 2 2 10 1 2365 2367 2366
7437 2 2 10 1 948 960 949
7438 2 2 10 1 2086 2246 2245
7439 2 2 10 1 925 936 926
7440 2 2 10 1 1391 1402 1401
7441 2 2 10 1 1910 2073 1911
7442 2 2 10 1 1377 1385 1384
7443 2 2 10 1 2068 2238 2067
7444 2 2 10 1 1481 1485 1482
7445 2 2 10 1 1433 1436 1434
7446 2 2 10 1 3715 3717 3716
7447 2 2 10 1 1759 1761 1760
7448 2 2 10 1 2243 2244 2242
7449 2 2 10 1 3240 3432 3431
7450 2 2 10 1 1530 1540 1529
7451 2 2 10 1 3852 4268 3851
7452 2 2 10 1 1799 1800 1798
7453 2 2 10 1 905 909 906
7454 2 2 10 1 1538 1555 1539
7455 2 2 10 1 2222 2299 2298
7456 2 2 10 1 3314 4189 4188
7457 2 2 10 1 922 935 934
7458 2 2 10 1 1110 1120 1111
7459 2 2 10 1 1875 1930 1874
7460 2 2 10 1 1450 1452 1451
7461 2 2 10 1 849 856 853
7462 2 2 10 1 1270 1817 1271
7463 2 2 10 1 1816 1918 1815
7464 2 2 10 1 716 718 717
7465 2 2 10 1 977 979 978
7466 2 2 10 1 3238 3240 3239
7467 2 2 10 1 4213 4287 3810
7468 2 2 10 1 2280 2449 2281
7469 2 2 10 1 744 748 747
7470 2 2 10 1 1458 1466 1459
7471 2 2 10 1 2546 3093 2547
7472 2 2 10 1 1250 1766 1251
7473 2 2 10 1 1859 1860 1791
7474 2 2 10 1 6454 6455 5540
7475 2 2 10 1 2104 3606 2270
7476 2 2 10 1 3174 3516 3175
7477 2 2 10 1 1385 1391 1390
7478 2 2 10 1 3076 3829 3075
7479 2 2 10 1 1831 1832 1830
7480 2 2 10 1 1402 1408 1407
7481 2 2 10 1 2565 4760 4618
7482 2 2 10 1 860 869 868
7483 2 2 10 1 5823 5824 4579
7484 2 2 10 1 696 699 698
7485 2 2 10 1 2246 2429 2428
7486 2 2 10 1 5495 5819 5496
7487 2 2 10 1 3236 3238 3237
7488 2 2 10 1 1440 1446 1441
7489 2 2 10 1 3685 3686 3684
7490 2 2 10 1 3488 4502 4501
7491 2 2 10 1 3982 4219 4077
7492 2 2 10 1 5790 5796 5789
7493 2 2 10 1 1416 6677 4556
7494 2 2 10 1 2467 6667 2776
7495 2 2 10 1 5557 6111 6110
7496 2 2 10 1 725 729 728
7497 2 2 10 1 1357 1360 1355
7498 2 2 10 1 8351 8422 5049
7499 2 2 10 1 4264 4335 4066
7500 2 2 10 1 873 875 874
7501 2 2 10 1 6446 6448 6447
7502 2 2 10 1 1383 6670 3282
7503 2 2 10 1 2997 3397 2998
7504 2 2 10 1 4771 5804 4694
7505 2 2 10 1 2211 2217 2216
7506 2 2 10 1 3938 7011 3937
7507 2 2 10 1 881 883 882
7508 2 2 10 1 877 879 878
7509 2 2 10 1 2348 6691 2573
7510 2 2 10 1 1386 1387 1381
7511 2 2 10 1 1531 1538 1532
7512 2 2 10 1 3359 3622 3109
7513 2 2 10 1 1254 1255 1249
7514 2 2 10 1 4320 4924 4321
7515 2 2 10 1 1223 1268 1222
7516 2 2 10 1 3483 3484 3112
7517 2 2 10 1 1246 1247 1245
7518 2 2 10 1 912 914 913
7519 2 2 10 1 2154 2155 2153
7520 2 2 10 1 3223 3224 3222
7521 2 2 10 1 1928 2262 1927
7522 2 2 10 1 1842 1843 1841
7523 2 2 10 1 2199 2201 2200
7524 2 2 10 1 3583 3584 3012
7525 2 2 10 1 2278 2640 2344
7526 2 2 10 1 3683 3684 3682
7527 2 2 10 1 3481 5050 3462
7528 2 2 10 1 1645 1684 1681
7529 2 2 10 1 5943 5944 5041
7530 2 2 10 1 3333 3781 3334
7531 2 2 10 1 3247 3675 3674
7532 2 2 10 1 1846 1847 1845
7533 2 2 10 1 3531 3532 3530
7534 2 2 10 1 1880 2136 1879
7535 2 2 10 1 5477 5485 4381
7536 2 2 10 1 1840 1841 1839
7537 2 2 10 1 1541 1568 1540
7538 2 2 10 1 3830 4694 3829
7539 2 2 10 1 2353 3874 1218
7540 2 2 10 1 4738 7400 4737
7541 2 2 10 1 1332 1333 1328
7542 2 2 10 1 801 802 799
7543 2 2 10 1 5444 5771 5770
7544 2 2 10 1 729 733 732
7545 2 2 10 1 2162 2185 2059
7546 2 2 10 1 2646 2773 2772
7547 2 2 10 1 704 706 705
7548 2 2 10 1 4012 4014 4013
7549 2 2 10 1 2002 2004 2003
7550 2 2 10 1 4229 6579 5316
7551 2 2 10 1 2011 2016 2012
7552 2 2 10 1 3432 3452 3451
7553 2 2 10 1 3138 6580 3214
7554 2 2 10 1 1719 7087 1725
7555 2 2 10 1 718 725 724
7556 2 2 10 1 3871 4341 3872
7557 2 2 10 1 2562 2606 2605
7558 2 2 10 1 840 841 830
7559 2 2 10 1 699 701 700
7560 2 2 10 1 1586 1587 1581
7561 2 2 10 1 2361 2363 2362
7562 2 2 10 1 1507 1529 1506
7563 2 2 10 1 2271 7331 1564
7564 2 2 10 1 5720 6655 4458
7565 2 2 10 1 4941 5498 4942
7566 2 2 10 1 2167 2391 2253
7567 2 2 10 1 1684 1769 1750
7568 2 2 10 1 1361 1362 1360
7569 2 2 10 1 3842 4080 3843
7570 2 2 10 1 2694 3155 2695
7571 2 2 10 1 1269 1815 1268
7572 2 2 10 1 1848 1879 1847
7573 2 2 10 1 2158 2192 2157
7574 2 2 10 1 701 704 703
7575 2 2 10 1 1844 1845 1843
7576 2 2 10 1 1725 1726 1723
7577 2 2 10 1 4082 4937 4083
7578 2 2 10 1 3349 3350 2730
7579 2 2 10 1 4833 5432 4425
7580 2 2 10 1 867 6668 2748
7581 2 2 10 1 1394 1396 1395
7582 2 2 10 1 2183 6536 2425
7583 2 2 10 1 3985 3986 3908
7584 2 2 10 1 3887 3889 3888
7585 2 2 10 1 4300 4301 4265
7586 2 2 10 1 3559 3561 3560
7587 2 2 10 1 3870 4150 4149
7588 2 2 10 1 1039 1052 1040
7589 2 2 10 1 2480 3205 2423
7590 2 2 10 1 1833 1834 1832
7591 2 2 10 1 4336 5198 4335
7592 2 2 10 1 3170 3761 3436
7593 2 2 10 1 3664 3666 3665
7594 2 2 10 1 4485 4962 4484
7595 2 2 10 1 5120 5937 5121
7596 2 2 10 1 3837 7063 6248
7597 2 2 10 1 2640 3170 3166
7598 2 2 10 1 2828 3110 2495
7599 2 2 10 1 2296 6903 2828
7600 2 2 10 1 1732 1733 1731
7601 2 2 10 1 1951 7043 7042
7602 2 2 10 1 1778 1876 1779
7603 2 2 10 1 1163 6581 2943
7604 2 2 10 1 2779 6569 1314
7605 2 2 10 1 3155 3360 3156
7606 2 2 10 1 1780 7006 7003
7607 2 2 10 1 6359 6360 6358
7608 2 2 10 1 800 7026 784
7609 2 2 10 1 2522 3123 3122
7610 2 2 10 1 2761 3063 2760
7611 2 2 10 1 1555 1588 1556
7612 2 2 10 1 1580 1581 1563
7613 2 2 10 1 1850 7021 790
7614 2 2 10 1 1655 1743 1656
7615 2 2 10 1 4118 4119 3207
7616 2 2 10 1 1856 2086 2084
7617 2 2 10 1 4181 6924 5310
7618 2 2 10 1 5803 5867 5485
7619 2 2 10 1 1175 6573 1206
7620 2 2 10 1 6806 6807 6805
7621 2 2 10 1 2193 2423 2192
7622 2 2 10 1 1548 1550 1549
7623 2 2 10 1 1137 7024 778
7624 2 2 10 1 1718 1719 1716
7625 2 2 10 1 1584 6567 1318
7626 2 2 10 1 4703 6587 5705
7627 2 2 10 1 2564 7088 3223
7628 2 2 10 1 3773 7335 2951
7629 2 2 10 1 2156 2157 2155
7630 2 2 10 1 1709 6541 2780
7631 2 2 10 1 1714 6571 1718
7632 2 2 10 1 3561 3564 3562
7633 2 2 10 1 989 997 990
7634 2 2 10 1 4038 5000 4314
7635 2 2 10 1 2069 2167 2070
7636 2 2 10 1 4697 5083 4698
7637 2 2 10 1 776 6612 1137
7638 2 2 10 1 1591 1592 1587
7639 2 2 10 1 1171 6555 2964
7640 2 2 10 1 1919 2067 1918
7641 2 2 10 1 4690 5360 4689
7642 2 2 10 1 712 719 679
7643 2 2 10 1 1514 1517 1515
7644 2 2 10 1 2429 2514 2496
7645 2 2 10 1 3050 7334 2983
7646 2 2 10 1 5077 7001 3439
7647 2 2 10 1 1190 6527 1198
7648 2 2 10 1 3881 4377 3882
7649 2 2 10 1 2045 7333 1784
7650 2 2 10 1 1201 1202 1200
7651 2 2 10 1 1697 7037 7036
7652 2 2 10 1 4844 5747 4845
7653 2 2 10 1 4104 5116 4105
7654 2 2 10 1 4954 5400 4953
7655 2 2 10 1 1982 1985 1983
7656 2 2 10 1 2386 2517 2516
7657 2 2 10 1 4058 4320 4059
7658 2 2 10 1 1757 1759 1758
7659 2 2 10 1 3875 5021 3874
7660 2 2 10 1 2591 2641 2592
7661 2 2 10 1 3603 4025 3866
7662 2 2 10 1 3994 3996 3995
7663 2 2 10 1 2220 7218 2201
7664 2 2 10 1 2290 2291 2289
7665 2 2 10 1 3604 6831 2177
7666 2 2 10 1 6461 6462 4883
7667 2 2 10 1 4149 6982 3448
7668 2 2 10 1 1946 1947 1945
7669 2 2 10 1 3322 3897 3283
7670 2 2 10 1 927 938 928
7671 2 2 10 1 2566 7203 2555
7672 2 2 10 1 4401 5311 4490
7673 2 2 10 1 7111 7112 7110
7674 2 2 10 1 4556 6828 1406
7675 2 2 10 1 2374 7210 2367
7676 2 2 10 1 3580 3691 3579
7677 2 2 10 1 4983 6585 4154
7678 2 2 10 1 3425 3868 3426
7679 2 2 10 1 1956 7386 1957
7680 2 2 10 1 2747 6583 2205
7681 2 2 10 1 1802 6887 1902
7682 2 2 10 1 3406 4330 4178
7683 2 2 10 1 3441 7094 3985
7684 2 2 10 1 3795 3796 3506
7685 2 2 10 1 3698 6892 5823
7686 2 2 10 1 2931 6666 2923
7687 2 2 10 1 4937 5437 5436
7688 2 2 10 1 2547 6992 1242
7689 2 2 10 1 5518 7399 5519
7690 2 2 10 1 4659 6891 983
7691 2 2 10 1 3214 3215 3213
7692 2 2 10 1 3569 3571 3570
7693 2 2 10 1 5705 5706 5704
7694 2 2 10 1 3787 4281 3786
7695 2 2 10 1 3681 3682 3680
7696 2 2 10 1 1899 1927 1898
7697 2 2 10 1 4617 6895 933
7698 2 2 10 1 3496 3497 3127
7699 2 2 10 1 2929 2930 2927
7700 2 2 10 1 2436 6989 1913
7701 2 2 10 1 4668 6921 3508
7702 2 2 10 1 1494 7206 1491
7703 2 2 10 1 2835 6883 1464
7704 2 2 10 1 2877 3082 2876
7705 2 2 10 1 3116 7007 2614
7706 2 2 10 1 5552 7062 4417
7707 2 2 10 1 5083 5786 5084
7708 2 2 10 1 4073 4531 4530
7709 2 2 10 1 928 4098 908
7710 2 2 10 1 4305 6839 5486
7711 2 2 10 1 5584 5585 4499
7712 2 2 10 1 3944 4337 3897
7713 2 2 10 1 4065 4066 3484
7714 2 2 10 1 3777 7336 2665
7715 2 2 10 1 4208 6239 5506
7716 2 2 10 1 3064 3408 3063
7717 2 2 10 1 4736 4737 4735
7718 2 2 10 1 5759 5760 5758
7719 2 2 10 1 5212 5213 5211
7720 2 2 10 1 3074 3091 3073
7721 2 2 10 1 4597 4865 4596
7722 2 2 10 1 5506 5507 4209
7723 2 2 10 1 5184 7403 5185
7724 2 2 10 1 2842 2843 2840
7725 2 2 10 1 3120 3402 3119
7726 2 2 10 1 927 928 908
7727 2 2 10 1 812 7315 1025
7728 2 2 10 1 3624 6919 2649
7729 2 2 10 1 6229 8433 4838
7730 2 2 10 1 3679 3851 3678
7731 2 2 10 1 3587 3974 3586
7732 2 2 10 1 3060 3359 3109
7733 2 2 10 1 4682 4683 3815
7734 2 2 10 1 7503 7855 5564
7735 2 2 10 1 4762 5554 5340
7736 2 2 10 1 5089 6774 4016
7737 2 2 10 1 1680 6686 1678
7738 2 2 10 1 5139 6513 4020
7739 2 2 10 1 7195 7297 2002
7740 2 2 10 1 2162 6956 2185
7741 2 2 10 1 4243 7134 3494
7742 2 2 10 1 7767 8135 4710
7743 2 2 10 1 4277 4280 4276
7744 2 2 10 1 3055 3283 3054
7745 2 2 10 1 3003 6512 5249
7746 2 2 10 1 5836 6031 5837
7747 2 2 10 1 4670 4671 1070
7748 2 2 10 1 1519 4776 4669
7749 2 2 10 1 4047 4214 4046
7750 2 2 10 1 4586 8284 6613
7751 2 2 10 1 3652 3653 807
7752 2 2 10 1 3585 3586 3584
7753 2 2 10 1 5199 5389 5198
7754 2 2 10 1 4411 4616 4337
7755 2 2 10 1 4719 7159 4759
7756 2 2 10 1 3128 7323 6768
7757 2 2 10 1 1264 7245 3864
7758 2 2 10 1 7076 7077 1526
7759 2 2 10 1 3060 3831 3359
7760 2 2 10 1 2135 2388 2072
7761 2 2 10 1 951 952 939
7762 2 2 10 1 736 7124 3652
7763 2 2 10 1 2679 3672 2678
7764 2 2 10 1 3927 7343 3296
7765 2 2 10 1 938 1034 951
7766 2 2 10 1 3039 3040 2537
7767 2 2 10 1 5194 5863 5112
7768 2 2 10 1 2536 3041 3039
7769 2 2 10 1 947 964 962
7770 2 2 10 1 3073 7252 3070
7771 2 2 10 1 5135 5975 5134
7772 2 2 10 1 5692 5693 4613
7773 2 2 10 1 753 758 757
7774 2 2 10 1 6529 7483 1198
7775 2 2 10 1 5026 7862 7515
7776 2 2 10 1 3795 7482 4540
7777 2 2 10 1 4897 7349 4900
7778 2 2 10 1 947 965 964
7779 2 2 10 1 4547 7486 3872
7780 2 2 10 1 857 896 858
7781 2 2 10 1 1726 6683 1728
7782 2 2 10 1 1410 1412 1400
7783 2 2 10 1 2882 7141 2343
7784 2 2 10 1 2817 7103 1322
7785 2 2 10 1 2283 2536 2284
7786 2 2 10 1 2876 7469 646
7787 2 2 10 1 3480 3838 3270
7788 2 2 10 1 3169 7470 620
7789 2 2 10 1 812 813 804
7790 2 2 10 1 2746 8245 7289
7791 2 2 10 1 6507 6508 4283
7792 2 2 10 1 2484 2485 808
7793 2 2 10 1 6921 7428 2223
7794 2 2 10 1 4564 7487 3716
7795 2 2 10 1 4996 7142 4492
7796 2 2 10 1 3783 7489 2652
7797 2 2 10 1 3878 7265 3881
7798 2 2 10 1 3807 6977 3805
7799 2 2 10 1 7520 7866 4010
7800 2 2 10 1 8816 8910 6149
7801 2 2 10 1 1412 1413 1400
7802 2 2 10 1 6114 8928 2988
7803 2 2 10 1 3433 8190 7234
7804 2 2 10 1 1007 1019 1018
7805 2 2 10 1 4245 7495 3493
7806 2 2 10 1 3039 7508 3040
7807 2 2 10 1 3434 7493 1523
7808 2 2 10 1 3450 7149 3226
7809 2 2 10 1 827 834 826
7810 2 2 10 1 3186 7235 3189
7811 2 2 10 1 686 6466 688
7812 2 2 10 1 5283 7496 1677
7813 2 2 10 1 1340 1344 1341
7814 2 2 10 1 4522 4934 4932
7815 2 2 10 1 4522 4932 4284
7816 2 2 10 1 7458 7499 7123
7817 2 2 10 1 1011 1022 1012
7818 2 2 10 1 7256 8099 7257
7819 2 2 10 1 1509 7259 1511
7820 2 2 10 1 1022 1023 1012
7821 2 2 10 1 4603 7498 3961
7822 2 2 10 1 1344 1345 1341
7823 2 2 10 1 4932 4933 4284
7824 2 2 10 1 6649 6651 6650
7825 2 2 10 1 6430 7322 7321
7826 2 2 10 1 6934 7808 2040
7827 2 2 10 1 4121 7243 4995
7828 2 2 10 1 1705 8041 1720
7829 2 2 10 1 4559 7500 3820
7830 2 2 10 1 827 835 834
7831 2 2 10 1 4213 4915 4287
7832 2 2 10 1 1947 7052 1952
7833 2 2 10 1 6882 7502 1082
7834 2 2 10 1 1076 7514 4650
7835 2 2 10 1 4734 7494 4911
7836 2 2 10 1 1855 7501 4062
7837 2 2 10 1 3465 7325 7168
7838 2 2 10 1 1165 7370 1167
7839 2 2 10 1 3983 7504 3218
7840 2 2 10 1 2707 7506 2706
7841 2 2 10 1 4540 7482 5722
7842 2 2 10 1 1007 1018 1006
7843 2 2 10 1 3513 7503 3343
7844 2 2 10 1 7499 7866 4655
7845 2 2 10 1 2811 7509 6880
7846 2 2 10 1 5173 5480 4375
7847 2 2 10 1 3812 7503 4345
7848 2 2 10 1 816 7380 2836
7849 2 2 10 1 2043 7326 4587
7850 2 2 10 1 688 690 689
7851 2 2 10 1 2791 7515 2792
7852 2 2 10 1 6400 7648 5978
7853 2 2 10 1 6533 7483 6529
7854 2 2 10 1 2787 7513 2786
7855 2 2 10 1 1621 7327 4112
7856 2 2 10 1 4374 5173 4375
7857 2 2 10 1 1102 7502 1127
7858 2 2 10 1 2172 7519 6779
7859 2 2 10 1 2807 7521 2808
7860 2 2 10 1 4655 7520 3656
7861 2 2 10 1 3220 7504 3765
7862 2 2 10 1 4549 7508 3503
7863 2 2 10 1 6357 7486 4547
7864 2 2 10 1 1023 1024 1012
7865 2 2 10 1 896 897 858
7866 2 2 10 1 3377 7505 4541
7867 2 2 10 1 3764 7522 4358
7868 2 2 10 1 3040 3480 3270
7869 2 2 10 1 1275 1276 958
7870 2 2 10 1 2789 7513 2802
7871 2 2 10 1 1665 7510 1669
7872 2 2 10 1 803 812 804
7873 2 2 10 1 5340 8118 4252
7874 2 2 10 1 900 7511 5107
7875 2 2 10 1 1032 7526 6781
7876 2 2 10 1 1124 7514 1098
7877 2 2 10 1 6740 8208 7254
7878 2 2 10 1 1813 7517 2089
7879 2 2 10 1 3307 7506 4051
7880 2 2 10 1 4391 7512 3660
7881 2 2 10 1 6417 7487 4564
7882 2 2 10 1 2477 7524 2479
7883 2 2 10 1 1345 1346 1341
7884 2 2 10 1 3512 7509 2813
7885 2 2 10 1 5135 7250 6432
7886 2 2 10 1 3312 7518 2774
7887 2 2 10 1 8117 9178 5306
7888 2 2 10 1 1019 1047 1046
7889 2 2 10 1 1399 1410 1400
7890 2 2 10 1 2285 7519 2174
7891 2 2 10 1 4735 7331 2271
7892 2 2 10 1 7388 9696 7815
7893 2 2 10 1 3658 7520 3661
7894 2 2 10 1 5916 7489 3783
7895 2 2 10 1 6707 6709 6706
7896 2 2 10 1 2135 2390 2388
7897 2 2 10 1 4089 7515 3271
7898 2 2 10 1 4726 7333 2045
7899 2 2 10 1 827 836 835
7900 2 2 10 1 846 7355 857
7901 2 2 10 1 4739 7334 3050
7902 2 2 10 1 792 7398 794
7903 2 2 10 1 4873 7335 3773
7904 2 2 10 1 4494 7522 3766
7905 2 2 10 1 3548 7521 3016
7906 2 2 10 1 4374 4375 3456
7907 2 2 10 1 819 820 813
7908 2 2 10 1 3923 6478 4058
7909 2 2 10 1 947 962 946
7910 2 2 10 1 4208 4209 3838
7911 2 2 10 1 3417 7524 2595
7912 2 2 10 1 3044 3326 2442
7913 2 2 10 1 4187 4217 4216
7914 2 2 10 1 6758 6759 6757
7915 2 2 10 1 753 757 752
7916 2 2 10 1 3632 7527 3633
7917 2 2 10 1 2840 6484 2472
7918 2 2 10 1 1065 7526 1041
7919 2 2 10 1 1022 1058 1057
7920 2 2 10 1 689 1275 958
7921 2 2 10 1 3361 6878 3425
7922 2 2 10 1 4160 4186 4162
7923 2 2 10 1 2796 7528 2797
7924 2 2 10 1 7264 8170 4678
7925 2 2 10 1 6316 6317 5953
7926 2 2 10 1 4889 7336 3777
7927 2 2 10 1 3471 3474 3473
7928 2 2 10 1 4686 7493 3434
7929 2 2 10 1 1533 6930 1757
7930 2 2 10 1 3399 6472 4104
7931 2 2 10 1 3228 6657 3994
7932 2 2 10 1 3786 6486 3087
7933 2 2 10 1 3265 3268 3267
7934 2 2 10 1 3712 7426 4512
7935 2 2 10 1 3132 7393 3134
7936 2 2 10 1 4690 7457 5360
7937 2 2 10 1 4276 6844 4273
7938 2 2 10 1 2055 6481 2386
7939 2 2 10 1 3119 6476 3092
7940 2 2 10 1 6420 7496 5283
7941 2 2 10 1 5519 5730 5729
7942 2 2 10 1 5439 5495 5441
7943 2 2 10 1 4287 6998 3810
7944 2 2 10 1 3997 6467 4844
7945 2 2 10 1 4403 6850 4941
7946 2 2 10 1 5382 7495 4245
7947 2 2 10 1 1921 7389 1956
7948 2 2 10 1 6438 7498 4603
7949 2 2 10 1 4434 4438 4436
7950 2 2 10 1 975 6859 989
7951 2 2 10 1 758 763 761
7952 2 2 10 1 3160 3264 3263
7953 2 2 10 1 2691 2891 2890
7954 2 2 10 1 2528 7439 3150
7955 2 2 10 1 2432 2439 2434
7956 2 2 10 1 3060 3109 2833
7957 2 2 10 1 3196 3771 3770
7958 2 2 10 1 951 7709 952
7959 2 2 10 1 938 939 928
7960 2 2 10 1 3639 7527 3635
7961 2 2 10 1 2248 2273 2250
7962 2 2 10 1 7219 8211 5157
7963 2 2 10 1 3359 3860 3622
7964 2 2 10 1 7534 9494 5851
7965 2 2 10 1 6616 8262 7270
7966 2 2 10 1 3062 3098 3090
7967 2 2 10 1 3782 3842 3799
7968 2 2 10 1 2034 2037 2036
7969 2 2 10 1 2536 2537 2284
7970 2 2 10 1 2543 6464 2696
7971 2 2 10 1 6873 6875 6874
7972 2 2 10 1 2228 2247 2236
7973 2 2 10 1 3289 3333 3291
7974 2 2 10 1 2029 2033 2032
7975 2 2 10 1 3782 6461 3842
7976 2 2 10 1 3615 7220 5193
7977 2 2 10 1 3802 7157 2634
7978 2 2 10 1 4378 6468 4697
7979 2 2 10 1 2259 2280 2261
7980 2 2 10 1 7465 8136 835
7981 2 2 10 1 3420 7528 3042
7982 2 2 10 1 4740 7343 3927
7983 2 2 10 1 1905 1910 1907
7984 2 2 10 1 2543 2696 2545
7985 2 2 10 1 907 927 908
7986 2 2 10 1 2023 2028 2025
7987 2 2 10 1 9498 9587 5523
7988 2 2 10 1 2008 2011 2010
7989 2 2 10 1 4062 7501 5208
7990 2 2 10 1 4448 4449 4446
7991 2 2 10 1 3600 3603 3602
7992 2 2 10 1 4378 4697 4696
7993 2 2 10 1 2432 6460 2439
7994 2 2 10 1 2691 6459 2891
7995 2 2 10 1 6421 7500 4559
7996 2 2 10 1 2760 6964 2757
7997 2 2 10 1 897 898 858
7998 2 2 10 1 5185 5273 5272
7999 2 2 10 1 1133 1140 1139
8000 2 2 10 1 2255 2258 2257
8001 2 2 10 1 1107 1110 1109
8002 2 2 10 1 4132 4355 4354
8003 2 2 10 1 1997 7195 1999
8004 2 2 10 1 1036 1039 1038
8005 2 2 10 1 3252 3288 3287
8006 2 2 10 1 4772 7408 3424
8007 2 2 10 1 1046 1049 1018
8008 2 2 10 1 4925 4977 4976
8009 2 2 10 1 3682 6868 3680
8010 2 2 10 1 1652 1655 1654
8011 2 2 10 1 1927 6925 1898
8012 2 2 10 1 1744 1747 1746
8013 2 2 10 1 2019 2022 2021
8014 2 2 10 1 5279 5996 5616
8015 2 2 10 1 2725 7196 3204
8016 2 2 10 1 975 989 988
8017 2 2 10 1 6862 6863 6861
8018 2 2 10 1 3347 4092 4091
8019 2 2 10 1 3707 5315 4163
8020 2 2 10 1 3878 3881 3880
8021 2 2 10 1 6865 6866 6864
8022 2 2 10 1 1328 6966 1326
8023 2 2 10 1 1979 1982 1981
8024 2 2 10 1 4403 4941 4940
8025 2 2 10 1 3997 4844 4460
8026 2 2 10 1 1127 7502 3725
8027 2 2 10 1 970 974 972
8028 2 2 10 1 3462 6965 3352
8029 2 2 10 1 5787 5836 5835
8030 2 2 10 1 6616 7270 6615
8031 2 2 10 1 1921 1956 1955
8032 2 2 10 1 2283 2284 2239
8033 2 2 10 1 739 6497 744
8034 2 2 10 1 4275 4276 4273
8035 2 2 10 1 3517 3599 3519
8036 2 2 10 1 1689 7412 1691
8037 2 2 10 1 2127 4146 3168
8038 2 2 10 1 3857 5643 4812
8039 2 2 10 1 3677 3678 3403
8040 2 2 10 1 1571 1573 1569
8041 2 2 10 1 3085 3376 3083
8042 2 2 10 1 6871 6872 6870
8043 2 2 10 1 7082 8695 6732
8044 2 2 10 1 3118 3119 3092
8045 2 2 10 1 2061 2069 2063
8046 2 2 10 1 2567 7323 3128
8047 2 2 10 1 5200 5203 3687
8048 2 2 10 1 4399 5073 3916
8049 2 2 10 1 2315 7200 3375
8050 2 2 10 1 3467 4699 3469
8051 2 2 10 1 1957 2030 1959
8052 2 2 10 1 6076 6077 5137
8053 2 2 10 1 1360 7264 4678
8054 2 2 10 1 6429 6430 4573
8055 2 2 10 1 4051 7506 5539
8056 2 2 10 1 3399 4104 3401
8057 2 2 10 1 5123 6090 4397
8058 2 2 10 1 3765 7504 4675
8059 2 2 10 1 3274 3680 1835
8060 2 2 10 1 3072 3073 3070
8061 2 2 10 1 3465 7168 3467
8062 2 2 10 1 2994 3664 3293
8063 2 2 10 1 4541 7505 6249
8064 2 2 10 1 1900 2162 2059
8065 2 2 10 1 3914 5792 5791
8066 2 2 10 1 3991 5399 5398
8067 2 2 10 1 4775 4970 4738
8068 2 2 10 1 1545 1548 1547
8069 2 2 10 1 3204 5278 4093
8070 2 2 10 1 6855 6856 6853
8071 2 2 10 1 3361 3425 3363
8072 2 2 10 1 2953 6873 3199
8073 2 2 10 1 4483 4484 3822
8074 2 2 10 1 3709 5317 4296
8075 2 2 10 1 4345 7503 5564
8076 2 2 10 1 3565 3569 3568
8077 2 2 10 1 1999 2002 2001
8078 2 2 10 1 4644 5833 5832
8079 2 2 10 1 1973 7169 1975
8080 2 2 10 1 3199 3887 3886
8081 2 2 10 1 3208 4038 4037
8082 2 2 10 1 3577 7280 3581
8083 2 2 10 1 2505 7704 2506
8084 2 2 10 1 1963 2006 1965
8085 2 2 10 1 5193 7509 3512
8086 2 2 10 1 4444 4445 4279
8087 2 2 10 1 2585 2591 2590
8088 2 2 10 1 6379 7508 4549
8089 2 2 10 1 6845 6846 4272
8090 2 2 10 1 2055 2386 2385
8091 2 2 10 1 1969 1989 1971
8092 2 2 10 1 4187 6841 4217
8093 2 2 10 1 2579 4113 2581
8094 2 2 10 1 4688 4689 4071
8095 2 2 10 1 6503 6505 6504
8096 2 2 10 1 2635 2636 2395
8097 2 2 10 1 2135 2831 2390
8098 2 2 10 1 1669 7510 3616
8099 2 2 10 1 3391 4402 4233
8100 2 2 10 1 3375 4034 4033
8101 2 2 10 1 2441 3406 3405
8102 2 2 10 1 4424 5979 5866
8103 2 2 10 1 5107 7511 6445
8104 2 2 10 1 2043 4587 2046
8105 2 2 10 1 1621 4112 1685
8106 2 2 10 1 4818 7281 3988
8107 2 2 10 1 1511 1514 1513
8108 2 2 10 1 4147 5335 4927
8109 2 2 10 1 3159 7255 3160
8110 2 2 10 1 5026 7515 4089
8111 2 2 10 1 5452 7512 4391
8112 2 2 10 1 1975 1978 1977
8113 2 2 10 1 812 1025 819
8114 2 2 10 1 3490 3786 3087
8115 2 2 10 1 1967 7172 1969
8116 2 2 10 1 3228 3994 3993
8117 2 2 10 1 4271 4272 4269
8118 2 2 10 1 3173 4676 2888
8119 2 2 10 1 1498 3538 1500
8120 2 2 10 1 1533 1757 1575
8121 2 2 10 1 3470 7253 3471
8122 2 2 10 1 4978 5780 3315
8123 2 2 10 1 3511 7514 1124
8124 2 2 10 1 2967 5336 5160
8125 2 2 10 1 5957 5958 5048
8126 2 2 10 1 3923 4058 4057
8127 2 2 10 1 1890 1895 1888
8128 2 2 10 1 1897 1898 1894
8129 2 2 10 1 1886 2848 1884
8130 2 2 10 1 1926 2072 1825
8131 2 2 10 1 592 1073 590
8132 2 2 10 1 5492 6191 6190
8133 2 2 10 1 4402 6852 6851
8134 2 2 10 1 4780 7421 3723
8135 2 2 10 1 3357 7662 6924
8136 2 2 10 1 2089 7517 3621
8137 2 2 10 1 4498 4499 3803
8138 2 2 10 1 3785 4658 3515
8139 2 2 10 1 5373 6407 6406
8140 2 2 10 1 626 1091 624
8141 2 2 10 1 2802 7513 5197
8142 2 2 10 1 4282 4677 3827
8143 2 2 10 1 636 2823 634
8144 2 2 10 1 642 811 640
8145 2 2 10 1 632 838 630
8146 2 2 10 1 5501 5502 4949
8147 2 2 10 1 596 2826 594
8148 2 2 10 1 4142 5054 4213
8149 2 2 10 1 668 2876 646
8150 2 2 10 1 622 3169 620
8151 2 2 10 1 616 929 614
8152 2 2 10 1 586 1113 584
8153 2 2 10 1 4554 7518 3312
8154 2 2 10 1 612 2825 610
8155 2 2 10 1 600 1016 598
8156 2 2 10 1 3243 7519 2285
8157 2 2 10 1 574 2079 572
8158 2 2 10 1 3068 3069 3066
8159 2 2 10 1 608 967 606
8160 2 2 10 1 5406 5407 4395
8161 2 2 10 1 3661 7520 4010
8162 2 2 10 1 4393 5065 4387
8163 2 2 10 1 7190 7191 5326
8164 2 2 10 1 604 2824 602
8165 2 2 10 1 4385 5023 4368
8166 2 2 10 1 2839 2840 2472
8167 2 2 10 1 3433 7234 896
8168 2 2 10 1 4366 4975 4353
8169 2 2 10 1 5210 7521 3548
8170 2 2 10 1 4043 4735 2271
8171 2 2 10 1 2234 4726 2045
8172 2 2 10 1 2493 7425 1612
8173 2 2 10 1 4351 4931 4126
8174 2 2 10 1 580 1260 578
8175 2 2 10 1 3780 4739 3050
8176 2 2 10 1 4206 5353 3895
8177 2 2 10 1 4965 7429 3917
8178 2 2 10 1 3288 7275 3289
8179 2 2 10 1 3905 4889 3777
8180 2 2 10 1 2556 7323 2567
8181 2 2 10 1 5782 5783 4339
8182 2 2 10 1 4291 4873 3773
8183 2 2 10 1 3599 7266 3600
8184 2 2 10 1 1871 7221 6950
8185 2 2 10 1 6415 7522 4494
8186 2 2 10 1 2227 7278 2228
8187 2 2 10 1 6619 8689 1086
8188 2 2 10 1 2424 7292 2541
8189 2 2 10 1 2536 7529 3041
8190 2 2 10 1 4743 7526 1065
8191 2 2 10 1 5497 7524 3417
8192 2 2 10 1 761 762 757
8193 2 2 10 1 3929 4740 3927
8194 2 2 10 1 690 7108 7104
8195 2 2 10 1 3061 7277 3062
8196 2 2 10 1 7854 7966 4441
8197 2 2 10 1 3195 7276 3196
8198 2 2 10 1 6755 7305 1356
8199 2 2 10 1 3563 7283 3559
8200 2 2 10 1 846 857 847
8201 2 2 10 1 8039 8224 7033
8202 2 2 10 1 1858 7284 1778
8203 2 2 10 1 3125 3127 2566
8204 2 2 10 1 8245 9270 4600
8205 2 2 10 1 3867 7286 3432
8206 2 2 10 1 2708 7311 3728
8207 2 2 10 1 1529 7287 2735
8208 2 2 10 1 2746 7289 1402
8209 2 2 10 1 3446 7290 3234
8210 2 2 10 1 1340 7381 1475
8211 2 2 10 1 1579 1640 1583
8212 2 2 10 1 959 7294 948
8213 2 2 10 1 2992 7384 2994
8214 2 2 10 1 6393 8553 4551
8215 2 2 10 1 5813 7527 3639
8216 2 2 10 1 6598 7161 6597
8217 2 2 10 1 2337 7712 3261
8218 2 2 10 1 1967 7175 7172
8219 2 2 10 1 4186 6843 6842
8220 2 2 10 1 1106 7291 1107
8221 2 2 10 1 2724 7301 2725
8222 2 2 10 1 3622 3623 3109
8223 2 2 10 1 3979 7307 2720
8224 2 2 10 1 1993 7309 1990
8225 2 2 10 1 2007 7299 2008
8226 2 2 10 1 1086 7310 1080
8227 2 2 10 1 4994 7528 3420
8228 2 2 10 1 2317 7529 2283
8229 2 2 10 1 3019 3281 3007
8230 2 2 10 1 1035 7302 1036
8231 2 2 10 1 3564 7314 3565
8232 2 2 10 1 1996 7306 1997
8233 2 2 10 1 7696 8029 5281
8234 2 2 10 1 2299 7313 2315
8235 2 2 10 1 2777 7418 3429
8236 2 2 10 1 2060 7312 2061
8237 2 2 10 1 821 8241 8225
8238 2 2 10 1 3471 7253 3474
8239 2 2 10 1 1569 7316 1568
8240 2 2 10 1 3403 7318 3402
8241 2 2 10 1 817 826 816
8242 2 2 10 1 7171 8272 4098
8243 2 2 10 1 6994 7279 6993
8244 2 2 10 1 6724 6726 4433
8245 2 2 10 1 3916 7320 2560
8246 2 2 10 1 7468 7810 5315
8247 2 2 10 1 758 764 763
8248 2 2 10 1 3160 7255 3264
8249 2 2 10 1 708 6913 707
8250 2 2 10 1 4573 7321 4543
8251 2 2 10 1 1511 7259 1514
8252 2 2 10 1 6693 8570 6692
8253 2 2 10 1 1387 8014 2768
8254 2 2 10 1 8081 9273 5368
8255 2 2 10 1 1336 1340 1337
8256 2 2 10 1 4209 4364 3838
8257 2 2 10 1 3041 7529 5738
8258 2 2 10 1 820 821 813
8259 2 2 10 1 4419 9471 9384
8260 2 2 10 1 3140 7486 3019
8261 2 2 10 1 1001 1011 1002
8262 2 2 10 1 4956 8659 6923
8263 2 2 10 1 6731 6733 4131
8264 2 2 10 1 3424 7408 2894
8265 2 2 10 1 3600 7266 3603
8266 2 2 10 1 1683 7662 2675
8267 2 2 10 1 3289 7275 3333
8268 2 2 10 1 2388 2389 2072
8269 2 2 10 1 6833 6835 6834
8270 2 2 10 1 3196 7276 3771
8271 2 2 10 1 2228 7278 2247
8272 2 2 10 1 1019 1048 1047
8273 2 2 10 1 4575 7167 6247
8274 2 2 10 1 3062 7277 3098
8275 2 2 10 1 6868 6869 3680
8276 2 2 10 1 6925 6926 1898
8277 2 2 10 1 1267 8036 3597
8278 2 2 10 1 568 2574 566
8279 2 2 10 1 3184 7432 4719
8280 2 2 10 1 4145 7402 2552
8281 2 2 10 1 716 7303 718
8282 2 2 10 1 6066 8737 7272
8283 2 2 10 1 5564 7855 5566
8284 2 2 10 1 996 1006 991
8285 2 2 10 1 3723 7421 3721
8286 2 2 10 1 1612 7425 1610
8287 2 2 10 1 2552 7402 2550
8288 2 2 10 1 1671 7433 1673
8289 2 2 10 1 7867 7970 3957
8290 2 2 10 1 3917 7429 2896
8291 2 2 10 1 1861 8036 1791
8292 2 2 10 1 832 7434 843
8293 2 2 10 1 7474 7818 5399
8294 2 2 10 1 857 918 896
8295 2 2 10 1 3127 7288 7203
8296 2 2 10 1 763 7501 761
8297 2 2 10 1 3943 7697 5102
8298 2 2 10 1 6434 8957 6436
8299 2 2 10 1 7110 7786 1864
8300 2 2 10 1 2037 7319 2120
8301 2 2 10 1 4658 7456 7240
8302 2 2 10 1 1107 7291 1110
8303 2 2 10 1 2832 2833 2390
8304 2 2 10 1 2008 7299 2011
8305 2 2 10 1 5040 7862 5026
8306 2 2 10 1 4487 6916 4488
8307 2 2 10 1 3189 7482 3249
8308 2 2 10 1 7475 7816 5792
8309 2 2 10 1 1192 7483 1195
8310 2 2 10 1 2725 7301 7196
8311 2 2 10 1 1036 7302 1039
8312 2 2 10 1 1997 7306 7195
8313 2 2 10 1 2540 7489 2404
8314 2 2 10 1 801 803 802
8315 2 2 10 1 3105 7487 2775
8316 2 2 10 1 4010 7866 6020
8317 2 2 10 1 2061 7312 2069
8318 2 2 10 1 2831 7190 5326
8319 2 2 10 1 2315 7313 7200
8320 2 2 10 1 7477 7817 5317
8321 2 2 10 1 3565 7314 3569
8322 2 2 10 1 897 907 899
8323 2 2 10 1 1386 1399 1387
8324 2 2 10 1 1322 1323 1321
8325 2 2 10 1 5487 7454 5355
8326 2 2 10 1 1573 7316 1569
8327 2 2 10 1 3678 7318 3403
8328 2 2 10 1 453 9662 8571
8329 2 2 10 1 1607 7496 1605
8330 2 2 10 1 2254 6900 2255
8331 2 2 10 1 4280 7236 5657
8332 2 2 10 1 834 966 826
8333 2 2 10 1 6590 7353 6594
8334 2 2 10 1 3161 7344 3372
8335 2 2 10 1 5073 7320 3916
8336 2 2 10 1 4686 7921 7493
8337 2 2 10 1 1132 6897 1133
8338 2 2 10 1 2018 6901 2019
8339 2 2 10 1 2862 7500 2672
8340 2 2 10 1 935 946 934
8341 2 2 10 1 6430 7321 4573
8342 2 2 10 1 748 752 747
8343 2 2 10 1 1483 7347 1503
8344 2 2 10 1 3889 6923 4090
8345 2 2 10 1 3280 7963 5476
8346 2 2 10 1 1340 1475 1344
8347 2 2 10 1 3655 8165 7352
8348 2 2 10 1 4374 6485 5173
8349 2 2 10 1 1048 7201 2849
8350 2 2 10 1 4253 7237 6409
8351 2 2 10 1 1904 6896 1905
8352 2 2 10 1 3699 7395 7394
8353 2 2 10 1 6915 9248 204
8354 2 2 10 1 1365 7488 1366
8355 2 2 10 1 4156 7239 6410
8356 2 2 10 1 8269 8270 1346
8357 2 2 10 1 3044 7464 5238
8358 2 2 10 1 2262 7238 3000
8359 2 2 10 1 3379 6823 6820
8360 2 2 10 1 902 7492 901
8361 2 2 10 1 7018 7464 2678
8362 2 2 10 1 965 7229 4615
8363 2 2 10 1 1860 7240 1872
8364 2 2 10 1 2239 6908 2238
8365 2 2 10 1 3012 7359 3285
8366 2 2 10 1 1508 6954 1509
8367 2 2 10 1 3454 6902 3857
8368 2 2 10 1 8432 8486 5323
8369 2 2 10 1 1592 7244 1602
8370 2 2 10 1 6153 8023 3422
8371 2 2 10 1 5280 8037 7695
8372 2 2 10 1 952 953 939
8373 2 2 10 1 3040 3078 2537
8374 2 2 10 1 690 7104 689
8375 2 2 10 1 4397 6910 4211
8376 2 2 10 1 3376 7452 3083
8377 2 2 10 1 4142 4213 3810
8378 2 2 10 1 7124 7458 7123
8379 2 2 10 1 2390 7198 2388
8380 2 2 10 1 4451 7324 4448
8381 2 2 10 1 1123 7755 1122
8382 2 2 10 1 4933 6506 4284
8383 2 2 10 1 1361 1365 1362
8384 2 2 10 1 871 901 870
8385 2 2 10 1 2962 7730 563
8386 2 2 10 1 458 9194 6055
8387 2 2 10 1 4188 7241 4424
8388 2 2 10 1 7571 9381 542
8389 2 2 10 1 6339 8181 300
8390 2 2 10 1 3691 7247 4833
8391 2 2 10 1 6925 7354 6927
8392 2 2 10 1 3619 7232 7231
8393 2 2 10 1 733 736 732
8394 2 2 10 1 4531 7271 4842
8395 2 2 10 1 956 7702 945
8396 2 2 10 1 1753 1900 1837
8397 2 2 10 1 904 7154 4589
8398 2 2 10 1 7252 8129 3069
8399 2 2 10 1 1399 1411 1410
8400 2 2 10 1 8256 9514 5687
8401 2 2 10 1 3383 7495 3382
8402 2 2 10 1 7215 8358 7213
8403 2 2 10 1 1824 1825 1767
8404 2 2 10 1 6945 8187 4620
8405 2 2 10 1 1495 7493 1494
8406 2 2 10 1 3070 7252 3069
8407 2 2 10 1 7064 7066 7065
8408 2 2 10 1 962 963 946
8409 2 2 10 1 803 7394 7315
8410 2 2 10 1 3877 7265 3878
8411 2 2 10 1 3638 7498 3637
8412 2 2 10 1 4900 7349 5327
8413 2 2 10 1 1755 7711 1119
8414 2 2 10 1 6503 6504 4933
8415 2 2 10 1 6938 7363 6919
8416 2 2 10 1 7272 8199 7271
8417 2 2 10 1 6950 7221 6952
8418 2 2 10 1 5033 5034 4591
8419 2 2 10 1 5490 6916 4487
8420 2 2 10 1 9614 9622 7556
8421 2 2 10 1 6091 6130 4654
8422 2 2 10 1 5269 6335 4260
8423 2 2 10 1 7360 7361 4974
8424 2 2 10 1 5009 6333 3841
8425 2 2 10 1 5285 6381 4619
8426 2 2 10 1 5426 6275 4052
8427 2 2 10 1 6471 7345 4750
8428 2 2 10 1 3285 4651 2847
8429 2 2 10 1 1072 7716 2500
8430 2 2 10 1 1615 7715 1617
8431 2 2 10 1 4943 6273 4595
8432 2 2 10 1 793 7256 2799
8433 2 2 10 1 935 7229 947
8434 2 2 10 1 2301 7116 4551
8435 2 2 10 1 2731 7698 6956
8436 2 2 10 1 1925 7717 2132
8437 2 2 10 1 2212 7719 2897
8438 2 2 10 1 907 4723 927
8439 2 2 10 1 3835 3836 3182
8440 2 2 10 1 2602 7720 2229
8441 2 2 10 1 5067 5195 3949
8442 2 2 10 1 840 846 841
8443 2 2 10 1 3056 7435 3729
8444 2 2 10 1 1489 7722 2879
8445 2 2 10 1 3179 3180 2853
8446 2 2 10 1 2850 6900 2254
8447 2 2 10 1 792 793 791
8448 2 2 10 1 5240 5241 3589
8449 2 2 10 1 2115 7723 2118
8450 2 2 10 1 3581 5182 3576
8451 2 2 10 1 6869 7793 2080
8452 2 2 10 1 2851 6901 2018
8453 2 2 10 1 4532 5815 5126
8454 2 2 10 1 4389 6897 1132
8455 2 2 10 1 5515 6387 4638
8456 2 2 10 1 1922 7438 3834
8457 2 2 10 1 2523 2524 2305
8458 2 2 10 1 2303 7116 2301
8459 2 2 10 1 7172 7175 7174
8460 2 2 10 1 1597 7118 2490
8461 2 2 10 1 4489 5608 3953
8462 2 2 10 1 6183 6439 5242
8463 2 2 10 1 2301 4551 2151
8464 2 2 10 1 4236 4237 3594
8465 2 2 10 1 8374 8438 4868
8466 2 2 10 1 5463 5464 4094
8467 2 2 10 1 4470 4974 4472
8468 2 2 10 1 2754 4048 2752
8469 2 2 10 1 4956 6923 3889
8470 2 2 10 1 3574 6896 1904
8471 2 2 10 1 3592 5237 3590
8472 2 2 10 1 3121 5186 3794
8473 2 2 10 1 2759 2762 2756
8474 2 2 10 1 6605 7086 6603
8475 2 2 10 1 5420 5716 4025
8476 2 2 10 1 2398 2709 2708
8477 2 2 10 1 3163 7444 4837
8478 2 2 10 1 4531 4842 4530
8479 2 2 10 1 4031 6356 5115
8480 2 2 10 1 1426 1427 1424
8481 2 2 10 1 887 888 885
8482 2 2 10 1 3107 3313 2670
8483 2 2 10 1 2570 3337 2568
8484 2 2 10 1 3028 3694 3692
8485 2 2 10 1 5104 6390 4639
8486 2 2 10 1 3108 3316 2533
8487 2 2 10 1 1422 2866 1420
8488 2 2 10 1 4253 6409 5524
8489 2 2 10 1 2213 3340 2149
8490 2 2 10 1 2147 3370 2145
8491 2 2 10 1 2481 3103 2331
8492 2 2 10 1 1866 1870 1868
8493 2 2 10 1 3573 4641 4640
8494 2 2 10 1 557 7446 4790
8495 2 2 10 1 2326 2818 2323
8496 2 2 10 1 1608 1609 1601
8497 2 2 10 1 4506 5978 4504
8498 2 2 10 1 1599 7118 1597
8499 2 2 10 1 1134 1135 1112
8500 2 2 10 1 1597 2490 1595
8501 2 2 10 1 4280 5657 5656
8502 2 2 10 1 1329 1367 1325
8503 2 2 10 1 2530 3162 3161
8504 2 2 10 1 3544 4945 3546
8505 2 2 10 1 3757 7445 4823
8506 2 2 10 1 1104 1105 1075
8507 2 2 10 1 1356 2221 1350
8508 2 2 10 1 1084 4707 1061
8509 2 2 10 1 1503 1516 1478
8510 2 2 10 1 3792 3793 3015
8511 2 2 10 1 693 1266 697
8512 2 2 10 1 1471 1484 1483
8513 2 2 10 1 833 2318 823
8514 2 2 10 1 1465 3696 1448
8515 2 2 10 1 6717 6885 6715
8516 2 2 10 1 4156 6410 5433
8517 2 2 10 1 844 845 837
8518 2 2 10 1 1101 1136 1129
8519 2 2 10 1 2349 2716 2715
8520 2 2 10 1 711 2559 715
8521 2 2 10 1 4471 6765 5545
8522 2 2 10 1 2350 2710 2081
8523 2 2 10 1 4074 4645 3351
8524 2 2 10 1 7182 7183 7180
8525 2 2 10 1 3549 6281 3551
8526 2 2 10 1 713 714 710
8527 2 2 10 1 1900 2163 2162
8528 2 2 10 1 797 854 795
8529 2 2 10 1 1439 2865 1457
8530 2 2 10 1 4107 4465 3547
8531 2 2 10 1 3553 4519 3555
8532 2 2 10 1 4505 4508 4507
8533 2 2 10 1 4191 5818 4189
8534 2 2 10 1 1598 1623 1600
8535 2 2 10 1 1603 3164 1644
8536 2 2 10 1 766 1838 771
8537 2 2 10 1 6282 7199 4582
8538 2 2 10 1 4111 4544 3534
8539 2 2 10 1 1050 2864 1074
8540 2 2 10 1 3106 3789 3788
8541 2 2 10 1 992 2161 957
8542 2 2 10 1 4468 7362 7360
8543 2 2 10 1 2238 6908 2820
8544 2 2 10 1 1380 3487 1369
8545 2 2 10 1 839 1829 848
8546 2 2 10 1 2571 2669 2668
8547 2 2 10 1 1273 6742 6741
8548 2 2 10 1 5011 6348 6347
8549 2 2 10 1 694 695 692
8550 2 2 10 1 767 770 765
8551 2 2 10 1 2482 3245 2569
8552 2 2 10 1 2262 3000 2491
8553 2 2 10 1 3545 5209 3543
8554 2 2 10 1 3892 5688 5144
8555 2 2 10 1 2324 2729 2424
8556 2 2 10 1 1425 1562 1428
8557 2 2 10 1 4250 6902 3454
8558 2 2 10 1 2143 6954 1508
8559 2 2 10 1 3398 4542 4103
8560 2 2 10 1 3053 3499 2492
8561 2 2 10 1 1860 1872 1862
8562 2 2 10 1 1869 2129 1867
8563 2 2 10 1 1865 2867 1863
8564 2 2 10 1 1347 1352 1351
8565 2 2 10 1 738 3529 740
8566 2 2 10 1 1085 1217 1116
8567 2 2 10 1 886 2152 889
8568 2 2 10 1 2330 4024 2332
8569 2 2 10 1 2750 5256 3591
8570 2 2 10 1 4249 5206 5006
8571 2 2 10 1 6633 6634 3846
8572 2 2 10 1 6490 6494 6488
8573 2 2 10 1 1324 1327 1326
8574 2 2 10 1 3232 3233 3230
8575 2 2 10 1 1419 4600 1421
8576 2 2 10 1 4581 6647 6645
8577 2 2 10 1 3554 3556 3552
8578 2 2 10 1 2304 3965 2408
8579 2 2 10 1 5533 6290 4635
8580 2 2 10 1 4193 5568 5376
8581 2 2 10 1 3550 4598 1657
8582 2 2 10 1 3372 3373 2705
8583 2 2 10 1 2191 4040 1931
8584 2 2 10 1 3611 7975 6525
8585 2 2 10 1 2144 2160 2146
8586 2 2 10 1 5352 5988 4466
8587 2 2 10 1 904 4589 923
8588 2 2 10 1 2148 3102 2150
8589 2 2 10 1 4315 6625 6624
8590 2 2 10 1 2300 4005 2302
8591 2 2 10 1 3392 4023 3987
8592 2 2 10 1 822 829 828
8593 2 2 10 1 4923 6765 4471
8594 2 2 10 1 2275 3081 2601
8595 2 2 10 1 2763 4601 2860
8596 2 2 10 1 4637 4647 3404
8597 2 2 10 1 4634 6389 5532
8598 2 2 10 1 903 4000 898
8599 2 2 10 1 5772 6028 5035
8600 2 2 10 1 4486 4914 3761
8601 2 2 10 1 1826 5196 1751
8602 2 2 10 1 3350 3461 3352
8603 2 2 10 1 1592 1602 1594
8604 2 2 10 1 4471 5545 4469
8605 2 2 10 1 4211 6910 5314
8606 2 2 10 1 7401 8133 4737
8607 2 2 10 1 4069 6599 6598
8608 2 2 10 1 4585 5691 5690
8609 2 2 10 1 917 919 902
8610 2 2 10 1 1616 7453 1614
8611 2 2 10 1 1167 7370 1207
8612 2 2 10 1 5525 6259 4254
8613 2 2 10 1 3300 6591 6590
8614 2 2 10 1 973 991 964
8615 2 2 10 1 965 4615 995
8616 2 2 10 1 739 743 737
8617 2 2 10 1 4636 7222 5029
8618 2 2 10 1 3952 4602 4349
8619 2 2 10 1 2755 2758 2757
8620 2 2 10 1 1366 1378 1375
8621 2 2 10 1 3790 4856 4855
8622 2 2 10 1 2852 2855 2854
8623 2 2 10 1 2751 4789 2753
8624 2 2 10 1 6065 6066 4533
8625 2 2 10 1 2767 4611 4075
8626 2 2 10 1 794 798 796
8627 2 2 10 1 2793 7701 6686
8628 2 2 10 1 3455 4612 4461
8629 2 2 10 1 4890 8510 6678
8630 2 2 10 1 3705 8342 6369
8631 2 2 10 1 954 984 968
8632 2 2 10 1 1641 1753 1752
8633 2 2 10 1 2451 7354 6925
8634 2 2 10 1 2014 5244 5243
8635 2 2 10 1 6601 7161 6598
8636 2 2 10 1 4616 5842 5830
8637 2 2 10 1 2831 5326 3080
8638 2 2 10 1 2418 6237 3023
8639 2 2 10 1 3338 6964 2760
8640 2 2 10 1 5187 5488 5487
8641 2 2 10 1 4363 5530 5529
8642 2 2 10 1 1572 7451 1571
8643 2 2 10 1 6106 6108 6107
8644 2 2 10 1 3575 3578 3577
8645 2 2 10 1 810 816 809
8646 2 2 10 1 5013 7774 4727
8647 2 2 10 1 3988 4072 3393
8648 2 2 10 1 4379 5755 5754
8649 2 2 10 1 3422 6484 2840
8650 2 2 10 1 6459 7242 4590
8651 2 2 10 1 4058 6478 4665
8652 2 2 10 1 4553 6966 1328
8653 2 2 10 1 2745 4607 4606
8654 2 2 10 1 5051 6965 3462
8655 2 2 10 1 5655 6844 4276
8656 2 2 10 1 2415 3583 3012
8657 2 2 10 1 3801 4954 4953
8658 2 2 10 1 3691 4833 4425
8659 2 2 10 1 1571 1579 1573
8660 2 2 10 1 4653 6370 5147
8661 2 2 10 1 3425 6878 4333
8662 2 2 10 1 744 6497 3298
8663 2 2 10 1 1274 8423 8350
8664 2 2 10 1 1048 2849 1062
8665 2 2 10 1 7374 7852 7377
8666 2 2 10 1 6233 6868 3682
8667 2 2 10 1 2451 6925 1927
8668 2 2 10 1 804 8314 802
8669 2 2 10 1 3924 6295 5313
8670 2 2 10 1 706 707 705
8671 2 2 10 1 3778 6476 3119
8672 2 2 10 1 4104 6472 5118
8673 2 2 10 1 4578 6486 3786
8674 2 2 10 1 3994 6657 4550
8675 2 2 10 1 1757 6930 6929
8676 2 2 10 1 6878 9643 9465
8677 2 2 10 1 4844 6467 6195
8678 2 2 10 1 2386 6481 3280
8679 2 2 10 1 1956 7389 7387
8680 2 2 10 1 7530 7531 6842
8681 2 2 10 1 2555 2557 2554
8682 2 2 10 1 6460 7251 3022
8683 2 2 10 1 4941 6850 5839
8684 2 2 10 1 989 6859 2829
8685 2 2 10 1 4594 4597 4596
8686 2 2 10 1 2537 7459 2284
8687 2 2 10 1 5776 6225 5034
8688 2 2 10 1 5951 6316 5953
8689 2 2 10 1 4590 7242 4592
8690 2 2 10 1 1332 1336 1333
8691 2 2 10 1 1579 3364 1640
8692 2 2 10 1 1413 8014 1400
8693 2 2 10 1 7066 7068 7067
8694 2 2 10 1 984 1001 994
8695 2 2 10 1 2816 7355 846
8696 2 2 10 1 3842 6461 4883
8697 2 2 10 1 1754 8093 7438
8698 2 2 10 1 4697 6468 5085
8699 2 2 10 1 4159 4160 3475
8700 2 2 10 1 5426 8408 6275
8701 2 2 10 1 2851 7162 6901
8702 2 2 10 1 3964 5194 5112
8703 2 2 10 1 4487 4488 4218
8704 2 2 10 1 2696 6464 3113
8705 2 2 10 1 7373 7375 7374
8706 2 2 10 1 3470 3471 3269
8707 2 2 10 1 4652 6202 4651
8708 2 2 10 1 2439 6460 3022
8709 2 2 10 1 3159 3160 2892
8710 2 2 10 1 2891 6459 4590
8711 2 2 10 1 2598 7505 2596
8712 2 2 10 1 5819 5820 5496
8713 2 2 10 1 5004 5005 4081
8714 2 2 10 1 2690 2691 2440
8715 2 2 10 1 5438 5439 4439
8716 2 2 10 1 4433 4434 3854
8717 2 2 10 1 4031 7344 6356
8718 2 2 10 1 4513 4514 3836
8719 2 2 10 1 7138 8873 5023
8720 2 2 10 1 865 7511 863
8721 2 2 10 1 2431 2432 2274
8722 2 2 10 1 3659 7512 4185
8723 2 2 10 1 2542 2543 2450
8724 2 2 10 1 3837 6248 3078
8725 2 2 10 1 3044 5238 3814
8726 2 2 10 1 2227 2228 2121
8727 2 2 10 1 3853 3854 3772
8728 2 2 10 1 3195 3196 3099
8729 2 2 10 1 3061 3062 2697
8730 2 2 10 1 3022 7251 3738
8731 2 2 10 1 5726 6047 5464
8732 2 2 10 1 7052 7053 7045
8733 2 2 10 1 4080 4081 3843
8734 2 2 10 1 1320 1322 1321
8735 2 2 10 1 2994 7384 3664
8736 2 2 10 1 3368 3369 3180
8737 2 2 10 1 2449 2450 2281
8738 2 2 10 1 7328 7905 7788
8739 2 2 10 1 2120 2121 2038
8740 2 2 10 1 2082 2139 1941
8741 2 2 10 1 5969 8462 6238
8742 2 2 10 1 6509 6511 6508
8743 2 2 10 1 3781 3782 3334
8744 2 2 10 1 4380 5057 3971
8745 2 2 10 1 3251 3252 3009
8746 2 2 10 1 2631 2632 2413
8747 2 2 10 1 6927 6928 6926
8748 2 2 10 1 2254 2255 2074
8749 2 2 10 1 2412 2413 2265
8750 2 2 10 1 1908 1941 1809
8751 2 2 10 1 2659 2660 2524
8752 2 2 10 1 1257 1261 1141
8753 2 2 10 1 5551 5985 4930
8754 2 2 10 1 2018 2019 2017
8755 2 2 10 1 4029 4030 3419
8756 2 2 10 1 6193 6194 6192
8757 2 2 10 1 2311 2312 2310
8758 2 2 10 1 3139 5030 2762
8759 2 2 10 1 2861 2862 2672
8760 2 2 10 1 3008 3009 2632
8761 2 2 10 1 2140 2265 2139
8762 2 2 10 1 1792 1809 1261
8763 2 2 10 1 1132 1133 1121
8764 2 2 10 1 4217 4218 4216
8765 2 2 10 1 5518 5519 5005
8766 2 2 10 1 4131 4132 3671
8767 2 2 10 1 5058 5963 5057
8768 2 2 10 1 1806 1807 1748
8769 2 2 10 1 2073 2074 1911
8770 2 2 10 1 3967 3971 3369
8771 2 2 10 1 3670 3671 3669
8772 2 2 10 1 4231 7340 4142
8773 2 2 10 1 1106 1107 1088
8774 2 2 10 1 3668 3669 3667
8775 2 2 10 1 5491 5492 5312
8776 2 2 10 1 1068 1069 1053
8777 2 2 10 1 5844 5845 5731
8778 2 2 10 1 1904 1905 1807
8779 2 2 10 1 5557 6110 4514
8780 2 2 10 1 1087 1088 1081
8781 2 2 10 1 5372 5373 4992
8782 2 2 10 1 6635 6637 6634
8783 2 2 10 1 2016 2017 2012
8784 2 2 10 1 4581 7347 6647
8785 2 2 10 1 3666 3667 3665
8786 2 2 10 1 3640 3641 3638
8787 2 2 10 1 4217 6841 5425
8788 2 2 10 1 2004 2005 2003
8789 2 2 10 1 1080 1081 1069
8790 2 2 10 1 1743 1744 1656
8791 2 2 10 1 1120 1121 1111
8792 2 2 10 1 1994 1995 1991
8793 2 2 10 1 1916 1917 1794
8794 2 2 10 1 1576 1577 1551
8795 2 2 10 1 2007 2008 2005
8796 2 2 10 1 4242 4243 3494
8797 2 2 10 1 2709 3478 3477
8798 2 2 10 1 1020 1021 1010
8799 2 2 10 1 1003 1004 998
8800 2 2 10 1 3516 3517 3175
8801 2 2 10 1 1651 1652 1620
8802 2 2 10 1 3934 4400 3933
8803 2 2 10 1 1052 1053 1040
8804 2 2 10 1 890 891 888
8805 2 2 10 1 4567 7666 6667
8806 2 2 10 1 1987 1988 1986
8807 2 2 10 1 1429 1430 1427
8808 2 2 10 1 1114 1115 1105
8809 2 2 10 1 2722 2723 2721
8810 2 2 10 1 1619 1620 1577
8811 2 2 10 1 1990 1991 1988
8812 2 2 10 1 1870 1873 1871
8813 2 2 10 1 3476 3933 3316
8814 2 2 10 1 3694 4116 4115
8815 2 2 10 1 1009 1010 1004
8816 2 2 10 1 6031 6032 5837
8817 2 2 10 1 3889 4090 3888
8818 2 2 10 1 2720 2721 2719
8819 2 2 10 1 3314 4188 3313
8820 2 2 10 1 4082 4083 3793
8821 2 2 10 1 1872 7111 7110
8822 2 2 10 1 5498 5499 4942
8823 2 2 10 1 1035 1036 1021
8824 2 2 10 1 1679 1680 1678
8825 2 2 10 1 2724 2725 2723
8826 2 2 10 1 4485 5528 4962
8827 2 2 10 1 4624 4625 4623
8828 2 2 10 1 4991 4992 4647
8829 2 2 10 1 2538 7460 2534
8830 2 2 10 1 1606 1607 1605
8831 2 2 10 1 855 859 854
8832 2 2 10 1 3354 3486 3485
8833 2 2 10 1 5786 5787 5084
8834 2 2 10 1 1368 1376 1367
8835 2 2 10 1 922 934 919
8836 2 2 10 1 1996 1997 1995
8837 2 2 10 1 4646 5418 4645
8838 2 2 10 1 3673 7237 4253
8839 2 2 10 1 2718 2719 2642
8840 2 2 10 1 2319 2320 2318
8841 2 2 10 1 1542 1543 1528
8842 2 2 10 1 1266 1790 1267
8843 2 2 10 1 5000 5560 4314
8844 2 2 10 1 849 853 845
8845 2 2 10 1 1642 1643 1609
8846 2 2 10 1 3234 3235 3233
8847 2 2 10 1 1985 1986 1983
8848 2 2 10 1 2222 2298 2221
8849 2 2 10 1 1525 1526 1524
8850 2 2 10 1 3162 3354 3353
8851 2 2 10 1 1136 1223 1222
8852 2 2 10 1 997 998 990
8853 2 2 10 1 772 809 770
8854 2 2 10 1 5722 5723 5721
8855 2 2 10 1 1550 1551 1549
8856 2 2 10 1 2711 3229 2710
8857 2 2 10 1 4467 7362 4468
8858 2 2 10 1 2641 2642 2592
8859 2 2 10 1 2559 3916 2560
8860 2 2 10 1 3922 3923 3373
8861 2 2 10 1 2716 3076 3075
8862 2 2 10 1 2997 2998 2161
8863 2 2 10 1 716 717 714
8864 2 2 10 1 2517 3347 2516
8865 2 2 10 1 1130 1131 1115
8866 2 2 10 1 3488 4501 3487
8867 2 2 10 1 1936 2076 1935
8868 2 2 10 1 1772 1827 1771
8869 2 2 10 1 2126 2127 2078
8870 2 2 10 1 1527 1528 1518
8871 2 2 10 1 3852 4269 4268
8872 2 2 10 1 2077 2078 2076
8873 2 2 10 1 1761 1762 1760
8874 2 2 10 1 3164 5477 4381
8875 2 2 10 1 1270 1271 1135
8876 2 2 10 1 744 747 743
8877 2 2 10 1 5989 6433 5988
8878 2 2 10 1 1828 1935 1827
8879 2 2 10 1 3478 7239 4156
8880 2 2 10 1 1763 1771 1762
8881 2 2 10 1 3174 3175 2660
8882 2 2 10 1 1517 1518 1515
8883 2 2 10 1 5412 6301 5411
8884 2 2 10 1 1484 1507 1506
8885 2 2 10 1 5151 5152 4544
8886 2 2 10 1 1531 1532 1516
8887 2 2 10 1 1473 1474 1467
8888 2 2 10 1 1766 1767 1251
8889 2 2 10 1 3557 3558 3556
8890 2 2 10 1 2391 2534 2253
8891 2 2 10 1 1001 4662 1011
8892 2 2 10 1 1431 1432 1430
8893 2 2 10 1 6647 7163 6648
8894 2 2 10 1 1838 1840 1839
8895 2 2 10 1 1485 1486 1482
8896 2 2 10 1 892 893 891
8897 2 2 10 1 2060 2061 1877
8898 2 2 10 1 3868 4404 3426
8899 2 2 10 1 960 961 949
8900 2 2 10 1 940 941 937
8901 2 2 10 1 3529 3531 3530
8902 2 2 10 1 925 926 910
8903 2 2 10 1 1436 1437 1434
8904 2 2 10 1 696 698 695
8905 2 2 10 1 905 906 893
8906 2 2 10 1 1446 1447 1441
8907 2 2 10 1 1458 1459 1447
8908 2 2 10 1 1737 1738 1643
8909 2 2 10 1 909 910 906
8910 2 2 10 1 1352 1357 1355
8911 2 2 10 1 1378 1386 1381
8912 2 2 10 1 4116 5559 4464
8913 2 2 10 1 936 937 926
8914 2 2 10 1 1466 1467 1459
8915 2 2 10 1 1829 1831 1830
8916 2 2 10 1 3461 3481 3462
8917 2 2 10 1 4412 5424 5423
8918 2 2 10 1 4277 7236 4280
8919 2 2 10 1 948 949 941
8920 2 2 10 1 1433 1434 1432
8921 2 2 10 1 7123 7499 4655
8922 2 2 10 1 1217 2353 1218
8923 2 2 10 1 1875 2124 1930
8924 2 2 10 1 5444 5770 4914
8925 2 2 10 1 829 840 830
8926 2 2 10 1 5311 5312 4490
8927 2 2 10 1 2881 2882 2343
8928 2 2 10 1 1481 1482 1474
8929 2 2 10 1 969 970 961
8930 2 2 10 1 3081 3483 3112
8931 2 2 10 1 1327 1332 1328
8932 2 2 10 1 1873 1875 1874
8933 2 2 10 1 4508 5137 5136
8934 2 2 10 1 1440 1441 1437
8935 2 2 10 1 5539 5984 4917
8936 2 2 10 1 3236 3237 3235
8937 2 2 10 1 2694 2695 2515
8938 2 2 10 1 4330 5598 4178
8939 2 2 10 1 1377 1384 1376
8940 2 2 10 1 2246 2428 2245
8941 2 2 10 1 798 801 799
8942 2 2 10 1 3496 4467 3497
8943 2 2 10 1 2278 2344 2129
8944 2 2 10 1 1876 1877 1779
8945 2 2 10 1 1504 1505 1495
8946 2 2 10 1 4320 4321 4059
8947 2 2 10 1 869 872 868
8948 2 2 10 1 1817 1818 1271
8949 2 2 10 1 879 880 878
8950 2 2 10 1 875 876 874
8951 2 2 10 1 3240 3431 3239
8952 2 2 10 1 2729 3349 2730
8953 2 2 10 1 3384 3385 3383
8954 2 2 10 1 856 870 853
8955 2 2 10 1 5025 5027 5026
8956 2 2 10 1 1391 1401 1390
8957 2 2 10 1 860 868 859
8958 2 2 10 1 3360 3361 3156
8959 2 2 10 1 1408 1417 1407
8960 2 2 10 1 1790 1859 1791
8961 2 2 10 1 1759 1760 1758
8962 2 2 10 1 4620 4621 3610
8963 2 2 10 1 1250 1251 1131
8964 2 2 10 1 881 882 880
8965 2 2 10 1 4331 4332 3962
8966 2 2 10 1 1508 1509 1486
8967 2 2 10 1 5116 5117 4105
8968 2 2 10 1 4542 4573 4543
8969 2 2 10 1 3452 3453 3451
8970 2 2 10 1 3571 3572 3570
8971 2 2 10 1 1402 1407 1401
8972 2 2 10 1 2321 2325 2320
8973 2 2 10 1 1385 1390 1384
8974 2 2 10 1 2299 2315 2298
8975 2 2 10 1 877 878 876
8976 2 2 10 1 3996 3997 3995
8977 2 2 10 1 4615 6128 5779
8978 2 2 10 1 873 874 872
8979 2 2 10 1 2068 2239 2238
8980 2 2 10 1 5437 5967 5436
8981 2 2 10 1 2152 2154 2153
8982 2 2 10 1 3559 3560 3558
8983 2 2 10 1 1645 1681 1589
8984 2 2 10 1 1928 7238 2262
8985 2 2 10 1 3789 4397 4211
8986 2 2 10 1 5184 5185 4237
8987 2 2 10 1 3397 3399 2998
8988 2 2 10 1 3454 3857 3453
8989 2 2 10 1 2678 7464 2445
8990 2 2 10 1 3238 3239 3237
8991 2 2 10 1 6166 6167 5967
8992 2 2 10 1 1859 7240 1860
8993 2 2 10 1 7278 8013 2247
8994 2 2 10 1 1562 1580 1563
8995 2 2 10 1 3685 3687 3686
8996 2 2 10 1 1538 1539 1532
8997 2 2 10 1 4502 6058 4501
8998 2 2 10 1 1769 1849 1750
8999 2 2 10 1 1530 1541 1540
9000 2 2 10 1 4186 4187 4162
9001 2 2 10 1 2266 2267 2217
9002 2 2 10 1 1492 1493 1491
9003 2 2 10 1 3787 4412 4281
9004 2 2 10 1 2514 2515 2496
9005 2 2 10 1 3683 3685 3684
9006 2 2 10 1 3432 3451 3431
9007 2 2 10 1 2167 2253 2070
9008 2 2 10 1 4264 4336 4335
9009 2 2 10 1 3474 3475 3473
9010 2 2 10 1 1269 1816 1815
9011 2 2 10 1 4401 4490 4400
9012 2 2 10 1 3564 3565 3562
9013 2 2 10 1 3486 4284 4283
9014 2 2 10 1 1507 1530 1529
9015 2 2 10 1 1588 1589 1556
9016 2 2 10 1 3830 4771 4694
9017 2 2 10 1 729 732 728
9018 2 2 10 1 3304 3305 3303
9019 2 2 10 1 725 728 724
9020 2 2 10 1 3268 3269 3267
9021 2 2 10 1 2506 2509 2507
9022 2 2 10 1 3076 3830 3829
9023 2 2 10 1 2086 2245 2084
9024 2 2 10 1 1778 1779 1738
9025 2 2 10 1 718 724 717
9026 2 2 10 1 3531 3533 3532
9027 2 2 10 1 699 700 698
9028 2 2 10 1 1840 1842 1841
9029 2 2 10 1 1856 2084 1849
9030 2 2 10 1 2679 3673 3672
9031 2 2 10 1 1555 1556 1539
9032 2 2 10 1 1919 2068 2067
9033 2 2 10 1 2597 2598 2596
9034 2 2 10 1 3320 3321 1064
9035 2 2 10 1 5771 6101 5770
9036 2 2 10 1 1541 1569 1568
9037 2 2 10 1 1842 1844 1843
9038 2 2 10 1 1848 1880 1879
9039 2 2 10 1 1357 1361 1360
9040 2 2 10 1 1899 1928 1927
9041 2 2 10 1 1844 1846 1845
9042 2 2 10 1 1684 1750 1681
9043 2 2 10 1 1846 1848 1847
9044 2 2 10 1 1463 1464 1462
9045 2 2 10 1 704 705 703
9046 2 2 10 1 3681 3683 3682
9047 2 2 10 1 1831 1833 1832
9048 2 2 10 1 1920 1921 1818
9049 2 2 10 1 982 983 981
9050 2 2 10 1 1223 1269 1268
9051 2 2 10 1 1833 1835 1834
9052 2 2 10 1 2095 2096 2094
9053 2 2 10 1 701 703 700
9054 2 2 10 1 4680 5007 4290
9055 2 2 10 1 1455 1456 1454
9056 2 2 10 1 2640 3166 2344
9057 2 2 10 1 1816 1919 1918
9058 2 2 10 1 4675 4996 4492
9059 2 2 10 1 3649 3998 3785
9060 2 2 10 1 2877 3083 3082
9061 2 2 10 1 3877 3878 3572
9062 2 2 10 1 3155 3156 2695
9063 2 2 10 1 3875 5022 5021
9064 2 2 10 1 5730 5731 5729
9065 2 2 10 1 2969 3698 3297
9066 2 2 10 1 1580 1586 1581
9067 2 2 10 1 2429 2496 2428
9068 2 2 10 1 2684 2685 2683
9069 2 2 10 1 5176 5177 4509
9070 2 2 10 1 3170 3436 3166
9071 2 2 10 1 5584 5918 5585
9072 2 2 10 1 1405 1406 1404
9073 2 2 10 1 2154 2156 2155
9074 2 2 10 1 5083 5084 4698
9075 2 2 10 1 5477 5803 5485
9076 2 2 10 1 2480 3206 3205
9077 2 2 10 1 2758 2761 2760
9078 2 2 10 1 2158 2193 2192
9079 2 2 10 1 1591 7244 1592
9080 2 2 10 1 2156 2158 2157
9081 2 2 10 1 3679 3852 3851
9082 2 2 10 1 2193 2480 2423
9083 2 2 10 1 3264 3265 3263
9084 2 2 10 1 1586 1591 1587
9085 2 2 10 1 3806 3807 3805
9086 2 2 10 1 4338 6252 5205
9087 2 2 10 1 2368 2369 2367
9088 2 2 10 1 3561 3562 3560
9089 2 2 10 1 2088 2242 2241
9090 2 2 10 1 6591 6593 6592
9091 2 2 10 1 2521 2522 2520
9092 2 2 10 1 7091 7092 2258
9093 2 2 10 1 3771 3772 3770
9094 2 2 10 1 2202 2203 2201
9095 2 2 10 1 6546 6547 6545
9096 2 2 10 1 932 933 931
9097 2 2 10 1 6800 6802 6801
9098 2 2 10 1 2353 3875 3874
9099 2 2 10 1 6562 6563 6559
9100 2 2 10 1 2462 2463 2460
9101 2 2 10 1 3441 3908 3768
9102 2 2 10 1 1819 1820 1783
9103 2 2 10 1 1209 1211 1210
9104 2 2 10 1 2792 5080 3526
9105 2 2 10 1 1733 1735 1734
9106 2 2 10 1 4015 4016 4014
9107 2 2 10 1 3104 3105 2775
9108 2 2 10 1 3659 4185 3662
9109 2 2 10 1 4937 5436 4083
9110 2 2 10 1 864 865 863
9111 2 2 10 1 4377 4378 3882
9112 2 2 10 1 4220 4663 4219
9113 2 2 10 1 4736 4738 4737
9114 2 2 10 1 4065 4264 4066
9115 2 2 10 1 4671 4706 4705
9116 2 2 10 1 2699 2701 2700
9117 2 2 10 1 1810 3051 1123
9118 2 2 10 1 6445 6446 6251
9119 2 2 10 1 2891 2892 2890
9120 2 2 10 1 7104 7108 7106
9121 2 2 10 1 1800 1802 1801
9122 2 2 10 1 3120 3403 3402
9123 2 2 10 1 4119 4716 4715
9124 2 2 10 1 1726 1728 1727
9125 2 2 10 1 2347 2348 1854
9126 2 2 10 1 3527 3528 3379
9127 2 2 10 1 5213 5215 5214
9128 2 2 10 1 1373 1374 1371
9129 2 2 10 1 2564 3222 3221
9130 2 2 10 1 2842 3456 2843
9131 2 2 10 1 3483 4065 3484
9132 2 2 10 1 2176 2177 2175
9133 2 2 10 1 2364 2365 2363
9134 2 2 10 1 1247 1249 1248
9135 2 2 10 1 2351 2383 2328
9136 2 2 10 1 3541 3646 3645
9137 2 2 10 1 3098 3099 3090
9138 2 2 10 1 4004 5156 4039
9139 2 2 10 1 3578 3580 3579
9140 2 2 10 1 755 774 773
9141 2 2 10 1 4777 4778 4776
9142 2 2 10 1 4006 4428 3389
9143 2 2 10 1 4073 4530 4072
9144 2 2 10 1 4924 4925 4321
9145 2 2 10 1 1953 7930 7114
9146 2 2 10 1 4198 5211 5210
9147 2 2 10 1 2054 3197 2704
9148 2 2 10 1 2439 2440 2434
9149 2 2 10 1 4151 4152 4150
9150 2 2 10 1 2761 3064 3063
9151 2 2 10 1 3322 3944 3897
9152 2 2 10 1 2607 2608 2606
9153 2 2 10 1 4470 7360 4974
9154 2 2 10 1 3074 3092 3091
9155 2 2 10 1 1308 1310 1309
9156 2 2 10 1 2273 2274 2250
9157 2 2 10 1 3190 3819 2862
9158 2 2 10 1 1668 1687 1686
9159 2 2 10 1 3224 3310 3309
9160 2 2 10 1 4010 5120 3862
9161 2 2 10 1 6683 7695 2783
9162 2 2 10 1 7413 8147 7217
9163 2 2 10 1 4344 4417 4416
9164 2 2 10 1 3963 5349 2787
9165 2 2 10 1 5127 5129 5128
9166 2 2 10 1 3246 3247 3158
9167 2 2 10 1 6360 6362 6361
9168 2 2 10 1 2696 2697 2545
9169 2 2 10 1 2037 2038 2036
9170 2 2 10 1 4438 4439 4436
9171 2 2 10 1 5495 5496 5441
9172 2 2 10 1 4854 6358 6357
9173 2 2 10 1 2247 2248 2236
9174 2 2 10 1 4229 4846 4230
9175 2 2 10 1 3449 3450 3226
9176 2 2 10 1 4358 5454 4359
9177 2 2 10 1 947 7229 965
9178 2 2 10 1 3186 3189 3188
9179 2 2 10 1 1157 1159 1158
9180 2 2 10 1 2855 3055 3054
9181 2 2 10 1 4336 5199 5198
9182 2 2 10 1 4157 7393 3132
9183 2 2 10 1 4455 4456 4454
9184 2 2 10 1 5564 5565 5563
9185 2 2 10 1 1719 1723 1722
9186 2 2 10 1 2416 2417 2312
9187 2 2 10 1 2808 2899 2898
9188 2 2 10 1 2293 2296 2295
9189 2 2 10 1 5589 5590 5588
9190 2 2 10 1 3055 3322 3283
9191 2 2 10 1 4050 7078 5181
9192 2 2 10 1 3580 7247 3691
9193 2 2 10 1 2033 2034 2032
9194 2 2 10 1 2137 2138 1917
9195 2 2 10 1 5131 5290 4332
9196 2 2 10 1 4571 4701 4700
9197 2 2 10 1 853 7415 4044
9198 2 2 10 1 1006 6383 991
9199 2 2 10 1 2306 2307 2138
9200 2 2 10 1 2258 2259 2257
9201 2 2 10 1 2280 2281 2261
9202 2 2 10 1 1910 1911 1907
9203 2 2 10 1 3842 3843 3799
9204 2 2 10 1 1126 1933 1932
9205 2 2 10 1 4224 9041 8965
9206 2 2 10 1 1947 1949 1948
9207 2 2 10 1 2419 2420 2417
9208 2 2 10 1 3333 3334 3291
9209 2 2 10 1 3288 3289 3287
9210 2 2 10 1 4612 5692 4613
9211 2 2 10 1 2028 2029 2025
9212 2 2 10 1 1786 1787 1680
9213 2 2 10 1 4653 7359 6370
9214 2 2 10 1 3298 7449 6747
9215 2 2 10 1 5015 6010 5016
9216 2 2 10 1 4303 4305 4304
9217 2 2 10 1 2022 2023 2021
9218 2 2 10 1 3944 4411 4337
9219 2 2 10 1 1140 1141 1139
9220 2 2 10 1 4355 4999 4354
9221 2 2 10 1 4735 8133 7331
9222 2 2 10 1 1647 1648 1607
9223 2 2 10 1 4856 5135 5134
9224 2 2 10 1 3585 3587 3586
9225 2 2 10 1 1110 1111 1109
9226 2 2 10 1 2011 2012 2010
9227 2 2 10 1 3583 3585 3584
9228 2 2 10 1 7248 7249 6838
9229 2 2 10 1 4121 4995 4994
9230 2 2 10 1 1747 1748 1746
9231 2 2 10 1 4954 6228 5400
9232 2 2 10 1 2525 2526 2476
9233 2 2 10 1 5055 5056 4772
9234 2 2 10 1 5399 5445 5398
9235 2 2 10 1 4325 5758 4552
9236 2 2 10 1 4697 4698 4696
9237 2 2 10 1 1536 1537 1526
9238 2 2 10 1 790 792 791
9239 2 2 10 1 2447 2678 2445
9240 2 2 10 1 1039 1040 1038
9241 2 2 10 1 4334 5503 4686
9242 2 2 10 1 803 7315 812
9243 2 2 10 1 1276 7404 3619
9244 2 2 10 1 2282 2317 2283
9245 2 2 10 1 4628 4631 4627
9246 2 2 10 1 3603 3866 3602
9247 2 2 10 1 4597 6786 4865
9248 2 2 10 1 1655 1656 1654
9249 2 2 10 1 2481 7365 3103
9250 2 2 10 1 5129 5164 5130
9251 2 2 10 1 2883 3002 2882
9252 2 2 10 1 4941 4942 4940
9253 2 2 10 1 4092 7329 4091
9254 2 2 10 1 1422 7364 2866
9255 2 2 10 1 3664 3665 3293
9256 2 2 10 1 2686 2687 2685
9257 2 2 10 1 1557 1558 1537
9258 2 2 10 1 2097 2098 2096
9259 2 2 10 1 989 990 988
9260 2 2 10 1 4977 5828 4976
9261 2 2 10 1 2114 2116 2113
9262 2 2 10 1 2002 2003 2001
9263 2 2 10 1 3907 4046 4045
9264 2 2 10 1 5381 5383 5382
9265 2 2 10 1 3881 3882 3880
9266 2 2 10 1 3458 3459 3305
9267 2 2 10 1 5278 5279 4093
9268 2 2 10 1 2675 7662 3357
9269 2 2 10 1 3887 3888 3886
9270 2 2 10 1 1548 1549 1547
9271 2 2 10 1 4483 4485 4484
9272 2 2 10 1 4017 4018 4016
9273 2 2 10 1 3599 3600 3519
9274 2 2 10 1 2865 7367 1457
9275 2 2 10 1 2688 2689 2687
9276 2 2 10 1 2442 7382 2131
9277 2 2 10 1 1982 1983 1981
9278 2 2 10 1 4844 4845 4460
9279 2 2 10 1 1599 7369 7118
9280 2 2 10 1 4021 4022 4020
9281 2 2 10 1 2643 2644 2598
9282 2 2 10 1 5566 5567 5565
9283 2 2 10 1 2509 2511 2510
9284 2 2 10 1 4011 4012 3528
9285 2 2 10 1 3809 3810 3201
9286 2 2 10 1 4038 4314 4037
9287 2 2 10 1 2513 2655 2654
9288 2 2 10 1 6191 6192 6190
9289 2 2 10 1 2069 2070 2063
9290 2 2 10 1 2204 2205 2203
9291 2 2 10 1 3200 3201 3002
9292 2 2 10 1 974 975 972
9293 2 2 10 1 6407 6408 6406
9294 2 2 10 1 1956 1957 1955
9295 2 2 10 1 6270 6271 5177
9296 2 2 10 1 4402 4403 4233
9297 2 2 10 1 1479 1480 1470
9298 2 2 10 1 5643 6039 4812
9299 2 2 10 1 2103 2104 2102
9300 2 2 10 1 915 8011 4563
9301 2 2 10 1 5833 5977 5832
9302 2 2 10 1 2101 2102 2100
9303 2 2 10 1 2410 7224 2091
9304 2 2 10 1 5614 5646 5613
9305 2 2 10 1 2591 2592 2590
9306 2 2 10 1 4688 4690 4689
9307 2 2 10 1 4626 4627 4625
9308 2 2 10 1 2386 2516 2385
9309 2 2 10 1 5925 5927 5926
9310 2 2 10 1 4266 4267 3807
9311 2 2 10 1 1469 1470 1464
9312 2 2 10 1 1487 1488 1480
9313 2 2 10 1 2497 2498 2267
9314 2 2 10 1 2680 2681 2498
9315 2 2 10 1 5649 5658 5648
9316 2 2 10 1 3380 3381 2689
9317 2 2 10 1 5166 5168 5167
9318 2 2 10 1 2208 2209 2207
9319 2 2 10 1 4104 4105 3401
9320 2 2 10 1 1514 1515 1513
9321 2 2 10 1 4112 5074 1685
9322 2 2 10 1 2112 2113 2111
9323 2 2 10 1 1795 1796 1221
9324 2 2 10 1 6550 6551 6547
9325 2 2 10 1 1978 1979 1977
9326 2 2 10 1 3045 3046 2644
9327 2 2 10 1 2370 2371 2369
9328 2 2 10 1 2090 2091 1796
9329 2 2 10 1 944 945 933
9330 2 2 10 1 5591 5592 5590
9331 2 2 10 1 2539 2540 2404
9332 2 2 10 1 1013 1014 1000
9333 2 2 10 1 5805 6002 4996
9334 2 2 10 1 4271 4273 4272
9335 2 2 10 1 2475 2476 2314
9336 2 2 10 1 1757 1758 1575
9337 2 2 10 1 3406 4178 3405
9338 2 2 10 1 1026 1027 1014
9339 2 2 10 1 3994 3995 3993
9340 2 2 10 1 999 1000 983
9341 2 2 10 1 2650 2651 2540
9342 2 2 10 1 4828 7227 4827
9343 2 2 10 1 3714 3715 3105
9344 2 2 10 1 4978 5781 5780
9345 2 2 10 1 2608 7708 2606
9346 2 2 10 1 5661 5662 5660
9347 2 2 10 1 4444 4446 4445
9348 2 2 10 1 1802 1805 1804
9349 2 2 10 1 4034 4035 4033
9350 2 2 10 1 4824 4825 4267
9351 2 2 10 1 5603 5611 5602
9352 2 2 10 1 3698 4579 4134
9353 2 2 10 1 2198 2199 2058
9354 2 2 10 1 1230 7467 1228
9355 2 2 10 1 3276 3277 2649
9356 2 2 10 1 4716 6300 5068
9357 2 2 10 1 1049 8990 6890
9358 2 2 10 1 2099 2100 2098
9359 2 2 10 1 5836 5837 5835
9360 2 2 10 1 3490 3787 3786
9361 2 2 10 1 2402 2404 2165
9362 2 2 10 1 2057 2058 1820
9363 2 2 10 1 3274 3681 3680
9364 2 2 10 1 3425 3426 3363
9365 2 2 10 1 4185 5540 4527
9366 2 2 10 1 2164 2165 1913
9367 2 2 10 1 2625 2626 2624
9368 2 2 10 1 5336 6113 5160
9369 2 2 10 1 2210 2211 2209
9370 2 2 10 1 1449 1450 1443
9371 2 2 10 1 4701 4703 4702
9372 2 2 10 1 2375 2376 2373
9373 2 2 10 1 5223 5225 5224
9374 2 2 10 1 1415 1416 1406
9375 2 2 10 1 2615 2616 2614
9376 2 2 10 1 4457 4458 4456
9377 2 2 10 1 2511 2513 2512
9378 2 2 10 1 4664 5544 4663
9379 2 2 10 1 2372 2373 2371
9380 2 2 10 1 3569 3570 3568
9381 2 2 10 1 4826 4827 4825
9382 2 2 10 1 2629 2630 2628
9383 2 2 10 1 5227 5229 5228
9384 2 2 10 1 2110 2111 2109
9385 2 2 10 1 3118 3120 3119
9386 2 2 10 1 2384 2565 2383
9387 2 2 10 1 1442 1443 1416
9388 2 2 10 1 1897 1899 1898
9389 2 2 10 1 955 956 945
9390 2 2 10 1 2178 2179 2177
9391 2 2 10 1 2611 2612 2610
9392 2 2 10 1 1382 1383 1374
9393 2 2 10 1 3677 3679 3678
9394 2 2 10 1 6802 6805 6804
9395 2 2 10 1 1243 2546 1242
9396 2 2 10 1 4275 4277 4276
9397 2 2 10 1 4153 4154 4152
9398 2 2 10 1 5002 5032 4225
9399 2 2 10 1 3072 3074 3073
9400 2 2 10 1 3102 7377 2150
9401 2 2 10 1 2701 3148 3147
9402 2 2 10 1 3310 3937 3936
9403 2 2 10 1 2206 2207 2205
9404 2 2 10 1 4214 4408 4407
9405 2 2 10 1 2609 2610 2608
9406 2 2 10 1 4058 4059 4057
9407 2 2 10 1 2619 2620 2618
9408 2 2 10 1 866 867 865
9409 2 2 10 1 1735 1742 1741
9410 2 2 10 1 3981 3982 3051
9411 2 2 10 1 1388 1389 1383
9412 2 2 10 1 976 977 956
9413 2 2 10 1 4520 4521 4154
9414 2 2 10 1 1742 1798 1797
9415 2 2 10 1 668 2877 2876
9416 2 2 10 1 911 912 895
9417 2 2 10 1 5164 5166 5165
9418 2 2 10 1 5231 5233 5232
9419 2 2 10 1 2655 3883 3101
9420 2 2 10 1 5267 8313 8190
9421 2 2 10 1 4779 6017 4778
9422 2 2 10 1 2645 2646 2346
9423 2 2 10 1 3937 4421 4420
9424 2 2 10 1 5737 7921 4686
9425 2 2 10 1 2621 2622 2620
9426 2 2 10 1 2356 2357 2348
9427 2 2 10 1 2180 2181 2179
9428 2 2 10 1 4282 5652 4677
9429 2 2 10 1 3197 3978 3968
9430 2 2 10 1 2466 2467 2465
9431 2 2 10 1 4019 4020 4018
9432 2 2 10 1 2360 2361 2359
9433 2 2 10 1 2358 2359 2357
9434 2 2 10 1 4498 5584 4499
9435 2 2 10 1 642 6443 811
9436 2 2 10 1 1220 1221 1219
9437 2 2 10 1 1393 1394 1389
9438 2 2 10 1 1211 1216 1215
9439 2 2 10 1 3125 3496 3127
9440 2 2 10 1 2160 7372 2146
9441 2 2 10 1 5219 5221 5220
9442 2 2 10 1 894 895 867
9443 2 2 10 1 4500 5974 4428
9444 2 2 10 1 2345 2346 2183
9445 2 2 10 1 5156 6262 6131
9446 2 2 10 1 3255 3495 3387
9447 2 2 10 1 1216 1245 1244
9448 2 2 10 1 3646 3648 3647
9449 2 2 10 1 774 776 775
9450 2 2 10 1 1310 1312 1311
9451 2 2 10 1 5593 5600 5592
9452 2 2 10 1 1728 1731 1730
9453 2 2 10 1 5902 6471 4750
9454 2 2 10 1 2182 2183 2181
9455 2 2 10 1 3869 3870 3448
9456 2 2 10 1 616 4708 929
9457 2 2 10 1 5601 5602 5600
9458 2 2 10 1 1159 1161 1160
9459 2 2 10 1 6362 6364 6363
9460 2 2 10 1 1195 1197 1196
9461 2 2 10 1 4288 4966 2630
9462 2 2 10 1 4417 4952 4951
9463 2 2 10 1 2623 2624 2622
9464 2 2 10 1 2275 7377 3081
9465 2 2 10 1 2905 2907 2906
9466 2 2 10 1 4421 5794 5793
9467 2 2 10 1 1188 1190 1189
9468 2 2 10 1 1312 1314 1313
9469 2 2 10 1 2915 2917 2916
9470 2 2 10 1 782 784 783
9471 2 2 10 1 2296 2495 2494
9472 2 2 10 1 1190 1192 1191
9473 2 2 10 1 780 782 781
9474 2 2 10 1 2468 2469 2467
9475 2 2 10 1 2899 2901 2900
9476 2 2 10 1 4206 5354 5353
9477 2 2 10 1 2919 2921 2920
9478 2 2 10 1 4043 4736 4735
9479 2 2 10 1 4749 4750 2317
9480 2 2 10 1 684 7379 686
9481 2 2 10 1 1912 1913 1774
9482 2 2 10 1 4479 4480 4022
9483 2 2 10 1 4754 4919 4753
9484 2 2 10 1 1314 1316 1315
9485 2 2 10 1 784 786 785
9486 2 2 10 1 1687 1689 1688
9487 2 2 10 1 2613 2614 2612
9488 2 2 10 1 2909 2911 2910
9489 2 2 10 1 2561 2562 2469
9490 2 2 10 1 1197 1200 1199
9491 2 2 10 1 776 778 777
9492 2 2 10 1 786 788 787
9493 2 2 10 1 1316 1318 1317
9494 2 2 10 1 1697 1699 1698
9495 2 2 10 1 2839 2842 2840
9496 2 2 10 1 1165 1167 1166
9497 2 2 10 1 778 780 779
9498 2 2 10 1 788 790 789
9499 2 2 10 1 5217 5219 5218
9500 2 2 10 1 1691 1693 1692
9501 2 2 10 1 2925 2927 2926
9502 2 2 10 1 1318 1320 1319
9503 2 2 10 1 5215 5217 5216
9504 2 2 10 1 2617 2618 2616
9505 2 2 10 1 1714 1716 1715
9506 2 2 10 1 1175 1177 1176
9507 2 2 10 1 5027 5041 5040
9508 2 2 10 1 1703 1705 1704
9509 2 2 10 1 2901 2903 2902
9510 2 2 10 1 2627 2628 2626
9511 2 2 10 1 2464 2465 2463
9512 2 2 10 1 1171 1173 1172
9513 2 2 10 1 8286 8439 3171
9514 2 2 10 1 1707 1709 1708
9515 2 2 10 1 5631 5633 5632
9516 2 2 10 1 1949 1951 1950
9517 2 2 10 1 1709 1712 1711
9518 2 2 10 1 4223 4225 3508
9519 2 2 10 1 1192 1195 1194
9520 2 2 10 1 1169 1171 1170
9521 2 2 10 1 4585 7371 5691
9522 2 2 10 1 1177 1179 1178
9523 2 2 10 1 1240 1242 1239
9524 2 2 10 1 2923 2925 2924
9525 2 2 10 1 675 679 677
9526 2 2 10 1 2135 7190 2831
9527 2 2 10 1 1701 1703 1702
9528 2 2 10 1 3648 4265 3903
9529 2 2 10 1 3439 4239 4238
9530 2 2 10 1 2911 2913 2912
9531 2 2 10 1 5629 5631 5630
9532 2 2 10 1 5233 5235 5234
9533 2 2 10 1 1185 1188 1187
9534 2 2 10 1 5612 5613 5611
9535 2 2 10 1 1693 1695 1694
9536 2 2 10 1 1163 1165 1164
9537 2 2 10 1 1161 1163 1162
9538 2 2 10 1 3249 3506 3505
9539 2 2 10 1 3429 5254 4097
9540 2 2 10 1 4305 4307 4306
9541 2 2 10 1 4512 5789 5019
9542 2 2 10 1 1695 1697 1696
9543 2 2 10 1 1933 1945 1944
9544 2 2 10 1 4291 4874 4873
9545 2 2 10 1 673 675 674
9546 2 2 10 1 5383 5385 5384
9547 2 2 10 1 2913 2915 2914
9548 2 2 10 1 4846 5163 5162
9549 2 2 10 1 6896 7348 7295
9550 2 2 10 1 1179 7680 1180
9551 2 2 10 1 1699 1701 1700
9552 2 2 10 1 1689 1691 1690
9553 2 2 10 1 1951 2066 2065
9554 2 2 10 1 1167 1169 1168
9555 2 2 10 1 1712 1714 1713
9556 2 2 10 1 2921 2923 2922
9557 2 2 10 1 1173 1175 1174
9558 2 2 10 1 5163 6186 6185
9559 2 2 10 1 1705 1707 1706
9560 2 2 10 1 2903 2905 2904
9561 2 2 10 1 4703 5704 4704
9562 2 2 10 1 1812 2075 2048
9563 2 2 10 1 1630 7473 1632
9564 2 2 10 1 3905 4912 4889
9565 2 2 10 1 5221 5223 5222
9566 2 2 10 1 2075 2276 2268
9567 2 2 10 1 5782 6159 5783
9568 2 2 10 1 4789 7378 2753
9569 2 2 10 1 2392 3207 2414
9570 2 2 10 1 3134 3136 3135
9571 2 2 10 1 2917 2919 2918
9572 2 2 10 1 3136 3138 3137
9573 2 2 10 1 3068 3070 3069
9574 2 2 10 1 5877 5878 4968
9575 2 2 10 1 3138 3213 3212
9576 2 2 10 1 5647 5648 5646
9577 2 2 10 1 2066 2289 2288
9578 2 2 10 1 1183 1185 1184
9579 2 2 10 1 5923 6040 3450
9580 2 2 10 1 2907 2909 2908
9581 2 2 10 1 4477 4478 4458
9582 2 2 10 1 559 7476 561
9583 2 2 10 1 5659 5660 5658
9584 2 2 10 1 4904 4907 4905
9585 2 2 10 1 3132 3134 3133
9586 2 2 10 1 4773 5306 4376
9587 2 2 10 1 3447 3448 3319
9588 2 2 10 1 4907 4921 4908
9589 2 2 10 1 5225 5227 5226
9590 2 2 10 1 4817 5404 5402
9591 2 2 10 1 3189 3249 3248
9592 2 2 10 1 4902 4904 4903
9593 2 2 10 1 4719 4759 4720
9594 2 2 10 1 686 7379 6466
9595 2 2 10 1 2474 7412 1689
9596 2 2 10 1 4041 5458 4462
9597 2 2 10 1 5229 5231 5230
9598 2 2 10 1 3141 3871 3140
9599 2 2 10 1 3150 3439 3437
9600 2 2 10 1 5627 5629 5628
9601 2 2 10 1 4181 4946 4182
9602 2 2 10 1 4512 7426 5790
9603 2 2 10 1 1780 1812 1811
9604 2 2 10 1 3729 4811 4168
9605 2 2 10 1 5102 5672 5670
9606 2 2 10 1 1142 8011 930
9607 2 2 10 1 4814 5391 4936
9608 2 2 10 1 5110 5504 5111
9609 2 2 10 1 1323 7358 1321
9610 2 2 10 1 4307 5095 5094
9611 2 2 10 1 7325 8317 7168
9612 2 2 10 1 7368 8074 7367
9613 2 2 10 1 3834 4997 3850
9614 2 2 10 1 6367 8493 3077
9615 2 2 10 1 4815 4817 4816
9616 2 2 10 1 4900 4902 4901
9617 2 2 10 1 2837 7381 1336
9618 2 2 10 1 1180 7680 1183
9619 2 2 10 1 5037 7966 7854
9620 2 2 10 1 3430 7246 2522
9621 2 2 10 1 5385 5387 5386
9622 2 2 10 1 2554 4145 2552
9623 2 2 10 1 3150 7439 5077
9624 2 2 10 1 2292 8030 2470
9625 2 2 10 1 3719 4041 3826
9626 2 2 10 1 3031 3815 3395
9627 2 2 10 1 2743 8284 7147
9628 2 2 10 1 6204 7246 3430
9629 2 2 10 1 3130 3132 3131
9630 2 2 10 1 671 673 672
9631 2 2 10 1 752 2800 747
9632 2 2 10 1 1057 6526 1023
9633 2 2 10 1 3180 7162 2853
9634 2 2 10 1 1926 7190 2135
9635 2 2 10 1 4891 8425 8409
9636 2 2 10 1 2247 7725 2248
9637 2 2 10 1 4609 7339 4605
9638 2 2 10 1 3326 7382 2442
9639 2 2 10 1 2392 7216 4118
9640 2 2 10 1 4839 8386 6405
9641 2 2 10 1 1742 7167 1799
9642 2 2 10 1 3651 7095 1640
9643 2 2 10 1 687 7231 685
9644 2 2 10 1 962 7193 2815
9645 2 2 10 1 3642 7152 1219
9646 2 2 10 1 3255 7155 4085
9647 2 2 10 1 2585 7763 2591
9648 2 2 10 1 4173 7090 3305
9649 2 2 10 1 2833 7198 2390
9650 2 2 10 1 6956 7738 2185
9651 2 2 10 1 883 7773 7153
9652 2 2 10 1 1019 7201 1048
9653 2 2 10 1 5250 7127 3540
9654 2 2 10 1 2267 7863 2217
9655 2 2 10 1 2784 7145 1773
9656 2 2 10 1 4491 7100 3419
9657 2 2 10 1 2224 7136 2052
9658 2 2 10 1 759 7147 754
9659 2 2 10 1 2685 7864 2683
9660 2 2 10 1 564 3191 562
9661 2 2 10 1 6517 7148 6516
9662 2 2 10 1 2093 7150 1822
9663 2 2 10 1 3630 6947 3628
9664 2 2 10 1 3112 7759 2601
9665 2 2 10 1 5095 8232 6105
9666 2 2 10 1 3530 7760 740
9667 2 2 10 1 992 7761 2997
9668 2 2 10 1 2637 7721 3077
9669 2 2 10 1 7399 8756 498
9670 2 2 10 1 5065 8914 7138
9671 2 2 10 1 3372 7344 4031
9672 2 2 10 1 5344 7946 3751
9673 2 2 10 1 2631 7772 3008
9674 2 2 10 1 2447 2679 2678
9675 2 2 10 1 4752 7970 7867
9676 2 2 10 1 5013 7775 7774
9677 2 2 10 1 5348 7953 3758
9678 2 2 10 1 7168 8404 4699
9679 2 2 10 1 1503 7347 4581
9680 2 2 10 1 7197 9055 4256
9681 2 2 10 1 1624 7655 1557
9682 2 2 10 1 1361 1519 1365
9683 2 2 10 1 6210 8354 950
9684 2 2 10 1 3457 4376 4374
9685 2 2 10 1 901 1070 870
9686 2 2 10 1 736 807 732
9687 2 2 10 1 2499 7689 976
9688 2 2 10 1 4468 7360 4470
9689 2 2 10 1 5851 5852 5850
9690 2 2 10 1 4182 7674 4184
9691 2 2 10 1 709 8141 7859
9692 2 2 10 1 1276 3619 958
9693 2 2 10 1 3393 7654 2633
9694 2 2 10 1 9599 9603 489
9695 2 2 10 1 6666 7693 4560
9696 2 2 10 1 4422 5663 4247
9697 2 2 10 1 3755 7936 7445
9698 2 2 10 1 4135 7951 5347
9699 2 2 10 1 2410 7654 7224
9700 2 2 10 1 3285 7359 4653
9701 2 2 10 1 7643 7644 7641
9702 2 2 10 1 794 7398 798
9703 2 2 10 1 3649 3785 3515
9704 2 2 10 1 5271 5333 4141
9705 2 2 10 1 7860 8143 1836
9706 2 2 10 1 4285 4772 3424
9707 2 2 10 1 543 8664 7608
9708 2 2 10 1 4583 7371 4585
9709 2 2 10 1 2107 2109 2105
9710 2 2 10 1 1764 4751 1624
9711 2 2 10 1 5157 8211 4011
9712 2 2 10 1 3619 7404 7233
9713 2 2 10 1 2313 2314 1938
9714 2 2 10 1 4929 4930 3848
9715 2 2 10 1 5546 5547 4255
9716 2 2 10 1 2150 7377 2275
9717 2 2 10 1 1264 3864 3863
9718 2 2 10 1 1337 8419 1333
9719 2 2 10 1 2322 8144 7861
9720 2 2 10 1 2092 4729 2237
9721 2 2 10 1 2282 2283 2239
9722 2 2 10 1 6203 6204 3430
9723 2 2 10 1 1924 7711 1755
9724 2 2 10 1 7408 7410 2894
9725 2 2 10 1 4607 7350 4608
9726 2 2 10 1 2853 7162 2851
9727 2 2 10 1 5289 8164 7943
9728 2 2 10 1 2648 2649 2263
9729 2 2 10 1 5678 7332 7095
9730 2 2 10 1 4138 4780 3723
9731 2 2 10 1 2946 4969 2878
9732 2 2 10 1 1118 1219 1089
9733 2 2 10 1 3143 4733 3415
9734 2 2 10 1 1078 4718 1059
9735 2 2 10 1 2131 4167 1924
9736 2 2 10 1 1180 1183 1182
9737 2 2 10 1 3025 4753 2499
9738 2 2 10 1 5693 9371 7535
9739 2 2 10 1 1770 1774 1626
9740 2 2 10 1 5634 5639 5638
9741 2 2 10 1 2603 3255 3254
9742 2 2 10 1 3824 7868 4644
9743 2 2 10 1 4964 4965 3917
9744 2 2 10 1 1614 2493 1612
9745 2 2 10 1 1228 3718 1226
9746 2 2 10 1 5624 5627 5626
9747 2 2 10 1 2674 4961 3791
9748 2 2 10 1 555 7446 557
9749 2 2 10 1 3712 4512 4510
9750 2 2 10 1 4396 5344 3751
9751 2 2 10 1 3507 3508 3032
9752 2 2 10 1 1238 1239 1236
9753 2 2 10 1 1232 2399 1230
9754 2 2 10 1 3760 5348 3758
9755 2 2 10 1 1878 2392 2184
9756 2 2 10 1 2777 3429 3427
9757 2 2 10 1 4967 4968 4747
9758 2 2 10 1 4922 5110 5109
9759 2 2 10 1 1213 4666 1262
9760 2 2 10 1 7699 8039 7033
9761 2 2 10 1 4184 4988 4195
9762 2 2 10 1 2190 8146 7858
9763 2 2 10 1 4231 7342 7340
9764 2 2 10 1 3184 4719 3915
9765 2 2 10 1 2594 7435 3056
9766 2 2 10 1 3318 3319 2961
9767 2 2 10 1 4766 6001 5998
9768 2 2 10 1 682 2727 684
9769 2 2 10 1 1617 7715 1628
9770 2 2 10 1 3895 7872 3747
9771 2 2 10 1 3056 3729 3443
9772 2 2 10 1 2500 7716 3324
9773 2 2 10 1 6767 8751 8678
9774 2 2 10 1 2528 3150 3149
9775 2 2 10 1 6092 6096 4769
9776 2 2 10 1 3859 4181 4180
9777 2 2 10 1 5620 5623 5622
9778 2 2 10 1 3943 5102 5101
9779 2 2 10 1 3324 4814 4175
9780 2 2 10 1 1638 1780 1739
9781 2 2 10 1 1628 3720 1630
9782 2 2 10 1 2132 7717 2444
9783 2 2 10 1 1632 2473 1634
9784 2 2 10 1 3919 4877 4158
9785 2 2 10 1 2897 7719 3919
9786 2 2 10 1 1754 7438 1922
9787 2 2 10 1 3704 5358 3256
9788 2 2 10 1 4893 5397 4895
9789 2 2 10 1 1922 3834 2240
9790 2 2 10 1 3256 7720 2602
9791 2 2 10 1 4897 4900 4899
9792 2 2 10 1 557 4790 559
9793 2 2 10 1 3163 4837 4497
9794 2 2 10 1 4135 5347 4863
9795 2 2 10 1 2879 7722 3411
9796 2 2 10 1 3755 7445 3757
9797 2 2 10 1 3411 4815 4383
9798 2 2 10 1 2501 7444 3163
9799 2 2 10 1 3757 4823 4221
9800 2 2 10 1 3699 7394 801
9801 2 2 10 1 1007 7201 1019
9802 2 2 10 1 840 2816 846
9803 2 2 10 1 7857 8148 2572
9804 2 2 10 1 7079 7459 6248
9805 2 2 10 1 2050 3031 2215
9806 2 2 10 1 793 2799 791
9807 2 2 10 1 7750 7751 2189
9808 2 2 10 1 1820 7748 1783
9809 2 2 10 1 2118 7723 2501
9810 2 2 10 1 7425 7634 1610
9811 2 2 10 1 7421 7423 3721
9812 2 2 10 1 7429 7430 2896
9813 2 2 10 1 7384 8499 3664
9814 2 2 10 1 2083 8149 7865
9815 2 2 10 1 6079 6081 6080
9816 2 2 10 1 4861 5374 4971
9817 2 2 10 1 5479 9189 7603
9818 2 2 10 1 4251 4762 4252
9819 2 2 10 1 2634 3392 2633
9820 2 2 10 1 4842 7490 4530
9821 2 2 10 1 4091 7329 5013
9822 2 2 10 1 6787 8013 6202
9823 2 2 10 1 4692 7457 4690
9824 2 2 10 1 6610 8482 1017
9825 2 2 10 1 3941 9108 5996
9826 2 2 10 1 7020 7688 2452
9827 2 2 10 1 7412 7694 1691
9828 2 2 10 1 7880 8609 4956
9829 2 2 10 1 6387 8194 3027
9830 2 2 10 1 3809 4142 3810
9831 2 2 10 1 2395 8243 2124
9832 2 2 10 1 3978 7463 3968
9833 2 2 10 1 2399 7467 1230
9834 2 2 10 1 3233 7740 3230
9835 2 2 10 1 3350 7742 3461
9836 2 2 10 1 2841 7911 4147
9837 2 2 10 1 816 2836 809
9838 2 2 10 1 7943 8164 1729
9839 2 2 10 1 618 7912 2967
9840 2 2 10 1 3423 8619 6153
9841 2 2 10 1 707 808 705
9842 2 2 10 1 7032 7034 7031
9843 2 2 10 1 6791 7670 756
9844 2 2 10 1 1632 7473 2473
9845 2 2 10 1 561 2962 563
9846 2 2 10 1 7256 7257 2799
9847 2 2 10 1 4935 8610 7107
9848 2 2 10 1 1332 2837 1336
9849 2 2 10 1 561 7476 2962
9850 2 2 10 1 5364 7870 3746
9851 2 2 10 1 7000 7673 1331
9852 2 2 10 1 1336 7381 1340
9853 2 2 10 1 7980 8075 7223
9854 2 2 10 1 4530 7490 5257
9855 2 2 10 1 7494 7944 1710
9856 2 2 10 1 653 7874 1095
9857 2 2 10 1 3020 3140 3019
9858 2 2 10 1 1520 7784 6912
9859 2 2 10 1 5289 7494 4734
9860 2 2 10 1 3249 7482 3795
9861 2 2 10 1 1198 7483 1192
9862 2 2 10 1 3872 7486 3140
9863 2 2 10 1 6037 6038 5892
9864 2 2 10 1 8310 8529 4935
9865 2 2 10 1 3716 7487 3105
9866 2 2 10 1 2652 7489 2540
9867 2 2 10 1 3457 4374 3456
9868 2 2 10 1 3343 7503 3812
9869 2 2 10 1 3493 7495 3383
9870 2 2 10 1 4669 7488 1365
9871 2 2 10 1 1082 7502 1102
9872 2 2 10 1 1523 7493 1495
9873 2 2 10 1 3218 7504 3220
9874 2 2 10 1 2400 7691 2932
9875 2 2 10 1 761 7501 1855
9876 2 2 10 1 2596 7505 3377
9877 2 2 10 1 2786 7513 2789
9878 2 2 10 1 901 7492 4670
9879 2 2 10 1 1663 7510 1665
9880 2 2 10 1 863 7511 900
9881 2 2 10 1 2706 7506 3307
9882 2 2 10 1 3503 7508 3039
9883 2 2 10 1 3660 7512 3659
9884 2 2 10 1 1098 7514 1076
9885 2 2 10 1 1677 7496 1607
9886 2 2 10 1 2813 7509 2811
9887 2 2 10 1 3886 7910 3885
9888 2 2 10 1 1254 7517 1813
9889 2 2 10 1 8117 8118 5340
9890 2 2 10 1 3271 7515 2791
9891 2 2 10 1 3961 7498 3638
9892 2 2 10 1 2174 7519 2172
9893 2 2 10 1 732 8157 728
9894 2 2 10 1 6106 6107 6104
9895 2 2 10 1 3656 7520 3658
9896 2 2 10 1 2774 7518 2772
9897 2 2 10 1 3016 7521 2807
9898 2 2 10 1 3766 7522 3764
9899 2 2 10 1 2595 7524 2477
9900 2 2 10 1 6275 8408 5683
9901 2 2 10 1 2557 9582 6766
9902 2 2 10 1 1041 7526 1032
9903 2 2 10 1 2444 3719 2446
9904 2 2 10 1 7103 7684 1327
9905 2 2 10 1 3820 7500 2862
9906 2 2 10 1 8012 8205 3036
9907 2 2 10 1 2689 8109 2687
9908 2 2 10 1 3486 4522 4284
9909 2 2 10 1 6171 8820 8729
9910 2 2 10 1 3635 7527 3632
9911 2 2 10 1 6699 9565 435
9912 2 2 10 1 765 7330 763
9913 2 2 10 1 798 3699 801
9914 2 2 10 1 3042 7528 2796
9915 2 2 10 1 4659 8028 7668
9916 2 2 10 1 1917 7930 1794
9917 2 2 10 1 1378 2844 1386
9918 2 2 10 1 6388 8194 6387
9919 2 2 10 1 2850 7765 6900
9920 2 2 10 1 6817 6818 4432
9921 2 2 10 1 688 689 687
9922 2 2 10 1 934 2846 919
9923 2 2 10 1 7224 7653 2334
9924 2 2 10 1 4060 8162 1851
9925 2 2 10 1 2530 7738 3162
9926 2 2 10 1 2513 8119 2655
9927 2 2 10 1 4544 7760 3534
9928 2 2 10 1 555 7626 7446
9929 2 2 10 1 6634 7759 3846
9930 2 2 10 1 1320 1321 1319
9931 2 2 10 1 3398 7761 4542
9932 2 2 10 1 2849 7795 1062
9933 2 2 10 1 3836 7765 3182
9934 2 2 10 1 1952 7052 7045
9935 2 2 10 1 4784 5812 1572
9936 2 2 10 1 2303 7776 7116
9937 2 2 10 1 801 7394 803
9938 2 2 10 1 3300 7763 6591
9939 2 2 10 1 4930 7407 3848
9940 2 2 10 1 3000 7785 2491
9941 2 2 10 1 7556 9622 399
9942 2 2 10 1 2754 7778 4048
9943 2 2 10 1 766 7768 1838
9944 2 2 10 1 3592 7791 5237
9945 2 2 10 1 3128 3130 3129
9946 2 2 10 1 7315 7658 1025
9947 2 2 10 1 3455 7772 4612
9948 2 2 10 1 2213 7783 3340
9949 2 2 10 1 1084 7792 4707
9950 2 2 10 1 888 7773 885
9951 2 2 10 1 2524 7776 2305
9952 2 2 10 1 642 7469 6443
9953 2 2 10 1 1623 7797 1600
9954 2 2 10 1 4206 7472 5354
9955 2 2 10 1 7644 7741 7641
9956 2 2 10 1 616 7470 4708
9957 2 2 10 1 3616 7433 1671
9958 2 2 10 1 2669 7800 2668
9959 2 2 10 1 7246 7663 3123
9960 2 2 10 1 839 7777 1829
9961 2 2 10 1 2884 7434 832
9962 2 2 10 1 3793 7781 3015
9963 2 2 10 1 5333 7409 4141
9964 2 2 10 1 4237 7791 3594
9965 2 2 10 1 4279 7236 4277
9966 2 2 10 1 2421 8138 2417
9967 2 2 10 1 3373 7780 2705
9968 2 2 10 1 2985 8264 3208
9969 2 2 10 1 3028 7785 3694
9970 2 2 10 1 2762 7778 2756
9971 2 2 10 1 1866 7786 1870
9972 2 2 10 1 7365 7366 3103
9973 2 2 10 1 3509 7764 5898
9974 2 2 10 1 3316 7783 2533
9975 2 2 10 1 2349 7793 2716
9976 2 2 10 1 1135 7792 1112
9977 2 2 10 1 4672 8183 6064
9978 2 2 10 1 1603 7797 3164
9979 2 2 10 1 4505 7794 4508
9980 2 2 10 1 2865 7368 7367
9981 2 2 10 1 1085 7795 1217
9982 2 2 10 1 6843 7530 6842
9983 2 2 10 1 1425 7801 1562
9984 2 2 10 1 3106 7800 3789
9985 2 2 10 1 6237 7814 3023
9986 2 2 10 1 3822 7237 3673
9987 2 2 10 1 5547 7411 4255
9988 2 2 10 1 2534 7460 3612
9989 2 2 10 1 2160 7376 7372
9990 2 2 10 1 3677 7478 3679
9991 2 2 10 1 5008 7362 4467
9992 2 2 10 1 4929 5551 4930
9993 2 2 10 1 7381 7649 1475
9994 2 2 10 1 4751 7655 1624
9995 2 2 10 1 6891 7668 3833
9996 2 2 10 1 3355 7769 5300
9997 2 2 10 1 6820 6823 6822
9998 2 2 10 1 4071 7239 3478
9999 2 2 10 1 8019 8209 2692
10000 2 2 10 1 2852 7808 2855
10001 2 2 10 1 4969 7419 2878
10002 2 2 10 1 3873 8508 3871
10003 2 2 10 1 2888 7238 1928
10004 2 2 10 1 3515 7240 1859
10005 2 2 10 1 4718 7422 1059
10006 2 2 10 1 7323 7718 6768
10007 2 2 10 1 4437 7771 6069
10008 2 2 10 1 3790 7814 4856
10009 2 2 10 1 1767 1768 1251
10010 2 2 10 1 5179 7691 6307
10011 2 2 10 1 4919 8150 4753
10012 2 2 10 1 3718 7424 1226
10013 2 2 10 1 3827 7244 1591
10014 2 2 10 1 757 7485 752
10015 2 2 10 1 3109 7479 2833
10016 2 2 10 1 4753 7689 2499
10017 2 2 10 1 4184 7674 4988
10018 2 2 10 1 6064 7248 6838
10019 2 2 10 1 3162 7738 6245
10020 2 2 10 1 4002 7779 5450
10021 2 2 10 1 9230 9243 503
10022 2 2 10 1 7397 8035 7658
10023 2 2 10 1 2634 7157 3392
10024 2 2 10 1 2422 2861 2672
10025 2 2 10 1 4766 7463 6001
10026 2 2 10 1 963 8044 946
10027 2 2 10 1 2556 8097 7323
10028 2 2 10 1 3631 3856 3634
10029 2 2 10 1 3394 5388 4128
10030 2 2 10 1 1561 1606 1605
10031 2 2 10 1 3043 4029 3419
10032 2 2 10 1 686 688 687
10033 2 2 10 1 4339 7247 3580
10034 2 2 10 1 3608 4620 3610
10035 2 2 10 1 3819 7208 4545
10036 2 2 10 1 2958 7704 2505
10037 2 2 10 1 3535 8010 7075
10038 2 2 10 1 3627 3695 3629
10039 2 2 10 1 689 958 687
10040 2 2 10 1 4259 7806 5744
10041 2 2 10 1 4201 5669 4199
10042 2 2 10 1 1787 1916 1794
10043 2 2 10 1 7145 7146 1773
10044 2 2 10 1 7114 7969 2798
10045 2 2 10 1 4051 5539 4917
10046 2 2 10 1 2307 2311 2310
10047 2 2 10 1 3636 3640 3638
10048 2 2 10 1 1648 1679 1678
10049 2 2 10 1 2465 8140 2463
10050 2 2 10 1 3899 5550 3152
10051 2 2 10 1 2336 2342 2338
10052 2 2 10 1 3502 5461 4370
10053 2 2 10 1 1127 3725 1259
10054 2 2 10 1 6543 6546 6545
10055 2 2 10 1 4174 5412 5411
10056 2 2 10 1 6557 6562 6559
10057 2 2 10 1 1031 1045 1033
10058 2 2 10 1 5127 5128 3973
10059 2 2 10 1 2427 4222 2707
10060 2 2 10 1 2340 2881 2343
10061 2 2 10 1 4226 4228 3030
10062 2 2 10 1 4572 5589 5588
10063 2 2 10 1 1042 3320 1064
10064 2 2 10 1 3381 3384 3383
10065 2 2 10 1 978 7702 956
10066 2 2 10 1 3641 4331 3962
10067 2 2 10 1 3041 5738 3504
10068 2 2 10 1 5025 5026 4089
10069 2 2 10 1 4540 5722 5721
10070 2 2 10 1 2088 2241 1814
10071 2 2 10 1 4541 6249 6213
10072 2 2 10 1 2792 3526 2790
10073 2 2 10 1 4205 7406 4201
10074 2 2 10 1 4882 5061 4086
10075 2 2 10 1 2639 3520 3194
10076 2 2 10 1 979 982 981
10077 2 2 10 1 5944 5945 5041
10078 2 2 10 1 5800 5890 5798
10079 2 2 10 1 3277 3811 3625
10080 2 2 10 1 3146 4212 3052
10081 2 2 10 1 6800 6801 6797
10082 2 2 10 1 3615 5193 3512
10083 2 2 10 1 1823 2095 2094
10084 2 2 10 1 3765 4675 4492
10085 2 2 10 1 2478 2597 2596
10086 2 2 10 1 1675 1819 1783
10087 2 2 10 1 3385 4242 3494
10088 2 2 10 1 1505 1525 1524
10089 2 2 10 1 4344 4416 3813
10090 2 2 10 1 2225 2521 2520
10091 2 2 10 1 4782 7414 3146
10092 2 2 10 1 1493 1504 1495
10093 2 2 10 1 1398 1405 1404
10094 2 2 10 1 2969 3297 2401
10095 2 2 10 1 3902 5176 4509
10096 2 2 10 1 4621 4624 4623
10097 2 2 10 1 3717 3806 3805
10098 2 2 10 1 1452 1455 1454
10099 2 2 10 1 7356 8575 5262
10100 2 2 10 1 6342 7127 5250
10101 2 2 10 1 4562 5725 5718
10102 2 2 10 1 1099 1810 1123
10103 2 2 10 1 2506 2507 2195
10104 2 2 10 1 2681 2684 2683
10105 2 2 10 1 669 671 670
10106 2 2 10 1 851 864 863
10107 2 2 10 1 1354 4742 1359
10108 2 2 10 1 5451 5452 4391
10109 2 2 10 1 916 932 931
10110 2 2 10 1 5107 6445 6251
10111 2 2 10 1 760 2868 769
10112 2 2 10 1 5802 5860 4373
10113 2 2 10 1 3659 3662 3657
10114 2 2 10 1 2606 7708 3095
10115 2 2 10 1 1343 1521 1349
10116 2 2 10 1 2699 2700 2489
10117 2 2 10 1 2458 2462 2460
10118 2 2 10 1 1669 3616 1671
10119 2 2 10 1 4198 5210 3548
10120 2 2 10 1 4432 7220 3615
10121 2 2 10 1 2773 3104 2775
10122 2 2 10 1 1456 1463 1462
10123 2 2 10 1 806 993 815
10124 2 2 10 1 2169 3726 2171
10125 2 2 10 1 1209 1210 1202
10126 2 2 10 1 1364 1373 1371
10127 2 2 10 1 2232 2351 2328
10128 2 2 10 1 1852 2347 1854
10129 2 2 10 1 1335 2869 1339
10130 2 2 10 1 5989 8957 6434
10131 2 2 10 1 2487 7392 2485
10132 2 2 10 1 6563 6566 6565
10133 2 2 10 1 5417 6379 4549
10134 2 2 10 1 825 2884 832
10135 2 2 10 1 2803 7136 2224
10136 2 2 10 1 2788 7145 2784
10137 2 2 10 1 2173 2176 2175
10138 2 2 10 1 1488 1492 1491
10139 2 2 10 1 1903 7223 1805
10140 2 2 10 1 2874 4685 762
10141 2 2 10 1 3441 3768 2930
10142 2 2 10 1 2564 3221 2407
10143 2 2 10 1 3046 3304 3303
10144 2 2 10 1 1225 3511 1124
10145 2 2 10 1 2376 2409 2378
10146 2 2 10 1 2104 7225 3606
10147 2 2 10 1 6532 6533 6529
10148 2 2 10 1 3017 3527 3379
10149 2 2 10 1 755 773 751
10150 2 2 10 1 2211 2266 2217
10151 2 2 10 1 1058 3371 1077
10152 2 2 10 1 4571 4700 4569
10153 2 2 10 1 4346 5795 4348
10154 2 2 10 1 6551 6554 6553
10155 2 2 10 1 2244 2531 2242
10156 2 2 10 1 1300 1618 1298
10157 2 2 10 1 1294 1392 1292
10158 2 2 10 1 3364 4680 4290
10159 2 2 10 1 2743 7147 759
10160 2 2 10 1 3172 4006 3389
10161 2 2 10 1 1304 2893 1302
10162 2 2 10 1 1280 1749 1278
10163 2 2 10 1 731 1044 727
10164 2 2 10 1 2808 2898 2806
10165 2 2 10 1 1286 1502 1284
10166 2 2 10 1 4004 4039 2856
10167 2 2 10 1 4345 5564 5563
10168 2 2 10 1 742 2885 735
10169 2 2 10 1 1290 2870 1288
10170 2 2 10 1 721 2394 719
10171 2 2 10 1 1308 1309 1306
10172 2 2 10 1 3982 4220 4219
10173 2 2 10 1 1027 2863 1029
10174 2 2 10 1 2959 3449 3226
10175 2 2 10 1 1150 1943 1148
10176 2 2 10 1 1800 1801 1798
10177 2 2 10 1 3661 4010 3862
10178 2 2 10 1 2287 3243 2285
10179 2 2 10 1 2588 3643 2389
10180 2 2 10 1 2365 2368 2367
10181 2 2 10 1 7460 7461 3612
10182 2 2 10 1 3522 5179 4427
10183 2 2 10 1 5678 7095 3651
10184 2 2 10 1 5277 5531 3986
10185 2 2 10 1 1662 2599 1660
10186 2 2 10 1 4062 5208 4526
10187 2 2 10 1 4118 7216 7215
10188 2 2 10 1 2089 3621 2812
10189 2 2 10 1 2293 2295 2291
10190 2 2 10 1 5679 5857 4301
10191 2 2 10 1 6504 6506 4933
10192 2 2 10 1 5824 6046 4579
10193 2 2 10 1 2454 3727 2456
10194 2 2 10 1 1255 7245 1249
10195 2 2 10 1 2802 5197 3272
10196 2 2 10 1 3998 5088 5086
10197 2 2 10 1 2562 2607 2606
10198 2 2 10 1 2815 7193 4577
10199 2 2 10 1 4911 7437 4172
10200 2 2 10 1 1247 1248 1245
10201 2 2 10 1 1668 1686 1666
10202 2 2 10 1 3344 7440 3342
10203 2 2 10 1 2054 2704 1789
10204 2 2 10 1 3186 3188 2663
10205 2 2 10 1 4854 6357 4547
10206 2 2 10 1 4338 5205 3623
10207 2 2 10 1 4229 4230 2593
10208 2 2 10 1 1799 7167 4575
10209 2 2 10 1 912 4741 914
10210 2 2 10 1 4172 4554 3312
10211 2 2 10 1 4650 6526 1057
10212 2 2 10 1 1146 2871 1144
10213 2 2 10 1 4358 4359 3763
10214 2 2 10 1 1733 1734 1731
10215 2 2 10 1 1157 1158 1154
10216 2 2 10 1 3541 3645 3004
10217 2 2 10 1 2199 2202 2201
10218 2 2 10 1 1394 3325 1396
10219 2 2 10 1 6264 6417 4564
10220 2 2 10 1 4325 4552 3537
10221 2 2 10 1 5653 6415 4494
10222 2 2 10 1 2361 2364 2363
10223 2 2 10 1 2785 3963 2787
10224 2 2 10 1 3342 3346 3110
10225 2 2 10 1 3219 3797 3217
10226 2 2 10 1 1083 4743 1065
10227 2 2 10 1 1726 1727 1723
10228 2 2 10 1 6981 8001 2713
10229 2 2 10 1 5925 5926 5039
10230 2 2 10 1 4119 4715 3207
10231 2 2 10 1 3870 4151 4150
10232 2 2 10 1 3224 3309 3222
10233 2 2 10 1 7731 8744 6592
10234 2 2 10 1 6807 6808 6805
10235 2 2 10 1 2814 3246 3158
10236 2 2 10 1 4732 7802 3970
10237 2 2 10 1 4294 5497 3417
10238 2 2 10 1 4671 4705 1070
10239 2 2 10 1 1126 1932 1103
10240 2 2 10 1 4012 4015 4014
10241 2 2 10 1 2231 7709 951
10242 2 2 10 1 5915 5916 3783
10243 2 2 10 1 6360 6361 6358
10244 2 2 10 1 1519 4777 4776
10245 2 2 10 1 3675 4455 4454
10246 2 2 10 1 1719 1722 1716
10247 2 2 10 1 3653 3688 807
10248 2 2 10 1 3633 6947 3630
10249 2 2 10 1 2355 7150 2093
10250 2 2 10 1 5896 6438 4603
10251 2 2 10 1 6520 7148 6517
10252 2 2 10 1 4050 5181 3308
10253 2 2 10 1 4028 7782 5854
10254 2 2 10 1 5015 5016 2702
10255 2 2 10 1 6516 7152 3642
10256 2 2 10 1 3705 8075 7980
10257 2 2 10 1 4085 7155 6368
10258 2 2 10 1 6337 7090 4173
10259 2 2 10 1 3215 3818 3213
10260 2 2 10 1 1947 1948 1945
10261 2 2 10 1 5213 5214 5211
10262 2 2 10 1 4334 4686 3434
10263 2 2 10 1 4727 7774 7484
10264 2 2 10 1 3955 5813 3639
10265 2 2 10 1 840 7631 2816
10266 2 2 10 1 6354 6420 5283
10267 2 2 10 1 2797 3644 2795
10268 2 2 10 1 2485 2822 808
10269 2 2 10 1 4303 4304 3840
10270 2 2 10 1 819 8162 820
10271 2 2 10 1 2804 8005 7029
10272 2 2 10 1 665 7726 663
10273 2 2 10 1 651 7727 649
10274 2 2 10 1 4121 4994 3420
10275 2 2 10 1 4530 5257 4072
10276 2 2 10 1 958 7231 687
10277 2 2 10 1 4683 5413 3815
10278 2 2 10 1 5381 5382 4245
10279 2 2 10 1 3907 4045 3242
10280 2 2 10 1 3976 7740 3233
10281 2 2 10 1 6332 7100 4491
10282 2 2 10 1 3461 7742 5154
10283 2 2 10 1 7892 7894 7893
10284 2 2 10 1 4821 6421 4559
10285 2 2 10 1 4251 4252 3365
10286 2 2 10 1 3808 7729 3210
10287 2 2 10 1 7616 9599 489
10288 2 2 10 1 2339 7712 2337
10289 2 2 10 1 3225 7998 2958
10290 2 2 10 1 4214 4407 4046
10291 2 2 10 1 8266 8309 4755
10292 2 2 10 1 2283 7529 2536
10293 2 2 10 1 4167 7711 1924
10294 2 2 10 1 3095 8007 4568
10295 2 2 10 1 2327 7997 2231
10296 2 2 10 1 6137 8135 8045
10297 2 2 10 1 980 8004 978
10298 2 2 10 1 2288 7637 2594
10299 2 2 10 1 2859 8252 969
10300 2 2 10 1 2341 8009 2339
10301 2 2 10 1 6680 6682 6681
10302 2 2 10 1 704 8141 706
10303 2 2 10 1 2443 3044 2442
10304 2 2 10 1 7156 7988 1034
10305 2 2 10 1 3281 7721 3007
10306 2 2 10 1 6096 7867 4769
10307 2 2 10 1 1832 8143 1830
10308 2 2 10 1 790 791 789
10309 2 2 10 1 1628 7715 3720
10310 2 2 10 1 2993 7922 2991
10311 2 2 10 1 3324 7716 4814
10312 2 2 10 1 898 7194 858
10313 2 2 10 1 833 8144 2319
10314 2 2 10 1 6905 7855 3513
10315 2 2 10 1 3919 7719 4877
10316 2 2 10 1 2248 7725 2273
10317 2 2 10 1 5358 7720 3256
10318 2 2 10 1 151 515 150
10319 2 2 10 1 162 434 161
10320 2 2 10 1 164 490 163
10321 2 2 10 1 166 404 165
10322 2 2 10 1 170 466 169
10323 2 2 10 1 176 461 175
10324 2 2 10 1 184 427 183
10325 2 2 10 1 186 531 185
10326 2 2 10 1 188 451 187
10327 2 2 10 1 213 532 212
10328 2 2 10 1 245 390 244
10329 2 2 10 1 58 444 57
10330 2 2 10 1 60 528 59
10331 2 2 10 1 66 433 65
10332 2 2 10 1 68 488 67
10333 2 2 10 1 70 403 69
10334 2 2 10 1 80 465 79
10335 2 2 10 1 88 425 87
10336 2 2 10 1 90 530 89
10337 2 2 10 1 92 452 91
10338 2 2 10 1 309 529 308
10339 2 2 10 1 341 391 340
10340 2 2 10 1 64 497 63
10341 2 2 10 1 73 472 72
10342 2 2 10 1 85 486 84
10343 2 2 10 1 94 498 93
10344 2 2 10 1 295 553 294
10345 2 2 10 1 160 511 159
10346 2 2 10 1 181 485 180
10347 2 2 10 1 190 512 189
10348 2 2 10 1 232 446 231
10349 2 2 10 1 332 399 331
10350 2 2 10 1 336 441 335
10351 2 2 10 1 77 409 76
10352 2 2 10 1 98 523 97
10353 2 2 10 1 103 7534 102
10354 2 2 10 1 217 7594 216
10355 2 2 10 1 173 410 172
10356 2 2 10 1 194 525 193
10357 2 2 10 1 140 396 139
10358 2 2 10 1 142 518 141
10359 2 2 10 1 144 436 143
10360 2 2 10 1 149 392 148
10361 2 2 10 1 247 491 246
10362 2 2 10 1 258 437 257
10363 2 2 10 1 260 519 259
10364 2 2 10 1 262 402 261
10365 2 2 10 1 266 467 265
10366 2 2 10 1 272 462 271
10367 2 2 10 1 280 428 279
10368 2 2 10 1 282 520 281
10369 2 2 10 1 284 449 283
10370 2 2 10 1 192 459 191
10371 2 2 10 1 196 552 195
10372 2 2 10 1 236 400 235
10373 2 2 10 1 240 442 239
10374 2 2 10 1 147 522 146
10375 2 2 10 1 44 393 43
10376 2 2 10 1 53 389 52
10377 2 2 10 1 343 489 342
10378 2 2 10 1 354 435 353
10379 2 2 10 1 356 514 355
10380 2 2 10 1 358 401 357
10381 2 2 10 1 368 469 367
10382 2 2 10 1 376 426 375
10383 2 2 10 1 378 509 377
10384 2 2 10 1 380 450 379
10385 2 2 10 1 352 502 351
10386 2 2 10 1 361 468 360
10387 2 2 10 1 373 503 372
10388 2 2 10 1 382 504 381
10389 2 2 10 1 256 516 255
10390 2 2 10 1 276 7560 275
10391 2 2 10 1 277 487 276
10392 2 2 10 1 286 517 285
10393 2 2 10 1 51 521 50
10394 2 2 10 1 96 457 95
10395 2 2 10 1 100 549 99
10396 2 2 10 1 75 510 74
10397 2 2 10 1 128 464 127
10398 2 2 10 1 130 524 129
10399 2 2 10 1 365 416 364
10400 2 2 10 1 386 527 385
10401 2 2 10 1 14 456 13
10402 2 2 10 1 110 455 109
10403 2 2 10 1 11 476 10
10404 2 2 10 1 107 477 106
10405 2 2 10 1 122 475 121
10406 2 2 10 1 269 411 268
10407 2 2 10 1 290 513 289
10408 2 2 10 1 83 420 82
10409 2 2 10 1 302 454 301
10410 2 2 10 1 18 429 17
10411 2 2 10 1 20 537 19
10412 2 2 10 1 23 424 22
10413 2 2 10 1 29 412 28
10414 2 2 10 1 36 405 35
10415 2 2 10 1 42 526 41
10416 2 2 10 1 47 505 46
10417 2 2 10 1 49 438 48
10418 2 2 10 1 56 506 55
10419 2 2 10 1 62 397 61
10420 2 2 10 1 296 483 295
10421 2 2 10 1 299 480 298
10422 2 2 10 1 304 540 303
10423 2 2 10 1 306 432 305
10424 2 2 10 1 311 423 310
10425 2 2 10 1 314 470 313
10426 2 2 10 1 317 414 316
10427 2 2 10 1 319 541 318
10428 2 2 10 1 321 471 320
10429 2 2 10 1 324 408 323
10430 2 2 10 1 326 542 325
10431 2 2 10 1 330 507 329
10432 2 2 10 1 334 499 333
10433 2 2 10 1 338 500 337
10434 2 2 10 1 345 440 344
10435 2 2 10 1 347 501 346
10436 2 2 10 1 350 398 349
10437 2 2 10 1 371 419 370
10438 2 2 10 1 8 484 7
10439 2 2 10 1 104 482 103
10440 2 2 10 1 114 430 113
10441 2 2 10 1 116 534 115
10442 2 2 10 1 119 421 118
10443 2 2 10 1 125 415 124
10444 2 2 10 1 132 406 131
10445 2 2 10 1 138 535 137
10446 2 2 10 1 153 443 152
10447 2 2 10 1 155 492 154
10448 2 2 10 1 158 394 157
10449 2 2 10 1 168 545 167
10450 2 2 10 1 179 417 178
10451 2 2 10 1 200 481 199
10452 2 2 10 1 203 479 202
10453 2 2 10 1 206 453 205
10454 2 2 10 1 208 546 207
10455 2 2 10 1 210 431 209
10456 2 2 10 1 215 422 214
10457 2 2 10 1 218 473 217
10458 2 2 10 1 221 413 220
10459 2 2 10 1 224 474 223
10460 2 2 10 1 226 547 225
10461 2 2 10 1 228 407 227
10462 2 2 10 1 230 548 229
10463 2 2 10 1 234 493 233
10464 2 2 10 1 238 494 237
10465 2 2 10 1 242 495 241
10466 2 2 10 1 249 439 248
10467 2 2 10 1 251 496 250
10468 2 2 10 1 254 395 253
10469 2 2 10 1 264 536 263
10470 2 2 10 1 275 418 274
10471 2 2 10 1 32 463 31
10472 2 2 10 1 112 539 111
10473 2 2 10 1 288 460 287
10474 2 2 10 1 292 551 291
10475 2 2 10 1 40 447 39
10476 2 2 10 1 26 478 25
10477 2 2 10 1 134 538 133
10478 2 2 10 1 34 533 33
10479 2 2 10 1 72 7544 71
10480 2 2 10 1 84 7536 83
10481 2 2 10 1 328 445 327
10482 2 2 10 1 38 543 37
10483 2 2 10 1 16 544 15
10484 2 2 10 1 21 7577 20
10485 2 2 10 1 136 448 135
10486 2 2 10 1 384 458 383
10487 2 2 10 1 388 550 387
10488 2 2 10 1 363 508 362
10489 2 2 10 1 55 7562 54
10490 2 2 10 1 362 7566 361
10491 2 2 10 1 126 7584 125
10492 2 2 10 1 141 7587 140
10493 2 2 10 1 148 7589 147
10494 2 2 10 1 161 7546 160
10495 2 2 10 1 222 7596 221
10496 2 2 10 1 233 7547 232
10497 2 2 10 1 237 7549 236
10498 2 2 10 1 241 7551 240
10499 2 2 10 1 257 7599 256
10500 2 2 10 1 259 7600 258
10501 2 2 10 1 261 7601 260
10502 2 2 10 1 263 7602 262
10503 2 2 10 1 372 7582 371
10504 2 2 10 1 65 7543 64
10505 2 2 10 1 255 7605 254
10506 2 2 10 1 81 7535 80
10507 2 2 10 1 74 7579 73
10508 2 2 10 1 59 7609 58
10509 2 2 10 1 318 7613 317
10510 2 2 10 1 333 7556 332
10511 2 2 10 1 337 7557 336
10512 2 2 10 1 357 7565 356
10513 2 2 10 1 169 7540 168
10514 2 2 10 1 48 7567 47
10515 2 2 10 1 346 7569 345
10516 2 2 10 1 30 7564 29
10517 2 2 10 1 327 7571 326
10518 2 2 10 1 57 7542 56
10519 2 2 10 1 61 7610 60
10520 2 2 10 1 335 7554 334
10521 2 2 10 1 342 7558 341
10522 2 2 10 1 344 7616 343
10523 2 2 10 1 143 7588 142
10524 2 2 10 1 150 7590 149
10525 2 2 10 1 152 7591 151
10526 2 2 10 1 239 7550 238
10527 2 2 10 1 246 7552 245
10528 2 2 10 1 248 7598 247
10529 2 2 10 1 364 7555 363
10530 2 2 10 1 250 7573 249
10531 2 2 10 1 15 7561 14
10532 2 2 10 1 159 7576 158
10533 2 2 10 1 369 7539 368
10534 2 2 10 1 265 7559 264
10535 2 2 10 1 37 7608 36
10536 2 2 10 1 325 7615 324
10537 2 2 10 1 331 7553 330
10538 2 2 10 1 63 7572 62
10539 2 2 10 1 127 7585 126
10540 2 2 10 1 154 7563 153
10541 2 2 10 1 214 7593 213
10542 2 2 10 1 223 7597 222
10543 2 2 10 1 235 7548 234
10544 2 2 10 1 310 7612 309
10545 2 2 10 1 320 7614 319
10546 2 2 10 1 113 7581 112
10547 2 2 10 1 115 7583 114
10548 2 2 10 1 219 7595 218
10549 2 2 10 1 274 7621 273
10550 2 2 10 1 78 7537 77
10551 2 2 10 1 17 7619 16
10552 2 2 10 1 33 7570 32
10553 2 2 10 1 193 7620 192
10554 2 2 10 1 19 7578 18
10555 2 2 10 1 86 7606 85
10556 2 2 10 1 129 7580 128
10557 2 2 10 1 35 7607 34
10558 2 2 10 1 131 7586 130
10559 2 2 10 1 287 7538 286
10560 2 2 10 1 289 7574 288
10561 2 2 10 1 87 7545 86
10562 2 2 10 1 370 7617 369
10563 2 2 10 1 91 7611 90
10564 2 2 10 1 379 7618 378
10565 2 2 10 1 187 7592 186
10566 2 2 10 1 283 7603 282
10567 2 2 10 1 285 7604 284
10568 2 2 10 1 297 7626 296
10569 2 2 10 1 387 7624 386
10570 2 2 10 1 291 7623 290
10571 2 2 10 1 89 7627 88
10572 2 2 10 1 377 7628 376
10573 2 2 10 1 185 7629 184
10574 2 2 10 1 195 7622 194
10575 2 2 10 1 281 7630 280
10576 2 2 10 1 966 7380 826
10577 2 2 10 1 4247 7208 3819
10578 2 2 10 1 1821 7735 7325
10579 2 2 10 1 3699 7396 7395
10580 2 2 10 1 3411 7722 4815
10581 2 2 10 1 7689 8150 7962
10582 2 2 10 1 5482 8539 6579
10583 2 2 10 1 1747 8149 1806
10584 2 2 10 1 1787 7409 1916
10585 2 2 10 1 436 8961 7588
10586 2 2 10 1 2501 7723 7444
10587 2 2 10 1 2307 7410 2311
10588 2 2 10 1 3277 7407 3811
10589 2 2 10 1 4189 7241 4188
10590 2 2 10 1 3381 7411 3384
10591 2 2 10 1 7962 8150 3752
10592 2 2 10 1 2444 7717 3719
10593 2 2 10 1 4160 4162 4161
10594 2 2 10 1 7054 7732 5195
10595 2 2 10 1 4187 4216 4215
10596 2 2 10 1 3471 3473 3472
10597 2 2 10 1 1332 7684 2837
10598 2 2 10 1 1805 7223 2092
10599 2 2 10 1 5439 5441 5440
10600 2 2 10 1 6913 8405 4078
10601 2 2 10 1 1488 7419 1492
10602 2 2 10 1 4029 4534 4030
10603 2 2 10 1 6551 7416 6554
10604 2 2 10 1 1751 7262 1583
10605 2 2 10 1 2311 2416 2312
10606 2 2 10 1 2105 7225 2104
10607 2 2 10 1 3265 3267 3266
10608 2 2 10 1 2861 3190 2862
10609 2 2 10 1 1027 7422 2863
10610 2 2 10 1 4434 4436 4435
10611 2 2 10 1 2211 7423 2266
10612 2 2 10 1 3160 3263 3262
10613 2 2 10 1 2691 2890 2889
10614 2 2 10 1 3190 4247 3819
10615 2 2 10 1 912 7424 4741
10616 2 2 10 1 2432 2434 2433
10617 2 2 10 1 2199 7430 2202
10618 2 2 10 1 2361 7427 2364
10619 2 2 10 1 1394 7428 3325
10620 2 2 10 1 957 7308 953
10621 2 2 10 1 1916 2137 1917
10622 2 2 10 1 7433 7665 1673
10623 2 2 10 1 4242 5473 4243
10624 2 2 10 1 3870 7431 4151
10625 2 2 10 1 7051 8285 7047
10626 2 2 10 1 1679 1786 1680
10627 2 2 10 1 2419 2558 2420
10628 2 2 10 1 2137 2306 2138
10629 2 2 10 1 4331 5131 4332
10630 2 2 10 1 1525 1536 1526
10631 2 2 10 1 4624 4626 4625
10632 2 2 10 1 3495 7632 3969
10633 2 2 10 1 5519 5729 5728
10634 2 2 10 1 3196 3770 3769
10635 2 2 10 1 1606 1647 1607
10636 2 2 10 1 3782 3799 3798
10637 2 2 10 1 2248 2250 2249
10638 2 2 10 1 5055 5456 5056
10639 2 2 10 1 2228 2236 2235
10640 2 2 10 1 1786 7409 1787
10641 2 2 10 1 2416 2419 2417
10642 2 2 10 1 3062 3090 3089
10643 2 2 10 1 2881 2883 2882
10644 2 2 10 1 2306 7410 2307
10645 2 2 10 1 1249 7245 1264
10646 2 2 10 1 4628 4632 4631
10647 2 2 10 1 2509 2510 2507
10648 2 2 10 1 3304 3458 3305
10649 2 2 10 1 4015 4017 4016
10650 2 2 10 1 2525 3299 2526
10651 2 2 10 1 2266 2497 2267
10652 2 2 10 1 2095 2097 2096
10653 2 2 10 1 2543 2545 2544
10654 2 2 10 1 3289 3291 3290
10655 2 2 10 1 2443 7464 3044
10656 2 2 10 1 2259 2261 2260
10657 2 2 10 1 2597 2643 2598
10658 2 2 10 1 5164 5165 5130
10659 2 2 10 1 2034 2036 2035
10660 2 2 10 1 2202 2204 2203
10661 2 2 10 1 2684 2686 2685
10662 2 2 10 1 3320 3959 3321
10663 2 2 10 1 2029 2032 2031
10664 2 2 10 1 1463 1469 1464
10665 2 2 10 1 5176 6270 5177
10666 2 2 10 1 2686 2688 2687
10667 2 2 10 1 5168 5956 5167
10668 2 2 10 1 5215 5216 5214
10669 2 2 10 1 6053 7027 6291
10670 2 2 10 1 2475 2525 2476
10671 2 2 10 1 3527 4011 3528
10672 2 2 10 1 3806 4266 3807
10673 2 2 10 1 2368 2370 2369
10674 2 2 10 1 982 999 983
10675 2 2 10 1 1536 1557 1537
10676 2 2 10 1 4675 5805 4996
10677 2 2 10 1 2023 2025 2024
10678 2 2 10 1 3252 3287 3286
10679 2 2 10 1 3276 7407 3277
10680 2 2 10 1 2255 2257 2256
10681 2 2 10 1 3698 4134 3297
10682 2 2 10 1 932 944 933
10683 2 2 10 1 1905 1907 1906
10684 2 2 10 1 3380 7411 3381
10685 2 2 10 1 6032 6035 6034
10686 2 2 10 1 1133 1139 1138
10687 2 2 10 1 1405 1415 1406
10688 2 2 10 1 4716 5068 4715
10689 2 2 10 1 2883 3200 3002
10690 2 2 10 1 3104 3714 3105
10691 2 2 10 1 5591 5593 5592
10692 2 2 10 1 2101 2103 2102
10693 2 2 10 1 6802 6804 6801
10694 2 2 10 1 3646 3647 3645
10695 2 2 10 1 6546 6550 6547
10696 2 2 10 1 1735 1741 1734
10697 2 2 10 1 5030 5903 5031
10698 2 2 10 1 4185 4527 3662
10699 2 2 10 1 5129 5130 5128
10700 2 2 10 1 2112 2114 2113
10701 2 2 10 1 5564 5566 5565
10702 2 2 10 1 2097 2099 2098
10703 2 2 10 1 6563 7447 6566
10704 2 2 10 1 3458 3460 3459
10705 2 2 10 1 5787 5835 5788
10706 2 2 10 1 864 866 865
10707 2 2 10 1 1802 1804 1801
10708 2 2 10 1 1479 1487 1480
10709 2 2 10 1 1211 1215 1210
10710 2 2 10 1 2701 3147 2700
10711 2 2 10 1 4132 4354 4133
10712 2 2 10 1 4455 4457 4456
10713 2 2 10 1 5027 5040 5026
10714 2 2 10 1 1819 2057 1820
10715 2 2 10 1 2008 2010 2009
10716 2 2 10 1 4626 4628 4627
10717 2 2 10 1 3200 3809 3201
10718 2 2 10 1 4220 4664 4663
10719 2 2 10 1 4999 5862 5861
10720 2 2 10 1 2176 2178 2177
10721 2 2 10 1 2019 2021 2020
10722 2 2 10 1 3197 3968 2704
10723 2 2 10 1 2643 3045 2644
10724 2 2 10 1 1373 1382 1374
10725 2 2 10 1 1728 1730 1727
10726 2 2 10 1 4777 4779 4778
10727 2 2 10 1 1744 1746 1745
10728 2 2 10 1 1469 1479 1470
10729 2 2 10 1 5601 5603 5602
10730 2 2 10 1 2351 2384 2383
10731 2 2 10 1 1107 1109 1108
10732 2 2 10 1 2208 2210 2209
10733 2 2 10 1 2347 2356 2348
10734 2 2 10 1 6081 6082 6080
10735 2 2 10 1 5156 6131 4039
10736 2 2 10 1 2513 2654 2512
10737 2 2 10 1 3600 3602 3601
10738 2 2 10 1 2090 2410 2091
10739 2 2 10 1 1652 1654 1653
10740 2 2 10 1 1249 1264 1248
10741 2 2 10 1 5649 5659 5658
10742 2 2 10 1 2655 3101 2654
10743 2 2 10 1 4151 4153 4152
10744 2 2 10 1 2462 2464 2463
10745 2 2 10 1 3963 5607 5349
10746 2 2 10 1 3908 4257 3768
10747 2 2 10 1 4021 4479 4022
10748 2 2 10 1 1795 2090 1796
10749 2 2 10 1 6550 7416 6551
10750 2 2 10 1 4019 4021 4020
10751 2 2 10 1 1013 1026 1014
10752 2 2 10 1 3310 3936 3309
10753 2 2 10 1 4266 4824 4267
10754 2 2 10 1 3246 3957 3247
10755 2 2 10 1 1810 3981 3051
10756 2 2 10 1 2521 3430 2522
10757 2 2 10 1 1805 2092 1804
10758 2 2 10 1 1487 7419 1488
10759 2 2 10 1 4006 4500 4428
10760 2 2 10 1 1220 1795 1221
10761 2 2 10 1 2539 2650 2540
10762 2 2 10 1 2110 2112 2111
10763 2 2 10 1 2688 3380 2689
10764 2 2 10 1 774 775 773
10765 2 2 10 1 5233 5234 5232
10766 2 2 10 1 1997 1999 1998
10767 2 2 10 1 1036 1038 1037
10768 2 2 10 1 2057 2198 2058
10769 2 2 10 1 3517 3519 3518
10770 2 2 10 1 2402 2539 2404
10771 2 2 10 1 2099 2101 2100
10772 2 2 10 1 999 1013 1000
10773 2 2 10 1 2650 2653 2651
10774 2 2 10 1 1687 1688 1686
10775 2 2 10 1 2103 2105 2104
10776 2 2 10 1 1310 1311 1309
10777 2 2 10 1 2204 2206 2205
10778 2 2 10 1 2725 3204 2858
10779 2 2 10 1 3543 7346 715
10780 2 2 10 1 1026 7422 1027
10781 2 2 10 1 2497 2680 2498
10782 2 2 10 1 2495 7638 2674
10783 2 2 10 1 4447 4448 4446
10784 2 2 10 1 3495 3969 3387
10785 2 2 10 1 6362 6363 6361
10786 2 2 10 1 2607 2609 2608
10787 2 2 10 1 4664 5681 5544
10788 2 2 10 1 2619 2621 2620
10789 2 2 10 1 2206 2208 2207
10790 2 2 10 1 3347 4091 3702
10791 2 2 10 1 2370 2372 2371
10792 2 2 10 1 4826 4828 4827
10793 2 2 10 1 2282 4749 2317
10794 2 2 10 1 3619 7231 958
10795 2 2 10 1 2164 2402 2165
10796 2 2 10 1 944 955 945
10797 2 2 10 1 2609 2611 2610
10798 2 2 10 1 565 2051 567
10799 2 2 10 1 4824 4826 4825
10800 2 2 10 1 5612 5614 5613
10801 2 2 10 1 1442 1449 1443
10802 2 2 10 1 5279 5616 5615
10803 2 2 10 1 4010 6020 5120
10804 2 2 10 1 3714 4441 3715
10805 2 2 10 1 2534 3612 2535
10806 2 2 10 1 2629 4288 2630
10807 2 2 10 1 1159 1160 1158
10808 2 2 10 1 3883 4528 3101
10809 2 2 10 1 4703 4704 4702
10810 2 2 10 1 2511 2512 2510
10811 2 2 10 1 5219 5220 5218
10812 2 2 10 1 3821 3822 3673
10813 2 2 10 1 1449 7634 1450
10814 2 2 10 1 1912 2164 1913
10815 2 2 10 1 5185 5272 5204
10816 2 2 10 1 4701 4702 4700
10817 2 2 10 1 4952 5814 4951
10818 2 2 10 1 2372 2375 2373
10819 2 2 10 1 4754 4920 4919
10820 2 2 10 1 4274 4275 4273
10821 2 2 10 1 2623 2625 2624
10822 2 2 10 1 5540 6056 4527
10823 2 2 10 1 5589 5591 5590
10824 2 2 10 1 1543 1545 1544
10825 2 2 10 1 1243 2548 2546
10826 2 2 10 1 2198 7430 2199
10827 2 2 10 1 6300 6304 5068
10828 2 2 10 1 4017 4019 4018
10829 2 2 10 1 1415 1442 1416
10830 2 2 10 1 5454 5520 4359
10831 2 2 10 1 4473 5008 4467
10832 2 2 10 1 2615 2617 2616
10833 2 2 10 1 4153 4520 4154
10834 2 2 10 1 1382 1388 1383
10835 2 2 10 1 2210 7423 2211
10836 2 2 10 1 4378 4696 4695
10837 2 2 10 1 5229 5230 5228
10838 2 2 10 1 955 976 956
10839 2 2 10 1 3937 4420 3936
10840 2 2 10 1 2466 2468 2467
10841 2 2 10 1 4403 4940 4832
10842 2 2 10 1 4278 4279 4277
10843 2 2 10 1 2178 2180 2179
10844 2 2 10 1 2127 3168 2957
10845 2 2 10 1 4070 4071 3478
10846 2 2 10 1 4691 4692 4690
10847 2 2 10 1 4223 5002 4225
10848 2 2 10 1 1325 7357 1323
10849 2 2 10 1 4305 4306 4304
10850 2 2 10 1 3997 4460 4388
10851 2 2 10 1 911 7424 912
10852 2 2 10 1 1240 1243 1242
10853 2 2 10 1 4846 5162 4230
10854 2 2 10 1 5614 5647 5646
10855 2 2 10 1 1093 7726 665
10856 2 2 10 1 2613 2615 2614
10857 2 2 10 1 2296 2494 2295
10858 2 2 10 1 1388 1393 1389
10859 2 2 10 1 5254 5261 4097
10860 2 2 10 1 1979 1981 1980
10861 2 2 10 1 2345 2645 2346
10862 2 2 10 1 5223 5224 5222
10863 2 2 10 1 894 911 895
10864 2 2 10 1 2358 2360 2359
10865 2 2 10 1 975 988 987
10866 2 2 10 1 970 972 971
10867 2 2 10 1 1509 1511 1510
10868 2 2 10 1 1095 7727 651
10869 2 2 10 1 2645 3124 2646
10870 2 2 10 1 4265 4390 3903
10871 2 2 10 1 5074 5810 5075
10872 2 2 10 1 2899 2900 2898
10873 2 2 10 1 2625 2627 2626
10874 2 2 10 1 4188 4424 4192
10875 2 2 10 1 2360 7427 2361
10876 2 2 10 1 2356 2358 2357
10877 2 2 10 1 2180 2182 2181
10878 2 2 10 1 2125 2395 2124
10879 2 2 10 1 866 894 867
10880 2 2 10 1 1742 1797 1741
10881 2 2 10 1 5166 5167 5165
10882 2 2 10 1 4421 5793 4420
10883 2 2 10 1 4417 4951 4416
10884 2 2 10 1 1393 7428 1394
10885 2 2 10 1 4779 6018 6017
10886 2 2 10 1 2627 2629 2628
10887 2 2 10 1 882 2187 950
10888 2 2 10 1 1190 1191 1189
10889 2 2 10 1 2911 2912 2910
10890 2 2 10 1 5647 5649 5648
10891 2 2 10 1 2182 2345 2183
10892 2 2 10 1 2901 2902 2900
10893 2 2 10 1 3869 7431 3870
10894 2 2 10 1 1417 1496 1435
10895 2 2 10 1 1949 1950 1948
10896 2 2 10 1 2325 3228 3227
10897 2 2 10 1 1197 1199 1196
10898 2 2 10 1 2887 2888 1928
10899 2 2 10 1 3857 4812 4744
10900 2 2 10 1 1011 7516 1022
10901 2 2 10 1 1312 1313 1311
10902 2 2 10 1 2495 2674 2494
10903 2 2 10 1 2611 2613 2612
10904 2 2 10 1 2315 3375 3374
10905 2 2 10 1 1216 1244 1215
10906 2 2 10 1 3878 3880 3879
10907 2 2 10 1 3514 3515 1859
10908 2 2 10 1 2925 2926 2924
10909 2 2 10 1 782 783 781
10910 2 2 10 1 1921 1955 1954
10911 2 2 10 1 4055 4399 3916
10912 2 2 10 1 2061 2063 2062
10913 2 2 10 1 4925 4976 4926
10914 2 2 10 1 1933 1944 1932
10915 2 2 10 1 2617 2619 2618
10916 2 2 10 1 1314 1315 1313
10917 2 2 10 1 3989 5200 3687
10918 2 2 10 1 776 777 775
10919 2 2 10 1 3141 3873 3871
10920 2 2 10 1 784 785 783
10921 2 2 10 1 1570 1571 1569
10922 2 2 10 1 3809 4231 4142
10923 2 2 10 1 2921 2922 2920
10924 2 2 10 1 3399 3401 3400
10925 2 2 10 1 3676 3677 3403
10926 2 2 10 1 3084 3085 3083
10927 2 2 10 1 2915 2916 2914
10928 2 2 10 1 3229 4713 4026
10929 2 2 10 1 780 781 779
10930 2 2 10 1 786 787 785
10931 2 2 10 1 1316 1317 1315
10932 2 2 10 1 2464 2466 2465
10933 2 2 10 1 1195 1196 1194
10934 2 2 10 1 1709 1711 1708
10935 2 2 10 1 1177 1178 1176
10936 2 2 10 1 1171 1172 1170
10937 2 2 10 1 3361 3363 3362
10938 2 2 10 1 778 779 777
10939 2 2 10 1 788 789 787
10940 2 2 10 1 3447 3869 3448
10941 2 2 10 1 1161 1162 1160
10942 2 2 10 1 5225 5226 5224
10943 2 2 10 1 1318 1319 1317
10944 2 2 10 1 1703 1704 1702
10945 2 2 10 1 5383 5384 5382
10946 2 2 10 1 3189 3248 3188
10947 2 2 10 1 4477 5710 4478
10948 2 2 10 1 2905 2906 2904
10949 2 2 10 1 1957 1959 1958
10950 2 2 10 1 4404 5715 4405
10951 2 2 10 1 4749 5902 4750
10952 2 2 10 1 1165 1166 1164
10953 2 2 10 1 1188 1189 1187
10954 2 2 10 1 6010 6011 5016
10955 2 2 10 1 1693 1694 1692
10956 2 2 10 1 5227 5228 5226
10957 2 2 10 1 2621 2623 2622
10958 2 2 10 1 1192 1194 1191
10959 2 2 10 1 1697 1698 1696
10960 2 2 10 1 5207 6076 5137
10961 2 2 10 1 1881 1882 1880
10962 2 2 10 1 3449 5923 3450
10963 2 2 10 1 1951 2065 1950
10964 2 2 10 1 2907 2908 2906
10965 2 2 10 1 3565 3568 3567
10966 2 2 10 1 5631 5632 5630
10967 2 2 10 1 6253 6429 4573
10968 2 2 10 1 7059 7759 6634
10969 2 2 10 1 4759 5719 4720
10970 2 2 10 1 1699 1700 1698
10971 2 2 10 1 3273 3274 1835
10972 2 2 10 1 5633 5634 5632
10973 2 2 10 1 5154 5155 3481
10974 2 2 10 1 6075 7706 5241
10975 2 2 10 1 1167 1168 1166
10976 2 2 10 1 5122 5123 4397
10977 2 2 10 1 1691 1692 1690
10978 2 2 10 1 4239 5617 4238
10979 2 2 10 1 5492 6190 5806
10980 2 2 10 1 5659 5661 5660
10981 2 2 10 1 4422 5777 5663
10982 2 2 10 1 675 677 674
10983 2 2 10 1 1185 1187 1184
10984 2 2 10 1 1714 1715 1713
10985 2 2 10 1 2468 2561 2469
10986 2 2 10 1 5603 5612 5611
10987 2 2 10 1 1705 1706 1704
10988 2 2 10 1 4457 4477 4458
10989 2 2 10 1 4067 5124 3349
10990 2 2 10 1 1175 1176 1174
10991 2 2 10 1 2919 2920 2918
10992 2 2 10 1 6194 6256 6255
10993 2 2 10 1 1173 1174 1172
10994 2 2 10 1 1570 1572 1571
10995 2 2 10 1 2917 2918 2916
10996 2 2 10 1 2039 3827 1591
10997 2 2 10 1 3117 3118 3092
10998 2 2 10 1 1689 1690 1688
10999 2 2 10 1 4504 7648 4502
11000 2 2 10 1 1707 1708 1706
11001 2 2 10 1 1712 1713 1711
11002 2 2 10 1 3258 3803 3206
11003 2 2 10 1 1169 1170 1168
11004 2 2 10 1 4774 4775 4738
11005 2 2 10 1 3439 4238 3437
11006 2 2 10 1 4270 4271 4269
11007 2 2 10 1 1179 1180 1178
11008 2 2 10 1 1701 1702 1700
11009 2 2 10 1 2927 7639 3143
11010 2 2 10 1 5373 6406 6221
11011 2 2 10 1 1163 1164 1162
11012 2 2 10 1 7043 8285 7042
11013 2 2 10 1 2909 2910 2908
11014 2 2 10 1 5593 5601 5600
11015 2 2 10 1 1695 1696 1694
11016 2 2 10 1 4811 5541 4168
11017 2 2 10 1 3506 4372 3505
11018 2 2 10 1 5629 5630 5628
11019 2 2 10 1 2927 3143 2926
11020 2 2 10 1 5758 5768 4552
11021 2 2 10 1 2075 2268 2048
11022 2 2 10 1 5231 5232 5230
11023 2 2 10 1 3648 3903 3647
11024 2 2 10 1 2923 2924 2922
11025 2 2 10 1 5163 6185 5162
11026 2 2 10 1 2903 2904 2902
11027 2 2 10 1 5503 5737 4686
11028 2 2 10 1 6254 7760 4544
11029 2 2 10 1 3249 3505 3248
11030 2 2 10 1 3136 3137 3135
11031 2 2 10 1 2913 2914 2912
11032 2 2 10 1 3138 3212 3137
11033 2 2 10 1 5217 5218 5216
11034 2 2 10 1 3134 3135 3133
11035 2 2 10 1 1812 2048 1811
11036 2 2 10 1 7337 8155 7990
11037 2 2 10 1 3923 4057 4056
11038 2 2 10 1 5221 5222 5220
11039 2 2 10 1 2066 2288 2065
11040 2 2 10 1 4285 5055 4772
11041 2 2 10 1 4679 7765 3836
11042 2 2 10 1 5504 5505 5111
11043 2 2 10 1 560 3950 558
11044 2 2 10 1 4907 4908 4905
11045 2 2 10 1 4904 4905 4903
11046 2 2 10 1 673 674 672
11047 2 2 10 1 7643 7645 7644
11048 2 2 10 1 5458 5673 4462
11049 2 2 10 1 4542 7761 6253
11050 2 2 10 1 4921 4922 4908
11051 2 2 10 1 5399 8302 5445
11052 2 2 10 1 3071 3072 3070
11053 2 2 10 1 5871 5872 4874
11054 2 2 10 1 4817 5402 4816
11055 2 2 10 1 3065 3066 3064
11056 2 2 10 1 798 7398 3699
11057 2 2 10 1 4902 4903 4901
11058 2 2 10 1 6562 7447 6563
11059 2 2 10 1 4293 7729 3808
11060 2 2 10 1 3132 3133 3131
11061 2 2 10 1 4041 4462 3826
11062 2 2 10 1 4307 5094 4306
11063 2 2 10 1 3908 7647 4257
11064 2 2 10 1 5385 5386 5384
11065 2 2 10 1 5387 6030 5386
11066 2 2 10 1 3513 7855 7503
11067 2 2 10 1 2313 2475 2314
11068 2 2 10 1 4063 4339 3580
11069 2 2 10 1 4163 7744 4164
11070 2 2 10 1 2107 2110 2109
11071 2 2 10 1 563 7730 565
11072 2 2 10 1 1993 8398 7309
11073 2 2 10 1 6591 7763 6727
11074 2 2 10 1 2648 3276 2649
11075 2 2 10 1 7515 7862 2792
11076 2 2 10 1 5300 5459 5301
11077 2 2 10 1 3707 4163 3708
11078 2 2 10 1 3457 4773 4376
11079 2 2 10 1 4858 5907 5906
11080 2 2 10 1 1838 7768 4061
11081 2 2 10 1 1118 1220 1219
11082 2 2 10 1 3864 4714 3863
11083 2 2 10 1 853 4044 845
11084 2 2 10 1 3255 3387 3254
11085 2 2 10 1 7379 8255 6466
11086 2 2 10 1 3364 7451 4680
11087 2 2 10 1 3025 4754 4753
11088 2 2 10 1 1770 1912 1774
11089 2 2 10 1 6767 8678 4793
11090 2 2 10 1 4684 5072 3587
11091 2 2 10 1 3469 4963 4027
11092 2 2 10 1 1352 4548 1357
11093 2 2 10 1 3244 7776 2524
11094 2 2 10 1 3467 3469 3468
11095 2 2 10 1 4963 5098 5097
11096 2 2 10 1 4443 4444 4279
11097 2 2 10 1 3507 4223 3508
11098 2 2 10 1 4076 7773 888
11099 2 2 10 1 1238 1240 1239
11100 2 2 10 1 4450 4451 4448
11101 2 2 10 1 4396 5345 5344
11102 2 2 10 1 1999 2001 2000
11103 2 2 10 1 4512 5019 4510
11104 2 2 10 1 7488 8352 2844
11105 2 2 10 1 8453 8761 4128
11106 2 2 10 1 2994 3293 3292
11107 2 2 10 1 4091 5013 4727
11108 2 2 10 1 3204 4093 3731
11109 2 2 10 1 4482 4483 3822
11110 2 2 10 1 3429 4097 3427
11111 2 2 10 1 2992 2994 2993
11112 2 2 10 1 1183 1184 1182
11113 2 2 10 1 7078 7450 5181
11114 2 2 10 1 3465 3467 3466
11115 2 2 10 1 2392 2414 2184
11116 2 2 10 1 1545 1547 1546
11117 2 2 10 1 5734 5941 5008
11118 2 2 10 1 3168 3391 3390
11119 2 2 10 1 3991 5398 4440
11120 2 2 10 1 3199 3886 3885
11121 2 2 10 1 4612 7772 6917
11122 2 2 10 1 4687 4688 4071
11123 2 2 10 1 5356 6120 4451
11124 2 2 10 1 4655 7866 7520
11125 2 2 10 1 7681 7682 2870
11126 2 2 10 1 1511 1513 1512
11127 2 2 10 1 1959 1961 1960
11128 2 2 10 1 3208 4037 3209
11129 2 2 10 1 4424 5866 5510
11130 2 2 10 1 4296 5448 5393
11131 2 2 10 1 4988 5043 4195
11132 2 2 10 1 2990 2992 2991
11133 2 2 10 1 4967 5877 4968
11134 2 2 10 1 5031 7778 2762
11135 2 2 10 1 3914 5791 4944
11136 2 2 10 1 2396 2635 2395
11137 2 2 10 1 1519 7420 4777
11138 2 2 10 1 4961 7703 3791
11139 2 2 10 1 2581 2583 2582
11140 2 2 10 1 2585 2590 2589
11141 2 2 10 1 1829 7777 4792
11142 2 2 10 1 3391 4233 4232
11143 2 2 10 1 2055 2385 2056
11144 2 2 10 1 1965 1967 1966
11145 2 2 10 1 3318 3447 3319
11146 2 2 10 1 1496 1498 1497
11147 2 2 10 1 2583 2585 2584
11148 2 2 10 1 2187 2441 2188
11149 2 2 10 1 5627 5628 5626
11150 2 2 10 1 2579 2581 2580
11151 2 2 10 1 1975 1977 1976
11152 2 2 10 1 2046 2055 2047
11153 2 2 10 1 3228 3993 3992
11154 2 2 10 1 3375 4033 4032
11155 2 2 10 1 1969 1971 1970
11156 2 2 10 1 3010 3173 2888
11157 2 2 10 1 4719 4720 3915
11158 2 2 10 1 1973 1975 1974
11159 2 2 10 1 2637 3077 2635
11160 2 2 10 1 6262 8466 3371
11161 2 2 10 1 1963 1965 1964
11162 2 2 10 1 3150 3437 3149
11163 2 2 10 1 4713 6049 5180
11164 2 2 10 1 3709 4296 4295
11165 2 2 10 1 5332 7781 3793
11166 2 2 10 1 3086 3087 3085
11167 2 2 10 1 2953 3199 3198
11168 2 2 10 1 1961 1963 1962
11169 2 2 10 1 4660 4661 4399
11170 2 2 10 1 2441 3405 2693
11171 2 2 10 1 1967 1969 1968
11172 2 2 10 1 1500 1533 1501
11173 2 2 10 1 1498 1500 1499
11174 2 2 10 1 5623 5624 5622
11175 2 2 10 1 3178 3315 3173
11176 2 2 10 1 1971 1973 1972
11177 2 2 10 1 4644 5832 5536
11178 2 2 10 1 1533 1575 1534
11179 2 2 10 1 4181 4182 4180
11180 2 2 10 1 3729 4168 3443
11181 2 2 10 1 3500 4978 3315
11182 2 2 10 1 4056 7780 3373
11183 2 2 10 1 1883 1884 1882
11184 2 2 10 1 1780 1811 1739
11185 2 2 10 1 2985 3208 2986
11186 2 2 10 1 5102 5670 5101
11187 2 2 10 1 3694 7785 4867
11188 2 2 10 1 4877 4928 4158
11189 2 2 10 1 5110 5111 5109
11190 2 2 10 1 4814 4936 4175
11191 2 2 10 1 3489 3490 3087
11192 2 2 10 1 4851 5048 4661
11193 2 2 10 1 5204 7791 4237
11194 2 2 10 1 2577 2579 2578
11195 2 2 10 1 5140 5957 5048
11196 2 2 10 1 2043 2046 2044
11197 2 2 10 1 1579 7451 3364
11198 2 2 10 1 6121 6355 5124
11199 2 2 10 1 1870 7786 3749
11200 2 2 10 1 3828 4282 3827
11201 2 2 10 1 4170 4498 3803
11202 2 2 10 1 4948 4949 4775
11203 2 2 10 1 1885 1886 1884
11204 2 2 10 1 1893 1894 1892
11205 2 2 10 1 1889 1890 1888
11206 2 2 10 1 1887 1888 1886
11207 2 2 10 1 4722 7783 3316
11208 2 2 10 1 1891 1892 1890
11209 2 2 10 1 1896 1897 1894
11210 2 2 10 1 1621 1685 1622
11211 2 2 10 1 2134 7468 3707
11212 2 2 10 1 4147 4927 4148
11213 2 2 10 1 4884 5976 5724
11214 2 2 10 1 4808 5841 5078
11215 2 2 10 1 3834 3850 2240
11216 2 2 10 1 573 574 572
11217 2 2 10 1 583 584 582
11218 2 2 10 1 4950 5501 4949
11219 2 2 10 1 639 640 638
11220 2 2 10 1 625 626 624
11221 2 2 10 1 629 630 628
11222 2 2 10 1 635 636 634
11223 2 2 10 1 633 634 632
11224 2 2 10 1 631 632 630
11225 2 2 10 1 637 638 636
11226 2 2 10 1 627 628 626
11227 2 2 10 1 577 578 576
11228 2 2 10 1 4900 4901 4899
11229 2 2 10 1 641 642 640
11230 2 2 10 1 623 624 622
11231 2 2 10 1 2967 5160 2968
11232 2 2 10 1 593 594 592
11233 2 2 10 1 587 588 586
11234 2 2 10 1 597 598 596
11235 2 2 10 1 2716 7793 5246
11236 2 2 10 1 4548 7420 1357
11237 2 2 10 1 2938 7792 1135
11238 2 2 10 1 601 602 600
11239 2 2 10 1 591 592 590
11240 2 2 10 1 611 612 610
11241 2 2 10 1 581 582 580
11242 2 2 10 1 605 606 604
11243 2 2 10 1 615 616 614
11244 2 2 10 1 607 608 606
11245 2 2 10 1 3067 3068 3066
11246 2 2 10 1 609 610 608
11247 2 2 10 1 613 614 612
11248 2 2 10 1 5919 6133 4732
11249 2 2 10 1 3197 8179 3978
11250 2 2 10 1 595 596 594
11251 2 2 10 1 4815 4816 4383
11252 2 2 10 1 4837 7700 4497
11253 2 2 10 1 5194 7737 7030
11254 2 2 10 1 599 600 598
11255 2 2 10 1 585 586 584
11256 2 2 10 1 4251 5460 4762
11257 2 2 10 1 603 604 602
11258 2 2 10 1 3164 7797 5478
11259 2 2 10 1 575 576 574
11260 2 2 10 1 4508 7794 5207
11261 2 2 10 1 571 572 570
11262 2 2 10 1 589 590 588
11263 2 2 10 1 579 580 578
11264 2 2 10 1 647 668 646
11265 2 2 10 1 1217 7795 4721
11266 2 2 10 1 1361 7420 1519
11267 2 2 10 1 4365 4366 4353
11268 2 2 10 1 4384 4385 4368
11269 2 2 10 1 2471 2472 2234
11270 2 2 10 1 4392 4393 4387
11271 2 2 10 1 4350 4351 4126
11272 2 2 10 1 5405 5406 4395
11273 2 2 10 1 4352 4353 4351
11274 2 2 10 1 4367 4368 4366
11275 2 2 10 1 2838 2839 2472
11276 2 2 10 1 6021 6022 5406
11277 2 2 10 1 4386 4387 4385
11278 2 2 10 1 4394 4395 4393
11279 2 2 10 1 621 622 620
11280 2 2 10 1 2990 8362 2992
11281 2 2 10 1 4475 4476 3780
11282 2 2 10 1 3789 7800 5122
11283 2 2 10 1 1562 7801 2939
11284 2 2 10 1 4042 4043 2271
11285 2 2 10 1 3031 3395 2215
11286 2 2 10 1 834 8136 2400
11287 2 2 10 1 3007 7721 2637
11288 2 2 10 1 4929 7733 5551
11289 2 2 10 1 5701 5702 5700
11290 2 2 10 1 4125 4126 3524
11291 2 2 10 1 2233 2234 2045
11292 2 2 10 1 3896 4206 3895
11293 2 2 10 1 5699 5700 5698
11294 2 2 10 1 4784 9003 5812
11295 2 2 10 1 8798 8893 6327
11296 2 2 10 1 3779 3780 3050
11297 2 2 10 1 3078 7459 2537
11298 2 2 10 1 5969 8626 8462
11299 2 2 10 1 5191 5782 4339
11300 2 2 10 1 3020 3141 3140
11301 2 2 10 1 4007 4291 3773
11302 2 2 10 1 6286 6287 6285
11303 2 2 10 1 5697 5698 5696
11304 2 2 10 1 3904 3905 3777
11305 2 2 10 1 6284 6285 5366
11306 2 2 10 1 2071 7471 5375
11307 2 2 10 1 5708 5709 4834
11308 2 2 10 1 7028 8138 6292
11309 2 2 10 1 565 7730 2051
11310 2 2 10 1 3930 3931 3929
11311 2 2 10 1 6465 6500 5997
11312 2 2 10 1 6488 7452 3376
11313 2 2 10 1 5192 5997 5072
11314 2 2 10 1 3932 5470 3931
11315 2 2 10 1 826 7380 816
11316 2 2 10 1 5964 8227 5963
11317 2 2 10 1 2855 7808 4064
11318 2 2 10 1 1117 7474 3991
11319 2 2 10 1 6924 8321 5310
11320 2 2 10 1 6923 8718 8116
11321 2 2 10 1 3928 3929 3927
11322 2 2 10 1 870 7415 853
11323 2 2 10 1 6355 8175 5124
11324 2 2 10 1 1055 7475 3914
11325 2 2 10 1 7887 8077 3181
11326 2 2 10 1 4856 7814 7250
11327 2 2 10 1 3719 3826 2446
11328 2 2 10 1 7139 8758 4975
11329 2 2 10 1 4968 8077 4747
11330 2 2 10 1 1984 7477 3709
11331 2 2 10 1 3509 5898 5897
11332 2 2 10 1 569 570 568
11333 2 2 10 1 3925 7724 4858
11334 2 2 10 1 7639 8026 4733
11335 2 2 10 1 2736 8290 892
11336 2 2 10 1 3130 3131 3129
11337 2 2 10 1 3355 5300 5299
11338 2 2 10 1 4437 6069 6068
11339 2 2 10 1 2124 8146 1930
11340 2 2 10 1 4164 4880 4452
11341 2 2 10 1 2134 3707 3115
11342 2 2 10 1 8045 8135 7767
11343 2 2 10 1 7621 9477 6296
11344 2 2 10 1 3617 4318 4317
11345 2 2 10 1 770 7330 765
11346 2 2 10 1 4002 5450 5449
11347 2 2 10 1 3734 4313 4311
11348 2 2 10 1 664 1008 666
11349 2 2 10 1 2671 8132 2421
11350 2 2 10 1 3710 7481 4808
11351 2 2 10 1 2071 5375 4913
11352 2 2 10 1 3949 7732 3251
11353 2 2 10 1 3925 4858 4459
11354 2 2 10 1 3295 7724 3925
11355 2 2 10 1 1117 3991 3800
11356 2 2 10 1 5300 7707 5459
11357 2 2 10 1 671 672 670
11358 2 2 10 1 2015 6057 5190
11359 2 2 10 1 1055 3914 3913
11360 2 2 10 1 7380 8207 2836
11361 2 2 10 1 3947 4712 4711
11362 2 2 10 1 3048 3465 3464
11363 2 2 10 1 4872 5305 4693
11364 2 2 10 1 2485 7392 2822
11365 2 2 10 1 1984 3709 2948
11366 2 2 10 1 3956 5133 5132
11367 2 2 10 1 4259 5744 5070
11368 2 2 10 1 2504 2990 2666
11369 2 2 10 1 3613 4171 3736
11370 2 2 10 1 4322 5817 5816
11371 2 2 10 1 4340 6138 5821
11372 2 2 10 1 6151 6152 5201
11373 2 2 10 1 3284 4100 3966
11374 2 2 10 1 2950 2953 2952
11375 2 2 10 1 4028 5854 5853
11376 2 2 10 1 2982 2985 2984
11377 2 2 10 1 4674 4732 3970
11378 2 2 10 1 4201 7406 5669
11379 2 2 10 1 3710 4808 4805
11380 2 2 10 1 2197 2577 2576
11381 2 2 10 1 3744 5364 3746
11382 2 2 10 1 1785 2043 2042
11383 2 2 10 1 3824 4644 4642
11384 2 2 10 1 3893 4884 4681
11385 2 2 10 1 4169 4959 4958
11386 2 2 10 1 2841 4147 3366
11387 2 2 10 1 6139 6140 4757
11388 2 2 10 1 645 646 643
11389 2 2 10 1 5076 5651 4210
11390 2 2 10 1 1565 1621 1567
11391 2 2 10 1 905 8290 924
11392 2 2 10 1 618 2967 2966
11393 2 2 10 1 619 620 617
11394 2 2 10 1 5056 8205 4772
11395 2 2 10 1 4989 4990 4207
11396 2 2 10 1 2558 7533 2420
11397 2 2 10 1 4758 6143 6141
11398 2 2 10 1 653 1095 651
11399 2 2 10 1 657 2940 655
11400 2 2 10 1 661 676 659
11401 2 2 10 1 667 1093 665
11402 2 2 10 1 650 1092 652
11403 2 2 10 1 656 861 658
11404 2 2 10 1 660 2941 662
11405 2 2 10 1 705 7405 703
11406 2 2 10 1 3776 5329 5328
11407 2 2 10 1 4360 4418 3935
11408 2 2 10 1 3146 7414 4212
11409 2 2 10 1 3745 5343 3743
11410 2 2 10 1 6374 6375 4537
11411 2 2 10 1 4980 5676 5675
11412 2 2 10 1 3894 3895 3747
11413 2 2 10 1 3006 7728 3018
11414 2 2 10 1 1566 2271 1564
11415 2 2 10 1 2041 2045 1784
11416 2 2 10 1 3523 3524 2575
11417 2 2 10 1 5465 5769 4799
11418 2 2 10 1 3049 3050 2983
11419 2 2 10 1 4842 8199 7491
11420 2 2 10 1 2954 3773 2951
11421 2 2 10 1 3737 5339 3735
11422 2 2 10 1 4292 4293 3808
11423 2 2 10 1 4177 5342 3742
11424 2 2 10 1 4262 4834 3865
11425 2 2 10 1 5695 5696 4886
11426 2 2 10 1 3250 3777 2665
11427 2 2 10 1 5174 5341 3740
11428 2 2 10 1 5325 5338 4108
11429 2 2 10 1 3463 5081 3047
11430 2 2 10 1 5365 5366 4099
11431 2 2 10 1 7709 7917 952
11432 2 2 10 1 2567 3125 2566
11433 2 2 10 1 3342 7440 3346
11434 2 2 10 1 4172 7437 4554
11435 2 2 10 1 2901 8198 2903
11436 2 2 10 1 3900 4998 3114
11437 2 2 10 1 3774 5337 3733
11438 2 2 10 1 2244 7652 2531
11439 2 2 10 1 4985 4986 4165
11440 2 2 10 1 3926 3927 3296
11441 2 2 10 1 6593 7731 6592
11442 2 2 10 1 90 7611 530
11443 2 2 10 1 378 7618 509
11444 2 2 10 1 186 7592 531
11445 2 2 10 1 282 7603 520
11446 2 2 10 1 483 553 295
11447 2 2 10 1 482 7534 103
11448 2 2 10 1 473 7594 217
11449 2 2 10 1 552 7622 195
11450 2 2 10 1 14 7561 456
11451 2 2 10 1 551 7623 291
11452 2 2 10 1 550 7624 387
11453 2 2 10 1 525 7620 193
11454 2 2 10 1 460 7538 287
11455 2 2 10 1 534 7583 115
11456 2 2 10 1 83 7536 420
11457 2 2 10 1 20 7577 537
11458 2 2 10 1 363 7555 508
11459 2 2 10 1 537 7578 19
11460 2 2 10 1 487 7560 276
11461 2 2 10 1 471 7614 320
11462 2 2 10 1 401 7565 357
11463 2 2 10 1 472 7544 72
11464 2 2 10 1 510 7579 74
11465 2 2 10 1 503 7582 372
11466 2 2 10 1 500 7557 337
11467 2 2 10 1 125 7584 415
11468 2 2 10 1 140 7587 396
11469 2 2 10 1 142 7588 518
11470 2 2 10 1 147 7589 522
11471 2 2 10 1 149 7590 392
11472 2 2 10 1 151 7591 515
11473 2 2 10 1 153 7563 443
11474 2 2 10 1 160 7546 511
11475 2 2 10 1 168 7540 545
11476 2 2 10 1 221 7596 413
11477 2 2 10 1 232 7547 446
11478 2 2 10 1 234 7548 493
11479 2 2 10 1 236 7549 400
11480 2 2 10 1 240 7551 442
11481 2 2 10 1 245 7552 390
11482 2 2 10 1 247 7598 491
11483 2 2 10 1 254 7605 395
11484 2 2 10 1 256 7599 516
11485 2 2 10 1 258 7600 437
11486 2 2 10 1 260 7601 519
11487 2 2 10 1 264 7559 536
11488 2 2 10 1 275 7560 418
11489 2 2 10 1 369 7617 7539
11490 2 2 10 1 495 7551 241
11491 2 2 10 1 536 7602 263
11492 2 2 10 1 332 7556 399
11493 2 2 10 1 73 7579 472
11494 2 2 10 1 326 7571 542
11495 2 2 10 1 60 7610 528
11496 2 2 10 1 511 7576 159
11497 2 2 10 1 516 7605 255
11498 2 2 10 1 341 7558 391
11499 2 2 10 1 543 7608 37
11500 2 2 10 1 64 7543 497
11501 2 2 10 1 513 7574 289
11502 2 2 10 1 29 7564 412
11503 2 2 10 1 356 7565 514
11504 2 2 10 1 361 7566 468
11505 2 2 10 1 486 7536 84
11506 2 2 10 1 371 7582 419
11507 2 2 10 1 330 7553 507
11508 2 2 10 1 343 7616 489
11509 2 2 10 1 515 7590 150
11510 2 2 10 1 443 7591 152
11511 2 2 10 1 492 7563 154
11512 2 2 10 1 422 7593 214
11513 2 2 10 1 493 7547 233
11514 2 2 10 1 439 7598 248
11515 2 2 10 1 496 7573 250
11516 2 2 10 1 508 7566 362
11517 2 2 10 1 58 7609 444
11518 2 2 10 1 317 7613 414
11519 2 2 10 1 47 7567 505
11520 2 2 10 1 336 7557 441
11521 2 2 10 1 345 7569 440
11522 2 2 10 1 423 7612 310
11523 2 2 10 1 518 7587 141
11524 2 2 10 1 392 7589 148
11525 2 2 10 1 437 7599 257
11526 2 2 10 1 519 7600 259
11527 2 2 10 1 402 7601 261
11528 2 2 10 1 56 7542 506
11529 2 2 10 1 334 7554 499
11530 2 2 10 1 405 7607 35
11531 2 2 10 1 62 7572 397
11532 2 2 10 1 467 7559 265
11533 2 2 10 1 506 7562 55
11534 2 2 10 1 397 7610 61
11535 2 2 10 1 440 7616 344
11536 2 2 10 1 438 7567 48
11537 2 2 10 1 528 7609 59
11538 2 2 10 1 541 7613 318
11539 2 2 10 1 499 7556 333
11540 2 2 10 1 501 7569 346
11541 2 2 10 1 542 7615 325
11542 2 2 10 1 32 7570 463
11543 2 2 10 1 489 7558 342
11544 2 2 10 1 85 7606 486
11545 2 2 10 1 288 7574 460
11546 2 2 10 1 444 7542 57
11547 2 2 10 1 441 7554 335
11548 2 2 10 1 464 7585 127
11549 2 2 10 1 406 7586 131
11550 2 2 10 1 309 7612 529
11551 2 2 10 1 128 7580 464
11552 2 2 10 1 497 7572 63
11553 2 2 10 1 433 7543 65
11554 2 2 10 1 80 7535 465
11555 2 2 10 1 368 7539 469
11556 2 2 10 1 436 7588 143
11557 2 2 10 1 434 7546 161
11558 2 2 10 1 494 7549 237
11559 2 2 10 1 442 7550 239
11560 2 2 10 1 491 7552 246
11561 2 2 10 1 112 7581 539
11562 2 2 10 1 36 7608 405
11563 2 2 10 1 324 7615 408
11564 2 2 10 1 126 7585 7584
11565 2 2 10 1 158 7576 394
11566 2 2 10 1 213 7593 532
11567 2 2 10 1 218 7595 473
11568 2 2 10 1 222 7597 7596
11569 2 2 10 1 238 7550 494
11570 2 2 10 1 249 7573 439
11571 2 2 10 1 262 7602 402
11572 2 2 10 1 284 7604 449
11573 2 2 10 1 430 7581 113
11574 2 2 10 1 429 7619 17
11575 2 2 10 1 445 7571 327
11576 2 2 10 1 474 7597 223
11577 2 2 10 1 400 7548 235
11578 2 2 10 1 16 7619 544
11579 2 2 10 1 319 7614 541
11580 2 2 10 1 399 7553 331
11581 2 2 10 1 466 7540 169
11582 2 2 10 1 7545 7606 86
11583 2 2 10 1 524 7580 129
11584 2 2 10 1 416 7555 364
11585 2 2 10 1 533 7570 33
11586 2 2 10 1 77 7537 409
11587 2 2 10 1 34 7607 533
11588 2 2 10 1 544 7561 15
11589 2 2 10 1 114 7583 430
11590 2 2 10 1 130 7586 524
11591 2 2 10 1 184 7629 427
11592 2 2 10 1 280 7630 428
11593 2 2 10 1 376 7628 426
11594 2 2 10 1 18 7578 429
11595 2 2 10 1 88 7627 425
11596 2 2 10 1 425 7545 87
11597 2 2 10 1 418 7621 274
11598 2 2 10 1 192 7620 459
11599 2 2 10 1 419 7617 370
11600 2 2 10 1 286 7538 517
11601 2 2 10 1 517 7604 285
11602 2 2 10 1 452 7611 91
11603 2 2 10 1 296 7626 483
11604 2 2 10 1 451 7592 187
11605 2 2 10 1 450 7618 379
11606 2 2 10 1 449 7603 283
11607 2 2 10 1 520 7630 281
11608 2 2 10 1 531 7629 185
11609 2 2 10 1 509 7628 377
11610 2 2 10 1 530 7627 89
11611 2 2 10 1 386 7624 527
11612 2 2 10 1 194 7622 525
11613 2 2 10 1 290 7623 513
11614 2 2 10 1 3618 4848 3038
11615 2 2 10 1 1255 7659 7245
11616 2 2 10 1 5351 9068 5605
11617 2 2 10 1 2509 8201 2511
11618 2 2 10 1 5021 8291 5561
11619 2 2 10 1 6241 8388 4604
11620 2 2 10 1 1450 7634 7633
11621 2 2 10 1 1321 2965 1319
11622 2 2 10 1 3124 7635 2646
11623 2 2 10 1 3268 7737 3964
11624 2 2 10 1 4651 8013 7278
11625 2 2 10 1 2788 7667 7145
11626 2 2 10 1 1783 7748 1914
11627 2 2 10 1 4164 7744 4880
11628 2 2 10 1 5987 9679 7646
11629 2 2 10 1 556 7927 5090
11630 2 2 10 1 2098 8203 2096
11631 2 2 10 1 1300 7679 1618
11632 2 2 10 1 7434 7992 843
11633 2 2 10 1 1290 7681 2870
11634 2 2 10 1 1304 7687 2893
11635 2 2 10 1 1286 7686 1502
11636 2 2 10 1 731 7685 1044
11637 2 2 10 1 700 7523 3510
11638 2 2 10 1 6248 7459 3078
11639 2 2 10 1 3162 6245 3354
11640 2 2 10 1 2803 7696 7136
11641 2 2 10 1 7492 8183 4670
11642 2 2 10 1 2570 8148 3337
11643 2 2 10 1 1122 7755 1224
11644 2 2 10 1 1005 8137 6875
11645 2 2 10 1 7333 7978 1649
11646 2 2 10 1 3746 7870 3893
11647 2 2 10 1 7408 8205 8012
11648 2 2 10 1 2633 7654 2410
11649 2 2 10 1 4307 8232 5095
11650 2 2 10 1 655 7874 653
11651 2 2 10 1 2355 7699 7150
11652 2 2 10 1 2068 2282 2239
11653 2 2 10 1 1022 7516 1058
11654 2 2 10 1 6540 8554 6977
11655 2 2 10 1 6220 7074 6219
11656 2 2 10 1 2420 7533 2422
11657 2 2 10 1 505 9217 6201
11658 2 2 10 1 2289 7637 2288
11659 2 2 10 1 8609 8659 4956
11660 2 2 10 1 3230 7740 3229
11661 2 2 10 1 3229 7740 4713
11662 2 2 10 1 3018 3019 3007
11663 2 2 10 1 7859 8141 5287
11664 2 2 10 1 3349 7742 3350
11665 2 2 10 1 5124 7742 3349
11666 2 2 10 1 934 8044 2846
11667 2 2 10 1 2553 2555 2554
11668 2 2 10 1 3695 7641 7640
11669 2 2 10 1 6453 8143 7860
11670 2 2 10 1 3856 7657 7656
11671 2 2 10 1 6888 8159 2508
11672 2 2 10 1 1058 7516 3371
11673 2 2 10 1 567 568 566
11674 2 2 10 1 2612 8212 2610
11675 2 2 10 1 3885 7910 4322
11676 2 2 10 1 7212 8120 2196
11677 2 2 10 1 7861 8144 6122
11678 2 2 10 1 3729 8266 4811
11679 2 2 10 1 2567 3128 3126
11680 2 2 10 1 703 7523 700
11681 2 2 10 1 6828 8369 6829
11682 2 2 10 1 3629 7640 3631
11683 2 2 10 1 1450 7633 1452
11684 2 2 10 1 1648 7883 1679
11685 2 2 10 1 2646 7635 2773
11686 2 2 10 1 3182 7765 2850
11687 2 2 10 1 3606 7650 3608
11688 2 2 10 1 6654 8062 4101
11689 2 2 10 1 1722 8025 7159
11690 2 2 10 1 2681 7885 2684
11691 2 2 10 1 2334 7653 2336
11692 2 2 10 1 2185 7738 2530
11693 2 2 10 1 3625 7651 3627
11694 2 2 10 1 7943 7944 5289
11695 2 2 10 1 1792 8312 1908
11696 2 2 10 1 3634 7656 3636
11697 2 2 10 1 1259 7664 1823
11698 2 2 10 1 1475 7649 2169
11699 2 2 10 1 3846 7759 3112
11700 2 2 10 1 2190 7858 2398
11701 2 2 10 1 3534 7760 3530
11702 2 2 10 1 2338 7661 2340
11703 2 2 10 1 2670 7857 2572
11704 2 2 10 1 2997 7761 3398
11705 2 2 10 1 7858 8146 5286
11706 2 2 10 1 1029 7660 1031
11707 2 2 10 1 3046 7884 3304
11708 2 2 10 1 709 7859 711
11709 2 2 10 1 3726 7677 7676
11710 2 2 10 1 3123 7663 3502
11711 2 2 10 1 2081 7860 1836
11712 2 2 10 1 1673 7665 1675
11713 2 2 10 1 724 1777 717
11714 2 2 10 1 2305 7776 2303
11715 2 2 10 1 1025 7658 1852
11716 2 2 10 1 3982 7886 4220
11717 2 2 10 1 2562 7887 2607
11718 2 2 10 1 3641 7895 4331
11719 2 2 10 1 3833 7668 3902
11720 2 2 10 1 2322 7861 2324
11721 2 2 10 1 1658 8160 6673
11722 2 2 10 1 2553 2554 2552
11723 2 2 10 1 764 7768 766
11724 2 2 10 1 885 7773 883
11725 2 2 10 1 3594 7791 3592
11726 2 2 10 1 2591 7763 3300
11727 2 2 10 1 2756 7778 2754
11728 2 2 10 1 1349 7669 1354
11729 2 2 10 1 2422 7533 2861
11730 2 2 10 1 756 7670 760
11731 2 2 10 1 3015 7781 2764
11732 2 2 10 1 2491 7785 3028
11733 2 2 10 1 836 7777 839
11734 2 2 10 1 2533 7783 2213
11735 2 2 10 1 769 7671 806
11736 2 2 10 1 1131 2886 1115
11737 2 2 10 1 1864 7786 1866
11738 2 2 10 1 1331 7673 1335
11739 2 2 10 1 2171 7676 2173
11740 2 2 10 1 1112 7792 1084
11741 2 2 10 1 815 7675 825
11742 2 2 10 1 2414 7418 2777
11743 2 2 10 1 1339 7672 1343
11744 2 2 10 1 7440 7441 3346
11745 2 2 10 1 3008 7772 3455
11746 2 2 10 1 2705 7780 2382
11747 2 2 10 1 2080 7793 2349
11748 2 2 10 1 2452 7688 2454
11749 2 2 10 1 4503 7794 4505
11750 2 2 10 1 2556 2566 2555
11751 2 2 10 1 1768 7713 1251
11752 2 2 10 1 1600 7797 1603
11753 2 2 10 1 3194 7678 4346
11754 2 2 10 1 2668 7800 3106
11755 2 2 10 1 1062 7795 1085
11756 2 2 10 1 3968 7463 4766
11757 2 2 10 1 3385 7888 4242
11758 2 2 10 1 1423 7801 1425
11759 2 2 10 1 5511 8148 7857
11760 2 2 10 1 2932 7691 3522
11761 2 2 10 1 2783 7695 2785
11762 2 2 10 1 1797 7417 4139
11763 2 2 10 1 1948 7891 1945
11764 2 2 10 1 2456 7690 2458
11765 2 2 10 1 2083 7865 3575
11766 2 2 10 1 4560 7693 4562
11767 2 2 10 1 7865 8149 5288
11768 2 2 10 1 2040 7808 2852
11769 2 2 10 1 3023 7814 3790
11770 2 2 10 1 7405 7523 703
11771 2 2 10 1 535 9218 5980
11772 2 2 10 1 2400 8136 7691
11773 2 2 10 1 7421 8209 8019
11774 2 2 10 1 1715 7432 3184
11775 2 2 10 1 6361 7903 6358
11776 2 2 10 1 3865 7922 2993
11777 2 2 10 1 7712 7973 3261
11778 2 2 10 1 7331 8105 1553
11779 2 2 10 1 1571 7451 1579
11780 2 2 10 1 1730 7692 3724
11781 2 2 10 1 7334 8101 2981
11782 2 2 10 1 2039 9029 6174
11783 2 2 10 1 3212 7697 3943
11784 2 2 10 1 3018 3020 3019
11785 2 2 10 1 3811 7651 3625
11786 2 2 10 1 3395 7436 4297
11787 2 2 10 1 4797 7880 4956
11788 2 2 10 1 7225 7650 3606
11789 2 2 10 1 3695 7640 3629
11790 2 2 10 1 2842 3457 3456
11791 2 2 10 1 1452 7633 1455
11792 2 2 10 1 3631 7640 3856
11793 2 2 10 1 3514 3649 3515
11794 2 2 10 1 3856 7656 3634
11795 2 2 10 1 2863 7660 1029
11796 2 2 10 1 2773 7635 3104
11797 2 2 10 1 3608 7650 4620
11798 2 2 10 1 3725 7664 1259
11799 2 2 10 1 2342 7661 2338
11800 2 2 10 1 808 7405 705
11801 2 2 10 1 3627 7651 3695
11802 2 2 10 1 2336 7653 2342
11803 2 2 10 1 4078 8322 6981
11804 2 2 10 1 3636 7656 3640
11805 2 2 10 1 8513 8527 1246
11806 2 2 10 1 5820 5864 5496
11807 2 2 10 1 2169 7649 3726
11808 2 2 10 1 3502 7663 5461
11809 2 2 10 1 437 9299 7599
11810 2 2 10 1 4160 4161 3475
11811 2 2 10 1 2340 7661 2881
11812 2 2 10 1 1031 7660 1045
11813 2 2 10 1 1823 7664 2095
11814 2 2 10 1 5439 5440 4439
11815 2 2 10 1 3018 7728 4176
11816 2 2 10 1 1675 7665 1819
11817 2 2 10 1 1070 7415 870
11818 2 2 10 1 3471 3472 3269
11819 2 2 10 1 1852 7658 2347
11820 2 2 10 1 3520 7678 3194
11821 2 2 10 1 3160 3262 2892
11822 2 2 10 1 1521 7669 1349
11823 2 2 10 1 2868 7671 769
11824 2 2 10 1 3726 7676 2171
11825 2 2 10 1 4745 8077 7887
11826 2 2 10 1 2691 2889 2440
11827 2 2 10 1 4434 4435 3854
11828 2 2 10 1 3902 7668 5176
11829 2 2 10 1 993 7675 815
11830 2 2 10 1 1798 7417 1797
11831 2 2 10 1 2869 7672 1339
11832 2 2 10 1 4488 5523 4218
11833 2 2 10 1 7655 7960 1558
11834 2 2 10 1 4081 4523 3843
11835 2 2 10 1 3392 7157 4023
11836 2 2 10 1 3207 7418 2414
11837 2 2 10 1 1354 7669 4742
11838 2 2 10 1 6292 8132 4045
11839 2 2 10 1 1716 7432 1715
11840 2 2 10 1 760 7670 2868
11841 2 2 10 1 2432 2433 2274
11842 2 2 10 1 5818 7241 4189
11843 2 2 10 1 806 7671 993
11844 2 2 10 1 6805 7739 6804
11845 2 2 10 1 1343 7672 1521
11846 2 2 10 1 829 7631 840
11847 2 2 10 1 2228 2235 2121
11848 2 2 10 1 1335 7673 2869
11849 2 2 10 1 1731 7692 1730
11850 2 2 10 1 825 7675 2884
11851 2 2 10 1 1367 7357 1325
11852 2 2 10 1 2173 7676 2176
11853 2 2 10 1 3727 7690 2456
11854 2 2 10 1 3782 3798 3334
11855 2 2 10 1 2161 7308 957
11856 2 2 10 1 5196 7262 1751
11857 2 2 10 1 6032 6034 5837
11858 2 2 10 1 4346 7678 5795
11859 2 2 10 1 3213 7697 3212
11860 2 2 10 1 4000 7194 898
11861 2 2 10 1 6296 8536 7621
11862 2 2 10 1 3265 3266 3263
11863 2 2 10 1 2458 7690 2462
11864 2 2 10 1 5209 7346 3543
11865 2 2 10 1 4562 7693 5725
11866 2 2 10 1 7075 7863 2267
11867 2 2 10 1 4187 4215 4162
11868 2 2 10 1 5787 5788 5084
11869 2 2 10 1 3252 3286 3009
11870 2 2 10 1 2454 7688 3727
11871 2 2 10 1 2543 2544 2450
11872 2 2 10 1 3522 7691 5179
11873 2 2 10 1 1941 1942 1809
11874 2 2 10 1 3062 3089 2697
11875 2 2 10 1 3772 3977 3770
11876 2 2 10 1 2255 2256 2074
11877 2 2 10 1 3815 7436 3395
11878 2 2 10 1 3196 3769 3099
11879 2 2 10 1 4514 4679 3836
11880 2 2 10 1 5030 5031 2762
11881 2 2 10 1 1133 1138 1121
11882 2 2 10 1 5978 7648 4504
11883 2 2 10 1 6494 7452 6488
11884 2 2 10 1 6637 7059 6634
11885 2 2 10 1 3971 4068 3369
11886 2 2 10 1 2785 7695 3963
11887 2 2 10 1 3034 7864 2685
11888 2 2 10 1 2019 2020 2017
11889 2 2 10 1 5211 7856 5210
11890 2 2 10 1 3517 3518 3175
11891 2 2 10 1 2632 3328 2413
11892 2 2 10 1 1744 1745 1656
11893 2 2 10 1 2248 2249 2236
11894 2 2 10 1 2265 2955 2139
11895 2 2 10 1 7689 7962 977
11896 2 2 10 1 4644 7868 5833
11897 2 2 10 1 6194 6255 6192
11898 2 2 10 1 5519 5728 5005
11899 2 2 10 1 4132 4133 3671
11900 2 2 10 1 1069 1096 1053
11901 2 2 10 1 2038 7468 2036
11902 2 2 10 1 1652 1653 1620
11903 2 2 10 1 2259 2260 2257
11904 2 2 10 1 5492 5806 5312
11905 2 2 10 1 1905 1906 1807
11906 2 2 10 1 2721 3177 2719
11907 2 2 10 1 3669 3920 3667
11908 2 2 10 1 1107 1108 1088
11909 2 2 10 1 3933 4722 3316
11910 2 2 10 1 3289 3290 3287
11911 2 2 10 1 2660 3244 2524
11912 2 2 10 1 2023 2024 2021
11913 2 2 10 1 1543 1544 1528
11914 2 2 10 1 2725 2858 2723
11915 2 2 10 1 4090 4328 3888
11916 2 2 10 1 1004 1776 998
11917 2 2 10 1 2534 2535 2253
11918 2 2 10 1 2642 3033 2592
11919 2 2 10 1 2008 2009 2005
11920 2 2 10 1 5963 7192 5057
11921 2 2 10 1 3347 3702 2516
11922 2 2 10 1 1551 1582 1549
11923 2 2 10 1 2076 2230 1935
11924 2 2 10 1 4404 4405 3426
11925 2 2 10 1 2127 2957 2078
11926 2 2 10 1 5373 6221 4992
11927 2 2 10 1 1988 1992 1986
11928 2 2 10 1 1997 1998 1995
11929 2 2 10 1 3361 3362 3156
11930 2 2 10 1 1518 4791 1515
11931 2 2 10 1 1447 2934 1441
11932 2 2 10 1 700 3510 698
11933 2 2 10 1 2029 2031 2025
11934 2 2 10 1 1036 1037 1021
11935 2 2 10 1 3235 3976 3233
11936 2 2 10 1 3496 4473 4467
11937 2 2 10 1 5598 5732 4178
11938 2 2 10 1 1467 1477 1459
11939 2 2 10 1 1141 1272 1139
11940 2 2 10 1 1870 3749 1873
11941 2 2 10 1 2709 4070 3478
11942 2 2 10 1 3852 4270 4269
11943 2 2 10 1 2034 2035 2032
11944 2 2 10 1 1437 1444 1434
11945 2 2 10 1 4999 5861 4354
11946 2 2 10 1 3694 4867 4116
11947 2 2 10 1 937 943 926
11948 2 2 10 1 3565 3567 3562
11949 2 2 10 1 1748 7735 1746
11950 2 2 10 1 3229 4026 2710
11951 2 2 10 1 1875 2125 2124
11952 2 2 10 1 1432 2936 1430
11953 2 2 10 1 891 4076 888
11954 2 2 10 1 2679 3821 3673
11955 2 2 10 1 1738 2130 1643
11956 2 2 10 1 1771 1808 1762
11957 2 2 10 1 3399 3400 2998
11958 2 2 10 1 1570 4784 1572
11959 2 2 10 1 949 2935 941
11960 2 2 10 1 1482 4124 1474
11961 2 2 10 1 1417 1435 1407
11962 2 2 10 1 565 566 564
11963 2 2 10 1 1911 7471 1907
11964 2 2 10 1 1401 2963 1390
11965 2 2 10 1 1384 1857 1376
11966 2 2 10 1 3997 4388 3995
11967 2 2 10 1 2559 4055 3916
11968 2 2 10 1 2315 3374 2298
11969 2 2 10 1 1507 2944 1530
11970 2 2 10 1 1760 2933 1758
11971 2 2 10 1 1271 2938 1135
11972 2 2 10 1 4188 4192 3313
11973 2 2 10 1 906 1094 893
11974 2 2 10 1 1539 2226 1532
11975 2 2 10 1 3923 4056 3373
11976 2 2 10 1 1111 7474 1109
11977 2 2 10 1 6058 6098 4501
11978 2 2 10 1 3239 3951 3237
11979 2 2 10 1 970 971 961
11980 2 2 10 1 5152 6254 4544
11981 2 2 10 1 1790 3514 1859
11982 2 2 10 1 2716 5246 3076
11983 2 2 10 1 3685 3989 3687
11984 2 2 10 1 1829 4792 1831
11985 2 2 10 1 868 2937 859
11986 2 2 10 1 2061 2062 1877
11987 2 2 10 1 2325 3227 2320
11988 2 2 10 1 3875 5575 5022
11989 2 2 10 1 874 1056 872
11990 2 2 10 1 882 950 880
11991 2 2 10 1 878 3035 876
11992 2 2 10 1 3830 5183 4771
11993 2 2 10 1 3531 4667 3533
11994 2 2 10 1 1509 1510 1486
11995 2 2 10 1 1899 2887 1928
11996 2 2 10 1 1681 1682 1589
11997 2 2 10 1 3461 5154 3481
11998 2 2 10 1 3681 3697 3683
11999 2 2 10 1 3164 5478 5477
12000 2 2 10 1 4271 4274 4273
12001 2 2 10 1 4083 5332 3793
12002 2 2 10 1 1838 4061 1840
12003 2 2 10 1 4508 5207 5137
12004 2 2 10 1 1848 1881 1880
12005 2 2 10 1 3451 4302 3431
12006 2 2 10 1 1217 4721 2353
12007 2 2 10 1 5770 6242 4914
12008 2 2 10 1 3857 4744 3453
12009 2 2 10 1 1833 3273 1835
12010 2 2 10 1 1541 1570 1569
12011 2 2 10 1 643 7469 642
12012 2 2 10 1 4542 6253 4573
12013 2 2 10 1 2695 3598 2515
12014 2 2 10 1 1223 3211 1269
12015 2 2 10 1 3789 5122 4397
12016 2 2 10 1 2877 3084 3083
12017 2 2 10 1 5185 5204 4237
12018 2 2 10 1 3560 3566 3558
12019 2 2 10 1 1842 2604 1844
12020 2 2 10 1 3665 3946 3293
12021 2 2 10 1 2729 4067 3349
12022 2 2 10 1 5279 5615 4093
12023 2 2 10 1 3600 3601 3519
12024 2 2 10 1 1040 7475 1038
12025 2 2 10 1 4483 4496 4485
12026 2 2 10 1 3120 3676 3403
12027 2 2 10 1 3166 3167 2344
12028 2 2 10 1 2084 2085 1849
12029 2 2 10 1 1562 2939 1580
12030 2 2 10 1 2480 3258 3206
12031 2 2 10 1 4490 5838 4400
12032 2 2 10 1 1921 1954 1818
12033 2 2 10 1 617 7470 616
12034 2 2 10 1 4736 4774 4738
12035 2 2 10 1 2158 2397 2193
12036 2 2 10 1 2496 2656 2428
12037 2 2 10 1 4441 7966 3715
12038 2 2 10 1 4403 4832 4233
12039 2 2 10 1 2154 3279 2156
12040 2 2 10 1 1816 3332 1919
12041 2 2 10 1 4314 5125 4037
12042 2 2 10 1 1586 2039 1591
12043 2 2 10 1 646 7469 643
12044 2 2 10 1 4059 4413 4057
12045 2 2 10 1 4688 4691 4690
12046 2 2 10 1 1983 7477 1981
12047 2 2 10 1 3878 3879 3572
12048 2 2 10 1 4990 7472 4207
12049 2 2 10 1 1979 1980 1977
12050 2 2 10 1 6591 6727 6593
12051 2 2 10 1 4207 7472 4206
12052 2 2 10 1 5353 7872 3895
12053 2 2 10 1 4378 4695 3882
12054 2 2 10 1 5074 5075 1685
12055 2 2 10 1 620 7470 617
12056 2 2 10 1 975 987 972
12057 2 2 10 1 4444 4447 4446
12058 2 2 10 1 3578 4063 3580
12059 2 2 10 1 1957 1958 1955
12060 2 2 10 1 3570 7481 3568
12061 2 2 10 1 3074 3117 3092
12062 2 2 10 1 6113 7466 5160
12063 2 2 10 1 3490 3990 3787
12064 2 2 10 1 6613 8427 6612
12065 2 2 10 1 3483 4525 4065
12066 2 2 10 1 4925 4926 4321
12067 2 2 10 1 6526 8152 2864
12068 2 2 10 1 3322 3945 3944
12069 2 2 10 1 4663 8320 7204
12070 2 2 10 1 2761 3065 3064
12071 2 2 10 1 6287 8357 6285
12072 2 2 10 1 4275 4278 4277
12073 2 2 10 1 4336 5453 5199
12074 2 2 10 1 3018 4176 3020
12075 2 2 10 1 4291 5871 4874
12076 2 2 10 1 3585 4684 3587
12077 2 2 10 1 2855 4064 3055
12078 2 2 10 1 3957 7970 3247
12079 2 2 10 1 4210 7478 3677
12080 2 2 10 1 4612 6917 5692
12081 2 2 10 1 3068 3071 3070
12082 2 2 10 1 708 8244 6913
12083 2 2 10 1 4856 7250 5135
12084 2 2 10 1 5651 7478 4210
12085 2 2 10 1 3623 7479 3109
12086 2 2 10 1 3776 8122 5329
12087 2 2 10 1 6976 8554 6266
12088 2 2 10 1 3719 8260 4041
12089 2 2 10 1 5023 8825 7139
12090 2 2 10 1 3006 8123 7728
12091 2 2 10 1 7232 7750 7231
12092 2 2 10 1 1327 7684 1332
12093 2 2 10 1 6006 7747 1252
12094 2 2 10 1 7274 8611 6073
12095 2 2 10 1 762 7485 757
12096 2 2 10 1 2034 8233 2037
12097 2 2 10 1 5407 7909 7137
12098 2 2 10 1 6584 8402 6583
12099 2 2 10 1 7029 7897 1676
12100 2 2 10 1 666 669 667
12101 2 2 10 1 1357 7420 1361
12102 2 2 10 1 3128 3129 3126
12103 2 2 10 1 5746 7734 7733
12104 2 2 10 1 483 555 554
12105 2 2 10 1 7729 7967 3210
12106 2 2 10 1 4086 7632 3495
12107 2 2 10 1 3030 7652 2244
12108 2 2 10 1 3110 7638 2495
12109 2 2 10 1 4569 7666 4567
12110 2 2 10 1 2291 7636 2289
12111 2 2 10 1 1814 7659 1255
12112 2 2 10 1 7257 7258 2799
12113 2 2 10 1 3701 3802 2634
12114 2 2 10 1 2790 7667 2788
12115 2 2 10 1 5655 8308 6844
12116 2 2 10 1 7691 8136 6307
12117 2 2 10 1 2930 7639 2927
12118 2 2 10 1 2446 2447 2445
12119 2 2 10 1 1302 7679 1300
12120 2 2 10 1 3986 7647 3908
12121 2 2 10 1 3308 7698 2731
12122 2 2 10 1 1306 7687 1304
12123 2 2 10 1 1292 7681 1290
12124 2 2 10 1 1288 7686 1286
12125 2 2 10 1 735 7685 731
12126 2 2 10 1 7013 7882 852
12127 2 2 10 1 5948 8352 4669
12128 2 2 10 1 3004 7696 2803
12129 2 2 10 1 4980 8102 5676
12130 2 2 10 1 7140 8601 4931
12131 2 2 10 1 2663 7699 2355
12132 2 2 10 1 966 7976 7380
12133 2 2 10 1 2795 7701 2793
12134 2 2 10 1 5004 8399 5518
12135 2 2 10 1 5969 6238 5968
12136 2 2 10 1 970 8252 974
12137 2 2 10 1 7495 8171 3382
12138 2 2 10 1 2051 7892 567
12139 2 2 10 1 556 5090 554
12140 2 2 10 1 483 7626 555
12141 2 2 10 1 6202 8013 4651
12142 2 2 10 1 6780 8367 3525
12143 2 2 10 1 4216 5595 4215
12144 2 2 10 1 4723 8313 7156
12145 2 2 10 1 3473 3509 3472
12146 2 2 10 1 4252 7901 3365
12147 2 2 10 1 4497 7700 5517
12148 2 2 10 1 3840 7975 3611
12149 2 2 10 1 3791 7703 4409
12150 2 2 10 1 4147 7911 5335
12151 2 2 10 1 7101 8128 1266
12152 2 2 10 1 3267 3960 3266
12153 2 2 10 1 2967 7912 5336
12154 2 2 10 1 4937 8330 5437
12155 2 2 10 1 5441 5932 5440
12156 2 2 10 1 7493 7921 1494
12157 2 2 10 1 4436 4437 4435
12158 2 2 10 1 2890 3301 2889
12159 2 2 10 1 2434 2667 2433
12160 2 2 10 1 6064 8183 7248
12161 2 2 10 1 277 8076 487
12162 2 2 10 1 2250 3037 2249
12163 2 2 10 1 188 8114 451
12164 2 2 10 1 512 8114 189
12165 2 2 10 1 3090 3355 3089
12166 2 2 10 1 695 8127 7108
12167 2 2 10 1 2036 2134 2035
12168 2 2 10 1 3799 4002 3798
12169 2 2 10 1 7357 7358 1323
12170 2 2 10 1 3291 4009 3290
12171 2 2 10 1 2545 3088 2544
12172 2 2 10 1 2261 2532 2260
12173 2 2 10 1 1907 2071 1906
12174 2 2 10 1 563 564 562
12175 2 2 10 1 4248 4422 4247
12176 2 2 10 1 2411 3701 2634
12177 2 2 10 1 2308 2894 2306
12178 2 2 10 1 4278 4443 4279
12179 2 2 10 1 4696 5138 4695
12180 2 2 10 1 2010 2015 2009
12181 2 2 10 1 4447 4450 4448
12182 2 2 10 1 3602 3947 3601
12183 2 2 10 1 2444 2446 2445
12184 2 2 10 1 5272 6703 5204
12185 2 2 10 1 2942 4141 1786
12186 2 2 10 1 1109 1117 1108
12187 2 2 10 1 1999 2000 1998
12188 2 2 10 1 1038 1055 1037
12189 2 2 10 1 4976 5856 4926
12190 2 2 10 1 5903 6849 5031
12191 2 2 10 1 3706 4838 1647
12192 2 2 10 1 4163 4164 3708
12193 2 2 10 1 1746 1821 1745
12194 2 2 10 1 5459 5741 5301
12195 2 2 10 1 3821 4482 3822
12196 2 2 10 1 3880 4259 3879
12197 2 2 10 1 3204 3731 2858
12198 2 2 10 1 988 1005 987
12199 2 2 10 1 4091 4727 3702
12200 2 2 10 1 1511 1512 1510
12201 2 2 10 1 4691 4693 4692
12202 2 2 10 1 297 8112 7626
12203 2 2 10 1 480 8112 298
12204 2 2 10 1 1559 1624 1557
12205 2 2 10 1 5810 6158 5075
12206 2 2 10 1 1981 1984 1980
12207 2 2 10 1 3612 3613 2535
12208 2 2 10 1 4070 4687 4071
12209 2 2 10 1 4940 5414 4832
12210 2 2 10 1 4460 5868 4388
12211 2 2 10 1 2115 2117 2114
12212 2 2 10 1 4424 5510 4192
12213 2 2 10 1 4473 5734 5008
12214 2 2 10 1 1545 1546 1544
12215 2 2 10 1 2187 2188 950
12216 2 2 10 1 4812 5713 4744
12217 2 2 10 1 3168 3390 2957
12218 2 2 10 1 3278 3848 3276
12219 2 2 10 1 3228 3992 3227
12220 2 2 10 1 3676 4210 3677
12221 2 2 10 1 2887 3010 2888
12222 2 2 10 1 2125 2396 2395
12223 2 2 10 1 1561 7960 1606
12224 2 2 10 1 3386 4255 3380
12225 2 2 10 1 4516 5157 4011
12226 2 2 10 1 2063 2277 2062
12227 2 2 10 1 3084 3086 3085
12228 2 2 10 1 3117 3891 3118
12229 2 2 10 1 2411 2633 2410
12230 2 2 10 1 2692 4918 2680
12231 2 2 10 1 1496 1497 1435
12232 2 2 10 1 1959 1960 1958
12233 2 2 10 1 6050 8334 4778
12234 2 2 10 1 1489 2878 1487
12235 2 2 10 1 3469 4027 3468
12236 2 2 10 1 4963 5097 4027
12237 2 2 10 1 3989 5201 5200
12238 2 2 10 1 3375 4032 3374
12239 2 2 10 1 4055 4660 4399
12240 2 2 10 1 3096 3482 3045
12241 2 2 10 1 2106 2107 2105
12242 2 2 10 1 2092 2237 2229
12243 2 2 10 1 1043 1059 1026
12244 2 2 10 1 3401 4340 3400
12245 2 2 10 1 2039 3828 3827
12246 2 2 10 1 4713 5180 4026
12247 2 2 10 1 2212 2896 2198
12248 2 2 10 1 1881 1883 1882
12249 2 2 10 1 5154 6396 5155
12250 2 2 10 1 3071 3331 3072
12251 2 2 10 1 3273 3970 3274
12252 2 2 10 1 4067 6121 5124
12253 2 2 10 1 3467 3468 3466
12254 2 2 10 1 5398 5682 4440
12255 2 2 10 1 2673 3721 2210
12256 2 2 10 1 2994 3292 2993
12257 2 2 10 1 1522 1610 1449
12258 2 2 10 1 5791 5859 4944
12259 2 2 10 1 3258 4170 3803
12260 2 2 10 1 4134 4839 4728
12261 2 2 10 1 4774 4948 4775
12262 2 2 10 1 1547 3739 1546
12263 2 2 10 1 3363 4028 3362
12264 2 2 10 1 4442 5468 4441
12265 2 2 10 1 1264 3863 3165
12266 2 2 10 1 2549 2550 2548
12267 2 2 10 1 3568 3710 3567
12268 2 2 10 1 1797 4139 1803
12269 2 2 10 1 1072 2499 976
12270 2 2 10 1 4053 4054 2384
12271 2 2 10 1 1128 1226 911
12272 2 2 10 1 5036 5537 4520
12273 2 2 10 1 2992 2993 2991
12274 2 2 10 1 4764 5066 3981
12275 2 2 10 1 1794 7930 1953
12276 2 2 10 1 3199 3885 3198
12277 2 2 10 1 3147 3712 3711
12278 2 2 10 1 4296 5393 4295
12279 2 2 10 1 3391 4232 3390
12280 2 2 10 1 1961 1962 1960
12281 2 2 10 1 2001 2013 2000
12282 2 2 10 1 1975 1976 1974
12283 2 2 10 1 1683 2223 1393
12284 2 2 10 1 4515 6203 3430
12285 2 2 10 1 1965 1966 1964
12286 2 2 10 1 4450 5356 4451
12287 2 2 10 1 4263 4866 3869
12288 2 2 10 1 2590 3192 2589
12289 2 2 10 1 3968 4766 4765
12290 2 2 10 1 3065 3067 3066
12291 2 2 10 1 7642 7643 7641
12292 2 2 10 1 2385 2387 2056
12293 2 2 10 1 1971 1972 1970
12294 2 2 10 1 2581 2582 2580
12295 2 2 10 1 2583 2584 2582
12296 2 2 10 1 4289 4309 4288
12297 2 2 10 1 3208 3209 2986
12298 2 2 10 1 561 563 562
12299 2 2 10 1 4730 6086 4500
12300 2 2 10 1 2819 4745 2561
12301 2 2 10 1 2585 2589 2584
12302 2 2 10 1 2055 2056 2047
12303 2 2 10 1 1730 3724 2945
12304 2 2 10 1 2396 2637 2635
12305 2 2 10 1 1498 1499 1497
12306 2 2 10 1 4033 4673 4032
12307 2 2 10 1 3405 4410 2693
12308 2 2 10 1 1967 1968 1966
12309 2 2 10 1 1533 1534 1501
12310 2 2 10 1 1903 7980 7223
12311 2 2 10 1 2046 2047 2044
12312 2 2 10 1 1199 1213 1205
12313 2 2 10 1 3178 3500 3315
12314 2 2 10 1 1513 1520 1512
12315 2 2 10 1 2579 2580 2578
12316 2 2 10 1 4927 5369 4148
12317 2 2 10 1 2414 2777 2435
12318 2 2 10 1 1715 3184 1724
12319 2 2 10 1 5541 5733 5542
12320 2 2 10 1 1969 1970 1968
12321 2 2 10 1 2674 3791 3100
12322 2 2 10 1 5300 5301 5299
12323 2 2 10 1 2441 2693 2188
12324 2 2 10 1 4768 4769 3957
12325 2 2 10 1 3010 3178 3173
12326 2 2 10 1 677 680 678
12327 2 2 10 1 1500 1501 1499
12328 2 2 10 1 5634 5638 5635
12329 2 2 10 1 4851 5140 5048
12330 2 2 10 1 5617 5764 5618
12331 2 2 10 1 4660 4851 4661
12332 2 2 10 1 3500 4979 4978
12333 2 2 10 1 5043 5455 5082
12334 2 2 10 1 5520 5522 5521
12335 2 2 10 1 1883 1885 1884
12336 2 2 10 1 5841 6244 5078
12337 2 2 10 1 1180 1182 1181
12338 2 2 10 1 3086 3489 3087
12339 2 2 10 1 1963 1964 1962
12340 2 2 10 1 1973 1974 1972
12341 2 2 10 1 3143 3415 3367
12342 2 2 10 1 5160 5161 2968
12343 2 2 10 1 571 573 572
12344 2 2 10 1 4953 8512 4876
12345 2 2 10 1 1887 1889 1888
12346 2 2 10 1 1893 1896 1894
12347 2 2 10 1 1891 1893 1892
12348 2 2 10 1 581 583 582
12349 2 2 10 1 1889 1891 1890
12350 2 2 10 1 1885 1887 1886
12351 2 2 10 1 1944 4822 3294
12352 2 2 10 1 1896 1937 1897
12353 2 2 10 1 591 593 592
12354 2 2 10 1 4313 4725 4311
12355 2 2 10 1 2268 2528 2269
12356 2 2 10 1 2288 2594 2294
12357 2 2 10 1 4182 4184 4183
12358 2 2 10 1 4948 4950 4949
12359 2 2 10 1 4170 5570 4498
12360 2 2 10 1 605 607 606
12361 2 2 10 1 577 579 578
12362 2 2 10 1 3212 3943 3942
12363 2 2 10 1 629 631 630
12364 2 2 10 1 609 611 610
12365 2 2 10 1 625 627 626
12366 2 2 10 1 587 589 588
12367 2 2 10 1 633 635 634
12368 2 2 10 1 3828 4757 4282
12369 2 2 10 1 601 603 602
12370 2 2 10 1 5624 5626 5625
12371 2 2 10 1 637 639 638
12372 2 2 10 1 639 641 640
12373 2 2 10 1 3707 3708 3115
12374 2 2 10 1 979 7962 982
12375 2 2 10 1 635 637 636
12376 2 2 10 1 641 643 642
12377 2 2 10 1 631 633 632
12378 2 2 10 1 4741 7985 914
12379 2 2 10 1 623 625 624
12380 2 2 10 1 627 629 628
12381 2 2 10 1 4950 6684 5501
12382 2 2 10 1 595 597 596
12383 2 2 10 1 6011 6013 6012
12384 2 2 10 1 3325 7984 1396
12385 2 2 10 1 613 615 614
12386 2 2 10 1 597 599 598
12387 2 2 10 1 5450 5882 5449
12388 2 2 10 1 621 623 622
12389 2 2 10 1 615 617 616
12390 2 2 10 1 575 577 576
12391 2 2 10 1 583 585 584
12392 2 2 10 1 585 587 586
12393 2 2 10 1 611 613 612
12394 2 2 10 1 4858 5906 4459
12395 2 2 10 1 1045 7981 1033
12396 2 2 10 1 599 601 600
12397 2 2 10 1 573 575 574
12398 2 2 10 1 4922 5109 5108
12399 2 2 10 1 4063 5191 4339
12400 2 2 10 1 593 595 594
12401 2 2 10 1 607 609 608
12402 2 2 10 1 4352 4365 4353
12403 2 2 10 1 5405 6021 5406
12404 2 2 10 1 4125 4350 4126
12405 2 2 10 1 5094 5981 5096
12406 2 2 10 1 4392 4394 4393
12407 2 2 10 1 603 605 604
12408 2 2 10 1 4367 4384 4368
12409 2 2 10 1 4384 4386 4385
12410 2 2 10 1 2471 2838 2472
12411 2 2 10 1 4386 4392 4387
12412 2 2 10 1 4365 4367 4366
12413 2 2 10 1 4394 5405 4395
12414 2 2 10 1 589 591 590
12415 2 2 10 1 4042 5245 4043
12416 2 2 10 1 2233 2471 2234
12417 2 2 10 1 3717 7966 3806
12418 2 2 10 1 3043 7969 4029
12419 2 2 10 1 4350 4352 4351
12420 2 2 10 1 579 581 580
12421 2 2 10 1 555 557 556
12422 2 2 10 1 466 7541 7540
12423 2 2 10 1 7567 7568 505
12424 2 2 10 1 550 7625 7624
12425 2 2 10 1 3779 4475 3780
12426 2 2 10 1 3465 3466 3464
12427 2 2 10 1 3896 4207 4206
12428 2 2 10 1 513 7575 7574
12429 2 2 10 1 5697 5699 5698
12430 2 2 10 1 3991 4440 3800
12431 2 2 10 1 6284 6286 6285
12432 2 2 10 1 3904 4870 3905
12433 2 2 10 1 8225 8241 6375
12434 2 2 10 1 5699 5701 5700
12435 2 2 10 1 2990 2991 2666
12436 2 2 10 1 7223 8075 4729
12437 2 2 10 1 4684 5192 5072
12438 2 2 10 1 6057 7273 5190
12439 2 2 10 1 5133 5807 5132
12440 2 2 10 1 3371 7995 1077
12441 2 2 10 1 1914 8213 2805
12442 2 2 10 1 2895 3424 2894
12443 2 2 10 1 3914 4944 3913
12444 2 2 10 1 5270 5271 4141
12445 2 2 10 1 3395 4297 3396
12446 2 2 10 1 6286 6299 6287
12447 2 2 10 1 5128 7998 3973
12448 2 2 10 1 5470 8560 3931
12449 2 2 10 1 558 7927 556
12450 2 2 10 1 2487 7991 7392
12451 2 2 10 1 4939 5968 4860
12452 2 2 10 1 3297 7976 2401
12453 2 2 10 1 3709 4295 2948
12454 2 2 10 1 4831 5822 4423
12455 2 2 10 1 4712 5827 4711
12456 2 2 10 1 4742 7999 1359
12457 2 2 10 1 2577 2578 2576
12458 2 2 10 1 2953 3198 2952
12459 2 2 10 1 5854 5855 5853
12460 2 2 10 1 5744 6129 5070
12461 2 2 10 1 2985 2986 2984
12462 2 2 10 1 3689 4285 3424
12463 2 2 10 1 2043 2044 2042
12464 2 2 10 1 569 571 570
12465 2 2 10 1 3928 3930 3929
12466 2 2 10 1 4644 5536 4642
12467 2 2 10 1 854 8099 7256
12468 2 2 10 1 4814 8278 5391
12469 2 2 10 1 4884 5724 4681
12470 2 2 10 1 3849 4929 3848
12471 2 2 10 1 1625 1764 1624
12472 2 2 10 1 4808 5078 4805
12473 2 2 10 1 5192 6465 5997
12474 2 2 10 1 1042 7981 3320
12475 2 2 10 1 4147 4148 3366
12476 2 2 10 1 3930 3932 3931
12477 2 2 10 1 669 670 667
12478 2 2 10 1 1939 2313 1938
12479 2 2 10 1 1224 8214 1788
12480 2 2 10 1 1621 1622 1567
12481 2 2 10 1 4674 5919 4732
12482 2 2 10 1 1765 1938 1764
12483 2 2 10 1 2118 2263 2117
12484 2 2 10 1 483 554 553
12485 2 2 10 1 2967 2968 2966
12486 2 2 10 1 5017 5546 4255
12487 2 2 10 1 4572 8007 5589
12488 2 2 10 1 645 647 646
12489 2 2 10 1 1225 7993 3511
12490 2 2 10 1 4298 4316 3396
12491 2 2 10 1 3675 7970 4455
12492 2 2 10 1 619 621 620
12493 2 2 10 1 2214 3741 2049
12494 2 2 10 1 2567 3126 3125
12495 2 2 10 1 1398 7984 1405
12496 2 2 10 1 5076 5960 5651
12497 2 2 10 1 2264 2648 2263
12498 2 2 10 1 2879 2946 2878
12499 2 2 10 1 2507 7980 2195
12500 2 2 10 1 3910 5146 3482
12501 2 2 10 1 3894 3896 3895
12502 2 2 10 1 4143 4909 2502
12503 2 2 10 1 1566 4042 2271
12504 2 2 10 1 5329 5330 5328
12505 2 2 10 1 1060 1078 1059
12506 2 2 10 1 3950 7927 558
12507 2 2 10 1 1099 7995 1810
12508 2 2 10 1 3621 7989 2812
12509 2 2 10 1 5149 5150 4155
12510 2 2 10 1 5044 5045 4138
12511 2 2 10 1 1611 1612 1610
12512 2 2 10 1 2237 2603 2602
12513 2 2 10 1 2225 8000 2521
12514 2 2 10 1 3410 3816 2946
12515 2 2 10 1 1083 8008 4743
12516 2 2 10 1 2500 3025 2499
12517 2 2 10 1 3219 8003 3797
12518 2 2 10 1 916 7985 932
12519 2 2 10 1 2954 4007 3773
12520 2 2 10 1 2897 3917 2896
12521 2 2 10 1 4137 4138 3723
12522 2 2 10 1 4864 5274 4136
12523 2 2 10 1 2551 2552 2550
12524 2 2 10 1 4894 5368 4892
12525 2 2 10 1 2041 2233 2045
12526 2 2 10 1 3722 3723 3721
12527 2 2 10 1 2232 7988 2351
12528 2 2 10 1 3049 3779 3050
12529 2 2 10 1 4815 8279 4817
12530 2 2 10 1 2132 2442 2131
12531 2 2 10 1 3756 4144 2108
12532 2 2 10 1 1079 1089 1078
12533 2 2 10 1 851 7992 864
12534 2 2 10 1 1925 2131 1924
12535 2 2 10 1 1227 1228 1226
12536 2 2 10 1 1090 1118 1089
12537 2 2 10 1 3017 7982 3527
12538 2 2 10 1 4898 5435 4896
12539 2 2 10 1 5251 5253 5003
12540 2 2 10 1 5100 5103 3942
12541 2 2 10 1 4292 5582 4293
12542 2 2 10 1 4794 6154 5059
12543 2 2 10 1 3703 4794 4008
12544 2 2 10 1 571 1100 573
12545 2 2 10 1 5538 5740 5537
12546 2 2 10 1 3523 4125 3524
12547 2 2 10 1 4123 5003 3414
12548 2 2 10 1 3712 4510 3713
12549 2 2 10 1 1923 1924 1755
12550 2 2 10 1 4398 5933 3999
12551 2 2 10 1 2529 3751 2269
12552 2 2 10 1 1627 1770 1626
12553 2 2 10 1 2700 7991 2489
12554 2 2 10 1 4746 4747 4745
12555 2 2 10 1 1613 1614 1612
12556 2 2 10 1 3909 4810 3367
12557 2 2 10 1 2675 3032 2223
12558 2 2 10 1 1639 2064 1637
12559 2 2 10 1 1364 7999 1373
12560 2 2 10 1 1617 1626 1616
12561 2 2 10 1 1615 1616 1614
12562 2 2 10 1 4770 6094 6093
12563 2 2 10 1 3413 3414 3026
12564 2 2 10 1 5637 5641 5625
12565 2 2 10 1 1186 4957 1181
12566 2 2 10 1 1633 1736 1631
12567 2 2 10 1 4140 5379 5092
12568 2 2 10 1 4262 5708 4834
12569 2 2 10 1 4748 4967 4747
12570 2 2 10 1 2603 3254 3253
12571 2 2 10 1 2777 3427 2778
12572 2 2 10 1 4194 5571 4183
12573 2 2 10 1 557 559 558
12574 2 2 10 1 3958 4396 3751
12575 2 2 10 1 1229 1230 1228
12576 2 2 10 1 554 7881 553
12577 2 2 10 1 3057 3058 2658
12578 2 2 10 1 3918 4964 3917
12579 2 2 10 1 5695 5697 5696
12580 2 2 10 1 1231 1232 1230
12581 2 2 10 1 5999 6000 4767
12582 2 2 10 1 5900 6036 5063
12583 2 2 10 1 1233 1234 1232
12584 2 2 10 1 1237 1238 1236
12585 2 2 10 1 3356 3507 3032
12586 2 2 10 1 3416 3758 1724
12587 2 2 10 1 3876 4755 3100
12588 2 2 10 1 4511 5875 4850
12589 2 2 10 1 1235 1236 1234
12590 2 2 10 1 5642 5763 5641
12591 2 2 10 1 4179 4947 3858
12592 2 2 10 1 3250 3904 3777
12593 2 2 10 1 3184 3915 3416
12594 2 2 10 1 2898 8005 2806
12595 2 2 10 1 3415 4308 3909
12596 2 2 10 1 1214 3754 1205
12597 2 2 10 1 4981 4984 4310
12598 2 2 10 1 3759 3760 3758
12599 2 2 10 1 2658 7873 2294
12600 2 2 10 1 5365 6284 5366
12601 2 2 10 1 4766 5998 4767
12602 2 2 10 1 5188 5189 4003
12603 2 2 10 1 1213 1262 1214
12604 2 2 10 1 4515 6206 6205
12605 2 2 10 1 3428 4095 3975
12606 2 2 10 1 4095 5359 5148
12607 2 2 10 1 680 682 681
12608 2 2 10 1 683 2189 681
12609 2 2 10 1 4184 4195 4194
12610 2 2 10 1 7766 8134 3301
12611 2 2 10 1 1878 2184 2141
12612 2 2 10 1 3172 8001 4006
12613 2 2 10 1 2960 2961 2142
12614 2 2 10 1 2141 2142 1263
12615 2 2 10 1 4289 4809 4310
12616 2 2 10 1 1251 7713 1131
12617 2 2 10 1 4874 8426 4873
12618 2 2 10 1 4263 5743 5742
12619 2 2 10 1 1262 1878 1263
12620 2 2 10 1 4993 5811 5188
12621 2 2 10 1 2594 3056 2658
12622 2 2 10 1 4140 4829 1803
12623 2 2 10 1 3317 3318 2961
12624 2 2 10 1 3940 4795 3165
12625 2 2 10 1 2960 5334 3317
12626 2 2 10 1 4039 7997 2856
12627 2 2 10 1 3759 4993 4003
12628 2 2 10 1 4746 4796 4748
12629 2 2 10 1 1128 3323 1227
12630 2 2 10 1 682 684 683
12631 2 2 10 1 3791 4409 3876
12632 2 2 10 1 3428 3767 2778
12633 2 2 10 1 3056 3443 3057
12634 2 2 10 1 684 686 685
12635 2 2 10 1 2528 3149 2529
12636 2 2 10 1 2549 3750 2551
12637 2 2 10 1 4442 5579 5578
12638 2 2 10 1 2675 3357 3356
12639 2 2 10 1 1235 1241 1237
12640 2 2 10 1 5092 5093 4829
12641 2 2 10 1 4511 4849 3713
12642 2 2 10 1 3975 4430 3767
12643 2 2 10 1 3943 5101 5100
12644 2 2 10 1 5981 6102 5982
12645 2 2 10 1 1229 2272 1231
12646 2 2 10 1 3958 5064 5063
12647 2 2 10 1 2704 7993 1789
12648 2 2 10 1 3357 3859 3858
12649 2 2 10 1 1554 7905 7327
12650 2 2 10 1 4850 4878 4849
12651 2 2 10 1 2106 3755 2108
12652 2 2 10 1 1617 1628 1627
12653 2 2 10 1 3859 4180 4179
12654 2 2 10 1 4770 6092 4769
12655 2 2 10 1 2500 3324 3026
12656 2 2 10 1 3722 4261 4137
12657 2 2 10 1 4123 5252 5251
12658 2 2 10 1 2897 3919 3918
12659 2 2 10 1 3324 4175 3413
12660 2 2 10 1 3096 4135 3910
12661 2 2 10 1 3386 5018 5017
12662 2 2 10 1 1611 2661 1613
12663 2 2 10 1 3253 3256 2602
12664 2 2 10 1 1628 1630 1629
12665 2 2 10 1 4516 6218 6217
12666 2 2 10 1 1090 1754 1119
12667 2 2 10 1 5620 5622 5621
12668 2 2 10 1 4552 8010 3537
12669 2 2 10 1 4359 8003 3763
12670 2 2 10 1 4230 8004 2593
12671 2 2 10 1 1630 1632 1631
12672 2 2 10 1 2132 2444 2443
12673 2 2 10 1 1638 1739 1639
12674 2 2 10 1 4809 4982 4981
12675 2 2 10 1 5579 5581 5580
12676 2 2 10 1 1632 1634 1633
12677 2 2 10 1 1060 3011 1079
12678 2 2 10 1 7640 7741 3856
12679 2 2 10 1 563 565 564
12680 2 2 10 1 4398 5935 5934
12681 2 2 10 1 5581 5620 5619
12682 2 2 10 1 1634 1636 1635
12683 2 2 10 1 1123 8115 7755
12684 2 2 10 1 1636 1638 1637
12685 2 2 10 1 559 561 560
12686 2 2 10 1 5195 7732 3949
12687 2 2 10 1 1754 1922 1755
12688 2 2 10 1 2819 7876 4746
12689 2 2 10 1 2879 3411 3410
12690 2 2 10 1 4008 4836 3704
12691 2 2 10 1 3919 4158 3999
12692 2 2 10 1 1922 2240 1923
12693 2 2 10 1 4895 4897 4896
12694 2 2 10 1 3755 3757 3756
12695 2 2 10 1 3703 3704 3256
12696 2 2 10 1 4893 4895 4894
12697 2 2 10 1 1559 3753 1625
12698 2 2 10 1 2814 7989 3246
12699 2 2 10 1 4897 4899 4898
12700 2 2 10 1 3926 3928 3927
12701 2 2 10 1 4891 4893 4892
12702 2 2 10 1 1932 8008 1103
12703 2 2 10 1 4135 4863 4136
12704 2 2 10 1 3411 4383 4382
12705 2 2 10 1 4497 5517 5119
12706 2 2 10 1 4863 4891 4864
12707 2 2 10 1 2118 2501 2264
12708 2 2 10 1 3757 4221 4155
12709 2 2 10 1 3163 4497 4143
12710 2 2 10 1 4221 5442 5149
12711 2 2 10 1 6944 8343 8187
12712 2 2 10 1 1139 7705 1138
12713 2 2 10 1 2673 7875 3722
12714 2 2 10 1 1765 1940 1939
12715 2 2 10 1 1522 7877 1611
12716 2 2 10 1 2501 3163 2502
12717 2 2 10 1 2050 2215 2214
12718 2 2 10 1 3695 7651 7642
12719 2 2 10 1 4986 7972 4165
12720 2 2 10 1 1043 7878 1060
12721 2 2 10 1 1940 2050 2049
12722 2 2 10 1 5016 8009 2702
12723 2 2 10 1 2895 3690 3689
12724 2 2 10 1 4248 4830 4423
12725 2 2 10 1 4861 4971 4939
12726 2 2 10 1 1650 7889 7326
12727 2 2 10 1 4859 4861 4860
12728 2 2 10 1 7727 7899 649
12729 2 2 10 1 7641 7741 7640
12730 2 2 10 1 5843 9544 1775
12731 2 2 10 1 6991 8487 7453
12732 2 2 10 1 4830 4859 4831
12733 2 2 10 1 7683 7686 2870
12734 2 2 10 1 930 8011 915
12735 2 2 10 1 9245 9259 464
12736 2 2 10 1 2411 2634 2633
12737 2 2 10 1 2647 8416 8389
12738 2 2 10 1 4808 8258 5841
12739 2 2 10 1 5801 7983 4916
12740 2 2 10 1 2553 2556 2555
12741 2 2 10 1 567 569 568
12742 2 2 10 1 1647 7883 1648
12743 2 2 10 1 7626 8112 7446
12744 2 2 10 1 3640 7895 3641
12745 2 2 10 1 1245 8031 1244
12746 2 2 10 1 2680 7885 2681
12747 2 2 10 1 1685 7889 1622
12748 2 2 10 1 3293 7896 3292
12749 2 2 10 1 6784 8436 4781
12750 2 2 10 1 3045 7884 3046
12751 2 2 10 1 4037 7900 3209
12752 2 2 10 1 3981 7886 3982
12753 2 2 10 1 2561 7887 2562
12754 2 2 10 1 7319 8100 3583
12755 2 2 10 1 4093 7904 3731
12756 2 2 10 1 3748 7805 7804
12757 2 2 10 1 2444 2445 2443
12758 2 2 10 1 4233 7902 4232
12759 2 2 10 1 3384 7888 3385
12760 2 2 10 1 1723 8025 1722
12761 2 2 10 1 1945 7891 1944
12762 2 2 10 1 8234 8277 2013
12763 2 2 10 1 8111 8316 7933
12764 2 2 10 1 2838 7901 2839
12765 2 2 10 1 6358 7903 6357
12766 2 2 10 1 3848 7407 3276
12767 2 2 10 1 6959 8363 6962
12768 2 2 10 1 2445 7464 2443
12769 2 2 10 1 4007 7906 4291
12770 2 2 10 1 8235 8276 2532
12771 2 2 10 1 3701 4887 3802
12772 2 2 10 1 2894 7410 2306
12773 2 2 10 1 1791 8036 1267
12774 2 2 10 1 4141 7409 1786
12775 2 2 10 1 647 7899 668
12776 2 2 10 1 1575 7905 1534
12777 2 2 10 1 1609 8073 7369
12778 2 2 10 1 2290 8030 2292
12779 2 2 10 1 1679 7883 2942
12780 2 2 10 1 6457 8240 3181
12781 2 2 10 1 7367 8074 1484
12782 2 2 10 1 3893 7870 4884
12783 2 2 10 1 7767 8134 7766
12784 2 2 10 1 4255 7411 3380
12785 2 2 10 1 2556 2567 2566
12786 2 2 10 1 278 8076 277
12787 2 2 10 1 2684 7885 3348
12788 2 2 10 1 2878 7419 1487
12789 2 2 10 1 4100 7871 3966
12790 2 2 10 1 189 8114 188
12791 2 2 10 1 7378 8078 2758
12792 2 2 10 1 1059 7422 1026
12793 2 2 10 1 6818 7220 4432
12794 2 2 10 1 7336 7990 2503
12795 2 2 10 1 1610 7634 1449
12796 2 2 10 1 4647 8129 7252
12797 2 2 10 1 2896 7430 2198
12798 2 2 10 1 2940 7874 655
12799 2 2 10 1 3304 7884 4835
12800 2 2 10 1 3721 7423 2210
12801 2 2 10 1 1226 7424 911
12802 2 2 10 1 4220 7886 5258
12803 2 2 10 1 5746 7733 4929
12804 2 2 10 1 4866 7431 3869
12805 2 2 10 1 2607 7887 3181
12806 2 2 10 1 2223 7428 1393
12807 2 2 10 1 4331 7895 5472
12808 2 2 10 1 2036 7468 2134
12809 2 2 10 1 3421 8358 8221
12810 2 2 10 1 667 7804 1093
12811 2 2 10 1 4242 7888 5474
12812 2 2 10 1 8128 8255 4518
12813 2 2 10 1 7377 7852 3081
12814 2 2 10 1 1907 7471 2071
12815 2 2 10 1 4776 8334 5948
12816 2 2 10 1 1131 7713 2886
12817 2 2 10 1 2976 7891 1948
12818 2 2 10 1 5160 7466 5161
12819 2 2 10 1 1109 7474 1117
12820 2 2 10 1 1038 7475 1055
12821 2 2 10 1 4228 7652 3030
12822 2 2 10 1 5061 7632 4086
12823 2 2 10 1 3526 7667 2790
12824 2 2 10 1 2241 7659 1814
12825 2 2 10 1 1746 7735 1821
12826 2 2 10 1 8236 8280 2277
12827 2 2 10 1 3768 7639 2930
12828 2 2 10 1 5531 7647 3986
12829 2 2 10 1 3964 7737 5194
12830 2 2 10 1 4685 7485 762
12831 2 2 10 1 5205 7479 3623
12832 2 2 10 1 1801 7417 1798
12833 2 2 10 1 4700 7666 4569
12834 2 2 10 1 1981 7477 1984
12835 2 2 10 1 1392 7681 1292
12836 2 2 10 1 3188 7699 2663
12837 2 2 10 1 2893 7679 1302
12838 2 2 10 1 1295 8380 1297
12839 2 2 10 1 2885 7685 735
12840 2 2 10 1 2870 7686 1288
12841 2 2 10 1 1734 7692 1731
12842 2 2 10 1 1309 7687 1306
12843 2 2 10 1 298 8112 297
12844 2 2 10 1 7022 8485 7023
12845 2 2 10 1 2295 7636 2291
12846 2 2 10 1 3645 7696 3004
12847 2 2 10 1 4715 7418 3207
12848 2 2 10 1 4705 7415 1070
12849 2 2 10 1 6808 7739 6805
12850 2 2 10 1 3346 7638 3110
12851 2 2 10 1 6367 7903 6361
12852 2 2 10 1 5214 7856 5211
12853 2 2 10 1 1722 7432 1716
12854 2 2 10 1 5181 7698 3308
12855 2 2 10 1 2822 7405 808
12856 2 2 10 1 3818 7697 3213
12857 2 2 10 1 3644 7701 2795
12858 2 2 10 1 1400 8014 1387
12859 2 2 10 1 5413 7436 3815
12860 2 2 10 1 5535 5687 5534
12861 2 2 10 1 565 567 566
12862 2 2 10 1 3568 7481 3710
12863 2 2 10 1 1558 7960 1561
12864 2 2 10 1 7335 7913 2949
12865 2 2 10 1 2798 7969 3043
12866 2 2 10 1 8100 8233 6463
12867 2 2 10 1 3699 7398 7396
12868 2 2 10 1 672 3748 670
12869 2 2 10 1 4029 4535 4534
12870 2 2 10 1 977 7962 979
12871 2 2 10 1 807 8157 732
12872 2 2 10 1 3715 7966 3717
12873 2 2 10 1 3973 7998 3225
12874 2 2 10 1 3190 4248 4247
12875 2 2 10 1 3247 7970 3675
12876 2 2 10 1 2137 2308 2306
12877 2 2 10 1 3126 8158 8046
12878 2 2 10 1 4242 5474 5473
12879 2 2 10 1 1679 2942 1786
12880 2 2 10 1 1033 7981 1042
12881 2 2 10 1 2416 3036 2419
12882 2 2 10 1 2809 7982 3017
12883 2 2 10 1 4331 5472 5131
12884 2 2 10 1 1606 3706 1647
12885 2 2 10 1 2401 7976 966
12886 2 2 10 1 2195 7980 1903
12887 2 2 10 1 2510 3705 2507
12888 2 2 10 1 3304 4835 3458
12889 2 2 10 1 3527 4516 4011
12890 2 2 10 1 2475 2880 2525
12891 2 2 10 1 2684 3348 2686
12892 2 2 10 1 1536 1559 1557
12893 2 2 10 1 4568 8007 4572
12894 2 2 10 1 5612 6070 5614
12895 2 2 10 1 4455 4752 4457
12896 2 2 10 1 1396 7984 1398
12897 2 2 10 1 5130 6298 5128
12898 2 2 10 1 4626 4629 4628
12899 2 2 10 1 3320 4763 3959
12900 2 2 10 1 914 7985 916
12901 2 2 10 1 1463 2972 1469
12902 2 2 10 1 1034 7988 2232
12903 2 2 10 1 1077 7995 1099
12904 2 2 10 1 561 562 560
12905 2 2 10 1 2883 3202 3200
12906 2 2 10 1 2112 2115 2114
12907 2 2 10 1 982 3752 999
12908 2 2 10 1 3806 5037 4266
12909 2 2 10 1 932 2977 944
12910 2 2 10 1 2097 2970 2099
12911 2 2 10 1 4134 4728 3297
12912 2 2 10 1 1359 7999 1364
12913 2 2 10 1 2654 2657 2512
12914 2 2 10 1 2489 7991 2487
12915 2 2 10 1 843 7992 851
12916 2 2 10 1 1479 1489 1487
12917 2 2 10 1 1405 4761 1415
12918 2 2 10 1 6546 7300 6550
12919 2 2 10 1 4527 5319 3662
12920 2 2 10 1 2643 3096 3045
12921 2 2 10 1 2208 2673 2210
12922 2 2 10 1 2688 3386 3380
12923 2 2 10 1 5589 6308 5591
12924 2 2 10 1 2092 2229 1804
12925 2 2 10 1 4021 5971 4479
12926 2 2 10 1 2090 2411 2410
12927 2 2 10 1 1220 4807 1795
12928 2 2 10 1 3968 4765 2704
12929 2 2 10 1 1013 1043 1026
12930 2 2 10 1 2057 2212 2198
12931 2 2 10 1 4220 5258 4664
12932 2 2 10 1 864 4813 866
12933 2 2 10 1 5647 5995 5649
12934 2 2 10 1 2806 8005 2804
12935 2 2 10 1 3147 3711 2700
12936 2 2 10 1 2539 3479 2650
12937 2 2 10 1 2103 2106 2105
12938 2 2 10 1 2497 2692 2680
12939 2 2 10 1 5167 6180 5165
12940 2 2 10 1 1373 2978 1382
12941 2 2 10 1 3246 4768 3957
12942 2 2 10 1 1730 2945 1727
12943 2 2 10 1 2619 3341 2621
12944 2 2 10 1 1264 3165 1248
12945 2 2 10 1 2204 2996 2206
12946 2 2 10 1 2351 4053 2384
12947 2 2 10 1 2053 8000 2225
12948 2 2 10 1 4528 5909 3101
12949 2 2 10 1 6131 6132 4039
12950 2 2 10 1 2164 2403 2402
12951 2 2 10 1 2521 4515 3430
12952 2 2 10 1 1442 1522 1449
12953 2 2 10 1 2370 2381 2372
12954 2 2 10 1 1810 4764 3981
12955 2 2 10 1 3936 4001 3309
12956 2 2 10 1 2629 4289 4288
12957 2 2 10 1 4826 5703 4828
12958 2 2 10 1 3714 4442 4441
12959 2 2 10 1 4006 4730 4500
12960 2 2 10 1 4017 4875 4019
12961 2 2 10 1 4704 5263 4702
12962 2 2 10 1 2713 8001 3172
12963 2 2 10 1 2607 3181 2609
12964 2 2 10 1 1789 7993 1225
12965 2 2 10 1 5659 5929 5661
12966 2 2 10 1 1243 2549 2548
12967 2 2 10 1 5228 5970 5226
12968 2 2 10 1 6363 6367 6361
12969 2 2 10 1 4153 5036 4520
12970 2 2 10 1 2615 3336 2617
12971 2 2 10 1 955 1072 976
12972 2 2 10 1 5261 5262 4097
12973 2 2 10 1 4477 5917 5710
12974 2 2 10 1 2178 2405 2180
12975 2 2 10 1 2856 7997 2327
12976 2 2 10 1 2345 2647 2645
12977 2 2 10 1 894 1128 911
12978 2 2 10 1 1388 1683 1393
12979 2 2 10 1 2625 3335 2627
12980 2 2 10 1 1797 1803 1741
12981 2 2 10 1 5520 5521 4359
12982 2 2 10 1 5793 5873 4420
12983 2 2 10 1 2356 3257 2358
12984 2 2 10 1 4779 6315 6018
12985 2 2 10 1 1191 1193 1189
12986 2 2 10 1 2674 3100 2494
12987 2 2 10 1 2611 3330 2613
12988 2 2 10 1 3141 5430 3873
12989 2 2 10 1 1199 1205 1196
12990 2 2 10 1 5162 6294 4230
12991 2 2 10 1 1313 3097 1311
12992 2 2 10 1 2812 7989 2814
12993 2 2 10 1 1244 3421 1215
12994 2 2 10 1 3447 4263 3869
12995 2 2 10 1 2900 4731 2898
12996 2 2 10 1 1103 8008 1083
12997 2 2 10 1 5593 5604 5601
12998 2 2 10 1 777 2973 775
12999 2 2 10 1 1166 1265 1164
13000 2 2 10 1 5232 5901 5230
13001 2 2 10 1 1172 1203 1170
13002 2 2 10 1 781 1097 779
13003 2 2 10 1 787 986 785
13004 2 2 10 1 1317 1468 1315
13005 2 2 10 1 3763 8003 3219
13006 2 2 10 1 2464 3306 2466
13007 2 2 10 1 3537 8010 3535
13008 2 2 10 1 1162 2975 1160
13009 2 2 10 1 1950 2976 1948
13010 2 2 10 1 1944 3294 1932
13011 2 2 10 1 2908 3203 2906
13012 2 2 10 1 2920 3153 2918
13013 2 2 10 1 2593 8004 980
13014 2 2 10 1 5634 5635 5632
13015 2 2 10 1 1187 2971 1184
13016 2 2 10 1 2468 2819 2561
13017 2 2 10 1 1715 1724 1713
13018 2 2 10 1 5617 5618 4238
13019 2 2 10 1 677 678 674
13020 2 2 10 1 3505 4036 3248
13021 2 2 10 1 6011 6012 5016
13022 2 2 10 1 1176 2974 1174
13023 2 2 10 1 5218 6165 5216
13024 2 2 10 1 1690 2437 1688
13025 2 2 10 1 5541 5542 4168
13026 2 2 10 1 1708 1710 1706
13027 2 2 10 1 1180 1181 1178
13028 2 2 10 1 3903 5268 3647
13029 2 2 10 1 1702 1729 1700
13030 2 2 10 1 1696 2122 1694
13031 2 2 10 1 5630 5636 5628
13032 2 2 10 1 5222 5255 5220
13033 2 2 10 1 3143 3367 2926
13034 2 2 10 1 2268 2269 2048
13035 2 2 10 1 2904 3407 2902
13036 2 2 10 1 2924 3358 2922
13037 2 2 10 1 2914 3183 2912
13038 2 2 10 1 3135 3948 3133
13039 2 2 10 1 3212 3942 3137
13040 2 2 10 1 5768 6283 4552
13041 2 2 10 1 2702 8009 2341
13042 2 2 10 1 2288 2294 2065
13043 2 2 10 1 4905 4906 4903
13044 2 2 10 1 4922 5108 4908
13045 2 2 10 1 5402 5403 4816
13046 2 2 10 1 2648 3278 3276
13047 2 2 10 1 7343 7919 2956
13048 2 2 10 1 4462 5079 3826
13049 2 2 10 1 3387 3939 3254
13050 2 2 10 1 5094 5096 4306
13051 2 2 10 1 5386 6267 5384
13052 2 2 10 1 1770 3732 1912
13053 2 2 10 1 3507 4224 4223
13054 2 2 10 1 3335 8200 7948
13055 2 2 10 1 2414 2435 2184
13056 2 2 10 1 7682 7683 2870
13057 2 2 10 1 5043 5082 4195
13058 2 2 10 1 4720 5178 3915
13059 2 2 10 1 3437 3438 3149
13060 2 2 10 1 5624 5625 5622
13061 2 2 10 1 4182 4183 4180
13062 2 2 10 1 5670 5671 5101
13063 2 2 10 1 4936 5012 4175
13064 2 2 10 1 5111 5396 5109
13065 2 2 10 1 3850 5294 2240
13066 2 2 10 1 300 8181 299
13067 2 2 10 1 4901 5001 4899
13068 2 2 10 1 3395 3396 2215
13069 2 2 10 1 6285 8215 5366
13070 2 2 10 1 6481 7963 3280
13071 2 2 10 1 3514 4518 3649
13072 2 2 10 1 6986 8580 1193
13073 2 2 10 1 2781 8647 6651
13074 2 2 10 1 4773 8117 5306
13075 2 2 10 1 3131 3921 3129
13076 2 2 10 1 1202 8147 1200
13077 2 2 10 1 7319 8233 8100
13078 2 2 10 1 3956 7896 5133
13079 2 2 10 1 6923 8116 4090
13080 2 2 10 1 3284 7900 4100
13081 2 2 10 1 8659 8718 6923
13082 2 2 10 1 7326 8274 4587
13083 2 2 10 1 1272 7705 1139
13084 2 2 10 1 4322 7910 5817
13085 2 2 10 1 3025 7746 4754
13086 2 2 10 1 4162 7915 4161
13087 2 2 10 1 714 8244 710
13088 2 2 10 1 2032 7914 2031
13089 2 2 10 1 1238 7747 1240
13090 2 2 10 1 972 7913 971
13091 2 2 10 1 1720 8041 6543
13092 2 2 10 1 5769 7906 4799
13093 2 2 10 1 2236 7918 2235
13094 2 2 10 1 3519 7916 3518
13095 2 2 10 1 4726 8305 7333
13096 2 2 10 1 2107 7757 2110
13097 2 2 10 1 2799 7743 791
13098 2 2 10 1 2257 7919 2256
13099 2 2 10 1 1750 9161 6911
13100 2 2 10 1 3695 7642 7641
13101 2 2 10 1 3856 7741 7657
13102 2 2 10 1 4928 7754 4158
13103 2 2 10 1 4215 7915 4162
13104 2 2 10 1 3422 8023 6484
13105 2 2 10 1 4304 7975 3840
13106 2 2 10 1 4684 6463 5192
13107 2 2 10 1 4063 5288 5191
13108 2 2 10 1 555 556 554
13109 2 2 10 1 3065 4087 3067
13110 2 2 10 1 3710 4804 3567
13111 2 2 10 1 4028 5377 3362
13112 2 2 10 1 5180 6453 4026
13113 2 2 10 1 4340 5295 3400
13114 2 2 10 1 3258 4803 4170
13115 2 2 10 1 3273 4114 3970
13116 2 2 10 1 4067 6122 6121
13117 2 2 10 1 3071 3442 3331
13118 2 2 10 1 3928 4536 3930
13119 2 2 10 1 4032 4101 3374
13120 2 2 10 1 4055 5287 4660
13121 2 2 10 1 3989 5202 5201
13122 2 2 10 1 2277 3743 2062
13123 2 2 10 1 1546 3435 1544
13124 2 2 10 1 3676 4788 4210
13125 2 2 10 1 3117 5303 3891
13126 2 2 10 1 3613 3735 2535
13127 2 2 10 1 3992 4537 3227
13128 2 2 10 1 5294 8260 8086
13129 2 2 10 1 5699 5773 5701
13130 2 2 10 1 4473 5735 5734
13131 2 2 10 1 1821 3047 1745
13132 2 2 10 1 4259 4463 3879
13133 2 2 10 1 4070 5286 4687
13134 2 2 10 1 5868 5869 4388
13135 2 2 10 1 3731 4802 2858
13136 2 2 10 1 5510 5511 4192
13137 2 2 10 1 4727 5302 3702
13138 2 2 10 1 1984 2947 1980
13139 2 2 10 1 589 2989 591
13140 2 2 10 1 4691 4871 4693
13141 2 2 10 1 3821 5508 4482
13142 2 2 10 1 3896 4656 4207
13143 2 2 10 1 4278 5350 4443
13144 2 2 10 1 4394 5644 5405
13145 2 2 10 1 4386 5583 4392
13146 2 2 10 1 3947 4099 3601
13147 2 2 10 1 2471 2841 2838
13148 2 2 10 1 4447 5346 4450
13149 2 2 10 1 1005 2949 987
13150 2 2 10 1 4367 5543 4384
13151 2 2 10 1 3828 4758 4757
13152 2 2 10 1 599 2987 601
13153 2 2 10 1 1055 3742 1037
13154 2 2 10 1 3779 4847 4475
13155 2 2 10 1 585 920 587
13156 2 2 10 1 4352 5509 4365
13157 2 2 10 1 2015 4108 2009
13158 2 2 10 1 1117 3740 1108
13159 2 2 10 1 615 618 617
13160 2 2 10 1 4002 4787 3798
13161 2 2 10 1 4950 6685 6684
13162 2 2 10 1 5468 7854 4441
13163 2 2 10 1 635 1253 637
13164 2 2 10 1 641 644 643
13165 2 2 10 1 595 818 597
13166 2 2 10 1 3086 3776 3489
13167 2 2 10 1 2532 2956 2260
13168 2 2 10 1 2071 4109 1906
13169 2 2 10 1 625 3059 627
13170 2 2 10 1 4009 4419 3290
13171 2 2 10 1 629 921 631
13172 2 2 10 1 577 1015 579
13173 2 2 10 1 609 3005 611
13174 2 2 10 1 2179 8379 3604
13175 2 2 10 1 2693 3980 2188
13176 2 2 10 1 1520 2196 1512
13177 2 2 10 1 3010 3650 3178
13178 2 2 10 1 3088 3733 2544
13179 2 2 10 1 621 702 623
13180 2 2 10 1 1883 2995 1885
13181 2 2 10 1 1893 2166 1896
13182 2 2 10 1 3500 4980 4979
13183 2 2 10 1 605 749 607
13184 2 2 10 1 1887 2279 1889
13185 2 2 10 1 581 2980 583
13186 2 2 10 1 4437 5284 4435
13187 2 2 10 1 1970 2027 1968
13188 2 2 10 1 2013 2503 2000
13189 2 2 10 1 2396 3006 2637
13190 2 2 10 1 1499 3730 1497
13191 2 2 10 1 3301 4786 2889
13192 2 2 10 1 2667 5296 2433
13193 2 2 10 1 2589 2664 2584
13194 2 2 10 1 1534 1553 1501
13195 2 2 10 1 3037 3038 2249
13196 2 2 10 1 2425 8379 2181
13197 2 2 10 1 1962 2483 1960
13198 2 2 10 1 2580 3582 2578
13199 2 2 10 1 2387 2981 2056
13200 2 2 10 1 4232 4234 3390
13201 2 2 10 1 2047 2133 2044
13202 2 2 10 1 3355 5298 3089
13203 2 2 10 1 1966 2988 1964
13204 2 2 10 1 5369 5370 4148
13205 2 2 10 1 1976 2026 1974
13206 2 2 10 1 3209 3210 2986
13207 2 2 10 1 3509 4785 3472
13208 2 2 10 1 2134 3114 2035
13209 2 2 10 1 3960 6137 3266
13210 2 2 10 1 5393 5834 4295
13211 2 2 10 1 3292 3865 2993
13212 2 2 10 1 3468 3941 3466
13213 2 2 10 1 5097 5099 4027
13214 2 2 10 1 3885 3890 3198
13215 2 2 10 1 5595 5596 4215
13216 2 2 10 1 2035 7914 2032
13217 2 2 10 1 3250 3984 3904
13218 2 2 10 1 4164 4165 3708
13219 2 2 10 1 3523 5392 4125
13220 2 2 10 1 2954 4798 4007
13221 2 2 10 1 645 648 647
13222 2 2 10 1 2968 4801 2966
13223 2 2 10 1 1622 1649 1567
13224 2 2 10 1 2249 7918 2236
13225 2 2 10 1 6654 8270 8269
13226 2 2 10 1 5724 6085 4681
13227 2 2 10 1 4045 8132 3242
13228 2 2 10 1 8655 8708 6685
13229 2 2 10 1 5301 5576 5299
13230 2 2 10 1 5906 5908 4459
13231 2 2 10 1 7188 9695 4725
13232 2 2 10 1 2260 7919 2257
13233 2 2 10 1 7101 8255 8128
13234 2 2 10 1 987 7913 972
13235 2 2 10 1 686 687 685
13236 2 2 10 1 8053 8182 3037
13237 2 2 10 1 4834 7922 3865
13238 2 2 10 1 7478 7815 3679
13239 2 2 10 1 3601 7916 3519
13240 2 2 10 1 5090 7881 554
13241 2 2 10 1 8048 8185 3088
13242 2 2 10 1 6068 9073 2079
13243 2 2 10 1 6967 8567 5390
13244 2 2 10 1 8304 8523 4793
13245 2 2 10 1 924 8384 909
13246 2 2 10 1 2508 8159 2959
13247 2 2 10 1 1660 8160 1658
13248 2 2 10 1 4218 7762 4216
13249 2 2 10 1 8050 8184 2387
13250 2 2 10 1 5820 8113 5864
13251 2 2 10 1 3969 7924 7923
13252 2 2 10 1 3099 7769 3090
13253 2 2 10 1 5075 7889 1685
13254 2 2 10 1 8147 8221 7217
13255 2 2 10 1 3946 7896 3293
13256 2 2 10 1 2892 7766 2890
13257 2 2 10 1 8127 8310 7106
13258 2 2 10 1 1345 8180 1347
13259 2 2 10 1 3475 7764 3473
13260 2 2 10 1 5595 5748 5596
13261 2 2 10 1 5125 7900 4037
13262 2 2 10 1 988 8137 1005
13263 2 2 10 1 5615 7904 4093
13264 2 2 10 1 4832 7902 4233
13265 2 2 10 1 3509 5897 4785
13266 2 2 10 1 5343 8058 3743
13267 2 2 10 1 3657 8165 3655
13268 2 2 10 1 6375 8060 4537
13269 2 2 10 1 1980 7965 1977
13270 2 2 10 1 4688 7979 4691
13271 2 2 10 1 3355 5299 5298
13272 2 2 10 1 4437 6068 5284
13273 2 2 10 1 3037 3617 3038
13274 2 2 10 1 2667 5297 5296
13275 2 2 10 1 3301 4840 4786
13276 2 2 10 1 4769 7867 3957
13277 2 2 10 1 4444 7971 4447
13278 2 2 10 1 2134 3115 3114
13279 2 2 10 1 4248 4423 4422
13280 2 2 10 1 4439 7771 4436
13281 2 2 10 1 3088 3734 3733
13282 2 2 10 1 2308 2895 2894
13283 2 2 10 1 4164 4452 4165
13284 2 2 10 1 4002 5449 4787
13285 2 2 10 1 4009 5462 4419
13286 2 2 10 1 2071 4913 4109
13287 2 2 10 1 1515 7784 1513
13288 2 2 10 1 3426 7782 3363
13289 2 2 10 1 2532 3295 2956
13290 2 2 10 1 5350 5808 4443
13291 2 2 10 1 2942 5270 4141
13292 2 2 10 1 1758 7788 1575
13293 2 2 10 1 3843 7779 3799
13294 2 2 10 1 2015 5190 4108
13295 2 2 10 1 3706 6240 4838
13296 2 2 10 1 3947 4711 4099
13297 2 2 10 1 1549 7790 1547
13298 2 2 10 1 1117 3800 3740
13299 2 2 10 1 5342 8069 3742
13300 2 2 10 1 1055 3913 3742
13301 2 2 10 1 1559 1625 1624
13302 2 2 10 1 2115 2118 2117
13303 2 2 10 1 3278 3849 3848
13304 2 2 10 1 5097 5840 5099
13305 2 2 10 1 4259 5070 4463
13306 2 2 10 1 5339 8065 3735
13307 2 2 10 1 2592 7789 2590
13308 2 2 10 1 3292 3956 3865
13309 2 2 10 1 1005 2950 2949
13310 2 2 10 1 3386 5017 4255
13311 2 2 10 1 5508 5680 4482
13312 2 2 10 1 4516 6217 5157
13313 2 2 10 1 7642 7646 7643
13314 2 2 10 1 1821 3048 3047
13315 2 2 10 1 4727 7484 5302
13316 2 2 10 1 3885 4322 3890
13317 2 2 10 1 3731 4885 4802
13318 2 2 10 1 4871 4872 4693
13319 2 2 10 1 1489 2879 2878
13320 2 2 10 1 3382 8109 2689
13321 2 2 10 1 1984 2948 2947
13322 2 2 10 1 5510 6009 5511
13323 2 2 10 1 2106 2108 2107
13324 2 2 10 1 5868 6224 5869
13325 2 2 10 1 5286 6479 4687
13326 2 2 10 1 4291 7906 5871
13327 2 2 10 1 1976 5357 2026
13328 2 2 10 1 3096 3910 3482
13329 2 2 10 1 5735 5865 5734
13330 2 2 10 1 3613 3736 3735
13331 2 2 10 1 2237 2602 2229
13332 2 2 10 1 1043 1060 1059
13333 2 2 10 1 4232 5024 4234
13334 2 2 10 1 3209 3284 3210
13335 2 2 10 1 2212 2897 2896
13336 2 2 10 1 2673 3722 3721
13337 2 2 10 1 2387 2982 2981
13338 2 2 10 1 2447 8043 2679
13339 2 2 10 1 2277 3744 3743
13340 2 2 10 1 2013 2504 2503
13341 2 2 10 1 4788 5076 4210
13342 2 2 10 1 3992 4852 4537
13343 2 2 10 1 1522 1611 1610
13344 2 2 10 1 1897 7798 1899
13345 2 2 10 1 5303 5304 3891
13346 2 2 10 1 2413 7809 2265
13347 2 2 10 1 4839 6197 4728
13348 2 2 10 1 5312 7807 4490
13349 2 2 10 1 4178 7796 3405
13350 2 2 10 1 668 7799 2877
13351 2 2 10 1 1534 1554 1553
13352 2 2 10 1 4442 5578 5468
13353 2 2 10 1 3006 3007 2637
13354 2 2 10 1 2549 2551 2550
13355 2 2 10 1 3442 3935 3331
13356 2 2 10 1 3882 7806 3880
13357 2 2 10 1 5202 6151 5201
13358 2 2 10 1 1072 2500 2499
13359 2 2 10 1 4053 5267 4054
13360 2 2 10 1 5338 8066 4108
13361 2 2 10 1 4139 4140 1803
13362 2 2 10 1 1128 1227 1226
13363 2 2 10 1 5036 5538 5537
13364 2 2 10 1 3863 3940 3165
13365 2 2 10 1 3712 3713 3711
13366 2 2 10 1 1520 2197 2196
13367 2 2 10 1 1683 2675 2223
13368 2 2 10 1 5341 8068 3740
13369 2 2 10 1 5998 5999 4767
13370 2 2 10 1 4515 6205 6203
13371 2 2 10 1 4980 5594 4979
13372 2 2 10 1 4340 5821 5295
13373 2 2 10 1 4263 5742 4866
13374 2 2 10 1 4289 4310 4309
13375 2 2 10 1 5057 7812 3971
13376 2 2 10 1 4766 4767 4765
13377 2 2 10 1 3274 7802 3681
13378 2 2 10 1 4114 4674 3970
13379 2 2 10 1 557 558 556
13380 2 2 10 1 3776 4329 3489
13381 2 2 10 1 4730 6087 6086
13382 2 2 10 1 3724 5143 2945
13383 2 2 10 1 2819 4746 4745
13384 2 2 10 1 2777 2778 2435
13385 2 2 10 1 4028 5853 5377
13386 2 2 10 1 1622 1650 1649
13387 2 2 10 1 3184 3416 1724
13388 2 2 10 1 1213 1214 1205
13389 2 2 10 1 3710 4805 4804
13390 2 2 10 1 4087 4783 3067
13391 2 2 10 1 644 645 643
13392 2 2 10 1 3791 3876 3100
13393 2 2 10 1 5455 5512 5082
13394 2 2 10 1 4758 6139 4757
13395 2 2 10 1 4768 4770 4769
13396 2 2 10 1 680 681 678
13397 2 2 10 1 2895 3689 3424
13398 2 2 10 1 618 619 617
13399 2 2 10 1 5522 5586 5521
13400 2 2 10 1 648 649 647
13401 2 2 10 1 1182 1186 1181
13402 2 2 10 1 5366 7916 4099
13403 2 2 10 1 4939 5969 5968
13404 2 2 10 1 3415 3909 3367
13405 2 2 10 1 4184 4194 4183
13406 2 2 10 1 4043 7803 4736
13407 2 2 10 1 3689 4286 4285
13408 2 2 10 1 2841 3365 2838
13409 2 2 10 1 2528 2529 2269
13410 2 2 10 1 5626 5637 5625
13411 2 2 10 1 4847 5534 4475
13412 2 2 10 1 2594 2658 2294
13413 2 2 10 1 3943 5100 3942
13414 2 2 10 1 4656 4989 4207
13415 2 2 10 1 5081 8052 3047
13416 2 2 10 1 4798 4799 4007
13417 2 2 10 1 2919 8318 2921
13418 2 2 10 1 3849 5746 4929
13419 2 2 10 1 1765 1939 1938
13420 2 2 10 1 1625 1765 1764
13421 2 2 10 1 5981 5982 5096
13422 2 2 10 1 2118 2264 2263
13423 2 2 10 1 5288 6416 5191
13424 2 2 10 1 5005 7820 4081
13425 2 2 10 1 2214 5158 3741
13426 2 2 10 1 3058 7873 2658
13427 2 2 10 1 7418 8022 3429
13428 2 2 10 1 2879 3410 2946
13429 2 2 10 1 5044 5674 5045
13430 2 2 10 1 2121 7810 2038
13431 2 2 10 1 1060 1079 1078
13432 2 2 10 1 2074 7811 1911
13433 2 2 10 1 4297 4298 3396
13434 2 2 10 1 2603 3253 2602
13435 2 2 10 1 1611 1613 1612
13436 2 2 10 1 4898 5526 5435
13437 2 2 10 1 3068 7987 3071
13438 2 2 10 1 3722 4137 3723
13439 2 2 10 1 2132 2443 2442
13440 2 2 10 1 1079 1090 1089
13441 2 2 10 1 1925 2132 2131
13442 2 2 10 1 2897 3918 3917
13443 2 2 10 1 1090 1119 1118
13444 2 2 10 1 4137 5044 4138
13445 2 2 10 1 4794 5059 4008
13446 2 2 10 1 2551 2553 2552
13447 2 2 10 1 4746 4748 4747
13448 2 2 10 1 2500 3026 3025
13449 2 2 10 1 1923 1925 1924
13450 2 2 10 1 4398 5934 5933
13451 2 2 10 1 4123 5251 5003
13452 2 2 10 1 5100 5785 5103
13453 2 2 10 1 1227 1229 1228
13454 2 2 10 1 1613 1615 1614
13455 2 2 10 1 6094 6095 6093
13456 2 2 10 1 1615 1617 1616
13457 2 2 10 1 2529 3958 3751
13458 2 2 10 1 1617 1627 1626
13459 2 2 10 1 4510 4511 3713
13460 2 2 10 1 1186 5419 4957
13461 2 2 10 1 3413 4123 3414
13462 2 2 10 1 2675 3356 3032
13463 2 2 10 1 5637 5642 5641
13464 2 2 10 1 3958 5063 4396
13465 2 2 10 1 1229 1231 1230
13466 2 2 10 1 3009 7813 2632
13467 2 2 10 1 925 8384 2734
13468 2 2 10 1 1231 1233 1232
13469 2 2 10 1 559 560 558
13470 2 2 10 1 3427 3428 2778
13471 2 2 10 1 1233 1235 1234
13472 2 2 10 1 1986 7817 1983
13473 2 2 10 1 1237 1252 1238
13474 2 2 10 1 4179 5394 4947
13475 2 2 10 1 1235 1237 1236
13476 2 2 10 1 4308 5062 3909
13477 2 2 10 1 4620 8187 4621
13478 2 2 10 1 3759 4003 3760
13479 2 2 10 1 3416 3759 3758
13480 2 2 10 1 4095 5148 3975
13481 2 2 10 1 5188 5946 5189
13482 2 2 10 1 5359 5899 5148
13483 2 2 10 1 2697 8048 2545
13484 2 2 10 1 2141 2960 2142
13485 2 2 10 1 1262 1263 1214
13486 2 2 10 1 2960 3317 2961
13487 2 2 10 1 3056 3057 2658
13488 2 2 10 1 682 683 681
13489 2 2 10 1 3940 5784 4795
13490 2 2 10 1 1878 2141 1263
13491 2 2 10 1 3317 3823 3318
13492 2 2 10 1 3679 7815 3852
13493 2 2 10 1 4993 5188 4003
13494 2 2 10 1 4140 5092 4829
13495 2 2 10 1 4809 4981 4310
13496 2 2 10 1 1053 7816 1040
13497 2 2 10 1 5622 7753 5621
13498 2 2 10 1 3443 3444 3057
13499 2 2 10 1 684 685 683
13500 2 2 10 1 3428 3975 3767
13501 2 2 10 1 4216 7762 5595
13502 2 2 10 1 4409 5049 3876
13503 2 2 10 1 5092 5666 5093
13504 2 2 10 1 4796 5175 4748
13505 2 2 10 1 3357 3858 3356
13506 2 2 10 1 2139 7821 1941
13507 2 2 10 1 4511 4850 4849
13508 2 2 10 1 5579 5580 5578
13509 2 2 10 1 3859 4179 3858
13510 2 2 10 1 5064 5900 5063
13511 2 2 10 1 4850 4935 4878
13512 2 2 10 1 3755 3756 2108
13513 2 2 10 1 3324 3413 3026
13514 2 2 10 1 1628 1629 1627
13515 2 2 10 1 5018 5749 5017
13516 2 2 10 1 4770 6093 6092
13517 2 2 10 1 3919 3999 3918
13518 2 2 10 1 1630 1631 1629
13519 2 2 10 1 3253 3703 3256
13520 2 2 10 1 1754 1755 1119
13521 2 2 10 1 1632 1633 1631
13522 2 2 10 1 4982 5684 4981
13523 2 2 10 1 3617 4317 3618
13524 2 2 10 1 998 7819 990
13525 2 2 10 1 1739 1740 1639
13526 2 2 10 1 1634 1635 1633
13527 2 2 10 1 5581 5619 5580
13528 2 2 10 1 4840 5362 4841
13529 2 2 10 1 4135 4136 3910
13530 2 2 10 1 1636 1637 1635
13531 2 2 10 1 5620 5621 5619
13532 2 2 10 1 1638 1639 1637
13533 2 2 10 1 1922 1923 1755
13534 2 2 10 1 4158 4398 3999
13535 2 2 10 1 4452 5513 4985
13536 2 2 10 1 4895 4896 4894
13537 2 2 10 1 3734 4311 3774
13538 2 2 10 1 3411 4382 3410
13539 2 2 10 1 4897 4898 4896
13540 2 2 10 1 3703 4008 3704
13541 2 2 10 1 3757 4155 3756
13542 2 2 10 1 4893 4894 4892
13543 2 2 10 1 4863 4864 4136
13544 2 2 10 1 4497 5119 4143
13545 2 2 10 1 4998 7914 3114
13546 2 2 10 1 4383 4938 4382
13547 2 2 10 1 1977 7965 1976
13548 2 2 10 1 4891 4892 4864
13549 2 2 10 1 4317 5266 4319
13550 2 2 10 1 4221 5149 4155
13551 2 2 10 1 5337 8059 3733
13552 2 2 10 1 1121 7818 1111
13553 2 2 10 1 4400 7833 3933
13554 2 2 10 1 2501 2502 2264
13555 2 2 10 1 4746 7876 4796
13556 2 2 10 1 3995 8047 3993
13557 2 2 10 1 4087 5308 4783
13558 2 2 10 1 2050 2214 2049
13559 2 2 10 1 4656 6148 4989
13560 2 2 10 1 3295 3925 3296
13561 2 2 10 1 3072 8049 3074
13562 2 2 10 1 3163 4143 2502
13563 2 2 10 1 1940 2049 1939
13564 2 2 10 1 4443 7971 4444
13565 2 2 10 1 4847 5535 5534
13566 2 2 10 1 1762 7823 1760
13567 2 2 10 1 2841 3366 3365
13568 2 2 10 1 4805 4806 4804
13569 2 2 10 1 4798 4800 4799
13570 2 2 10 1 2450 8059 2281
13571 2 2 10 1 3572 8057 3570
13572 2 2 10 1 3125 8046 3496
13573 2 2 10 1 2839 7756 2842
13574 2 2 10 1 618 2966 619
13575 2 2 10 1 3453 7825 3451
13576 2 2 10 1 4758 6141 6139
13577 2 2 10 1 3925 4459 3926
13578 2 2 10 1 3442 4169 3935
13579 2 2 10 1 893 7824 891
13580 2 2 10 1 4114 4868 4674
13581 2 2 10 1 3956 5132 4262
13582 2 2 10 1 3776 5328 4329
13583 2 2 10 1 4322 5816 5060
13584 2 2 10 1 1486 7828 1482
13585 2 2 10 1 648 650 649
13586 2 2 10 1 2516 8050 2385
13587 2 2 10 1 7580 9245 464
13588 2 2 10 1 2950 2952 2951
13589 2 2 10 1 4830 4831 4423
13590 2 2 10 1 4980 5675 5594
13591 2 2 10 1 4788 5947 5076
13592 2 2 10 1 3744 3745 3743
13593 2 2 10 1 2197 2575 2196
13594 2 2 10 1 961 7827 949
13595 2 2 10 1 4861 4939 4860
13596 2 2 10 1 3048 3464 3463
13597 2 2 10 1 5323 5324 4872
13598 2 2 10 1 1877 8058 1779
13599 2 2 10 1 4885 5694 4886
13600 2 2 10 1 4852 6374 4537
13601 2 2 10 1 3284 3966 3808
13602 2 2 10 1 1650 1784 1649
13603 2 2 10 1 3006 3018 3007
13604 2 2 10 1 3736 3737 3735
13605 2 2 10 1 1554 1564 1553
13606 2 2 10 1 2982 2984 2983
13607 2 2 10 1 2504 2666 2665
13608 2 2 10 1 2504 2665 2503
13609 2 2 10 1 3736 3824 3737
13610 2 2 10 1 3055 7832 3322
13611 2 2 10 1 4687 7979 4688
13612 2 2 10 1 3118 8051 3120
13613 2 2 10 1 2948 3498 2947
13614 2 2 10 1 1818 7841 1271
13615 2 2 10 1 1656 8052 1654
13616 2 2 10 1 2982 2983 2981
13617 2 2 10 1 1554 1565 1564
13618 2 2 10 1 3744 3746 3745
13619 2 2 10 1 4885 4886 4802
13620 2 2 10 1 3266 8045 3263
13621 2 2 10 1 4871 5323 4872
13622 2 2 10 1 3048 3463 3047
13623 2 2 10 1 3284 3808 3210
13624 2 2 10 1 1088 8068 1081
13625 2 2 10 1 3966 4843 4292
13626 2 2 10 1 1650 1785 1784
13627 2 2 10 1 2197 2576 2575
13628 2 2 10 1 941 7830 937
13629 2 2 10 1 2950 2951 2949
13630 2 2 10 1 7948 8200 4809
13631 2 2 10 1 4169 4360 3935
13632 2 2 10 1 1807 8064 1748
13633 2 2 10 1 3824 4642 3825
13634 2 2 10 1 4322 5060 3890
13635 2 2 10 1 4800 5466 5465
13636 2 2 10 1 2719 7826 2642
13637 2 2 10 1 1021 8069 1010
13638 2 2 10 1 5328 5973 4329
13639 2 2 10 1 4859 4860 4831
13640 2 2 10 1 1565 1567 1566
13641 2 2 10 1 3175 7822 2660
13642 2 2 10 1 3913 4177 3742
13643 2 2 10 1 4711 5365 4099
13644 2 2 10 1 3746 3893 3747
13645 2 2 10 1 3956 4262 3865
13646 2 2 10 1 3893 4681 3894
13647 2 2 10 1 1785 2042 2041
13648 2 2 10 1 650 651 649
13649 2 2 10 1 1434 7829 1432
13650 2 2 10 1 3722 7875 4261
13651 2 2 10 1 1919 7736 2068
13652 2 2 10 1 3800 5174 3740
13653 2 2 10 1 5190 5325 4108
13654 2 2 10 1 2005 8066 2003
13655 2 2 10 1 1474 7835 1467
13656 2 2 10 1 1611 7877 2661
13657 2 2 10 1 2078 7831 2076
13658 2 2 10 1 4169 4958 4360
13659 2 2 10 1 1840 7840 1842
13660 2 2 10 1 4958 5069 4360
13661 2 2 10 1 1873 7834 1875
13662 2 2 10 1 4958 6171 5069
13663 2 2 10 1 652 653 651
13664 2 2 10 1 654 655 653
13665 2 2 10 1 3269 8054 3267
13666 2 2 10 1 656 657 655
13667 2 2 10 1 658 659 657
13668 2 2 10 1 660 661 659
13669 2 2 10 1 662 663 661
13670 2 2 10 1 664 665 663
13671 2 2 10 1 2274 8053 2250
13672 2 2 10 1 666 667 665
13673 2 2 10 1 3295 3296 2956
13674 2 2 10 1 650 652 651
13675 2 2 10 1 5462 6099 4419
13676 2 2 10 1 1390 7837 1384
13677 2 2 10 1 2156 7843 2158
13678 2 2 10 1 3366 4251 3365
13679 2 2 10 1 4800 5465 4799
13680 2 2 10 1 652 654 653
13681 2 2 10 1 664 666 665
13682 2 2 10 1 662 664 663
13683 2 2 10 1 660 662 661
13684 2 2 10 1 658 660 659
13685 2 2 10 1 656 658 657
13686 2 2 10 1 654 656 655
13687 2 2 10 1 5449 5843 4787
13688 2 2 10 1 1407 7838 1401
13689 2 2 10 1 6148 6149 4989
13690 2 2 10 1 2440 8056 2434
13691 2 2 10 1 2576 3523 2575
13692 2 2 10 1 3734 3774 3733
13693 2 2 10 1 3076 7842 3830
13694 2 2 10 1 3746 3747 3745
13695 2 2 10 1 2320 8060 2318
13696 2 2 10 1 4321 7851 4059
13697 2 2 10 1 1785 2041 1784
13698 2 2 10 1 1441 7836 1437
13699 2 2 10 1 2193 7846 2480
13700 2 2 10 1 3683 8061 3685
13701 2 2 10 1 3893 3894 3747
13702 2 2 10 1 3237 7845 3235
13703 2 2 10 1 1060 7878 3011
13704 2 2 10 1 1459 7839 1447
13705 2 2 10 1 5466 5467 5465
13706 2 2 10 1 1565 1566 1564
13707 2 2 10 1 3824 3825 3737
13708 2 2 10 1 4452 4985 4165
13709 2 2 10 1 3115 3900 3114
13710 2 2 10 1 2666 3250 2665
13711 2 2 10 1 4642 4643 3825
13712 2 2 10 1 3617 3618 3038
13713 2 2 10 1 2984 3049 2983
13714 2 2 10 1 3966 4292 3808
13715 2 2 10 1 5694 5695 4886
13716 2 2 10 1 4840 4841 4786
13717 2 2 10 1 1376 7848 1367
13718 2 2 10 1 1530 7920 1541
13719 2 2 10 1 3464 4256 3463
13720 2 2 10 1 7324 9137 5436
13721 2 2 10 1 3081 7852 3483
13722 2 2 10 1 2952 2954 2951
13723 2 2 10 1 4848 7918 3038
13724 2 2 10 1 2723 8070 2721
13725 2 2 10 1 3334 8055 3291
13726 2 2 10 1 2298 8062 2221
13727 2 2 10 1 1831 7847 1833
13728 2 2 10 1 1528 8071 1518
13729 2 2 10 1 3156 8067 2695
13730 2 2 10 1 5897 5920 4785
13731 2 2 10 1 3562 8063 3560
13732 2 2 10 1 2998 7849 2161
13733 2 2 10 1 3925 3926 3296
13734 2 2 10 1 9606 9614 499
13735 2 2 10 1 5700 8471 5698
13736 2 2 10 1 4311 4312 3774
13737 2 2 10 1 2253 8065 2070
13738 2 2 10 1 5513 5577 4985
13739 2 2 10 1 4317 4319 3618
13740 2 2 10 1 5266 5428 4319
13741 2 2 10 1 5362 5363 4841
13742 2 2 10 1 1643 8073 1609
13743 2 2 10 1 2353 7850 3875
13744 2 2 10 1 3126 8046 3125
13745 2 2 10 1 3854 8072 3772
13746 2 2 10 1 4316 8082 3396
13747 2 2 10 1 3473 7764 3509
13748 2 2 10 1 3067 7987 3068
13749 2 2 10 1 7574 7879 460
13750 2 2 10 1 3331 8189 8049
13751 2 2 10 1 1484 8074 1507
13752 2 2 10 1 3090 7769 3355
13753 2 2 10 1 2758 8078 2761
13754 2 2 10 1 3487 8170 7264
13755 2 2 10 1 2890 7766 3301
13756 2 2 10 1 5571 8087 4183
13757 2 2 10 1 4436 7771 4437
13758 2 2 10 1 859 8099 854
13759 2 2 10 1 1547 7790 3739
13760 2 2 10 1 7176 8381 7212
13761 2 2 10 1 2590 7789 3192
13762 2 2 10 1 3267 8054 3960
13763 2 2 10 1 3799 7779 4002
13764 2 2 10 1 3405 7796 4410
13765 2 2 10 1 813 8225 804
13766 2 2 10 1 1513 7784 1520
13767 2 2 10 1 3313 7857 2670
13768 2 2 10 1 1937 7798 1897
13769 2 2 10 1 2398 7858 2709
13770 2 2 10 1 1606 7960 3706
13771 2 2 10 1 3388 8286 3171
13772 2 2 10 1 2250 8053 3037
13773 2 2 10 1 3880 7806 4259
13774 2 2 10 1 451 8110 7592
13775 2 2 10 1 7752 8111 2189
13776 2 2 10 1 2545 8048 3088
13777 2 2 10 1 2434 8056 2667
13778 2 2 10 1 2312 8138 7028
13779 2 2 10 1 2385 8050 2387
13780 2 2 10 1 5245 7803 4043
13781 2 2 10 1 8298 8326 5581
13782 2 2 10 1 2324 7861 2729
13783 2 2 10 1 711 7859 2559
13784 2 2 10 1 2905 8324 2907
13785 2 2 10 1 791 7743 789
13786 2 2 10 1 2710 7860 2081
13787 2 2 10 1 3291 8055 4009
13788 2 2 10 1 990 8137 988
13789 2 2 10 1 3970 7802 3274
13790 2 2 10 1 7711 7926 1119
13791 2 2 10 1 3363 7782 4028
13792 2 2 10 1 3331 8049 3072
13793 2 2 10 1 982 7962 3752
13794 2 2 10 1 3891 8051 3118
13795 2 2 10 1 6863 8438 3663
13796 2 2 10 1 4029 7969 4535
13797 2 2 10 1 3575 7865 3578
13798 2 2 10 1 3263 8045 3262
13799 2 2 10 1 3806 7966 5037
13800 2 2 10 1 4548 7996 7420
13801 2 2 10 1 4728 7976 3297
13802 2 2 10 1 3583 8100 3585
13803 2 2 10 1 2864 8281 1074
13804 2 2 10 1 6298 7998 5128
13805 2 2 10 1 3320 7981 4763
13806 2 2 10 1 4975 8683 7140
13807 2 2 10 1 8457 8618 1929
13808 2 2 10 1 2726 8119 2513
13809 2 2 10 1 4455 7970 4752
13810 2 2 10 1 1405 7984 4761
13811 2 2 10 1 5589 8007 6308
13812 2 2 10 1 3705 7980 2507
13813 2 2 10 1 4838 7883 1647
13814 2 2 10 1 2521 8000 4515
13815 2 2 10 1 1810 7995 4764
13816 2 2 10 1 932 7985 2977
13817 2 2 10 1 864 7992 4813
13818 2 2 10 1 3527 7982 4516
13819 2 2 10 1 2351 7988 4053
13820 2 2 10 1 3711 7991 2700
13821 2 2 10 1 1373 7999 2978
13822 2 2 10 1 1341 8270 1337
13823 2 2 10 1 4918 7885 2680
13824 2 2 10 1 4006 8001 4730
13825 2 2 10 1 3428 7928 4095
13826 2 2 10 1 4731 8005 2898
13827 2 2 10 1 6132 7997 4039
13828 2 2 10 1 7047 8285 7044
13829 2 2 10 1 2068 7736 2282
13830 2 2 10 1 3482 7884 3045
13831 2 2 10 1 4979 8336 8220
13832 2 2 10 1 4765 7993 2704
13833 2 2 10 1 7581 9288 539
13834 2 2 10 1 6294 8004 4230
13835 2 2 10 1 5521 8003 4359
13836 2 2 10 1 4745 7887 2561
13837 2 2 10 1 3246 7989 4768
13838 2 2 10 1 6283 8010 4552
13839 2 2 10 1 823 8241 821
13840 2 2 10 1 5066 7886 3981
13841 2 2 10 1 3294 8008 1932
13842 2 2 10 1 2314 8273 1938
13843 2 2 10 1 4807 8206 7937
13844 2 2 10 1 6012 8009 5016
13845 2 2 10 1 1944 7891 4822
13846 2 2 10 1 2163 8192 2427
13847 2 2 10 1 5892 8505 4133
13848 2 2 10 1 7636 7637 2289
13849 2 2 10 1 2727 8611 7274
13850 2 2 10 1 6319 8439 8286
13851 2 2 10 1 4992 8129 4647
13852 2 2 10 1 4737 8133 4735
13853 2 2 10 1 1101 8281 1136
13854 2 2 10 1 7258 7743 2799
13855 2 2 10 1 1200 8147 7413
13856 2 2 10 1 698 8127 695
13857 2 2 10 1 1266 8128 1790
13858 2 2 10 1 7742 8175 5154
13859 2 2 10 1 7894 8145 7893
13860 2 2 10 1 1995 8155 1991
13861 2 2 10 1 7875 8877 8774
13862 2 2 10 1 4873 8294 7335
13863 2 2 10 1 1137 8427 7025
13864 2 2 10 1 1764 8273 4751
13865 2 2 10 1 6588 9551 435
13866 2 2 10 1 5872 8500 4874
13867 2 2 10 1 7514 8382 4650
13868 2 2 10 1 5470 8680 8560
13869 2 2 10 1 2282 7736 4749
13870 2 2 10 1 2679 8043 3821
13871 2 2 10 1 5523 7762 4218
13872 2 2 10 1 2000 7990 1998
13873 2 2 10 1 3262 7767 7766
13874 2 2 10 1 3772 8072 3977
13875 2 2 10 1 2380 8202 2478
13876 2 2 10 1 7532 8498 6449
13877 2 2 10 1 571 7893 1100
13878 2 2 10 1 7683 7961 7686
13879 2 2 10 1 3262 7766 2892
13880 2 2 10 1 4161 7764 3475
13881 2 2 10 1 1820 8139 7748
13882 2 2 10 1 5698 8348 5696
13883 2 2 10 1 2842 7756 3457
13884 2 2 10 1 4011 8211 4012
13885 2 2 10 1 3769 7769 3099
13886 2 2 10 1 7147 8284 4586
13887 2 2 10 1 946 8044 934
13888 2 2 10 1 3734 8185 4313
13889 2 2 10 1 5440 7771 4439
13890 2 2 10 1 3617 8182 4318
13891 2 2 10 1 6894 8438 8374
13892 2 2 10 1 1748 8064 7735
13893 2 2 10 1 4740 8296 7343
13894 2 2 10 1 4523 7779 3843
13895 2 2 10 1 4081 7820 4523
13896 2 2 10 1 3525 8367 2168
13897 2 2 10 1 3089 8048 2697
13898 2 2 10 1 3472 8054 3269
13899 2 2 10 1 2038 7810 7468
13900 2 2 10 1 3492 8547 6580
13901 2 2 10 1 4405 7782 3426
13902 2 2 10 1 4791 7784 1515
13903 2 2 10 1 2889 8056 2440
13904 2 2 10 1 1582 7790 1549
13905 2 2 10 1 2933 7788 1758
13906 2 2 10 1 3033 7789 2592
13907 2 2 10 1 204 9458 6915
13908 2 2 10 1 2433 8053 2274
13909 2 2 10 1 5031 8173 7778
13910 2 2 10 1 1911 7811 7471
13911 2 2 10 1 5732 7796 4178
13912 2 2 10 1 1899 7798 2887
13913 2 2 10 1 1111 7818 7474
13914 2 2 10 1 2982 8184 2985
13915 2 2 10 1 2877 7799 3084
13916 2 2 10 1 3681 7802 3697
13917 2 2 10 1 3971 7812 4068
13918 2 2 10 1 1941 7821 1942
13919 2 2 10 1 1040 7816 7475
13920 2 2 10 1 5397 8545 7349
13921 2 2 10 1 3798 8055 3334
13922 2 2 10 1 3328 7809 2413
13923 2 2 10 1 4695 7806 3882
13924 2 2 10 1 3496 8046 4473
13925 2 2 10 1 4059 7851 4413
13926 2 2 10 1 1745 8052 1656
13927 2 2 10 1 5806 7807 5312
13928 2 2 10 1 1983 7817 7477
13929 2 2 10 1 4736 7803 4774
13930 2 2 10 1 4388 8047 3995
13931 2 2 10 1 2544 8059 2450
13932 2 2 10 1 3702 8050 2516
13933 2 2 10 1 2235 7810 2121
13934 2 2 10 1 3570 8057 7481
13935 2 2 10 1 2265 7809 2955
13936 2 2 10 1 7192 7812 5057
13937 2 2 10 1 2256 7811 2074
13938 2 2 10 1 2839 7901 7756
13939 2 2 10 1 668 7899 7799
13940 2 2 10 1 2721 8070 3177
13941 2 2 10 1 7788 7905 1575
13942 2 2 10 1 3286 7813 3009
13943 2 2 10 1 5728 7820 5005
13944 2 2 10 1 7254 8208 3529
13945 2 2 10 1 2632 7813 3328
13946 2 2 10 1 1518 8071 4791
13947 2 2 10 1 1096 7816 1053
13948 2 2 10 1 2776 8140 2465
13949 2 2 10 1 3933 7833 4722
13950 2 2 10 1 1992 7817 1986
13951 2 2 10 1 2955 7821 2139
13952 2 2 10 1 3852 7815 4270
13953 2 2 10 1 1138 7818 1121
13954 2 2 10 1 3074 8049 3117
13955 2 2 10 1 2642 7826 3033
13956 2 2 10 1 3120 8051 3676
13957 2 2 10 1 1776 7819 998
13958 2 2 10 1 2965 7787 1319
13959 2 2 10 1 3969 7923 3387
13960 2 2 10 1 1108 8068 1088
13961 2 2 10 1 2076 7831 2230
13962 2 2 10 1 2616 8420 3116
13963 2 2 10 1 1467 7835 1477
13964 2 2 10 1 1760 7823 2933
13965 2 2 10 1 6137 8045 3266
13966 2 2 10 1 1447 7839 2934
13967 2 2 10 1 5204 8174 7791
13968 2 2 10 1 1482 7828 4124
13969 2 2 10 1 937 7830 943
13970 2 2 10 1 949 7827 2935
13971 2 2 10 1 4931 8484 7176
13972 2 2 10 1 4490 7807 5838
13973 2 2 10 1 3332 7736 1919
13974 2 2 10 1 3697 8061 3683
13975 2 2 10 1 1437 7836 1444
13976 2 2 10 1 1808 7823 1762
13977 2 2 10 1 2062 8058 1877
13978 2 2 10 1 1432 7829 2936
13979 2 2 10 1 3518 7822 3175
13980 2 2 10 1 2944 7920 1530
13981 2 2 10 1 1401 7838 2963
13982 2 2 10 1 1384 7837 1857
13983 2 2 10 1 3235 7845 3976
13984 2 2 10 1 1094 7824 893
13985 2 2 10 1 2660 7822 3244
13986 2 2 10 1 3451 7825 4302
13987 2 2 10 1 4744 7825 3453
13988 2 2 10 1 891 7824 4076
13989 2 2 10 1 1271 7841 2938
13990 2 2 10 1 5838 7833 4400
13991 2 2 10 1 3749 7834 1873
13992 2 2 10 1 3177 7826 2719
13993 2 2 10 1 971 7827 961
13994 2 2 10 1 1510 7828 1486
13995 2 2 10 1 2695 8067 3598
13996 2 2 10 1 3879 8057 3572
13997 2 2 10 1 2935 7830 941
13998 2 2 10 1 1444 7829 1434
13999 2 2 10 1 3242 8132 2671
14000 2 2 10 1 2957 7831 2078
14001 2 2 10 1 3142 8420 2618
14002 2 2 10 1 4124 7835 1474
14003 2 2 10 1 1875 7834 2125
14004 2 2 10 1 5246 7842 3076
14005 2 2 10 1 1954 7841 1818
14006 2 2 10 1 4792 7847 1831
14007 2 2 10 1 2934 7836 1441
14008 2 2 10 1 2963 7837 1390
14009 2 2 10 1 4061 7840 1840
14010 2 2 10 1 1435 7838 1407
14011 2 2 10 1 1477 7839 1459
14012 2 2 10 1 3560 8063 3566
14013 2 2 10 1 1842 7840 2604
14014 2 2 10 1 3322 7832 3945
14015 2 2 10 1 2397 7846 2193
14016 2 2 10 1 3830 7842 5183
14017 2 2 10 1 3279 7843 2156
14018 2 2 10 1 3951 7845 3237
14019 2 2 10 1 7937 8206 3701
14020 2 2 10 1 2158 7843 2397
14021 2 2 10 1 2480 7846 3258
14022 2 2 10 1 1857 7848 1376
14023 2 2 10 1 3227 8060 2320
14024 2 2 10 1 1541 7920 1570
14025 2 2 10 1 3685 8061 3989
14026 2 2 10 1 4721 7850 2353
14027 2 2 10 1 3374 8062 2298
14028 2 2 10 1 4418 8189 3935
14029 2 2 10 1 1833 7847 3273
14030 2 2 10 1 3567 8063 3562
14031 2 2 10 1 3400 7849 2998
14032 2 2 10 1 3362 8067 3156
14033 2 2 10 1 1037 8069 1021
14034 2 2 10 1 4926 7851 4321
14035 2 2 10 1 2417 8138 2312
14036 2 2 10 1 2009 8066 2005
14037 2 2 10 1 8504 8622 5767
14038 2 2 10 1 1906 8064 1807
14039 2 2 10 1 2535 8065 2253
14040 2 2 10 1 7332 8192 2163
14041 2 2 10 1 1544 8071 1528
14042 2 2 10 1 2858 8070 2723
14043 2 2 10 1 6768 8507 4157
14044 2 2 10 1 3875 7850 5575
14045 2 2 10 1 3483 7852 4525
14046 2 2 10 1 5625 7753 5622
14047 2 2 10 1 2313 7925 2475
14048 2 2 10 1 1118 7926 1220
14049 2 2 10 1 4097 7928 3427
14050 2 2 10 1 1350 8269 1346
14051 2 2 10 1 3071 7987 3442
14052 2 2 10 1 4691 7979 4871
14053 2 2 10 1 3318 7929 3447
14054 2 2 10 1 3414 7746 3026
14055 2 2 10 1 5382 8171 7495
14056 2 2 10 1 4064 7832 3055
14057 2 2 10 1 2947 7965 1980
14058 2 2 10 1 8295 8329 4859
14059 2 2 10 1 2130 8073 1643
14060 2 2 10 1 4447 7971 5346
14061 2 2 10 1 123 8265 122
14062 2 2 10 1 1367 7848 7357
14063 2 2 10 1 4435 8072 3854
14064 2 2 10 1 2161 7849 7308
14065 2 2 10 1 2647 8494 7002
14066 2 2 10 1 3026 7746 3025
14067 2 2 10 1 4144 7757 2108
14068 2 2 10 1 3365 7901 2838
14069 2 2 10 1 2446 7770 2447
14070 2 2 10 1 1507 8074 2944
14071 2 2 10 1 1252 7747 1238
14072 2 2 10 1 2206 7931 2208
14073 2 2 10 1 666 8172 669
14074 2 2 10 1 674 7933 672
14075 2 2 10 1 4398 7754 5935
14076 2 2 10 1 999 7932 1013
14077 2 2 10 1 1240 7934 1243
14078 2 2 10 1 1196 7935 1194
14079 2 2 10 1 2101 7936 2103
14080 2 2 10 1 2686 7938 2688
14081 2 2 10 1 3133 7940 3131
14082 2 2 10 1 1795 7937 2090
14083 2 2 10 1 2926 7949 2924
14084 2 2 10 1 1415 7939 1442
14085 2 2 10 1 2627 7948 2629
14086 2 2 10 1 789 7942 787
14087 2 2 10 1 1704 7943 1702
14088 2 2 10 1 2048 7946 1811
14089 2 2 10 1 944 7941 955
14090 2 2 10 1 1315 7945 1313
14091 2 2 10 1 779 7947 777
14092 2 2 10 1 1469 8125 1479
14093 2 2 10 1 1319 7787 1317
14094 2 2 10 1 706 8141 709
14095 2 2 10 1 1178 7952 1176
14096 2 2 10 1 7025 8485 7024
14097 2 2 10 1 2466 7954 2468
14098 2 2 10 1 649 7899 647
14099 2 2 10 1 1713 7953 1711
14100 2 2 10 1 2110 8126 2112
14101 2 2 10 1 1706 7944 1704
14102 2 2 10 1 1525 7950 1536
14103 2 2 10 1 866 7957 894
14104 2 2 10 1 2597 7951 2643
14105 2 2 10 1 2761 8078 3065
14106 2 2 10 1 2065 7958 1950
14107 2 2 10 1 3826 7770 2446
14108 2 2 10 1 1534 7905 1554
14109 2 2 10 1 1164 7956 1162
14110 2 2 10 1 3137 7955 3135
14111 2 2 10 1 4158 7754 4398
14112 2 2 10 1 2108 7757 2107
14113 2 2 10 1 1836 8143 1832
14114 2 2 10 1 3457 7756 4773
14115 2 2 10 1 1930 8146 2190
14116 2 2 10 1 1622 7889 1650
14117 2 2 10 1 2319 8144 2322
14118 2 2 10 1 6185 7959 5162
14119 2 2 10 1 3292 7896 3956
14120 2 2 10 1 6307 8136 7465
14121 2 2 10 1 3209 7900 3284
14122 2 2 10 1 2572 8148 2570
14123 2 2 10 1 670 7804 667
14124 2 2 10 1 4192 7857 3313
14125 2 2 10 1 2709 7858 4070
14126 2 2 10 1 4232 7902 5024
14127 2 2 10 1 3731 7904 4885
14128 2 2 10 1 7892 7893 569
14129 2 2 10 1 4799 7906 4007
14130 2 2 10 1 2937 8099 859
14131 2 2 10 1 2559 7859 4055
14132 2 2 10 1 2729 7861 4067
14133 2 2 10 1 4026 7860 2710
14134 2 2 10 1 5641 7753 5625
14135 2 2 10 1 4604 8388 3327
14136 2 2 10 1 5154 8175 6396
14137 2 2 10 1 5596 7915 4215
14138 2 2 10 1 2311 8012 2416
14139 2 2 10 1 4777 7996 4779
14140 2 2 10 1 1806 8149 2083
14141 2 2 10 1 7410 8012 2311
14142 2 2 10 1 3966 7871 4843
14143 2 2 10 1 3578 7865 4063
14144 2 2 10 1 4739 8142 7334
14145 2 2 10 1 7409 8015 1916
14146 2 2 10 1 5165 8131 5130
14147 2 2 10 1 3114 7914 2035
14148 2 2 10 1 3038 7918 2249
14149 2 2 10 1 1382 8130 1388
14150 2 2 10 1 1916 8015 2137
14151 2 2 10 1 7686 7961 1502
14152 2 2 10 1 2956 7919 2260
14153 2 2 10 1 7411 8017 3384
14154 2 2 10 1 5333 8015 7409
14155 2 2 10 1 2949 7913 987
14156 2 2 10 1 2861 8018 3190
14157 2 2 10 1 4099 7916 3601
14158 2 2 10 1 6849 8173 5031
14159 2 2 10 1 2266 8019 2497
14160 2 2 10 1 7420 7996 4777
14161 2 2 10 1 7423 8019 2266
14162 2 2 10 1 1727 8025 1723
14163 2 2 10 1 1248 8031 1245
14164 2 2 10 1 2202 8020 2204
14165 2 2 10 1 5702 8548 5700
14166 2 2 10 1 7430 8020 2202
14167 2 2 10 1 495 9057 7551
14168 2 2 10 1 6543 8041 6546
14169 2 2 10 1 5547 8017 7411
14170 2 2 10 1 1741 8021 1734
14171 2 2 10 1 4747 8077 4745
14172 2 2 10 1 4251 7974 5460
14173 2 2 10 1 7575 7879 7574
14174 2 2 10 1 5068 8022 4715
14175 2 2 10 1 5176 8028 6270
14176 2 2 10 1 3585 8100 4684
14177 2 2 10 1 1804 8024 1801
14178 2 2 10 1 6703 8174 5204
14179 2 2 10 1 3647 8029 3645
14180 2 2 10 1 8152 8650 2864
14181 2 2 10 1 4257 8026 3768
14182 2 2 10 1 3104 8032 3714
14183 2 2 10 1 1344 8367 1345
14184 2 2 10 1 4501 8170 3487
14185 2 2 10 1 7743 7942 789
14186 2 2 10 1 1819 8033 2057
14187 2 2 10 1 2176 8034 2178
14188 2 2 10 1 2347 8035 2356
14189 2 2 10 1 3963 8037 5607
14190 2 2 10 1 1311 8038 1309
14191 2 2 10 1 7209 8383 7517
14192 2 2 10 1 567 7892 569
14193 2 2 10 1 2494 8040 2295
14194 2 2 10 1 4702 8042 4700
14195 2 2 10 1 3248 8039 3188
14196 2 2 10 1 569 7893 571
14197 2 2 10 1 4881 8400 4882
14198 2 2 10 1 6429 8283 6430
14199 2 2 10 1 1851 8162 819
14200 2 2 10 1 2977 8278 7941
14201 2 2 10 1 7804 8166 1093
14202 2 2 10 1 6440 8350 5287
14203 2 2 10 1 4169 8210 4959
14204 2 2 10 1 8046 8158 5735
14205 2 2 10 1 4176 7869 3020
14206 2 2 10 1 5133 8161 5807
14207 2 2 10 1 7637 8309 7435
14208 2 2 10 1 2972 8279 8125
14209 2 2 10 1 3020 7869 3141
14210 2 2 10 1 1210 8147 1202
14211 2 2 10 1 2928 8440 2911
14212 2 2 10 1 4756 8164 5289
14213 2 2 10 1 820 8288 822
14214 2 2 10 1 2913 8440 2999
14215 2 2 10 1 5354 8515 5353
14216 2 2 10 1 3809 8167 4231
14217 2 2 10 1 7151 8753 4970
14218 2 2 10 1 2212 8033 7719
14219 2 2 10 1 1119 7926 1118
14220 2 2 10 1 5000 8852 5560
14221 2 2 10 1 4755 8040 3100
14222 2 2 10 1 7720 8024 2229
14223 2 2 10 1 3427 7928 3428
14224 2 2 10 1 8945 9731 5816
14225 2 2 10 1 3823 7929 3318
14226 2 2 10 1 5296 8182 8053
14227 2 2 10 1 1683 8130 7662
14228 2 2 10 1 9163 9210 5266
14229 2 2 10 1 3748 7804 670
14230 2 2 10 1 5298 8185 8048
14231 2 2 10 1 4442 8032 5579
14232 2 2 10 1 2476 8388 2314
14233 2 2 10 1 6651 8647 6652
14234 2 2 10 1 4829 8021 1803
14235 2 2 10 1 7770 8043 2447
14236 2 2 10 1 5216 8151 5214
14237 2 2 10 1 7494 8410 4911
14238 2 2 10 1 5302 8184 8050
14239 2 2 10 1 1072 7941 7716
14240 2 2 10 1 5620 8326 5623
14241 2 2 10 1 4263 7929 5743
14242 2 2 10 1 499 9614 7556
14243 2 2 10 1 1489 8125 7722
14244 2 2 10 1 4248 8018 4830
14245 2 2 10 1 5103 7955 3942
14246 2 2 10 1 3510 8127 698
14247 2 2 10 1 4810 7949 3367
14248 2 2 10 1 2115 8126 7723
14249 2 2 10 1 6720 8994 7594
14250 2 2 10 1 7873 7958 2294
14251 2 2 10 1 7234 8190 4723
14252 2 2 10 1 3751 7946 2269
14253 2 2 10 1 4957 7952 1181
14254 2 2 10 1 4289 7948 4809
14255 2 2 10 1 3754 7935 1205
14256 2 2 10 1 3758 7953 1724
14257 2 2 10 1 6221 8129 4992
14258 2 2 10 1 1790 8128 3514
14259 2 2 10 1 1128 7957 3323
14260 2 2 10 1 2819 7954 7876
14261 2 2 10 1 2549 7934 3750
14262 2 2 10 1 7533 8018 2861
14263 2 2 10 1 2106 7936 3755
14264 2 2 10 1 3386 7938 5018
14265 2 2 10 1 2673 7931 7875
14266 2 2 10 1 1522 7939 7877
14267 2 2 10 1 3096 7951 4135
14268 2 2 10 1 4306 8154 4304
14269 2 2 10 1 1043 7932 7878
14270 2 2 10 1 1559 7950 3753
14271 2 2 10 1 4965 8524 7429
14272 2 2 10 1 7270 8262 2152
14273 2 2 10 1 5344 8195 7946
14274 2 2 10 1 5286 8243 6479
14275 2 2 10 1 7400 8602 7401
14276 2 2 10 1 2636 8486 8432
14277 2 2 10 1 5384 8171 5382
14278 2 2 10 1 1998 8155 1995
14279 2 2 10 1 7656 8016 3640
14280 2 2 10 1 5476 9075 5914
14281 2 2 10 1 3741 8084 2049
14282 2 2 10 1 1615 8092 7715
14283 2 2 10 1 2648 8091 3278
14284 2 2 10 1 4909 8091 2502
14285 2 2 10 1 1925 8086 7717
14286 2 2 10 1 5368 8079 4892
14287 2 2 10 1 5292 8169 5293
14288 2 2 10 1 1770 8083 3732
14289 2 2 10 1 5150 8080 4155
14290 2 2 10 1 7356 8696 8575
14291 2 2 10 1 3939 8090 3254
14292 2 2 10 1 5435 8081 4896
14293 2 2 10 1 7379 8451 8255
14294 2 2 10 1 3507 8089 4224
14295 2 2 10 1 5591 8156 5593
14296 2 2 10 1 2435 8085 2184
14297 2 2 10 1 3703 8090 4794
14298 2 2 10 1 7408 8012 7410
14299 2 2 10 1 7635 8032 3104
14300 2 2 10 1 1976 7965 5357
14301 2 2 10 1 5348 8196 7953
14302 2 2 10 1 1246 8527 7209
14303 2 2 10 1 5808 7971 4443
14304 2 2 10 1 4183 8087 4180
14305 2 2 10 1 5012 8088 4175
14306 2 2 10 1 5178 8094 3915
14307 2 2 10 1 4947 8089 3858
14308 2 2 10 1 5294 8086 2240
14309 2 2 10 1 3438 8095 3149
14310 2 2 10 1 2960 8085 5334
14311 2 2 10 1 8049 8189 5303
14312 2 2 10 1 4795 8031 3165
14313 2 2 10 1 6479 7979 4687
14314 2 2 10 1 2142 8096 1263
14315 2 2 10 1 3396 8082 2215
14316 2 2 10 1 7668 8028 5176
14317 2 2 10 1 3759 8094 4993
14318 2 2 10 1 7665 8033 1819
14319 2 2 10 1 1939 8084 2313
14320 2 2 10 1 2959 8159 3449
14321 2 2 10 1 2503 7990 2000
14322 2 2 10 1 4861 8329 5374
14323 2 2 10 1 7658 8035 2347
14324 2 2 10 1 4123 8088 5252
14325 2 2 10 1 4864 8079 5274
14326 2 2 10 1 1352 8180 4548
14327 2 2 10 1 4894 8081 5368
14328 2 2 10 1 3958 8095 5064
14329 2 2 10 1 3756 8080 4144
14330 2 2 10 1 4515 8000 6206
14331 2 2 10 1 3688 8157 807
14332 2 2 10 1 1090 8093 1754
14333 2 2 10 1 2264 8091 2648
14334 2 2 10 1 8776 8917 4983
14335 2 2 10 1 7676 8034 2176
14336 2 2 10 1 4783 7987 3067
14337 2 2 10 1 1627 8083 1770
14338 2 2 10 1 3254 8090 3253
14339 2 2 10 1 3356 8089 3507
14340 2 2 10 1 672 7933 3748
14341 2 2 10 1 4516 7982 6218
14342 2 2 10 1 1570 7920 4784
14343 2 2 10 1 2184 8085 2141
14344 2 2 10 1 7695 8037 3963
14345 2 2 10 1 7936 8197 7445
14346 2 2 10 1 2599 8160 1660
14347 2 2 10 1 4180 8087 4179
14348 2 2 10 1 4175 8088 3413
14349 2 2 10 1 1765 8098 1940
14350 2 2 10 1 2240 8086 1923
14351 2 2 10 1 3915 8094 3416
14352 2 2 10 1 1214 8096 3754
14353 2 2 10 1 2661 8092 1613
14354 2 2 10 1 5088 8292 7274
14355 2 2 10 1 3149 8095 2529
14356 2 2 10 1 3011 8093 1079
14357 2 2 10 1 2215 8082 2214
14358 2 2 10 1 3750 8097 2551
14359 2 2 10 1 3821 8043 5508
14360 2 2 10 1 5918 9574 2541
14361 2 2 10 1 1185 8456 3329
14362 2 2 10 1 3529 8208 3531
14363 2 2 10 1 3753 8098 1625
14364 2 2 10 1 7805 8166 7804
14365 2 2 10 1 2380 8338 8202
14366 2 2 10 1 7421 8019 7423
14367 2 2 10 1 2189 8111 681
14368 2 2 10 1 7429 8020 7430
14369 2 2 10 1 1943 8654 6301
14370 2 2 10 1 5696 8246 4886
14371 2 2 10 1 3387 7923 3939
14372 2 2 10 1 3708 7972 3115
14373 2 2 10 1 2411 7937 3701
14374 2 2 10 1 3198 7964 2952
14375 2 2 10 1 6988 8506 8444
14376 2 2 10 1 2986 7967 2984
14377 2 2 10 1 3423 8655 8619
14378 2 2 10 1 2578 7968 2576
14379 2 2 10 1 4785 8054 3472
14380 2 2 10 1 1220 7926 4807
14381 2 2 10 1 2475 7925 2880
14382 2 2 10 1 5298 8048 3089
14383 2 2 10 1 7819 8137 990
14384 2 2 10 1 4786 8056 2889
14385 2 2 10 1 5262 7928 4097
14386 2 2 10 1 3449 8163 5923
14387 2 2 10 1 7778 8173 4048
14388 2 2 10 1 5079 7770 3826
14389 2 2 10 1 4148 7974 3366
14390 2 2 10 1 3131 7940 3921
14391 2 2 10 1 3447 7929 4263
14392 2 2 10 1 5296 8053 2433
14393 2 2 10 1 3662 8165 3657
14394 2 2 10 1 4944 7986 3913
14395 2 2 10 1 3894 7977 3896
14396 2 2 10 1 7174 8964 5304
14397 2 2 10 1 1566 7978 4042
14398 2 2 10 1 7791 8174 5237
14399 2 2 10 1 4295 7994 2948
14400 2 2 10 1 4787 8055 3798
14401 2 2 10 1 3047 8052 1745
14402 2 2 10 1 4473 8046 5735
14403 2 2 10 1 4887 8304 3802
14404 2 2 10 1 5302 8050 3702
14405 2 2 10 1 8086 8260 7717
14406 2 2 10 1 3998 8292 5088
14407 2 2 10 1 5869 8047 4388
14408 2 2 10 1 3733 8059 2544
14409 2 2 10 1 4670 8183 4672
14410 2 2 10 1 619 8006 621
14411 2 2 10 1 2208 7931 2673
14412 2 2 10 1 3926 8002 3928
14413 2 2 10 1 2688 7938 3386
14414 2 2 10 1 2103 7936 2106
14415 2 2 10 1 678 7933 674
14416 2 2 10 1 2629 7948 4289
14417 2 2 10 1 4807 7937 1795
14418 2 2 10 1 1243 7934 2549
14419 2 2 10 1 1013 7932 1043
14420 2 2 10 1 1479 8125 1489
14421 2 2 10 1 1205 7935 1196
14422 2 2 10 1 3676 8051 4788
14423 2 2 10 1 3367 7949 2926
14424 2 2 10 1 2090 7937 2411
14425 2 2 10 1 3948 7940 3133
14426 2 2 10 1 1442 7939 1522
14427 2 2 10 1 3348 7938 2686
14428 2 2 10 1 2996 7931 2206
14429 2 2 10 1 3117 8049 5303
14430 2 2 10 1 955 7941 1072
14431 2 2 10 1 3306 7954 2466
14432 2 2 10 1 2112 8126 2115
14433 2 2 10 1 787 7942 986
14434 2 2 10 1 1313 7945 3097
14435 2 2 10 1 2269 7946 2048
14436 2 2 10 1 1176 7952 2974
14437 2 2 10 1 1468 7945 1315
14438 2 2 10 1 2977 7941 944
14439 2 2 10 1 777 7947 2973
14440 2 2 10 1 1317 7787 1468
14441 2 2 10 1 1097 7947 779
14442 2 2 10 1 1181 7952 1178
14443 2 2 10 1 1702 7943 1729
14444 2 2 10 1 3740 8068 1108
14445 2 2 10 1 2924 7949 3358
14446 2 2 10 1 2468 7954 2819
14447 2 2 10 1 1536 7950 1559
14448 2 2 10 1 894 7957 1128
14449 2 2 10 1 3752 7932 999
14450 2 2 10 1 4761 7939 1415
14451 2 2 10 1 2643 7951 3096
14452 2 2 10 1 7951 8202 5347
14453 2 2 10 1 2972 8125 1469
14454 2 2 10 1 1724 7953 1713
14455 2 2 10 1 3335 7948 2627
14456 2 2 10 1 4813 7957 866
14457 2 2 10 1 1159 8459 1204
14458 2 2 10 1 2294 7958 2065
14459 2 2 10 1 3743 8058 2062
14460 2 2 10 1 1710 7944 1706
14461 2 2 10 1 1162 7956 2975
14462 2 2 10 1 1265 7956 1164
14463 2 2 10 1 3135 7955 3948
14464 2 2 10 1 3942 7955 3137
14465 2 2 10 1 1086 8566 7310
14466 2 2 10 1 1950 7958 2976
14467 2 2 10 1 7747 7934 1240
14468 2 2 10 1 5281 8179 3197
14469 2 2 10 1 7657 8016 7656
14470 2 2 10 1 3523 7968 5392
14471 2 2 10 1 2954 7964 4798
14472 2 2 10 1 4463 8057 3879
14473 2 2 10 1 3258 7846 4803
14474 2 2 10 1 5162 7959 6294
14475 2 2 10 1 1649 7978 1567
14476 2 2 10 1 4804 8063 3567
14477 2 2 10 1 6085 7977 4681
14478 2 2 10 1 7757 8126 2110
14479 2 2 10 1 5377 8067 3362
14480 2 2 10 1 3273 7847 4114
14481 2 2 10 1 3989 8061 5202
14482 2 2 10 1 5295 7849 3400
14483 2 2 10 1 4101 8062 3374
14484 2 2 10 1 4537 8060 3227
14485 2 2 10 1 3735 8065 2535
14486 2 2 10 1 3435 8071 1544
14487 2 2 10 1 5908 8002 4459
14488 2 2 10 1 3640 8016 7895
14489 2 2 10 1 4802 8070 2858
14490 2 2 10 1 3742 8069 1037
14491 2 2 10 1 2416 8012 3036
14492 2 2 10 1 4108 8066 2009
14493 2 2 10 1 5130 8131 6298
14494 2 2 10 1 4801 8006 2966
14495 2 2 10 1 4109 8064 1906
14496 2 2 10 1 3262 8045 7767
14497 2 2 10 1 5267 8275 4054
14498 2 2 10 1 2137 8015 2308
14499 2 2 10 1 3384 8017 7888
14500 2 2 10 1 1388 8130 1683
14501 2 2 10 1 4779 7996 6315
14502 2 2 10 1 3190 8018 4248
14503 2 2 10 1 6180 8131 5165
14504 2 2 10 1 3065 8078 4087
14505 2 2 10 1 2952 7964 2954
14506 2 2 10 1 2978 8130 1382
14507 2 2 10 1 2984 7967 3049
14508 2 2 10 1 6431 8283 6429
14509 2 2 10 1 2576 7968 3523
14510 2 2 10 1 5284 8072 4435
14511 2 2 10 1 4681 7977 3894
14512 2 2 10 1 3366 7974 4251
14513 2 2 10 1 1567 7978 1566
14514 2 2 10 1 4056 8361 6834
14515 2 2 10 1 3115 7972 3900
14516 2 2 10 1 4459 8002 3926
14517 2 2 10 1 2497 8019 2692
14518 2 2 10 1 2204 8020 2996
14519 2 2 10 1 5511 7857 4192
14520 2 2 10 1 4070 7858 5286
14521 2 2 10 1 3913 7986 4177
14522 2 2 10 1 4067 7861 6122
14523 2 2 10 1 6453 7860 4026
14524 2 2 10 1 4055 7859 5287
14525 2 2 10 1 2948 7994 3498
14526 2 2 10 1 4063 7865 5288
14527 2 2 10 1 7677 8034 7676
14528 2 2 10 1 1803 8021 1741
14529 2 2 10 1 2966 8006 619
14530 2 2 10 1 2991 8153 2666
14531 2 2 10 1 2229 8024 1804
14532 2 2 10 1 3714 8032 4442
14533 2 2 10 1 5268 8029 3647
14534 2 2 10 1 6524 8511 2770
14535 2 2 10 1 5709 8325 4834
14536 2 2 10 1 8648 8728 7118
14537 2 2 10 1 2057 8033 2212
14538 2 2 10 1 3141 7869 5430
14539 2 2 10 1 2178 8034 2405
14540 2 2 10 1 5263 8042 4702
14541 2 2 10 1 2356 8035 3257
14542 2 2 10 1 3097 8038 1311
14543 2 2 10 1 3100 8040 2494
14544 2 2 10 1 4684 8100 6463
14545 2 2 10 1 4036 8039 3248
14546 2 2 10 1 3891 8216 8051
14547 2 2 10 1 6199 9217 6200
14548 2 2 10 1 1734 8021 7692
14549 2 2 10 1 4715 8022 7418
14550 2 2 10 1 3768 8026 7639
14551 2 2 10 1 1801 8024 7417
14552 2 2 10 1 3250 8153 3984
14553 2 2 10 1 3645 8029 7696
14554 2 2 10 1 8394 8507 7718
14555 2 2 10 1 2945 8025 1727
14556 2 2 10 1 5019 8307 7710
14557 2 2 10 1 2698 8439 2699
14558 2 2 10 1 3165 8031 1248
14559 2 2 10 1 3188 8039 7699
14560 2 2 10 1 1309 8038 7687
14561 2 2 10 1 2295 8040 7636
14562 2 2 10 1 2033 8378 6463
14563 2 2 10 1 8317 8404 7168
14564 2 2 10 1 2313 8084 7925
14565 2 2 10 1 4700 8042 7666
14566 2 2 10 1 6546 8041 7300
14567 2 2 10 1 8055 8217 4009
14568 2 2 10 1 6165 8151 5216
14569 2 2 10 1 4919 8366 8150
14570 2 2 10 1 3124 8326 8298
14571 2 2 10 1 5860 8286 4373
14572 2 2 10 1 3301 8134 4840
14573 2 2 10 1 3896 7977 4656
14574 2 2 10 1 3210 7967 2986
14575 2 2 10 1 3890 7964 3198
14576 2 2 10 1 3582 7968 2578
14577 2 2 10 1 8056 8219 2667
14578 2 2 10 1 6009 8253 5511
14579 2 2 10 1 7395 8193 7397
14580 2 2 10 1 5370 7974 4148
14581 2 2 10 1 5096 8154 4306
14582 2 2 10 1 4749 8168 5902
14583 2 2 10 1 3928 8002 4536
14584 2 2 10 1 8409 8425 2409
14585 2 2 10 1 4165 7972 3708
14586 2 2 10 1 8054 8218 3960
14587 2 2 10 1 5834 7994 4295
14588 2 2 10 1 621 8006 702
14589 2 2 10 1 6374 8314 6375
14590 2 2 10 1 3295 8276 7724
14591 2 2 10 1 8331 8956 1781
14592 2 2 10 1 2001 8234 2013
14593 2 2 10 1 6308 8156 5591
14594 2 2 10 1 5593 8156 5604
14595 2 2 10 1 2261 8235 2532
14596 2 2 10 1 2504 8277 2990
14597 2 2 10 1 7661 8178 2881
14598 2 2 10 1 4751 8271 7655
14599 2 2 10 1 5214 8151 7856
14600 2 2 10 1 2063 8236 2277
14601 2 2 10 1 9049 9261 6650
14602 2 2 10 1 8146 8243 5286
14603 2 2 10 1 7138 8914 8873
14604 2 2 10 1 6363 8493 6367
14605 2 2 10 1 5288 8254 6416
14606 2 2 10 1 4979 8220 4978
14607 2 2 10 1 2553 8097 2556
14608 2 2 10 1 7922 8153 2991
14609 2 2 10 1 5523 9587 7762
14610 2 2 10 1 3744 8280 5364
14611 2 2 10 1 2873 8459 1157
14612 2 2 10 1 2809 8213 7982
14613 2 2 10 1 4998 8958 8880
14614 2 2 10 1 2666 8153 3250
14615 2 2 10 1 2881 8178 2883
14616 2 2 10 1 2053 8214 8000
14617 2 2 10 1 9603 9609 7558
14618 2 2 10 1 2056 8101 2047
14619 2 2 10 1 6909 8372 5207
14620 2 2 10 1 1501 8105 1499
14621 2 2 10 1 3178 8102 3500
14622 2 2 10 1 1739 8195 1740
14623 2 2 10 1 727 8311 723
14624 2 2 10 1 623 8104 625
14625 2 2 10 1 583 8107 585
14626 2 2 10 1 587 8103 589
14627 2 2 10 1 627 8106 629
14628 2 2 10 1 4365 8108 4367
14629 2 2 10 1 7564 8480 5533
14630 2 2 10 1 4621 8187 4624
14631 2 2 10 1 7159 8360 4759
14632 2 2 10 1 4892 8079 4864
14633 2 2 10 1 4155 8080 3756
14634 2 2 10 1 4896 8081 4894
14635 2 2 10 1 4304 8154 7975
14636 2 2 10 1 4865 8204 6975
14637 2 2 10 1 2502 8091 2264
14638 2 2 10 1 2049 8084 1939
14639 2 2 10 1 3253 8090 3703
14640 2 2 10 1 1629 8083 1627
14641 2 2 10 1 3858 8089 3356
14642 2 2 10 1 4179 8087 5394
14643 2 2 10 1 2214 8082 5158
14644 2 2 10 1 1923 8086 1925
14645 2 2 10 1 3413 8088 4123
14646 2 2 10 1 2141 8085 2960
14647 2 2 10 1 3514 8128 4518
14648 2 2 10 1 1704 7944 7943
14649 2 2 10 1 1613 8092 1615
14650 2 2 10 1 1079 8093 1090
14651 2 2 10 1 1263 8096 1214
14652 2 2 10 1 3416 8094 3759
14653 2 2 10 1 2529 8095 3958
14654 2 2 10 1 4753 8150 7689
14655 2 2 10 1 2551 8097 2553
14656 2 2 10 1 5319 8165 3662
14657 2 2 10 1 589 8103 2989
14658 2 2 10 1 585 8107 920
14659 2 2 10 1 1625 8098 1765
14660 2 2 10 1 7026 8568 786
14661 2 2 10 1 4367 8108 5543
14662 2 2 10 1 625 8104 3059
14663 2 2 10 1 629 8106 921
14664 2 2 10 1 3500 8102 4980
14665 2 2 10 1 2981 8101 2056
14666 2 2 10 1 1553 8105 1501
14667 2 2 10 1 2152 8262 2154
14668 2 2 10 1 3200 8167 3809
14669 2 2 10 1 7592 8188 531
14670 2 2 10 1 3024 8198 2901
14671 2 2 10 1 702 8104 623
14672 2 2 10 1 2980 8107 583
14673 2 2 10 1 7289 8245 4600
14674 2 2 10 1 5509 8108 4365
14675 2 2 10 1 920 8103 587
14676 2 2 10 1 2047 8101 2133
14677 2 2 10 1 3059 8106 627
14678 2 2 10 1 1499 8105 3730
14679 2 2 10 1 3650 8102 3178
14680 2 2 10 1 2747 8510 6584
14681 2 2 10 1 7756 8118 4773
14682 2 2 10 1 8664 9495 7608
14683 2 2 10 1 8442 8497 7081
14684 2 2 10 1 4773 8118 8117
14685 2 2 10 1 3001 8201 2509
14686 2 2 10 1 299 8181 480
14687 2 2 10 1 6250 8872 3460
14688 2 2 10 1 2999 8490 2915
14689 2 2 10 1 4717 8489 4716
14690 2 2 10 1 2917 8490 2979
14691 2 2 10 1 2558 8329 8295
14692 2 2 10 1 2988 8952 6114
14693 2 2 10 1 8221 8358 7217
14694 2 2 10 1 2883 8178 3202
14695 2 2 10 1 3921 8158 3129
14696 2 2 10 1 2427 8192 4222
14697 2 2 10 1 7764 8176 5898
14698 2 2 10 1 7990 8155 1998
14699 2 2 10 1 7680 8456 1183
14700 2 2 10 1 2196 8120 1512
14701 2 2 10 1 3086 8122 3776
14702 2 2 10 1 3010 8121 3650
14703 2 2 10 1 2396 8123 3006
14704 2 2 10 1 2972 8392 6470
14705 2 2 10 1 3730 8124 1497
14706 2 2 10 1 3202 8167 3200
14707 2 2 10 1 8389 8416 5623
14708 2 2 10 1 1512 8120 1510
14709 2 2 10 1 6802 8496 6806
14710 2 2 10 1 2125 8123 2396
14711 2 2 10 1 2887 8121 3010
14712 2 2 10 1 1497 8124 1435
14713 2 2 10 1 3084 8122 3086
14714 2 2 10 1 7631 8288 5905
14715 2 2 10 1 681 8111 678
14716 2 2 10 1 6076 8372 6083
14717 2 2 10 1 5594 9330 9323
14718 2 2 10 1 5486 8232 4307
14719 2 2 10 1 2770 8203 2098
14720 2 2 10 1 7806 8186 5744
14721 2 2 10 1 2620 8501 3142
14722 2 2 10 1 1216 8513 1246
14723 2 2 10 1 4725 9642 7188
14724 2 2 10 1 7964 8242 4798
14725 2 2 10 1 8110 8188 7592
14726 2 2 10 1 1069 8239 1096
14727 2 2 10 1 1004 8238 1776
14728 2 2 10 1 7941 8278 7716
14729 2 2 10 1 1738 8237 2130
14730 2 2 10 1 3154 8501 2622
14731 2 2 10 1 6389 8787 5532
14732 2 2 10 1 6988 8444 7935
14733 2 2 10 1 6098 8170 4501
14734 2 2 10 1 6622 8929 5206
14735 2 2 10 1 1296 8434 1294
14736 2 2 10 1 8125 8279 7722
14737 2 2 10 1 4955 8629 6986
14738 2 2 10 1 7736 8168 4749
14739 2 2 10 1 1708 8196 1710
14740 2 2 10 1 3222 8337 3221
14741 2 2 10 1 1455 8542 8392
14742 2 2 10 1 5337 8276 8235
14743 2 2 10 1 2436 8544 6990
14744 2 2 10 1 1811 8195 1739
14745 2 2 10 1 2970 8197 2099
14746 2 2 10 1 5338 8277 8234
14747 2 2 10 1 4770 8229 6094
14748 2 2 10 1 1584 8578 6568
14749 2 2 10 1 4849 8226 3713
14750 2 2 10 1 5511 8253 8148
14751 2 2 10 1 1711 8196 1708
14752 2 2 10 1 6000 8228 4767
14753 2 2 10 1 7911 8248 5335
14754 2 2 10 1 4078 8405 8322
14755 2 2 10 1 5124 8175 7742
14756 2 2 10 1 6990 8487 6989
14757 2 2 10 1 4329 9716 5914
14758 2 2 10 1 7912 8259 5336
14759 2 2 10 1 2099 8197 2101
14760 2 2 10 1 8070 8246 3177
14761 2 2 10 1 4970 8662 7400
14762 2 2 10 1 7987 8210 3442
14763 2 2 10 1 7664 8222 2095
14764 2 2 10 1 8623 8875 7700
14765 2 2 10 1 8149 8254 5288
14766 2 2 10 1 3890 8242 7964
14767 2 2 10 1 5502 8827 7151
14768 2 2 10 1 5339 8280 8236
14769 2 2 10 1 2478 8202 2597
14770 2 2 10 1 6942 8562 6941
14771 2 2 10 1 3129 8158 3126
14772 2 2 10 1 5138 8186 4695
14773 2 2 10 1 4893 8409 5397
14774 2 2 10 1 4710 8319 8134
14775 2 2 10 1 6803 8496 6800
14776 2 2 10 1 2610 8212 3079
14777 2 2 10 1 456 8567 7454
14778 2 2 10 1 829 8288 7631
14779 2 2 10 1 2409 8338 2378
14780 2 2 10 1 6570 8578 6569
14781 2 2 10 1 678 8111 7933
14782 2 2 10 1 3767 8250 2778
14783 2 2 10 1 7901 8118 7756
14784 2 2 10 1 6267 8171 5384
14785 2 2 10 1 4772 8205 7408
14786 2 2 10 1 7798 8121 2887
14787 2 2 10 1 7799 8122 3084
14788 2 2 10 1 6689 8528 6690
14789 2 2 10 1 7915 8176 4161
14790 2 2 10 1 1510 8120 7828
14791 2 2 10 1 7132 8223 7131
14792 2 2 10 1 7834 8123 2125
14793 2 2 10 1 1435 8124 7838
14794 2 2 10 1 7033 8224 7032
14795 2 2 10 1 7077 8709 4538
14796 2 2 10 1 4783 8210 7987
14797 2 2 10 1 8525 9588 5569
14798 2 2 10 1 7893 8145 1100
14799 2 2 10 1 4161 8176 7764
14800 2 2 10 1 640 8454 638
14801 2 2 10 1 2097 8222 2970
14802 2 2 10 1 3421 8221 1215
14803 2 2 10 1 5918 9489 5418
14804 2 2 10 1 8066 8234 2003
14805 2 2 10 1 7946 8195 1811
14806 2 2 10 1 6829 8780 2393
14807 2 2 10 1 2435 8250 8085
14808 2 2 10 1 4780 8209 7421
14809 2 2 10 1 8065 8236 2070
14810 2 2 10 1 2805 8213 2809
14811 2 2 10 1 8059 8235 2281
14812 2 2 10 1 8159 8163 3449
14813 2 2 10 1 7271 8199 4842
14814 2 2 10 1 5878 8707 6457
14815 2 2 10 1 1788 8214 2053
14816 2 2 10 1 7953 8196 1711
14817 2 2 10 1 8069 8238 1010
14818 2 2 10 1 3282 8522 1374
14819 2 2 10 1 4695 8186 7806
14820 2 2 10 1 5386 8231 6267
14821 2 2 10 1 5371 8794 4960
14822 2 2 10 1 2101 8197 7936
14823 2 2 10 1 4874 8500 8426
14824 2 2 10 1 4910 8497 5409
14825 2 2 10 1 8068 8239 1081
14826 2 2 10 1 2978 8321 8130
14827 2 2 10 1 8058 8237 1779
14828 2 2 10 1 8051 8216 4788
14829 2 2 10 1 8057 8258 7481
14830 2 2 10 1 2667 8219 5297
14831 2 2 10 1 4256 9078 7197
14832 2 2 10 1 3088 8185 3734
14833 2 2 10 1 3037 8182 3617
14834 2 2 10 1 2387 8184 2982
14835 2 2 10 1 2041 8248 2233
14836 2 2 10 1 3784 8709 7076
14837 2 2 10 1 489 9603 7558
14838 2 2 10 1 4009 8217 5462
14839 2 2 10 1 1056 9102 6160
14840 2 2 10 1 2611 8240 3330
14841 2 2 10 1 6980 8282 3325
14842 2 2 10 1 3181 8240 2609
14843 2 2 10 1 4787 8217 8055
14844 2 2 10 1 2124 8243 8146
14845 2 2 10 1 7770 8177 8043
14846 2 2 10 1 4786 8219 8056
14847 2 2 10 1 1008 8172 666
14848 2 2 10 1 8060 8241 2318
14849 2 2 10 1 4012 8211 4015
14850 2 2 10 1 9250 9329 5357
14851 2 2 10 1 2393 8711 6783
14852 2 2 10 1 4785 8218 8054
14853 2 2 10 1 6985 8506 6983
14854 2 2 10 1 5304 8216 3891
14855 2 2 10 1 5065 8947 8914
14856 2 2 10 1 3935 8189 3331
14857 2 2 10 1 2597 8202 7951
14858 2 2 10 1 3191 8450 562
14859 2 2 10 1 9598 9606 7554
14860 2 2 10 1 4579 8386 4134
14861 2 2 10 1 6856 9362 2664
14862 2 2 10 1 6006 8507 8394
14863 2 2 10 1 3332 8168 7736
14864 2 2 10 1 7982 8213 6218
14865 2 2 10 1 4836 8759 8520
14866 2 2 10 1 5624 8416 5627
14867 2 2 10 1 8116 8376 4090
14868 2 2 10 1 8000 8214 6206
14869 2 2 10 1 9678 9706 4714
14870 2 2 10 1 1347 8180 1352
14871 2 2 10 1 2233 8248 7911
14872 2 2 10 1 7308 8272 7171
14873 2 2 10 1 4252 8118 7901
14874 2 2 10 1 4809 8200 4982
14875 2 2 10 1 6918 8746 3983
14876 2 2 10 1 4163 8418 7744
14877 2 2 10 1 7950 8442 7081
14878 2 2 10 1 4911 8531 7437
14879 2 2 10 1 1455 8392 1456
14880 2 2 10 1 8461 8582 7116
14881 2 2 10 1 7552 9671 9013
14882 2 2 10 1 7916 8215 3518
14883 2 2 10 1 8203 8263 2096
14884 2 2 10 1 3779 8249 4847
14885 2 2 10 1 821 8225 813
14886 2 2 10 1 1215 8221 1210
14887 2 2 10 1 1371 8522 1379
14888 2 2 10 1 5735 8251 5865
14889 2 2 10 1 5338 8234 8066
14890 2 2 10 1 4802 8246 8070
14891 2 2 10 1 5093 8303 4829
14892 2 2 10 1 5261 8275 8191
14893 2 2 10 1 2095 8222 2097
14894 2 2 10 1 6862 8621 4868
14895 2 2 10 1 4553 8647 6966
14896 2 2 10 1 5339 8236 8065
14897 2 2 10 1 710 8244 708
14898 2 2 10 1 7991 8226 7392
14899 2 2 10 1 5671 8299 5101
14900 2 2 10 1 3621 8229 7989
14901 2 2 10 1 8924 8929 1942
14902 2 2 10 1 7993 8228 3511
14903 2 2 10 1 8003 8230 3797
14904 2 2 10 1 8207 8406 2836
14905 2 2 10 1 5342 8238 8069
14906 2 2 10 1 5337 8235 8059
14907 2 2 10 1 5148 8247 3975
14908 2 2 10 1 611 8259 613
14909 2 2 10 1 5343 8237 8058
14910 2 2 10 1 6611 9412 9360
14911 2 2 10 1 7729 8249 7967
14912 2 2 10 1 5341 8239 8068
14913 2 2 10 1 682 8611 2727
14914 2 2 10 1 3531 8208 4667
14915 2 2 10 1 1747 8254 8149
14916 2 2 10 1 8062 8269 2221
14917 2 2 10 1 6799 8375 6798
14918 2 2 10 1 478 9680 6847
14919 2 2 10 1 6625 9170 9133
14920 2 2 10 1 6030 8231 5386
14921 2 2 10 1 6375 8241 8060
14922 2 2 10 1 6287 8461 8357
14923 2 2 10 1 7368 8297 8074
14924 2 2 10 1 5652 9627 8253
14925 2 2 10 1 4518 8292 3649
14926 2 2 10 1 2003 8234 2001
14927 2 2 10 1 2070 8236 2063
14928 2 2 10 1 2281 8235 2261
14929 2 2 10 1 8523 8534 7382
14930 2 2 10 1 1779 8237 1738
14931 2 2 10 1 1010 8238 1004
14932 2 2 10 1 1081 8239 1069
14933 2 2 10 1 8085 8250 5334
14934 2 2 10 1 5353 8430 7872
14935 2 2 10 1 7849 8272 7308
14936 2 2 10 1 6654 8269 8062
14937 2 2 10 1 2318 8241 823
14938 2 2 10 1 4483 8346 4496
14939 2 2 10 1 613 8259 7912
14940 2 2 10 1 5700 8548 8471
14941 2 2 10 1 4057 8361 4056
14942 2 2 10 1 5255 8287 5220
14943 2 2 10 1 5867 9527 2656
14944 2 2 10 1 7112 8340 3749
14945 2 2 10 1 4978 8220 5781
14946 2 2 10 1 5218 8287 6165
14947 2 2 10 1 1210 8221 8147
14948 2 2 10 1 8148 8253 3337
14949 2 2 10 1 6607 8676 6608
14950 2 2 10 1 6561 8613 6560
14951 2 2 10 1 969 8252 970
14952 2 2 10 1 2609 8240 2611
14953 2 2 10 1 1105 8462 1075
14954 2 2 10 1 9446 9502 475
14955 2 2 10 1 7438 8572 3834
14956 2 2 10 1 5469 9243 9230
14957 2 2 10 1 8428 8521 5375
14958 2 2 10 1 5163 8563 6187
14959 2 2 10 1 5579 8298 5581
14960 2 2 10 1 5207 8372 6076
14961 2 2 10 1 5316 8563 4846
14962 2 2 10 1 4858 8460 5907
14963 2 2 10 1 2624 8565 3154
14964 2 2 10 1 3029 8565 2626
14965 2 2 10 1 4463 8258 8057
14966 2 2 10 1 5576 8267 5299
14967 2 2 10 1 6653 8419 6654
14968 2 2 10 1 7044 8285 7043
14969 2 2 10 1 788 8568 1850
14970 2 2 10 1 2600 8581 2459
14971 2 2 10 1 8315 8686 6728
14972 2 2 10 1 2037 8233 7319
14973 2 2 10 1 5167 8306 6180
14974 2 2 10 1 3711 8226 7991
14975 2 2 10 1 7989 8229 4768
14976 2 2 10 1 4765 8228 7993
14977 2 2 10 1 5521 8230 8003
14978 2 2 10 1 7139 8825 8758
14979 2 2 10 1 4830 8295 4859
14980 2 2 10 1 7967 8249 3049
14981 2 2 10 1 4312 8460 8365
14982 2 2 10 1 7976 8207 7380
14983 2 2 10 1 5075 8274 7889
14984 2 2 10 1 4789 8328 7378
14985 2 2 10 1 3442 8210 4169
14986 2 2 10 1 6466 8255 7101
14987 2 2 10 1 4912 8503 4889
14988 2 2 10 1 6197 8207 4728
14989 2 2 10 1 7933 8316 3748
14990 2 2 10 1 3701 8206 4887
14991 2 2 10 1 6586 8629 6585
14992 2 2 10 1 6091 9307 6130
14993 2 2 10 1 3975 8247 4430
14994 2 2 10 1 5100 8299 5785
14995 2 2 10 1 11 8431 476
14996 2 2 10 1 6375 8314 8225
14997 2 2 10 1 6213 8794 6214
14998 2 2 10 1 122 8265 475
14999 2 2 10 1 2895 8332 3690
15000 2 2 10 1 8249 8371 4847
15001 2 2 10 1 4788 8216 5947
15002 2 2 10 1 6915 8571 5115
15003 2 2 10 1 7752 8316 8111
15004 2 2 10 1 7818 8302 5399
15005 2 2 10 1 5843 8217 4787
15006 2 2 10 1 5366 8215 7916
15007 2 2 10 1 4841 8219 4786
15008 2 2 10 1 7810 8301 5315
15009 2 2 10 1 5920 8218 4785
15010 2 2 10 1 6582 9534 6566
15011 2 2 10 1 6505 9651 6504
15012 2 2 10 1 6844 8308 6845
15013 2 2 10 1 4848 8418 8301
15014 2 2 10 1 5577 8327 4985
15015 2 2 10 1 4167 8387 7711
15016 2 2 10 1 878 8354 3035
15017 2 2 10 1 892 8290 905
15018 2 2 10 1 3518 8215 7822
15019 2 2 10 1 560 8450 3950
15020 2 2 10 1 6087 8405 6109
15021 2 2 10 1 7913 8294 971
15022 2 2 10 1 3588 8656 6393
15023 2 2 10 1 6045 9038 1825
15024 2 2 10 1 5295 8272 7849
15025 2 2 10 1 411 8441 268
15026 2 2 10 1 7919 8296 2256
15027 2 2 10 1 8158 8251 5735
15028 2 2 10 1 950 8354 880
15029 2 2 10 1 1504 8442 1505
15030 2 2 10 1 3713 8226 3711
15031 2 2 10 1 5604 8323 5601
15032 2 2 10 1 1244 8407 3421
15033 2 2 10 1 4767 8228 4765
15034 2 2 10 1 4768 8229 4770
15035 2 2 10 1 1346 8270 1341
15036 2 2 10 1 5586 8230 5521
15037 2 2 10 1 7435 8266 3729
15038 2 2 10 1 8043 8177 5508
15039 2 2 10 1 8130 8321 7662
15040 2 2 10 1 2221 8269 1350
15041 2 2 10 1 7690 8339 2462
15042 2 2 10 1 7655 8271 7960
15043 2 2 10 1 4798 8242 4800
15044 2 2 10 1 1074 8281 1101
15045 2 2 10 1 409 8681 7531
15046 2 2 10 1 7960 8271 3706
15047 2 2 10 1 199 8477 198
15048 2 2 10 1 7533 8295 8018
15049 2 2 10 1 5327 8600 4902
15050 2 2 10 1 4904 8600 7040
15051 2 2 10 1 1138 8302 7818
15052 2 2 10 1 5443 8293 5053
15053 2 2 10 1 3049 8249 3779
15054 2 2 10 1 8078 8328 4087
15055 2 2 10 1 2235 8301 7810
15056 2 2 10 1 5535 8256 5687
15057 2 2 10 1 5422 8289 6313
15058 2 2 10 1 5640 8604 5631
15059 2 2 10 1 7378 8328 8078
15060 2 2 10 1 8266 8422 4811
15061 2 2 10 1 4857 8605 5426
15062 2 2 10 1 6608 8541 5308
15063 2 2 10 1 7635 8298 8032
15064 2 2 10 1 8301 8418 5315
15065 2 2 10 1 6992 8592 6994
15066 2 2 10 1 5079 8177 7770
15067 2 2 10 1 8202 8338 5347
15068 2 2 10 1 2042 8248 2041
15069 2 2 10 1 4676 9487 8848
15070 2 2 10 1 8018 8295 4830
15071 2 2 10 1 7554 9606 499
15072 2 2 10 1 6871 8635 5140
15073 2 2 10 1 7481 8258 4808
15074 2 2 10 1 4373 8286 3388
15075 2 2 10 1 5060 8242 3890
15076 2 2 10 1 2636 8432 6479
15077 2 2 10 1 1147 8618 1149
15078 2 2 10 1 7176 8484 8381
15079 2 2 10 1 3825 8481 8368
15080 2 2 10 1 2464 8339 3306
15081 2 2 10 1 6074 8564 5087
15082 2 2 10 1 4728 8207 7976
15083 2 2 10 1 6783 8596 7510
15084 2 2 10 1 8032 8298 5579
15085 2 2 10 1 8153 8325 3984
15086 2 2 10 1 2510 8342 3705
15087 2 2 10 1 2657 8342 2512
15088 2 2 10 1 4001 8337 3309
15089 2 2 10 1 7454 8567 5355
15090 2 2 10 1 4626 8343 4629
15091 2 2 10 1 3077 8486 2635
15092 2 2 10 1 5873 8347 4420
15093 2 2 10 1 2154 8262 3279
15094 2 2 10 1 3936 8347 4001
15095 2 2 10 1 5410 8785 6337
15096 2 2 10 1 8649 8715 3697
15097 2 2 10 1 4886 8246 4802
15098 2 2 10 1 6879 8628 3817
15099 2 2 10 1 6721 9092 6722
15100 2 2 10 1 4789 8398 8328
15101 2 2 10 1 8258 8331 5841
15102 2 2 10 1 3005 8259 611
15103 2 2 10 1 5022 8291 5021
15104 2 2 10 1 6296 9477 5313
15105 2 2 10 1 2778 8250 2435
15106 2 2 10 1 5001 8385 4899
15107 2 2 10 1 1901 8312 1792
15108 2 2 10 1 4554 8675 6537
15109 2 2 10 1 7978 8305 4042
15110 2 2 10 1 6489 8669 6490
15111 2 2 10 1 5680 8346 4482
15112 2 2 10 1 8122 8300 5329
15113 2 2 10 1 8965 9041 7261
15114 2 2 10 1 5220 8287 5218
15115 2 2 10 1 8248 8355 5335
15116 2 2 10 1 6366 9610 6364
15117 2 2 10 1 7140 8683 8601
15118 2 2 10 1 7156 8313 7988
15119 2 2 10 1 7333 8305 7978
15120 2 2 10 1 8638 8701 7165
15121 2 2 10 1 4849 8364 8226
15122 2 2 10 1 4863 8425 4891
15123 2 2 10 1 3325 8282 7984
15124 2 2 10 1 5675 9350 9330
15125 2 2 10 1 5287 8350 4660
15126 2 2 10 1 7988 8313 4053
15127 2 2 10 1 2133 8355 2044
15128 2 2 10 1 6729 8315 6728
15129 2 2 10 1 30 8480 7564
15130 2 2 10 1 463 8480 31
15131 2 2 10 1 5586 9501 9450
15132 2 2 10 1 6257 9129 5387
15133 2 2 10 1 3802 8304 7158
15134 2 2 10 1 6501 8690 7162
15135 2 2 10 1 8297 8359 2944
15136 2 2 10 1 3649 8292 3998
15137 2 2 10 1 7523 8529 3510
15138 2 2 10 1 6127 9215 3946
15139 2 2 10 1 4054 8275 7890
15140 2 2 10 1 8021 8303 7692
15141 2 2 10 1 5612 8370 6070
15142 2 2 10 1 2366 8612 2363
15143 2 2 10 1 2558 8295 7533
15144 2 2 10 1 4114 8374 4868
15145 2 2 10 1 4883 8625 6702
15146 2 2 10 1 8134 8319 4840
15147 2 2 10 1 3785 8598 4658
15148 2 2 10 1 6558 8630 6561
15149 2 2 10 1 4319 8584 8470
15150 2 2 10 1 7717 8260 3719
15151 2 2 10 1 5222 8377 5255
15152 2 2 10 1 1542 8553 1543
15153 2 2 10 1 7853 9063 5671
15154 2 2 10 1 435 9569 6588
15155 2 2 10 1 1988 8415 1992
15156 2 2 10 1 6468 8811 5085
15157 2 2 10 1 3124 8298 7635
15158 2 2 10 1 6158 8274 5075
15159 2 2 10 1 4829 8303 8021
15160 2 2 10 1 8001 8322 4730
15161 2 2 10 1 1938 8273 1764
15162 2 2 10 1 8569 8642 5317
15163 2 2 10 1 6168 8883 4445
15164 2 2 10 1 3863 8403 3940
15165 2 2 10 1 7776 8461 7116
15166 2 2 10 1 6981 8322 8001
15167 2 2 10 1 8015 8332 2308
15168 2 2 10 1 5956 8306 5167
15169 2 2 10 1 3310 8631 3938
15170 2 2 10 1 6463 8378 5192
15171 2 2 10 1 5101 8299 5100
15172 2 2 10 1 3706 8271 6240
15173 2 2 10 1 4852 8468 6708
15174 2 2 10 1 7162 8690 6901
15175 2 2 10 1 3556 8509 7166
15176 2 2 10 1 415 9508 9448
15177 2 2 10 1 3407 8396 2902
15178 2 2 10 1 2900 8396 4731
15179 2 2 10 1 6474 8840 6475
15180 2 2 10 1 3931 8521 3929
15181 2 2 10 1 2483 8908 6475
15182 2 2 10 1 4898 8385 5526
15183 2 2 10 1 2979 8318 2919
15184 2 2 10 1 5023 8873 8825
15185 2 2 10 1 2022 8690 7383
15186 2 2 10 1 8332 8424 3690
15187 2 2 10 1 8155 8415 1991
15188 2 2 10 1 1463 8392 2972
15189 2 2 10 1 7727 8445 8300
15190 2 2 10 1 7723 8373 7444
15191 2 2 10 1 7922 8325 8153
15192 2 2 10 1 8040 8309 7636
15193 2 2 10 1 1044 8311 727
15194 2 2 10 1 7851 8775 5942
15195 2 2 10 1 7889 8274 7326
15196 2 2 10 1 2532 8276 3295
15197 2 2 10 1 6026 9129 6027
15198 2 2 10 1 2013 8277 2504
15199 2 2 10 1 3825 8368 3737
15200 2 2 10 1 2645 8389 3124
15201 2 2 10 1 4755 8309 8040
15202 2 2 10 1 6894 8374 4792
15203 2 2 10 1 5544 8320 4663
15204 2 2 10 1 4551 8553 2151
15205 2 2 10 1 3876 8422 4755
15206 2 2 10 1 7716 8278 4814
15207 2 2 10 1 4611 8319 4710
15208 2 2 10 1 7400 8662 8602
15209 2 2 10 1 3345 8631 3224
15210 2 2 10 1 8984 9059 7364
15211 2 2 10 1 4920 8585 4919
15212 2 2 10 1 2160 9438 5977
15213 2 2 10 1 4312 8365 3774
15214 2 2 10 1 7722 8279 4815
15215 2 2 10 1 2277 8280 3744
15216 2 2 10 1 7727 8300 7899
15217 2 2 10 1 5358 8349 7720
15218 2 2 10 1 3921 8251 8158
15219 2 2 10 1 6117 9653 507
15220 2 2 10 1 6000 8382 8228
15221 2 2 10 1 7382 8534 4167
15222 2 2 10 1 7217 8358 7215
15223 2 2 10 1 8225 8314 804
15224 2 2 10 1 7984 8282 4761
15225 2 2 10 1 6564 8630 6559
15226 2 2 10 1 8229 8383 6094
15227 2 2 10 1 7692 8303 3724
15228 2 2 10 1 4878 8364 4849
15229 2 2 10 1 1729 8413 1700
15230 2 2 10 1 8415 8503 1992
15231 2 2 10 1 7705 8302 1138
15232 2 2 10 1 3014 8324 2905
15233 2 2 10 1 2525 8463 3299
15234 2 2 10 1 6285 8357 8215
15235 2 2 10 1 5970 8414 5226
15236 2 2 10 1 5390 8330 4937
15237 2 2 10 1 5303 8261 5304
15238 2 2 10 1 8531 8607 7437
15239 2 2 10 1 7471 8428 5375
15240 2 2 10 1 4884 8543 5976
15241 2 2 10 1 822 8288 829
15242 2 2 10 1 4042 8305 5245
15243 2 2 10 1 5333 8332 8015
15244 2 2 10 1 6739 9685 4698
15245 2 2 10 1 7484 8264 5302
15246 2 2 10 1 2945 8360 8025
15247 2 2 10 1 8187 8343 4624
15248 2 2 10 1 6583 8402 2220
15249 2 2 10 1 6572 8732 6571
15250 2 2 10 1 7335 8294 7913
15251 2 2 10 1 7467 8673 3718
15252 2 2 10 1 2364 8915 8666
15253 2 2 10 1 5299 8267 5298
15254 2 2 10 1 7899 8300 7799
15255 2 2 10 1 8024 8349 7417
15256 2 2 10 1 8399 9402 7611
15257 2 2 10 1 7343 8296 7919
15258 2 2 10 1 7473 8687 2473
15259 2 2 10 1 5297 8268 5296
15260 2 2 10 1 5514 9056 5515
15261 2 2 10 1 1548 8656 3588
15262 2 2 10 1 8226 8364 7392
15263 2 2 10 1 7729 8371 8249
15264 2 2 10 1 7918 8301 2235
15265 2 2 10 1 8182 8268 4318
15266 2 2 10 1 3433 8333 8191
15267 2 2 10 1 8185 8267 4313
15268 2 2 10 1 8184 8264 2985
15269 2 2 10 1 7719 8390 4877
15270 2 2 10 1 7799 8300 8122
15271 2 2 10 1 4017 8429 4875
15272 2 2 10 1 6611 9360 8482
15273 2 2 10 1 1047 8626 1066
15274 2 2 10 1 2419 8393 2558
15275 2 2 10 1 5188 8417 5946
15276 2 2 10 1 4840 8319 5362
15277 2 2 10 1 514 9561 6588
15278 2 2 10 1 971 8294 7827
15279 2 2 10 1 8047 8468 3993
15280 2 2 10 1 7207 8356 5894
15281 2 2 10 1 2256 8296 7811
15282 2 2 10 1 4140 8455 5379
15283 2 2 10 1 6681 9640 512
15284 2 2 10 1 6867 9601 5855
15285 2 2 10 1 5601 8323 5603
15286 2 2 10 1 3748 8316 7805
15287 2 2 10 1 8859 8895 4228
15288 2 2 10 1 6405 8397 6175
15289 2 2 10 1 6201 9272 45
15290 2 2 10 1 4418 8261 8189
15291 2 2 10 1 8074 8297 2944
15292 2 2 10 1 5325 8499 7384
15293 2 2 10 1 2995 8857 6436
15294 2 2 10 1 7405 8458 7523
15295 2 2 10 1 3750 8394 7718
15296 2 2 10 1 7710 8307 2218
15297 2 2 10 1 9584 9598 441
15298 2 2 10 1 2027 9084 6278
15299 2 2 10 1 4871 8432 5323
15300 2 2 10 1 4778 8334 4776
15301 2 2 10 1 4985 8327 4986
15302 2 2 10 1 6042 8734 5321
15303 2 2 10 1 7621 8536 273
15304 2 2 10 1 272 8536 462
15305 2 2 10 1 6197 8406 8207
15306 2 2 10 1 8321 8395 5310
15307 2 2 10 1 2824 8653 7132
15308 2 2 10 1 3774 8365 5337
15309 2 2 10 1 5325 8362 5338
15310 2 2 10 1 4752 8443 4457
15311 2 2 10 1 6495 8576 6494
15312 2 2 10 1 4477 8443 5917
15313 2 2 10 1 1191 8444 1193
15314 2 2 10 1 3203 8446 2906
15315 2 2 10 1 2904 8446 3407
15316 2 2 10 1 1158 8817 8577
15317 2 2 10 1 4556 8411 8369
15318 2 2 10 1 8300 8445 5329
15319 2 2 10 1 7636 8309 7637
15320 2 2 10 1 6538 8734 6539
15321 2 2 10 1 4053 8313 5267
15322 2 2 10 1 5872 8599 8500
15323 2 2 10 1 5443 8919 8902
15324 2 2 10 1 3558 8509 3556
15325 2 2 10 1 8196 8410 1710
15326 2 2 10 1 464 9259 7585
15327 2 2 10 1 8278 8353 5391
15328 2 2 10 1 3505 8449 4036
15329 2 2 10 1 2369 8677 2374
15330 2 2 10 1 8390 8488 4877
15331 2 2 10 1 4848 8301 7918
15332 2 2 10 1 3665 8495 3946
15333 2 2 10 1 6309 9713 6162
15334 2 2 10 1 967 8653 606
15335 2 2 10 1 6537 8838 2425
15336 2 2 10 1 3737 8368 5339
15337 2 2 10 1 8920 9612 7801
15338 2 2 10 1 2378 8338 2380
15339 2 2 10 1 5363 8435 4841
15340 2 2 10 1 8365 8460 7724
15341 2 2 10 1 3036 8393 2419
15342 2 2 10 1 1718 8732 7087
15343 2 2 10 1 5041 8559 5040
15344 2 2 10 1 5698 8471 8348
15345 2 2 10 1 7985 8353 2977
15346 2 2 10 1 5233 8847 5235
15347 2 2 10 1 6278 9084 6279
15348 2 2 10 1 3920 8495 3667
15349 2 2 10 1 5684 8448 4981
15350 2 2 10 1 8335 8341 5064
15351 2 2 10 1 9609 9611 391
15352 2 2 10 1 6960 8363 6959
15353 2 2 10 1 8008 8391 4743
15354 2 2 10 1 3309 8337 3222
15355 2 2 10 1 6070 8465 5614
15356 2 2 10 1 6702 8399 5004
15357 2 2 10 1 5696 8348 8246
15358 2 2 10 1 2376 8469 2409
15359 2 2 10 1 2493 8721 7425
15360 2 2 10 1 3992 8468 4852
15361 2 2 10 1 156 8593 155
15362 2 2 10 1 6530 8743 6534
15363 2 2 10 1 3749 8340 7834
15364 2 2 10 1 5056 8641 8205
15365 2 2 10 1 3669 8505 3920
15366 2 2 10 1 5647 8465 5995
15367 2 2 10 1 604 8653 2824
15368 2 2 10 1 8228 8382 3511
15369 2 2 10 1 2647 8389 2645
15370 2 2 10 1 6116 9120 4803
15371 2 2 10 1 4095 8575 5359
15372 2 2 10 1 3621 8383 8229
15373 2 2 10 1 4836 8520 3704
15374 2 2 10 1 2462 8339 2464
15375 2 2 10 1 7935 8444 1194
15376 2 2 10 1 8704 8917 1186
15377 2 2 10 1 7662 8321 6924
15378 2 2 10 1 4133 8505 3671
15379 2 2 10 1 5581 8326 5620
15380 2 2 10 1 7151 8827 8753
15381 2 2 10 1 4116 8579 5559
15382 2 2 10 1 5302 8264 8184
15383 2 2 10 1 8189 8261 5303
15384 2 2 10 1 5228 8473 5970
15385 2 2 10 1 4730 8322 6087
15386 2 2 10 1 5901 8473 5230
15387 2 2 10 1 4021 8475 5971
15388 2 2 10 1 1525 8442 7950
15389 2 2 10 1 7366 9627 5652
15390 2 2 10 1 1490 8700 1480
15391 2 2 10 1 1470 8700 2835
15392 2 2 10 1 4975 8758 8683
15393 2 2 10 1 4873 8426 8294
15394 2 2 10 1 4875 8475 4019
15395 2 2 10 1 547 9107 6031
15396 2 2 10 1 4901 8479 5001
15397 2 2 10 1 1696 8474 2122
15398 2 2 10 1 2512 8342 2510
15399 2 2 10 1 5298 8267 8185
15400 2 2 10 1 4906 8479 4903
15401 2 2 10 1 4624 8343 4626
15402 2 2 10 1 2042 8355 8248
15403 2 2 10 1 5296 8268 8182
15404 2 2 10 1 7720 8349 8024
15405 2 2 10 1 8025 8360 7159
15406 2 2 10 1 4740 8428 8296
15407 2 2 10 1 4098 8606 6397
15408 2 2 10 1 2377 8703 2373
15409 2 2 10 1 5175 8464 4748
15410 2 2 10 1 4420 8347 3936
15411 2 2 10 1 4556 8369 6828
15412 2 2 10 1 457 9188 5846
15413 2 2 10 1 4859 8329 4861
15414 2 2 10 1 4806 8788 6646
15415 2 2 10 1 4482 8346 4483
15416 2 2 10 1 5594 8336 4979
15417 2 2 10 1 7735 8317 7325
15418 2 2 10 1 8373 8476 7444
15419 2 2 10 1 6841 8681 5425
15420 2 2 10 1 4742 8395 7999
15421 2 2 10 1 1158 8577 1154
15422 2 2 10 1 5365 8824 6749
15423 2 2 10 1 2168 8367 1344
15424 2 2 10 1 2942 8433 5270
15425 2 2 10 1 4087 8328 5308
15426 2 2 10 1 5358 8455 8349
15427 2 2 10 1 5070 8331 4463
15428 2 2 10 1 7757 8373 8126
15429 2 2 10 1 5353 8515 8430
15430 2 2 10 1 880 8354 878
15431 2 2 10 1 7282 8768 6606
15432 2 2 10 1 6711 9274 9191
15433 2 2 10 1 8410 8531 4911
15434 2 2 10 1 6811 8375 6799
15435 2 2 10 1 7309 8398 4789
15436 2 2 10 1 1543 8656 1545
15437 2 2 10 1 4518 8451 8292
15438 2 2 10 1 7369 8648 7118
15439 2 2 10 1 1409 8380 1295
15440 2 2 10 1 8123 8340 7728
15441 2 2 10 1 2345 8494 2647
15442 2 2 10 1 6654 8419 8270
15443 2 2 10 1 7445 8674 4823
15444 2 2 10 1 7665 8390 8033
15445 2 2 10 1 4714 9706 8403
15446 2 2 10 1 8265 9446 475
15447 2 2 10 1 5190 8499 5325
15448 2 2 10 1 2308 8332 2895
15449 2 2 10 1 2989 9464 8971
15450 2 2 10 1 1982 8729 2827
15451 2 2 10 1 6753 9177 6371
15452 2 2 10 1 3511 8382 7514
15453 2 2 10 1 2181 8379 2179
15454 2 2 10 1 8328 8398 5308
15455 2 2 10 1 4669 8352 7488
15456 2 2 10 1 7517 8383 3621
15457 2 2 10 1 7417 8349 4139
15458 2 2 10 1 8237 8430 2130
15459 2 2 10 1 7453 8773 2493
15460 2 2 10 1 339 8620 338
15461 2 2 10 1 909 8384 925
15462 2 2 10 1 8368 8481 5364
15463 2 2 10 1 4811 8351 5541
15464 2 2 10 1 2823 8603 7126
15465 2 2 10 1 5594 9323 8336
15466 2 2 10 1 4319 8470 3618
15467 2 2 10 1 4931 8601 8484
15468 2 2 10 1 5064 8341 5900
15469 2 2 10 1 6974 8441 5558
15470 2 2 10 1 8477 9651 6505
15471 2 2 10 1 4741 8353 7985
15472 2 2 10 1 4660 8350 4851
15473 2 2 10 1 4838 8433 7883
15474 2 2 10 1 7444 8476 4837
15475 2 2 10 1 3510 8310 8127
15476 2 2 10 1 4383 8526 4938
15477 2 2 10 1 4847 8371 5535
15478 2 2 10 1 8064 8317 7735
15479 2 2 10 1 6055 9228 458
15480 2 2 10 1 3327 8388 2476
15481 2 2 10 1 8882 8932 7358
15482 2 2 10 1 2409 8425 8338
15483 2 2 10 1 3326 8523 7382
15484 2 2 10 1 860 8738 869
15485 2 2 10 1 5603 8370 5612
15486 2 2 10 1 7558 9609 391
15487 2 2 10 1 8211 8429 4015
15488 2 2 10 1 3437 8517 3438
15489 2 2 10 1 3460 8927 6250
15490 2 2 10 1 5618 8517 4238
15491 2 2 10 1 1954 8795 6347
15492 2 2 10 1 7983 9640 8942
15493 2 2 10 1 4878 8458 8364
15494 2 2 10 1 5232 8518 5901
15495 2 2 10 1 1392 8550 7681
15496 2 2 10 1 7212 8381 8120
15497 2 2 10 1 8755 8797 5413
15498 2 2 10 1 6535 8879 6531
15499 2 2 10 1 2044 8355 2042
15500 2 2 10 1 7531 8681 6842
15501 2 2 10 1 5224 8377 5222
15502 2 2 10 1 7337 8415 8155
15503 2 2 10 1 7392 8364 2822
15504 2 2 10 1 1204 9645 6582
15505 2 2 10 1 4834 8325 7922
15506 2 2 10 1 8246 8348 3177
15507 2 2 10 1 4755 8422 8266
15508 2 2 10 1 6029 8944 6028
15509 2 2 10 1 374 9292 8889
15510 2 2 10 1 5403 8526 4816
15511 2 2 10 1 4413 8361 4057
15512 2 2 10 1 8371 8437 5535
15513 2 2 10 1 6963 8862 2749
15514 2 2 10 1 8326 8389 5623
15515 2 2 10 1 6911 9629 1750
15516 2 2 10 1 4296 8642 5448
15517 2 2 10 1 7058 8779 447
15518 2 2 10 1 7535 9371 465
15519 2 2 10 1 8120 8381 7828
15520 2 2 10 1 3177 8348 7826
15521 2 2 10 1 6648 8701 6645
15522 2 2 10 1 5461 8622 4370
15523 2 2 10 1 4463 8331 8258
15524 2 2 10 1 4128 9206 8453
15525 2 2 10 1 1516 8668 6458
15526 2 2 10 1 7209 8527 8383
15527 2 2 10 1 3371 8466 7995
15528 2 2 10 1 8323 8370 5603
15529 2 2 10 1 4920 8637 8585
15530 2 2 10 1 6046 8386 4579
15531 2 2 10 1 5333 8424 8332
15532 2 2 10 1 4742 8624 8395
15533 2 2 10 1 6369 8400 4881
15534 2 2 10 1 4888 8698 5471
15535 2 2 10 1 5514 9114 9056
15536 2 2 10 1 7133 8447 2825
15537 2 2 10 1 5396 8552 5109
15538 2 2 10 1 2944 8359 7920
15539 2 2 10 1 6448 8558 6450
15540 2 2 10 1 5995 8535 5649
15541 2 2 10 1 253 8645 252
15542 2 2 10 1 4837 8623 7700
15543 2 2 10 1 5096 8511 8154
15544 2 2 10 1 4899 8385 4898
15545 2 2 10 1 5108 8537 4908
15546 2 2 10 1 4905 8537 4906
15547 2 2 10 1 5659 8535 5929
15548 2 2 10 1 8329 8393 5374
15549 2 2 10 1 2816 8696 7355
15550 2 2 10 1 8277 8362 2990
15551 2 2 10 1 8276 8365 7724
15552 2 2 10 1 4792 8374 7847
15553 2 2 10 1 5443 8902 8293
15554 2 2 10 1 8282 8345 4761
15555 2 2 10 1 5143 8360 2945
15556 2 2 10 1 4740 8521 8428
15557 2 2 10 1 4919 8585 8366
15558 2 2 10 1 1456 8392 1463
15559 2 2 10 1 7891 8467 4822
15560 2 2 10 1 7822 8357 3244
15561 2 2 10 1 6978 8706 6979
15562 2 2 10 1 3438 8335 8095
15563 2 2 10 1 4090 8376 4328
15564 2 2 10 1 8033 8390 7719
15565 2 2 10 1 3718 8587 7424
15566 2 2 10 1 8215 8357 7822
15567 2 2 10 1 6677 8411 4556
15568 2 2 10 1 8126 8373 7723
15569 2 2 10 1 2375 8469 2376
15570 2 2 10 1 5456 8760 5056
15571 2 2 10 1 4109 8317 8064
15572 2 2 10 1 5192 8378 6465
15573 2 2 10 1 8280 8368 5364
15574 2 2 10 1 1710 8410 7494
15575 2 2 10 1 2977 8353 8278
15576 2 2 10 1 2902 8396 2900
15577 2 2 10 1 5348 8410 8196
15578 2 2 10 1 2405 8549 2180
15579 2 2 10 1 8322 8405 6087
15580 2 2 10 1 8674 8813 4823
15581 2 2 10 1 441 9598 7554
15582 2 2 10 1 7070 9401 484
15583 2 2 10 1 7834 8340 8123
15584 2 2 10 1 4293 8371 7729
15585 2 2 10 1 5258 8551 4664
15586 2 2 10 1 4355 8958 4999
15587 2 2 10 1 9153 9164 5307
15588 2 2 10 1 5266 9210 5428
15589 2 2 10 1 7433 8390 7665
15590 2 2 10 1 3456 8708 2843
15591 2 2 10 1 2908 8557 3203
15592 2 2 10 1 5633 8679 5634
15593 2 2 10 1 8392 8542 6470
15594 2 2 10 1 2836 8406 7507
15595 2 2 10 1 5681 9221 5544
15596 2 2 10 1 4912 8642 8569
15597 2 2 10 1 433 8408 7543
15598 2 2 10 1 4714 8403 3863
15599 2 2 10 1 5231 8836 5233
15600 2 2 10 1 1150 8654 1943
15601 2 2 10 1 7926 8387 4807
15602 2 2 10 1 5456 8860 8760
15603 2 2 10 1 6970 8886 3231
15604 2 2 10 1 8272 8606 4098
15605 2 2 10 1 6635 9013 6637
15606 2 2 10 1 1978 8729 1979
15607 2 2 10 1 3443 8590 3444
15608 2 2 10 1 400 8978 7548
15609 2 2 10 1 4293 8437 8371
15610 2 2 10 1 4826 8573 5703
15611 2 2 10 1 9370 9388 5615
15612 2 2 10 1 6552 8772 6547
15613 2 2 10 1 2550 8702 2548
15614 2 2 10 1 5807 8483 5132
15615 2 2 10 1 6886 8787 6885
15616 2 2 10 1 2618 8420 2616
15617 2 2 10 1 5313 8911 5009
15618 2 2 10 1 8031 8407 1244
15619 2 2 10 1 7205 8954 6204
15620 2 2 10 1 8095 8335 5064
15621 2 2 10 1 5337 8365 8276
15622 2 2 10 1 393 9272 5831
15623 2 2 10 1 8349 8455 4139
15624 2 2 10 1 5338 8362 8277
15625 2 2 10 1 7828 8381 4124
15626 2 2 10 1 5189 8607 4003
15627 2 2 10 1 8482 9210 1017
15628 2 2 10 1 6287 8582 8461
15629 2 2 10 1 6479 8432 7979
15630 2 2 10 1 3987 8770 4818
15631 2 2 10 1 6612 8427 1137
15632 2 2 10 1 12 8431 11
15633 2 2 10 1 3306 8344 7954
15634 2 2 10 1 2393 8780 8711
15635 2 2 10 1 4761 8345 7939
15636 2 2 10 1 676 8657 659
15637 2 2 10 1 3124 8389 8326
15638 2 2 10 1 1193 8580 1189
15639 2 2 10 1 1187 8580 2971
15640 2 2 10 1 8270 8419 1337
15641 2 2 10 1 1700 8413 1698
15642 2 2 10 1 2364 8666 2365
15643 2 2 10 1 4167 8534 8387
15644 2 2 10 1 3871 8508 4341
15645 2 2 10 1 5059 8574 4008
15646 2 2 10 1 4109 8404 8317
15647 2 2 10 1 5315 8418 4163
15648 2 2 10 1 5635 8586 5632
15649 2 2 10 1 5630 8586 5636
15650 2 2 10 1 4876 8512 6462
15651 2 2 10 1 1991 8415 1988
15652 2 2 10 1 4476 8694 3780
15653 2 2 10 1 5111 8589 5396
15654 2 2 10 1 4629 8588 4628
15655 2 2 10 1 4877 8488 4928
15656 2 2 10 1 5502 8882 8827
15657 2 2 10 1 5226 8414 5224
15658 2 2 10 1 3294 8391 8008
15659 2 2 10 1 9381 9652 5774
15660 2 2 10 1 7433 8488 8390
15661 2 2 10 1 5542 8590 4168
15662 2 2 10 1 4144 8373 7757
15663 2 2 10 1 6545 8772 6549
15664 2 2 10 1 4970 8753 8662
15665 2 2 10 1 7097 8856 1445
15666 2 2 10 1 4720 8595 5178
15667 2 2 10 1 7024 8485 7022
15668 2 2 10 1 4822 8412 3294
15669 2 2 10 1 7112 8591 8340
15670 2 2 10 1 5616 9370 5615
15671 2 2 10 1 7954 8344 7876
15672 2 2 10 1 5339 8368 8280
15673 2 2 10 1 7939 8345 7877
15674 2 2 10 1 6401 8793 1846
15675 2 2 10 1 120 8692 119
15676 2 2 10 1 8150 8366 3752
15677 2 2 10 1 7425 8627 7634
15678 2 2 10 1 1492 8533 1493
15679 2 2 10 1 5626 8614 5637
15680 2 2 10 1 5066 8519 7886
15681 2 2 10 1 4781 8436 5555
15682 2 2 10 1 2399 8757 7467
15683 2 2 10 1 4913 8404 4109
15684 2 2 10 1 657 8657 2940
15685 2 2 10 1 6822 8839 6821
15686 2 2 10 1 6200 8802 4235
15687 2 2 10 1 2012 8695 7082
15688 2 2 10 1 268 8441 267
15689 2 2 10 1 8785 8789 6337
15690 2 2 10 1 7711 8387 7926
15691 2 2 10 1 6588 9569 514
15692 2 2 10 1 7825 9008 5779
15693 2 2 10 1 7847 8374 4114
15694 2 2 10 1 5515 8972 6388
15695 2 2 10 1 9252 9426 5458
15696 2 2 10 1 2276 8845 7439
15697 2 2 10 1 5110 8938 8713
15698 2 2 10 1 5811 8417 5188
15699 2 2 10 1 3329 8931 6535
15700 2 2 10 1 5271 8424 5333
15701 2 2 10 1 603 8999 6216
15702 2 2 10 1 5335 8532 4927
15703 2 2 10 1 7932 8366 7878
15704 2 2 10 1 3752 8366 7932
15705 2 2 10 1 3183 8608 2912
15706 2 2 10 1 4891 8409 4893
15707 2 2 10 1 3054 8802 6879
15708 2 2 10 1 2558 8393 8329
15709 2 2 10 1 5308 8541 4783
15710 2 2 10 1 7920 8359 4784
15711 2 2 10 1 3566 8638 7165
15712 2 2 10 1 8292 8451 7274
15713 2 2 10 1 5347 8425 4863
15714 2 2 10 1 5623 8416 5624
15715 2 2 10 1 7684 9000 2837
15716 2 2 10 1 5224 8414 8377
15717 2 2 10 1 3171 8439 2698
15718 2 2 10 1 8154 8511 6524
15719 2 2 10 1 5798 8682 5796
15720 2 2 10 1 5636 8614 5628
15721 2 2 10 1 5239 8792 6767
15722 2 2 10 1 6510 9071 481
15723 2 2 10 1 5675 9330 5594
15724 2 2 10 1 5037 8615 4266
15725 2 2 10 1 2940 8401 7874
15726 2 2 10 1 6436 8857 6435
15727 2 2 10 1 4015 8429 4017
15728 2 2 10 1 4795 8407 8031
15729 2 2 10 1 8470 8584 7744
15730 2 2 10 1 5032 8767 6978
15731 2 2 10 1 7751 9616 4843
15732 2 2 10 1 8364 8458 2822
15733 2 2 10 1 7200 9699 6140
15734 2 2 10 1 4234 8617 3390
15735 2 2 10 1 6236 9015 1653
15736 2 2 10 1 2911 8440 2913
15737 2 2 10 1 3663 8438 6894
15738 2 2 10 1 3724 8651 5143
15739 2 2 10 1 5343 8430 8237
15740 2 2 10 1 7144 8893 4323
15741 2 2 10 1 5189 8675 8607
15742 2 2 10 1 8350 8423 4851
15743 2 2 10 1 7872 8430 5343
15744 2 2 10 1 4144 8476 8373
15745 2 2 10 1 1556 8834 6376
15746 2 2 10 1 4235 8802 3283
15747 2 2 10 1 4850 8610 4935
15748 2 2 10 1 429 9312 6166
15749 2 2 10 1 7562 9177 6754
15750 2 2 10 1 7934 8394 3750
15751 2 2 10 1 1294 8434 1392
15752 2 2 10 1 4868 8621 4674
15753 2 2 10 1 6470 8542 5404
15754 2 2 10 1 4807 8387 8206
15755 2 2 10 1 6623 9020 8991
15756 2 2 10 1 294 8716 293
15757 2 2 10 1 102 8717 101
15758 2 2 10 1 6824 8765 5212
15759 2 2 10 1 4851 8423 5140
15760 2 2 10 1 2448 8810 2075
15761 2 2 10 1 8340 8591 7728
15762 2 2 10 1 3423 8708 8655
15763 2 2 10 1 1493 8533 1504
15764 2 2 10 1 7219 8429 8211
15765 2 2 10 1 7999 8395 2978
15766 2 2 10 1 5441 8672 5932
15767 2 2 10 1 4127 8761 6229
15768 2 2 10 1 1532 8668 1516
15769 2 2 10 1 2129 8800 6320
15770 2 2 10 1 2133 8532 8355
15771 2 2 10 1 5957 8635 5959
15772 2 2 10 1 4944 8594 7986
15773 2 2 10 1 2493 8773 8721
15774 2 2 10 1 3618 8470 4848
15775 2 2 10 1 6932 8722 5104
15776 2 2 10 1 1492 8684 8533
15777 2 2 10 1 3595 8816 1563
15778 2 2 10 1 2619 8632 3341
15779 2 2 10 1 1505 8442 1525
15780 2 2 10 1 5049 8422 3876
15781 2 2 10 1 3336 8632 2617
15782 2 2 10 1 811 8454 640
15783 2 2 10 1 1265 8828 6778
15784 2 2 10 1 6095 8527 8513
15785 2 2 10 1 4962 8830 5395
15786 2 2 10 1 2370 8633 2381
15787 2 2 10 1 4912 8569 8503
15788 2 2 10 1 4457 8443 4477
15789 2 2 10 1 7126 8491 838
15790 2 2 10 1 5544 9180 8320
15791 2 2 10 1 7747 8394 7934
15792 2 2 10 1 2957 8617 7831
15793 2 2 10 1 1194 8444 1191
15794 2 2 10 1 5429 8723 8593
15795 2 2 10 1 5544 9221 9180
15796 2 2 10 1 8296 8428 7811
15797 2 2 10 1 523 8987 5849
15798 2 2 10 1 1183 8456 1185
15799 2 2 10 1 7431 8667 4151
15800 2 2 10 1 8455 8520 5379
15801 2 2 10 1 8294 8426 7827
15802 2 2 10 1 2906 8446 2904
15803 2 2 10 1 4806 8638 4804
15804 2 2 10 1 6671 9220 3282
15805 2 2 10 1 8093 8637 7438
15806 2 2 10 1 9476 9501 5522
15807 2 2 10 1 6669 8558 6446
15808 2 2 10 1 6411 9065 3035
15809 2 2 10 1 6084 9160 2657
15810 2 2 10 1 2122 8639 1694
15811 2 2 10 1 7883 8433 2942
15812 2 2 10 1 9557 9718 2403
15813 2 2 10 1 7467 8757 8673
15814 2 2 10 1 7803 8619 4774
15815 2 2 10 1 4699 8804 3469
15816 2 2 10 1 1157 8459 1159
15817 2 2 10 1 6821 8814 6824
15818 2 2 10 1 3294 8412 8391
15819 2 2 10 1 7811 8428 7471
15820 2 2 10 1 7827 8426 2935
15821 2 2 10 1 5864 8672 5496
15822 2 2 10 1 9583 9584 7557
15823 2 2 10 1 1075 8462 1051
15824 2 2 10 1 6327 8893 4630
15825 2 2 10 1 3341 8646 2621
15826 2 2 10 1 5354 8648 8515
15827 2 2 10 1 2017 8695 2012
15828 2 2 10 1 5652 9664 7366
15829 2 2 10 1 8395 8624 5310
15830 2 2 10 1 5092 8636 5666
15831 2 2 10 1 6957 8885 4991
15832 2 2 10 1 8458 8529 7523
15833 2 2 10 1 4969 8684 7419
15834 2 2 10 1 4981 8448 4984
15835 2 2 10 1 5423 9268 6493
15836 2 2 10 1 6817 9286 6819
15837 2 2 10 1 5480 9169 9135
15838 2 2 10 1 5229 8812 5231
15839 2 2 10 1 4372 8449 3505
15840 2 2 10 1 4940 8699 5414
15841 2 2 10 1 4887 8534 8523
15842 2 2 10 1 7337 8503 8415
15843 2 2 10 1 108 8748 107
15844 2 2 10 1 8532 8652 4927
15845 2 2 10 1 5582 8437 4293
15846 2 2 10 1 9465 9643 6035
15847 2 2 10 1 1155 9482 6996
15848 2 2 10 1 5364 8481 7870
15849 2 2 10 1 7214 8745 4717
15850 2 2 10 1 4869 8576 8555
15851 2 2 10 1 4382 8644 3410
15852 2 2 10 1 6766 9701 4496
15853 2 2 10 1 5411 8805 5410
15854 2 2 10 1 2625 8658 3335
15855 2 2 10 1 8357 8461 3244
15856 2 2 10 1 31 8480 30
15857 2 2 10 1 6611 8482 6610
15858 2 2 10 1 5821 8606 5295
15859 2 2 10 1 4950 8655 6685
15860 2 2 10 1 8381 8484 4124
15861 2 2 10 1 5270 8453 5271
15862 2 2 10 1 8597 8738 1934
15863 2 2 10 1 3993 8468 3992
15864 2 2 10 1 638 8766 636
15865 2 2 10 1 1095 8445 7727
15866 2 2 10 1 8339 8743 3306
15867 2 2 10 1 4732 8649 7802
15868 2 2 10 1 5329 8445 5330
15869 2 2 10 1 6784 9134 8436
15870 2 2 10 1 6028 8944 7311
15871 2 2 10 1 6006 8394 7747
15872 2 2 10 1 157 8762 156
15873 2 2 10 1 7881 8716 553
15874 2 2 10 1 8409 8469 5397
15875 2 2 10 1 6005 8671 6006
15876 2 2 10 1 4153 8667 5036
15877 2 2 10 1 8418 8470 7744
15878 2 2 10 1 7111 8591 7112
15879 2 2 10 1 481 8477 199
15880 2 2 10 1 7979 8432 4871
15881 2 2 10 1 5614 8465 5647
15882 2 2 10 1 6699 9556 502
15883 2 2 10 1 4741 8587 8353
15884 2 2 10 1 5140 8635 5957
15885 2 2 10 1 2574 8832 566
15886 2 2 10 1 3244 8461 7776
15887 2 2 10 1 8477 8936 198
15888 2 2 10 1 4748 8464 4967
15889 2 2 10 1 6989 8487 6991
15890 2 2 10 1 4370 8504 6826
15891 2 2 10 1 243 8777 242
15892 2 2 10 1 6153 8619 7803
15893 2 2 10 1 4683 8755 5413
15894 2 2 10 1 92 8756 452
15895 2 2 10 1 498 8756 93
15896 2 2 10 1 7873 8492 7958
15897 2 2 10 1 562 8450 560
15898 2 2 10 1 2880 8463 2525
15899 2 2 10 1 8413 8474 1698
15900 2 2 10 1 8338 8425 5347
15901 2 2 10 1 5528 9437 8841
15902 2 2 10 1 5230 8473 5228
15903 2 2 10 1 8836 8847 5233
15904 2 2 10 1 4676 8848 7238
15905 2 2 10 1 8871 8974 4790
15906 2 2 10 1 4019 8475 4021
15907 2 2 10 1 1698 8474 1696
15908 2 2 10 1 8401 8514 7874
15909 2 2 10 1 5310 8624 4946
15910 2 2 10 1 1943 8498 7532
15911 2 2 10 1 2409 8469 8409
15912 2 2 10 1 7403 8843 5273
15913 2 2 10 1 4903 8479 4901
15914 2 2 10 1 1182 8704 1186
15915 2 2 10 1 4967 8478 5877
15916 2 2 10 1 6148 8870 6150
15917 2 2 10 1 1490 9593 8700
15918 2 2 10 1 2362 8570 6693
15919 2 2 10 1 4139 8455 4140
15920 2 2 10 1 5473 8866 4243
15921 2 2 10 1 5378 8840 5010
15922 2 2 10 1 1690 8691 2437
15923 2 2 10 1 5533 9445 7564
15924 2 2 10 1 4764 8472 5066
15925 2 2 10 1 474 8980 7597
15926 2 2 10 1 2372 8725 2375
15927 2 2 10 1 4630 8893 4622
15928 2 2 10 1 6446 8558 6448
15929 2 2 10 1 2822 8458 7405
15930 2 2 10 1 9280 9443 7707
15931 2 2 10 1 5993 9226 6228
15932 2 2 10 1 5421 8813 5422
15933 2 2 10 1 4716 8489 6300
15934 2 2 10 1 6714 9305 548
15935 2 2 10 1 5980 9139 535
15936 2 2 10 1 2915 8490 2917
15937 2 2 10 1 7724 8460 4858
15938 2 2 10 1 6941 8562 6943
15939 2 2 10 1 8858 8898 3720
15940 2 2 10 1 5262 8575 7928
15941 2 2 10 1 6309 8862 5142
15942 2 2 10 1 7081 8497 4910
15943 2 2 10 1 2635 8486 2636
15944 2 2 10 1 2971 8704 1184
15945 2 2 10 1 6800 8496 6802
15946 2 2 10 1 4243 8837 7134
15947 2 2 10 1 2976 8467 7891
15948 2 2 10 1 8210 8541 4959
15949 2 2 10 1 4527 8705 5319
15950 2 2 10 1 564 8832 3191
15951 2 2 10 1 5785 8452 5103
15952 2 2 10 1 2020 8806 7061
15953 2 2 10 1 8433 8761 5270
15954 2 2 10 1 8353 8587 5391
15955 2 2 10 1 8167 8737 4231
15956 2 2 10 1 8426 8500 2935
15957 2 2 10 1 38 8779 543
15958 2 2 10 1 447 8779 39
15959 2 2 10 1 1086 8689 8566
15960 2 2 10 1 2622 8501 2620
15961 2 2 10 1 1095 8514 8445
15962 2 2 10 1 3667 8495 3665
15963 2 2 10 1 4050 9276 7078
15964 2 2 10 1 7785 8764 4867
15965 2 2 10 1 8464 8478 4967
15966 2 2 10 1 2399 8808 8757
15967 2 2 10 1 7995 8466 4764
15968 2 2 10 1 8846 8888 5442
15969 2 2 10 1 1653 9017 6236
15970 2 2 10 1 3278 8724 3849
15971 2 2 10 1 5763 9669 9666
15972 2 2 10 1 8088 8540 5252
15973 2 2 10 1 2024 8867 6735
15974 2 2 10 1 6983 8506 6988
15975 2 2 10 1 8445 8514 5330
15976 2 2 10 1 5545 9701 6766
15977 2 2 10 1 8348 8471 7826
15978 2 2 10 1 8124 8602 7838
15979 2 2 10 1 8481 8543 7870
15980 2 2 10 1 6678 8510 2747
15981 2 2 10 1 7236 8883 5657
15982 2 2 10 1 4889 8503 7337
15983 2 2 10 1 5555 9247 5556
15984 2 2 10 1 2823 8699 8603
15985 2 2 10 1 7684 9023 9000
15986 2 2 10 1 2377 9590 8703
15987 2 2 10 1 6428 9252 5458
15988 2 2 10 1 7904 8727 4885
15989 2 2 10 1 6978 8767 8706
15990 2 2 10 1 7826 8471 3033
15991 2 2 10 1 7817 8569 5317
15992 2 2 10 1 5749 8714 5017
15993 2 2 10 1 2182 8494 2345
15994 2 2 10 1 5483 9004 5482
15995 2 2 10 1 3542 9346 6099
15996 2 2 10 1 4643 8481 3825
15997 2 2 10 1 5999 8650 6000
15998 2 2 10 1 3257 8730 2358
15999 2 2 10 1 3460 8807 3459
16000 2 2 10 1 3671 8505 3669
16001 2 2 10 1 2978 8395 8321
16002 2 2 10 1 6456 9302 1736
16003 2 2 10 1 5227 8790 5229
16004 2 2 10 1 5056 8760 8641
16005 2 2 10 1 5681 9256 9221
16006 2 2 10 1 3616 8488 7433
16007 2 2 10 1 2473 8687 7261
16008 2 2 10 1 6937 9649 8978
16009 2 2 10 1 6190 8969 3491
16010 2 2 10 1 3931 8560 8521
16011 2 2 10 1 8219 8435 5297
16012 2 2 10 1 8805 8817 2975
16013 2 2 10 1 3435 8744 7731
16014 2 2 10 1 7599 9239 516
16015 2 2 10 1 7557 9584 441
16016 2 2 10 1 6494 8576 4869
16017 2 2 10 1 1445 8856 1412
16018 2 2 10 1 8497 8533 5409
16019 2 2 10 1 6692 8528 6689
16020 2 2 10 1 6451 8872 6447
16021 2 2 10 1 8319 8566 5362
16022 2 2 10 1 78 8801 7537
16023 2 2 10 1 465 8801 79
16024 2 2 10 1 8363 9433 462
16025 2 2 10 1 8699 8766 5414
16026 2 2 10 1 6927 9109 6928
16027 2 2 10 1 8366 8585 7878
16028 2 2 10 1 6999 8544 2436
16029 2 2 10 1 1155 9578 9482
16030 2 2 10 1 5119 8731 4143
16031 2 2 10 1 6510 9072 6509
16032 2 2 10 1 6330 8967 6329
16033 2 2 10 1 7116 8582 4551
16034 2 2 10 1 6227 9040 488
16035 2 2 10 1 4311 8742 4312
16036 2 2 10 1 4939 8733 5969
16037 2 2 10 1 7111 8634 8591
16038 2 2 10 1 5336 8966 6113
16039 2 2 10 1 6251 8872 6250
16040 2 2 10 1 4416 8899 7443
16041 2 2 10 1 8080 8476 4144
16042 2 2 10 1 7273 8499 5190
16043 2 2 10 1 8645 9091 252
16044 2 2 10 1 5419 8917 8776
16045 2 2 10 1 4974 8861 7115
16046 2 2 10 1 5355 8567 6967
16047 2 2 10 1 5253 8897 5003
16048 2 2 10 1 4887 8523 8304
16049 2 2 10 1 6569 8578 1584
16050 2 2 10 1 4124 8484 7835
16051 2 2 10 1 5028 8941 6932
16052 2 2 10 1 4643 8543 8481
16053 2 2 10 1 5535 8437 8256
16054 2 2 10 1 5082 9266 8853
16055 2 2 10 1 8383 8527 6094
16056 2 2 10 1 5062 8740 3909
16057 2 2 10 1 2885 9692 6014
16058 2 2 10 1 5348 8531 8410
16059 2 2 10 1 1374 8522 1371
16060 2 2 10 1 1546 8744 3435
16061 2 2 10 1 4174 8807 5412
16062 2 2 10 1 6626 9298 5536
16063 2 2 10 1 7874 8514 1095
16064 2 2 10 1 1955 8795 1954
16065 2 2 10 1 5498 8538 5499
16066 2 2 10 1 3816 8797 2946
16067 2 2 10 1 2968 8751 4801
16068 2 2 10 1 5172 8719 4227
16069 2 2 10 1 5276 8967 5714
16070 2 2 10 1 6000 8650 8152
16071 2 2 10 1 8466 8472 4764
16072 2 2 10 1 6041 8650 5999
16073 2 2 10 1 4238 8517 3437
16074 2 2 10 1 5153 8857 5955
16075 2 2 10 1 7528 8900 2797
16076 2 2 10 1 4611 8566 8319
16077 2 2 10 1 1846 8793 1848
16078 2 2 10 1 3566 8509 3558
16079 2 2 10 1 3929 8521 4740
16080 2 2 10 1 773 9167 6184
16081 2 2 10 1 8387 8534 8206
16082 2 2 10 1 5234 8518 5232
16083 2 2 10 1 2362 8612 8570
16084 2 2 10 1 8430 8515 2130
16085 2 2 10 1 7246 8895 7663
16086 2 2 10 1 8488 8596 4928
16087 2 2 10 1 3829 8912 6763
16088 2 2 10 1 4945 9011 6243
16089 2 2 10 1 6095 8513 7745
16090 2 2 10 1 5979 9553 1623
16091 2 2 10 1 2021 8806 2020
16092 2 2 10 1 273 8536 272
16093 2 2 10 1 5373 8887 6407
16094 2 2 10 1 7958 8492 2976
16095 2 2 10 1 2935 8500 7830
16096 2 2 10 1 8812 8836 5231
16097 2 2 10 1 1666 8829 1664
16098 2 2 10 1 8823 9227 7910
16099 2 2 10 1 2344 8800 2129
16100 2 2 10 1 3704 8520 5358
16101 2 2 10 1 5052 8937 5443
16102 2 2 10 1 8355 8532 5335
16103 2 2 10 1 6579 8539 5316
16104 2 2 10 1 7718 8507 6768
16105 2 2 10 1 1439 8856 2865
16106 2 2 10 1 6215 8561 5260
16107 2 2 10 1 8063 8638 3566
16108 2 2 10 1 2920 8769 3153
16109 2 2 10 1 3358 8769 2922
16110 2 2 10 1 6443 8909 811
16111 2 2 10 1 4841 8435 8219
16112 2 2 10 1 5982 8511 5096
16113 2 2 10 1 2810 8951 7000
16114 2 2 10 1 4816 8526 4383
16115 2 2 10 1 5539 9531 7406
16116 2 2 10 1 1054 9725 5950
16117 2 2 10 1 5522 9501 5586
16118 2 2 10 1 6690 8913 7202
16119 2 2 10 1 5950 9725 2739
16120 2 2 10 1 6821 8839 8814
16121 2 2 10 1 2749 8993 7229
16122 2 2 10 1 2976 8492 8467
16123 2 2 10 1 6081 9201 7940
16124 2 2 10 1 4946 8712 7674
16125 2 2 10 1 8462 8626 1051
16126 2 2 10 1 8434 9249 1392
16127 2 2 10 1 4959 8820 4958
16128 2 2 10 1 7434 9281 8892
16129 2 2 10 1 8471 8548 3033
16130 2 2 10 1 6475 8928 6473
16131 2 2 10 1 7310 8566 4611
16132 2 2 10 1 6274 8605 4857
16133 2 2 10 1 8542 8627 5404
16134 2 2 10 1 6783 8711 8596
16135 2 2 10 1 3760 8531 5348
16136 2 2 10 1 6535 8931 8879
16137 2 2 10 1 5425 9575 5490
16138 2 2 10 1 8255 8451 4518
16139 2 2 10 1 7886 8519 5258
16140 2 2 10 1 6160 9162 1056
16141 2 2 10 1 7279 8808 2399
16142 2 2 10 1 6580 8547 6918
16143 2 2 10 1 7401 8602 8124
16144 2 2 10 1 5118 8928 6114
16145 2 2 10 1 4870 8693 3905
16146 2 2 10 1 2130 8515 8073
16147 2 2 10 1 5638 8530 5635
16148 2 2 10 1 5649 8535 5659
16149 2 2 10 1 6977 8554 6976
16150 2 2 10 1 4908 8537 4905
16151 2 2 10 1 4869 8555 4649
16152 2 2 10 1 4754 8809 4920
16153 2 2 10 1 1253 8781 637
16154 2 2 10 1 3153 8783 2918
16155 2 2 10 1 7349 8545 5327
16156 2 2 10 1 6342 9275 6676
16157 2 2 10 1 8900 8939 2797
16158 2 2 10 1 7446 8871 4790
16159 2 2 10 1 5225 8771 5227
16160 2 2 10 1 3886 8823 7910
16161 2 2 10 1 5354 8728 8648
16162 2 2 10 1 2437 8791 1688
16163 2 2 10 1 4805 8788 4806
16164 2 2 10 1 5008 8903 7362
16165 2 2 10 1 6975 8583 4943
16166 2 2 10 1 5532 9445 5533
16167 2 2 10 1 2151 8553 1542
16168 2 2 10 1 424 8854 22
16169 2 2 10 1 21 8854 7577
16170 2 2 10 1 1044 8546 8311
16171 2 2 10 1 1589 8834 1556
16172 2 2 10 1 7272 8737 8167
16173 2 2 10 1 6094 8527 6095
16174 2 2 10 1 5499 9407 8491
16175 2 2 10 1 6135 8715 8649
16176 2 2 10 1 3911 8923 4362
16177 2 2 10 1 5424 9322 5423
16178 2 2 10 1 7715 8858 3720
16179 2 2 10 1 4935 8529 4878
16180 2 2 10 1 4926 8775 7851
16181 2 2 10 1 5115 8571 5114
16182 2 2 10 1 6578 8881 3330
16183 2 2 10 1 2914 8799 3183
16184 2 2 10 1 5536 9675 6626
16185 2 2 10 1 1015 9679 9479
16186 2 2 10 1 783 9267 6366
16187 2 2 10 1 8564 8598 4879
16188 2 2 10 1 5087 8564 4879
16189 2 2 10 1 7456 8634 7111
16190 2 2 10 1 4328 8823 3888
16191 2 2 10 1 2182 8549 8494
16192 2 2 10 1 8071 8686 4791
16193 2 2 10 1 4918 8754 7885
16194 2 2 10 1 1880 8907 2136
16195 2 2 10 1 4846 8563 5163
16196 2 2 10 1 7681 8550 7682
16197 2 2 10 1 7633 8542 1455
16198 2 2 10 1 2626 8565 2624
16199 2 2 10 1 2180 8549 2182
16200 2 2 10 1 4221 8846 5442
16201 2 2 10 1 5410 8805 8785
16202 2 2 10 1 786 8568 788
16203 2 2 10 1 4795 8745 8407
16204 2 2 10 1 8142 8532 2133
16205 2 2 10 1 4664 8551 5681
16206 2 2 10 1 7158 8678 5161
16207 2 2 10 1 6120 9211 5332
16208 2 2 10 1 1046 8934 1049
16209 2 2 10 1 9222 9624 5991
16210 2 2 10 1 2547 8616 8592
16211 2 2 10 1 7320 9011 4945
16212 2 2 10 1 1154 8577 1152
16213 2 2 10 1 8142 8652 8532
16214 2 2 10 1 4960 8794 6213
16215 2 2 10 1 8618 9604 1149
16216 2 2 10 1 5212 8739 5213
16217 2 2 10 1 8774 8877 5889
16218 2 2 10 1 7103 9023 7684
16219 2 2 10 1 6534 8743 8339
16220 2 2 10 1 3834 8572 4997
16221 2 2 10 1 2910 8557 2908
16222 2 2 10 1 8020 8524 2996
16223 2 2 10 1 5945 8559 5041
16224 2 2 10 1 9013 9671 6641
16225 2 2 10 1 4848 8470 8418
16226 2 2 10 1 5109 8552 5108
16227 2 2 10 1 3959 8888 3321
16228 2 2 10 1 4049 8942 4050
16229 2 2 10 1 2483 8815 1960
16230 2 2 10 1 5012 8540 8088
16231 2 2 10 1 3697 8715 8061
16232 2 2 10 1 5358 8520 8455
16233 2 2 10 1 3718 8673 8587
16234 2 2 10 1 374 8889 373
16235 2 2 10 1 5003 8874 3414
16236 2 2 10 1 5642 8556 5763
16237 2 2 10 1 5400 9413 4953
16238 2 2 10 1 6166 9314 7619
16239 2 2 10 1 26 8878 478
16240 2 2 10 1 5027 8949 5943
16241 2 2 10 1 6847 9158 478
16242 2 2 10 1 7429 8524 8020
16243 2 2 10 1 2975 8817 1160
16244 2 2 10 1 2459 8581 2461
16245 2 2 10 1 5473 8900 8866
16246 2 2 10 1 1883 8819 2995
16247 2 2 10 1 8533 8684 5409
16248 2 2 10 1 6274 9467 8605
16249 2 2 10 1 5375 8560 4913
16250 2 2 10 1 641 8831 644
16251 2 2 10 1 2825 8940 610
16252 2 2 10 1 1203 8826 1170
16253 2 2 10 1 6169 8883 6168
16254 2 2 10 1 4600 8920 1421
16255 2 2 10 1 4711 8824 5365
16256 2 2 10 1 1166 8828 1265
16257 2 2 10 1 502 9565 6699
16258 2 2 10 1 6115 9260 3498
16259 2 2 10 1 8790 8812 5229
16260 2 2 10 1 8476 8623 4837
16261 2 2 10 1 6585 8629 4955
16262 2 2 10 1 5184 8978 7403
16263 2 2 10 1 5253 8921 8897
16264 2 2 10 1 5431 8949 5025
16265 2 2 10 1 1231 8822 1233
16266 2 2 10 1 4721 9694 6039
16267 2 2 10 1 3650 8710 8102
16268 2 2 10 1 4824 8573 4826
16269 2 2 10 1 2848 8945 1884
16270 2 2 10 1 2547 8592 6992
16271 2 2 10 1 2025 8867 2024
16272 2 2 10 1 7744 8584 4880
16273 2 2 10 1 6436 8935 2995
16274 2 2 10 1 3033 8548 7789
16275 2 2 10 1 6120 9316 9211
16276 2 2 10 1 1850 9110 7021
16277 2 2 10 1 6979 8706 8345
16278 2 2 10 1 608 8940 967
16279 2 2 10 1 2779 9209 6570
16280 2 2 10 1 2653 9636 8397
16281 2 2 10 1 6966 8647 2781
16282 2 2 10 1 4008 8574 4836
16283 2 2 10 1 6033 9328 547
16284 2 2 10 1 5054 8971 7109
16285 2 2 10 1 4878 8529 8458
16286 2 2 10 1 7510 8596 3616
16287 2 2 10 1 155 8593 492
16288 2 2 10 1 2940 9303 8401
16289 2 2 10 1 6672 9196 6671
16290 2 2 10 1 1756 8970 1385
16291 2 2 10 1 6815 9355 1372
16292 2 2 10 1 8345 8706 7877
16293 2 2 10 1 8702 9425 2548
16294 2 2 10 1 5082 8853 4195
16295 2 2 10 1 4879 8598 3785
16296 2 2 10 1 1189 8580 1187
16297 2 2 10 1 8848 9487 5732
16298 2 2 10 1 5812 9003 7632
16299 2 2 10 1 7870 8543 4884
16300 2 2 10 1 6257 9207 406
16301 2 2 10 1 6326 9538 9085
16302 2 2 10 1 1776 8609 7880
16303 2 2 10 1 1172 8844 1203
16304 2 2 10 1 2974 8844 1174
16305 2 2 10 1 522 8902 146
16306 2 2 10 1 4243 8866 8837
16307 2 2 10 1 4902 8600 4904
16308 2 2 10 1 7424 8587 4741
16309 2 2 10 1 4867 8579 4116
16310 2 2 10 1 7425 8721 8627
16311 2 2 10 1 5632 8586 5630
16312 2 2 10 1 6114 8968 5116
16313 2 2 10 1 4909 8724 8091
16314 2 2 10 1 4656 8870 6148
16315 2 2 10 1 3760 8607 8531
16316 2 2 10 1 5085 8980 5083
16317 2 2 10 1 4628 8588 4632
16318 2 2 10 1 5505 8589 5111
16319 2 2 10 1 3036 8641 8393
16320 2 2 10 1 4168 8590 3443
16321 2 2 10 1 1391 8970 2746
16322 2 2 10 1 5318 8983 6330
16323 2 2 10 1 5631 8604 5633
16324 2 2 10 1 2651 8946 2676
16325 2 2 10 1 1992 8569 7817
16326 2 2 10 1 244 8918 243
16327 2 2 10 1 498 9697 7399
16328 2 2 10 1 3616 8596 8488
16329 2 2 10 1 4783 8541 8210
16330 2 2 10 1 5719 8595 4720
16331 2 2 10 1 389 9174 5966
16332 2 2 10 1 8404 8680 4699
16333 2 2 10 1 2363 8612 2362
16334 2 2 10 1 8577 8817 6302
16335 2 2 10 1 6824 8814 8765
16336 2 2 10 1 6160 9102 5361
16337 2 2 10 1 7202 8913 5334
16338 2 2 10 1 8880 8958 6734
16339 2 2 10 1 513 8868 7575
16340 2 2 10 1 5452 9302 6456
16341 2 2 10 1 6229 8761 8433
16342 2 2 10 1 8238 8609 1776
16343 2 2 10 1 8624 8712 4946
16344 2 2 10 1 1504 8533 8497
16345 2 2 10 1 5414 8851 4832
16346 2 2 10 1 7014 9617 2742
16347 2 2 10 1 6299 8582 6287
16348 2 2 10 1 7567 8876 7568
16349 2 2 10 1 7928 8575 4095
16350 2 2 10 1 5213 8720 5215
16351 2 2 10 1 6195 9087 2397
16352 2 2 10 1 3093 8616 2547
16353 2 2 10 1 6717 8878 6886
16354 2 2 10 1 8407 8745 7214
16355 2 2 10 1 5499 8603 4942
16356 2 2 10 1 5859 8594 4944
16357 2 2 10 1 5428 8584 4319
16358 2 2 10 1 5434 9349 5679
16359 2 2 10 1 5615 9388 7904
16360 2 2 10 1 1929 8618 1147
16361 2 2 10 1 5608 9055 7301
16362 2 2 10 1 8083 9258 6156
16363 2 2 10 1 5534 9596 9472
16364 2 2 10 1 5824 9656 7125
16365 2 2 10 1 144 8919 436
16366 2 2 10 1 2912 8608 2910
16367 2 2 10 1 7728 8591 4176
16368 2 2 10 1 7328 8998 4112
16369 2 2 10 1 2837 8975 7381
16370 2 2 10 1 2910 8608 8557
16371 2 2 10 1 8121 9369 3650
16372 2 2 10 1 8206 8534 4887
16373 2 2 10 1 6462 8625 4883
16374 2 2 10 1 7938 8747 5018
16375 2 2 10 1 1423 8920 7801
16376 2 2 10 1 4810 8749 7949
16377 2 2 10 1 2615 8881 3336
16378 2 2 10 1 8990 9095 6890
16379 2 2 10 1 3330 8881 2613
16380 2 2 10 1 8436 9134 4286
16381 2 2 10 1 8712 8782 7674
16382 2 2 10 1 7118 8728 2490
16383 2 2 10 1 4791 8686 8315
16384 2 2 10 1 8771 8790 5227
16385 2 2 10 1 8678 8751 5161
16386 2 2 10 1 7357 8882 7358
16387 2 2 10 1 5875 8610 4850
16388 2 2 10 1 8484 8601 7835
16389 2 2 10 1 4266 8615 4824
16390 2 2 10 1 5628 8614 5626
16391 2 2 10 1 7179 9011 5073
16392 2 2 10 1 40 8930 447
16393 2 2 10 1 526 8930 41
16394 2 2 10 1 4989 8910 4990
16395 2 2 10 1 6055 9194 5417
16396 2 2 10 1 1460 9572 7014
16397 2 2 10 1 5428 9210 8482
16398 2 2 10 1 8652 8694 5369
16399 2 2 10 1 4947 9116 8784
16400 2 2 10 1 170 8933 466
16401 2 2 10 1 5804 9687 9632
16402 2 2 10 1 3726 8922 7677
16403 2 2 10 1 7632 9003 3969
16404 2 2 10 1 338 8620 500
16405 2 2 10 1 8577 8654 1152
16406 2 2 10 1 7125 9338 5609
16407 2 2 10 1 6830 9042 5127
16408 2 2 10 1 4957 9157 8835
16409 2 2 10 1 7878 8585 3011
16410 2 2 10 1 6372 8816 6149
16411 2 2 10 1 5669 9605 6373
16412 2 2 10 1 4824 8615 8573
16413 2 2 10 1 6073 8611 7908
16414 2 2 10 1 8500 8599 7830
16415 2 2 10 1 4951 8899 4416
16416 2 2 10 1 7633 8627 8542
16417 2 2 10 1 6117 9652 445
16418 2 2 10 1 8503 8569 1992
16419 2 2 10 1 7830 8599 943
16420 2 2 10 1 5264 9057 6638
16421 2 2 10 1 8448 8502 4984
16422 2 2 10 1 5221 8723 5223
16423 2 2 10 1 7835 8601 1477
16424 2 2 10 1 3390 8617 2957
16425 2 2 10 1 8591 8634 4176
16426 2 2 10 1 8640 9520 6957
16427 2 2 10 1 7838 8602 2963
16428 2 2 10 1 3905 8693 4912
16429 2 2 10 1 7882 9043 5146
16430 2 2 10 1 5424 9363 9322
16431 2 2 10 1 8666 8915 5320
16432 2 2 10 1 6559 8630 6558
16433 2 2 10 1 1498 9002 3538
16434 2 2 10 1 9267 9610 6366
16435 2 2 10 1 8607 8675 7437
16436 2 2 10 1 6996 9354 5610
16437 2 2 10 1 4003 8607 3760
16438 2 2 10 1 3817 8628 6662
16439 2 2 10 1 4927 8652 5369
16440 2 2 10 1 1051 8626 1047
16441 2 2 10 1 6725 9619 8948
16442 2 2 10 1 5097 8896 5840
16443 2 2 10 1 7983 8942 4916
16444 2 2 10 1 8719 8859 4226
16445 2 2 10 1 7352 8661 5974
16446 2 2 10 1 7366 9664 6140
16447 2 2 10 1 1418 8982 1417
16448 2 2 10 1 6335 9090 5930
16449 2 2 10 1 2743 9382 8284
16450 2 2 10 1 3224 8631 3310
16451 2 2 10 1 500 9583 7557
16452 2 2 10 1 410 8943 172
16453 2 2 10 1 8436 9186 5555
16454 2 2 10 1 6408 8664 7057
16455 2 2 10 1 6201 9217 6199
16456 2 2 10 1 5022 8525 8291
16457 2 2 10 1 4774 8619 4948
16458 2 2 10 1 8507 8671 4157
16459 2 2 10 1 5029 8640 6957
16460 2 2 10 1 4835 9009 6378
16461 2 2 10 1 6316 9098 3818
16462 2 2 10 1 4947 8784 8089
16463 2 2 10 1 4674 8621 5919
16464 2 2 10 1 5609 9320 5870
16465 2 2 10 1 7726 8955 663
16466 2 2 10 1 5723 9422 5721
16467 2 2 10 1 6866 9348 1775
16468 2 2 10 1 7634 8627 7633
16469 2 2 10 1 6885 8787 6389
16470 2 2 10 1 5952 9054 1054
16471 2 2 10 1 7669 8624 4742
16472 2 2 10 1 5212 8765 8739
16473 2 2 10 1 8585 8637 3011
16474 2 2 10 1 4227 8719 4226
16475 2 2 10 1 6341 9230 6343
16476 2 2 10 1 5091 9032 5285
16477 2 2 10 1 9384 9471 6380
16478 2 2 10 1 2988 8908 1964
16479 2 2 10 1 5334 8913 3317
16480 2 2 10 1 5492 9010 6191
16481 2 2 10 1 5215 8688 5217
16482 2 2 10 1 811 8909 8851
16483 2 2 10 1 8304 8678 7158
16484 2 2 10 1 9186 9247 5555
16485 2 2 10 1 3458 8927 3460
16486 2 2 10 1 8520 8759 5379
16487 2 2 10 1 2617 8632 2619
16488 2 2 10 1 105 8962 104
16489 2 2 10 1 8552 9681 5108
16490 2 2 10 1 5525 8864 6260
16491 2 2 10 1 7010 9537 1460
16492 2 2 10 1 6505 8936 8477
16493 2 2 10 1 6586 8917 8704
16494 2 2 10 1 2368 8633 2370
16495 2 2 10 1 5788 9732 6609
16496 2 2 10 1 6239 9194 6272
16497 2 2 10 1 5751 9309 3345
16498 2 2 10 1 568 9016 2574
16499 2 2 10 1 1962 8908 2483
16500 2 2 10 1 6366 9536 783
16501 2 2 10 1 6492 8669 6489
16502 2 2 10 1 7119 9066 7120
16503 2 2 10 1 5342 8659 8609
16504 2 2 10 1 6490 9080 6495
16505 2 2 10 1 5421 8846 8813
16506 2 2 10 1 8080 8623 8476
16507 2 2 10 1 490 8960 163
16508 2 2 10 1 162 8960 434
16509 2 2 10 1 2375 8725 8545
16510 2 2 10 1 1152 8654 1150
16511 2 2 10 1 5317 8642 4296
16512 2 2 10 1 7013 9043 7882
16513 2 2 10 1 395 8645 253
16514 2 2 10 1 6418 9138 5197
16515 2 2 10 1 173 8963 410
16516 2 2 10 1 9355 9403 1372
16517 2 2 10 1 2744 9491 7010
16518 2 2 10 1 1915 9044 1817
16519 2 2 10 1 6504 9071 6506
16520 2 2 10 1 5379 8636 5092
16521 2 2 10 1 1694 8639 1692
16522 2 2 10 1 8393 8641 5374
16523 2 2 10 1 5150 8623 8080
16524 2 2 10 1 4658 8735 7456
16525 2 2 10 1 8556 9669 5763
16526 2 2 10 1 6236 9034 4489
16527 2 2 10 1 5219 8685 5221
16528 2 2 10 1 406 9200 6257
16529 2 2 10 1 7674 8782 4988
16530 2 2 10 1 5129 9042 5826
16531 2 2 10 1 7771 8925 6069
16532 2 2 10 1 7210 9723 2366
16533 2 2 10 1 661 8955 676
16534 2 2 10 1 7005 9041 7004
16535 2 2 10 1 6901 8690 2022
16536 2 2 10 1 6167 9312 6169
16537 2 2 10 1 7550 9691 9093
16538 2 2 10 1 1545 8656 1548
16539 2 2 10 1 5265 9130 6839
16540 2 2 10 1 4969 8755 8684
16541 2 2 10 1 7196 9055 7197
16542 2 2 10 1 2797 8939 3644
16543 2 2 10 1 7585 8643 7584
16544 2 2 10 1 6140 9699 7366
16545 2 2 10 1 8602 8662 2963
16546 2 2 10 1 2621 8646 2623
16547 2 2 10 1 5104 8722 6391
16548 2 2 10 1 5295 8606 8272
16549 2 2 10 1 6618 9061 3539
16550 2 2 10 1 8560 8680 4913
16551 2 2 10 1 2970 8674 8197
16552 2 2 10 1 5932 8925 5440
16553 2 2 10 1 8209 8750 2692
16554 2 2 10 1 8293 8902 522
16555 2 2 10 1 1887 8935 2279
16556 2 2 10 1 42 8977 526
16557 2 2 10 1 393 8977 43
16558 2 2 10 1 5093 8651 8303
16559 2 2 10 1 461 8979 175
16560 2 2 10 1 6759 9424 1915
16561 2 2 10 1 6353 8663 6354
16562 2 2 10 1 5145 9015 6236
16563 2 2 10 1 5697 8950 5699
16564 2 2 10 1 1427 8984 7364
16565 2 2 10 1 1428 8816 6372
16566 2 2 10 1 3410 8644 3816
16567 2 2 10 1 7434 8892 7992
16568 2 2 10 1 1372 9403 7017
16569 2 2 10 1 480 8871 8112
16570 2 2 10 1 606 8653 604
16571 2 2 10 1 7389 9047 7390
16572 2 2 10 1 5213 8739 8720
16573 2 2 10 1 5032 8858 8767
16574 2 2 10 1 6006 8671 8507
16575 2 2 10 1 5586 9450 8850
16576 2 2 10 1 4998 8880 7914
16577 2 2 10 1 3720 8898 7473
16578 2 2 10 1 4957 8835 7952
16579 2 2 10 1 8327 9018 4986
16580 2 2 10 1 7390 9060 7387
16581 2 2 10 1 2995 8935 1885
16582 2 2 10 1 1054 9054 730
16583 2 2 10 1 8521 8560 5375
16584 2 2 10 1 6164 9564 398
16585 2 2 10 1 6566 9484 6565
16586 2 2 10 1 2827 8676 6607
16587 2 2 10 1 8601 8683 1477
16588 2 2 10 1 6272 9204 527
16589 2 2 10 1 6407 8664 6408
16590 2 2 10 1 6019 9197 6876
16591 2 2 10 1 5527 9342 5434
16592 2 2 10 1 545 8988 167
16593 2 2 10 1 166 8988 404
16594 2 2 10 1 164 8989 490
16595 2 2 10 1 404 8989 165
16596 2 2 10 1 549 8987 99
16597 2 2 10 1 98 8987 523
16598 2 2 10 1 4615 8993 6128
16599 2 2 10 1 4739 8694 8652
16600 2 2 10 1 6842 8681 6841
16601 2 2 10 1 6128 8993 6162
16602 2 2 10 1 9010 9670 6191
16603 2 2 10 1 5003 8897 8874
16604 2 2 10 1 2371 8703 8677
16605 2 2 10 1 2623 8658 2625
16606 2 2 10 1 7232 9616 7751
16607 2 2 10 1 811 8851 8454
16608 2 2 10 1 7563 8660 443
16609 2 2 10 1 5102 9098 5672
16610 2 2 10 1 6192 8969 6190
16611 2 2 10 1 215 8994 422
16612 2 2 10 1 7594 8994 216
16613 2 2 10 1 7017 9455 2744
16614 2 2 10 1 457 8996 95
16615 2 2 10 1 94 8996 498
16616 2 2 10 1 6111 9031 6961
16617 2 2 10 1 5826 9070 5164
16618 2 2 10 1 671 9063 673
16619 2 2 10 1 8675 8838 6537
16620 2 2 10 1 5166 9070 5597
16621 2 2 10 1 5294 8921 6428
16622 2 2 10 1 8380 9703 1297
16623 2 2 10 1 8619 8655 4948
16624 2 2 10 1 8603 8699 4942
16625 2 2 10 1 5930 9240 5408
16626 2 2 10 1 4177 8659 5342
16627 2 2 10 1 7211 9715 7210
16628 2 2 10 1 5217 8660 5219
16629 2 2 10 1 8491 8603 5499
16630 2 2 10 1 2835 9294 6884
16631 2 2 10 1 5045 9593 9545
16632 2 2 10 1 659 8657 657
16633 2 2 10 1 4801 8855 8006
16634 2 2 10 1 5609 9338 9320
16635 2 2 10 1 2027 8952 1968
16636 2 2 10 1 7197 9088 5278
16637 2 2 10 1 5342 8609 8238
16638 2 2 10 1 6582 9645 9534
16639 2 2 10 1 120 9549 8692
16640 2 2 10 1 5831 9272 6201
16641 2 2 10 1 4793 8678 8304
16642 2 2 10 1 2490 8803 7282
16643 2 2 10 1 4948 8655 4950
16644 2 2 10 1 6173 9612 8920
16645 2 2 10 1 8700 9593 5674
16646 2 2 10 1 3011 8637 8093
16647 2 2 10 1 4223 8965 5002
16648 2 2 10 1 2365 8666 2368
16649 2 2 10 1 6184 9673 773
16650 2 2 10 1 4176 8634 7869
16651 2 2 10 1 6155 9197 6157
16652 2 2 10 1 4151 8667 4153
16653 2 2 10 1 5496 8672 5441
16654 2 2 10 1 3257 9046 8730
16655 2 2 10 1 6641 9159 6640
16656 2 2 10 1 5146 9009 3482
16657 2 2 10 1 5672 9511 5950
16658 2 2 10 1 2371 8677 2369
16659 2 2 10 1 7802 8649 3697
16660 2 2 10 1 5406 9052 5407
16661 2 2 10 1 734 9054 2801
16662 2 2 10 1 6724 9189 6726
16663 2 2 10 1 9275 9340 6676
16664 2 2 10 1 5634 8679 5639
16665 2 2 10 1 2712 9089 6609
16666 2 2 10 1 9617 9647 2742
16667 2 2 10 1 5144 9081 6937
16668 2 2 10 1 1966 8952 2988
16669 2 2 10 1 397 9607 7610
16670 2 2 10 1 552 8936 6505
16671 2 2 10 1 5560 9012 4314
16672 2 2 10 1 6407 9495 8664
16673 2 2 10 1 8617 9080 7831
16674 2 2 10 1 4988 8849 5043
16675 2 2 10 1 6884 8698 4888
16676 2 2 10 1 4804 8638 8063
16677 2 2 10 1 2368 8666 8633
16678 2 2 10 1 5321 8734 6538
16679 2 2 10 1 5391 8673 4936
16680 2 2 10 1 8646 8658 2623
16681 2 2 10 1 5346 9424 9380
16682 2 2 10 1 6085 8870 7977
16683 2 2 10 1 2079 9073 572
16684 2 2 10 1 1261 9020 1141
16685 2 2 10 1 428 9014 279
16686 2 2 10 1 6628 9211 2119
16687 2 2 10 1 5390 9490 8330
16688 2 2 10 1 3816 8833 8797
16689 2 2 10 1 3013 9498 6917
16690 2 2 10 1 8205 8641 3036
16691 2 2 10 1 5046 9083 6814
16692 2 2 10 1 2374 9296 7211
16693 2 2 10 1 2226 8668 1532
16694 2 2 10 1 1664 9045 1662
16695 2 2 10 1 360 9024 359
16696 2 2 10 1 664 9022 1008
16697 2 2 10 1 8289 8674 2970
16698 2 2 10 1 2051 9005 7892
16699 2 2 10 1 8169 8871 480
16700 2 2 10 1 1825 9038 1767
16701 2 2 10 1 9096 9113 6420
16702 2 2 10 1 6856 9351 6851
16703 2 2 10 1 6025 9106 546
16704 2 2 10 1 7402 8702 2550
16705 2 2 10 1 413 9019 220
16706 2 2 10 1 219 9019 7595
16707 2 2 10 1 8642 8693 5448
16708 2 2 10 1 4969 8797 8755
16709 2 2 10 1 5461 8859 8719
16710 2 2 10 1 8073 8648 7369
16711 2 2 10 1 8289 8813 8674
16712 2 2 10 1 5423 9322 9268
16713 2 2 10 1 7541 8981 7540
16714 2 2 10 1 6697 9139 5759
16715 2 2 10 1 4986 8916 7972
16716 2 2 10 1 2936 8984 1430
16717 2 2 10 1 5890 8682 5798
16718 2 2 10 1 2963 8662 7837
16719 2 2 10 1 8703 9590 5740
16720 2 2 10 1 7437 8675 4554
16721 2 2 10 1 7419 8684 1492
16722 2 2 10 1 492 8685 7563
16723 2 2 10 1 7909 8984 2936
16724 2 2 10 1 5387 9129 6026
16725 2 2 10 1 270 9031 269
16726 2 2 10 1 6378 9043 4258
16727 2 2 10 1 445 9653 6117
16728 2 2 10 1 7931 8877 7875
16729 2 2 10 1 3155 9111 3360
16730 2 2 10 1 6080 9022 2941
16731 2 2 10 1 1942 8991 1809
16732 2 2 10 1 7355 8696 7356
16733 2 2 10 1 5746 9721 7734
16734 2 2 10 1 443 8688 7591
16735 2 2 10 1 3780 8694 4739
16736 2 2 10 1 1480 8700 1470
16737 2 2 10 1 119 8692 421
16738 2 2 10 1 8344 8879 7876
16739 2 2 10 1 8639 8691 1692
16740 2 2 10 1 7184 9184 5284
16741 2 2 10 1 8728 8803 2490
16742 2 2 10 1 5215 8720 8688
16743 2 2 10 1 8312 9683 1908
16744 2 2 10 1 7601 9277 6953
16745 2 2 10 1 2373 8703 2371
16746 2 2 10 1 7957 8884 3323
16747 2 2 10 1 6507 9071 6510
16748 2 2 10 1 7165 8701 6648
16749 2 2 10 1 6420 9113 2872
16750 2 2 10 1 7563 8685 8660
16751 2 2 10 1 5607 9253 9235
16752 2 2 10 1 8614 9209 5637
16753 2 2 10 1 176 9030 461
16754 2 2 10 1 1692 8691 1690
16755 2 2 10 1 8660 8688 443
16756 2 2 10 1 8515 8648 8073
16757 2 2 10 1 7076 8709 7077
16758 2 2 10 1 5987 9183 5985
16759 2 2 10 1 1296 9244 8434
16760 2 2 10 1 6664 9112 521
16761 2 2 10 1 278 9014 8076
16762 2 2 10 1 5949 9535 4356
16763 2 2 10 1 1654 9017 1653
16764 2 2 10 1 6354 9096 6420
16765 2 2 10 1 5279 9088 5996
16766 2 2 10 1 2941 9022 662
16767 2 2 10 1 9537 9572 1460
16768 2 2 10 1 8942 9640 6682
16769 2 2 10 1 4942 8699 4940
16770 2 2 10 1 230 9033 548
16771 2 2 10 1 446 9033 231
16772 2 2 10 1 5429 8771 5225
16773 2 2 10 1 673 9063 7853
16774 2 2 10 1 8034 8865 2405
16775 2 2 10 1 5197 9122 3272
16776 2 2 10 1 6836 9265 6837
16777 2 2 10 1 5320 8915 4921
16778 2 2 10 1 4739 8652 8142
16779 2 2 10 1 2843 8708 3423
16780 2 2 10 1 6145 9049 4035
16781 2 2 10 1 6675 9347 5527
16782 2 2 10 1 4920 8809 8572
16783 2 2 10 1 6118 9711 5567
16784 2 2 10 1 5829 8941 5028
16785 2 2 10 1 7669 8712 8624
16786 2 2 10 1 7456 8735 8634
16787 2 2 10 1 5947 8995 5076
16788 2 2 10 1 417 9037 178
16789 2 2 10 1 8102 8710 5676
16790 2 2 10 1 9342 9349 5434
16791 2 2 10 1 9572 9617 7014
16792 2 2 10 1 6410 9102 6411
16793 2 2 10 1 6696 9173 6697
16794 2 2 10 1 468 9335 9326
16795 2 2 10 1 4771 9687 5804
16796 2 2 10 1 5362 8689 5363
16797 2 2 10 1 7126 8603 8491
16798 2 2 10 1 5775 9706 6444
16799 2 2 10 1 484 9076 7068
16800 2 2 10 1 2020 8695 2017
16801 2 2 10 1 5642 9214 8556
16802 2 2 10 1 1184 8704 1182
16803 2 2 10 1 66 9040 433
16804 2 2 10 1 488 9040 67
16805 2 2 10 1 8454 8851 5414
16806 2 2 10 1 6056 8705 4527
16807 2 2 10 1 6725 8948 6723
16808 2 2 10 1 4035 9049 4033
16809 2 2 10 1 6951 9350 2728
16810 2 2 10 1 5319 8661 8165
16811 2 2 10 1 6953 9597 7601
16812 2 2 10 1 1477 8683 7839
16813 2 2 10 1 7602 9187 5726
16814 2 2 10 1 6692 9105 8528
16815 2 2 10 1 8724 9720 3849
16816 2 2 10 1 5389 9131 5198
16817 2 2 10 1 5359 8752 5899
16818 2 2 10 1 601 8999 603
16819 2 2 10 1 8550 9262 7682
16820 2 2 10 1 1979 8729 1982
16821 2 2 10 1 6531 8879 8344
16822 2 2 10 1 7552 9013 390
16823 2 2 10 1 8685 8723 5221
16824 2 2 10 1 3272 9100 4088
16825 2 2 10 1 6907 8842 5566
16826 2 2 10 1 8587 8673 5391
16827 2 2 10 1 9715 9723 7210
16828 2 2 10 1 5655 9488 8308
16829 2 2 10 1 5607 9235 5349
16830 2 2 10 1 5645 9271 8037
16831 2 2 10 1 2939 9029 1580
16832 2 2 10 1 6838 9265 6836
16833 2 2 10 1 5047 9101 7541
16834 2 2 10 1 5202 8997 6151
16835 2 2 10 1 8849 8894 5043
16836 2 2 10 1 4177 8718 8659
16837 2 2 10 1 5733 9604 8618
16838 2 2 10 1 8574 9526 4836
16839 2 2 10 1 2360 8713 7427
16840 2 2 10 1 3959 8906 8888
16841 2 2 10 1 5507 9179 7625
16842 2 2 10 1 553 8716 294
16843 2 2 10 1 7534 8717 102
16844 2 2 10 1 422 8722 7593
16845 2 2 10 1 7591 8720 515
16846 2 2 10 1 7924 8863 7923
16847 2 2 10 1 5311 9152 5491
16848 2 2 10 1 4228 8954 7652
16849 2 2 10 1 5404 8721 5402
16850 2 2 10 1 6665 9444 6572
16851 2 2 10 1 3811 9026 7651
16852 2 2 10 1 6571 8732 1718
16853 2 2 10 1 5461 8719 8622
16854 2 2 10 1 5017 8714 5546
16855 2 2 10 1 1934 8738 860
16856 2 2 10 1 398 9568 6164
16857 2 2 10 1 1521 8712 7669
16858 2 2 10 1 1736 9390 6456
16859 2 2 10 1 4294 9343 5497
16860 2 2 10 1 339 9618 8620
16861 2 2 10 1 8076 9014 6382
16862 2 2 10 1 1586 9029 2039
16863 2 2 10 1 8667 9296 5036
16864 2 2 10 1 4145 9499 7402
16865 2 2 10 1 8688 8720 7591
16866 2 2 10 1 8934 8990 1049
16867 2 2 10 1 485 9062 180
16868 2 2 10 1 179 9062 417
16869 2 2 10 1 8303 8651 3724
16870 2 2 10 1 4499 9132 3803
16871 2 2 10 1 3435 8686 8071
16872 2 2 10 1 8622 8719 5172
16873 2 2 10 1 2765 9163 5514
16874 2 2 10 1 8782 8849 4988
16875 2 2 10 1 7682 8697 7683
16876 2 2 10 1 6702 9402 8399
16877 2 2 10 1 492 8723 8685
16878 2 2 10 1 7472 8728 5354
16879 2 2 10 1 8284 9382 5526
16880 2 2 10 1 1604 9156 3784
16881 2 2 10 1 8809 8874 4997
16882 2 2 10 1 9 9076 8
16883 2 2 10 1 8641 8760 5374
16884 2 2 10 1 5217 8688 8660
16885 2 2 10 1 2810 8973 8951
16886 2 2 10 1 8539 9051 5316
16887 2 2 10 1 2816 8752 8696
16888 2 2 10 1 4744 9008 7825
16889 2 2 10 1 4928 8711 7754
16890 2 2 10 1 5985 9183 4930
16891 2 2 10 1 6027 9173 5401
16892 2 2 10 1 5810 9075 6158
16893 2 2 10 1 5569 9546 8525
16894 2 2 10 1 2358 8730 2360
16895 2 2 10 1 1094 9386 6955
16896 2 2 10 1 9455 9491 2744
16897 2 2 10 1 3591 9151 3593
16898 2 2 10 1 5517 8726 5119
16899 2 2 10 1 9380 9424 6758
16900 2 2 10 1 7642 9026 7646
16901 2 2 10 1 8596 8711 4928
16902 2 2 10 1 5405 9025 6021
16903 2 2 10 1 4800 9035 5466
16904 2 2 10 1 479 9072 202
16905 2 2 10 1 2865 9147 7368
16906 2 2 10 1 6890 9134 6785
16907 2 2 10 1 4885 8727 5694
16908 2 2 10 1 8660 8685 5219
16909 2 2 10 1 7877 8706 2661
16910 2 2 10 1 5447 9470 5825
16911 2 2 10 1 5349 9202 6418
16912 2 2 10 1 4231 8737 7342
16913 2 2 10 1 4274 9064 4275
16914 2 2 10 1 312 9085 311
16915 2 2 10 1 8165 8661 7352
16916 2 2 10 1 7884 9009 4835
16917 2 2 10 1 6566 9534 9484
16918 2 2 10 1 8252 9509 974
16919 2 2 10 1 4143 8731 4909
16920 2 2 10 1 4921 8938 4922
16921 2 2 10 1 2381 8725 2372
16922 2 2 10 1 6193 9091 8645
16923 2 2 10 1 5543 9705 6629
16924 2 2 10 1 7396 9097 7395
16925 2 2 10 1 8091 8724 3278
16926 2 2 10 1 9491 9537 7010
16927 2 2 10 1 4971 8733 4939
16928 2 2 10 1 181 9082 485
16929 2 2 10 1 5764 9703 8380
16930 2 2 10 1 7375 9236 7374
16931 2 2 10 1 8061 8715 5202
16932 2 2 10 1 8889 9292 6343
16933 2 2 10 1 874 9065 1056
16934 2 2 10 1 8197 8674 7445
16935 2 2 10 1 515 8739 7590
16936 2 2 10 1 4915 9720 5750
16937 2 2 10 1 3359 9148 3860
16938 2 2 10 1 2360 8730 8713
16939 2 2 10 1 4771 9727 9687
16940 2 2 10 1 8673 8757 4936
16941 2 2 10 1 251 9091 496
16942 2 2 10 1 7986 8718 4177
16943 2 2 10 1 403 9182 6344
16944 2 2 10 1 5442 8736 5149
16945 2 2 10 1 6388 8972 8435
16946 2 2 10 1 8676 8820 4959
16947 2 2 10 1 5527 9347 9342
16948 2 2 10 1 4862 9197 6155
16949 2 2 10 1 7065 9481 476
16950 2 2 10 1 5515 9056 8972
16951 2 2 10 1 5043 8894 5455
16952 2 2 10 1 4406 9145 4404
16953 2 2 10 1 7888 9039 5474
16954 2 2 10 1 7775 8852 7774
16955 2 2 10 1 8240 8707 3330
16956 2 2 10 1 8720 8739 515
16957 2 2 10 1 4983 8917 6586
16958 2 2 10 1 5748 9683 8312
16959 2 2 10 1 7873 9004 8492
16960 2 2 10 1 9247 9319 5556
16961 2 2 10 1 5502 8932 8882
16962 2 2 10 1 3057 9051 3058
16963 2 2 10 1 5360 9190 6160
16964 2 2 10 1 5070 8956 8331
16965 2 2 10 1 3035 9065 876
16966 2 2 10 1 427 9104 183
16967 2 2 10 1 3909 8740 4810
16968 2 2 10 1 6260 8792 5239
16969 2 2 10 1 5149 8741 5150
16970 2 2 10 1 5504 9046 5505
16971 2 2 10 1 9403 9455 7017
16972 2 2 10 1 8566 8689 5362
16973 2 2 10 1 107 8748 477
16974 2 2 10 1 8627 8721 5404
16975 2 2 10 1 93 8756 92
16976 2 2 10 1 206 9106 453
16977 2 2 10 1 546 9106 207
16978 2 2 10 1 8915 8938 4921
16979 2 2 10 1 7087 9358 5645
16980 2 2 10 1 5707 9404 6892
16981 2 2 10 1 7141 9524 3847
16982 2 2 10 1 407 9107 227
16983 2 2 10 1 226 9107 547
16984 2 2 10 1 4725 8742 4311
16985 2 2 10 1 6867 9212 1642
16986 2 2 10 1 7431 9715 8667
16987 2 2 10 1 9196 9220 6671
16988 2 2 10 1 2823 8766 8699
16989 2 2 10 1 521 9112 50
16990 2 2 10 1 49 9112 438
16991 2 2 10 1 8706 8767 2661
16992 2 2 10 1 1521 8782 8712
16993 2 2 10 1 5067 9208 5993
16994 2 2 10 1 5475 9203 2517
16995 2 2 10 1 5385 9207 6257
16996 2 2 10 1 8524 8877 2996
16997 2 2 10 1 4278 9064 5350
16998 2 2 10 1 6606 8768 3595
16999 2 2 10 1 3739 8744 1546
17000 2 2 10 1 3000 8764 7785
17001 2 2 10 1 2692 8750 4918
17002 2 2 10 1 322 9126 321
17003 2 2 10 1 5409 8755 4683
17004 2 2 10 1 5150 8875 8623
17005 2 2 10 1 5545 9582 7288
17006 2 2 10 1 5753 8811 6468
17007 2 2 10 1 8634 8735 7869
17008 2 2 10 1 5197 9138 9122
17009 2 2 10 1 5494 9446 5665
17010 2 2 10 1 8545 8725 5327
17011 2 2 10 1 5161 8751 2968
17012 2 2 10 1 6325 9538 6326
17013 2 2 10 1 9084 9385 6279
17014 2 2 10 1 7535 9341 5762
17015 2 2 10 1 8084 9001 7925
17016 2 2 10 1 3818 9098 7697
17017 2 2 10 1 6656 9326 5105
17018 2 2 10 1 1737 9212 1858
17019 2 2 10 1 394 8762 157
17020 2 2 10 1 5274 9099 4136
17021 2 2 10 1 6493 9233 6491
17022 2 2 10 1 4370 8622 8504
17023 2 2 10 1 5784 8745 4795
17024 2 2 10 1 8736 8741 5149
17025 2 2 10 1 8589 9110 1850
17026 2 2 10 1 6166 9312 6167
17027 2 2 10 1 68 9127 488
17028 2 2 10 1 403 9127 69
17029 2 2 10 1 3941 9078 3466
17030 2 2 10 1 5577 9509 8252
17031 2 2 10 1 5415 9234 6055
17032 2 2 10 1 5975 9232 5134
17033 2 2 10 1 6766 9483 2557
17034 2 2 10 1 3347 9203 4092
17035 2 2 10 1 8662 8753 7837
17036 2 2 10 1 9046 9097 5505
17037 2 2 10 1 6547 8772 6545
17038 2 2 10 1 8721 8773 5402
17039 2 2 10 1 636 8766 2823
17040 2 2 10 1 4023 8770 3987
17041 2 2 10 1 5673 9425 8702
17042 2 2 10 1 5374 8760 4971
17043 2 2 10 1 3464 9078 4256
17044 2 2 10 1 1310 9214 1312
17045 2 2 10 1 6 8763 5
17046 2 2 10 1 4521 8776 4983
17047 2 2 10 1 3463 9118 5081
17048 2 2 10 1 5272 9449 6703
17049 2 2 10 1 4286 9095 4285
17050 2 2 10 1 6499 9585 501
17051 2 2 10 1 8308 9488 424
17052 2 2 10 1 6311 8966 3005
17053 2 2 10 1 7885 8754 3348
17054 2 2 10 1 366 9154 365
17055 2 2 10 1 4952 9293 5814
17056 2 2 10 1 7590 8765 392
17057 2 2 10 1 8739 8765 7590
17058 2 2 10 1 3348 8747 7938
17059 2 2 10 1 117 9155 116
17060 2 2 10 1 39 8779 38
17061 2 2 10 1 8188 9058 531
17062 2 2 10 1 7550 9093 494
17063 2 2 10 1 5436 9137 4083
17064 2 2 10 1 4646 9250 6115
17065 2 2 10 1 6736 9383 2538
17066 2 2 10 1 242 8777 495
17067 2 2 10 1 5463 9277 5726
17068 2 2 10 1 25 9158 24
17069 2 2 10 1 7949 8749 3358
17070 2 2 10 1 5010 8840 6474
17071 2 2 10 1 6662 8876 6663
17072 2 2 10 1 5146 9099 7882
17073 2 2 10 1 7837 8753 1857
17074 2 2 10 1 4936 8757 5012
17075 2 2 10 1 6324 9538 6325
17076 2 2 10 1 2922 8769 2920
17077 2 2 10 1 5081 9017 8052
17078 2 2 10 1 3910 9099 5146
17079 2 2 10 1 6418 9202 9138
17080 2 2 10 1 5881 9431 431
17081 2 2 10 1 575 9115 577
17082 2 2 10 1 6676 9340 6675
17083 2 2 10 1 7869 8735 5430
17084 2 2 10 1 1970 9084 2027
17085 2 2 10 1 6350 8973 2810
17086 2 2 10 1 5006 8904 5569
17087 2 2 10 1 8683 8758 7839
17088 2 2 10 1 4913 8680 8404
17089 2 2 10 1 4317 9114 5266
17090 2 2 10 1 4538 9709 6776
17091 2 2 10 1 2657 9160 8400
17092 2 2 10 1 5674 9593 5045
17093 2 2 10 1 5099 9108 4027
17094 2 2 10 1 2837 9000 8975
17095 2 2 10 1 4323 8798 6788
17096 2 2 10 1 3000 8848 8764
17097 2 2 10 1 7839 8758 2934
17098 2 2 10 1 6699 9551 5599
17099 2 2 10 1 8435 8972 5297
17100 2 2 10 1 136 9165 448
17101 2 2 10 1 535 9165 137
17102 2 2 10 1 5183 9727 4771
17103 2 2 10 1 8403 9706 5775
17104 2 2 10 1 5418 9659 5918
17105 2 2 10 1 5125 9077 7900
17106 2 2 10 1 5856 8775 4926
17107 2 2 10 1 6457 8707 8240
17108 2 2 10 1 5505 9110 8589
17109 2 2 10 1 7358 8932 2965
17110 2 2 10 1 6023 9142 211
17111 2 2 10 1 6631 9438 1535
17112 2 2 10 1 5402 8773 5403
17113 2 2 10 1 3468 9108 3941
17114 2 2 10 1 5889 8877 8524
17115 2 2 10 1 3348 8754 8747
17116 2 2 10 1 7472 8803 8728
17117 2 2 10 1 8572 8809 4997
17118 2 2 10 1 5568 9677 5991
17119 2 2 10 1 53 9174 389
17120 2 2 10 1 7562 9174 54
17121 2 2 10 1 7882 9150 852
17122 2 2 10 1 7603 9189 520
17123 2 2 10 1 5495 9311 5819
17124 2 2 10 1 7245 9256 3864
17125 2 2 10 1 6745 9227 8823
17126 2 2 10 1 408 9550 9422
17127 2 2 10 1 5420 9299 5717
17128 2 2 10 1 8583 9607 397
17129 2 2 10 1 7909 9059 8984
17130 2 2 10 1 5304 8964 8216
17131 2 2 10 1 1893 9128 2166
17132 2 2 10 1 4145 9525 9499
17133 2 2 10 1 4065 9181 4264
17134 2 2 10 1 4803 9120 4170
17135 2 2 10 1 1849 9161 1750
17136 2 2 10 1 2531 9180 2242
17137 2 2 10 1 637 8781 639
17138 2 2 10 1 2599 9125 8160
17139 2 2 10 1 4287 9301 6998
17140 2 2 10 1 8711 8780 7754
17141 2 2 10 1 2279 9124 1889
17142 2 2 10 1 2661 8767 8092
17143 2 2 10 1 7407 9183 3811
17144 2 2 10 1 3283 8802 3054
17145 2 2 10 1 7292 9489 2541
17146 2 2 10 1 2918 8783 2916
17147 2 2 10 1 868 9162 2937
17148 2 2 10 1 5940 9636 3479
17149 2 2 10 1 7576 8790 394
17150 2 2 10 1 2230 9140 1935
17151 2 2 10 1 3201 9352 3002
17152 2 2 10 1 5395 9069 6409
17153 2 2 10 1 79 8801 78
17154 2 2 10 1 4429 9324 7113
17155 2 2 10 1 7268 9239 5530
17156 2 2 10 1 5814 8786 4951
17157 2 2 10 1 7544 9182 71
17158 2 2 10 1 70 9182 403
17159 2 2 10 1 3272 9122 9100
17160 2 2 10 1 7187 9695 7188
17161 2 2 10 1 7672 8782 1521
17162 2 2 10 1 4762 9249 5554
17163 2 2 10 1 134 9185 538
17164 2 2 10 1 448 9185 135
17165 2 2 10 1 8792 8855 4801
17166 2 2 10 1 1250 9334 1766
17167 2 2 10 1 523 9188 97
17168 2 2 10 1 96 9188 457
17169 2 2 10 1 8892 9281 5654
17170 2 2 10 1 5133 9215 8161
17171 2 2 10 1 394 8790 8771
17172 2 2 10 1 7067 9481 7065
17173 2 2 10 1 1218 9346 3542
17174 2 2 10 1 1688 8791 1686
17175 2 2 10 1 8804 8821 4963
17176 2 2 10 1 7875 8774 4261
17177 2 2 10 1 6302 8805 5411
17178 2 2 10 1 4523 9119 7779
17179 2 2 10 1 8492 9004 5483
17180 2 2 10 1 5099 9451 9108
17181 2 2 10 1 6825 9058 8188
17182 2 2 10 1 7203 9582 2557
17183 2 2 10 1 7189 9570 1113
17184 2 2 10 1 9326 9335 6414
17185 2 2 10 1 5808 9053 7971
17186 2 2 10 1 51 9198 521
17187 2 2 10 1 389 9198 52
17188 2 2 10 1 2946 8797 4969
17189 2 2 10 1 9146 9148 5847
17190 2 2 10 1 538 9200 133
17191 2 2 10 1 132 9200 406
17192 2 2 10 1 5503 9493 5737
17193 2 2 10 1 527 9204 385
17194 2 2 10 1 384 9204 458
17195 2 2 10 1 1056 9162 872
17196 2 2 10 1 7677 8922 8679
17197 2 2 10 1 8948 9619 428
17198 2 2 10 1 3469 8804 4963
17199 2 2 10 1 8757 8808 5012
17200 2 2 10 1 5438 9365 7385
17201 2 2 10 1 4912 8693 8642
17202 2 2 10 1 3490 9176 3990
17203 2 2 10 1 7313 9699 7200
17204 2 2 10 1 6435 8857 5153
17205 2 2 10 1 8434 9244 5554
17206 2 2 10 1 5078 8788 4805
17207 2 2 10 1 9324 9373 5676
17208 2 2 10 1 5665 9446 8265
17209 2 2 10 1 5549 9374 5444
17210 2 2 10 1 1848 8793 1881
17211 2 2 10 1 6587 9551 6588
17212 2 2 10 1 8853 9266 7001
17213 2 2 10 1 775 9167 773
17214 2 2 10 1 2916 8799 2914
17215 2 2 10 1 8784 9116 7004
17216 2 2 10 1 4867 9454 8579
17217 2 2 10 1 7754 8780 5935
17218 2 2 10 1 3459 8807 4174
17219 2 2 10 1 2075 8810 2276
17220 2 2 10 1 5600 9585 6499
17221 2 2 10 1 6698 9556 6699
17222 2 2 10 1 2430 9323 2191
17223 2 2 10 1 8753 8827 1857
17224 2 2 10 1 8089 8784 4224
17225 2 2 10 1 921 9141 631
17226 2 2 10 1 1958 8795 1955
17227 2 2 10 1 1563 8816 1428
17228 2 2 10 1 6302 8817 8805
17229 2 2 10 1 5953 8850 5952
17230 2 2 10 1 8765 8814 392
17231 2 2 10 1 5484 9346 3874
17232 2 2 10 1 6850 9351 5839
17233 2 2 10 1 9293 9321 5814
17234 2 2 10 1 2980 9479 5986
17235 2 2 10 1 5421 8888 8846
17236 2 2 10 1 7185 9280 3977
17237 2 2 10 1 6544 9372 6548
17238 2 2 10 1 8758 8825 2934
17239 2 2 10 1 8604 8865 5633
17240 2 2 10 1 5679 9686 5858
17241 2 2 10 1 3167 8800 2344
17242 2 2 10 1 138 9218 535
17243 2 2 10 1 396 9218 139
17244 2 2 10 1 5037 9355 8615
17245 2 2 10 1 1771 9195 1808
17246 2 2 10 1 8747 9709 5018
17247 2 2 10 1 800 9681 7026
17248 2 2 10 1 3286 9384 6380
17249 2 2 10 1 7625 9179 7624
17250 2 2 10 1 4329 9176 3489
17251 2 2 10 1 5113 9409 4426
17252 2 2 10 1 7399 9697 5730
17253 2 2 10 1 8783 8799 2916
17254 2 2 10 1 6911 9724 5314
17255 2 2 10 1 7956 8785 2975
17256 2 2 10 1 2739 9725 722
17257 2 2 10 1 5437 9314 6166
17258 2 2 10 1 9006 9021 5139
17259 2 2 10 1 2024 8806 2021
17260 2 2 10 1 633 9192 635
17261 2 2 10 1 511 8812 7576
17262 2 2 10 1 1265 8789 7956
17263 2 2 10 1 7329 9303 5013
17264 2 2 10 1 458 9228 383
17265 2 2 10 1 382 9228 504
17266 2 2 10 1 3306 8743 8344
17267 2 2 10 1 6492 9195 9140
17268 2 2 10 1 392 8814 7589
17269 2 2 10 1 367 9246 366
17270 2 2 10 1 4421 9526 5794
17271 2 2 10 1 5572 8830 4962
17272 2 2 10 1 6157 9718 9557
17273 2 2 10 1 7576 8812 8790
17274 2 2 10 1 9396 9452 5694
17275 2 2 10 1 204 9248 203
17276 2 2 10 1 5781 9457 5780
17277 2 2 10 1 8658 9484 3335
17278 2 2 10 1 8169 8974 8871
17279 2 2 10 1 7596 8811 413
17280 2 2 10 1 6156 9302 5451
17281 2 2 10 1 4963 8821 5098
17282 2 2 10 1 2405 8865 8604
17283 2 2 10 1 7605 8976 395
17284 2 2 10 1 4334 9368 5503
17285 2 2 10 1 9493 9505 5737
17286 2 2 10 1 7663 8859 5461
17287 2 2 10 1 4990 8803 7472
17288 2 2 10 1 7365 9627 7366
17289 2 2 10 1 5485 9518 6764
17290 2 2 10 1 8835 9157 6814
17291 2 2 10 1 2397 9087 7846
17292 2 2 10 1 7581 9566 5489
17293 2 2 10 1 5886 9502 5884
17294 2 2 10 1 7402 9499 9432
17295 2 2 10 1 5685 9652 6117
17296 2 2 10 1 5032 8898 8858
17297 2 2 10 1 6791 9476 7670
17298 2 2 10 1 9340 9347 6675
17299 2 2 10 1 6588 9561 5705
17300 2 2 10 1 5275 9474 5277
17301 2 2 10 1 6854 9315 6855
17302 2 2 10 1 3888 8823 3886
17303 2 2 10 1 8684 8755 5409
17304 2 2 10 1 5557 9560 6111
17305 2 2 10 1 7746 8809 4754
17306 2 2 10 1 3002 9529 2882
17307 2 2 10 1 6164 9556 5587
17308 2 2 10 1 2428 9222 2245
17309 2 2 10 1 1160 8817 1158
17310 2 2 10 1 2630 9702 2628
17311 2 2 10 1 3823 9105 7929
17312 2 2 10 1 6847 9680 6716
17313 2 2 10 1 8781 8831 639
17314 2 2 10 1 5426 9469 8408
17315 2 2 10 1 5493 9508 7243
17316 2 2 10 1 3005 8966 8259
17317 2 2 10 1 5986 9679 5987
17318 2 2 10 1 5260 9454 4330
17319 2 2 10 1 7940 9201 3921
17320 2 2 10 1 8760 8860 4971
17321 2 2 10 1 3689 9186 4286
17322 2 2 10 1 1618 9244 1298
17323 2 2 10 1 7373 9336 7375
17324 2 2 10 1 2082 9683 2352
17325 2 2 10 1 3415 9253 4308
17326 2 2 10 1 1960 8815 1958
17327 2 2 10 1 5189 8838 8675
17328 2 2 10 1 1824 9478 2128
17329 2 2 10 1 5477 9257 5803
17330 2 2 10 1 1170 8826 1168
17331 2 2 10 1 5078 8818 8788
17332 2 2 10 1 7506 9531 5539
17333 2 2 10 1 5009 8911 6334
17334 2 2 10 1 5736 9611 5660
17335 2 2 10 1 1686 8829 1666
17336 2 2 10 1 8791 8829 1686
17337 2 2 10 1 2272 8822 1231
17338 2 2 10 1 5809 9564 5590
17339 2 2 10 1 6495 9080 8617
17340 2 2 10 1 6884 9294 9242
17341 2 2 10 1 2829 9461 6611
17342 2 2 10 1 7461 9289 3612
17343 2 2 10 1 566 8832 564
17344 2 2 10 1 1168 8828 1166
17345 2 2 10 1 8038 9153 7687
17346 2 2 10 1 7134 8837 7135
17347 2 2 10 1 6650 9261 1756
17348 2 2 10 1 6244 8818 5078
17349 2 2 10 1 1958 8815 8795
17350 2 2 10 1 1881 8819 1883
17351 2 2 10 1 8793 8819 1881
17352 2 2 10 1 5524 8992 5525
17353 2 2 10 1 5445 9295 5398
17354 2 2 10 1 5142 8862 6963
17355 2 2 10 1 5098 9391 9251
17356 2 2 10 1 4990 8910 8768
17357 2 2 10 1 8320 9180 2531
17358 2 2 10 1 5588 9564 6164
17359 2 2 10 1 44 9272 393
17360 2 2 10 1 1602 9420 1594
17361 2 2 10 1 4361 9503 4191
17362 2 2 10 1 3613 9289 4171
17363 2 2 10 1 123 9448 8265
17364 2 2 10 1 639 8831 641
17365 2 2 10 1 5827 8824 4711
17366 2 2 10 1 7546 8836 511
17367 2 2 10 1 726 9725 1054
17368 2 2 10 1 4958 8820 6171
17369 2 2 10 1 8692 9549 5886
17370 2 2 10 1 7443 8899 4966
17371 2 2 10 1 630 9435 628
17372 2 2 10 1 9253 9271 4308
17373 2 2 10 1 2403 9718 6019
17374 2 2 10 1 1308 9669 1310
17375 2 2 10 1 5553 8841 4923
17376 2 2 10 1 1113 9570 584
17377 2 2 10 1 7895 9205 5472
17378 2 2 10 1 8821 9391 5098
17379 2 2 10 1 8785 8805 2975
17380 2 2 10 1 6837 9428 3299
17381 2 2 10 1 511 8836 8812
17382 2 2 10 1 580 9439 1260
17383 2 2 10 1 4693 9297 4692
17384 2 2 10 1 359 9310 358
17385 2 2 10 1 1299 9703 1590
17386 2 2 10 1 7238 8848 3000
17387 2 2 10 1 6878 9465 4333
17388 2 2 10 1 7414 9265 4212
17389 2 2 10 1 626 9453 1091
17390 2 2 10 1 7004 9116 2448
17391 2 2 10 1 426 9292 375
17392 2 2 10 1 1736 9258 1631
17393 2 2 10 1 1682 8834 1589
17394 2 2 10 1 501 9586 6499
17395 2 2 10 1 9039 9096 6354
17396 2 2 10 1 2546 9425 3093
17397 2 2 10 1 8814 8839 7589
17398 2 2 10 1 7956 8789 8785
17399 2 2 10 1 7589 8839 522
17400 2 2 10 1 2934 8825 7836
17401 2 2 10 1 5332 9211 7781
17402 2 2 10 1 548 9305 229
17403 2 2 10 1 228 9305 407
17404 2 2 10 1 1857 8827 7848
17405 2 2 10 1 8922 8975 5639
17406 2 2 10 1 6570 9209 8614
17407 2 2 10 1 5413 8833 7436
17408 2 2 10 1 2742 9666 1334
17409 2 2 10 1 6136 8997 6135
17410 2 2 10 1 7470 9396 4708
17411 2 2 10 1 5994 9539 5709
17412 2 2 10 1 5328 9225 5973
17413 2 2 10 1 9392 9663 8798
17414 2 2 10 1 8826 8828 1168
17415 2 2 10 1 7531 9554 409
17416 2 2 10 1 4790 8974 7476
17417 2 2 10 1 6157 9557 3732
17418 2 2 10 1 3892 9224 5688
17419 2 2 10 1 3093 8670 8616
17420 2 2 10 1 5002 8965 8687
17421 2 2 10 1 6455 9468 5540
17422 2 2 10 1 1151 9604 1155
17423 2 2 10 1 2479 9590 2379
17424 2 2 10 1 8620 9618 5736
17425 2 2 10 1 4261 9242 4137
17426 2 2 10 1 5750 9720 8724
17427 2 2 10 1 8932 8959 2965
17428 2 2 10 1 224 9328 474
17429 2 2 10 1 547 9328 225
17430 2 2 10 1 380 9332 450
17431 2 2 10 1 504 9332 381
17432 2 2 10 1 1598 9395 1623
17433 2 2 10 1 3977 9280 3770
17434 2 2 10 1 7672 8849 8782
17435 2 2 10 1 9195 9233 1808
17436 2 2 10 1 3058 9051 8539
17437 2 2 10 1 7439 8845 5077
17438 2 2 10 1 494 8843 7549
17439 2 2 10 1 5497 9515 7525
17440 2 2 10 1 4125 9241 4350
17441 2 2 10 1 81 9341 7535
17442 2 2 10 1 420 9341 82
17443 2 2 10 1 5946 8838 5189
17444 2 2 10 1 8894 8951 5455
17445 2 2 10 1 22 8854 21
17446 2 2 10 1 3299 9428 2526
17447 2 2 10 1 785 9267 783
17448 2 2 10 1 5566 8842 5567
17449 2 2 10 1 6007 8746 8547
17450 2 2 10 1 4823 8846 4221
17451 2 2 10 1 210 9142 431
17452 2 2 10 1 434 8847 7546
17453 2 2 10 1 2496 9306 2656
17454 2 2 10 1 1174 8844 1172
17455 2 2 10 1 5349 9235 9202
17456 2 2 10 1 4313 9642 4725
17457 2 2 10 1 7952 8835 2974
17458 2 2 10 1 4999 8958 8905
17459 2 2 10 1 3498 9260 2947
17460 2 2 10 1 7797 9317 5478
17461 2 2 10 1 8593 8723 492
17462 2 2 10 1 3946 9215 7896
17463 2 2 10 1 5159 8886 6970
17464 2 2 10 1 8082 9144 5158
17465 2 2 10 1 2144 9438 2160
17466 2 2 10 1 7546 8847 8836
17467 2 2 10 1 5737 9545 7921
17468 2 2 10 1 5270 8761 8453
17469 2 2 10 1 5556 9571 4782
17470 2 2 10 1 1412 8856 1439
17471 2 2 10 1 6621 9074 6623
17472 2 2 10 1 4194 9219 5571
17473 2 2 10 1 5060 9035 8242
17474 2 2 10 1 742 9692 2885
17475 2 2 10 1 6409 9028 5524
17476 2 2 10 1 6091 9171 444
17477 2 2 10 1 6124 8891 6038
17478 2 2 10 1 7361 8861 4974
17479 2 2 10 1 5098 9251 8896
17480 2 2 10 1 7462 9523 7460
17481 2 2 10 1 3946 9722 6127
17482 2 2 10 1 24 9414 23
17483 2 2 10 1 3598 9306 2515
17484 2 2 10 1 4445 8883 7236
17485 2 2 10 1 2 9418 100
17486 2 2 10 1 4 9417 292
17487 2 2 10 1 101 9418 2
17488 2 2 10 1 293 9417 4
17489 2 2 10 1 4622 8893 7144
17490 2 2 10 1 6814 9157 4294
17491 2 2 10 1 271 9433 270
17492 2 2 10 1 8336 9323 2430
17493 2 2 10 1 106 9729 105
17494 2 2 10 1 9343 9515 5497
17495 2 2 10 1 2869 8849 7672
17496 2 2 10 1 5159 8901 8886
17497 2 2 10 1 1280 9514 1749
17498 2 2 10 1 484 9401 7
17499 2 2 10 1 6447 8872 6251
17500 2 2 10 1 8087 9166 5394
17501 2 2 10 1 4195 8853 4194
17502 2 2 10 1 7879 9291 460
17503 2 2 10 1 7208 9608 4545
17504 2 2 10 1 7787 9135 1468
17505 2 2 10 1 3899 9541 5550
17506 2 2 10 1 7741 9283 7657
17507 2 2 10 1 6493 9268 9233
17508 2 2 10 1 4226 8859 4228
17509 2 2 10 1 205 9458 204
17510 2 2 10 1 8547 8746 6918
17511 2 2 10 1 6681 9650 459
17512 2 2 10 1 10 9481 9
17513 2 2 10 1 1093 9658 7726
17514 2 2 10 1 208 9431 546
17515 2 2 10 1 431 9431 209
17516 2 2 10 1 5554 9249 8434
17517 2 2 10 1 412 9726 28
17518 2 2 10 1 8730 9046 5504
17519 2 2 10 1 3287 9384 3286
17520 2 2 10 1 8667 9715 7211
17521 2 2 10 1 3769 9280 7707
17522 2 2 10 1 648 9708 650
17523 2 2 10 1 4832 8851 7902
17524 2 2 10 1 315 9504 314
17525 2 2 10 1 6140 9664 4757
17526 2 2 10 1 7454 9577 456
17527 2 2 10 1 415 9448 124
17528 2 2 10 1 4698 9685 4696
17529 2 2 10 1 906 9386 1094
17530 2 2 10 1 4995 8866 4994
17531 2 2 10 1 3394 9428 5388
17532 2 2 10 1 7211 9296 8667
17533 2 2 10 1 4282 9664 5652
17534 2 2 10 1 313 9558 312
17535 2 2 10 1 7774 8852 5000
17536 2 2 10 1 943 9361 926
17537 2 2 10 1 5465 9397 5769
17538 2 2 10 1 7627 9623 425
17539 2 2 10 1 5045 9505 4138
17540 2 2 10 1 3984 9539 6212
17541 2 2 10 1 266 9496 467
17542 2 2 10 1 5422 8813 8289
17543 2 2 10 1 5763 9647 5641
17544 2 2 10 1 27 8878 26
17545 2 2 10 1 2245 9485 2084
17546 2 2 10 1 3787 9492 4412
17547 2 2 10 1 1629 9258 8083
17548 2 2 10 1 421 9506 118
17549 2 2 10 1 8855 8864 702
17550 2 2 10 1 7623 8868 513
17551 2 2 10 1 8696 8752 5359
17552 2 2 10 1 2064 9421 1637
17553 2 2 10 1 2664 9362 2584
17554 2 2 10 1 328 9653 445
17555 2 2 10 1 507 9653 329
17556 2 2 10 1 459 9650 191
17557 2 2 10 1 190 9650 512
17558 2 2 10 1 4991 8885 5372
17559 2 2 10 1 475 9549 121
17560 2 2 10 1 8253 9728 5652
17561 2 2 10 1 2965 8959 7787
17562 2 2 10 1 75 9554 510
17563 2 2 10 1 409 9554 76
17564 2 2 10 1 352 9565 502
17565 2 2 10 1 435 9565 353
17566 2 2 10 1 5206 8924 5006
17567 2 2 10 1 350 9568 398
17568 2 2 10 1 502 9568 351
17569 2 2 10 1 514 9569 355
17570 2 2 10 1 354 9569 435
17571 2 2 10 1 456 9577 13
17572 2 2 10 1 398 9580 349
17573 2 2 10 1 391 9618 340
17574 2 2 10 1 347 9586 501
17575 2 2 10 1 414 9602 316
17576 2 2 10 1 5284 9184 8072
17577 2 2 10 1 8006 8855 702
17578 2 2 10 1 8837 8866 4995
17579 2 2 10 1 8265 9448 5665
17580 2 2 10 1 8401 9303 7329
17581 2 2 10 1 7795 9694 4721
17582 2 2 10 1 2869 8894 8849
17583 2 2 10 1 2580 9337 3582
17584 2 2 10 1 1750 9629 1681
17585 2 2 10 1 773 9673 751
17586 2 2 10 1 1502 9517 1284
17587 2 2 10 1 4405 9282 7782
17588 2 2 10 1 476 9364 7065
17589 2 2 10 1 438 8876 7567
17590 2 2 10 1 5537 9540 4520
17591 2 2 10 1 8863 9646 7923
17592 2 2 10 1 6763 8901 5159
17593 2 2 10 1 2031 8867 2025
17594 2 2 10 1 2026 9385 1974
17595 2 2 10 1 5950 9511 5951
17596 2 2 10 1 5474 9039 8663
17597 2 2 10 1 4419 9384 3290
17598 2 2 10 1 7746 8874 8809
17599 2 2 10 1 4452 9412 5513
17600 2 2 10 1 7974 9262 5460
17601 2 2 10 1 5372 8887 5373
17602 2 2 10 1 5866 9463 5510
17603 2 2 10 1 1633 9390 1736
17604 2 2 10 1 7366 9699 3103
17605 2 2 10 1 8692 9628 421
17606 2 2 10 1 5673 9432 4462
17607 2 2 10 1 4450 9380 5356
17608 2 2 10 1 2589 9375 2664
17609 2 2 10 1 8663 9039 6354
17610 2 2 10 1 4350 9441 4352
17611 2 2 10 1 2613 8881 2615
17612 2 2 10 1 6723 8948 6724
17613 2 2 10 1 8209 9493 8750
17614 2 2 10 1 5676 9373 5675
17615 2 2 10 1 3321 8888 5421
17616 2 2 10 1 7940 9707 6081
17617 2 2 10 1 6996 9482 9354
17618 2 2 10 1 6079 9201 6081
17619 2 2 10 1 7852 9236 4525
17620 2 2 10 1 5475 9716 5973
17621 2 2 10 1 5524 9028 8992
17622 2 2 10 1 7643 9542 7645
17623 2 2 10 1 5772 9007 6210
17624 2 2 10 1 7227 9079 5322
17625 2 2 10 1 4271 9633 4274
17626 2 2 10 1 373 8889 503
17627 2 2 10 1 8825 8873 7836
17628 2 2 10 1 7600 9255 5717
17629 2 2 10 1 8399 9423 5518
17630 2 2 10 1 4440 9419 3800
17631 2 2 10 1 702 8864 8104
17632 2 2 10 1 5473 8939 8900
17633 2 2 10 1 7836 8873 1444
17634 2 2 10 1 5534 9472 4475
17635 2 2 10 1 8092 8858 7715
17636 2 2 10 1 8308 9414 6848
17637 2 2 10 1 581 9479 2980
17638 2 2 10 1 6034 9667 5837
17639 2 2 10 1 5586 8850 8230
17640 2 2 10 1 7977 8870 4656
17641 2 2 10 1 8447 9370 5616
17642 2 2 10 1 8875 9524 7700
17643 2 2 10 1 4336 9528 5453
17644 2 2 10 1 5418 9489 4645
17645 2 2 10 1 4882 8890 5061
17646 2 2 10 1 6572 9444 8740
17647 2 2 10 1 8556 9214 1310
17648 2 2 10 1 1 9436 388
17649 2 2 10 1 5 9436 1
17650 2 2 10 1 7004 9041 8784
17651 2 2 10 1 644 9661 645
17652 2 2 10 1 7914 8880 2031
17653 2 2 10 1 5537 9579 9540
17654 2 2 10 1 2827 8820 8676
17655 2 2 10 1 593 9533 595
17656 2 2 10 1 8876 9665 6663
17657 2 2 10 1 7677 8865 8034
17658 2 2 10 1 783 9536 781
17659 2 2 10 1 1896 9434 1937
17660 2 2 10 1 6260 8864 8855
17661 2 2 10 1 6343 9230 8889
17662 2 2 10 1 8827 8882 7848
17663 2 2 10 1 6204 8895 7246
17664 2 2 10 1 8811 9693 5085
17665 2 2 10 1 8253 9627 3337
17666 2 2 10 1 8408 9559 5683
17667 2 2 10 1 5541 9578 5733
17668 2 2 10 1 7965 9260 5357
17669 2 2 10 1 3414 8874 7746
17670 2 2 10 1 8767 8858 8092
17671 2 2 10 1 4994 8900 7528
17672 2 2 10 1 2031 8880 8867
17673 2 2 10 1 4286 9186 8436
17674 2 2 10 1 9312 9684 6169
17675 2 2 10 1 3446 9254 7290
17676 2 2 10 1 5379 8759 8636
17677 2 2 10 1 7478 9654 7815
17678 2 2 10 1 8813 8846 4823
17679 2 2 10 1 7001 9266 4239
17680 2 2 10 1 8112 8871 7446
17681 2 2 10 1 2996 8877 7931
17682 2 2 10 1 7876 8879 4796
17683 2 2 10 1 411 9560 8441
17684 2 2 10 1 146 8902 145
17685 2 2 10 1 7848 8882 7357
17686 2 2 10 1 9428 9719 5388
17687 2 2 10 1 3732 9557 1912
17688 2 2 10 1 3479 9636 2650
17689 2 2 10 1 2164 9557 2403
17690 2 2 10 1 7789 9325 3192
17691 2 2 10 1 7906 9379 5871
17692 2 2 10 1 1015 9479 579
17693 2 2 10 1 470 9663 9392
17694 2 2 10 1 5882 9544 5449
17695 2 2 10 1 2866 9103 1420
17696 2 2 10 1 6371 9171 5147
17697 2 2 10 1 2989 9497 591
17698 2 2 10 1 6200 9700 8628
17699 2 2 10 1 4997 8897 3850
17700 2 2 10 1 6637 9013 6641
17701 2 2 10 1 5002 8898 5032
17702 2 2 10 1 3 9440 196
17703 2 2 10 1 197 9440 3
17704 2 2 10 1 8528 9105 3823
17705 2 2 10 1 6158 9075 5476
17706 2 2 10 1 8797 8833 5413
17707 2 2 10 1 7673 8894 2869
17708 2 2 10 1 4813 8884 7957
17709 2 2 10 1 5098 8896 5097
17710 2 2 10 1 6776 9709 8747
17711 2 2 10 1 5941 8903 5008
17712 2 2 10 1 9452 9473 5695
17713 2 2 10 1 9448 9508 5665
17714 2 2 10 1 9191 9274 5689
17715 2 2 10 1 7992 8892 4813
17716 2 2 10 1 8974 9036 7476
17717 2 2 10 1 7133 9370 8447
17718 2 2 10 1 6329 8967 5276
17719 2 2 10 1 7026 9681 8552
17720 2 2 10 1 7402 9432 8702
17721 2 2 10 1 1749 9514 8256
17722 2 2 10 1 4694 8926 8912
17723 2 2 10 1 3784 9156 8714
17724 2 2 10 1 8762 8771 5429
17725 2 2 10 1 6492 9140 8669
17726 2 2 10 1 5377 9269 8067
17727 2 2 10 1 8866 8900 4994
17728 2 2 10 1 5508 9525 5680
17729 2 2 10 1 8714 9156 5546
17730 2 2 10 1 4694 8912 3829
17731 2 2 10 1 433 9559 8408
17732 2 2 10 1 8873 8914 1444
17733 2 2 10 1 5006 8924 8904
17734 2 2 10 1 9275 9292 426
17735 2 2 10 1 1882 8907 1880
17736 2 2 10 1 5740 9579 5537
17737 2 2 10 1 4813 8892 8884
17738 2 2 10 1 8851 8909 7902
17739 2 2 10 1 9515 9540 7525
17740 2 2 10 1 8204 9607 6975
17741 2 2 10 1 3900 8905 4998
17742 2 2 10 1 5012 8808 8540
17743 2 2 10 1 8902 8919 145
17744 2 2 10 1 6774 8937 5052
17745 2 2 10 1 5645 9358 9271
17746 2 2 10 1 496 9670 9010
17747 2 2 10 1 8726 9352 5119
17748 2 2 10 1 2136 9227 6745
17749 2 2 10 1 8401 9264 8514
17750 2 2 10 1 8879 8931 4796
17751 2 2 10 1 6145 9261 9049
17752 2 2 10 1 496 9010 7573
17753 2 2 10 1 1421 8920 1423
17754 2 2 10 1 2955 8904 7821
17755 2 2 10 1 5517 9529 8726
17756 2 2 10 1 8731 9301 4909
17757 2 2 10 1 8615 9355 6815
17758 2 2 10 1 390 8918 244
17759 2 2 10 1 3797 9366 6317
17760 2 2 10 1 5794 9526 8574
17761 2 2 10 1 6884 9242 8698
17762 2 2 10 1 7705 9170 8302
17763 2 2 10 1 7427 8915 2364
17764 2 2 10 1 1964 8908 1962
17765 2 2 10 1 145 8919 144
17766 2 2 10 1 1882 8945 8907
17767 2 2 10 1 6734 8958 4355
17768 2 2 10 1 6473 8928 5118
17769 2 2 10 1 8579 9454 5260
17770 2 2 10 1 4415 8923 3911
17771 2 2 10 1 7476 9036 2962
17772 2 2 10 1 7604 9311 7385
17773 2 2 10 1 5804 8926 4694
17774 2 2 10 1 6623 8929 6622
17775 2 2 10 1 9093 9691 5389
17776 2 2 10 1 6814 9083 8835
17777 2 2 10 1 8620 8796 500
17778 2 2 10 1 7683 9562 7961
17779 2 2 10 1 5845 9308 5731
17780 2 2 10 1 8679 8922 5639
17781 2 2 10 1 8669 9140 2230
17782 2 2 10 1 6916 9353 4488
17783 2 2 10 1 1310 9669 8556
17784 2 2 10 1 7065 9364 5488
17785 2 2 10 1 6149 8910 4989
17786 2 2 10 1 8897 8921 3850
17787 2 2 10 1 7955 9357 3948
17788 2 2 10 1 6415 9327 5573
17789 2 2 10 1 3317 8913 3823
17790 2 2 10 1 7185 9443 9280
17791 2 2 10 1 41 8930 40
17792 2 2 10 1 3900 8916 8905
17793 2 2 10 1 5694 9452 5695
17794 2 2 10 1 8874 8897 4997
17795 2 2 10 1 1066 8934 1046
17796 2 2 10 1 8722 9594 6391
17797 2 2 10 1 171 8933 170
17798 2 2 10 1 1186 8917 5419
17799 2 2 10 1 5093 9309 8651
17800 2 2 10 1 5501 8932 5502
17801 2 2 10 1 1444 8914 7829
17802 2 2 10 1 6565 9484 8658
17803 2 2 10 1 9308 9344 5731
17804 2 2 10 1 438 9665 8876
17805 2 2 10 1 7113 9324 8710
17806 2 2 10 1 7809 9546 2955
17807 2 2 10 1 5818 9553 7241
17808 2 2 10 1 6774 8961 8937
17809 2 2 10 1 7649 8922 3726
17810 2 2 10 1 8452 9357 5103
17811 2 2 10 1 7902 8909 5024
17812 2 2 10 1 4882 9160 8890
17813 2 2 10 1 551 9714 7623
17814 2 2 10 1 425 9623 8512
17815 2 2 10 1 7427 8938 8915
17816 2 2 10 1 6280 9329 5367
17817 2 2 10 1 3850 8921 5294
17818 2 2 10 1 7972 8916 3900
17819 2 2 10 1 198 8936 197
17820 2 2 10 1 4916 8942 4049
17821 2 2 10 1 7601 9597 519
17822 2 2 10 1 5977 9639 2160
17823 2 2 10 1 420 9208 6760
17824 2 2 10 1 6082 9357 8452
17825 2 2 10 1 6819 9394 5766
17826 2 2 10 1 5584 9574 5918
17827 2 2 10 1 4835 8927 3458
17828 2 2 10 1 4934 9276 6680
17829 2 2 10 1 7403 9704 8843
17830 2 2 10 1 7821 8924 1942
17831 2 2 10 1 171 8943 8933
17832 2 2 10 1 9479 9679 5986
17833 2 2 10 1 6974 9496 8441
17834 2 2 10 1 1096 9632 7816
17835 2 2 10 1 402 9277 7601
17836 2 2 10 1 394 8771 8762
17837 2 2 10 1 172 8943 171
17838 2 2 10 1 7538 9291 5819
17839 2 2 10 1 5440 8925 7771
17840 2 2 10 1 924 9067 8384
17841 2 2 10 1 610 8940 608
17842 2 2 10 1 4796 8931 5175
17843 2 2 10 1 9541 9608 5550
17844 2 2 10 1 8750 9368 4918
17845 2 2 10 1 3002 9352 8726
17846 2 2 10 1 6409 9069 9028
17847 2 2 10 1 3582 9510 7968
17848 2 2 10 1 7553 9711 6118
17849 2 2 10 1 7311 8944 3728
17850 2 2 10 1 422 9594 8722
17851 2 2 10 1 8895 8954 4228
17852 2 2 10 1 1885 8935 1887
17853 2 2 10 1 6680 9276 6682
17854 2 2 10 1 8453 9319 5271
17855 2 2 10 1 8904 8924 7821
17856 2 2 10 1 8749 9372 3358
17857 2 2 10 1 4171 9615 7868
17858 2 2 10 1 5025 8949 5027
17859 2 2 10 1 1884 8945 1882
17860 2 2 10 1 6624 9074 6621
17861 2 2 10 1 8408 9469 7543
17862 2 2 10 1 6998 9301 8731
17863 2 2 10 1 9036 9086 2962
17864 2 2 10 1 8441 9496 267
17865 2 2 10 1 3231 9339 3232
17866 2 2 10 1 5760 9139 5980
17867 2 2 10 1 5089 8986 8961
17868 2 2 10 1 6761 9408 4643
17869 2 2 10 1 12 9577 8431
17870 2 2 10 1 5501 8959 8932
17871 2 2 10 1 9344 9387 5729
17872 2 2 10 1 5460 9262 8550
17873 2 2 10 1 5654 9281 5653
17874 2 2 10 1 7188 9642 5576
17875 2 2 10 1 5474 8939 5473
17876 2 2 10 1 6932 9641 8722
17877 2 2 10 1 8651 9309 5751
17878 2 2 10 1 2653 8946 2651
17879 2 2 10 1 7630 8948 428
17880 2 2 10 1 5199 8953 5389
17881 2 2 10 1 8726 9529 3002
17882 2 2 10 1 8929 8991 1942
17883 2 2 10 1 5702 9325 8548
17884 2 2 10 1 8710 9324 5676
17885 2 2 10 1 8786 9702 2630
17886 2 2 10 1 8750 9493 5503
17887 2 2 10 1 8841 9475 5528
17888 2 2 10 1 6513 8986 5089
17889 2 2 10 1 452 9423 8399
17890 2 2 10 1 8441 9560 5558
17891 2 2 10 1 7788 9363 7328
17892 2 2 10 1 6212 9539 5994
17893 2 2 10 1 2962 9086 7730
17894 2 2 10 1 8491 9532 838
17895 2 2 10 1 5089 8961 6774
17896 2 2 10 1 8698 9242 4261
17897 2 2 10 1 5699 8950 5773
17898 2 2 10 1 6548 9372 8749
17899 2 2 10 1 8740 9444 4810
17900 2 2 10 1 5653 9304 6415
17901 2 2 10 1 6937 8978 5184
17902 2 2 10 1 5573 9393 5454
17903 2 2 10 1 6125 9067 6127
17904 2 2 10 1 5458 9426 5673
17905 2 2 10 1 1968 8952 1966
17906 2 2 10 1 163 8960 162
17907 2 2 10 1 8727 9396 5694
17908 2 2 10 1 4708 9396 8727
17909 2 2 10 1 7829 8947 2936
17910 2 2 10 1 6819 9286 9154
17911 2 2 10 1 8914 8947 7829
17912 2 2 10 1 8687 8965 7261
17913 2 2 10 1 7341 8971 5054
17914 2 2 10 1 174 8963 173
17915 2 2 10 1 2937 9284 8099
17916 2 2 10 1 8888 8906 5442
17917 2 2 10 1 7329 9264 8401
17918 2 2 10 1 6260 8855 8792
17919 2 2 10 1 663 8955 661
17920 2 2 10 1 5503 9368 8750
17921 2 2 10 1 1385 8970 1391
17922 2 2 10 1 7000 8951 7673
17923 2 2 10 1 9353 9430 4488
17924 2 2 10 1 5731 9344 5729
17925 2 2 10 1 5116 8968 5117
17926 2 2 10 1 7673 8951 8894
17927 2 2 10 1 6129 8956 5070
17928 2 2 10 1 104 8962 482
17929 2 2 10 1 7099 9646 8863
17930 2 2 10 1 7069 9676 7070
17931 2 2 10 1 5525 8992 8864
17932 2 2 10 1 424 9414 8308
17933 2 2 10 1 5454 9415 5520
17934 2 2 10 1 8878 9726 6886
17935 2 2 10 1 8259 8966 5336
17936 2 2 10 1 7121 9466 4820
17937 2 2 10 1 6684 8959 5501
17938 2 2 10 1 5083 8980 5786
17939 2 2 10 1 174 8979 8963
17940 2 2 10 1 8830 9141 921
17941 2 2 10 1 6513 9021 8986
17942 2 2 10 1 8864 8992 8104
17943 2 2 10 1 7649 8975 8922
17944 2 2 10 1 5199 8985 8953
17945 2 2 10 1 43 8977 42
17946 2 2 10 1 5369 9278 5370
17947 2 2 10 1 175 8979 174
17948 2 2 10 1 5718 8983 5318
17949 2 2 10 1 7364 9059 2866
17950 2 2 10 1 4224 8965 4223
17951 2 2 10 1 7381 8975 7649
17952 2 2 10 1 8784 9041 4224
17953 2 2 10 1 8985 9449 5272
17954 2 2 10 1 5843 9638 8217
17955 2 2 10 1 6255 8969 6192
17956 2 2 10 1 8161 9067 924
17957 2 2 10 1 8768 8910 3595
17958 2 2 10 1 1417 8982 1496
17959 2 2 10 1 8982 9002 1496
17960 2 2 10 1 9487 9516 7796
17961 2 2 10 1 9281 9304 5653
17962 2 2 10 1 1915 9424 9053
17963 2 2 10 1 7229 8993 4615
17964 2 2 10 1 4476 9278 8694
17965 2 2 10 1 167 8988 166
17966 2 2 10 1 165 8989 164
17967 2 2 10 1 99 8987 98
17968 2 2 10 1 9415 9447 5520
17969 2 2 10 1 5455 8973 5512
17970 2 2 10 1 5695 9473 5697
17971 2 2 10 1 7540 8981 545
17972 2 2 10 1 5022 9588 8525
17973 2 2 10 1 8702 9432 5673
17974 2 2 10 1 5322 9079 6043
17975 2 2 10 1 6135 8997 8715
17976 2 2 10 1 1430 8984 1427
17977 2 2 10 1 216 8994 215
17978 2 2 10 1 8325 9539 3984
17979 2 2 10 1 8525 9546 7809
17980 2 2 10 1 6032 9399 6035
17981 2 2 10 1 95 8996 94
17982 2 2 10 1 4112 8998 5074
17983 2 2 10 1 5520 9447 5522
17984 2 2 10 1 7085 9015 5145
17985 2 2 10 1 5885 9628 5886
17986 2 2 10 1 9304 9327 6415
17987 2 2 10 1 1809 8991 1261
17988 2 2 10 1 5453 8985 5199
17989 2 2 10 1 4971 8860 8733
17990 2 2 10 1 5456 8934 8860
17991 2 2 10 1 5055 8990 5456
17992 2 2 10 1 7243 9331 4995
17993 2 2 10 1 4488 9430 5523
17994 2 2 10 1 5394 9166 8810
17995 2 2 10 1 6210 9007 8354
17996 2 2 10 1 7892 9005 7894
17997 2 2 10 1 1496 9002 1498
17998 2 2 10 1 6625 9133 6624
17999 2 2 10 1 5639 9000 5638
18000 2 2 10 1 5456 8990 8934
18001 2 2 10 1 5341 9555 8239
18002 2 2 10 1 9327 9393 5573
18003 2 2 10 1 9393 9415 5454
18004 2 2 10 1 5076 8995 5960
18005 2 2 10 1 7617 9400 7539
18006 2 2 10 1 8216 8964 5947
18007 2 2 10 1 6848 9158 6847
18008 2 2 10 1 5491 9010 5492
18009 2 2 10 1 8643 9389 7584
18010 2 2 10 1 5991 9677 9485
18011 2 2 10 1 6462 9623 8625
18012 2 2 10 1 9241 9535 5949
18013 2 2 10 1 5292 8974 8169
18014 2 2 10 1 3969 9003 7924
18015 2 2 10 1 5073 9011 7320
18016 2 2 10 1 8741 8875 5150
18017 2 2 10 1 2987 8999 601
18018 2 2 10 1 8998 9027 5074
18019 2 2 10 1 7243 9508 9389
18020 2 2 10 1 4476 9562 9278
18021 2 2 10 1 1420 9103 1418
18022 2 2 10 1 9086 9143 7730
18023 2 2 10 1 3847 9524 8875
18024 2 2 10 1 279 9014 278
18025 2 2 10 1 5139 9021 6513
18026 2 2 10 1 6290 9459 8640
18027 2 2 10 1 5814 9702 8786
18028 2 2 10 1 2880 9456 9427
18029 2 2 10 1 8104 8992 3059
18030 2 2 10 1 6334 9032 5091
18031 2 2 10 1 8733 8860 1066
18032 2 2 10 1 3741 9001 8084
18033 2 2 10 1 5576 9642 8267
18034 2 2 10 1 5292 9036 8974
18035 2 2 10 1 5713 9008 4744
18036 2 2 10 1 570 9016 568
18037 2 2 10 1 5732 9487 7796
18038 2 2 10 1 220 9019 219
18039 2 2 10 1 4314 9012 5125
18040 2 2 10 1 5297 8972 8268
18041 2 2 10 1 5571 9219 8845
18042 2 2 10 1 3058 9004 7873
18043 2 2 10 1 2554 9547 4145
18044 2 2 10 1 8354 9007 3035
18045 2 2 10 1 8992 9028 3059
18046 2 2 10 1 8861 9661 644
18047 2 2 10 1 1141 9020 1272
18048 2 2 10 1 3482 9009 7884
18049 2 2 10 1 7730 9143 2051
18050 2 2 10 1 5825 9470 9155
18051 2 2 10 1 6722 9092 5755
18052 2 2 10 1 9512 9610 986
18053 2 2 10 1 8810 9166 2276
18054 2 2 10 1 9000 9023 5638
18055 2 2 10 1 6962 9410 6296
18056 2 2 10 1 3741 9050 9001
18057 2 2 10 1 506 9177 7562
18058 2 2 10 1 8363 9410 6962
18059 2 2 10 1 7925 9456 2880
18060 2 2 10 1 9024 9326 6656
18061 2 2 10 1 7734 9464 8103
18062 2 2 10 1 8160 9125 6672
18063 2 2 10 1 468 9024 360
18064 2 2 10 1 5074 9027 5810
18065 2 2 10 1 5870 9320 8833
18066 2 2 10 1 5432 9717 9255
18067 2 2 10 1 9044 9047 1920
18068 2 2 10 1 662 9022 664
18069 2 2 10 1 9161 9724 6911
18070 2 2 10 1 1920 9047 7389
18071 2 2 10 1 177 9030 176
18072 2 2 10 1 4258 9043 7013
18073 2 2 10 1 6130 9307 8204
18074 2 2 10 1 8397 9636 5940
18075 2 2 10 1 5020 9168 6212
18076 2 2 10 1 8856 9147 2865
18077 2 2 10 1 8052 9017 1654
18078 2 2 10 1 9472 9596 7961
18079 2 2 10 1 1580 9029 1586
18080 2 2 10 1 6147 9261 6145
18081 2 2 10 1 6144 9270 6146
18082 2 2 10 1 1091 9453 8950
18083 2 2 10 1 7651 9026 7642
18084 2 2 10 1 4489 9034 5608
18085 2 2 10 1 5644 9025 5405
18086 2 2 10 1 269 9031 411
18087 2 2 10 1 231 9033 230
18088 2 2 10 1 7261 9041 7005
18089 2 2 10 1 9407 9532 8491
18090 2 2 10 1 9387 9416 5728
18091 2 2 10 1 177 9037 9030
18092 2 2 10 1 570 9073 9016
18093 2 2 10 1 178 9037 177
18094 2 2 10 1 6 9401 8763
18095 2 2 10 1 9349 9686 5679
18096 2 2 10 1 5309 9243 5469
18097 2 2 10 1 5290 9036 5292
18098 2 2 10 1 9356 9678 4714
18099 2 2 10 1 5269 9090 6335
18100 2 2 10 1 8835 9083 2974
18101 2 2 10 1 5277 9474 8981
18102 2 2 10 1 7726 9658 9012
18103 2 2 10 1 6750 9057 5264
18104 2 2 10 1 5127 9042 5129
18105 2 2 10 1 67 9040 66
18106 2 2 10 1 8860 8934 1066
18107 2 2 10 1 8876 9700 7568
18108 2 2 10 1 5442 8906 8736
18109 2 2 10 1 1767 9038 1768
18110 2 2 10 1 1937 9434 9374
18111 2 2 10 1 5081 9118 9034
18112 2 2 10 1 8722 9641 7593
18113 2 2 10 1 5729 9387 5728
18114 2 2 10 1 1817 9044 1920
18115 2 2 10 1 6721 9631 9092
18116 2 2 10 1 8951 8973 5455
18117 2 2 10 1 6624 9133 9074
18118 2 2 10 1 5554 9263 5340
18119 2 2 10 1 6826 9238 5309
18120 2 2 10 1 9255 9597 5432
18121 2 2 10 1 3059 9028 8106
18122 2 2 10 1 5361 9102 6410
18123 2 2 10 1 4643 9408 8543
18124 2 2 10 1 3948 9707 7940
18125 2 2 10 1 3539 9061 6758
18126 2 2 10 1 8786 8899 4951
18127 2 2 10 1 730 9054 734
18128 2 2 10 1 1662 9045 2599
18129 2 2 10 1 2880 9427 8463
18130 2 2 10 1 517 9311 7604
18131 2 2 10 1 5055 9095 8990
18132 2 2 10 1 7387 9060 7391
18133 2 2 10 1 8901 9419 4440
18134 2 2 10 1 2821 9063 671
18135 2 2 10 1 6928 9109 1895
18136 2 2 10 1 5417 9194 6239
18137 2 2 10 1 6022 9052 5406
18138 2 2 10 1 7301 9055 7196
18139 2 2 10 1 8256 9600 1749
18140 2 2 10 1 8193 9097 9046
18141 2 2 10 1 8017 9039 7888
18142 2 2 10 1 6506 9071 6507
18143 2 2 10 1 5572 9141 8830
18144 2 2 10 1 7629 9048 427
18145 2 2 10 1 7258 9442 7743
18146 2 2 10 1 9144 9404 5707
18147 2 2 10 1 9050 9409 5113
18148 2 2 10 1 8841 9437 4923
18149 2 2 10 1 6232 9422 5723
18150 2 2 10 1 1895 9066 7119
18151 2 2 10 1 1937 9411 7798
18152 2 2 10 1 180 9062 179
18153 2 2 10 1 7342 9626 7340
18154 2 2 10 1 6746 9168 5020
18155 2 2 10 1 4033 9049 4673
18156 2 2 10 1 7205 9121 8954
18157 2 2 10 1 5472 9205 9005
18158 2 2 10 1 8833 9320 7436
18159 2 2 10 1 5158 9050 3741
18160 2 2 10 1 5726 9187 6047
18161 2 2 10 1 9056 9114 4318
18162 2 2 10 1 5290 9086 9036
18163 2 2 10 1 6711 9668 9274
18164 2 2 10 1 5164 9070 5166
18165 2 2 10 1 531 9058 7629
18166 2 2 10 1 3444 9051 3057
18167 2 2 10 1 8811 9648 413
18168 2 2 10 1 8975 9000 5639
18169 2 2 10 1 876 9065 874
18170 2 2 10 1 8713 8938 7427
18171 2 2 10 1 8103 9464 2989
18172 2 2 10 1 7021 9110 7396
18173 2 2 10 1 5469 9230 6341
18174 2 2 10 1 7629 9058 9048
18175 2 2 10 1 5500 9548 5606
18176 2 2 10 1 7068 9076 7067
18177 2 2 10 1 8193 9046 3257
18178 2 2 10 1 4275 9064 4278
18179 2 2 10 1 8242 9035 4800
18180 2 2 10 1 6365 9610 9512
18181 2 2 10 1 6739 9089 2712
18182 2 2 10 1 7796 9516 4410
18183 2 2 10 1 202 9072 201
18184 2 2 10 1 8845 9219 5077
18185 2 2 10 1 572 9073 570
18186 2 2 10 1 8437 9600 8256
18187 2 2 10 1 8878 9680 478
18188 2 2 10 1 7125 9656 9338
18189 2 2 10 1 5720 9376 6655
18190 2 2 10 1 6079 9620 9201
18191 2 2 10 1 7971 9053 5346
18192 2 2 10 1 5819 9291 5820
18193 2 2 10 1 462 9410 8363
18194 2 2 10 1 6146 9621 6147
18195 2 2 10 1 5689 9081 5144
18196 2 2 10 1 543 9576 8664
18197 2 2 10 1 6214 9083 5046
18198 2 2 10 1 8664 9576 7057
18199 2 2 10 1 5147 9171 6091
18200 2 2 10 1 9108 9451 5996
18201 2 2 10 1 5847 9308 5845
18202 2 2 10 1 5753 9648 8811
18203 2 2 10 1 5547 9113 9096
18204 2 2 10 1 967 9251 8653
18205 2 2 10 1 3693 9543 3053
18206 2 2 10 1 5407 9059 7909
18207 2 2 10 1 8 9076 484
18208 2 2 10 1 7596 9693 8811
18209 2 2 10 1 9359 9506 421
18210 2 2 10 1 3205 9094 6746
18211 2 2 10 1 7697 9098 5102
18212 2 2 10 1 4412 9492 9027
18213 2 2 10 1 5277 9101 5531
18214 2 2 10 1 5278 9088 5279
18215 2 2 10 1 7121 9541 9466
18216 2 2 10 1 182 9082 181
18217 2 2 10 1 5533 9459 6290
18218 2 2 10 1 3205 9117 9094
18219 2 2 10 1 5879 9142 6023
18220 2 2 10 1 6703 9449 6736
18221 2 2 10 1 7961 9562 9472
18222 2 2 10 1 7900 9077 4100
18223 2 2 10 1 7561 9490 456
18224 2 2 10 1 8971 9497 2989
18225 2 2 10 1 3466 9078 3464
18226 2 2 10 1 5307 9164 6485
18227 2 2 10 1 252 9091 251
18228 2 2 10 1 9238 9243 5309
18229 2 2 10 1 5340 9263 8117
18230 2 2 10 1 2766 9644 5949
18231 2 2 10 1 5370 9278 8697
18232 2 2 10 1 5131 9086 5290
18233 2 2 10 1 311 9085 423
18234 2 2 10 1 8551 9356 5681
18235 2 2 10 1 5839 9522 5498
18236 2 2 10 1 8106 9069 921
18237 2 2 10 1 8538 9325 5702
18238 2 2 10 1 472 9090 7544
18239 2 2 10 1 9077 9136 4100
18240 2 2 10 1 9028 9069 8106
18241 2 2 10 1 425 9413 7545
18242 2 2 10 1 8843 9704 7549
18243 2 2 10 1 182 9104 9082
18244 2 2 10 1 3904 9613 4870
18245 2 2 10 1 5721 9550 5500
18246 2 2 10 1 4274 9633 9060
18247 2 2 10 1 4088 9100 5047
18248 2 2 10 1 7406 9710 5539
18249 2 2 10 1 3445 9111 3155
18250 2 2 10 1 183 9104 182
18251 2 2 10 1 9416 9460 7820
18252 2 2 10 1 1972 9084 1970
18253 2 2 10 1 27 9726 8878
18254 2 2 10 1 3939 9646 7098
18255 2 2 10 1 4285 9095 5055
18256 2 2 10 1 7831 9080 2230
18257 2 2 10 1 5090 9714 7881
18258 2 2 10 1 8268 9056 4318
18259 2 2 10 1 1895 9109 9066
18260 2 2 10 1 528 9307 7609
18261 2 2 10 1 207 9106 206
18262 2 2 10 1 211 9142 210
18263 2 2 10 1 3499 9567 7354
18264 2 2 10 1 5638 9023 8530
18265 2 2 10 1 5480 9135 6684
18266 2 2 10 1 227 9107 226
18267 2 2 10 1 5886 9628 8692
18268 2 2 10 1 9470 9500 534
18269 2 2 10 1 6915 9458 8571
18270 2 2 10 1 9111 9667 6034
18271 2 2 10 1 4136 9099 3910
18272 2 2 10 1 50 9112 49
18273 2 2 10 1 3206 9117 3205
18274 2 2 10 1 5852 9494 9123
18275 2 2 10 1 5976 9408 5992
18276 2 2 10 1 5595 9698 5748
18277 2 2 10 1 2128 9478 9199
18278 2 2 10 1 5728 9416 7820
18279 2 2 10 1 7779 9119 5450
18280 2 2 10 1 5546 9113 5547
18281 2 2 10 1 6623 9074 9020
18282 2 2 10 1 6223 9690 1073
18283 2 2 10 1 7846 9087 4803
18284 2 2 10 1 8384 9067 6125
18285 2 2 10 1 5547 9096 8017
18286 2 2 10 1 4027 9108 3468
18287 2 2 10 1 8204 9307 528
18288 2 2 10 1 4318 9114 4317
18289 2 2 10 1 9130 9602 414
18290 2 2 10 1 9231 9238 6826
18291 2 2 10 1 6640 9159 5516
18292 2 2 10 1 5816 9731 5060
18293 2 2 10 1 7652 9121 2531
18294 2 2 10 1 2119 9316 6618
18295 2 2 10 1 6146 9270 8245
18296 2 2 10 1 5953 9366 8850
18297 2 2 10 1 5173 9169 5480
18298 2 2 10 1 6789 9130 5265
18299 2 2 10 1 8715 8997 5202
18300 2 2 10 1 9206 9571 5556
18301 2 2 10 1 3206 9132 9117
18302 2 2 10 1 7929 9105 5743
18303 2 2 10 1 6639 9163 2765
18304 2 2 10 1 577 9115 1015
18305 2 2 10 1 852 9150 7012
18306 2 2 10 1 8017 9096 9039
18307 2 2 10 1 5500 9550 9548
18308 2 2 10 1 8972 9056 8268
18309 2 2 10 1 6764 9518 9269
18310 2 2 10 1 4256 9118 3463
18311 2 2 10 1 5400 9226 7606
18312 2 2 10 1 5198 9131 6750
18313 2 2 10 1 5394 9116 4947
18314 2 2 10 1 69 9127 68
18315 2 2 10 1 8302 9170 5445
18316 2 2 10 1 5453 9528 9383
18317 2 2 10 1 7645 9542 9115
18318 2 2 10 1 5356 9380 9061
18319 2 2 10 1 6365 9512 5305
18320 2 2 10 1 4170 9120 5570
18321 2 2 10 1 9181 9523 7462
18322 2 2 10 1 6785 9134 6784
18323 2 2 10 1 321 9126 471
18324 2 2 10 1 9150 9193 7012
18325 2 2 10 1 9074 9133 1272
18326 2 2 10 1 7395 9097 8193
18327 2 2 10 1 1889 9124 1891
18328 2 2 10 1 5531 9122 7647
18329 2 2 10 1 5865 9620 6078
18330 2 2 10 1 5131 9143 9086
18331 2 2 10 1 9257 9503 4361
18332 2 2 10 1 7244 9674 1602
18333 2 2 10 1 8482 9360 5428
18334 2 2 10 1 6099 9660 3542
18335 2 2 10 1 5759 9139 5760
18336 2 2 10 1 3803 9132 3206
18337 2 2 10 1 8670 9426 9252
18338 2 2 10 1 5850 9146 5848
18339 2 2 10 1 423 9538 6324
18340 2 2 10 1 8400 9160 4882
18341 2 2 10 1 9098 9511 5672
18342 2 2 10 1 9119 9199 5450
18343 2 2 10 1 8850 9366 8230
18344 2 2 10 1 5516 9152 5311
18345 2 2 10 1 3831 9148 3359
18346 2 2 10 1 1891 9128 1893
18347 2 2 10 1 7647 9138 4257
18348 2 2 10 1 9022 9345 1008
18349 2 2 10 1 6485 9149 5173
18350 2 2 10 1 7530 9240 510
18351 2 2 10 1 2872 9156 1604
18352 2 2 10 1 9100 9122 5531
18353 2 2 10 1 9124 9128 1891
18354 2 2 10 1 6639 9210 9163
18355 2 2 10 1 5256 9151 3591
18356 2 2 10 1 5848 9146 5847
18357 2 2 10 1 4404 9145 5715
18358 2 2 10 1 5688 9224 9145
18359 2 2 10 1 4100 9136 7871
18360 2 2 10 1 4083 9137 5332
18361 2 2 10 1 1935 9140 1827
18362 2 2 10 1 9122 9138 7647
18363 2 2 10 1 6726 9189 5479
18364 2 2 10 1 7099 9147 7097
18365 2 2 10 1 7687 9153 2893
18366 2 2 10 1 1272 9133 7705
18367 2 2 10 1 7894 9279 8145
18368 2 2 10 1 6424 9500 9470
18369 2 2 10 1 5996 9451 5616
18370 2 2 10 1 365 9154 416
18371 2 2 10 1 8926 9555 5341
18372 2 2 10 1 9153 9172 2893
18373 2 2 10 1 510 9240 7579
18374 2 2 10 1 7536 9208 420
18375 2 2 10 1 8889 9230 503
18376 2 2 10 1 116 9155 534
18377 2 2 10 1 7361 9661 8861
18378 2 2 10 1 631 9141 633
18379 2 2 10 1 4316 9144 8082
18380 2 2 10 1 478 9158 25
18381 2 2 10 1 5472 9143 5131
18382 2 2 10 1 7414 9719 9265
18383 2 2 10 1 5401 9173 6696
18384 2 2 10 1 137 9165 136
18385 2 2 10 1 6204 8954 8895
18386 2 2 10 1 5408 9240 7530
18387 2 2 10 1 5765 9405 5767
18388 2 2 10 1 4828 9196 7227
18389 2 2 10 1 6655 9376 6656
18390 2 2 10 1 872 9162 868
18391 2 2 10 1 6754 9177 6753
18392 2 2 10 1 7285 9175 5256
18393 2 2 10 1 9357 9707 3948
18394 2 2 10 1 9138 9202 4257
18395 2 2 10 1 5687 9596 5534
18396 2 2 10 1 5419 9157 4957
18397 2 2 10 1 5428 9360 8584
18398 2 2 10 1 5851 9494 5852
18399 2 2 10 1 9052 9103 2866
18400 2 2 10 1 2085 9161 1849
18401 2 2 10 1 6441 9232 467
18402 2 2 10 1 5688 9191 5689
18403 2 2 10 1 6414 9335 6413
18404 2 2 10 1 8512 9413 425
18405 2 2 10 1 8905 8958 4998
18406 2 2 10 1 8480 9459 5533
18407 2 2 10 1 9175 9282 4405
18408 2 2 10 1 5992 9408 6761
18409 2 2 10 1 54 9174 53
18410 2 2 10 1 7945 9149 3097
18411 2 2 10 1 6078 9620 6079
18412 2 2 10 1 444 9171 7542
18413 2 2 10 1 512 9640 7983
18414 2 2 10 1 8996 9697 498
18415 2 2 10 1 7820 9460 4523
18416 2 2 10 1 7290 9254 6625
18417 2 2 10 1 456 9490 8567
18418 2 2 10 1 9149 9164 3097
18419 2 2 10 1 5571 9166 8087
18420 2 2 10 1 7135 9331 8643
18421 2 2 10 1 2893 9172 7679
18422 2 2 10 1 2973 9167 775
18423 2 2 10 1 479 9248 6914
18424 2 2 10 1 7679 9178 1618
18425 2 2 10 1 6161 9713 3951
18426 2 2 10 1 8504 9231 6826
18427 2 2 10 1 7457 9190 5360
18428 2 2 10 1 5085 9693 8980
18429 2 2 10 1 5256 9175 9151
18430 2 2 10 1 1008 9345 8452
18431 2 2 10 1 3489 9176 3490
18432 2 2 10 1 9140 9195 1827
18433 2 2 10 1 7012 9193 2741
18434 2 2 10 1 9146 9285 3860
18435 2 2 10 1 4930 9183 7407
18436 2 2 10 1 4316 9429 9404
18437 2 2 10 1 5766 9394 5765
18438 2 2 10 1 8959 9135 7787
18439 2 2 10 1 2242 9180 2241
18440 2 2 10 1 8787 9445 5532
18441 2 2 10 1 6711 9191 4406
18442 2 2 10 1 8978 9704 7403
18443 2 2 10 1 6228 9226 5400
18444 2 2 10 1 3097 9164 8038
18445 2 2 10 1 8099 9284 7257
18446 2 2 10 1 4212 9265 6838
18447 2 2 10 1 6876 9197 4862
18448 2 2 10 1 7624 9179 527
18449 2 2 10 1 4525 9181 4065
18450 2 2 10 1 71 9182 70
18451 2 2 10 1 323 9625 322
18452 2 2 10 1 6763 9419 8901
18453 2 2 10 1 9637 9710 4205
18454 2 2 10 1 135 9185 134
18455 2 2 10 1 97 9188 96
18456 2 2 10 1 1468 9169 7945
18457 2 2 10 1 2939 9612 6172
18458 2 2 10 1 9334 9544 5882
18459 2 2 10 1 6485 9164 9149
18460 2 2 10 1 9054 9450 2801
18461 2 2 10 1 9172 9178 7679
18462 2 2 10 1 536 9187 7602
18463 2 2 10 1 7391 9696 7388
18464 2 2 10 1 2517 9203 3347
18465 2 2 10 1 5105 9326 6414
18466 2 2 10 1 6760 9208 5067
18467 2 2 10 1 7537 9575 409
18468 2 2 10 1 6914 9248 6915
18469 2 2 10 1 9205 9279 7894
18470 2 2 10 1 5383 9216 9207
18471 2 2 10 1 52 9198 51
18472 2 2 10 1 1017 9210 6639
18473 2 2 10 1 635 9192 1253
18474 2 2 10 1 7945 9169 9149
18475 2 2 10 1 133 9200 132
18476 2 2 10 1 5383 9207 5385
18477 2 2 10 1 573 9513 575
18478 2 2 10 1 6424 9470 5447
18479 2 2 10 1 1827 9195 1771
18480 2 2 10 1 8941 9641 6932
18481 2 2 10 1 3690 9186 3689
18482 2 2 10 1 385 9204 384
18483 2 2 10 1 6364 9610 6365
18484 2 2 10 1 6413 9300 5574
18485 2 2 10 1 6659 9574 5584
18486 2 2 10 1 7781 9211 6628
18487 2 2 10 1 1642 9212 1737
18488 2 2 10 1 8072 9184 3977
18489 2 2 10 1 5450 9199 5882
18490 2 2 10 1 3593 9224 3892
18491 2 2 10 1 549 9406 8987
18492 2 2 10 1 5388 9206 4128
18493 2 2 10 1 9404 9429 5823
18494 2 2 10 1 1312 9214 2779
18495 2 2 10 1 9677 9724 2085
18496 2 2 10 1 9149 9169 5173
18497 2 2 10 1 5804 9555 8926
18498 2 2 10 1 426 9340 9275
18499 2 2 10 1 2741 9237 7015
18500 2 2 10 1 7707 9443 5459
18501 2 2 10 1 9193 9237 2741
18502 2 2 10 1 5381 9216 5383
18503 2 2 10 1 9237 9273 7015
18504 2 2 10 1 9235 9253 4733
18505 2 2 10 1 5574 9290 5331
18506 2 2 10 1 6623 8991 8929
18507 2 2 10 1 5381 9229 9216
18508 2 2 10 1 9443 9519 5459
18509 2 2 10 1 6662 9700 8876
18510 2 2 10 1 9180 9221 2241
18511 2 2 10 1 4643 9730 6761
18512 2 2 10 1 4040 9330 6952
18513 2 2 10 1 4257 9202 8026
18514 2 2 10 1 8605 9469 5426
18515 2 2 10 1 467 9232 7559
18516 2 2 10 1 8583 9467 6274
18517 2 2 10 1 1472 9298 6626
18518 2 2 10 1 6491 9233 6492
18519 2 2 10 1 5380 9245 9229
18520 2 2 10 1 139 9218 138
18521 2 2 10 1 5380 9229 5381
18522 2 2 10 1 8571 9458 453
18523 2 2 10 1 9157 9343 4294
18524 2 2 10 1 5134 9232 6441
18525 2 2 10 1 5637 9209 5642
18526 2 2 10 1 8016 9205 7895
18527 2 2 10 1 6019 9718 9197
18528 2 2 10 1 5416 9234 5415
18529 2 2 10 1 7572 9467 397
18530 2 2 10 1 3950 9213 7927
18531 2 2 10 1 8640 9459 463
18532 2 2 10 1 1972 9385 9084
18533 2 2 10 1 6492 9233 9195
18534 2 2 10 1 6609 9732 3445
18535 2 2 10 1 8953 9093 5389
18536 2 2 10 1 5616 9451 8447
18537 2 2 10 1 5984 9710 9637
18538 2 2 10 1 7568 9217 505
18539 2 2 10 1 7374 9236 7852
18540 2 2 10 1 3360 9643 6878
18541 2 2 10 1 7896 9215 5133
18542 2 2 10 1 7057 9576 7058
18543 2 2 10 1 4356 9535 6858
18544 2 2 10 1 6788 9663 6789
18545 2 2 10 1 8113 9213 3950
18546 2 2 10 1 5331 9287 6816
18547 2 2 10 1 383 9228 382
18548 2 2 10 1 5530 9239 5529
18549 2 2 10 1 1094 9712 8561
18550 2 2 10 1 5703 9220 4828
18551 2 2 10 1 5457 9245 5380
18552 2 2 10 1 8837 9331 7135
18553 2 2 10 1 9394 9405 5765
18554 2 2 10 1 7098 9646 7099
18555 2 2 10 1 2241 9221 7659
18556 2 2 10 1 7606 9226 486
18557 2 2 10 1 8330 9314 5437
18558 2 2 10 1 9330 9350 6952
18559 2 2 10 1 2656 9222 2428
18560 2 2 10 1 7625 9676 5507
18561 2 2 10 1 7097 9147 8856
18562 2 2 10 1 1858 9313 7285
18563 2 2 10 1 5367 9250 4646
18564 2 2 10 1 5313 9477 8911
18565 2 2 10 1 5432 9597 6953
18566 2 2 10 1 419 9231 7617
18567 2 2 10 1 5330 9225 5328
18568 2 2 10 1 9278 9562 8697
18569 2 2 10 1 5457 9259 9245
18570 2 2 10 1 9317 9553 5818
18571 2 2 10 1 6296 9410 8536
18572 2 2 10 1 6212 9613 3984
18573 2 2 10 1 1298 9244 1296
18574 2 2 10 1 3921 9201 8251
18575 2 2 10 1 1100 9513 573
18576 2 2 10 1 6099 9471 4419
18577 2 2 10 1 7582 9238 419
18578 2 2 10 1 5574 9300 9290
18579 2 2 10 1 3232 9339 3446
18580 2 2 10 1 3860 9285 7073
18581 2 2 10 1 7135 9259 5457
18582 2 2 10 1 7078 9276 4934
18583 2 2 10 1 419 9238 9231
18584 2 2 10 1 6317 9366 5953
18585 2 2 10 1 8026 9235 4733
18586 2 2 10 1 469 9246 367
18587 2 2 10 1 7910 9227 5817
18588 2 2 10 1 6953 9277 5463
18589 2 2 10 1 5460 9249 4762
18590 2 2 10 1 6816 9286 6817
18591 2 2 10 1 5607 9271 9253
18592 2 2 10 1 503 9243 7582
18593 2 2 10 1 5459 9519 5741
18594 2 2 10 1 203 9248 479
18595 2 2 10 1 7257 9367 7258
18596 2 2 10 1 7582 9243 9238
18597 2 2 10 1 6955 9712 1094
18598 2 2 10 1 3690 9247 9186
18599 2 2 10 1 6413 9335 9300
18600 2 2 10 1 4137 9242 5044
18601 2 2 10 1 4642 9730 4643
18602 2 2 10 1 4733 9253 3415
18603 2 2 10 1 5392 9241 4125
18604 2 2 10 1 9336 9615 4171
18605 2 2 10 1 8431 9364 476
18606 2 2 10 1 8954 9121 7652
18607 2 2 10 1 7015 9273 1071
18608 2 2 10 1 7659 9256 7245
18609 2 2 10 1 6173 9270 6144
18610 2 2 10 1 8921 9252 6428
18611 2 2 10 1 6343 9275 6342
18612 2 2 10 1 9633 9696 7391
18613 2 2 10 1 6614 9324 4429
18614 2 2 10 1 5331 9290 9287
18615 2 2 10 1 9221 9256 7659
18616 2 2 10 1 6626 9675 3596
18617 2 2 10 1 6282 9677 5568
18618 2 2 10 1 9315 9510 3582
18619 2 2 10 1 519 9255 7600
18620 2 2 10 1 9282 9313 5854
18621 2 2 10 1 7070 9676 7625
18622 2 2 10 1 5478 9257 5477
18623 2 2 10 1 9510 9535 5392
18624 2 2 10 1 9123 9494 482
18625 2 2 10 1 5683 9559 6227
18626 2 2 10 1 7285 9313 9282
18627 2 2 10 1 5585 9521 4499
18628 2 2 10 1 6717 9680 8878
18629 2 2 10 1 9284 9367 7257
18630 2 2 10 1 6761 9298 1472
18631 2 2 10 1 5850 9285 9146
18632 2 2 10 1 7644 9283 7741
18633 2 2 10 1 6043 9079 9045
18634 2 2 10 1 6641 9671 9159
18635 2 2 10 1 8868 9714 5090
18636 2 2 10 1 45 9272 44
18637 2 2 10 1 7782 9282 5854
18638 2 2 10 1 1631 9258 1629
18639 2 2 10 1 5529 9299 5420
18640 2 2 10 1 6839 9581 5486
18641 2 2 10 1 6332 9446 5494
18642 2 2 10 1 9348 9638 5843
18643 2 2 10 1 6614 9373 9324
18644 2 2 10 1 9323 9330 4040
18645 2 2 10 1 4828 9220 9196
18646 2 2 10 1 5750 9301 4287
18647 2 2 10 1 6629 9705 2252
18648 2 2 10 1 9552 9595 8232
18649 2 2 10 1 7644 9377 9283
18650 2 2 10 1 1071 9333 7016
18651 2 2 10 1 5512 9266 5082
18652 2 2 10 1 7376 9336 7373
18653 2 2 10 1 9333 9382 7016
18654 2 2 10 1 986 9267 785
18655 2 2 10 1 9202 9235 8026
18656 2 2 10 1 9242 9294 5044
18657 2 2 10 1 7547 9274 446
18658 2 2 10 1 5518 9423 7399
18659 2 2 10 1 6860 9344 3831
18660 2 2 10 1 4496 9701 6765
18661 2 2 10 1 5305 9297 4693
18662 2 2 10 1 3770 9280 3769
18663 2 2 10 1 7927 9592 5090
18664 2 2 10 1 494 9093 8843
18665 2 2 10 1 471 9689 9635
18666 2 2 10 1 5852 9285 5850
18667 2 2 10 1 2884 9281 7434
18668 2 2 10 1 5427 9480 6762
18669 2 2 10 1 8346 9483 6766
18670 2 2 10 1 9190 9284 2937
18671 2 2 10 1 7385 9311 5495
18672 2 2 10 1 2947 9260 7965
18673 2 2 10 1 5013 9303 7775
18674 2 2 10 1 4953 9413 8512
18675 2 2 10 1 9273 9333 1071
18676 2 2 10 1 8742 9690 6223
18677 2 2 10 1 375 9292 374
18678 2 2 10 1 6858 9315 6854
18679 2 2 10 1 6062 9427 6061
18680 2 2 10 1 5661 9293 5662
18681 2 2 10 1 416 9287 7555
18682 2 2 10 1 5451 9302 5452
18683 2 2 10 1 1808 9268 7823
18684 2 2 10 1 8067 9269 3598
18685 2 2 10 1 6382 9619 6725
18686 2 2 10 1 3612 9289 3613
18687 2 2 10 1 8016 9279 9205
18688 2 2 10 1 6860 9387 9344
18689 2 2 10 1 5398 9295 5682
18690 2 2 10 1 8037 9271 5607
18691 2 2 10 1 460 9291 7538
18692 2 2 10 1 7555 9290 508
18693 2 2 10 1 471 9635 7614
18694 2 2 10 1 9040 9559 433
18695 2 2 10 1 5370 9262 7974
18696 2 2 10 1 229 9305 228
18697 2 2 10 1 9094 9657 6746
18698 2 2 10 1 1623 9317 7797
18699 2 2 10 1 6504 9651 9071
18700 2 2 10 1 6172 9612 6173
18701 2 2 10 1 9287 9290 7555
18702 2 2 10 1 508 9300 7566
18703 2 2 10 1 5739 9462 5427
18704 2 2 10 1 1775 9334 1250
18705 2 2 10 1 5528 9475 5572
18706 2 2 10 1 2515 9306 2496
18707 2 2 10 1 3596 9655 6631
18708 2 2 10 1 2191 9323 4040
18709 2 2 10 1 2884 9304 9281
18710 2 2 10 1 5887 9628 5885
18711 2 2 10 1 5044 9294 5674
18712 2 2 10 1 7354 9567 6927
18713 2 2 10 1 5036 9296 5538
18714 2 2 10 1 7675 9304 2884
18715 2 2 10 1 8977 9630 526
18716 2 2 10 1 6684 9135 8959
18717 2 2 10 1 9290 9300 508
18718 2 2 10 1 8232 9595 6105
18719 2 2 10 1 358 9310 401
18720 2 2 10 1 9480 9507 6762
18721 2 2 10 1 7798 9411 8121
18722 2 2 10 1 6851 9351 6850
18723 2 2 10 1 7657 9279 8016
18724 2 2 10 1 6825 9637 4205
18725 2 2 10 1 6282 9724 9677
18726 2 2 10 1 6998 9352 3201
18727 2 2 10 1 6858 9535 9510
18728 2 2 10 1 6816 9287 9286
18729 2 2 10 1 5773 9532 5701
18730 2 2 10 1 7113 9369 5549
18731 2 2 10 1 3874 9346 1218
18732 2 2 10 1 544 9314 8330
18733 2 2 10 1 3445 9732 9667
18734 2 2 10 1 3053 9543 3499
18735 2 2 10 1 7578 9312 429
18736 2 2 10 1 3831 9344 9308
18737 2 2 10 1 9233 9268 1808
18738 2 2 10 1 6952 9350 6951
18739 2 2 10 1 7619 9314 544
18740 2 2 10 1 5661 9321 9293
18741 2 2 10 1 7743 9442 7942
18742 2 2 10 1 5912 9466 5481
18743 2 2 10 1 5854 9313 5855
18744 2 2 10 1 9286 9287 416
18745 2 2 10 1 8950 9453 5773
18746 2 2 10 1 5666 9309 5093
18747 2 2 10 1 225 9328 224
18748 2 2 10 1 8716 9417 293
18749 2 2 10 1 8717 9418 101
18750 2 2 10 1 9320 9338 4297
18751 2 2 10 1 408 9625 323
18752 2 2 10 1 381 9332 380
18753 2 2 10 1 6865 9348 6866
18754 2 2 10 1 6765 9701 5545
18755 2 2 10 1 5356 9316 6120
18756 2 2 10 1 7436 9320 4297
18757 2 2 10 1 9300 9335 7566
18758 2 2 10 1 8452 9345 6082
18759 2 2 10 1 5479 9365 5438
18760 2 2 10 1 5825 9359 5446
18761 2 2 10 1 8567 9490 5390
18762 2 2 10 1 9450 9501 2801
18763 2 2 10 1 5929 9321 5661
18764 2 2 10 1 993 9327 7675
18765 2 2 10 1 3951 9713 6309
18766 2 2 10 1 929 9370 7133
18767 2 2 10 1 5548 9368 4334
18768 2 2 10 1 82 9341 81
18769 2 2 10 1 5692 9353 5693
18770 2 2 10 1 6837 9719 9428
18771 2 2 10 1 3169 9452 9396
18772 2 2 10 1 5486 9581 9552
18773 2 2 10 1 929 9388 9370
18774 2 2 10 1 6630 9644 2766
18775 2 2 10 1 6762 9507 3693
18776 2 2 10 1 7566 9335 468
18777 2 2 10 1 2728 9373 6614
18778 2 2 10 1 7457 9367 9284
18779 2 2 10 1 6549 9372 6544
18780 2 2 10 1 7675 9327 9304
18781 2 2 10 1 5488 9364 5487
18782 2 2 10 1 8625 9402 6702
18783 2 2 10 1 5444 9374 5771
18784 2 2 10 1 5823 9429 5824
18785 2 2 10 1 409 9575 8681
18786 2 2 10 1 397 9467 8583
18787 2 2 10 1 4709 9601 6867
18788 2 2 10 1 5486 9552 8232
18789 2 2 10 1 9268 9322 7823
18790 2 2 10 1 8930 9563 447
18791 2 2 10 1 7628 9340 426
18792 2 2 10 1 3169 9396 7470
18793 2 2 10 1 3864 9356 4714
18794 2 2 10 1 7823 9322 2933
18795 2 2 10 1 8896 9251 967
18796 2 2 10 1 5389 9691 9131
18797 2 2 10 1 7618 9342 509
18798 2 2 10 1 6082 9345 6080
18799 2 2 10 1 2582 9337 2580
18800 2 2 10 1 2252 9672 6630
18801 2 2 10 1 7854 9403 9355
18802 2 2 10 1 4297 9338 4298
18803 2 2 10 1 7016 9382 2743
18804 2 2 10 1 7994 9318 3498
18805 2 2 10 1 509 9347 7628
18806 2 2 10 1 7854 9355 5037
18807 2 2 10 1 8424 9247 3690
18808 2 2 10 1 2538 9383 7462
18809 2 2 10 1 5489 9566 6425
18810 2 2 10 1 6332 9502 9446
18811 2 2 10 1 3080 9387 6860
18812 2 2 10 1 450 9349 7618
18813 2 2 10 1 993 9393 9327
18814 2 2 10 1 6328 9392 6327
18815 2 2 10 1 7628 9347 9340
18816 2 2 10 1 9322 9363 2933
18817 2 2 10 1 9342 9347 509
18818 2 2 10 1 926 9361 910
18819 2 2 10 1 7611 9402 530
18820 2 2 10 1 8981 9474 545
18821 2 2 10 1 3596 9675 9655
18822 2 2 10 1 7618 9349 9342
18823 2 2 10 1 6548 9444 6665
18824 2 2 10 1 9271 9358 4308
18825 2 2 10 1 5487 9364 8431
18826 2 2 10 1 5914 9716 5475
18827 2 2 10 1 4692 9367 7457
18828 2 2 10 1 6957 9520 8885
18829 2 2 10 1 7942 9512 986
18830 2 2 10 1 5652 9728 4677
18831 2 2 10 1 5376 9398 4361
18832 2 2 10 1 446 9668 9033
18833 2 2 10 1 7645 9377 7644
18834 2 2 10 1 4409 9354 5049
18835 2 2 10 1 4708 9388 929
18836 2 2 10 1 4677 9674 7244
18837 2 2 10 1 3080 9416 9387
18838 2 2 10 1 2582 9362 9337
18839 2 2 10 1 424 9488 8854
18840 2 2 10 1 4308 9358 5062
18841 2 2 10 1 6764 9573 4709
18842 2 2 10 1 7062 9733 4952
18843 2 2 10 1 2584 9362 2582
18844 2 2 10 1 1596 9395 1598
18845 2 2 10 1 6892 9404 5823
18846 2 2 10 1 7341 9497 8971
18847 2 2 10 1 5330 9264 9225
18848 2 2 10 1 9081 9649 6937
18849 2 2 10 1 6089 9662 6025
18850 2 2 10 1 533 9520 7570
18851 2 2 10 1 2557 9547 2554
18852 2 2 10 1 413 9648 9019
18853 2 2 10 1 9361 9386 910
18854 2 2 10 1 407 9734 9107
18855 2 2 10 1 5849 9406 5851
18856 2 2 10 1 7577 9378 537
18857 2 2 10 1 6643 9498 3013
18858 2 2 10 1 5103 9357 7955
18859 2 2 10 1 7241 9553 5979
18860 2 2 10 1 7122 9473 9452
18861 2 2 10 1 4426 9409 5707
18862 2 2 10 1 2933 9363 7788
18863 2 2 10 1 9360 9412 4880
18864 2 2 10 1 7122 9452 3169
18865 2 2 10 1 910 9386 906
18866 2 2 10 1 1596 9420 9395
18867 2 2 10 1 3192 9375 2589
18868 2 2 10 1 5692 9430 9353
18869 2 2 10 1 5769 9379 7906
18870 2 2 10 1 2746 9621 8245
18871 2 2 10 1 5872 9507 9480
18872 2 2 10 1 7584 9389 415
18873 2 2 10 1 9032 9634 5285
18874 2 2 10 1 497 9469 8605
18875 2 2 10 1 8543 9408 5976
18876 2 2 10 1 8904 9546 5569
18877 2 2 10 1 3290 9384 3287
18878 2 2 10 1 5346 9380 4450
18879 2 2 10 1 9545 9593 7206
18880 2 2 10 1 6758 9424 6759
18881 2 2 10 1 5326 9416 3080
18882 2 2 10 1 8994 9594 422
18883 2 2 10 1 7671 9393 993
18884 2 2 10 1 7 9401 6
18885 2 2 10 1 1974 9385 1972
18886 2 2 10 1 1594 9420 1596
18887 2 2 10 1 838 9435 630
18888 2 2 10 1 974 9509 6859
18889 2 2 10 1 6423 9500 6424
18890 2 2 10 1 7921 9545 7206
18891 2 2 10 1 1635 9390 1633
18892 2 2 10 1 8887 9495 6407
18893 2 2 10 1 6643 9587 9498
18894 2 2 10 1 7117 9516 9487
18895 2 2 10 1 9112 9665 438
18896 2 2 10 1 5536 9730 4642
18897 2 2 10 1 7117 9487 4676
18898 2 2 10 1 5467 9397 5465
18899 2 2 10 1 7340 9626 7341
18900 2 2 10 1 9106 9662 453
18901 2 2 10 1 5599 9551 6587
18902 2 2 10 1 4923 9437 6765
18903 2 2 10 1 8514 9264 5330
18904 2 2 10 1 9020 9074 1272
18905 2 2 10 1 1535 9438 2144
18906 2 2 10 1 9482 9578 8351
18907 2 2 10 1 6061 9456 6060
18908 2 2 10 1 7181 9443 7185
18909 2 2 10 1 2526 9428 3394
18910 2 2 10 1 5326 9460 9416
18911 2 2 10 1 2548 9425 2546
18912 2 2 10 1 196 9440 552
18913 2 2 10 1 582 9439 580
18914 2 2 10 1 6790 9501 9476
18915 2 2 10 1 388 9436 550
18916 2 2 10 1 8756 9423 452
18917 2 2 10 1 8536 9410 462
18918 2 2 10 1 6790 9476 6791
18919 2 2 10 1 7539 9405 469
18920 2 2 10 1 23 9414 424
18921 2 2 10 1 6859 9509 9461
18922 2 2 10 1 4645 9489 7292
18923 2 2 10 1 5701 9407 5702
18924 2 2 10 1 4330 9454 5598
18925 2 2 10 1 292 9417 551
18926 2 2 10 1 100 9418 549
18927 2 2 10 1 209 9431 208
18928 2 2 10 1 1091 9473 7122
18929 2 2 10 1 2868 9447 9415
18930 2 2 10 1 9246 9394 6819
18931 2 2 10 1 7191 9460 5326
18932 2 2 10 1 2868 9415 7671
18933 2 2 10 1 1635 9421 9390
18934 2 2 10 1 4880 9412 4452
18935 2 2 10 1 5714 9474 5275
18936 2 2 10 1 6694 9584 5552
18937 2 2 10 1 6349 9682 5512
18938 2 2 10 1 5490 9486 6916
18939 2 2 10 1 1766 9478 1824
18940 2 2 10 1 6859 9461 2829
18941 2 2 10 1 628 9453 626
18942 2 2 10 1 6343 9292 9275
18943 2 2 10 1 462 9433 271
18944 2 2 10 1 5656 9488 5655
18945 2 2 10 1 8693 9657 5448
18946 2 2 10 1 8230 9366 3797
18947 2 2 10 1 9442 9512 7942
18948 2 2 10 1 4333 9465 6712
18949 2 2 10 1 6917 9430 5692
18950 2 2 10 1 7671 9415 9393
18951 2 2 10 1 6444 9706 5745
18952 2 2 10 1 124 9448 123
18953 2 2 10 1 6425 9530 6423
18954 2 2 10 1 5468 9403 7854
18955 2 2 10 1 6162 9713 6161
18956 2 2 10 1 6380 9471 5484
18957 2 2 10 1 7181 9519 9443
18958 2 2 10 1 1637 9421 1635
18959 2 2 10 1 5468 9455 9403
18960 2 2 10 1 9201 9620 8251
18961 2 2 10 1 3984 9613 3904
18962 2 2 10 1 8653 9251 7132
18963 2 2 10 1 8681 9575 5425
18964 2 2 10 1 7578 9684 9312
18965 2 2 10 1 3800 9419 5174
18966 2 2 10 1 5453 9449 8985
18967 2 2 10 1 5884 9502 6332
18968 2 2 10 1 4352 9441 5509
18969 2 2 10 1 2801 9501 6790
18970 2 2 10 1 7011 9526 4421
18971 2 2 10 1 8962 9123 482
18972 2 2 10 1 6391 9594 6720
18973 2 2 10 1 4462 9432 5079
18974 2 2 10 1 4298 9429 4316
18975 2 2 10 1 6191 9670 6193
18976 2 2 10 1 7564 9445 412
18977 2 2 10 1 2707 9531 7506
18978 2 2 10 1 7670 9447 2868
18979 2 2 10 1 5780 9516 7117
18980 2 2 10 1 2707 9605 9531
18981 2 2 10 1 5540 9468 6056
18982 2 2 10 1 582 9570 9439
18983 2 2 10 1 5867 9518 5485
18984 2 2 10 1 5665 9508 5493
18985 2 2 10 1 2166 9434 1896
18986 2 2 10 1 7608 9495 405
18987 2 2 10 1 8245 9621 6146
18988 2 2 10 1 9632 9687 5792
18989 2 2 10 1 5552 9584 9583
18990 2 2 10 1 5271 9319 8424
18991 2 2 10 1 469 9405 9394
18992 2 2 10 1 453 9458 205
18993 2 2 10 1 9274 9668 446
18994 2 2 10 1 4191 9503 5818
18995 2 2 10 1 6694 9598 9584
18996 2 2 10 1 465 9486 8801
18997 2 2 10 1 463 9459 8480
18998 2 2 10 1 7132 9391 8223
18999 2 2 10 1 2882 9529 7141
19000 2 2 10 1 9005 9205 7894
19001 2 2 10 1 8670 9252 5253
19002 2 2 10 1 5510 9463 6009
19003 2 2 10 1 1260 9519 7181
19004 2 2 10 1 476 9481 10
19005 2 2 10 1 5578 9455 5468
19006 2 2 10 1 9034 9118 5608
19007 2 2 10 1 7543 9469 497
19008 2 2 10 1 9045 9079 2599
19009 2 2 10 1 7460 9523 7461
19010 2 2 10 1 5498 9522 8538
19011 2 2 10 1 267 9496 266
19012 2 2 10 1 418 9477 7621
19013 2 2 10 1 2084 9485 2085
19014 2 2 10 1 5803 9527 5867
19015 2 2 10 1 4475 9472 4476
19016 2 2 10 1 7994 9521 9318
19017 2 2 10 1 399 9711 7553
19018 2 2 10 1 9085 9538 423
19019 2 2 10 1 1282 9514 1280
19020 2 2 10 1 1284 9517 1282
19021 2 2 10 1 5558 9560 5557
19022 2 2 10 1 5690 9563 6008
19023 2 2 10 1 5587 9556 6698
19024 2 2 10 1 3990 9492 3787
19025 2 2 10 1 9091 9670 496
19026 2 2 10 1 4780 9505 9493
19027 2 2 10 1 4138 9505 4780
19028 2 2 10 1 118 9506 117
19029 2 2 10 1 5705 9561 5706
19030 2 2 10 1 1282 9517 9514
19031 2 2 10 1 6713 9668 6711
19032 2 2 10 1 5833 9639 5977
19033 2 2 10 1 9573 9601 4709
19034 2 2 10 1 314 9504 470
19035 2 2 10 1 579 9479 581
19036 2 2 10 1 482 9494 7534
19037 2 2 10 1 4205 9710 7406
19038 2 2 10 1 9378 9684 537
19039 2 2 10 1 5578 9491 9455
19040 2 2 10 1 8424 9319 9247
19041 2 2 10 1 9427 9456 6061
19042 2 2 10 1 9432 9499 5079
19043 2 2 10 1 5602 9589 9585
19044 2 2 10 1 5590 9564 5588
19045 2 2 10 1 5562 9606 9598
19046 2 2 10 1 2352 9587 6643
19047 2 2 10 1 3542 9660 6865
19048 2 2 10 1 5709 9539 8325
19049 2 2 10 1 534 9500 7583
19050 2 2 10 1 2252 9705 9672
19051 2 2 10 1 5552 9583 7062
19052 2 2 10 1 5611 9591 9589
19053 2 2 10 1 473 9631 7594
19054 2 2 10 1 5580 9491 5578
19055 2 2 10 1 5951 9511 6316
19056 2 2 10 1 5613 9599 9591
19057 2 2 10 1 6663 9665 6664
19058 2 2 10 1 9318 9521 5585
19059 2 2 10 1 428 9619 9014
19060 2 2 10 1 5646 9603 9599
19061 2 2 10 1 2379 9590 2377
19062 2 2 10 1 5871 9507 5872
19063 2 2 10 1 5481 9541 3899
19064 2 2 10 1 5648 9609 9603
19065 2 2 10 1 5562 9598 6694
19066 2 2 10 1 9540 9579 7525
19067 2 2 10 1 5602 9585 5600
19068 2 2 10 1 7206 9593 1490
19069 2 2 10 1 5658 9611 9609
19070 2 2 10 1 4264 9528 4336
19071 2 2 10 1 5611 9589 5602
19072 2 2 10 1 5563 9606 5562
19073 2 2 10 1 591 9497 593
19074 2 2 10 1 468 9326 9024
19075 2 2 10 1 3337 9627 7365
19076 2 2 10 1 5613 9591 5611
19077 2 2 10 1 1149 9604 1151
19078 2 2 10 1 4520 9540 4521
19079 2 2 10 1 8776 9515 9343
19080 2 2 10 1 584 9570 582
19081 2 2 10 1 5646 9599 5613
19082 2 2 10 1 5565 9622 9614
19083 2 2 10 1 7233 9616 7232
19084 2 2 10 1 7288 9582 7203
19085 2 2 10 1 6423 9530 9500
19086 2 2 10 1 5648 9603 5646
19087 2 2 10 1 5563 9614 9606
19088 2 2 10 1 7575 9592 9213
19089 2 2 10 1 7762 9698 5595
19090 2 2 10 1 5658 9609 5648
19091 2 2 10 1 121 9549 120
19092 2 2 10 1 6105 9635 6106
19093 2 2 10 1 7109 9721 4915
19094 2 2 10 1 5660 9611 5658
19095 2 2 10 1 9500 9530 7583
19096 2 2 10 1 5565 9614 5563
19097 2 2 10 1 5918 9659 5585
19098 2 2 10 1 3335 9484 8200
19099 2 2 10 1 8076 9634 487
19100 2 2 10 1 595 9533 818
19101 2 2 10 1 7700 9524 5517
19102 2 2 10 1 4782 9571 7414
19103 2 2 10 1 7525 9579 2479
19104 2 2 10 1 6022 9103 9052
19105 2 2 10 1 76 9554 75
19106 2 2 10 1 7583 9530 430
19107 2 2 10 1 5680 9483 8346
19108 2 2 10 1 5580 9537 9491
19109 2 2 10 1 5567 9622 5565
19110 2 2 10 1 5754 9648 5753
19111 2 2 10 1 3103 9699 7313
19112 2 2 10 1 9690 9695 7186
19113 2 2 10 1 353 9565 352
19114 2 2 10 1 351 9568 350
19115 2 2 10 1 355 9569 354
19116 2 2 10 1 470 9558 313
19117 2 2 10 1 7120 9731 2848
19118 2 2 10 1 5774 9652 5685
19119 2 2 10 1 8548 9325 7789
19120 2 2 10 1 8779 9576 543
19121 2 2 10 1 442 9691 7550
19122 2 2 10 1 4870 9613 9168
19123 2 2 10 1 6127 9722 6126
19124 2 2 10 1 7023 9681 800
19125 2 2 10 1 542 9548 7615
19126 2 2 10 1 13 9577 12
19127 2 2 10 1 7615 9550 408
19128 2 2 10 1 781 9536 1097
19129 2 2 10 1 7186 9695 7187
19130 2 2 10 1 349 9580 348
19131 2 2 10 1 6716 9680 6717
19132 2 2 10 1 9666 9669 1330
19133 2 2 10 1 5842 9630 5830
19134 2 2 10 1 7868 9615 5833
19135 2 2 10 1 541 9552 7613
19136 2 2 10 1 5619 9537 5580
19137 2 2 10 1 5314 9724 6282
19138 2 2 10 1 348 9586 347
19139 2 2 10 1 4222 9605 2707
19140 2 2 10 1 1073 9690 7186
19141 2 2 10 1 1908 9683 2082
19142 2 2 10 1 5253 9252 8921
19143 2 2 10 1 1334 9666 1330
19144 2 2 10 1 7646 9542 7643
19145 2 2 10 1 1330 9669 1308
19146 2 2 10 1 4545 9608 7121
19147 2 2 10 1 8694 9278 5369
19148 2 2 10 1 7968 9510 5392
19149 2 2 10 1 7548 9649 493
19150 2 2 10 1 9542 9679 1015
19151 2 2 10 1 5730 9697 5844
19152 2 2 10 1 9548 9550 7615
19153 2 2 10 1 9530 9566 430
19154 2 2 10 1 5745 9678 5990
19155 2 2 10 1 9580 9586 348
19156 2 2 10 1 9635 9689 6106
19157 2 2 10 1 430 9566 7581
19158 2 2 10 1 1912 9557 2164
19159 2 2 10 1 5449 9544 5843
19160 2 2 10 1 1297 9703 1299
19161 2 2 10 1 6106 9689 6108
19162 2 2 10 1 316 9602 315
19163 2 2 10 1 9484 9534 8200
19164 2 2 10 1 722 9725 726
19165 2 2 10 1 2628 9702 3029
19166 2 2 10 1 8117 9263 9178
19167 2 2 10 1 8853 9219 4194
19168 2 2 10 1 5575 9588 5022
19169 2 2 10 1 9100 9101 5047
19170 2 2 10 1 5619 9572 9537
19171 2 2 10 1 7613 9581 414
19172 2 2 10 1 6630 9672 9644
19173 2 2 10 1 5834 9521 7994
19174 2 2 10 1 9552 9581 7613
19175 2 2 10 1 340 9618 339
19176 2 2 10 1 5621 9572 5619
19177 2 2 10 1 5079 9499 8177
19178 2 2 10 1 2849 9694 7795
19179 2 2 10 1 6031 9734 6032
19180 2 2 10 1 541 9595 9552
19181 2 2 10 1 4521 9540 9515
19182 2 2 10 1 7816 9632 5792
19183 2 2 10 1 7614 9595 541
19184 2 2 10 1 5559 9712 6955
19185 2 2 10 1 8584 9360 4880
19186 2 2 10 1 6425 9566 9530
19187 2 2 10 1 9297 9442 7258
19188 2 2 10 1 5853 9573 5377
19189 2 2 10 1 5792 9687 5791
19190 2 2 10 1 5717 9717 5716
19191 2 2 10 1 8239 9555 1096
19192 2 2 10 1 8868 9592 7575
19193 2 2 10 1 5531 9101 9100
19194 2 2 10 1 650 9708 1092
19195 2 2 10 1 9266 9682 4239
19196 2 2 10 1 4780 9493 8209
19197 2 2 10 1 6682 9640 6681
19198 2 2 10 1 5651 9688 9654
19199 2 2 10 1 9534 9645 4982
19200 2 2 10 1 9251 9391 7132
19201 2 2 10 1 191 9650 190
19202 2 2 10 1 7801 9612 2939
19203 2 2 10 1 1681 9629 1682
19204 2 2 10 1 5853 9601 9573
19205 2 2 10 1 329 9653 328
19206 2 2 10 1 751 9673 746
19207 2 2 10 1 6081 9707 6082
19208 2 2 10 1 5621 9617 9572
19209 2 2 10 1 5855 9601 5853
19210 2 2 10 1 8177 9525 5508
19211 2 2 10 1 9687 9727 5791
19212 2 2 10 1 746 9692 742
19213 2 2 10 1 9673 9692 746
19214 2 2 10 1 9615 9639 5833
19215 2 2 10 1 7753 9617 5621
19216 2 2 10 1 4270 9633 4271
19217 2 2 10 1 6080 9345 9022
19218 2 2 10 1 5049 9482 8351
19219 2 2 10 1 5767 9400 8504
19220 2 2 10 1 6865 9660 9638
19221 2 2 10 1 2160 9639 7376
19222 2 2 10 1 5977 9655 5832
19223 2 2 10 1 530 9402 8625
19224 2 2 10 1 5539 9710 5984
19225 2 2 10 1 7593 9641 532
19226 2 2 10 1 6035 9643 6034
19227 2 2 10 1 9499 9525 8177
19228 2 2 10 1 9655 9675 5832
19229 2 2 10 1 28 9726 27
19230 2 2 10 1 2650 9636 2653
19231 2 2 10 1 5837 9667 5835
19232 2 2 10 1 4757 9664 4282
19233 2 2 10 1 9638 9660 5462
19234 2 2 10 1 645 9661 648
19235 2 2 10 1 4696 9685 5138
19236 2 2 10 1 9667 9732 5835
19237 2 2 10 1 477 9729 106
19238 2 2 10 1 5745 9706 9678
19239 2 2 10 1 5960 9688 5651
19240 2 2 10 1 8200 9534 4982
19241 2 2 10 1 4982 9645 5684
19242 2 2 10 1 5651 9654 7478
19243 2 2 10 1 491 9671 7552
19244 2 2 10 1 5832 9675 5536
19245 2 2 10 1 8166 9658 1093
19246 2 2 10 1 537 9684 7578
19247 2 2 10 1 5791 9727 5859
19248 2 2 10 1 5844 9697 8996
19249 2 2 10 1 7058 9576 8779
19250 2 2 10 1 9027 9492 5810
19251 2 2 10 1 7597 9693 7596
19252 2 2 10 1 5973 9716 4329
19253 2 2 10 1 7376 9639 9615
19254 2 2 10 1 4677 9728 9674
19255 2 2 10 1 9012 9658 5125
19256 2 2 10 1 7549 9704 400
19257 2 2 10 1 7961 9596 1502
19258 2 2 10 1 5835 9732 5788
19259 2 2 10 1 5305 9512 9442
19260 2 2 10 1 5462 9660 6099
19261 2 2 10 1 4866 9723 9715
19262 2 2 10 1 5018 9709 5749
19263 2 2 10 1 4270 9696 9633
19264 2 2 10 1 3849 9720 5746
19265 2 2 10 1 5742 9723 4866
19266 2 2 10 1 5641 9647 7753
19267 2 2 10 1 552 9440 8936
19268 2 2 10 1 7753 9647 9617
19269 2 2 10 1 7399 9423 8756
19270 2 2 10 1 8495 9722 3946
19271 2 2 10 1 4866 9715 7431
19272 2 2 10 1 7923 9646 3939
19273 2 2 10 1 7815 9696 4270
19274 2 2 10 1 1253 9475 8841
19275 2 2 10 1 551 9417 8716
19276 2 2 10 1 549 9418 8717
19277 2 2 10 1 8217 9638 5462
19278 2 2 10 1 8251 9620 5865
19279 2 2 10 1 5509 9672 8108
19280 2 2 10 1 9148 9308 5847
19281 2 2 10 1 8980 9693 7597
19282 2 2 10 1 8108 9705 5543
19283 2 2 10 1 8188 9637 6825
19284 2 2 10 1 8798 9663 6788
19285 2 2 10 1 9061 9380 6758
19286 2 2 10 1 9053 9424 5346
19287 2 2 10 1 8776 9343 5419
19288 2 2 10 1 9379 9543 3693
19289 2 2 10 1 400 9704 8978
19290 2 2 10 1 5090 9592 8868
19291 2 2 10 1 8351 9578 5541
19292 2 2 10 1 7121 9608 9541
19293 2 2 10 1 9644 9672 5509
19294 2 2 10 1 8987 9406 5849
19295 2 2 10 1 8267 9642 4313
19296 2 2 10 1 9466 9541 5481
19297 2 2 10 1 6009 9728 8253
19298 2 2 10 1 7227 9196 9125
19299 2 2 10 1 9672 9705 8108
19300 2 2 10 1 5949 9644 9441
19301 2 2 10 1 412 9445 8787
19302 2 2 10 1 5158 9409 9050
19303 2 2 10 1 532 9641 8941
19304 2 2 10 1 4870 9657 8693
19305 2 2 10 1 9354 9482 5049
19306 2 2 10 1 8599 9462 943
19307 2 2 10 1 4995 9331 8837
19308 2 2 10 1 9060 9633 7391
19309 2 2 10 1 9375 9522 5839
19310 2 2 10 1 3093 9426 8670
19311 2 2 10 1 5582 9600 8437
19312 2 2 10 1 5872 9480 8599
19313 2 2 10 1 5388 9719 9571
19314 2 2 10 1 5419 9343 9157
19315 2 2 10 1 5367 9329 9250
19316 2 2 10 1 6327 9392 8798
19317 2 2 10 1 9674 9728 6009
19318 2 2 10 1 9397 9567 3499
19319 2 2 10 1 6316 9511 9098
19320 2 2 10 1 8512 9623 6462
19321 2 2 10 1 5448 9657 9094
19322 2 2 10 1 481 9651 8477
19323 2 2 10 1 9125 9196 6672
19324 2 2 10 1 550 9436 8763
19325 2 2 10 1 7646 9679 9542
19326 2 2 10 1 8796 9733 7062
19327 2 2 10 1 8763 9436 5
19328 2 2 10 1 8885 9520 533
19329 2 2 10 1 6975 9607 8583
19330 2 2 10 1 1602 9674 9463
19331 2 2 10 1 6625 9254 9170
19332 2 2 10 1 5952 9450 9054
19333 2 2 10 1 5662 9733 8796
19334 2 2 10 1 8854 9488 5656
19335 2 2 10 1 6126 9722 8495
19336 2 2 10 1 8561 9712 5559
19337 2 2 10 1 8801 9486 5490
19338 2 2 10 1 9571 9719 7414
19339 2 2 10 1 6008 9563 8930
19340 2 2 10 1 5830 9630 8977
19341 2 2 10 1 8697 9562 7683
19342 2 2 10 1 9145 9224 5715
19343 2 2 10 1 4521 9515 8776
19344 2 2 10 1 9255 9717 5717
19345 2 2 10 1 8911 9477 418
19346 2 2 10 1 9374 9434 5771
19347 2 2 10 1 8850 9450 5952
19348 2 2 10 1 405 9495 8887
19349 2 2 10 1 8628 9700 6662
19350 2 2 10 1 6656 9376 9310
19351 2 2 10 1 3445 9667 9111
19352 2 2 10 1 6082 9707 9357
19353 2 2 10 1 9115 9542 1015
19354 2 2 10 1 9265 9719 6837
19355 2 2 10 1 9170 9254 5445
19356 2 2 10 1 6227 9559 9040
19357 2 2 10 1 6789 9602 9130
19358 2 2 10 1 8936 9440 197
19359 2 2 10 1 9213 9592 7927
19360 2 2 10 1 5701 9532 9407
19361 2 2 10 1 9154 9286 416
19362 2 2 10 1 9178 9263 1618
19363 2 2 10 1 8599 9480 9462
19364 2 2 10 1 9192 9475 1253
19365 2 2 10 1 9389 9508 415
19366 2 2 10 1 7285 9282 9175
19367 2 2 10 1 9462 9480 5427
19368 2 2 10 1 2955 9546 8904
19369 2 2 10 1 3831 9308 9148
19370 2 2 10 1 4316 9404 9144
19371 2 2 10 1 7457 9284 9190
19372 2 2 10 1 6720 9594 8994
19373 2 2 10 1 9155 9470 534
19374 2 2 10 1 9019 9648 5754
19375 2 2 10 1 9033 9668 6713
19376 2 2 10 1 9377 9513 1100
19377 2 2 10 1 3446 9339 9295
19378 2 2 10 1 2085 9724 9161
19379 2 2 10 1 4525 9523 9181
19380 2 2 10 1 4298 9656 9429
19381 2 2 10 1 9472 9562 4476
19382 2 2 10 1 9429 9656 5824
19383 2 2 10 1 6789 9663 9504
19384 2 2 10 1 9231 9400 7617
19385 2 2 10 1 7623 9714 8868
19386 2 2 10 1 9014 9619 6382
19387 2 2 10 1 8504 9400 9231
19388 2 2 10 1 5825 9506 9359
19389 2 2 10 1 487 9634 9032
19390 2 2 10 1 9126 9689 471
19391 2 2 10 1 8121 9411 9369
19392 2 2 10 1 9199 9478 5882
19393 2 2 10 1 9371 9486 465
19394 2 2 10 1 9107 9734 6031
19395 2 2 10 1 9092 9631 473
19396 2 2 10 1 9071 9651 481
19397 2 2 10 1 6193 9670 9091
19398 2 2 10 1 9295 9339 5682
19399 2 2 10 1 9435 9532 5773
19400 2 2 10 1 469 9394 9246
19401 2 2 10 1 5388 9571 9206
19402 2 2 10 1 6025 9662 9106
19403 2 2 10 1 6664 9665 9112
19404 2 2 10 1 493 9649 9081
19405 2 2 10 1 9383 9528 7462
19406 2 2 10 1 9422 9625 408
19407 2 2 10 1 9298 9730 5536
19408 2 2 10 1 7614 9635 9595
19409 2 2 10 1 9197 9718 6157
19410 2 2 10 1 9310 9376 401
19411 2 2 10 1 9595 9635 6105
19412 2 2 10 1 6916 9486 9371
19413 2 2 10 1 9353 9371 5693
19414 2 2 10 1 5572 9475 9192
19415 2 2 10 1 6916 9371 9353
19416 2 2 10 1 9131 9691 442
19417 2 2 10 1 5392 9535 9241
19418 2 2 10 1 9293 9733 5662
19419 2 2 10 1 5478 9503 9257
19420 2 2 10 1 9399 9734 407
19421 2 2 10 1 5305 9442 9297
19422 2 2 10 1 6032 9734 9399
19423 2 2 10 1 9269 9518 3598
19424 2 2 10 1 9392 9558 470
19425 2 2 10 1 9159 9671 491
19426 2 2 10 1 9369 9411 5549
19427 2 2 10 1 9338 9656 4298
19428 2 2 10 1 9168 9613 6212
19429 2 2 10 1 5376 9624 9398
19430 2 2 10 1 9483 9547 2557
19431 2 2 10 1 1775 9544 9334
19432 2 2 10 1 6858 9510 9315
19433 2 2 10 1 986 9610 9267
19434 2 2 10 1 9485 9677 2085
19435 2 2 10 1 2656 9624 9222
19436 2 2 10 1 519 9597 9255
19437 2 2 10 1 7341 9626 9533
19438 2 2 10 1 3192 9522 9375
19439 2 2 10 1 7645 9513 9377
19440 2 2 10 1 1623 9553 9317
19441 2 2 10 1 5512 9682 9266
19442 2 2 10 1 450 9686 9349
19443 2 2 10 1 9398 9527 5803
19444 2 2 10 1 5769 9543 9379
19445 2 2 10 1 6328 9558 9392
19446 2 2 10 1 838 9532 9435
19447 2 2 10 1 6865 9638 9348
19448 2 2 10 1 5467 9567 9397
19449 2 2 10 1 7376 9615 9336
19450 2 2 10 1 9622 9711 399
19451 2 2 10 1 7734 9721 9464
19452 2 2 10 1 9464 9721 7109
19453 2 2 10 1 9587 9698 7762
19454 2 2 10 1 5680 9547 9483
19455 2 2 10 1 5585 9659 9318
19456 2 2 10 1 6232 9625 9422
19457 2 2 10 1 6761 9730 9298
19458 2 2 10 1 4952 9733 9293
19459 2 2 10 1 9441 9644 5509
19460 2 2 10 1 9527 9624 2656
19461 2 2 10 1 9398 9624 9527
19462 2 2 10 1 9533 9626 818
19463 2 2 10 1 9463 9674 6009
19464 2 2 10 1 9504 9663 470
19465 2 2 10 1 2352 9698 9587
19466 2 2 10 1 5567 9711 9622
$EndElements
