$MeshFormat
2.2 0 8
$EndMeshFormat
$PhysicalNames
6
1 1 "bottom"
1 2 "right"
1 3 "top"
1 4 "left"
1 5 "obstacle_boundary"
2 10 "fluid_domain"
$EndPhysicalNames
$Nodes
7946
1 0 0 0
2 2.2 0 0
3 2.2 0.41 0
4 0 0.41 0
5 0.25 0.2 0
6 0.01041546717368702 0 0
7 0.02083276904356657 0 0
8 0.03125373817121165 0 0
9 0.04168020252191584 0 0
10 0.05211398325994346 0 0
11 0.06254271399207001 0 0
12 0.0728352211085727 0 0
13 0.08295503200421465 0 0
14 0.09291187407929115 0 0
15 0.1027206041598333 0 0
16 0.1123963329759422 0 0
17 0.1219544285675846 0 0
18 0.1314105182617115 0 0
19 0.1407804779089571 0 0
20 0.1500803259576786 0 0
21 0.1593098576021307 0 0
22 0.1684730496733575 0 0
23 0.1775862273511042 0 0
24 0.1866658782866452 0 0
25 0.1957286054972607 0 0
26 0.204791070604056 0 0
27 0.2138699363495992 0 0
28 0.2229743917161269 0 0
29 0.2320997533589998 0 0
30 0.2412612864291798 0 0
31 0.2504754613147221 0 0
32 0.2597585810782823 0 0
33 0.2691267428253583 0 0
34 0.2785958037186003 0 0
35 0.2881813369278571 0 0
36 0.2978845131273176 0 0
37 0.3077089910487358 0 0
38 0.3176701584995236 0 0
39 0.327783150567643 0 0
40 0.3380628765407955 0 0
41 0.3485240131491969 0 0
42 0.3591810418710026 0 0
43 0.3700482813045953 0 0
44 0.381139893918739 0 0
45 0.392464936571682 0 0
46 0.4039880201876415 0 0
47 0.415580198911807 0 0
48 0.4272297546514668 0 0
49 0.4389377521708086 0 0
50 0.4507052504540615 0 0
51 0.4625332890200815 0 0
52 0.4744229333010273 0 0
53 0.4863750784084026 0 0
54 0.4983907546533521 0 0
55 0.510471020878417 0 0
56 0.5226167715071789 0 0
57 0.5348290150481222 0 0
58 0.5471086663268073 0 0
59 0.5594566673326076 0 0
60 0.571873946570387 0 0
61 0.5843614169898208 0 0
62 0.5969200112161163 0 0
63 0.6095506168184538 0 0
64 0.6222541288330801 0 0
65 0.6350314430740127 0 0
66 0.6478834329725699 0 0
67 0.6608109765146125 0 0
68 0.673814941205223 0 0
69 0.6868962003852811 0 0
70 0.7000556059609681 0 0
71 0.7132940135137202 0 0
72 0.7266122820479884 0 0
73 0.7400112511682229 0 0
74 0.7534917667244875 0 0
75 0.7670546715963488 0 0
76 0.7807008018454367 0 0
77 0.7944309991564816 0 0
78 0.8082460935649446 0 0
79 0.8221469156256616 0 0
80 0.8361342976057391 0 0
81 0.8502090660090448 0 0
82 0.8643720554214951 0 0
83 0.8786240866353934 0 0
84 0.8929659866440046 0 0
85 0.9073985871507819 0 0
86 0.921922708814387 0 0
87 0.9365391830164269 0 0
88 0.9512488290973025 0 0
89 0.9660524814424466 0 0
90 0.9809509636555301 0 0
91 0.9959451051682356 0 0
92 1.011035733995453 0 0
93 1.026223683180913 0 0
94 1.041509783263077 0 0
95 1.056894870572183 0 0
96 1.072341459135786 0 0
97 1.087788836407898 0 0
98 1.103236213680011 0 0
99 1.118683590952123 0 0
100 1.134130968224236 0 0
101 1.149578345496348 0 0
102 1.165025722768461 0 0
103 1.180473100040574 0 0
104 1.195920477312686 0 0
105 1.211367854584799 0 0
106 1.226815231856911 0 0
107 1.242262609129024 0 0
108 1.257709986401136 0 0
109 1.273157363673249 0 0
110 1.288604740945361 0 0
111 1.304052118217474 0 0
112 1.319499495489587 0 0
113 1.334946872761699 0 0
114 1.350394250033812 0 0
115 1.365841627305924 0 0
116 1.381289004578037 0 0
117 1.396736381850149 0 0
118 1.412183759122262 0 0
119 1.427631136394375 0 0
120 1.443078513666487 0 0
121 1.458525890938599 0 0
122 1.473973268210712 0 0
123 1.489420645482825 0 0
124 1.504868022754937 0 0
125 1.52031540002705 0 0
126 1.535762777299162 0 0
127 1.551210154571275 0 0
128 1.566657531843388 0 0
129 1.5821049091155 0 0
130 1.597552286387612 0 0
131 1.612999663659725 0 0
132 1.628447040931838 0 0
133 1.64389441820395 0 0
134 1.659341795476063 0 0
135 1.674789172748175 0 0
136 1.690236550020287 0 0
137 1.7056839272924 0 0
138 1.721131304564513 0 0
139 1.736578681836625 0 0
140 1.752026059108738 0 0
141 1.76747343638085 0 0
142 1.782920813652962 0 0
143 1.798368190925075 0 0
144 1.813815568197187 0 0
145 1.8292629454693 0 0
146 1.844710322741413 0 0
147 1.860157700013525 0 0
148 1.875605077285637 0 0
149 1.89105245455775 0 0
150 1.906499831829862 0 0
151 1.921947209101975 0 0
152 1.937394586374087 0 0
153 1.9528419636462 0 0
154 1.968289340918312 0 0
155 1.983736718190425 0 0
156 1.999184095462537 0 0
157 2.014631472734649 0 0
158 2.030078850006762 0 0
159 2.045526227278875 0 0
160 2.060973604550987 0 0
161 2.0764209818231 0 0
162 2.091868359095213 0 0
163 2.107315736367325 0 0
164 2.122763113639437 0 0
165 2.13821049091155 0 0
166 2.153657868183663 0 0
167 2.169105245455775 0 0
168 2.184552622727888 0 0
169 2.2 0.01518518518518517 0
170 2.2 0.03037037037037033 0
171 2.2 0.04555555555555551 0
172 2.2 0.06074074074074069 0
173 2.2 0.07592592592592587 0
174 2.2 0.09111111111111105 0
175 2.2 0.1062962962962962 0
176 2.2 0.1214814814814814 0
177 2.2 0.1366666666666665 0
178 2.2 0.1518518518518517 0
179 2.2 0.1670370370370368 0
180 2.2 0.1822222222222219 0
181 2.2 0.197407407407407 0
182 2.2 0.2125925925925921 0
183 2.2 0.2277777777777772 0
184 2.2 0.2429629629629623 0
185 2.2 0.2581481481481475 0
186 2.2 0.2733333333333328 0
187 2.2 0.288518518518518 0
188 2.2 0.3037037037037033 0
189 2.2 0.3188888888888885 0
190 2.2 0.3340740740740737 0
191 2.2 0.349259259259259 0
192 2.2 0.3644444444444442 0
193 2.2 0.3796296296296295 0
194 2.2 0.3948148148148147 0
195 2.184490553795322 0.41 0
196 2.168981107590644 0.41 0
197 2.153471661385967 0.41 0
198 2.137962215181289 0.41 0
199 2.122452768976611 0.41 0
200 2.106943322771933 0.41 0
201 2.091433876567255 0.41 0
202 2.075924430362577 0.41 0
203 2.0604149841579 0.41 0
204 2.044905537953222 0.41 0
205 2.029396091748544 0.41 0
206 2.013886645543866 0.41 0
207 1.998377199339188 0.41 0
208 1.98286775313451 0.41 0
209 1.967358306929833 0.41 0
210 1.951848860725155 0.41 0
211 1.936339414520477 0.41 0
212 1.920829968315799 0.41 0
213 1.905320522111121 0.41 0
214 1.889811075906443 0.41 0
215 1.874301629701765 0.41 0
216 1.858792183497088 0.41 0
217 1.84328273729241 0.41 0
218 1.827773291087732 0.41 0
219 1.812263844883054 0.41 0
220 1.796754398678376 0.41 0
221 1.781244952473699 0.41 0
222 1.765735506269021 0.41 0
223 1.750226060064343 0.41 0
224 1.734716613859665 0.41 0
225 1.719207167654987 0.41 0
226 1.703697721450309 0.41 0
227 1.688188275245632 0.41 0
228 1.672678829040954 0.41 0
229 1.657169382836276 0.41 0
230 1.641659936631598 0.41 0
231 1.62615049042692 0.41 0
232 1.610641044222242 0.41 0
233 1.595131598017564 0.41 0
234 1.579622151812886 0.41 0
235 1.564112705608208 0.41 0
236 1.548603259403531 0.41 0
237 1.533093813198853 0.41 0
238 1.517584366994175 0.41 0
239 1.502074920789497 0.41 0
240 1.486565474584819 0.41 0
241 1.471056028380141 0.41 0
242 1.455546582175463 0.41 0
243 1.440037135970786 0.41 0
244 1.424527689766108 0.41 0
245 1.40901824356143 0.41 0
246 1.393508797356752 0.41 0
247 1.377999351152074 0.41 0
248 1.362489904947396 0.41 0
249 1.346980458742718 0.41 0
250 1.33147101253804 0.41 0
251 1.315961566333363 0.41 0
252 1.300452120128685 0.41 0
253 1.284942673924007 0.41 0
254 1.269433227719329 0.41 0
255 1.253923781514651 0.41 0
256 1.238414335309973 0.41 0
257 1.222904889105295 0.41 0
258 1.207395442900618 0.41 0
259 1.19188599669594 0.41 0
260 1.176376550491262 0.41 0
261 1.160867104286584 0.41 0
262 1.145357658081906 0.41 0
263 1.129855226989545 0.41 0
264 1.11443842087764 0.41 0
265 1.099128613935446 0.41 0
266 1.083925063002872 0.41 0
267 1.068827031879769 0.41 0
268 1.053833789132949 0.41 0
269 1.038944608566559 0.41 0
270 1.024158763644254 0.41 0
271 1.009475536190243 0.41 0
272 0.9948942227096347 0.41 0
273 0.9804141070548773 0.41 0
274 0.9660344892628607 0.41 0
275 0.9517546717154937 0.41 0
276 0.9375739673007903 0.41 0
277 0.9234916817612968 0.41 0
278 0.909507133649827 0.41 0
279 0.8956196408733479 0.41 0
280 0.8818285406535948 0.41 0
281 0.8681331533786667 0.41 0
282 0.8545328145637623 0.41 0
283 0.8410268756834693 0.41 0
284 0.8276146703202503 0.41 0
285 0.8142955508946632 0.41 0
286 0.8010688732423261 0.41 0
287 0.7879339937356624 0.41 0
288 0.7748902821195285 0.41 0
289 0.7619370937679972 0.41 0
290 0.7490738094475928 0.41 0
291 0.7362998012509052 0.41 0
292 0.7236144513700595 0.41 0
293 0.7110171427005272 0.41 0
294 0.6985072605594018 0.41 0
295 0.6860842111376759 0.41 0
296 0.6737473790401296 0.41 0
297 0.6614961703985065 0.41 0
298 0.6493299906969621 0.41 0
299 0.6372482502693522 0.41 0
300 0.6252503640883791 0.41 0
301 0.6133357469715688 0.41 0
302 0.6015038241365078 0.41 0
303 0.5897540164951487 0.41 0
304 0.5780857655778509 0.41 0
305 0.5664984931725061 0.41 0
306 0.5549916416561127 0.41 0
307 0.5435646485024208 0.41 0
308 0.532216971429325 0.41 0
309 0.5209480489958713 0.41 0
310 0.5097573381682183 0.41 0
311 0.4986442975555634 0.41 0
312 0.4876083864260474 0.41 0
313 0.4766490662666307 0.41 0
314 0.4657658137590801 0.41 0
315 0.4549580903349522 0.41 0
316 0.4442253812640782 0.41 0
317 0.4335671646153545 0.41 0
318 0.4229829127500635 0.41 0
319 0.412472126919684 0.41 0
320 0.4020342878195926 0.41 0
321 0.3916688989373689 0.41 0
322 0.3813754416922754 0.41 0
323 0.3711534281389948 0.41 0
324 0.3610023649674827 0.41 0
325 0.3509217519357111 0.41 0
326 0.3409111033222652 0.41 0
327 0.3309699322351736 0.41 0
328 0.3210977571402927 0.41 0
329 0.3112940953430718 0.41 0
330 0.3015584796365265 0.41 0
331 0.2918904338444437 0.41 0
332 0.2822894889868115 0.41 0
333 0.2727551788551839 0.41 0
334 0.2632870410704562 0.41 0
335 0.2538846167702538 0.41 0
336 0.2445474494030295 0.41 0
337 0.2352750861928534 0.41 0
338 0.2260670784368692 0.41 0
339 0.2169229777990467 0.41 0
340 0.2078423404964749 0.41 0
341 0.1988247284918545 0.41 0
342 0.1898697008716637 0.41 0
343 0.1809768277623207 0.41 0
344 0.1721456730859638 0.41 0
345 0.1633758131595413 0.41 0
346 0.1546668181713513 0.41 0
347 0.1460182690208787 0.41 0
348 0.1374297439781644 0.41 0
349 0.1289008256755513 0.41 0
350 0.1204311040087425 0.41 0
351 0.1120201662525053 0.41 0
352 0.1036676025772345 0.41 0
353 0.09537301181998181 0.41 0
354 0.08713598718968951 0.41 0
355 0.07895613179596639 0.41 0
356 0.07083305070940726 0.41 0
357 0.06276634566792039 0.41 0
358 0.05475562671730305 0.41 0
359 0.04680050703642769 0.41 0
360 0.03890059862930073 0.41 0
361 0.03105551948061036 0.41 0
362 0.02326488878450483 0.41 0
363 0.01550944620467787 0.41 0
364 0.007754723102338712 0.41 0
365 0 0.4022716756349645 0
366 0 0.394543351269929 0
367 0 0.3868143934239031 0
368 0 0.3790509265539099 0
369 0 0.3712333882601245 0
370 0 0.363361403324536 0
371 0 0.3554345820612954 0
372 0 0.3474525535438072 0
373 0 0.3394149294746102 0
374 0 0.3313213265804508 0
375 0 0.323171343658898 0
376 0 0.3149645986192662 0
377 0 0.3067006961921637 0
378 0 0.2983792275818846 0
379 0 0.2899998032692601 0
380 0 0.2815620153771541 0
381 0 0.2730654614973843 0
382 0 0.264509721312525 0
383 0 0.2558943929621327 0
384 0 0.2472190589604896 0
385 0 0.2384832977945364 0
386 0 0.2296866922910799 0
387 0 0.2208288204175103 0
388 0 0.2119092473103331 0
389 0 0.202927551837111 0
390 0 0.1938832973596426 0
391 0 0.1848013888277173 0
392 0 0.1757064262427881 0
393 0 0.1665819986348697 0
394 0 0.1574115532750056 0
395 0 0.1481786877661434 0
396 0 0.1388671974862756 0
397 0 0.1294616504695676 0
398 0 0.1199643932705574 0
399 0 0.1103683544838709 0
400 0 0.1006796442545819 0
401 0 0.09092322307554401 0
402 0 0.08109884912166709 0
403 0 0.07120604493269622 0
404 0 0.06124434028162584 0
405 0 0.05121324829340179 0
406 0 0.04111228881386719 0
407 0 0.03094097611459823 0
408 0 0.02069881962084091 0
409 0 0.01038532718663066 0
410 0.2497349937807295 0.205141049856868 0
411 0.2489427842547679 0.2102276033063101 0
412 0.2476317690401691 0.2152057416163759 0
413 0.2458158452243502 0.2200226952825634 0
414 0.2435142620515078 0.2246274033976933 0
415 0.2407514168758406 0.2289710549102282 0
416 0.237556596543526 0.2330076060335616 0
417 0.2339636669448646 0.23669426832161 0
418 0.2300107140274184 0.239991962236986 0
419 0.2257396400754915 0.2428657314038167 0
420 0.221195719535493 0.2452851131540236 0
421 0.2164271190955417 0.2472244614391831 0
422 0.2114843871065897 0.2486632186850192 0
423 0.2064199177573275 0.2495861337068051 0
424 0.2012873956827493 0.2499834233757157 0
425 0.1961412268936676 0.2498508763224263 0
426 0.1910359620594631 0.2491898975786758 0
427 0.1860257182574194 0.24800749368358 0
428 0.1811636053182406 0.2463161984125747 0
429 0.1765011628486339 0.2441339399162773 0
430 0.1720878138986566 0.2414838506776308 0
431 0.1679703410650911 0.2383940223018299 0
432 0.1641923905842802 0.234897207738317 0
433 0.1607940096711643 0.231030474091371 0
434 0.1578112220088406 0.2268348096995798 0
435 0.1552756458885601 0.2223546896492554 0
436 0.1532141590479752 0.2176376043274545 0
437 0.1516486137604339 0.2127335560120611 0
438 0.1505956051954461 0.2076945288352028 0
439 0.1500662955057585 0.202573937738517 0
440 0.1500662955057585 0.1974260622614823 0
441 0.1505956051954462 0.1923054711647965 0
442 0.1516486137604341 0.1872664439879382 0
443 0.1532141590479754 0.1823623956725449 0
444 0.1552756458885604 0.177645310350744 0
445 0.1578112220088409 0.1731651903004197 0
446 0.1607940096711647 0.1689695259086286 0
447 0.1641923905842806 0.1651027922616826 0
448 0.1679703410650916 0.1616059776981698 0
449 0.1720878138986571 0.1585161493223688 0
450 0.1765011628486343 0.1558660600837225 0
451 0.181163605318241 0.1536838015874251 0
452 0.1860257182574198 0.1519925063164198 0
453 0.1910359620594635 0.1508101024213241 0
454 0.1961412268936679 0.1501491236775737 0
455 0.2012873956827497 0.1500165766242844 0
456 0.2064199177573278 0.150413866293195 0
457 0.21148438710659 0.1513367813149809 0
458 0.2164271190955419 0.152775538560817 0
459 0.2211957195354932 0.1547148868459765 0
460 0.2257396400754917 0.1571342685961835 0
461 0.2300107140274185 0.1600080377630141 0
462 0.2339636669448648 0.1633057316783901 0
463 0.2375565965435261 0.1669923939664385 0
464 0.2407514168758406 0.1710289450897719 0
465 0.2435142620515078 0.1753725966023068 0
466 0.2458158452243503 0.1799773047174367 0
467 0.2476317690401691 0.1847942583836241 0
468 0.2489427842547679 0.18977239669369 0
469 0.2497349937807295 0.194858950143132 0
470 0.4495807168526014 0.4007419559402265 0
471 0.4439437545929219 0.009769923959544319 0
472 0.5153439714476962 0.4003452661015005 0
473 0.5845411502905578 0.3995285112112447 0
474 0.3865116299935658 0.4011208285285138 0
475 0.5165438961927979 0.01049017301396199 0
476 0.6554035238976673 0.3995036965520244 0
477 0.590238694666962 0.01017746190869365 0
478 0.7301092776015867 0.3991304707185974 0
479 0.3868236862942795 0.009659892518931734 0
480 0.666280621311919 0.01224498935520599 0
481 0.8080794864858323 0.3984386516980269 0
482 0.7461319388768937 0.01080820325818396 0
483 0.8759134543403424 0.3969264529557668 0
484 0.8145269084213393 0.01122731913512098 0
485 0.9454067551185764 0.3980250363405191 0
486 0.8850824281939303 0.01166004243743235 0
487 0.3358788102289998 0.4009885818982077 0
488 1.01684939568862 0.398191135256891 0
489 0.0981145198350053 0.4037669170707739 0
490 0.9579022286091109 0.01184622935764199 0
491 1.091520779977655 0.3976950316986387 0
492 2.187494868903593 0.2061857493719795 0
493 1.156838712946326 0.0132827796836158 0
494 1.974794695025083 0.01254198072178581 0
495 1.89950638101427 0.01376811064363459 0
496 1.821819776426555 0.01316757672683935 0
497 0.007433909709614328 0.3015091932977582 0
498 1.743681889539767 0.01264600465167748 0
499 1.668250248696875 0.01203825908658795 0
500 1.589898594845048 0.01135630897032328 0
501 1.512591711390993 0.01337782113949174 0
502 1.434951724576611 0.01198764748056708 0
503 1.358117938669868 0.01337782113949182 0
504 1.280881052309305 0.01337782113949174 0
505 1.048417539303905 0.01241688463175886 0
506 1.215150166002956 0.3965684255881209 0
507 0.3326065697244293 0.008908142622792936 0
508 1.322440216916987 0.3976709990030506 0
509 1.400189498369222 0.3969845889078722 0
510 1.480525904890969 0.3974263943996117 0
511 1.558278244861651 0.397377366977771 0
512 1.632404582490296 0.3963582749787719 0
513 1.710873929239051 0.3962885488246609 0
514 1.788999675576037 0.3965684255881209 0
515 1.865918860590981 0.3961027014677437 0
516 1.944094137622816 0.3965684255881208 0
517 0.2866231337499565 0.4022108086097125 0
518 0.09785948577455539 0.00740422348689912 0
519 0.1417267926449366 0.4027131124556531 0
520 0.009597320952629884 0.1051564255314246 0
521 0.2930030219374058 0.008292695217127138 0
522 0.007635872802094879 0.260542083302023 0
523 2.022536676135493 0.3962118140514179 0
524 0.2492160330866412 0.401941836883734 0
525 0.1765580280774276 0.4026240236136813 0
526 0.1357724120581658 0.007918311767855762 0
527 0.213587806374436 0.4026996261908966 0
528 0.009267710829922837 0.1431057108933955 0
529 0.2551170211965024 0.008009563533704384 0
530 0.007671644882961681 0.2242937805548825 0
531 0.1730296385122313 0.007877725872901753 0
532 0.007531544868395912 0.1809654405880012 0
533 0.2183079117171867 0.008700096696964255 0
534 1.153112381184245 0.3965714632208593 0
535 1.219091543220855 0.01337782113949182 0
536 2.037389683212037 0.01270398655094906 0
537 2.187348658247091 0.2667759222343191 0
538 0.007996613789482465 0.3349173180298465 0
539 2.188215598284702 0.1440355800950694 0
540 0.06590779353947784 0.4036408443413713 0
541 2.082265945864028 0.3980257100297873 0
542 0.008082840815794023 0.06659022460712771 0
543 2.099375764417887 0.01320533857902775 0
544 0.06641676016772946 0.008588478352188317 0
545 0.7686696831556417 0.3989584844579118 0
546 0.6922892098881707 0.3993066043325872 0
547 0.6181278311729694 0.3985958519181717 0
548 0.5492692180182257 0.4001414206550167 0
549 0.4821202062365586 0.4005448952932597 0
550 0.4177167413405115 0.4009333726339216 0
551 1.002724037775621 0.01212766681838354 0
552 0.7060738769458506 0.01070531274657061 0
553 0.6294195686122293 0.01066511633184231 0
554 0.5532826668297073 0.0106640862569671 0
555 0.4801581475484697 0.01001071839141829 0
556 1.094786984024769 0.01273880854662157 0
557 1.260239365079509 0.3969722207939245 0
558 0.006841083758826416 0.3593979926929157 0
559 2.187545179546807 0.09884767825419952 0
560 2.188061333808554 0.3107119785711785 0
561 0.04272277186633522 0.4033054463124256 0
562 2.128921624760229 0.397671714526225 0
563 0.0364669703465641 0.009027203497978337 0
564 2.145829376150747 0.01347464095920967 0
565 0.006060541059651037 0.3829938477525088 0
566 2.187750496858567 0.356364469672664 0
567 0.009906331895551013 0.03705155104147848 0
568 2.186155896636665 0.05358680078555347 0
569 0.4091813985820121 0.009529261884064971 0
570 0.3538593693667973 0.00961482358546159 0
571 0.3126492266936823 0.008339782971386156 0
572 0.008185154326787902 0.1247130218700625 0
573 0.1171753807717629 0.00823338374487026 0
574 0.2738761618233011 0.007888870881642557 0
575 0.008448144182394923 0.08604848741443878 0
576 0.1542984082114124 0.008441416692245879 0
577 0.007805465292322511 0.1984054245983768 0
578 0.007662225351315666 0.1617607189787761 0
579 0.2370794431465086 0.007970263439667474 0
580 0.2002174688212093 0.007865745685742498 0
581 0.2683996967125479 0.4018826595104701 0
582 1.122146823933592 0.3966949862614479 0
583 1.046383067715281 0.3974586443967658 0
584 0.9740385775407858 0.3983552006631605 0
585 0.9025633872615875 0.3980148176621264 0
586 0.8348752662448619 0.3998056417297234 0
587 0.3557198880874037 0.4007986625658186 0
588 0.3067661544249567 0.4011756804864275 0
589 0.2315736201134238 0.4025924640218337 0
590 0.1943715095072679 0.4018958012455408 0
591 0.1590177585298331 0.4026635174312569 0
592 0.11653710276802 0.4023372575078974 0
593 0.08387660344585979 0.403012848245494 0
594 0.9139699759931865 0.01208143439724363 0
595 0.8425410089768718 0.01163987600387742 0
596 0.7733166450323498 0.01121111620745305 0
597 0.008433000050570127 0.2429073624268854 0
598 0.007380397435542418 0.2857926719001854 0
599 0.007715469064285108 0.3201304881663792 0
600 0.02715964724502684 0.4034355580322224 0
601 1.604559238591109 0.397495796889498 0
602 2.050891757668672 0.3979177517700765 0
603 1.913705196504472 0.3960685573876988 0
604 1.526866702750604 0.3975250575288358 0
605 1.837721154153246 0.3974523075863208 0
606 1.741381444033741 0.3962386587925679 0
607 1.990770300484947 0.396458795186307 0
608 1.682278912675482 0.3974816921358482 0
609 1.448551565364827 0.398048980218721 0
610 1.36909556647009 0.3968405789629779 0
611 1.291341194238468 0.3973215599952558 0
612 1.184131273593601 0.3965684255881209 0
613 2.068623837675963 0.01310971663879992 0
614 1.404460070486206 0.01337782113949174 0
615 1.621568814556076 0.01254561436774326 0
616 1.852902507793285 0.01344536880634395 0
617 1.943367459934442 0.01234189269218125 0
618 1.712358800428324 0.0124397379051554 0
619 1.24998629776508 0.01337782113949174 0
620 1.1258077087471 0.01299448555702698 0
621 1.313311372217898 0.01451986998884516 0
622 1.48135123164268 0.01361234684650536 0
623 1.543384830418611 0.01198964295481617 0
624 1.775197125016906 0.01337782113949162 0
625 1.18828857755228 0.01335299637900733 0
626 2.005780348823163 0.01270136458772356 0
627 2.18771370285529 0.1740573971845334 0
628 2.187262487004748 0.2341361305106831 0
629 2.161226384488305 0.3965684255881208 0
630 0.01562411810862563 0.009020853611451357 0
631 2.176226670167272 0.013178779449879 0
632 0.0116630497337904 0.4039908441988683 0
633 2.185521746516172 0.3862912107289822 0
634 0.3757335695054449 0.009676389625247944 0
635 0.3812351213313648 0.0192354040072566 0
636 0.3702362735977227 0.01908165666085282 0
637 0.3757504223992463 0.02840657405247837 0
638 0.3650346033980914 0.02830192089186642 0
639 0.370354183770792 0.03736645997248375 0
640 0.3601637792590846 0.03736229398300642 0
641 0.3651963156931597 0.04609053231904564 0
642 0.3553208457910108 0.04609074610472283 0
643 0.3601505579940403 0.05457064782650164 0
644 0.3506498704699074 0.05461105197683325 0
645 0.3552863491149456 0.06279215521431081 0
646 0.3460368622218862 0.0628307057366074 0
647 0.3506734702900156 0.07082504079407911 0
648 0.3601440494638752 0.07064990694996665 0
649 0.355274173199266 0.07874847774545971 0
650 0.3647020972350087 0.07857488349522926 0
651 0.3600968398404374 0.08645211594652176 0
652 0.3693628791164344 0.08699389750657539 0
653 0.3646590466178994 0.094404260308041 0
654 0.373852698772742 0.09525087558259933 0
655 0.3688337331902799 0.1025820729661869 0
656 0.3778238624864024 0.1029477991821495 0
657 0.3731640464175912 0.1104952280187603 0
658 0.3821846088592994 0.1105644500785973 0
659 0.3777466363346828 0.1182258740969827 0
660 0.3866572406420605 0.1183927461662564 0
661 0.3819709843035584 0.1262289879520421 0
662 0.3910951107784555 0.1263131343539248 0
663 0.3866652682237235 0.1340463314663843 0
664 0.3956290628590383 0.1342331729430634 0
665 0.3909181106887255 0.1421369651193427 0
666 0.4001250317442826 0.1422290990445514 0
667 0.3958755653034962 0.1502840975797669 0
668 0.404696792210302 0.1503212177290436 0
669 0.4002689538302215 0.158440678743688 0
670 0.4093147268299953 0.158424712354769 0
671 0.4047407460674857 0.1661279318448067 0
672 0.4138462085321817 0.1665917610156031 0
673 0.4078582748934253 0.1751073890742991 0
674 0.4183522011062653 0.1749651709643316 0
675 0.4137945123106923 0.1830692796225227 0
676 0.4232237935612462 0.1833375892736686 0
677 0.4185196505129629 0.1915650685606397 0
678 0.4282947810198825 0.1916701756355185 0
679 0.4089459390597669 0.1914448255875067 0
680 0.4336683636940279 0.1817731078192957 0
681 0.4384837711748435 0.1916390638452554 0
682 0.4435972589397009 0.1830842146508552 0
683 0.448763486558279 0.192088173890677 0
684 0.4135240294558695 0.1997583292860714 0
685 0.4042288259791678 0.1997279795991263 0
686 0.454061248740144 0.1823231067359397 0
687 0.4595238957120988 0.1923834492595754 0
688 0.4649983873836914 0.1829567186119081 0
689 0.4705212535940353 0.1925676943945338 0
690 0.4761647004084359 0.1832395298272639 0
691 0.4817162029205357 0.1927207593829922 0
692 0.408599831989462 0.2078959351553588 0
693 0.3993017289312192 0.2077054013936665 0
694 0.4874254193042405 0.1832914578508771 0
695 0.4930152979917635 0.1928384564986138 0
696 0.4987629997811927 0.1833371867012486 0
697 0.5043972843711719 0.1927745066034974 0
698 0.5101753448064684 0.1830704357120877 0
699 0.515844748370885 0.1928007770857252 0
700 0.4037525343031612 0.215822690860161 0
701 0.3945127968929166 0.2156925701105779 0
702 0.521658518853463 0.1830487365656428 0
703 0.5273665151674179 0.1925833292064303 0
704 0.533214931476889 0.1830274890769401 0
705 0.5389593728812123 0.1926262672785892 0
706 0.5448449362019252 0.1830495801366157 0
707 0.55061902013911 0.1931899691514844 0
708 0.5565483538197625 0.1831659187106149 0
709 0.5623492613983747 0.193403291777934 0
710 0.3415877000949332 0.07078151350815917 0
711 0.3989652632096866 0.2236887946884642 0
712 0.3899212820548028 0.2236120394948229 0
713 0.3829917706659658 0.1421148490428712 0
714 0.5683262667925928 0.1832394466904817 0
715 0.5741778194747089 0.1934752657522918 0
716 0.5802228065012327 0.1832157622179238 0
717 0.5860804535811787 0.1935687349263222 0
718 0.592189488542245 0.183259840243007 0
719 0.5980647865991662 0.1937348905017176 0
720 0.6041691454780016 0.1833664888917765 0
721 0.6101007415442494 0.1938645618929185 0
722 0.6162248804724214 0.1835273068212043 0
723 0.6222260478010933 0.1938590738048126 0
724 0.628370935906994 0.1835459965620113 0
725 0.6344292397703066 0.1939494158354323 0
726 0.3596122846124671 0.1023792728112693 0
727 0.3942945401637904 0.2314069479876436 0
728 0.3853497011383743 0.2311751445643536 0
729 0.2542396996243934 0.1970586489735019 0
730 0.4759780028396459 0.2023239213327083 0
731 0.3810803657791029 0.2235992390555812 0
732 0.3765880172253329 0.2310011833177743 0
733 0.6406301291562807 0.1836546286630346 0
734 0.6466970074922371 0.1942015343965808 0
735 0.6529564796138723 0.1838516855296531 0
736 0.6590877737367185 0.1943796127981019 0
737 0.6653692134043856 0.1839333660852993 0
738 0.671537150544233 0.1942788467365161 0
739 0.3808091783003096 0.2385497113164798 0
740 0.3721937477587935 0.2383077045097785 0
741 0.6778604117439213 0.1840619977809954 0
742 0.6840688704820291 0.1943743850115173 0
743 0.6904340130613732 0.1841186904752705 0
744 0.6966839062173654 0.1944445419036201 0
745 0.7030904552680672 0.1842744638293597 0
746 0.7093820676402416 0.1945744817291876 0
747 0.5227428633638485 0.2034138506117179 0
748 0.3724851692237181 0.2235371372566767 0
749 0.7158311009059368 0.1843415969518614 0
750 0.7221649143418172 0.194652852141966 0
751 0.7286560373765398 0.184503580507697 0
752 0.7350322814248861 0.1947865978144655 0
753 0.3762841728351258 0.2458068368001281 0
754 0.3678032792879311 0.2456186335779552 0
755 0.2526069177904597 0.2137955821171137 0
756 0.7415665942949019 0.184572575764204 0
757 0.7479857511270015 0.1948657767347956 0
758 0.7545714099103644 0.1832821479433821 0
759 0.7610265572550333 0.1947590025047308 0
760 0.7676563497085462 0.1830691897884838 0
761 0.774153958807408 0.1947522142857381 0
762 0.5681566089870598 0.2037178023755618 0
763 0.7808278864659911 0.1831756044717875 0
764 0.7873684353022612 0.1948653460447944 0
765 0.3718520763946959 0.2530028236794819 0
766 0.3634817078435719 0.2528861894800442 0
767 0.7940869293745045 0.183232314725382 0
768 0.8006716529078454 0.1949395947309761 0
769 0.8074351875560243 0.1834377377834848 0
770 0.8140636609298791 0.1950841744292591 0
771 0.8208725265187753 0.1835164091845785 0
772 0.8275459028189842 0.1951687757949995 0
773 0.8344005726624208 0.1837413331259456 0
774 0.8411183779158727 0.1953197858376499 0
775 0.6173364521746885 0.2059930316378897 0
776 0.8480191004908599 0.1838245525612061 0
777 0.8547825282034542 0.195405814259776 0
778 0.8617298025049815 0.1840679578640583 0
779 0.8685383297603015 0.1955616121632148 0
780 0.4050028573532332 0.1342271731315972 0
781 0.8755323775584453 0.1841552890801134 0
782 0.8823872016319102 0.1956536208580769 0
783 0.8894200783385624 0.1843441854334348 0
784 0.896327768826269 0.1958028161242638 0
785 0.3674856493600481 0.2601602019830849 0
786 0.3591929697918783 0.2598692563691661 0
787 0.3759418113775651 0.2604198890117873 0
788 0.6664779752766652 0.2063707561459925 0
789 0.9034079142433751 0.1844215720977809 0
790 0.9103651851836305 0.1965760306247757 0
791 0.3552538841868457 0.2527671351074528 0
792 0.3511174071426825 0.2596973551876642 0
793 0.9174920484084157 0.184514125076558 0
794 0.9244627608249056 0.1968330225845076 0
795 0.9316656888313928 0.1845936682339332 0
796 0.9387164540858191 0.1969848933553422 0
797 0.9459444433938856 0.1846538556275716 0
798 0.9530444210105913 0.197125634556171 0
799 0.3549103931246189 0.2667650557719045 0
800 0.3469075563555164 0.2665507779493477 0
801 0.9603177627986801 0.1847088836849139 0
802 0.9674655582893185 0.1972643902502345 0
803 0.974787527432309 0.1847630598393669 0
804 0.9819835738767448 0.1974034798073308 0
805 0.7156447077302617 0.2059421492434655 0
806 0.9893551630354356 0.1848170715430951 0
807 0.9966000649976401 0.1975433365248642 0
808 0.4808505479001189 0.1727676248558414 0
809 1.004021666974573 0.1848715287605597 0
810 1.01131571147069 0.1976842104686432 0
811 1.018787817695163 0.1849261518462971 0
812 1.026131521747407 0.197826060404886 0
813 1.03365441119066 0.1849813164612769 0
814 1.041037766153933 0.1979660795391343 0
815 1.048620462239619 0.185036188331874 0
816 1.056048278618601 0.1981092865948607 0
817 0.3477259854818247 0.2524747252510783 0
818 1.063688615348015 0.1850919001142667 0
819 1.071183041426107 0.1982570166554666 0
820 1.078863150416544 0.1851484277866224 0
821 1.086409210325429 0.1984035149167706 0
822 0.7672004715410469 0.2066847012583233 0
823 1.094147991817764 0.1849121858438274 0
824 1.101738543915946 0.1985017871014132 0
825 1.109529913535933 0.1849120970385517 0
826 1.117171053909854 0.1986322271562344 0
827 0.3505722592897355 0.273572401028242 0
828 0.342593238428345 0.2733845774854002 0
829 0.2466865193766943 0.2292643847618177 0
830 1.125007226664733 0.1852501620083181 0
831 1.132656541325773 0.1992980462729898 0
832 1.140588156609045 0.1854406735557918 0
833 1.14828965902702 0.1995564852193095 0
834 1.156281964697331 0.1856004221748747 0
835 1.164031081843765 0.1997647857981318 0
836 1.172084619698253 0.1856852584761122 0
837 1.17988731189381 0.199931020737743 0
838 0.8203461660388111 0.2069611828213335 0
839 1.187997126099216 0.1856712731743596 0
840 1.19583830323903 0.200100168087014 0
841 1.204015337829131 0.1859677107354568 0
842 1.211911001188068 0.2002968270490836 0
843 1.220145708164467 0.1860738449776801 0
844 1.228169183383368 0.1999465880517306 0
845 1.236399163048952 0.1861656790398126 0
846 1.244473878867115 0.2000142208456949 0
847 1.252737509104008 0.1862455239660832 0
848 1.260825834344149 0.2005593166693168 0
849 1.269121935918931 0.1864955518957718 0
850 1.277215197635085 0.2007753916666025 0
851 1.28552186665499 0.1866542611322703 0
852 1.2936177831308 0.2005020244755601 0
853 1.301923970954378 0.186781575536049 0
854 1.310020916384211 0.2005613135341001 0
855 1.318327273225551 0.1868957487065782 0
856 1.326424714251007 0.2006685751740939 0
857 1.334730861928655 0.1870774889333747 0
858 1.342829009379405 0.200805706272775 0
859 1.351135537711011 0.1872136422673056 0
860 1.359234161768786 0.2009347876515893 0
861 1.367545129439566 0.1867954867976357 0
862 1.37564061904856 0.2009702228302717 0
863 1.383947199748526 0.1874497027365684 0
864 1.392051597325577 0.201182786382229 0
865 1.400354009957126 0.1876772955683944 0
866 1.40845937166264 0.201339879206116 0
867 1.416755937435372 0.1871903150874686 0
868 1.424861137120475 0.2013546401556108 0
869 1.433156640667431 0.1879153366973296 0
870 1.441267301163178 0.2015616557894132 0
871 1.449574179288805 0.1881531802792601 0
872 1.457678092507615 0.2016240000160927 0
873 1.465984828031275 0.1883412590423032 0
874 1.474088934576433 0.2016680794049008 0
875 1.482395198806954 0.1884630052377378 0
876 1.490498728025591 0.2018801587653913 0
877 1.49880544389182 0.1886548054122205 0
878 1.506909336274783 0.2020669731342422 0
879 1.51521664541287 0.1888010021727414 0
880 1.523320889057635 0.2022061233460258 0
881 1.532061958153697 0.1875444956665876 0
882 1.539801599893263 0.2021416165157989 0
883 1.548727354780775 0.1875016541849799 0
884 1.556266379762398 0.2022049588929269 0
885 1.564764323331725 0.1881468574348327 0
886 1.572629264458971 0.2024143332968028 0
887 1.580948301033703 0.1882790051776707 0
888 1.58899846535424 0.2025521699168106 0
889 1.597317042665388 0.1884071912179866 0
890 1.605392015233057 0.2026722419635286 0
891 1.61372098984201 0.1885317404347588 0
892 1.621808283043787 0.202804733237842 0
893 1.630135070243451 0.188657666249116 0
894 1.638224397489391 0.2029314963748339 0
895 1.646551349702338 0.1887828757318194 0
896 1.654641256428632 0.2030571468864057 0
897 1.662968517524875 0.1889078156737799 0
898 1.671058751611772 0.2031825266039737 0
899 1.679373356022334 0.1890172438772661 0
900 1.687474681570265 0.2033053960013131 0
901 1.695802280819065 0.1891545519522861 0
902 1.703894824492555 0.2034325164632003 0
903 1.712223403231813 0.1892818312831678 0
904 1.720314843121303 0.2035587361773587 0
905 1.728643666729454 0.1894073563758624 0
906 1.73673512795837 0.2036845211191555 0
907 1.745064220046772 0.1895324595548594 0
908 1.753155993012397 0.2038047621441182 0
909 1.76147654231897 0.1894535518502664 0
910 1.769575885815693 0.2039007459243798 0
911 1.777896548052065 0.1895395154847268 0
912 1.785997513118368 0.2040147891952096 0
913 1.794317021276848 0.1898582628263116 0
914 1.802419574233002 0.2041768604959602 0
915 1.810750032189836 0.1900222563886156 0
916 1.818844824777094 0.2043086033977639 0
917 1.827175722523689 0.19015476122183 0
918 1.835269485542219 0.2044310508196581 0
919 1.843600517961183 0.1902804325273454 0
920 1.85169421933553 0.2045616196997003 0
921 1.860025642140127 0.1904063832727733 0
922 1.868119656990325 0.2046881979941979 0
923 1.876451387289139 0.1905317781153319 0
924 1.884545699238535 0.204814001116606 0
925 1.892877729964877 0.1906568906695563 0
926 1.900465458101515 0.2046423956280648 0
927 1.90920979648649 0.1907316969681651 0
928 1.916797045814647 0.2040995636743395 0
929 1.925605172428659 0.1907654403481823 0
930 1.933710194202586 0.204400566645596 0
931 1.942108002048954 0.1909433610354378 0
932 1.95022679315629 0.2051687370181589 0
933 1.958574176134537 0.1911414864192056 0
934 1.966675759704462 0.2054127376103678 0
935 1.974990906654671 0.1912739288325939 0
936 0.3463366270029826 0.2803777568401185 0
937 0.338356519331366 0.2801867800791816 0
938 0.5265430331617884 0.1736709137999438 0
939 0.8752216776758838 0.2080971241700784 0
940 1.983107798275493 0.2055551277829092 0
941 0.5747893976923288 0.1726713534878823 0
942 0.9314970197723565 0.2085692775742616 0
943 0.3420937500375973 0.28724689894829 0
944 0.3341440905953857 0.2868761837750182 0
945 0.3304642565626881 0.2799683219965757 0
946 0.3263512255934735 0.2865001094127322 0
947 0.3228152383503943 0.2797259667128618 0
948 0.318780100094523 0.286152316152979 0
949 0.3222813252103327 0.2928949934057145 0
950 0.3147295122070516 0.2924936398967263 0
951 0.2348453622045121 0.2417638429403317 0
952 0.3113191376620157 0.2858831205954483 0
953 0.3073336314808064 0.2920842163533347 0
954 0.6485091552364037 0.1734898877705837 0
955 0.9891358621134064 0.2101366267555166 0
956 1.991397204139694 0.191397660019372 0
957 0.6965138096042518 0.1730794771592591 0
958 0.3039914702498895 0.2856924459943587 0
959 0.3000240619209507 0.2917569730527644 0
960 0.3033327419998703 0.2981788627412527 0
961 0.2960456081291734 0.297809226346306 0
962 1.999527291668191 0.2056667134442134 0
963 1.063416782448608 0.2112368761887206 0
964 0.7458599829601913 0.1736772297342135 0
965 0.2993601420682611 0.3042666513088878 0
966 0.2921155723667375 0.303806116032478 0
967 0.2888594153413788 0.2974324575523883 0
968 0.2849519748793313 0.3033337534603225 0
969 0.4032993123322467 0.2316944243452334 0
970 0.3857781664273873 0.1036474355100444 0
971 0.8009188904860822 0.1708458564835727 0
972 0.3500495213384783 0.2875760741559383 0
973 1.123949763948263 0.2138310901917799 0
974 2.007818606082872 0.191528284980194 0
975 0.281822494105703 0.2970255671604195 0
976 0.2779235907532616 0.3028464783164416 0
977 0.2207277105871923 0.2501752999728865 0
978 0.2810254896930159 0.3091585064262716 0
979 0.2740440245430251 0.3086119518990388 0
980 0.2709959626271993 0.3023912289579881 0
981 0.267144544239828 0.3080671841864895 0
982 0.8552090255111686 0.1716859943971406 0
983 1.187770648497722 0.2132124873223712 0
984 1.350644971175257 0.2148355076400904 0
985 2.015936946432949 0.2057733876467256 0
986 1.252512776858666 0.2141797395062016 0
987 1.580254064298944 0.2164676823288489 0
988 1.498595978229523 0.2161006570769872 0
989 1.416569006292928 0.21550080183187 0
990 1.662474251963702 0.2190340402372505 0
991 0.2641806542738523 0.301948407213697 0
992 0.2603146346247103 0.3075403035533039 0
993 0.2632670382841621 0.3136721405716034 0
994 0.2564672488329034 0.3130968998249948 0
995 0.2535591364887652 0.3069952980703943 0
996 0.2497160462859439 0.312486994497708 0
997 0.246949225118158 0.3064112014185085 0
998 0.2430794864185777 0.3118555861594829 0
999 0.2042601633425536 0.2541249337967862 0
1000 0.9105853336970431 0.1726306107463709 0
1001 1.810522380166497 0.2177461213284078 0
1002 1.728509209185577 0.2174754405468358 0
1003 1.891610371940832 0.2177129858133275 0
1004 0.2456615158557772 0.3180458127432922 0
1005 0.2391184632769321 0.3173301823126841 0
1006 0.2363826378629537 0.3112135401722637 0
1007 0.2325118595659984 0.3166213663660968 0
1008 0.2298398889919454 0.3106004343791877 0
1009 0.2259562783437903 0.3159432639202961 0
1010 0.223391718884967 0.3097052615889766 0
1011 0.2194646636584916 0.3152713778358717 0
1012 0.2169008493378202 0.3094219334621577 0
1013 0.2130515505433425 0.3146255501380333 0
1014 0.2103641046332316 0.3091601527252602 0
1015 0.2066345182647276 0.3140340118344983 0
1016 0.1876649209328329 0.2529003061013098 0
1017 0.203993088984994 0.3082232595861404 0
1018 0.2002688464709864 0.3133412943735475 0
1019 0.1976412541141043 0.3074890341023234 0
1020 0.1939338064997819 0.3126567974299521 0
1021 0.1913001291750911 0.3068957884786375 0
1022 0.1876220220950668 0.3120370152078762 0
1023 0.1849841291602063 0.3062736280025036 0
1024 0.1813143095885363 0.311406118473207 0
1025 0.1786678566176149 0.3056346618502513 0
1026 0.1749824172387198 0.3107906790028597 0
1027 0.1723335831618938 0.3049856922653226 0
1028 0.1686251902713121 0.3101701693192624 0
1029 0.16596585098135 0.3043375089946355 0
1030 0.1622404979510693 0.3095465709480684 0
1031 0.1598353910190163 0.3038615236147895 0
1032 0.1558372532550071 0.3092496296433508 0
1033 0.1537954224211802 0.3034379431411203 0
1034 0.1494413021905249 0.3087235518475054 0
1035 0.1471395838658243 0.3026416737972009 0
1036 0.1429278105358158 0.3077925509473975 0
1037 0.1401979082001475 0.3017111237279125 0
1038 0.1362530981541425 0.307027213683422 0
1039 0.1334752029940784 0.3009412160290496 0
1040 0.1295490017645378 0.3063993107984012 0
1041 0.1267036478195619 0.3001881309894429 0
1042 0.1227290909208498 0.3057349890003045 0
1043 0.1199101846354029 0.2994995134153996 0
1044 0.1484464223752711 0.2164239700254074 0
1045 0.1158356446796422 0.3051237015988274 0
1046 0.1129268549412753 0.2987171472229604 0
1047 0.1556690638909577 0.2315158117851429 0
1048 0.1088272137072525 0.3044718465396291 0
1049 0.10595060446258 0.298011435384465 0
1050 0.1100442117762592 0.2923001728092683 0
1051 0.1031156674365625 0.2915746098574159 0
1052 0.1072224685043117 0.2859667465016231 0
1053 0.1003424746771389 0.2851970061989083 0
1054 0.1044027368703605 0.2796438045841012 0
1055 0.09754878653688226 0.2788647029258373 0
1056 0.1015911077994303 0.2733861026739999 0
1057 0.1017079376713974 0.3037968645995548 0
1058 0.09479251211186668 0.2726052629516741 0
1059 0.09880538037011344 0.2671561713539134 0
1060 0.09205564210230555 0.266370874327204 0
1061 0.09599398785128987 0.2609307456696507 0
1062 0.1320659388533526 0.3126329545428852 0
1063 0.1046946631633336 0.3104184862698363 0
1064 0.09737182360322238 0.3097470058202327 0
1065 0.08933760985001471 0.2601650777362786 0
1066 0.09324587937765516 0.2547560209903352 0
1067 0.1584983618053066 0.3148492227135649 0
1068 0.09073665266149811 0.2778285888411155 0
1069 0.1835230268024536 0.3177964675449587 0
1070 0.08659666836726743 0.2540157524409242 0
1071 0.09051001894545863 0.2486032755481631 0
1072 0.1674844288282692 0.2435922684963709 0
1073 0.2094938745952958 0.3200581462732463 0
1074 0.08387827838119311 0.2478588860762847 0
1075 0.08778799366567003 0.2424422501298686 0
1076 0.1004945279265983 0.3165952531068342 0
1077 0.09286145276069457 0.3157822936554275 0
1078 1.974785894124941 0.2197495066333098 0
1079 0.9675756858493058 0.172373997328603 0
1080 2.024215311839434 0.1916622643847545 0
1081 0.08118648229387193 0.2416757191602548 0
1082 0.08507787617199258 0.2362087880121184 0
1083 1.026244588179626 0.1723724180542148 0
1084 0.1083643873773624 0.2742817943626166 0
1085 0.07843400671783085 0.2354930995652346 0
1086 0.08234635752180375 0.2300063648076681 0
1087 0.1456203871524038 0.2004258711817949 0
1088 0.2350197426395815 0.3226877249648775 0
1089 0.3458378422798531 0.2944744725810151 0
1090 0.354016468336501 0.2948441146526578 0
1091 0.349617102059496 0.3019638127513668 0
1092 0.3581760256426594 0.3022428827967073 0
1093 1.086523252375346 0.1719067224183539 0
1094 2.032284544433481 0.2058762867724719 0
1095 1.917157808747945 0.1761974152626092 0
1096 2.016128702164009 0.1774346689480362 0
1097 2.032465774071154 0.1775828916717248 0
1098 2.024035133390854 0.2199516567985319 0
1099 1.868038414095329 0.1760998218172322 0
1100 1.802405116367461 0.1753293599358765 0
1101 1.687641510775156 0.1745169921424818 0
1102 1.966031266948018 0.1768086723489415 0
1103 0.09614107726699817 0.3229680930113267 0
1104 0.08820966225137861 0.3220566711539397 0
1105 0.07985817306550325 0.2533182979774838 0
1106 1.638480416548397 0.1745031459654532 0
1107 1.457836868228711 0.1735320654647658 0
1108 1.14846643693988 0.1717700819133678 0
1109 1.753369785764767 0.1753903959785906 0
1110 1.572777052066372 0.1740228098612764 0
1111 0.6101926030528755 0.17290319855577 0
1112 1.301716853281875 0.2136422479806123 0
1113 0.07566804986499132 0.2293200085300605 0
1114 0.07967486350953168 0.2238729530137274 0
1115 0.08627573894052243 0.2244236634779626 0
1116 0.08361850152941841 0.2184623794320012 0
1117 0.07705001454335791 0.2177241756528566 0
1118 0.08104397149689957 0.2124193123884685 0
1119 0.3535611071251523 0.309601804278065 0
1120 0.3623590903125127 0.3098811545262063 0
1121 1.375856955479157 0.17253151562117 0
1122 1.520984293029285 0.175445579195571 0
1123 0.09741749342960415 0.2491941041532366 0
1124 1.194525900550848 0.1717008881691106 0
1125 1.327359030412895 0.1723162010408367 0
1126 0.1449161031701134 0.2964616930252532 0
1127 0.08755301692109141 0.2131887614888496 0
1128 0.08500560669147683 0.2071780095782159 0
1129 0.07846598644432712 0.2063384840482438 0
1130 0.08248540035359908 0.2010831782742949 0
1131 0.0758913092563489 0.2001778192104188 0
1132 0.07999160769316305 0.1949238686963534 0
1133 0.1483905414681475 0.1834115469287646 0
1134 0.08656668947955892 0.1961701580688812 0
1135 0.08413470745931839 0.1899581293948515 0
1136 0.07766590328216827 0.188757331299348 0
1137 0.08164485361681861 0.1835566627027347 0
1138 0.08816502842251461 0.185041434894408 0
1139 0.08576131777482066 0.1785221853128024 0
1140 0.07925311929589718 0.1774382374102262 0
1141 0.08342170840473417 0.172325171651685 0
1142 0.0898720692124777 0.1733596368704794 0
1143 0.08758309710198353 0.1672521704882267 0
1144 0.09398896331518181 0.1683053810269094 0
1145 0.09171606055051784 0.1622076271601046 0
1146 0.155778823085239 0.1685620572216444 0
1147 0.08530510460629737 0.1611223578787312 0
1148 0.08948013054602977 0.1560454112899963 0
1149 0.0960441361029416 0.1570068329085311 0
1150 0.09382523131770415 0.1509255750612946 0
1151 0.08724813206939919 0.1498534388817074 0
1152 0.09155651647536711 0.1447920450006893 0
1153 0.0981175363827631 0.1459075994148094 0
1154 0.09587630209430786 0.1397877292266366 0
1155 0.1023317211814142 0.1410019438045063 0
1156 0.1001911363558146 0.1348623319972505 0
1157 0.1066592782568854 0.1360404684039617 0
1158 0.1044834087296865 0.1299209821937015 0
1159 0.1822203097980569 0.1492509869885812 0
1160 0.1109543596142568 0.1310690232547793 0
1161 0.1087350090270081 0.1249534275989678 0
1162 0.1151407477356607 0.1261559504350973 0
1163 0.1129841046367397 0.1200213580026617 0
1164 0.1193314199371444 0.1212586361229419 0
1165 0.1172477929249379 0.1151124338435597 0
1166 0.1235155372240131 0.1164130484482231 0
1167 0.1108382509979193 0.1137596747871973 0
1168 0.1215025347604911 0.1101804147169737 0
1169 0.1278172897030987 0.1114721774419984 0
1170 0.1257673239342287 0.1052241128677728 0
1171 0.1321931210388685 0.1064472788982745 0
1172 0.09372554807286471 0.1337728744256387 0
1173 0.130054948631589 0.1002293524351501 0
1174 0.1365679159444391 0.1013760874114387 0
1175 0.1343773253348316 0.09518502309717525 0
1176 0.1409513270101721 0.09633034795268305 0
1177 0.1279853251835956 0.09407072066132341 0
1178 0.1389621484974566 0.09027725220364727 0
1179 0.1453434313397005 0.09135737463426029 0
1180 0.1678973626628721 0.1559868311000649 0
1181 0.147434195362126 0.09745113499606274 0
1182 0.1518474050382425 0.09257711089465051 0
1183 0.1497115687576731 0.08635365939784329 0
1184 0.1562273075283941 0.08771606924139941 0
1185 0.1583134746230126 0.09388826795006422 0
1186 0.1626600113659207 0.08908975446051733 0
1187 0.1985768504966265 0.1455116573498964 0
1188 0.1646437996425835 0.09526125448695223 0
1189 0.1690047649323052 0.09046955198404991 0
1190 0.1670385681148628 0.08426581392156524 0
1191 0.173423989996184 0.08565944650463003 0
1192 0.1753575705119479 0.09184698144350241 0
1193 0.1797675190165859 0.08709251100116684 0
1194 0.1817154667686212 0.09323969565037706 0
1195 0.186117630489735 0.08855177410864087 0
1196 0.2254198029705257 0.1519231671361027 0
1197 0.1841643802571091 0.08235117247772744 0
1198 0.1904893927084802 0.08380587528492058 0
1199 0.1924270739032313 0.09000571447870212 0
1200 0.1967583079121702 0.0853294569004668 0
1201 0.1986301621349832 0.09145089854884954 0
1202 0.2029804191234391 0.08681964984404585 0
1203 0.2047834104876791 0.09290611245047838 0
1204 0.2091640779744395 0.08831841765285875 0
1205 0.2109565697076199 0.09436461447111628 0
1206 0.2153225260283324 0.08978433615259485 0
1207 0.2171004351812184 0.09580875181658788 0
1208 0.2214539146017873 0.09125396450805648 0
1209 0.2389528749408195 0.1620374945159649 0
1210 0.2232235909119641 0.09725681377518809 0
1211 0.2275660722382773 0.09271342561830927 0
1212 0.2293909479256454 0.09872266081843341 0
1213 0.2336805225889161 0.09417983118550524 0
1214 0.2355145038811599 0.100191765787132 0
1215 0.239816647308069 0.09561985384691674 0
1216 0.2416472246758781 0.1016728220837123 0
1217 0.2459783386637725 0.09707229211806041 0
1218 0.247818155241728 0.1031575857513712 0
1219 0.2521724014358767 0.09853192692852056 0
1220 0.2540142293380859 0.1046511865958432 0
1221 0.2482576335797168 0.1761718002897148 0
1222 0.2583789358671373 0.1000184246700538 0
1223 0.2602479032238193 0.106162342669491 0
1224 0.2567908875937156 0.09381253144832272 0
1225 0.2646479332916444 0.1014832914079834 0
1226 0.266548042063474 0.1077238090266188 0
1227 0.2318479003054906 0.08798363495205981 0
1228 0.2709958657430436 0.1029095703078479 0
1229 0.2729083888438997 0.1092734596621037 0
1230 0.2073730619958883 0.08215141097944877 0
1231 0.1886245704631684 0.07749332077411741 0
1232 0.2774451610530092 0.1044404449634238 0
1233 0.2792771857081958 0.1108021675054219 0
1234 0.2747836789294181 0.1155738054225754 0
1235 0.2810937591119351 0.1171179503049651 0
1236 0.276557177349824 0.1217275957875455 0
1237 0.2828193245158624 0.1233045624286243 0
1238 0.2873784287145058 0.1186946191527712 0
1239 0.2889695284655898 0.1249897834711809 0
1240 0.2844440506215785 0.1294453618763688 0
1241 0.2907957709218258 0.1311566380245429 0
1242 0.2862334447876784 0.135626499329427 0
1243 0.2923333278143988 0.1373458741592673 0
1244 0.2881218115916123 0.1414754496801743 0
1245 0.2940046763542421 0.1433995659279932 0
1246 0.2886177553659284 0.1479702548983164 0
1247 0.2955276769917219 0.1495553367283546 0
1248 0.2998853695528951 0.1453116358419301 0
1249 0.3017280662758343 0.1512437932082401 0
1250 0.2974613919214047 0.1556423785613242 0
1251 0.3035544126902628 0.1573159724522957 0
1252 0.298944753558499 0.1617973019019157 0
1253 0.305165350808275 0.1634231999330888 0
1254 0.3005376281089351 0.1678977170985838 0
1255 0.3067506990514038 0.169516796301602 0
1256 0.3023195613399094 0.1739457071343777 0
1257 0.308385131703941 0.1755961167671793 0
1258 0.3039504172009184 0.1800587814994514 0
1259 0.3100012014506214 0.1816859692870524 0
1260 0.3055310590276136 0.1861649554403365 0
1261 0.3146424413431416 0.1774240179353123 0
1262 0.3084879227836268 0.1520100553643408 0
1263 0.3116331965095982 0.1878146810220701 0
1264 0.3071209391910596 0.1923170288553314 0
1265 1.259271557629213 0.1729806043446229 0
1266 0.2950022062893123 0.1268234008783119 0
1267 2.040332226108391 0.2200348888610117 0
1268 2.032138805196133 0.2340955880052631 0
1269 0.3133463152081769 0.1939771803364413 0
1270 0.3087400081349048 0.1985398353556233 0
1271 0.2755148224642209 0.09798319387053163 0
1272 2.024440913733069 0.1634014845614117 0
1273 2.04071921868256 0.1635360638351297 0
1274 0.2270491321779651 0.304729034786957 0
1275 0.1349535553444237 0.113260135823235 0
1276 0.1635294221259574 0.2986588369077027 0
1277 2.048371825610475 0.2341662128558323 0
1278 2.040199168131137 0.2481878780661831 0
1279 0.09154752637447494 0.3293899172680224 0
1280 0.08351038609241646 0.3286391450870574 0
1281 0.08016010066242574 0.3211379790237466 0
1282 0.1088977258276047 0.1420294138175192 0
1283 0.1214131498961508 0.1273500436376194 0
1284 0.3149767583530134 0.2002591063141218 0
1285 0.3103215506343631 0.2047918358554201 0
1286 0.3197048169676162 0.1956134434008303 0
1287 0.3576782460272745 0.3173404477527331 0
1288 0.3666479321050296 0.3177361971961312 0
1289 0.2821385546131187 0.09955563339710499 0
1290 0.2801679119303347 0.09294966207733849 0
1291 0.07164190543914151 0.2344866285369249 0
1292 0.3041859271068146 0.2030726592846308 0
1293 0.3057338679149508 0.2092144161078688 0
1294 2.056394764646281 0.2482623180904169 0
1295 0.0753433312143259 0.3278378530393992 0
1296 0.2497255875570178 0.1092611703396623 0
1297 0.2250719105191917 0.1032444380419696 0
1298 0.07202205746547774 0.3202917664507145 0
1299 2.032712165929406 0.1494222736432996 0
1300 2.048917834990105 0.1495445926981161 0
1301 0.3713968101749312 0.3100421297899734 0
1302 0.3758067984632242 0.3180736188877699 0
1303 0.3807017889393838 0.3101368089060342 0
1304 0.385232445947242 0.3184491056261031 0
1305 0.3902705959607017 0.3104404414203393 0
1306 0.3948849214268455 0.3188779975274422 0
1307 0.4000740966970551 0.3106354212408519 0
1308 0.4048451843476146 0.3194065133969097 0
1309 0.4101318504572025 0.310661755974898 0
1310 0.4150478952490831 0.3198164020586777 0
1311 0.4204723564797032 0.3114044020150454 0
1312 0.4254759663078389 0.3201886095112186 0
1313 0.4309832339579741 0.3110411930804992 0
1314 0.4357127333944198 0.3201774022574128 0
1315 0.4415959641726175 0.3118419799462182 0
1316 0.4467032816003143 0.3220603256357755 0
1317 0.4523833399403295 0.3112606117401451 0
1318 0.457561113404781 0.3210094432241164 0
1319 0.4632240234904276 0.3111472900473423 0
1320 0.4453396960667971 0.3032730299801855 0
1321 0.4684345643222881 0.3212564104014095 0
1322 0.4741372974645043 0.3119179029410744 0
1323 0.4793708723612058 0.3216506294441763 0
1324 0.4850917668432172 0.3122982429444075 0
1325 0.4903552611317885 0.3219692691868448 0
1326 0.4961479289423351 0.312554949270881 0
1327 0.4908518232020562 0.3028411530698999 0
1328 0.5019452044175321 0.3030882130650459 0
1329 0.5072785906562389 0.3128669306022326 0
1330 0.5131276203118545 0.3033345688372027 0
1331 0.5184998862156933 0.31320103389676 0
1332 0.5243748548448081 0.303686155754725 0
1333 0.5297861283287623 0.3135405216684836 0
1334 0.5356992851823101 0.3039607116316754 0
1335 0.5411404172466006 0.3138576369058209 0
1336 0.5470978169497698 0.3042937528404228 0
1337 0.5525770381279536 0.3141982660880317 0
1338 0.5585760432607101 0.3045675650426266 0
1339 0.5640935432006022 0.3145423893595392 0
1340 0.5701369980983151 0.3046655317414315 0
1341 0.5756940503118659 0.3146723081937921 0
1342 0.5817747214247238 0.3048672434884749 0
1343 0.5873441230507461 0.3151436885426037 0
1344 0.5934818141629287 0.3051470741931769 0
1345 0.5991180348638814 0.3153108595402437 0
1346 0.6052843564896795 0.3053848970761999 0
1347 0.6109582588534426 0.3155625211132422 0
1348 0.6171629807239613 0.3056337389603527 0
1349 0.6228747691283631 0.3158880818921799 0
1350 0.6291213760963675 0.3058977057705111 0
1351 0.6348438360165829 0.316493866930401 0
1352 0.6411435855343972 0.3062235726789898 0
1353 0.6469267650361242 0.3168394959872259 0
1354 0.6532766347063155 0.306494669434234 0
1355 0.4966177773275605 0.293323867915454 0
1356 0.6590979348960514 0.3171932743493908 0
1357 0.6654854432869968 0.30677069206256 0
1358 0.6713433947201913 0.3175469739170749 0
1359 0.677775276694017 0.3070485248933829 0
1360 2.048227665492528 0.2622380674393297 0
1361 0.2818370781700318 0.139663905950797 0
1362 0.2085119416857816 0.3033739954768123 0
1363 2.064917687704647 0.2610577179382809 0
1364 0.3213057713468812 0.2022058429793961 0
1365 0.3262022942035683 0.1973383518909584 0
1366 0.2008588735355661 0.09826464178896453 0
1367 0.2961590084738723 0.1723981998209946 0
1368 0.542052059279044 0.2946592932385556 0
1369 0.68367074231465 0.3178884428881313 0
1370 0.6901431042049274 0.3073274987984247 0
1371 0.1886088539361785 0.3011167883537375 0
1372 0.07868228688027123 0.3353783914842313 0
1373 0.3946126620964073 0.2003517556716085 0
1374 0.6960880913731035 0.3182467525473458 0
1375 0.7026069404870785 0.3076074507836123 0
1376 0.7085866380059765 0.3186071126622767 0
1377 0.7151681450812412 0.3073568148397873 0
1378 0.07047206646877369 0.3345895969059212 0
1379 2.064617676823247 0.2337979085857675 0
1380 0.09955086570176697 0.3301690578282258 0
1381 0.2996569431447301 0.2075356679407214 0
1382 0.3012314893250434 0.213583002579998 0
1383 0.5886341849469467 0.2950764338692322 0
1384 0.3708943336081891 0.3257049804769243 0
1385 0.3071200371255327 0.215691357939923 0
1386 0.3026527283515617 0.2196520753942357 0
1387 0.7211877096456669 0.3188798145370317 0
1388 0.7278041935983965 0.3075381622315922 0
1389 0.2967641609076357 0.2178676844030389 0
1390 0.298149274765487 0.223763864175705 0
1391 0.73386317494956 0.3192132142309015 0
1392 0.7405217759957743 0.3078961787935268 0
1393 0.7466157852341668 0.3195838199090728 0
1394 0.7533257767211136 0.3081977354924093 0
1395 0.6363877326343788 0.2960501356623432 0
1396 0.3807723661097833 0.03758058424706395 0
1397 2.032058370335619 0.2621838313852313 0
1398 0.2870178347108578 0.09455397783507874 0
1399 0.2849613295055454 0.08773864827679641 0
1400 0.3038239643522321 0.2251932875500007 0
1401 0.2993701192643885 0.2295251524984003 0
1402 0.2936178800028559 0.227740263515027 0
1403 0.2951144064090727 0.2339191592889487 0
1404 0.2893595091888943 0.2321296498206999 0
1405 0.2907092162254146 0.2379475758139692 0
1406 0.7594691815150731 0.3199490949630836 0
1407 0.7662190713453099 0.3085486237609706 0
1408 2.040951076573069 0.135476280096857 0
1409 2.057091263486515 0.1356362019536362 0
1410 2.065060284232164 0.1496443523894872 0
1411 2.024962143586851 0.1352443210205802 0
1412 0.3005757744428194 0.234961198260417 0
1413 0.6854607787980057 0.2970645828225298 0
1414 2.073197437885301 0.1357657738857767 0
1415 2.040086416991448 0.2762001156026527 0
1416 2.023968271559481 0.2761411142760554 0
1417 0.3370273653378301 0.0630027090296246 0
1418 0.3488249927427386 0.3169767731174128 0
1419 0.7724057599511764 0.3203315908635735 0
1420 0.7792013583713011 0.3088534607652557 0
1421 0.7854233142853395 0.32070695801067 0
1422 0.7922702304259782 0.3092512252045692 0
1423 0.4488116121046526 0.1738118285510913 0
1424 0.2850013907057671 0.236268662009684 0
1425 0.2863543868488166 0.2419553578908513 0
1426 0.7340198380218448 0.2957330091033488 0
1427 0.07383787271133579 0.3421729742158077 0
1428 0.06562460976902118 0.3413535193127248 0
1429 0.7985439240006871 0.3210943864467493 0
1430 0.8054325168035783 0.3095672206533996 0
1431 0.8117500426302695 0.3214761432472864 0
1432 0.8186867218468263 0.3097911545611541 0
1433 0.399852759233732 0.3290985514516332 0
1434 0.8250353389835616 0.3218273751078077 0
1435 0.8320291534159726 0.3100747064740428 0
1436 0.2806886557209167 0.240324733771649 0
1437 0.2820529695314774 0.2459353453652024 0
1438 0.2764921779968684 0.2442583064037429 0
1439 0.277588810805995 0.2496273697793471 0
1440 0.272571784107781 0.2480440723960825 0
1441 0.2733844846004028 0.2534496285779428 0
1442 0.7857161921122862 0.2969167513548245 0
1443 0.4155137895078144 0.3018569488229861 0
1444 0.8383853239034589 0.3223560519565836 0
1445 0.8454449074514716 0.3107604950456259 0
1446 0.85185961797045 0.3228446741142146 0
1447 0.8589693358511695 0.3111465197622242 0
1448 2.081145147196853 0.1497523134034213 0
1449 0.2677334228165348 0.2513560660706361 0
1450 0.2693831056288359 0.2575727055691699 0
1451 0.2636795908077807 0.2558323527865091 0
1452 0.8388443886101231 0.2983304888995814 0
1453 0.535176483510635 0.3235038430663487 0
1454 0.3278820047838731 0.2041232932263312 0
1455 0.332918670533306 0.1990777861089441 0
1456 0.2653679731435646 0.2615173001761001 0
1457 0.2597914301500155 0.2598166708291147 0
1458 0.4433924779670251 0.2010881222508492 0
1459 0.8654719151053221 0.3231151850010431 0
1460 0.8725812496810472 0.3114437971349306 0
1461 0.8791437896079888 0.3234837110896587 0
1462 0.8863127351206996 0.3117516353958281 0
1463 0.892896155960496 0.3238457815230281 0
1464 0.9001216510665153 0.3120618661820821 0
1465 0.4298392935144908 0.3290620595199898 0
1466 2.049161646328843 0.121603574123659 0
1467 0.8934890750421733 0.299923608436281 0
1468 0.9073565424584515 0.3002177404184062 0
1469 0.9140337488143838 0.3124415458278994 0
1470 0.9213324120764073 0.3005132418002412 0
1471 0.9280474833336545 0.3128382696971134 0
1472 0.9353941173759491 0.3008179534007431 0
1473 0.9421708811415382 0.3132293290743954 0
1474 0.9495559050324207 0.3011223051921902 0
1475 0.9563799032566798 0.3136191037970371 0
1476 0.9638140228520748 0.3014278755668244 0
1477 0.9706849654251711 0.3140107575787677 0
1478 0.9781700515749928 0.301735073536957 0
1479 0.9850883007008769 0.314404946552858 0
1480 0.9926250890091427 0.3020444940671182 0
1481 0.9995911736277028 0.3148018432329377 0
1482 1.007180012067385 0.3023558554158606 0
1483 1.014194177574218 0.3152014921752572 0
1484 1.021835890377771 0.3026528907475254 0
1485 1.028820145230696 0.3153410665755883 0
1486 1.036579458437674 0.3029387541423528 0
1487 1.04383769659202 0.3155793271143752 0
1488 1.051471494641054 0.3032237938119942 0
1489 0.2879106775328254 0.2474089407503899 0
1490 1.058856234318023 0.3162143417050607 0
1491 1.066457151824608 0.3035764070870752 0
1492 0.2920214076388581 0.08938942858569521 0
1493 0.2898628573610216 0.08241253039632399 0
1494 0.282734124285365 0.08076329045833359 0
1495 0.2877089410453838 0.07529653343381529 0
1496 0.2802994064862505 0.07362240448384749 0
1497 0.2855878663492764 0.06802250278628549 0
1498 0.2779513594349318 0.06633862955855643 0
1499 2.031960149727901 0.2900901677413408 0
1500 2.015909367275697 0.2900398551416825 0
1501 1.073578147943706 0.3164548461964949 0
1502 1.081478185596654 0.3038756903018357 0
1503 0.5693885423041142 0.3243791919068312 0
1504 0.2525651653805863 0.1863069378984396 0
1505 0.2097514202863615 0.1464893646909396 0
1506 0.17698960521956 0.2490325411699543 0
1507 2.089232174854161 0.1359112700688535 0
1508 0.4631811864310769 0.3303786868199586 0
1509 0.06902752859527173 0.3488919711013997 0
1510 0.0772283283746662 0.3497436162727563 0
1511 0.06081838961628816 0.3480522620531665 0
1512 0.05741911808136546 0.3405554685149185 0
1513 0.2835153967843211 0.2304931503577624 0
1514 1.088914301466481 0.3166915088888318 0
1515 1.096677182113805 0.3041670531091545 0
1516 1.104260332330478 0.3174049725046774 0
1517 1.111977683566399 0.304537738469694 0
1518 0.2613120965476771 0.265430936467596 0
1519 0.2556960936573753 0.2636701754576248 0
1520 0.6038031286404026 0.3252464536171846 0
1521 1.119343024642488 0.318025961060289 0
1522 1.127298376163368 0.3049184722798706 0
1523 1.134710642193978 0.3184861677038617 0
1524 1.142788168000825 0.3052540582789013 0
1525 0.2832861738120871 0.06064909407585897 0
1526 0.2756688697812084 0.05898353119934022 0
1527 0.2750074186659599 0.2581087148069691 0
1528 1.15025196694514 0.3189230433210969 0
1529 1.158383264428474 0.3055904952446163 0
1530 1.165898363656144 0.3193538193266922 0
1531 1.174085635765452 0.3059272667356497 0
1532 0.900682490339875 0.288024714883612 0
1533 0.6405865255946814 0.3271358369324273 0
1534 1.181657890826885 0.3197827937749345 0
1535 1.189891024433356 0.3062689876160221 0
1536 1.197494892319532 0.3201881040936611 0
1537 1.205756289661124 0.3066304049708756 0
1538 1.21336083980123 0.3205673676593718 0
1539 1.221641266506363 0.3069990214404692 0
1540 0.2569357110007995 0.2691027831872631 0
1541 0.2515521333117693 0.2674729589936907 0
1542 0.9569248738402679 0.2889812624001974 0
1543 1.029460739067266 0.2900093682519689 0
1544 2.097131906996108 0.1498211491225315 0
1545 1.229248722081218 0.3209434926977842 0
1546 1.237531238232478 0.3073750008712617 0
1547 1.244650041463688 0.3210194620865651 0
1548 1.253339375396459 0.3077023653351294 0
1549 0.6771958867767331 0.3283917453785555 0
1550 1.260458076757789 0.3207372766075008 0
1551 1.269200416631848 0.3079619923557849 0
1552 1.276827222077269 0.3212838331493856 0
1553 1.285198347869253 0.3085161008069347 0
1554 1.29278721849711 0.3223169720621509 0
1555 1.300787827597678 0.3098607826896163 0
1556 1.308633923517636 0.3229635614289903 0
1557 1.316884938267435 0.3102928505346703 0
1558 1.324544956801416 0.3233935893777805 0
1559 1.33282598374358 0.309844784878144 0
1560 0.05263177744016057 0.3472316725331727 0
1561 0.05601540577897768 0.3546942024364692 0
1562 0.3751892260693229 0.07935346286087822 0
1563 2.023879420023413 0.303923749395049 0
1564 2.007882369633365 0.303868038204455 0
1565 2.039847540920115 0.3040263198115695 0
1566 1.340439371845112 0.3236407298150331 0
1567 1.348716864586504 0.3100631046551013 0
1568 1.356335847860255 0.3239653093749966 0
1569 1.364599724867312 0.3104040772757703 0
1570 0.3347272191420123 0.2058838931865164 0
1571 0.3398041528582034 0.2008261859528253 0
1572 0.3379399281774429 0.1938949960642109 0
1573 0.3449893976416964 0.1956722423877772 0
1574 0.3430004668683209 0.188463491286881 0
1575 0.3502835185436164 0.1903970175555832 0
1576 0.3482277220271554 0.1830364572959267 0
1577 0.3554300744735943 0.1850912559070551 0
1578 0.3536264374263427 0.1776460300571152 0
1579 0.2909798563280633 0.0623706722011288 0
1580 1.372201103365985 0.3243294065153081 0
1581 1.380472288822128 0.3107744939329188 0
1582 1.388098150842077 0.3240534384123614 0
1583 1.39634765544764 0.3110736903374662 0
1584 1.403965014898871 0.3247207887995645 0
1585 1.412217865500704 0.3114865039675361 0
1586 0.7145545191103915 0.329695346357127 0
1587 1.089316340482765 0.2911867900565991 0
1588 0.04924144481391424 0.3397530441363165 0
1589 0.2970160691816036 0.08388988409783837 0
1590 0.299223247378728 0.09111082152640869 0
1591 2.105224747318875 0.136049455608316 0
1592 2.097343148997192 0.1221687599770238 0
1593 0.2525732017405595 0.2729517882346185 0
1594 0.2473613379161121 0.271238013179969 0
1595 1.419842538779949 0.3247458972874193 0
1596 1.428088374815289 0.3117793116988313 0
1597 1.43569650891725 0.3256890585206205 0
1598 1.443952925240735 0.3122370204528347 0
1599 1.451598013952002 0.3254827164049902 0
1600 1.459864944639642 0.3125465677182837 0
1601 1.452214371257254 0.2986856097171317 0
1602 1.468141338665325 0.2990599913933152 0
1603 1.475757512813149 0.3130760969601905 0
1604 1.484069897183226 0.2994811567174734 0
1605 1.491691178291217 0.3134781828542736 0
1606 1.499992779897997 0.3001839898057939 0
1607 1.507609277788209 0.3139347007722588 0
1608 1.515922269921725 0.3004752178837259 0
1609 1.523524672823668 0.3143306054766632 0
1610 1.531842413270345 0.3010329682879259 0
1611 1.539446696828058 0.3147614446455199 0
1612 1.547765210771634 0.3014574331274609 0
1613 1.555368869978972 0.3151758522650364 0
1614 1.563693420855444 0.3016971212793792 0
1615 1.571290606004927 0.315556855862578 0
1616 1.579607960921114 0.3022404009648898 0
1617 1.587229176105039 0.3159828476663042 0
1618 1.595528600656484 0.302658768760635 0
1619 1.603149682876465 0.3163954294963107 0
1620 1.611445312594647 0.3030709653059313 0
1621 1.619054659652374 0.3168053082962085 0
1622 1.627357726031166 0.3034626921564197 0
1623 1.634967827149392 0.3171099432982751 0
1624 1.643272533870549 0.3037175767282698 0
1625 1.650878738946034 0.3174747916772906 0
1626 1.659178817640822 0.3042187509745716 0
1627 1.666788153296679 0.3178246566776902 0
1628 1.675086060775356 0.3046121762247509 0
1629 1.682694422945295 0.318220005333953 0
1630 1.690991015623674 0.3050168976585996 0
1631 1.698600005731686 0.3185609101141906 0
1632 1.706894656562462 0.305390747424142 0
1633 1.714502103963963 0.3189514214123714 0
1634 1.722795417647182 0.3057914564434889 0
1635 1.730395724910923 0.3195851632509732 0
1636 1.738693477866094 0.3062115278655347 0
1637 1.746300201616117 0.3197102333195124 0
1638 1.754590822385642 0.3065756732657577 0
1639 1.762196716151276 0.3200632634427645 0
1640 1.770486059106153 0.3069409837502602 0
1641 1.7780915652248 0.3204016168792271 0
1642 1.78638056492145 0.3072769058038194 0
1643 1.793971976819461 0.3212433938547533 0
1644 1.80226771790559 0.3077866710875097 0
1645 1.809870963012608 0.3212492592047398 0
1646 1.818157571225608 0.308115518347727 0
1647 1.825739225534295 0.321983563730956 0
1648 1.834041433528145 0.3085687778172279 0
1649 1.841620462696561 0.3224526886923708 0
1650 1.849923386890351 0.3089767969535665 0
1651 1.857525082913643 0.322369282262722 0
1652 1.865808958800215 0.3092707545515212 0
1653 1.873849956198449 0.3224407204250773 0
1654 1.881762543054877 0.3096205333549084 0
1655 1.889801870789933 0.3232832621920548 0
1656 1.897665160490058 0.3100612600054192 0
1657 1.905254467675552 0.3240027981914797 0
1658 1.913440317163912 0.3105500287896227 0
1659 1.921518744333179 0.3229975088522126 0
1660 1.150844371682835 0.2922232531534767 0
1661 0.2703220708780825 0.06464662554626069 0
1662 0.268071214303675 0.05730991994150683 0
1663 0.2628232305365826 0.0629603568322962 0
1664 0.2605220409861533 0.05569524030006218 0
1665 0.3461713104851942 0.1756338203661579 0
1666 0.3515240332166292 0.1702696079746102 0
1667 0.3441535741258848 0.1683399027026222 0
1668 0.3490584338514739 0.1630607626735255 0
1669 1.999900039952805 0.2900078302636312 0
1670 1.388631148486773 0.2980654095893294 0
1671 1.762003966170806 0.293142357207239 0
1672 0.7526952033009893 0.331008523447728 0
1673 1.857973464554832 0.2954438468907056 0
1674 1.214010313886014 0.2934243246109318 0
1675 0.2885513868473962 0.05474329756065496 0
1676 0.2553920437120401 0.06134908039343098 0
1677 0.2530241778310254 0.05408611859890461 0
1678 0.2479321252324292 0.05971574252248135 0
1679 0.2455641011687465 0.05247329292427222 0
1680 0.2405221228017014 0.05813644588947545 0
1681 0.2381379550480643 0.05087650585376857 0
1682 0.2331631783457982 0.05680962751720539 0
1683 0.2307458484333391 0.04930154840311582 0
1684 1.326147720193669 0.2949833604964686 0
1685 0.3606459709382869 0.1793321925580835 0
1686 0.2711869184366822 0.2425521398322707 0
1687 1.618008415875832 0.2897320985760021 0
1688 0.3420545655655119 0.1611145486390285 0
1689 0.3469118890194032 0.1557930415920606 0
1690 0.3399514420895406 0.1538578029662445 0
1691 0.3452062240903973 0.1484004466028919 0
1692 0.3377896839657466 0.1463994456275133 0
1693 0.2256355017441815 0.05488602248062369 0
1694 0.2233238270177907 0.04765476853616593 0
1695 0.2183018733244659 0.05287294706510517 0
1696 0.2159059861878625 0.04597062592164258 0
1697 1.277724791797495 0.2960212554851036 0
1698 0.7916293533618395 0.3323496063779454 0
1699 0.2620353440069226 0.270406776529831 0
1700 0.04789409270865352 0.3538736486755854 0
1701 0.05123651471259816 0.3612817825894098 0
1702 0.3431874629487498 0.1410498285094463 0
1703 0.3356276669004317 0.1389864420956265 0
1704 1.537937609334749 0.2877917435338281 0
1705 0.2965196742537185 0.05653106148211512 0
1706 0.9347349375954294 0.3251259961215918 0
1707 0.2108720137855784 0.05119142922668907 0
1708 0.2084591211949375 0.0442989082599454 0
1709 0.2033568325672016 0.04976909766591339 0
1710 0.2009570970448262 0.04278124491951393 0
1711 0.1958396039541599 0.04820922009312348 0
1712 1.46050645226242 0.2850441656936126 0
1713 0.2579140013307381 0.2546561223790839 0
1714 0.3296208915078477 0.2109779876130993 0
1715 0.3365006879350346 0.2127273511535667 0
1716 0.3314305696323716 0.2177721565182428 0
1717 0.9919232005847858 0.3269099026202467 0
1718 1.698026257003597 0.2916307615636947 0
1719 0.2461966105020865 0.2658599366110752 0
1720 0.2421076881615833 0.2696073556871128 0
1721 0.243279560424125 0.2749959318871177 0
1722 0.2380181896823297 0.2733211816737753 0
1723 0.3380651539484785 0.2194100566218086 0
1724 0.3331203167405484 0.2245783430343088 0
1725 0.2655084700793683 0.04979235382389183 0
1726 2.031813601438264 0.3177711126089038 0
1727 2.047704765097152 0.3178712126252601 0
1728 2.11308346948306 0.1498994864958514 0
1729 2.105039492655368 0.1636351191645801 0
1730 0.3043847986970043 0.08563331863389306 0
1731 0.3065915452574344 0.09294457396593572 0
1732 2.113262539700789 0.1222926749813859 0
1733 2.1054407499853 0.1084936812353594 0
1734 0.8583042499182834 0.3348981512626967 0
1735 1.90583439619608 0.2965582444348036 0
1736 1.921854734359952 0.296984827552118 0
1737 0.2391914439848625 0.2787718015279382 0
1738 0.2338612569545508 0.2770720372666386 0
1739 0.1935046658443705 0.04138792341697597 0
1740 0.1882491653781214 0.04684370260324897 0
1741 0.04311078038638883 0.3604265627210573 0
1742 0.4190775082690088 0.1595488720257316 0
1743 1.066101259947136 0.328273461447615 0
1744 0.2435444602879102 0.04516088136593588 0
1745 0.2940022054987061 0.04864468594262975 0
1746 0.302245592989256 0.05052177272496705 0
1747 1.992516559743352 0.3041965417750717 0
1748 0.3852796354885698 0.3025987166851073 0
1749 0.2409646143405031 0.264276315400145 0
1750 1.80996573873012 0.2942797278756361 0
1751 1.499305761203453 0.3270648968951332 0
1752 0.3410367311952887 0.1339985751948691 0
1753 0.3336271227570533 0.1317982073766766 0
1754 1.579471439052474 0.329710255435497 0
1755 0.2981857721595634 0.2013736429619744 0
1756 0.2703071958415986 0.120165380087061 0
1757 0.3457654123847582 0.04666025607537594 0
1758 0.113999799996802 0.2867286661283535 0
1759 1.660161461476074 0.3314265396635936 0
1760 0.3267891863952692 0.2733203732749369 0
1761 0.2127570688019264 0.1003458648312452 0
1762 0.1027187529828075 0.261618772316714 0
1763 0.2953742898201184 0.3103679524283181 0
1764 0.3027596339919858 0.3108089017752134 0
1765 0.2986778732261096 0.3171051706574316 0
1766 0.3063744462718979 0.3175222491531364 0
1767 0.3020228476849514 0.3241293298882957 0
1768 0.3099206167881153 0.3245290695466112 0
1769 0.3055714895693064 0.3312036685419327 0
1770 0.2975691070803226 0.3307497645098206 0
1771 0.3010088445929301 0.3378305790855364 0
1772 0.3087377319867453 0.3385055281437149 0
1773 0.2929336629835947 0.3374140923334863 0
1774 0.2965259411722472 0.3445775958000653 0
1775 0.2882832220661113 0.3441792997537501 0
1776 0.2921377763148849 0.3515222241247467 0
1777 0.2837806838798439 0.3510002711493753 0
1778 0.2875326913404634 0.3584670139088136 0
1779 0.2791933357515729 0.3578793283540647 0
1780 0.2960231941470808 0.3590360349787201 0
1781 0.2755280136629364 0.3504488173776513 0
1782 0.2709514964595549 0.3572334511526922 0
1783 0.2676519859647786 0.3500467869375481 0
1784 0.262868036526918 0.3566162846189562 0
1785 0.2595424039033283 0.3498397815056081 0
1786 0.2547499515929202 0.3560675947378841 0
1787 0.2582446474783733 0.3632903400846604 0
1788 0.2501418616512309 0.3626308305847842 0
1789 0.2466579606571198 0.3553583527897336 0
1790 0.2420924966654705 0.3619128322597641 0
1791 0.2387232057664275 0.3546851011896072 0
1792 0.234154388520022 0.3611245661127584 0
1793 0.2308165438459768 0.3540203801120801 0
1794 0.2262795358355596 0.360405612668386 0
1795 0.2229808346484189 0.3533811166174797 0
1796 0.2184492088305119 0.3597819306479784 0
1797 0.2151803664777069 0.3527439269194705 0
1798 0.2106766257712682 0.3591097880526847 0
1799 0.2069420719004711 0.3507834714341002 0
1800 0.2028640057774826 0.3581793004301723 0
1801 0.1989428605544501 0.350881582614987 0
1802 0.1951049855159769 0.3575878292358352 0
1803 0.1916195771673403 0.3504908371264481 0
1804 0.1875289913253209 0.3570259264714243 0
1805 0.184231037294649 0.3500808250951065 0
1806 0.17989373975028 0.3564051363755966 0
1807 0.1765899604731923 0.3494572924118796 0
1808 0.1722147892705164 0.3557170595376071 0
1809 0.168982966452686 0.3488134002944271 0
1810 0.1645254574483572 0.3550799251999341 0
1811 0.1614020690457963 0.3481596282364408 0
1812 0.156790084893673 0.3544558305064102 0
1813 0.1536246503446076 0.3474590349207404 0
1814 0.1490318461449756 0.3538279509022433 0
1815 0.1456827708913759 0.3467447074906703 0
1816 0.1412029893548138 0.3531502884221685 0
1817 0.1378100945641292 0.3460439194169707 0
1818 0.1332939277111271 0.3525187662683448 0
1819 0.1367155848937542 0.3597983411589595 0
1820 0.1285808954383765 0.3591335096750609 0
1821 0.1681013230416943 0.3622292071418894 0
1822 0.1904846258384666 0.3641074450747546 0
1823 0.1321168345260978 0.3666361025289082 0
1824 0.1237416167689589 0.3659024557399241 0
1825 0.2857584292135369 0.2911791811225499 0
1826 0.09178715886796462 0.2369944670321003 0
1827 0.1760020562239875 0.2998785023273597 0
1828 0.2995780575284324 0.1845844499478451 0
1829 0.2373396259567834 0.1061996666800267 0
1830 0.3192305737115579 0.2731812173597925 0
1831 0.3231145662988719 0.2668705574633349 0
1832 0.3157931441748283 0.2667357254696081 0
1833 0.3195889601742945 0.2605728917284275 0
1834 0.1773493508486642 0.09789161513835434 0
1835 0.2923662874641683 0.1606027570080789 0
1836 0.3504170498779712 0.08806847284442004 0
1837 1.984731052043077 0.2928231349351342 0
1838 0.1304426279873175 0.2953121666245869 0
1839 0.357675019032842 0.1924812887473063 0
1840 0.2938135880825927 0.2058180617257916 0
1841 0.292234681165348 0.1999698447178238 0
1842 0.2880054446992693 0.2041674942601646 0
1843 0.2865217558457944 0.1985188425575219 0
1844 0.2824178834491143 0.2025294448590864 0
1845 0.2809653197988257 0.1970753687505554 0
1846 0.2770997991616013 0.2011331633857199 0
1847 0.2757361967214637 0.1956735265255004 0
1848 0.2794823471996577 0.1917230296199544 0
1849 0.2783616052264895 0.2064403184126147 0
1850 0.2742452102548356 0.1902421827671243 0
1851 0.278010790312149 0.1864620793192764 0
1852 0.2730363656269894 0.1850033970807743 0
1853 0.2766060688349605 0.1812760031436632 0
1854 0.2708332260095359 0.1798539298791091 0
1855 0.2750643314085494 0.1761354119058227 0
1856 0.2699976682921712 0.1747989697141178 0
1857 0.2737370502421496 0.1710162090235575 0
1858 0.2685983566372239 0.1696372183452396 0
1859 0.2723545882006498 0.165860687384458 0
1860 0.2671750123760955 0.1644675547355472 0
1861 0.1602185880785878 0.09994748737831297 0
1862 0.0962219273597924 0.1743010690431225 0
1863 0.2767554415557076 0.3149859172011174 0
1864 0.2506856279004904 0.3010303936927354 0
1865 2.120909818733972 0.1636500136988359 0
1866 2.112929558710586 0.1773719014141035 0
1867 0.185838553612278 0.03968666218716466 0
1868 0.1806098441696475 0.04524836842113353 0
1869 0.04655610794545328 0.3678696170756551 0
1870 0.05466045772155992 0.3687781124268268 0
1871 0.03842752321835197 0.3669827400934871 0
1872 0.154162145004777 0.0813293769352081 0
1873 0.1002030837905072 0.1693916021174308 0
1874 0.1024210670162481 0.1751629880700564 0
1875 0.1062729133242173 0.1704954254066975 0
1876 0.1084223450179842 0.1760516612620326 0
1877 0.1121569260613552 0.1715322821102849 0
1878 0.1142183456081751 0.1769855801505373 0
1879 0.1178687271906831 0.1725022043579567 0
1880 0.1105874810388546 0.1814776559470358 0
1881 0.1163017921996643 0.1823061177667025 0
1882 0.1127441495088578 0.1867700403263046 0
1883 0.1183306704254078 0.1875736327128769 0
1884 0.1148219236114003 0.1919750608190436 0
1885 0.1202822270888193 0.1927992190909621 0
1886 0.1168465623033681 0.1971222984020981 0
1887 0.1222478366620229 0.1979384999689113 0
1888 0.1188584179726426 0.202221601961496 0
1889 0.1242100574144658 0.2030233597213341 0
1890 0.1208390381139506 0.2072807037811197 0
1891 0.1154314372375636 0.2064799440275452 0
1892 0.1174778019512139 0.211566024368867 0
1893 0.1228813786790076 0.2123390027143964 0
1894 0.1195263949921628 0.2166196546353662 0
1895 0.1248767154052106 0.2173651832493818 0
1896 0.1215545087805453 0.2216422622238847 0
1897 0.1268944266715324 0.2223847974871577 0
1898 0.1235846430615053 0.2266592180532223 0
1899 0.1289176386070102 0.2274006603594277 0
1900 0.1245993398780607 0.2324596602216096 0
1901 0.1307650742522707 0.2325399934272444 0
1902 0.1274507959839926 0.2372875460862541 0
1903 0.1328965466540009 0.2374812093993082 0
1904 0.1297127060476855 0.2418771209757462 0
1905 0.1351123417363977 0.2421938294381512 0
1906 0.1317091482488002 0.2465551683410499 0
1907 0.1371960413880932 0.2471897265769852 0
1908 0.1335214167882905 0.2513471363085637 0
1909 0.1391340082380447 0.2525303326773911 0
1910 0.1354696460575546 0.2566055945596439 0
1911 0.1412321923714667 0.2576470216085641 0
1912 0.1377494663301122 0.2619929422831885 0
1913 0.1433128624810642 0.2628092946658031 0
1914 0.1171701886036183 0.2204939723093 0
1915 0.1398730085305571 0.2672248524242894 0
1916 0.1454351576851612 0.2679618674915877 0
1917 0.148846547911478 0.2636014796034857 0
1918 0.1509624601438224 0.2686785668732701 0
1919 0.1543132258706409 0.2643629972857101 0
1920 0.1564149709067103 0.2694294732168514 0
1921 0.1263183334777735 0.2455071058447558 0
1922 0.1237391826811609 0.1885499679897333 0
1923 0.1158787024545134 0.1671092148108904 0
1924 0.1215010247788498 0.1680915075727272 0
1925 0.1195688472098511 0.1627662991183485 0
1926 0.1251017869417625 0.1637367630760464 0
1927 0.12319338331003 0.1584642651055553 0
1928 0.1286646708564767 0.1594245154301726 0
1929 0.12676560212771 0.1541930276094381 0
1930 0.1322173933186157 0.1551496210234384 0
1931 0.1302821572046052 0.1643458153450534 0
1932 0.1303267522816201 0.1499333529797247 0
1933 0.1357688626928351 0.1508834723745145 0
1934 0.1338041921159343 0.1455644834818713 0
1935 0.1393209384987448 0.1466080648085961 0
1936 0.1373191699934238 0.1411856703086534 0
1937 0.1428516150483523 0.1423656309333961 0
1938 0.1447053945969858 0.1474967052711669 0
1939 0.1482056877269609 0.1433329407931643 0
1940 0.146361629977005 0.1382493271940115 0
1941 0.1517097807310421 0.1392218916002631 0
1942 0.1498967239917967 0.1341377235199431 0
1943 0.1552635604039589 0.1350766912907094 0
1944 0.1534249533275246 0.1299560471793176 0
1945 0.1588382014673286 0.1309080369674853 0
1946 0.1595444864849703 0.2651909596432582 0
1947 0.1618308557919782 0.2701480558268175 0
1948 0.1521803017461328 0.2595430497362117 0
1949 0.1317403730426554 0.2607830124134563 0
1950 0.1569823623573305 0.1257690323419878 0
1951 0.1623923117913755 0.1267849702721744 0
1952 0.1642254206892703 0.1319494138484255 0
1953 0.167750417927229 0.127817900847777 0
1954 0.1585201953622155 0.2744953298449475 0
1955 0.1639566029472213 0.2751907488238787 0
1956 0.1672752140941514 0.2708734269936127 0
1957 0.1693730413331023 0.2758588066145728 0
1958 0.1726178581997335 0.2715524698896701 0
1959 0.1747430551585619 0.2765027535511068 0
1960 0.1779636347465957 0.2722231858433412 0
1961 0.1800791021871473 0.277171286445656 0
1962 0.1832972240430516 0.2728946724559305 0
1963 0.1854171858173618 0.2778262741897758 0
1964 0.1886126791349616 0.2735653702669685 0
1965 0.1907131261651641 0.2784736041260085 0
1966 0.1939072573751756 0.2742337940848327 0
1967 0.1959970471455543 0.2791322122702978 0
1968 0.199167637868783 0.2748788434026189 0
1969 0.2012867034788843 0.2797941534097078 0
1970 0.2044898258849508 0.2755212881858153 0
1971 0.2066137546860322 0.2804557023504801 0
1972 0.2098321980988156 0.2761823435410943 0
1973 0.212003641131532 0.2811641306304372 0
1974 1.720311184065119 0.1746833345219357 0
1975 1.406061249771887 0.1745541663918077 0
1976 1.835241331287217 0.175839809637013 0
1977 1.294794466190103 0.1717527034276623 0
1978 1.490597088155872 0.1738636877888202 0
1979 1.605606267811882 0.1742714859581513 0
1980 0.03968338123875026 0.3530087652803381 0
1981 2.121300453551878 0.1086493775691906 0
1982 2.113499811578554 0.09484983935305254 0
1983 2.097644162487261 0.09468275182257282 0
1984 1.531419307894943 0.2163524695205572 0
1985 0.2327097356768036 0.271667681004713 0
1986 0.4985975166439901 0.2020596755978845 0
1987 2.073031785690332 0.1636169170639425 0
1988 0.07682435140105159 0.1712056850421896 0
1989 1.54696668433017 0.3280889699486172 0
1990 2.000019854058715 0.3177170478339444 0
1991 0.07685119864380474 0.3136213522022409 0
1992 0.06872595064750842 0.3127552635006841 0
1993 0.07359554072463359 0.3061684123527644 0
1994 0.06545323514725743 0.3052255875059094 0
1995 0.06051992976009624 0.3118529931529949 0
1996 0.05725154846973535 0.3042271041128348 0
1997 0.06222932540404003 0.2977300939967124 0
1998 0.05403825656673078 0.296620234398966 0
1999 0.05900533535672636 0.290137643451732 0
2000 0.05084412054836585 0.289043562514474 0
2001 0.05576468799590639 0.2825356734721808 0
2002 0.04765480524632193 0.2814990838370928 0
2003 0.05255727150189582 0.2750144272031699 0
2004 0.04895520708587342 0.3034621941825662 0
2005 0.04447215106033253 0.2739901482004501 0
2006 0.04936012273736701 0.2675362275922541 0
2007 0.04108762259437215 0.2664746839346228 0
2008 0.04620393753577079 0.2599801338666241 0
2009 0.1202543840478593 0.3583368160011309 0
2010 0.1153439687351037 0.3651071875044043 0
2011 0.2219924493069674 0.3668395723198258 0
2012 0.5430891368151078 0.2023500057174143 0
2013 0.5907410969516715 0.2059799327566288 0
2014 0.6391397642797 0.2064048595600428 0
2015 0.6902499708289707 0.2055565679903237 0
2016 0.7413778496232133 0.2063337425029629 0
2017 0.7935971337009857 0.2068159808942609 0
2018 0.512596077954281 0.3226986855219652 0
2019 0.8476332915300583 0.2075324830226079 0
2020 0.9036113353173821 0.2075511359934161 0
2021 1.111431789042815 0.33018558165707 0
2022 0.9601486288808599 0.2089694201003348 0
2023 1.018565325007376 0.2105912052612084 0
2024 0.4845933799571908 0.3313750125202097 0
2025 1.093909573048924 0.2117569458888193 0
2026 1.15605639578929 0.2127203167974376 0
2027 1.219186177622444 0.2148406643415729 0
2028 1.941351484885365 0.2171904332173553 0
2029 0.8181409653132636 0.3325783687677693 0
2030 0.9631313981446255 0.3259578961813378 0
2031 0.8857035570517245 0.3356158284018255 0
2032 1.021256333357432 0.3272171764720321 0
2033 1.859722732077675 0.2185601992984936 0
2034 1.777158559083478 0.2179060660988037 0
2035 1.629454494329929 0.2168267867080021 0
2036 1.695945615007453 0.2165279842610313 0
2037 1.492388665600292 0.2858688726106338 0
2038 1.385065561444251 0.2143158765127584 0
2039 0.08494973850015408 0.1435593476516964 0
2040 0.8868199132835508 0.2877509036625128 0
2041 0.8939906813103558 0.27585955659769 0
2042 0.8801448424953 0.2755696818110712 0
2043 0.9078670399363484 0.2761701412963699 0
2044 1.182251773501318 0.2927491417937079 0
2045 1.119869687388726 0.2917023427843819 0
2046 1.059184055103238 0.2906849863594383 0
2047 0.9856395982328178 0.289461182892946 0
2048 0.8121117581717456 0.2975544501684499 0
2049 0.7596915659732972 0.2962009345485634 0
2050 0.7086698173793278 0.2986986169676811 0
2051 0.6607924124710889 0.296550967369878 0
2052 1.226759982130671 0.1724937117042217 0
2053 0.6123874390390887 0.2955447292227283 0
2054 1.117284065582339 0.17183897728609 0
2055 0.5652737568499504 0.2947995196821787 0
2056 1.056180708010782 0.1723792714149239 0
2057 0.4688847504257344 0.3019723946143091 0
2058 0.9967115302422548 0.1723715150944433 0
2059 0.9388308955329787 0.1723761315699149 0
2060 0.8827529472739341 0.1723307088676911 0
2061 0.8278369638154228 0.1713502391364949 0
2062 1.450232049865297 0.2149743646364103 0
2063 0.5040214937721528 0.1742515892761967 0
2064 0.7743519798627257 0.1703618271125152 0
2065 1.585986084953867 0.2889546389405538 0
2066 1.246115016740452 0.2951157055045864 0
2067 1.730019129085769 0.2923943712822105 0
2068 1.420347621083202 0.2979580212250511 0
2069 0.7222208209292017 0.1729384317347274 0
2070 1.666025196436254 0.2908683321755368 0
2071 1.358377814006059 0.2973471760436528 0
2072 0.6716360755602926 0.1727838470303034 0
2073 0.1424489101941626 0.2482002308273395 0
2074 0.519203968917069 0.2939818036535635 0
2075 0.5499270643822944 0.1738420094147802 0
2076 0.06876374330828172 0.2284259342112509 0
2077 0.06459891768802595 0.2337869355302938 0
2078 0.06167789205160279 0.227546175862811 0
2079 0.05731321252499932 0.2337741273905795 0
2080 0.05435791617565355 0.2266857752553348 0
2081 0.04988359931637931 0.2331759068102315 0
2082 0.04688023595292079 0.2259035824303068 0
2083 0.05140111092188215 0.2197096713044572 0
2084 0.04384205831922428 0.218843965243188 0
2085 0.04849890911131238 0.2126106620067376 0
2086 0.04232062354330379 0.2320587643953287 0
2087 0.04082159064032709 0.2117666486655953 0
2088 0.04550803240671009 0.2054742163398192 0
2089 1.914136013184075 0.282919820476331 0
2090 0.1120041780606855 0.2107951831526862 0
2091 0.1715416088175651 0.07981266468940457 0
2092 2.105705398426337 0.08102845979856721 0
2093 2.089843664674117 0.08088048236125103 0
2094 2.121539271861966 0.08121331661408328 0
2095 0.2745310719079184 0.3647040657663696 0
2096 0.4130941007595361 0.2161023056296849 0
2097 1.23572924603368 0.3336380338560712 0
2098 0.355669267167053 0.1642972280683061 0
2099 0.165964959157052 0.1226420936018596 0
2100 0.1713297270005445 0.123733815799118 0
2101 0.1730779789430483 0.1288574159297195 0
2102 0.1766256444841841 0.1248213647829008 0
2103 1.770867703580558 0.3329779696850601 0
2104 0.08051155402040489 0.148729540943041 0
2105 0.07816259497248179 0.1422498841429173 0
2106 0.07358152967016585 0.1476171910688121 0
2107 0.07116448656728069 0.1409026371718882 0
2108 0.0664638249746814 0.1464441851125564 0
2109 0.064126210895189 0.1396504755136209 0
2110 0.06836166350681472 0.1341109285340777 0
2111 0.06148151787408729 0.1331100852211394 0
2112 0.0658843752599434 0.1270247152975803 0
2113 0.05869474457113766 0.125912004377098 0
2114 0.06399343315071615 0.1194981163543963 0
2115 0.05922313964284687 0.1451955922183117 0
2116 0.05620284624561211 0.1180762763093959 0
2117 0.06158488140974638 0.1119017802415157 0
2118 0.05353317726947182 0.1104618464829753 0
2119 0.05889663242667442 0.1044050683924083 0
2120 0.06697790140814552 0.1057669540617756 0
2121 0.06418085775936877 0.09829497075382895 0
2122 0.07213888137986002 0.09974319710008661 0
2123 0.06954903663648615 0.09224594020848154 0
2124 0.07734531830337965 0.09379793136772392 0
2125 0.07477098939830462 0.08612741995461225 0
2126 0.06723069150230776 0.08453652330409173 0
2127 0.07236730218878673 0.07837532825703578 0
2128 0.08018387670211014 0.08009127215542941 0
2129 0.07777450480149195 0.07219522006751197 0
2130 0.06919205706649412 0.07090443624888579 0
2131 0.08570597173370187 0.07392992612566218 0
2132 0.08331413946896582 0.06605139560454262 0
2133 0.09136939944812061 0.06767681909206646 0
2134 0.08881771220542545 0.0597955981856044 0
2135 0.09696190977956265 0.06146691089285547 0
2136 0.05111512492950965 0.1027121956287582 0
2137 0.05087530533827334 0.1252163535947858 0
2138 0.09436388034068566 0.05355992287678046 0
2139 0.1025169311089175 0.05531891385725904 0
2140 0.08601629204834826 0.05191607605840828 0
2141 0.09357105869974913 0.07573659677109901 0
2142 0.07989830364908079 0.1013376396250594 0
2143 0.1052927958143246 0.06305869440482376 0
2144 0.1107227342892848 0.05702522211693575 0
2145 0.1081364196790031 0.04920755654561529 0
2146 0.1161792113111341 0.05104779253922651 0
2147 0.1186844995620067 0.058766839760934 0
2148 0.1241082274820486 0.05288959220334866 0
2149 0.1264550847693623 0.06057159857860295 0
2150 0.1331358476134136 0.05510852328634222 0
2151 0.1297819142603538 0.04714019489288362 0
2152 0.1374442120382611 0.04883163687856257 0
2153 0.0917501448384952 0.04539305993680698 0
2154 0.08313132453583894 0.04370151703488814 0
2155 0.3467636146826035 0.2025649759788524 0
2156 2.039670827365506 0.3315552148509249 0
2157 2.055518072799056 0.3316423070803043 0
2158 2.063545644610926 0.317974768595051 0
2159 2.071416670302779 0.3317496875325016 0
2160 2.079398265540708 0.3180897585082639 0
2161 2.087285227975691 0.3318533670675619 0
2162 2.095243979501653 0.3181997413716895 0
2163 2.103078958216794 0.3319641409194099 0
2164 2.11106760958532 0.3183125328567003 0
2165 2.118862665132305 0.3320841578720891 0
2166 2.102710559285729 0.3041632468126062 0
2167 2.118992140583118 0.3045451993468337 0
2168 2.11062344662242 0.2904163606800038 0
2169 0.04242493833757344 0.2882716348152731 0
2170 0.3117832801702489 0.08793154162566313 0
2171 0.3140732160099622 0.09485078140383582 0
2172 0.07253598606515377 0.1764805910709095 0
2173 1.610744112576159 0.3303054158714813 0
2174 1.142041544233558 0.3319535920133261 0
2175 0.3529100003467596 0.3248179886004749 0
2176 0.3440406930323812 0.3244109752590577 0
2177 0.3481265277325841 0.332312264953893 0
2178 0.3848399585882472 0.2461146935304188 0
2179 0.1445451492803094 0.1330352541757563 0
2180 0.1782510489672566 0.03778741491197735 0
2181 0.1728296172915211 0.04341669486777039 0
2182 0.2380113421639489 0.3683592524793484 0
2183 0.1281368885373646 0.2130525145956298 0
2184 0.111758085987931 0.19631993858287 0
2185 0.2060076305079523 0.365418833042026 0
2186 0.2222708488703533 0.3213844330524416 0
2187 0.04536857512926473 0.1090953083766846 0
2188 0.04282048116320269 0.1009906411416847 0
2189 0.3586639439127426 0.2740284207083121 0
2190 0.1189664383991855 0.2299882881981372 0
2191 0.1526182074321898 0.3610154876320795 0
2192 1.348072579922394 0.3374956375119872 0
2193 1.984681362537407 0.3180560137917047 0
2194 0.1189782165069434 0.3115420316876648 0
2195 0.3964737553747759 0.1657284379395058 0
2196 0.1021206311240512 0.1238928829674027 0
2197 0.08489402044149785 0.2656110241478759 0
2198 0.2284379063667701 0.04196580542074005 0
2199 0.2680778095006033 0.2962666774365419 0
2200 0.2196186800051809 0.08542893624643902 0
2201 0.1965410346390588 0.3190253911633204 0
2202 0.2732367288509673 0.2051408811302931 0
2203 0.2744370832049773 0.2102684406261642 0
2204 0.3125364547627031 0.2601149094539945 0
2205 0.3164169079989281 0.2544745221991824 0
2206 0.1712756264939286 0.3160485955608608 0
2207 0.119623002635054 0.1036615546462216 0
2208 0.339041171937452 0.127502735554081 0
2209 0.3315468908658129 0.1249735453430693 0
2210 0.3262952675612859 0.1299688773995284 0
2211 0.2442716825951416 0.09092342791267258 0
2212 0.1450404336665415 0.3143334892417519 0
2213 0.3957775111029243 0.1184299387729885 0
2214 0.348613337813272 0.1355943179985587 0
2215 0.311405832246613 0.1652795797671446 0
2216 0.129986476693307 0.345335305113457 0
2217 1.817868812221593 0.3343979026519767 0
2218 0.2709550269368109 0.1606809792781826 0
2219 0.2657456011903409 0.1593305291005916 0
2220 0.8873036180074578 0.2637108161036744 0
2221 0.8734935406427609 0.2634280443159451 0
2222 1.691790490866106 0.3318605852463413 0
2223 0.3242645668328795 0.1228572795433551 0
2224 0.3293556793362329 0.118166595658237 0
2225 0.03817943561888448 0.259087121302041 0
2226 1.173320709857852 0.3329727279017164 0
2227 2.126975490334402 0.2908399430536578 0
2228 2.119422182993221 0.2765057176182161 0
2229 1.992045216991842 0.3314705094045683 0
2230 0.1783319590567676 0.1298902469123696 0
2231 0.1818820504715701 0.1258837664162773 0
2232 0.1802029926392967 0.1208107477750145 0
2233 0.1854789776378756 0.121904078725712 0
2234 0.1870938644138092 0.1269953797037605 0
2235 0.1907228044184981 0.1230330983053411 0
2236 0.1891020374978387 0.1178844121009912 0
2237 0.1943914456888243 0.1190969155544547 0
2238 0.1959654302985461 0.1242059772707582 0
2239 0.1996382589968436 0.1203081482737366 0
2240 0.2011937551439161 0.1254138911183055 0
2241 0.2048561671310207 0.1215254539868998 0
2242 0.2064060392869842 0.1266099977387504 0
2243 0.2100548492396952 0.1227294324525612 0
2244 0.2116150828514367 0.1278101045934782 0
2245 0.2152301576069462 0.1239341314845994 0
2246 0.2167888813534049 0.128941093287549 0
2247 0.2203771994876207 0.1251303625244972 0
2248 0.2219351604348081 0.1301223780919981 0
2249 0.2255194251031278 0.1263228889119444 0
2250 0.2270979854304065 0.1313745204792465 0
2251 0.2307079619673975 0.127494211373907 0
2252 0.232290933968287 0.1325909817888482 0
2253 0.2359205205917729 0.1286833394015148 0
2254 0.2374484021736822 0.1337655252959089 0
2255 0.2410727230814951 0.1298940654999769 0
2256 0.2426665540495709 0.1349873159800538 0
2257 0.246183808026504 0.1308441552002019 0
2258 0.2479253846253582 0.136209149607103 0
2259 0.2440112475298692 0.1408790268352269 0
2260 0.2495017960422028 0.1414045390766325 0
2261 0.2532303263456374 0.1374807906575237 0
2262 1.723405834483456 0.3329068946639337 0
2263 0.3512866640365245 0.2458385120426851 0
2264 2.128759530846213 0.1774191135754335 0
2265 2.120801531467794 0.1910936652518533 0
2266 0.1379752640823975 0.1563238161683724 0
2267 0.2593765160952674 0.3193563332750983 0
2268 0.309526720859203 0.1000645510836985 0
2269 0.1419111884945491 0.2724263740651444 0
2270 0.1362451706960119 0.271703245742154 0
2271 1.204818487371217 0.3334431514491845 0
2272 0.06159891553886032 0.1520604220156764 0
2273 0.05450153765992205 0.1510818468233281 0
2274 0.05683642682589651 0.157936385448631 0
2275 0.04952562843315222 0.1568159272618141 0
2276 0.052138026113143 0.1639712179272995 0
2277 0.04682751262999885 0.1493843394383822 0
2278 0.04456550860677266 0.1627160011576761 0
2279 0.04690868183707853 0.1706880596676963 0
2280 0.03933075158590915 0.1692309525546495 0
2281 0.03676433233678233 0.1613894188367746 0
2282 0.2997864061338633 0.04244428423421054 0
2283 0.3081313033304842 0.04438226628982062 0
2284 0.2913775785973035 0.04057643633522764 0
2285 0.31042312293098 0.07961527228807941 0
2286 0.3142734231564783 0.3178296127970067 0
2287 1.426675587219157 0.3369705175373924 0
2288 0.1211493870437339 0.06630949512126208 0
2289 0.1137410590269117 0.04309987640237009 0
2290 1.897756423328931 0.3363366973828497 0
2291 0.2350453480150676 0.2825732318813051 0
2292 1.976168475681908 0.3314479098225845 0
2293 0.1703963520067523 0.03545531158665183 0
2294 0.2912490157200305 0.3661899389276361 0
2295 0.2999428711086378 0.366758635898273 0
2296 1.84973410702743 0.3345777436122236 0
2297 2.129100190490871 0.1223856814276592 0
2298 0.1474628211773548 0.07993692616208095 0
2299 0.1517840012482112 0.0748293484444513 0
2300 0.1118307354503836 0.3574519795370397 0
2301 0.1069480343894095 0.3642956409131778 0
2302 0.1351058387637507 0.04119782873910774 0
2303 0.03772046498924597 0.2046164015279912 0
2304 1.283517564797245 0.3339728531099806 0
2305 0.1754050604276389 0.05100608171410972 0
2306 0.16766015765622 0.04917039844184401 0
2307 1.315294725595666 0.336060248039138 0
2308 0.1696028876278999 0.1184934009417412 0
2309 0.2061726580734398 0.03705986541837281 0
2310 2.104964462561782 0.1910578126829116 0
2311 2.112836990602461 0.204793513858507 0
2312 2.128655067727497 0.2048009530385876 0
2313 0.1358749393813413 0.233098120246885 0
2314 0.1104277863748221 0.3719577987362103 0
2315 0.102060127323508 0.3711438715198825 0
2316 0.2445491383099411 0.2804911323958828 0
2317 0.03565063536077706 0.2730890356691186 0
2318 1.930216723189682 0.2833400185238071 0
2319 1.379243627461085 0.3364612080499105 0
2320 0.1273195101871272 0.3735614306137033 0
2321 0.1358053051418846 0.3742329243534801 0
2322 0.1880584461848691 0.3435903475970252 0
2323 1.992836622638245 0.2759854837738943 0
2324 0.1571130456778873 0.1401462221196789 0
2325 0.2547664954125951 0.1427131677810848 0
2326 0.258551555424907 0.1387614431623666 0
2327 0.2510030424689011 0.1469639890565007 0
2328 0.1501773780636901 0.3403920464894183 0
2329 0.2432379940022155 0.3481451229043527 0
2330 0.272282516765788 0.3434011938802727 0
2331 0.2620124447781926 0.1631144354236004 0
2332 0.1500029598660881 0.1483366211145916 0
2333 2.120714201306565 0.218500518941393 0
2334 0.1733993902850313 0.3425987508362914 0
2335 0.3535312639621867 0.1507823537225526 0
2336 0.3193277856177237 0.0898283754385798 0
2337 0.2535987466329355 0.3700956790912666 0
2338 0.04243654320458368 0.1983995596058851 0
2339 0.03460404189866995 0.1974222736835932 0
2340 0.05015221846065532 0.1992296022239387 0
2341 0.09601122773350945 0.2906250623722764 0
2342 0.09141314931927824 0.2080313534482625 0
2343 0.2695417965424959 0.1554460255533513 0
2344 2.113767112307718 0.06744167197162396 0
2345 2.129556861491221 0.06759275170573639 0
2346 0.0418615106004574 0.37438339474506 0
2347 0.03376599255819768 0.3734875757164156 0
2348 0.09390217350744612 0.2138686469933851 0
2349 0.2429575931049562 0.06532692230185597 0
2350 0.06408939543667236 0.2839382936593879 0
2351 0.2129017314346793 0.3451481117922947 0
2352 0.1275456661083834 0.1988104999473755 0
2353 2.110897573917597 0.3456955134087982 0
2354 2.126660144738628 0.3458153337075124 0
2355 0.05738704663570227 0.2686181398945533 0
2356 2.134619193519258 0.3321442499984705 0
2357 0.3391231533841877 0.3321163816011946 0
2358 0.3432323089832839 0.3399586289717245 0
2359 0.3523420410064451 0.3402901496303997 0
2360 0.3473265424970557 0.348173055997589 0
2361 0.3568171389849628 0.3484803677249544 0
2362 0.3516639565141848 0.3565026446545755 0
2363 0.3612292091510277 0.3569459980641575 0
2364 0.3421415352103535 0.3560607633237521 0
2365 0.346449226163891 0.3644690788202465 0
2366 0.3368862755896926 0.3639501609451095 0
2367 0.0362087939054303 0.218097449463259 0
2368 0.1748174260145126 0.1338342961981985 0
2369 0.1516507284434778 0.1246650497300401 0
2370 0.1980966008501774 0.2838450954546098 0
2371 0.2071857776841997 0.05731031589306346 0
2372 0.1706448827214961 0.2667787282113718 0
2373 0.1551093891762217 0.1204049459870371 0
2374 0.1344726101310616 0.3389340381288981 0
2375 0.1267653893771844 0.338225458337486 0
2376 0.1835473116645516 0.03191450912433616 0
2377 0.257683092413877 0.06854747556386484 0
2378 0.2571386963845781 0.1332898319385488 0
2379 0.2202964426823566 0.0607988049543792 0
2380 0.1429739315554852 0.04304918804498384 0
2381 0.1452378232622389 0.05055530955959966 0
2382 0.3368879968191751 0.1664669297785676 0
2383 0.3324856517450948 0.1516400415253913 0
2384 0.2273956077330709 0.3469731251438453 0
2385 0.3232739617988962 0.254529678290954 0
2386 0.319263328739803 0.2487688100218818 0
2387 0.2441965901271345 0.300435730400561 0
2388 0.3087781847735234 0.2656995301875617 0
2389 2.135136465583471 0.2772376482600627 0
2390 0.1715137877352977 0.2806805198447395 0
2391 0.2748514159033024 0.0790355868529391 0
2392 0.0603857210214731 0.2401387308509632 0
2393 2.136734833454292 0.1638153704041955 0
2394 0.3191244803492814 0.1281370857931539 0
2395 0.2449142528257763 0.2606110453748113 0
2396 0.2398343622891285 0.2590798287555079 0
2397 0.2436316316048449 0.2555013101557949 0
2398 0.3357647714057974 0.186253347870942 0
2399 0.07177455363098995 0.2055471502292955 0
2400 0.3437908415657108 0.2455993666215015 0
2401 0.279689112452352 0.2117592293753509 0
2402 0.2757604591550182 0.215284964206464 0
2403 0.2705781415143909 0.2139387124467442 0
2404 0.2723722724226521 0.2195913550216266 0
2405 2.136482307785884 0.2185060627622416 0
2406 0.3767961877058718 0.2162114116507819 0
2407 1.922533483198805 0.2692172372800371 0
2408 1.906412091718733 0.2688151610010394 0
2409 1.938612822385775 0.2696433717614681 0
2410 0.3406037653235587 0.3161898703012958 0
2411 0.1279706245166494 0.1444918699033624 0
2412 0.1235015744693762 0.1737242788438182 0
2413 0.2077060465735514 0.2712843500650127 0
2414 0.2129753621356726 0.2719213152656509 0
2415 0.1917489256380142 0.2697296737589651 0
2416 0.2721347770557365 0.1262808257352055 0
2417 2.137300684517967 0.08128396457152999 0
2418 0.3106945314615673 0.05206134592535858 0
2419 2.063438878171396 0.3453961781245631 0
2420 0.07233198771211735 0.1215753330931049 0
2421 0.03697078199351589 0.1077212266632059 0
2422 0.1836542733435177 0.0989232260405552 0
2423 0.2236218548469977 0.1351269473430605 0
2424 0.3098322966580739 0.253900049049182 0
2425 0.1034309007387717 0.356943912032665 0
2426 0.1406220646817415 0.03524790493803542 0
2427 0.1328062203225344 0.03324617556797019 0
2428 0.2032526923801193 0.1164114795046945 0
2429 0.106337896540643 0.1859055238546657 0
2430 0.08502840173710702 0.09545717042314963 0
2431 0.08757550649589607 0.1026947518829967 0
2432 0.09255690505693925 0.09701803366825539 0
2433 0.1606267696492484 0.2796451773854337 0
2434 0.3263646072554622 0.2227083717382901 0
2435 0.2136756658750117 0.118954213957659 0
2436 1.98398493330569 0.3451037059150512 0
2437 1.968143454291316 0.345048845331693 0
2438 0.2394861126460954 0.1249197045736896 0
2439 0.3166521168103757 0.04628912928527934 0
2440 0.1821853376533908 0.2820522857428154 0
2441 0.1318724959489365 0.2232464782195085 0
2442 0.2690182703138176 0.1888862179303253 0
2443 1.999872719765718 0.3451357745593659 0
2444 2.04866116053356 0.2057888928964544 0
2445 0.113970187363353 0.1617227008999904 0
2446 2.008271656904554 0.1632075965267893 0
2447 0.190624526092528 0.05435638372633819 0
2448 0.07241249559189433 0.3564231554092215 0
2449 0.3141233147382673 0.03789623691156641 0
2450 0.0890935256705605 0.03696284532829056 0
2451 0.321119561850717 0.1351604165867601 0
2452 0.2815615795758926 0.1829757069181096 0
2453 2.015926125451104 0.23399340100662 0
2454 0.2336899880346922 0.1375040290836061 0
2455 0.2288605674185152 0.1226938711723827 0
2456 0.8994674723364742 0.335980874549124 0
2457 0.8922536182537989 0.3477917195116008 0
2458 0.9060760963002558 0.3481694012156191 0
2459 0.3326699574861858 0.3554094341319995 0
2460 0.08036116092587808 0.03507759751266951 0
2461 0.07424552698021758 0.04203744294740061 0
2462 0.1974594119052928 0.1292369546525069 0
2463 0.03027803465538792 0.366102192572812 0
2464 1.969477677192525 0.3161725490639584 0
2465 0.03404262790420987 0.09949214609511486 0
2466 0.04020596601251225 0.09265127987842639 0
2467 0.2296841859429426 0.2808460880922043 0
2468 0.13835102546532 0.2771114808582094 0
2469 0.1325047425384807 0.2763066425782219 0
2470 0.0316262088974002 0.1675484923923538 0
2471 0.1928105008559844 0.1138524620999971 0
2472 0.1702216607977599 0.05660743182591818 0
2473 0.3625314213991966 0.2949959465513438 0
2474 0.2950234478512235 0.3741208035263534 0
2475 0.304005662603223 0.3747152091416834 0
2476 2.121836911634108 0.05389354308765851 0
2477 2.137535190727479 0.05404366103313391 0
2478 2.10608230896124 0.05369486577731322 0
2479 0.1809280073544539 0.2683487887923179 0
2480 0.8806366931975258 0.2515986027475355 0
2481 0.8944964654214586 0.2518693374970173 0
2482 0.8668428721499818 0.2513394902839295 0
2483 0.8597328227707481 0.2630957403101695 0
2484 0.8531266426875664 0.2510825495332321 0
2485 0.8460545366218213 0.2627300540253531 0
2486 0.8394990845087682 0.2508219032927137 0
2487 0.8324746033150537 0.2623892140445173 0
2488 0.8259649213505991 0.2505658572041247 0
2489 0.8189872315406297 0.2620710201142261 0
2490 0.8125228693203274 0.2503155124693278 0
2491 0.8056009523374171 0.2617402951165024 0
2492 0.799174093595684 0.2500648956756931 0
2493 0.7922924916083551 0.2613875026659146 0
2494 0.7859140328296266 0.2498116955526428 0
2495 0.7790789211750306 0.2610564226969276 0
2496 0.7727447339144367 0.2495625319820688 0
2497 0.7659627516480301 0.2607551865999433 0
2498 0.7596660825230667 0.2493201359529161 0
2499 0.7529304319600282 0.2604376396461998 0
2500 0.7466757687182697 0.2490769804254211 0
2501 0.7399788569209793 0.2600952128785468 0
2502 0.7337720168785122 0.2488306533540715 0
2503 0.7271202785785043 0.2597732401657155 0
2504 0.7209565467812901 0.248588020189061 0
2505 0.7143563594823389 0.2594801626204049 0
2506 0.708229048870363 0.2483519010349183 0
2507 0.7016737958777237 0.2591711661570014 0
2508 0.6955872343278043 0.2481150099981352 0
2509 0.6890695332465298 0.258837940804042 0
2510 0.6830293380610284 0.2478750154056449 0
2511 0.6765554240287657 0.258524613343064 0
2512 0.6705570280319616 0.2476385972012097 0
2513 0.6641330628911554 0.2582394021430762 0
2514 0.6581699710219576 0.247408504962999 0
2515 0.6517895459280072 0.2579386904173264 0
2516 0.6458659545894455 0.2471776422359567 0
2517 0.6395219021769953 0.2576143961646069 0
2518 0.6336432340665614 0.2469437449811014 0
2519 0.6273415943388613 0.2573094568183806 0
2520 0.6215034302495887 0.2467133071236649 0
2521 0.6152501488031907 0.2570318705397218 0
2522 0.6094461816526093 0.2464890092150127 0
2523 0.6032350559530161 0.2567391941928475 0
2524 0.5974693519982466 0.2462639390435065 0
2525 0.5912934252433664 0.2564235708091531 0
2526 0.585571210571602 0.2460359001432385 0
2527 0.5794363285928451 0.2561267686156206 0
2528 0.5737533313694729 0.2458112020790932 0
2529 0.5676652204650977 0.2558565687376165 0
2530 0.5620153174860274 0.2455924586295022 0
2531 0.5559679806602433 0.2555716829600069 0
2532 0.5503551085697587 0.2453729371746908 0
2533 0.5443417954309168 0.2552644778421049 0
2534 0.5387709798086115 0.2451505094253493 0
2535 0.5327973417378867 0.2549755672195915 0
2536 0.5272644582854406 0.244931300995272 0
2537 0.5213359968653641 0.2547125170549519 0
2538 0.5158351024424059 0.2447178611120992 0
2539 0.5099460266036813 0.2544351812536925 0
2540 0.5044809278341555 0.2445036325237267 0
2541 0.498610676920757 0.2541456205345868 0
2542 0.4931978699482367 0.2442881349436293 0
2543 0.4873676931279117 0.253859193670314 0
2544 0.482294855158624 0.2442364150302134 0
2545 0.4762676691712597 0.2536267825303259 0
2546 0.4710254438116784 0.2427625909858548 0
2547 0.4651616788000137 0.2531485705729272 0
2548 0.4598311163941684 0.2440736479086665 0
2549 0.4540924774422398 0.2530595838175767 0
2550 0.4488745048067948 0.2436396645769799 0
2551 0.4432916501032712 0.252701427701038 0
2552 0.4592953017320807 0.2624658315363805 0
2553 0.4381728411817928 0.243485660287661 0
2554 0.4326706386311715 0.2523873941763805 0
2555 0.4376928354285817 0.2616047598864087 0
2556 0.427310169644632 0.2611984583932704 0
2557 0.4321707352144657 0.2703536692811497 0
2558 0.4219250932482963 0.2699153089313767 0
2559 0.417157933578028 0.260981835458114 0
2560 0.4119054550361583 0.2694877681589405 0
2561 0.4541847150449277 0.2339112686069945 0
2562 0.4814940468413873 0.2633675311016596 0
2563 0.2308273777625226 0.2864327397880474 0
2564 0.2649299227567194 0.1730275966996621 0
2565 0.369180532848198 0.1173071768709111 0
2566 0.3171064337924367 0.1210979945680937 0
2567 0.3702450107361117 0.05464296322668372 0
2568 0.3683516399088 0.2161708571111476 0
2569 0.3641767655599379 0.2233623241486863 0
2570 0.3725536063257983 0.2089162275913984 0
2571 0.2789391314362252 0.1723600020471371 0
2572 0.2882508890411317 0.1014198316677783 0
2573 2.1428556285096 0.2909615031992566 0
2574 0.1435402674488965 0.07331151100321287 0
2575 0.1550295852476482 0.278933335733654 0
2576 0.08035690697829878 0.3570777519382892 0
2577 0.07574990990425645 0.3639175918330628 0
2578 0.210899672673974 0.2671009435307804 0
2579 0.2160705798013209 0.2676937366777772 0
2580 0.2748810818675369 0.1568152644751253 0
2581 0.4879152418255348 0.2358138007244451 0
2582 0.3043644356231651 0.359556392887921 0
2583 0.1799726184286081 0.1348416105581136 0
2584 0.5102961795229308 0.235006253621185 0
2585 0.02978167790656716 0.2037942835450435 0
2586 0.2971401928562732 0.03461225007931865 0
2587 0.2887465534219262 0.03250261019247672 0
2588 0.3474561627388784 0.2391326874540488 0
2589 0.2086977971448326 0.285540333203214 0
2590 0.2142104107103998 0.2862490895040761 0
2591 0.3412154199456894 0.3725350916899232 0
2592 0.3509425156029486 0.3731513823672866 0
2593 0.3304564564531677 0.3733083829224439 0
2594 0.1309947427419944 0.381247311456207 0
2595 0.03717093202698374 0.3808813470639932 0
2596 0.04533937950418743 0.3819644893413163 0
2597 0.5335500953369609 0.2334015061415361 0
2598 0.2668698115784192 0.2176666473139664 0
2599 0.267968913570401 0.2226533255944724 0
2600 0.2657197086586692 0.212493063076615 0
2601 2.142367413043233 0.3459107967760048 0
2602 0.1055280807622323 0.3787742166442895 0
2603 0.09721170031783943 0.377963395622393 0
2604 0.06928253433286713 0.1993350514242788 0
2605 2.144523426809976 0.1774786595501652 0
2606 0.556333439762789 0.2354031541974662 0
2607 0.2631624231015555 0.2213241684912134 0
2608 0.2642238262401406 0.2262224038764767 0
2609 0.2688347155953953 0.2273330794188485 0
2610 0.1795290089314405 0.10378573103105 0
2611 0.3280531984388596 0.2294823559078286 0
2612 0.3664447071431606 0.3487547413543951 0
2613 0.3710529812786816 0.3574078717041154 0
2614 0.3763164686070706 0.3490611382206395 0
2615 0.3810594980940041 0.3579154471534901 0
2616 0.375717591487599 0.3662540895998647 0
2617 0.3858117666912764 0.3669366802625639 0
2618 0.3912819098688302 0.3582693947828771 0
2619 0.3961230474305275 0.3673655946199386 0
2620 0.4016690628082529 0.358047954601924 0
2621 0.406527046431825 0.3673842756794247 0
2622 0.4120968808979804 0.3582451266331399 0
2623 0.4173073249906525 0.3675479962502309 0
2624 0.4225402877581634 0.3593250790492901 0
2625 0.4278638808449833 0.3683706870747248 0
2626 0.4331925558166763 0.3596234610570208 0
2627 0.4381760842123562 0.36850879542215 0
2628 0.4437423371586821 0.3600801601946235 0
2629 0.4492685671499136 0.3706041103197931 0
2630 0.454440472890518 0.3604311480793084 0
2631 0.4594707470620809 0.3699314942259176 0
2632 0.4652504338604316 0.360430913713092 0
2633 0.4703031953832272 0.3703129409423488 0
2634 0.4764523989144143 0.3608553987480148 0
2635 0.4812256482990181 0.3707245251782995 0
2636 0.4876514802995032 0.3609088610186519 0
2637 0.4922407071934262 0.3711219391413214 0
2638 0.4983546142566018 0.3614650455225007 0
2639 0.5032749420118833 0.371447884435422 0
2640 0.5091540069191404 0.3622352263228533 0
2641 0.514313358461318 0.3720423472876854 0
2642 0.5202766050733176 0.3626737357772035 0
2643 0.5255218278886744 0.372370267059825 0
2644 0.5315070418750756 0.3630934128786324 0
2645 0.2081452128508494 0.1317630006935167 0
2646 0.02914368226709474 0.3799613602926958 0
2647 0.13952714521225 0.381892789479916 0
2648 0.5798373488868621 0.2356955044457947 0
2649 0.3216557935444725 0.09679329226343547 0
2650 0.4013361346104322 0.3755216767526951 0
2651 0.02885636394992663 0.1598429873991127 0
2652 0.6036243351395701 0.236101042543306 0
2653 2.128568324930661 0.2327400760367484 0
2654 2.11278703266031 0.2322683572832079 0
2655 0.07137764744838715 0.03331552310051908 0
2656 0.06521365419921299 0.04022575732698327 0
2657 0.06223107834257724 0.03134438832296541 0
2658 0.05601775102532969 0.03835539158461521 0
2659 0.05907474893078746 0.04729112185078529 0
2660 0.04982109390227629 0.04547919271333314 0
2661 0.05291695436724231 0.0543608216847557 0
2662 0.04364824689770352 0.05260270413411511 0
2663 0.04083820113678116 0.04317153786187047 0
2664 0.04674316796487443 0.06147429809772642 0
2665 0.03747539986525594 0.05972513040138502 0
2666 0.3270606190773547 0.09127034838208875 0
2667 0.04712422448771569 0.1922490422676415 0
2668 0.6277527515062626 0.2363228894696103 0
2669 2.144309925656958 0.2328455582983793 0
2670 0.4076783777961509 0.2612040011780375 0
2671 0.4022209784712323 0.2692407797523623 0
2672 0.6521873621756861 0.2368229551089993 0
2673 0.5368007861706753 0.372672636921699 0
2674 0.5428206584970904 0.3634647073996372 0
2675 0.5481146058051891 0.3735340395424468 0
2676 0.5542077706108466 0.3638804562636479 0
2677 0.5595760166948653 0.373576009690102 0
2678 0.5656755188264374 0.3641947298131593 0
2679 0.5494431145593107 0.3538959659950168 0
2680 0.2605929483864553 0.1580332510676489 0
2681 0.2569401329525907 0.1617906768369288 0
2682 1.914844963131916 0.2550445821583245 0
2683 0.1571936875517117 0.2842133049838993 0
2684 0.2140116825941187 0.2629359962037232 0
2685 0.2191491846047894 0.2635260090120379 0
2686 0.676977148305862 0.2369643573052082 0
2687 0.3328642490013833 0.07064202711759085 0
2688 0.5044956112211457 0.3518310839160221 0
2689 0.1496401629038071 0.1192757721451013 0
2690 0.1210450169356081 0.1527106646534415 0
2691 0.09491334575543253 0.3367328629760716 0
2692 0.1030044524431747 0.3371470571599201 0
2693 0.1077666530055739 0.3305357943099045 0
2694 0.322858134128444 0.03994953943019969 0
2695 0.03446146699494856 0.1751809922415511 0
2696 0.7021049076098589 0.2372910207024586 0
2697 0.5265947544060267 0.3531741577102965 0
2698 2.096965884508969 0.2047571134806202 0
2699 0.1532421311639398 0.1148778520617626 0
2700 0.2048625169558207 0.2663765315460961 0
2701 0.8988203910507135 0.3599711316724237 0
2702 0.9127151402609535 0.3603911292580524 0
2703 0.885007410318185 0.3595811708922105 0
2704 0.4333404448407792 0.3760605761912427 0
2705 0.320195449036812 0.03158239532354887 0
2706 0.3296112990538795 0.03384759321380684 0
2707 0.4277848549356293 0.2432227775663729 0
2708 0.4330476427334621 0.2344864231838412 0
2709 0.7275529892916016 0.2376208015024548 0
2710 0.1486215637609977 0.03713828838875988 0
2711 0.1515244494781816 0.2834387693141793 0
2712 0.2594182007830066 0.2248922576975694 0
2713 0.2604679322413062 0.2297745691055568 0
2714 0.3141642954288998 0.1333736660787825 0
2715 0.503864236457898 0.2641508238126438 0
2716 0.3292884743456995 0.09889901936317799 0
2717 0.3179434486764603 0.3249865211297913 0
2718 0.05401788990564094 0.3330658925663844 0
2719 0.04582414959778269 0.3322711395416464 0
2720 0.7533724717940051 0.2379542511315605 0
2721 0.3213820690730651 0.227579318482081 0
2722 2.150379534005107 0.3323836979369972 0
2723 0.2603288541068685 0.1439616121570714 0
2724 0.2644786398613013 0.1400757750957796 0
2725 1.975947461617851 0.3586819298146959 0
2726 1.960233574894996 0.3586397194107924 0
2727 2.071432394367548 0.3053263769701481 0
2728 2.081730207547857 0.09448085938032241 0
2729 2.074011776508371 0.08068413845969498 0
2730 0.526822539854832 0.2647363793729293 0
2731 0.4066874083148646 0.2777398827874615 0
2732 0.3975217038217702 0.277670591093919 0
2733 0.1462409638767873 0.0292117845630975 0
2734 0.2811186026289718 0.2167816434780162 0
2735 0.7795230830639635 0.2382930773749523 0
2736 0.04057842324606598 0.06863139349998246 0
2737 0.04525113576369089 0.239605305431869 0
2738 0.03772511905796017 0.2383156265330028 0
2739 0.2181573745128375 0.2724717255046298 0
2740 0.5710945086382326 0.3738135660935588 0
2741 0.5772272438859563 0.3645300054451249 0
2742 0.5827162784060657 0.3741825362194615 0
2743 0.5888736424697701 0.3649425411144359 0
2744 0.5833797654534845 0.3547692364197703 0
2745 0.5950821118920162 0.355156597401881 0
2746 0.6005582585357019 0.3655506073112337 0
2747 0.6068383506825611 0.355575343451388 0
2748 0.6124014123714326 0.3660738229985654 0
2749 0.6186684334426898 0.3559807869710641 0
2750 0.6242865377686421 0.3669492006757175 0
2751 0.6305975302800324 0.3567077332017524 0
2752 0.6362203937576405 0.3675006608889498 0
2753 0.642586868180947 0.3567861360851536 0
2754 0.6482584206485651 0.3675040820297982 0
2755 0.654683529515097 0.3574632819592598 0
2756 0.6603901268804724 0.3678524735826642 0
2757 0.6668558991858258 0.3579487713161382 0
2758 0.6726009703145572 0.3683616770918469 0
2759 0.6791026249109319 0.3581952121589592 0
2760 0.6849004338503333 0.3686958856205654 0
2761 0.6914521003686676 0.3587513226436552 0
2762 0.6972660131422136 0.3692380457881882 0
2763 0.7038712768854204 0.3588387174548066 0
2764 0.7097502409876393 0.3695456368885397 0
2765 0.716403487442681 0.3592003572641624 0
2766 0.7223153411303976 0.3698623950902465 0
2767 0.7290088720785169 0.3595688516048027 0
2768 0.735407865487852 0.3700909667401721 0
2769 0.7417718136229752 0.359954019210402 0
2770 0.7482064192233332 0.3709899877859941 0
2771 0.7545713207770076 0.360441276301824 0
2772 2.103180808094353 0.2746366357876823 0
2773 0.03142283404610624 0.09102714687436697 0
2774 0.0529457386865344 0.02925072026922287 0
2775 0.8060556463966089 0.2386340350907705 0
2776 0.5498842911740563 0.2654620411142296 0
2777 1.898695638133862 0.2546463002584304 0
2778 1.890269770780425 0.2684405965218114 0
2779 1.882537838280836 0.2542729414592082 0
2780 0.2894179264493346 0.33025217131942 0
2781 0.1312031597641914 0.3319394852000326 0
2782 0.05488591806075638 0.1711906795996416 0
2783 0.3803356306828565 0.3754743679854601 0
2784 0.09491350998299963 0.1041485917233956 0
2785 0.09010372685595058 0.1097332577462793 0
2786 0.09984421438704572 0.09855892977226929 0
2787 0.2387988671743171 0.254152986544868 0
2788 0.2348850408713028 0.2575444006224773 0
2789 0.2425208829048492 0.2505634768245897 0
2790 0.8329308669113863 0.2389829183338063 0
2791 0.464496857382396 0.3795405920858364 0
2792 0.5733003176649529 0.2661519865301363 0
2793 0.4267310479135168 0.2790095371841631 0
2794 0.09738941688458791 0.2086563064896499 0
2795 0.8601992375184124 0.2393347494375057 0
2796 2.118664173788208 0.3593721968677327 0
2797 2.102987986517013 0.3592655489385159 0
2798 0.02631690695156053 0.1962280664584038 0
2799 0.4370321134299915 0.2794818925071452 0
2800 2.152436339473433 0.1639291812520173 0
2801 0.5969861503600047 0.266898155588486 0
2802 0.1623563676476175 0.05488140990009782 0
2803 0.1651537976176966 0.06224781962065937 0
2804 0.172255853397638 0.06349112382783154 0
2805 0.1004589524810692 0.2138348825782196 0
2806 0.273383541454339 0.1516030931007299 0
2807 0.8877940776119925 0.2397193862798184 0
2808 0.9017007359906055 0.2406140291789334 0
2809 0.1498630484211264 0.06804269177692843 0
2810 0.248580901419625 0.2950413434330255 0
2811 0.08646871028952874 0.02830454620566891 0
2812 0.09495340548852083 0.03054824570009884 0
2813 0.6210388539999675 0.2676080629912552 0
2814 0.2829355778812936 0.03878634781399809 0
2815 0.2802848396014069 0.03066811291473356 0
2816 0.06495942243857056 0.2047303865817704 0
2817 0.04971533207921586 0.07029453719784573 0
2818 0.3181657051848527 0.299084047148838 0
2819 0.3258015893740774 0.2996559946229483 0
2820 1.946282235372509 0.2837820862465703 0
2821 1.954723555432587 0.270076276731019 0
2822 0.176539577027385 0.1387622178012172 0
2823 2.150813334212444 0.2774287598471175 0
2824 0.6453699237383603 0.2683752491534114 0
2825 0.7606158803156234 0.3711415752320805 0
2826 0.7673717919193156 0.3608085584500551 0
2827 0.7741525153222888 0.3735992908118448 0
2828 0.7804189764807358 0.3615710216484525 0
2829 0.7871249771533895 0.372829679814273 0
2830 0.7934738214152903 0.3618487898715712 0
2831 0.6060414266505041 0.3760800127275971 0
2832 0.05466703899159508 0.1931500119154129 0
2833 0.4181199152556633 0.3487683249004552 0
2834 0.4960215394299374 0.3810085095766212 0
2835 0.4014396006629665 0.2858520112838197 0
2836 0.3602027084108335 0.2162199424600622 0
2837 0.3561146762171175 0.2231683307154866 0
2838 0.2339770955803213 0.252022279116053 0
2839 0.03126092075043663 0.06687280209744048 0
2840 0.0280992688545092 0.05784191959607465 0
2841 0.1286270062975746 0.06808857031429852 0
2842 0.123476977075536 0.07366243922086202 0
2843 0.2984720328057575 0.06398674012224251 0
2844 0.07016771059136429 0.170184544068341 0
2845 0.6700804322963703 0.2691055965430067 0
2846 1.968053830257512 0.3722080708351712 0
2847 0.448805891223374 0.3507429395675469 0
2848 0.2300820708507753 0.2558815725925433 0
2849 2.152195085070578 0.2186940765606031 0
2850 1.952401057605345 0.345031548798392 0
2851 1.94452931709277 0.3586251036065349 0
2852 0.3261301775923658 0.2476363645494536 0
2853 0.3303033695017888 0.2546366764128475 0
2854 0.6950779297276023 0.2698943466821117 0
2855 0.3285386821429362 0.06334349438725889 0
2856 0.3545449344065568 0.02868641749765952 0
2857 0.1474525389423078 0.1138285967415636 0
2858 0.02651791576030504 0.1737322580169798 0
2859 0.7204674808632952 0.2706456466017467 0
2860 0.2906653724383058 0.1943051114802854 0
2861 0.3455996920141722 0.3813470173019042 0
2862 0.3555901363625402 0.3821118891072526 0
2863 0.2363307113644335 0.2881853653905824 0
2864 0.2989609814474743 0.3826568772474347 0
2865 0.2901126159438919 0.3814935625612242 0
2866 0.3081666879400408 0.3833429417721416 0
2867 0.7461774478596236 0.2718179304050254 0
2868 0.5315110011400322 0.382843601667351 0
2869 0.6422596538494278 0.3782126535695687 0
2870 0.1305371364817923 0.07499153971212996 0
2871 1.947062031415592 0.2559057897004825 0
2872 1.963204853532569 0.2563394059999879 0
2873 0.083245636863293 0.3638251429964126 0
2874 0.07872701675616223 0.371104395540112 0
2875 0.1536819081764581 0.2889220746578189 0
2876 0.1466450659183891 0.1523862498757659 0
2877 0.1518004650764793 0.1532448125487248 0
2878 0.148519248614001 0.1572566088431767 0
2879 0.2474031995329464 0.2519604825799479 0
2880 0.2463947783090599 0.2471298055448097 0
2881 0.1534177809003382 0.1583180845327306 0
2882 0.02832260784236706 0.1062024025535111 0
2883 0.03133021080402965 0.114499636052785 0
2884 0.7722427701544393 0.272229347059609 0
2885 0.1387600920206826 0.3326414123380514 0
2886 0.2322588959537164 0.2920655691436448 0
2887 0.2263164476608963 0.2906351749045929 0
2888 2.158550528941254 0.2910747171240994 0
2889 0.5895736497420452 0.3448426603629348 0
2890 0.1666645348239147 0.101269303514931 0
2891 0.1621925462356604 0.1059812034055156 0
2892 0.2583248051734259 0.1668073148802241 0
2893 0.2533848357142054 0.1654553360658973 0
2894 0.2519339774968328 0.1604890829537222 0
2895 0.2620526733172321 0.1123242454726226 0
2896 0.4122643397438381 0.2525530674967281 0
2897 0.2788112894543997 0.2908414606482455 0
2898 0.2826443465181294 0.2851546535624748 0
2899 0.2757609871362714 0.2849468697947637 0
2900 0.2795189515401095 0.279341021070758 0
2901 0.2861785282907185 0.2795312087416838 0
2902 0.2830414268102728 0.273876951787434 0
2903 0.2895083392441828 0.2740857956604701 0
2904 0.2864722778270177 0.2684739498908272 0
2905 0.2928969289164114 0.268693166413457 0
2906 0.2899347586619245 0.2630522383966942 0
2907 0.2766527824788048 0.2735905358948987 0
2908 0.1569030169991023 0.1540940889692695 0
2909 0.2612301840558747 0.2959866061743784 0
2910 0.2650613891206541 0.290455033601083 0
2911 0.258590703498252 0.2900580784548766 0
2912 0.2621398682911653 0.2848334128591838 0
2913 0.09752299348812232 0.09146142483530154 0
2914 0.1045191970002846 0.09309801888442198 0
2915 0.798637402422997 0.2730629748673534 0
2916 0.799623815528547 0.3734127800823449 0
2917 0.806511506084032 0.3622733564020706 0
2918 0.8126861645779535 0.3739416712548682 0
2919 0.81945442809167 0.361980947055579 0
2920 0.123604237876913 0.3312406789824882 0
2921 0.6254613132834173 0.3464430315488912 0
2922 0.3161069259687495 0.1402633863448559 0
2923 0.2661023972613819 0.1248393497555515 0
2924 0.1543706295499091 0.03113237691367901 0
2925 0.1294469569382553 0.2037800725952465 0
2926 0.1326252578926707 0.1997215724460071 0
2927 0.134400143913289 0.2048926330743447 0
2928 0.1308757080810884 0.1947647009582265 0
2929 0.1358337150748052 0.1959344639376812 0
2930 0.1341833611309585 0.1908622992418779 0
2931 0.1392159179003329 0.1919610551024051 0
2932 0.1374736926935307 0.1868952862956889 0
2933 0.3222369657416387 0.3181280125200878 0
2934 0.359868797247733 0.230751721365469 0
2935 0.8254544022126473 0.273801842406755 0
2936 0.09651094010965 0.2194143613071043 0
2937 0.1023166133799002 0.2201583847556225 0
2938 0.09900152271716722 0.2250749829634607 0
2939 0.1049791340785409 0.22571086545345 0
2940 0.1160130469668869 0.07204281005942506 0
2941 0.1183657522042842 0.07926658723374636 0
2942 0.1108643739606843 0.07767229903995995 0
2943 0.6621444284232082 0.348014447665949 0
2944 0.081671478913107 0.3072592518824651 0
2945 0.07839568363952765 0.2998509654438015 0
2946 0.09520226419327171 0.2030448492760463 0
2947 0.03248538107249233 0.3873361398175538 0
2948 0.02462804101982385 0.3864519981732433 0
2949 0.02138101104710599 0.3792863529941621 0
2950 0.08525350159693534 0.3503747259713399 0
2951 2.110732715596834 0.3728729213979887 0
2952 0.05060909277098014 0.3255696337412188 0
2953 0.04239909657837648 0.3247777619657916 0
2954 0.0376242354211711 0.3314832418028876 0
2955 0.03419519965821238 0.3240008216272517 0
2956 0.02942933249851487 0.3307042747765347 0
2957 0.02600067282600316 0.3232237232663915 0
2958 0.03077257242354126 0.3164998196088821 0
2959 0.02255383698468449 0.3157320471361466 0
2960 0.02733127997386986 0.3089680134713993 0
2961 0.3979015159601794 0.2603844129053035 0
2962 0.6991347770542695 0.348498561488052 0
2963 0.07090923329033783 0.3705410864969112 0
2964 0.07402767144339117 0.3778591082697322 0
2965 0.06615779334591032 0.3772009881637333 0
2966 0.0694914738732777 0.3846399903350828 0
2967 0.07728257160944141 0.3844963349133307 0
2968 0.06145966469598685 0.3838229396885773 0
2969 0.1347676953636069 0.2819005867836867 0
2970 0.1287004569956743 0.2810740295867252 0
2971 0.1265351140282698 0.275402952706114 0
2972 0.8525600554992362 0.2747511853075094 0
2973 0.5657425804425205 0.3832800503280038 0
2974 0.1714152488621703 0.1377780996465235 0
2975 0.1731454057626459 0.1426720523770477 0
2976 0.1680673575997702 0.1417057617914508 0
2977 0.0985456729330334 0.1800183513695762 0
2978 0.211043383627211 0.290667282115887 0
2979 0.431548096059823 0.2883555816367329 0
2980 0.3323790235391402 0.05547129960545441 0
2981 0.1014556871753303 0.2306328932569661 0
2982 0.1074645661050673 0.2312662020938122 0
2983 0.1039165512225035 0.2361802786753869 0
2984 0.1099190475701024 0.2368084956841593 0
2985 0.1063757525922937 0.2417110708433389 0
2986 0.1123627246811275 0.2423370609332495 0
2987 0.108822749427073 0.247230265860098 0
2988 0.1148017547071887 0.2478597799553259 0
2989 0.1112647320510014 0.2527524989143445 0
2990 0.1172591186621259 0.2533839246553253 0
2991 0.1137264260386588 0.2582843280465006 0
2992 0.119737119407492 0.258934273358256 0
2993 0.116127237623822 0.2639408398518177 0
2994 0.142560961645523 0.06637444370020942 0
2995 0.4720375753426302 0.3504044407282405 0
2996 0.03284999955290724 0.3381538241111758 0
2997 0.02471240284396181 0.3373723659977628 0
2998 0.02808213538195892 0.3447703045386388 0
2999 0.02001999730100246 0.3440104667125815 0
3000 0.0233633534000075 0.3513526990648362 0
3001 2.144698994979173 0.150294265982396 0
3002 0.122473611591452 0.3805122023807549 0
3003 0.1261605822927592 0.3882428416546948 0
3004 0.117616710999667 0.3874262384950014 0
3005 0.3922313451140027 0.01927868736087179 0
3006 0.1680281330312796 0.1072761423549508 0
3007 0.6788579427398249 0.3786409370917686 0
3008 2.082088488530664 0.06708257456744374 0
3009 2.066322456358584 0.06690506736843096 0
3010 2.058218899242442 0.08050909572693096 0
3011 2.050522799070169 0.06664112201533831 0
3012 2.042445602000852 0.08026535452425301 0
3013 2.034742608820164 0.06643012047531138 0
3014 2.026668758636764 0.08006198546881713 0
3015 2.018955035097799 0.06634716346794592 0
3016 2.010888429662413 0.07993088647450322 0
3017 2.003176768534362 0.06618472748973933 0
3018 1.995113728945455 0.07974979431031756 0
3019 1.987377334220962 0.06598352166418101 0
3020 1.979289614059788 0.07954048886362666 0
3021 1.987053690029649 0.09335555400967557 0
3022 1.97121804082832 0.0931526347741061 0
3023 1.963495004070674 0.0793225500727136 0
3024 1.955379966489194 0.09293686337379731 0
3025 1.947661904690584 0.07911227174547128 0
3026 1.939543486464673 0.09244574660342561 0
3027 1.931822534782157 0.07884747173448151 0
3028 1.92369927850183 0.09233382071040409 0
3029 1.915929145993611 0.07863423508858366 0
3030 1.907853902925211 0.09197427550000323 0
3031 1.900061521781807 0.07839604936580757 0
3032 1.892009054338811 0.09174034879207146 0
3033 1.884259853944003 0.07817131688854426 0
3034 1.876179216158025 0.09167388642452802 0
3035 1.868458274124769 0.07797013012892548 0
3036 1.860346399178697 0.09132932451065945 0
3037 1.852628503287588 0.07773108473953325 0
3038 1.844512041275271 0.09110056078227392 0
3039 1.836815004307634 0.07747304845424682 0
3040 1.828681274193736 0.09087039732739682 0
3041 1.821001004245298 0.07726213303885601 0
3042 1.812851632503768 0.09066746699372132 0
3043 1.805193126719127 0.07701858822124064 0
3044 1.797011462143237 0.09058171264406074 0
3045 1.789307168847639 0.07685621049036986 0
3046 1.781182795201442 0.09026457703451773 0
3047 1.773468016769673 0.07662852322704899 0
3048 1.765351566134856 0.0900474281483615 0
3049 1.757623174680765 0.0764344345020902 0
3050 1.749519965501303 0.089830236626565 0
3051 1.741794829714616 0.07621258608893833 0
3052 1.733691474833759 0.08963268209054034 0
3053 1.725968280281667 0.07597230893891085 0
3054 1.717864963848835 0.08941092352163421 0
3055 1.710141996221027 0.07576925681551142 0
3056 1.702039295217936 0.08921761670117756 0
3057 1.694317468462317 0.07554746458420961 0
3058 1.686214367525731 0.0890479975027758 0
3059 1.678452054027995 0.07531863242027206 0
3060 1.670384976202276 0.08879821353968288 0
3061 1.662671843522105 0.07510358614339718 0
3062 1.654568669731441 0.08860098058231294 0
3063 1.646832339318652 0.07488149635753771 0
3064 1.638747084254006 0.08839109214865409 0
3065 1.631030316535557 0.07465929235230739 0
3066 1.622928745779018 0.08817650056729145 0
3067 1.662928863423466 0.1023419637473574 0
3068 1.615211155681092 0.07443712745701217 0
3069 1.607110096696807 0.08798683519170343 0
3070 1.599350448103759 0.07421730605317783 0
3071 1.591285805590049 0.08776978194304524 0
3072 1.583506927326689 0.07400210073752195 0
3073 1.575476434696456 0.08757900882666307 0
3074 1.567739864346658 0.07378375627591488 0
3075 1.559658245692616 0.08736322899301879 0
3076 1.551940706572796 0.07355642969830709 0
3077 1.543812569452605 0.0871323856640476 0
3078 1.551557808822483 0.1009877243734261 0
3079 1.53568414569623 0.1007528380354256 0
3080 1.527948828221445 0.08688353319824152 0
3081 1.519802165382319 0.1005050514999061 0
3082 1.512091713090115 0.0866305970851862 0
3083 1.503932389296245 0.09976802507067181 0
3084 1.49621681354038 0.08629653920377064 0
3085 1.488055149624479 0.09941930520428294 0
3086 1.480343047609238 0.08601640523079102 0
3087 1.472178436554919 0.09910385049748584 0
3088 1.464466132720056 0.08574821319997862 0
3089 1.456293382855708 0.09916823781490053 0
3090 1.448589368605243 0.08554603913104782 0
3091 1.440424355497303 0.09862505065177873 0
3092 1.432714907711999 0.08525296832119789 0
3093 1.424551358944199 0.09827849939481037 0
3094 1.416844992235356 0.08497992636262489 0
3095 1.408678749871162 0.09800524080990698 0
3096 1.400962693293681 0.08472067485260895 0
3097 1.392805645386839 0.09771107873311455 0
3098 1.385069776841692 0.0844533380619213 0
3099 1.376924975658704 0.09784145065874898 0
3100 1.369204642595035 0.08426100387036586 0
3101 1.36106098070117 0.09725018238364944 0
3102 1.353347598483192 0.08396211401203249 0
3103 1.345196125503457 0.09689930842745029 0
3104 1.337482529758191 0.08368476686639928 0
3105 1.329321332725481 0.09704938031886585 0
3106 1.321615222951141 0.08349451412689526 0
3107 1.313463005303613 0.09643186078196216 0
3108 1.305751142638313 0.08319091262925069 0
3109 1.297600428374917 0.09607841757676856 0
3110 1.28990925045405 0.08292527794606226 0
3111 1.281741372571622 0.09580516626021691 0
3112 1.274051168453426 0.08266666167913628 0
3113 1.265881588697964 0.09551862416527113 0
3114 1.258169819133761 0.08239417226173264 0
3115 1.250018258594822 0.09525557548260774 0
3116 1.242306236172132 0.0821361931421988 0
3117 1.234158547156455 0.09497304223657484 0
3118 1.226451512845099 0.08188006158979717 0
3119 1.21830130708556 0.09471352882314123 0
3120 1.210595025269275 0.08162550907753477 0
3121 1.202432791735713 0.09522152052879132 0
3122 1.194732777335396 0.08149645635358939 0
3123 1.186574601653687 0.09511482883787903 0
3124 1.178876827239963 0.08128853145016764 0
3125 1.170732708178836 0.09410881086665596 0
3126 1.163025570917137 0.08091760613551571 0
3127 1.15487274945621 0.09419237545414517 0
3128 1.147176321901246 0.08070452760899341 0
3129 1.139039159500256 0.09350282245326247 0
3130 1.131346691595146 0.08039361401690254 0
3131 1.123236431038271 0.09315220590149917 0
3132 1.115581893941263 0.08013941667386004 0
3133 1.10751007219504 0.09283117007737027 0
3134 1.099910549585109 0.07981955335324808 0
3135 1.09188573060344 0.09254509067077196 0
3136 1.0843372458012 0.07958611155474929 0
3137 1.076364761652553 0.09223717619299343 0
3138 1.06885683615127 0.07945745844304122 0
3139 1.060944087718099 0.09198835385316392 0
3140 1.053496881464444 0.07901162341918935 0
3141 1.045628980068826 0.09165423384467844 0
3142 1.038219880009978 0.07888153184375574 0
3143 1.030411774209329 0.09140335774794375 0
3144 1.023016358964209 0.07850021352157144 0
3145 1.015290810278047 0.09108260567729577 0
3146 1.007918392557192 0.07782785809092566 0
3147 1.000247438625609 0.09157576237837664 0
3148 0.992978441114726 0.07798107637941071 0
3149 0.985349045124303 0.09123712147338095 0
3150 0.9780585311686536 0.07784549680392602 0
3151 0.9705229116822054 0.09094836142101693 0
3152 0.9632150174067329 0.07705921476056812 0
3153 0.9557892397600072 0.09054588571927458 0
3154 0.9486112531608232 0.07714016628158629 0
3155 0.9411696599795134 0.09026981409519333 0
3156 0.9339781438153583 0.07708018361043359 0
3157 0.9266378181401511 0.09003469127081011 0
3158 0.9193804700131358 0.07616440771432884 0
3159 0.9121849099022694 0.08962415193776935 0
3160 0.9051017188697462 0.0763120081151645 0
3161 0.897855375303523 0.08936241050891988 0
3162 0.8909269596363392 0.07692197614143223 0
3163 0.8836250486916227 0.0892973472805693 0
3164 0.8767484802791727 0.07689081369059375 0
3165 0.869489049645563 0.08901452974603757 0
3166 0.8626419235620092 0.07746318794115453 0
3167 0.855425320483693 0.08884934617901546 0
3168 0.8486183898098881 0.07741929953845286 0
3169 0.8414581934265442 0.08864223616629963 0
3170 0.8347018113405452 0.07650235129567809 0
3171 0.8275800339515762 0.08824505786796318 0
3172 0.8208635204356232 0.07679625486646016 0
3173 0.8137834957246788 0.08801878993407558 0
3174 0.8071038026241568 0.07626464402713187 0
3175 0.8000829519413277 0.08772350745439192 0
3176 0.793452871701873 0.0763956962571895 0
3177 0.7864698918158428 0.08749061513588932 0
3178 0.7798828772055189 0.07618778973457091 0
3179 0.7729369794694793 0.08721239620269197 0
3180 0.7663961710522729 0.0759899393034015 0
3181 0.7594991877378472 0.0869672918253613 0
3182 0.7529971815051366 0.07572771650811194 0
3183 0.7461435241315505 0.08668144964844193 0
3184 0.7396700073107522 0.0751972984183126 0
3185 0.7328495597076656 0.08632579356537491 0
3186 0.7264451452415673 0.0752297203717662 0
3187 0.7196781172135034 0.08612836861914144 0
3188 0.713301931566519 0.07501008614298985 0
3189 0.706585372909186 0.08589000467917532 0
3190 0.7002258272505981 0.07456606120634415 0
3191 0.6935565470177114 0.08557988712098027 0
3192 0.6872528720208746 0.07455317207754389 0
3193 0.6806058508251404 0.08532611959686945 0
3194 0.674354428867462 0.07410036737606915 0
3195 0.6677433598589235 0.08502658915832775 0
3196 0.66153186215187 0.07387392673141283 0
3197 0.6549613429857339 0.08474750653489446 0
3198 0.6487885920042531 0.07364865185963285 0
3199 0.6422581030913496 0.08448412277653466 0
3200 0.6361097489119815 0.07341887342134015 0
3201 0.6296322416160663 0.08424337737434262 0
3202 0.6357273899409841 0.09525275284709517 0
3203 0.6226725121230134 0.09528969848487986 0
3204 0.6170214543339323 0.08410926696969102 0
3205 0.6098817792796785 0.0949653013732516 0
3206 0.6045254115111895 0.08395281570967672 0
3207 0.5982885168925549 0.09453360109720575 0
3208 0.5923036000747731 0.08371744009922483 0
3209 0.5859669914545556 0.09428758227306917 0
3210 0.5800246111060527 0.08355004358649369 0
3211 0.5737397591500324 0.09403512908406245 0
3212 0.5676833696814867 0.08318906502580803 0
3213 0.5615481402670051 0.09376059523312777 0
3214 0.5554613725540601 0.08301322293457505 0
3215 0.5494307362731884 0.09351462518786686 0
3216 0.5435441503046563 0.08301097469188967 0
3217 0.5374228973629356 0.09330783278242252 0
3218 0.5313963913380235 0.08256254517767425 0
3219 0.5254543987582738 0.09304106126787531 0
3220 0.5193551116623358 0.08239219512184551 0
3221 0.5135401188044533 0.09279037423111047 0
3222 0.5077359726868999 0.0824824844015159 0
3223 0.5017543555807404 0.09259167016272919 0
3224 0.4960549732636871 0.08208399431355637 0
3225 0.4900109908899134 0.09237571092455295 0
3226 0.4843575170115203 0.08187541435193936 0
3227 0.4783547640286572 0.09209740065758387 0
3228 0.4727164518984809 0.08165701030181056 0
3229 0.4667429088072131 0.09184596509021464 0
3230 0.4611367321006544 0.08147659554899274 0
3231 0.4724360381816141 0.102004946276034 0
3232 0.4553081761573958 0.09157078232643551 0
3233 0.4496337995060481 0.08153368105681905 0
3234 0.6868435686804535 0.09660957776290953 0
3235 0.5074897118975015 0.1022837276240229 0
3236 0.591718133377741 0.104947276070997 0
3237 0.5434948270922866 0.1045858305563634 0
3238 0.7260410958875323 0.09755943425140851 0
3239 0.6286287781736183 0.1065065448831352 0
3240 0.7659632458195822 0.09857975547739846 0
3241 0.4550510235556291 0.07103665664612771 0
3242 0.4438355986865694 0.07156289390042059 0
3243 0.5015057077477685 0.07130070884554598 0
3244 0.8066742438335853 0.09961721336840525 0
3245 0.5371171917046174 0.07176636818040105 0
3246 0.5737380857772281 0.07237624788700439 0
3247 0.438130811122622 0.08112936674482538 0
3248 0.432663927142243 0.07135129419614147 0
3249 0.8481780686632006 0.100677167476933 0
3250 0.8905104386782432 0.1016952356931713 0
3251 0.9336663443742208 0.1027880184741393 0
3252 0.9777062755368475 0.1034255121453607 0
3253 1.774381277814465 0.1036906396615131 0
3254 1.947807836374609 0.1059373012426688 0
3255 1.901813302890663 0.105274015856086 0
3256 1.822162854976704 0.1042720994899504 0
3257 1.710687878017037 0.1029139713890609 0
3258 1.615111483742063 0.1017336126045891 0
3259 0.4377784203330894 0.0613090093711787 0
3260 0.4269519881159682 0.06171282866110536 0
3261 0.4215248984070431 0.07126432536495789 0
3262 1.037714469331759 0.1055400117132587 0
3263 0.5675589270616422 0.1051030464273514 0
3264 1.009055154315229 0.1049788508410342 0
3265 1.068260414528054 0.1059821255827645 0
3266 0.6611093386638138 0.09620337407279528 0
3267 0.4780875075869481 0.07058951551501985 0
3268 0.5986404828464 0.0731151273650186 0
3269 1.854019829580863 0.1046749369937223 0
3270 1.742531964997871 0.1033001862297891 0
3271 1.583321131885648 0.1013768433292158 0
3272 1.099209446944064 0.106559238351006 0
3273 0.6426147496208927 0.06256899500888952 0
3274 1.978970615184827 0.1070153424121297 0
3275 1.353036045802124 0.1112460390198183 0
3276 0.6818061959335764 0.0636341720780845 0
3277 1.130388752155013 0.1066631484379282 0
3278 1.178025850456755 0.1086251106738187 0
3279 1.433206309131244 0.1123655052802292 0
3280 0.7214327674793295 0.06481305323590589 0
3281 1.456726966006372 0.07200950159261069 0
3282 0.7589728703244532 0.06420703640227557 0
3283 1.21237933920273 0.1070337634046388 0
3284 0.7860401949579827 0.06481024559421439 0
3285 1.377358593670651 0.07074743467887878 0
3286 1.543410364909505 0.114664025392136 0
3287 0.4161292272648905 0.06222632236799594 0
3288 0.4223223356699596 0.05153896387430737 0
3289 1.241848731547616 0.1098035741782119 0
3290 0.8277117897072073 0.06430200286736662 0
3291 1.273568987713432 0.1103147950558948 0
3292 0.869861764483667 0.06460155917647403 0
3293 1.329754126336424 0.06998903419448002 0
3294 1.305294877155507 0.1108267600496971 0
3295 0.9412935834591074 0.06334371914966413 0
3296 1.52018228143965 0.07302878078661842 0
3297 0.8978830281881468 0.0666557484786022 0
3298 1.510896328979617 0.1125118820901773 0
3299 0.9856051258024856 0.06417236156748748 0
3300 1.478213619906378 0.1116263020971014 0
3301 1.401227134885822 0.1116612511554529 0
3302 0.410773665114135 0.0712141089409887 0
3303 0.4159820966447079 0.08040815785898897 0
3304 1.488483583164675 0.07251442748297857 0
3305 1.424975437894765 0.07150462629448201 0
3306 1.03079398476982 0.06501625659564345 0
3307 1.076882975693038 0.06587946308402789 0
3308 1.298023634702806 0.06948396956900726 0
3309 1.266298666935014 0.06897954437532811 0
3310 1.876551011898474 0.06442453407034091 0
3311 1.23459533130912 0.06846522213167289 0
3312 1.924081213878849 0.06508018386297648 0
3313 1.202941328401832 0.06793123767298923 0
3314 1.797509225308571 0.06326571136062389 0
3315 1.171195826683298 0.06746322204713004 0
3316 1.139468108649038 0.06696649495588711 0
3317 1.108062560580815 0.06634010550092659 0
3318 1.686532941860923 0.06175602794124591 0
3319 1.955741195061441 0.06553706875824758 0
3320 1.639114956005233 0.06111953944238813 0
3321 0.4054719260523979 0.06263159158896794 0
3322 1.844948076677799 0.06394920485517935 0
3323 1.560032653097819 0.06001160226482469 0
3324 0.6299541172474638 0.0623637323220933 0
3325 0.6364333443758492 0.05152034553074794 0
3326 0.6237931721007426 0.05135089723856243 0
3327 1.765771301341382 0.0628781327307085 0
3328 1.73414864886188 0.06242599043199937 0
3329 0.6491404870828218 0.05168561091710844 0
3330 1.607371057560353 0.06066386879519084 0
3331 0.4054008426734108 0.08028899371417179 0
3332 0.4105100191311667 0.08944363930495131 0
3333 0.6429274576269042 0.04057858735455419 0
3334 0.6562874231910967 0.04043125678297552 0
3335 2.058800252415979 0.0529359956933608 0
3336 2.027226497433404 0.05247268244647893 0
3337 2.018530965602863 0.09357588625664744 0
3338 1.995448000983225 0.05247466570289652 0
3339 0.6501441236247041 0.02921574423756176 0
3340 0.4208662900431828 0.08963348188749892 0
3341 0.4155151693352475 0.09861017322505385 0
3342 0.4259789939142776 0.09886587240052558 0
3343 0.4204801753743708 0.1076951377741999 0
3344 0.430895722650613 0.1079785185826021 0
3345 0.4254648073260697 0.1168593843665553 0
3346 0.4358920262153276 0.117097408060532 0
3347 0.4304546320331529 0.1260546205842478 0
3348 0.4409321029732876 0.1262920995458974 0
3349 0.4354530933474006 0.135277991364247 0
3350 0.4459958076736991 0.1355582712688814 0
3351 0.4516240803119093 0.126428762683 0
3352 0.4568441000972471 0.1359494475064351 0
3353 0.4404361218620743 0.1445318121885437 0
3354 0.4626153040607027 0.1270750552376461 0
3355 0.4678892384712503 0.1362293811513119 0
3356 0.4738447266504765 0.126735158057158 0
3357 0.4799235786354477 0.1382322756086465 0
3358 0.4619054704263282 0.1469789252726161 0
3359 0.4853736759229003 0.1278230971142972 0
3360 0.4907582808596285 0.1370530615470592 0
3361 0.4967632552051495 0.1274004193274555 0
3362 0.5023054807411595 0.1374150380364711 0
3363 0.5082997664871889 0.1282367312389036 0
3364 0.5139036161944872 0.1378431029339615 0
3365 0.519966963209578 0.1285833294289949 0
3366 0.5255695413078281 0.1381892603891563 0
3367 0.5317095987724305 0.1276627826322094 0
3368 0.537316028917221 0.1383250669421106 0
3369 0.5434950583723805 0.1277021541466951 0
3370 0.5491405996766171 0.1386001616585348 0
3371 0.5553487652168827 0.127937955944694 0
3372 0.5610284345347375 0.1389200956165718 0
3373 0.567273256852372 0.1282026100013646 0
3374 0.5729782773887679 0.1392407567752099 0
3375 0.5792654234543368 0.1284788456141292 0
3376 0.585008585982105 0.1395783109221899 0
3377 0.5913721637062408 0.1282184049071884 0
3378 0.5971310567961921 0.1398439887600429 0
3379 0.6035159207237754 0.1289024673343362 0
3380 0.6093158695483154 0.1402487411232357 0
3381 0.590765508778609 0.1503136392732286 0
3382 0.496561711857783 0.1470535464121338 0
3383 0.6157171367300511 0.1293057083215467 0
3384 0.6215655773912471 0.1406248694983554 0
3385 0.6280114542976505 0.1296125757879027 0
3386 0.633896638557653 0.1409663830840836 0
3387 0.6404956057472456 0.130103000234903 0
3388 0.6463278768333248 0.1413515119733085 0
3389 0.6530246745922196 0.1304594413942505 0
3390 0.6588455361526584 0.1417367671657455 0
3391 0.66545153961138 0.1310496956836606 0
3392 0.6714040658500954 0.1421492617230807 0
3393 0.6782686840551289 0.131091284799282 0
3394 0.6840882105005941 0.1424765337729873 0
3395 0.691128770695414 0.131410701449295 0
3396 0.6968544526762427 0.1428377073355188 0
3397 0.70366149212397 0.1319827536340637 0
3398 0.7095552824098066 0.143239001929542 0
3399 0.7163458371588365 0.1322483329498818 0
3400 0.7224686632667083 0.1436109932176835 0
3401 0.7292717334082155 0.1325495998272748 0
3402 0.7354650372971554 0.143987272906142 0
3403 0.742284153071848 0.132854723720563 0
3404 0.748530253855533 0.1443613373746046 0
3405 0.7553777246203539 0.1332331200615759 0
3406 0.7616772332281487 0.1447490022281175 0
3407 0.7685465237009529 0.1334698435388487 0
3408 0.7748998931248956 0.1451111283838219 0
3409 0.7818417944437424 0.1338545806896907 0
3410 0.6274106557248211 0.1515491321762909 0
3411 0.7882270583863633 0.1455643283350757 0
3412 0.7952100154390227 0.1342581770217307 0
3413 0.8016362509228365 0.1459749233237278 0
3414 0.8086453898129389 0.1343857061917793 0
3415 0.7900220641048897 0.1225836678288261 0
3416 0.7107758666056712 0.1207150090412013 0
3417 0.7495560958296089 0.1215751596343008 0
3418 0.5194403909207028 0.1479855998245719 0
3419 0.8151213152938127 0.1463346835242893 0
3420 0.8222006293214763 0.1348763039034136 0
3421 0.8287057615563534 0.1467479294768036 0
3422 0.8358317583748437 0.1352945629738908 0
3423 0.83076119387104 0.1236727101049148 0
3424 0.5429193591064708 0.148771529271735 0
3425 0.8423719734038412 0.1471702982475566 0
3426 0.8495368405887942 0.1353193526792096 0
3427 0.8561313523347851 0.1475201194128254 0
3428 0.863357595536168 0.1359057773771749 0
3429 0.6728208726754061 0.1195149336240679 0
3430 0.8915511127409911 0.371902983936972 0
3431 0.8777682353690676 0.3713429195513409 0
3432 0.8712763822051068 0.3591538991041815 0
3433 0.8640649763489778 0.3708799001670537 0
3434 0.8575968531334317 0.3587954231535315 0
3435 0.8505754649415249 0.3703738393267641 0
3436 0.2963415819963047 0.2632835250483718 0
3437 0.7369231169241812 0.3491898948678519 0
3438 0.3197296777089347 0.2209309779361587 0
3439 0.1111578637701609 0.3375226455461437 0
3440 0.100722077248643 0.2038610678882569 0
3441 0.09894637723623889 0.1982320462775585 0
3442 2.129856694085923 0.04040688977456816 0
3443 0.4250873987122591 0.1350122346229759 0
3444 2.137090704556969 0.1087605113459952 0
3445 2.144856023031064 0.122596450141951 0
3446 2.152804857372517 0.1089322659662984 0
3447 2.160530610644464 0.1227071993520941 0
3448 0.3961262972069418 0.3487869703489966 0
3449 0.8729503307283495 0.2873855115645855 0
3450 2.145492132605966 0.04057521389506952 0
3451 2.15318973968863 0.05417577613770597 0
3452 2.161159631966575 0.04069562356747022 0
3453 2.048742397444229 0.1776709972426818 0
3454 1.544292660150172 0.05977919276733878 0
3455 1.552245297543796 0.04623599221256777 0
3456 1.5363716775595 0.0459953029323498 0
3457 1.568024301723516 0.04650887858539088 0
3458 1.979726375823427 0.05226678831215167 0
3459 0.6415163986946683 0.1070764912539839 0
3460 0.2171482101421642 0.2817511547411965 0
3461 0.3340416905796065 0.3398158799876579 0
3462 0.231053073826204 0.2610229906884873 0
3463 0.5666972708644377 0.1494986982217718 0
3464 0.485507507220967 0.293089914572769 0
3465 0.7754723263120873 0.3503942264126826 0
3466 0.4912730308957782 0.2835651580232243 0
3467 0.4802141661469851 0.2831305467508222 0
3468 0.1043542280708527 0.1642480441398931 0
3469 0.4907101377779852 0.1174729111824056 0
3470 2.016786381746676 0.2625703965649362 0
3471 0.3372149727421845 0.07842692031092499 0
3472 0.869975085984845 0.1478593526463889 0
3473 0.8772573959529373 0.1363314155594783 0
3474 0.8723039893590379 0.1247768482746894 0
3475 0.8839182778061763 0.1482659530723439 0
3476 0.8912412855184052 0.1364697390247652 0
3477 0.4582714121475787 0.1163446127136881 0
3478 0.323051933437509 0.2342849688077803 0
3479 0.3165085325980076 0.2323847372186036 0
3480 0.3293405897711915 0.2362462831671021 0
3481 0.2894697343532543 0.2099082426108897 0
3482 0.5236901071985905 0.1192181585511188 0
3483 0.4956073705749742 0.3316799048216961 0
3484 0.3985966662301422 0.2394509113899098 0
3485 0.2511775606287392 0.2484241539493694 0
3486 0.2499876392721601 0.2434020436285454 0
3487 0.2549093762851642 0.2448436427895388 0
3488 0.253703999411379 0.2398077213396786 0
3489 0.258658519701839 0.2412838342584327 0
3490 0.2444927680599469 0.2421202880364014 0
3491 0.9286002060242748 0.2886391851847147 0
3492 0.2733799392625929 0.09145910768993913 0
3493 0.1006581202823802 0.3855546663292087 0
3494 0.5026076499682893 0.2838242944452383 0
3495 2.089051447734835 0.1910066719048337 0
3496 2.081085308787433 0.2047735875374338 0
3497 2.088975128434219 0.2185265672226757 0
3498 1.559367472971765 0.1148772508389054 0
3499 1.551179365083483 0.1286332643143402 0
3500 1.567209911038911 0.1288580430311763 0
3501 1.559017259774877 0.1430224922051041 0
3502 1.575108536019941 0.1432905748050082 0
3503 1.542241984027456 0.1419088760141863 0
3504 1.583291777703566 0.129118717841147 0
3505 1.591208020857468 0.1435227821710044 0
3506 1.444513631859756 0.2846800685941878 0
3507 1.452836190928063 0.2709692468676526 0
3508 1.436776156145286 0.2705791819738123 0
3509 1.445127074531412 0.2568147469254394 0
3510 1.461264002162002 0.2572157954208277 0
3511 1.428980571234726 0.256733983306464 0
3512 1.420607155150154 0.2702719309818247 0
3513 1.410683414830004 0.256337422923089 0
3514 1.994668501878367 0.1070713742464759 0
3515 1.986593832888657 0.1208261537053611 0
3516 1.970787262031913 0.1207278946203342 0
3517 1.977744064189193 0.1349906635042422 0
3518 1.96256593785747 0.1345033318240731 0
3519 0.4227444351931569 0.234002690063131 0
3520 0.4279740371070579 0.2256166187548856 0
3521 0.4379065483404642 0.2258022351118271 0
3522 0.1873769001715674 0.1126254043347369 0
3523 0.1904077042500475 0.1073705918253299 0
3524 0.2961008062908432 0.2742760199743407 0
3525 0.9084357149502165 0.2522645681561729 0
3526 0.9156900533526856 0.2409879835814187 0
3527 0.9224736441298242 0.2526606688137903 0
3528 0.929774588986658 0.241314655065867 0
3529 0.936604179806205 0.2530634284849019 0
3530 0.9439555729239566 0.2415958557911009 0
3531 0.9508400439477362 0.2534172610631622 0
3532 0.9582343442781229 0.2418995163817809 0
3533 0.9651665665389803 0.2537728479167389 0
3534 0.9726105129395832 0.242171188294026 0
3535 0.9795900902919336 0.2541250855492505 0
3536 0.9870979124106105 0.2417261884403203 0
3537 0.9941142176626946 0.254359082473546 0
3538 1.001654357332586 0.2418286084183722 0
3539 1.008733263268506 0.2546663521906191 0
3540 1.016320544804189 0.2420880847808517 0
3541 1.023453156192069 0.2550185899622503 0
3542 1.031116256291106 0.2423568409370217 0
3543 1.038263478222677 0.2553680667486936 0
3544 1.045977643675876 0.2434675689306806 0
3545 1.05319921333801 0.2558717894681303 0
3546 1.060944319509764 0.2433873124307415 0
3547 1.068226017246581 0.2562006639413629 0
3548 1.076032944164313 0.2441102934412293 0
3549 1.083357420850545 0.2566360453563744 0
3550 1.091233535593711 0.2436404050461164 0
3551 1.098594264977178 0.2568922119992238 0
3552 1.10650445416071 0.2437495001568335 0
3553 1.113930507812792 0.2572168074070129 0
3554 1.121930948627571 0.2434285227282347 0
3555 1.129379602810138 0.2574829991035943 0
3556 1.137436261472332 0.2435937550151031 0
3557 1.144931766091998 0.2578223180359533 0
3558 1.153042695471925 0.2439006355689578 0
3559 1.160589339462357 0.2581993281691279 0
3560 1.16875578848439 0.2441913781575707 0
3561 1.176354412065987 0.2585817826872711 0
3562 1.184576398694591 0.2445302007071399 0
3563 1.192227733551213 0.2589750786654559 0
3564 1.200506261630634 0.2448314143698531 0
3565 1.208210480262547 0.259365749565517 0
3566 1.216544727531227 0.2451778252353542 0
3567 1.22430082184169 0.2597543816428513 0
3568 1.232681678250997 0.2454973200081777 0
3569 1.240447768540368 0.2601158955498238 0
3570 1.24886101273866 0.2458231286702399 0
3571 1.256647508704499 0.2604578628059714 0
3572 1.265064540573594 0.2461572024407042 0
3573 1.272859275261502 0.2607901107059386 0
3574 1.281882600502043 0.2461857023129124 0
3575 1.289167975633197 0.2610727057671201 0
3576 1.298426380109763 0.2465994254153165 0
3577 1.305456269372878 0.2614118648460305 0
3578 1.314081291091638 0.2476858386581466 0
3579 1.321571355767213 0.2618712856650063 0
3580 1.329171259067724 0.2484660384370529 0
3581 1.337572543154316 0.2623003011108851 0
3582 1.344770218903844 0.2468255147358994 0
3583 1.353638345211775 0.262320768277543 0
3584 1.361996844318811 0.2492966452539472 0
3585 1.369985041364273 0.262958313057195 0
3586 1.378418559566387 0.2491499583358052 0
3587 1.039351218777828 0.2300861973735538 0
3588 1.874192618025184 0.2680407608028428 0
3589 1.866380814488568 0.2538844421422676 0
3590 1.858040857064532 0.2676606035475991 0
3591 1.85021605332129 0.2535058557472781 0
3592 1.841807266354239 0.2673169839408983 0
3593 1.834019178569725 0.2538210846694911 0
3594 0.143792796670472 0.1183251748566276 0
3595 0.3243780827445556 0.1907437443969912 0
3596 1.599353850370803 0.1293361743126897 0
3597 1.607305008481263 0.1437223322421928 0
3598 1.615475603206709 0.129486012733617 0
3599 1.623337755281401 0.1440279515367658 0
3600 1.631618376352494 0.1296933986580274 0
3601 1.639332129041893 0.1446030561185939 0
3602 1.404467607651962 0.2715476494845551 0
3603 0.06586515424426942 0.2219299486573712 0
3604 0.9200023593224421 0.3485767215539587 0
3605 0.9266877381627514 0.3608043135601086 0
3606 0.91934051634824 0.3727115372466365 0
3607 0.3714602862145989 0.2676597715496786 0
3608 0.379687634330713 0.2677178853725797 0
3609 0.375477618601592 0.2753480873036449 0
3610 0.05172899079116577 0.1862532470161823 0
3611 0.05883902875964697 0.1871323795652803 0
3612 0.1222210066926982 0.264521047661103 0
3613 0.9332829261500836 0.3730936956716693 0
3614 0.9407458259072718 0.361151163359322 0
3615 0.9473779974718086 0.3735284992505628 0
3616 0.9548969825382418 0.3615324425781999 0
3617 0.3248970820192317 0.07044083480363797 0
3618 1.825623025924822 0.2669463369065468 0
3619 1.81737471458899 0.2538201289089727 0
3620 1.809368352652799 0.2666356580571603 0
3621 1.801123667922831 0.2528260807654558 0
3622 1.793163457947639 0.2662865634893828 0
3623 1.78537702442892 0.2528333258295695 0
3624 0.1513130812846183 0.1092503833977825 0
3625 1.647722690428068 0.1299766551284621 0
3626 1.655643839969861 0.143791408611745 0
3627 1.663852766635786 0.1301031953368385 0
3628 1.67174160142916 0.1444643640182878 0
3629 1.679964817136451 0.1302397909452581 0
3630 1.687830738846852 0.1447502111716285 0
3631 0.3348887107041862 0.09311588666986817 0
3632 0.3371464445353261 0.1009118524826453 0
3633 0.330520325471153 0.2669175360393151 0
3634 0.3413015172314575 0.3015005516621455 0
3635 0.2788492310085329 0.153022561647061 0
3636 0.2803467288225809 0.1583691070807078 0
3637 0.1443358033974054 0.3749404776314043 0
3638 0.1480856419312402 0.3825575453366255 0
3639 0.1529152692592998 0.3755652051516549 0
3640 0.1566641621853251 0.3832024421592236 0
3641 0.2559352359273932 0.2844427116786803 0
3642 0.09407692606614781 0.3025108055154766 0
3643 0.8256422229776368 0.3737142517007859 0
3644 0.07443446536711429 0.1648840380747201 0
3645 0.132400902901139 0.18599359042107 0
3646 0.1356790367849594 0.1820099654228681 0
3647 0.3912155294550853 0.2866469536448158 0
3648 0.9481354197393042 0.349141612513193 0
3649 0.2911455585251231 0.3166200659113055 0
3650 0.162906704764377 0.2845072667840062 0
3651 0.8566859240722655 0.3831208079596871 0
3652 0.4152407450365754 0.116543306392673 0
3653 0.08262389225402256 0.1374289651701511 0
3654 2.143484740881789 0.2628886069913696 0
3655 0.3509674106246997 0.2166312430578691 0
3656 1.77709139672681 0.2658438565051289 0
3657 1.768819433571743 0.2498950572173392 0
3658 1.760830644631296 0.2650079594403658 0
3659 1.753145268044294 0.2512699083612892 0
3660 0.2745616316973591 0.0368766418209652 0
3661 0.2718838910668547 0.02881771754976073 0
3662 0.2661856316101956 0.03504344517121261 0
3663 0.2635153846848486 0.02704517559317396 0
3664 0.2578247954221821 0.03335289147950479 0
3665 0.2551717315033439 0.02533644519944114 0
3666 0.2495382314759174 0.031512922953746 0
3667 0.2468980296348142 0.02356217106898373 0
3668 0.2412712889374238 0.0297354023731988 0
3669 1.696069828952511 0.1305954098909328 0
3670 1.703946143389147 0.1445338416510343 0
3671 1.712180604120097 0.1307422992494618 0
3672 1.720073031408955 0.1449661634123501 0
3673 0.3105653522039507 0.02943806172184085 0
3674 0.8440532912269715 0.358470920405568 0
3675 0.1965321613187616 0.1095290388699234 0
3676 0.1591371268162799 0.04698176591778519 0
3677 0.164192849427366 0.1173789887458861 0
3678 0.1082578865568155 0.3172202714522138 0
3679 0.9433701853526348 0.2652551301406245 0
3680 1.728294660626182 0.1309877409292315 0
3681 1.736188199652674 0.145203678038116 0
3682 1.744408194496422 0.1311919576478267 0
3683 1.752302674158968 0.1453389445352773 0
3684 1.744720365466131 0.2648223928258784 0
3685 1.736960765262718 0.2508432669324621 0
3686 1.728548167567528 0.2644713148287998 0
3687 1.720777657176316 0.2504628285840177 0
3688 0.8978599978895676 0.1485799380231829 0
3689 0.9053179569214349 0.1369618583691662 0
3690 0.9117627968051027 0.1489201102839264 0
3691 0.9194559839392076 0.1373757223750237 0
3692 0.9121792373116105 0.1242211936562915 0
3693 0.2662107684665149 0.3199163667541788 0
3694 0.2621651248774948 0.325701922347238 0
3695 0.2696399124918224 0.3265195819451723 0
3696 0.2551955774183504 0.3251975856465134 0
3697 0.2580505192090489 0.3316331811649598 0
3698 0.2509652463751282 0.3311003617997971 0
3699 0.7161832930683861 0.3791686851636976 0
3700 0.3136544669533206 0.3751501316679582 0
3701 0.3176630316041117 0.3839932403367854 0
3702 0.1821694224727926 0.07608450500311906 0
3703 0.1867852119841767 0.071003347206713 0
3704 0.1933209705961205 0.07258052877438792 0
3705 0.1583508480705869 0.07666465451999438 0
3706 0.09725377804832736 0.1109800589830202 0
3707 0.09254812929848777 0.1165129322571588 0
3708 0.08537907699856451 0.115285053625623 0
3709 0.0228225160751776 0.1129086167222435 0
3710 0.02613944103226307 0.1211094904419964 0
3711 0.03440679731976015 0.1227472848537532 0
3712 0.02929502661592842 0.129248817005535 0
3713 0.03736622429231229 0.1308570073943447 0
3714 0.03201078327106721 0.1373610182631286 0
3715 2.120606182399505 0.2463700539450601 0
3716 2.104827894655232 0.2459589414609831 0
3717 0.03413819258835815 0.1535671734151939 0
3718 0.02599557918201012 0.1520747596435163 0
3719 2.158071993990784 0.346038870921234 0
3720 2.150108018548413 0.3595477371246608 0
3721 0.6094522545665156 0.1176807194560141 0
3722 1.760521827970437 0.1313954290199684 0
3723 1.768416950012699 0.1455198828341041 0
3724 1.776636350601611 0.1315831170606306 0
3725 1.784884999835912 0.1457911112014826 0
3726 1.792813092343376 0.131573236 0
3727 1.80122816354405 0.1458653966988613 0
3728 0.03457381964087092 0.2311919931753396 0
3729 0.02969817046930445 0.2375567830037144 0
3730 0.02618100449131799 0.2302511024679642 0
3731 1.712365097323834 0.2640757569123231 0
3732 1.704591620612406 0.2500826230849106 0
3733 1.696177860583579 0.2636973216459619 0
3734 1.688403091433972 0.2497053794346163 0
3735 0.1306859595696709 0.1808280871867352 0
3736 0.1338983883006591 0.1771302201986996 0
3737 0.1389752224582116 0.1780086109602571 0
3738 0.1371694993281783 0.1731613438318642 0
3739 0.142262572513759 0.1740240750031032 0
3740 0.1404583528683729 0.169178956213184 0
3741 0.1456730972599214 0.1699173750921444 0
3742 0.2055055308290439 0.2905897541350327 0
3743 0.1695850385693813 0.1466582950811439 0
3744 0.1645842598757591 0.1456672873263939 0
3745 0.3403776462215924 0.2263476790757588 0
3746 0.1615042430962064 0.3762517905512506 0
3747 0.1652397803371149 0.3838595997679323 0
3748 0.1700815599909238 0.3769283693876126 0
3749 0.1737996732218668 0.3845128611394715 0
3750 0.1786112690079642 0.3774621684338031 0
3751 0.1823350418752332 0.3851443782834633 0
3752 0.2619169767287617 0.3707250835696394 0
3753 0.2571693995477775 0.3777347974386115 0
3754 0.2656994372195107 0.3784676741395941 0
3755 0.2608436626433583 0.385650990831634 0
3756 0.2512834406549117 0.3858227171849257 0
3757 0.2696640082391375 0.3862733490950093 0
3758 1.679988793929439 0.2632996475811963 0
3759 1.672212556828314 0.2493253786611829 0
3760 1.663797291098236 0.2629209326099501 0
3761 1.656019971554813 0.2489481154430127 0
3762 1.647598301950134 0.2627796748691145 0
3763 1.64036977484692 0.247846033143734 0
3764 1.001011934247422 0.2668416339798985 0
3765 1.994174912906303 0.1347202682411414 0
3766 0.1871279097280256 0.3782273075050304 0
3767 0.190858750052687 0.3858161368262931 0
3768 0.1956825634667041 0.3789138109274611 0
3769 0.1993929576366424 0.3864902843524043 0
3770 0.4417792975214648 0.1088295108570661 0
3771 1.808974913624136 0.1319488166129748 0
3772 1.817040863058728 0.1456965946684664 0
3773 1.825049272046223 0.132106909943448 0
3774 1.832942921499134 0.1459076023795561 0
3775 0.578123176611185 0.3445988595786882 0
3776 0.204310833492017 0.37951179071987 0
3777 0.2948688248505151 0.02550286641099966 0
3778 0.4003013159394337 0.08925365249247938 0
3779 0.3952634759160122 0.08033917599581065 0
3780 0.08801375299299452 0.1219474584160428 0
3781 1.550540536377401 0.1572098318201018 0
3782 0.9719843684066818 0.2660057534113367 0
3783 1.841124344212969 0.1323105527390157 0
3784 1.849018552223253 0.1461012138282142 0
3785 1.857229278173391 0.1325004906858954 0
3786 1.865128718799634 0.1462896435742844 0
3787 1.873348590515648 0.1324275897333641 0
3788 1.881247714131125 0.1464335575131716 0
3789 1.631498597744067 0.262059142616778 0
3790 1.623207928430983 0.2453747396920904 0
3791 1.615156086258443 0.2612779960015812 0
3792 1.607429051986196 0.2478878128266238 0
3793 1.275301838554383 0.2303745208225544 0
3794 2.165967552973388 0.3325891620494728 0
3795 0.02255538300533177 0.1349333439869561 0
3796 0.293412467363761 0.2577413560938932 0
3797 0.961669168233301 0.3738206104486129 0
3798 0.9691763240420322 0.3618609473003476 0
3799 0.975994941534586 0.374207237388971 0
3800 0.9835423666526744 0.3622154291036738 0
3801 0.9903988859995574 0.3748826744948462 0
3802 0.9980026130437293 0.362623850761841 0
3803 0.9766615997473513 0.3497149629758295 0
3804 0.2477884452575793 0.1647354984512658 0
3805 0.2469312286278913 0.1591173196069768 0
3806 0.322983484169421 0.142045282073459 0
3807 0.4329231336214544 0.2170288220483373 0
3808 1.599002743664196 0.2612995868453782 0
3809 1.591696499171026 0.2468125841940428 0
3810 1.582886973845062 0.2608746700894086 0
3811 1.576432099985202 0.2459755530460255 0
3812 1.566847660066983 0.2606970152219442 0
3813 1.559943284136137 0.2461720417548419 0
3814 0.2079679012331668 0.3870423643315111 0
3815 0.2128528559194753 0.3802227584794767 0
3816 0.2165528667286777 0.387714029385589 0
3817 0.2213783923482014 0.3808706766254491 0
3818 1.889466206215918 0.1328469361675602 0
3819 1.898074868572246 0.146967902499341 0
3820 1.905705531473548 0.1331297093092309 0
3821 1.914669498927797 0.1470358204441685 0
3822 1.92193024553904 0.133028224300936 0
3823 1.929615581501926 0.1469630932175304 0
3824 1.320322545165366 0.2329291540390415 0
3825 0.3240483565617621 0.1039247534849647 0
3826 0.1355216339609473 0.3259181203802636 0
3827 0.1429502790707751 0.3265105106233231 0
3828 1.663385923852672 0.159186135096657 0
3829 2.158997791030461 0.2629054685570614 0
3830 1.550629232810419 0.2601456303874337 0
3831 1.542841475625968 0.2462068996641832 0
3832 1.534270404826726 0.2598100838104125 0
3833 1.526458661851023 0.2459056500001078 0
3834 1.517999708478468 0.2597596175074109 0
3835 1.510208223581057 0.2456326470531981 0
3836 0.2164128534672438 0.2915082277239223 0
3837 0.3810552653201964 0.2086082672946102 0
3838 0.3766596165244147 0.2015522617765419 0
3839 0.9258057733320059 0.1492980615821113 0
3840 0.9337534389085864 0.1374816206142461 0
3841 0.1816219079756474 0.1396795138444357 0
3842 0.1850609759206536 0.1358639148927451 0
3843 0.1864698916508074 0.1408899283148269 0
3844 0.1900767810897441 0.1369377623770382 0
3845 0.3078670108871189 0.2792825795038508 0
3846 1.501779043449579 0.2591323837100679 0
3847 1.493987743347928 0.2452314791045191 0
3848 0.1221665074431658 0.344560712114976 0
3849 1.777338395300432 0.1605855866761672 0
3850 0.9400680964321058 0.1495761992432802 0
3851 0.9480545747401348 0.1379959356376769 0
3852 0.1405534390374198 0.282261517184514 0
3853 1.984246094911185 0.1491435715689483 0
3854 0.2556737891647649 0.2284570613910594 0
3855 0.03164742299363721 0.1898854850332226 0
3856 0.02348276604434085 0.1880422212406376 0
3857 0.03285684392210464 0.2448375151431121 0
3858 0.02478572873979079 0.2442140574510415 0
3859 0.7545946631214423 0.3827964644571678 0
3860 0.1068450145448028 0.09995179866527759 0
3861 0.1114161948599681 0.09485936107765394 0
3862 0.1185054942398936 0.2695251669054736 0
3863 0.4896550703713565 0.3409826995865323 0
3864 1.987741297423026 0.03910376334613574 0
3865 1.972066218774415 0.03888958137474555 0
3866 2.003387831029328 0.03897552762545883 0
3867 1.436541762185013 0.2434290809999148 0
3868 1.296936891439635 0.2745042376688419 0
3869 0.02164669507962746 0.2029403534117395 0
3870 0.02495707343492848 0.2105136258321406 0
3871 0.01665101613999065 0.2096612011760231 0
3872 0.06192747883031102 0.05596887742937848 0
3873 0.1434204990619321 0.1650887861719348 0
3874 2.159857727986207 0.1777381989502262 0
3875 0.2868788519449076 0.2575330585354212 0
3876 0.09251931986248851 0.3846894001983335 0
3877 1.045305460574926 0.2681840914321474 0
3878 1.891310278667328 0.1615183753364713 0
3879 0.3180953571912791 0.1466782478239865 0
3880 0.2545783988760023 0.2232176296736778 0
3881 0.9544328457061159 0.1499072698715755 0
3882 0.9624972895318643 0.1384157892788072 0
3883 0.9553839690732459 0.1253861117231714 0
3884 0.2743331044946136 0.3790588305857402 0
3885 0.296606799719183 0.2855361784186137 0
3886 0.04421026284611607 0.1852519403386371 0
3887 0.2680164575861566 0.1502299151585267 0
3888 0.2719655182436214 0.1466869598205749 0
3889 1.560211186978914 0.03350879253926783 0
3890 2.095110401753341 0.3723549784497845 0
3891 0.04727443892499017 0.3179399206435892 0
3892 0.9257559739396921 0.3851446703485726 0
3893 0.04350394738178309 0.07727383037032221 0
3894 2.158272233751754 0.3186203592857525 0
3895 0.03559645318454141 0.3097614817203971 0
3896 0.0321435610837808 0.3021812678285574 0
3897 0.0238334269386673 0.3013961588179654 0
3898 0.02866378674756476 0.2945635826442772 0
3899 0.02027465878884671 0.2937881774503519 0
3900 0.02516116558272108 0.2869020082055606 0
3901 2.161066321406333 0.2325306356461831 0
3902 0.05258250419358612 0.07906633194039128 0
3903 1.004572535482741 0.3752141920619764 0
3904 1.012518953226191 0.3630106099816466 0
3905 1.005584071202666 0.3503294646266523 0
3906 1.075339602846113 0.2690404284712089 0
3907 1.020450676701016 0.3509645748290986 0
3908 1.027267602558604 0.3635584383374575 0
3909 1.035229597406874 0.351134191324444 0
3910 1.042058563991812 0.3639960507586292 0
3911 1.049824906830308 0.3516638831953103 0
3912 1.056895232312503 0.364477157808263 0
3913 0.2170809272072314 0.2588639129626427 0
3914 2.160112583563827 0.1504185506653501 0
3915 0.4427206524857649 0.2180232203013001 0
3916 2.087319836454989 0.3591060048345415 0
3917 2.079483062314229 0.3721986623068975 0
3918 1.983697660126679 0.3722660357989528 0
3919 2.152251353209219 0.1912079561013182 0
3920 0.1519455935418282 0.02312314709514848 0
3921 0.1601829655738418 0.02505153983352734 0
3922 0.01943212035347064 0.2170600213285636 0
3923 2.023848010384399 0.3314874288656801 0
3924 2.031679733469611 0.3452025872000623 0
3925 0.05602332073347105 0.2136589335483547 0
3926 1.842094090221619 0.2410468366019329 0
3927 0.9689016062541315 0.150233256732732 0
3928 0.9770470300469662 0.1387480699336475 0
3929 0.0588974617245448 0.3262499633583313 0
3930 0.7924552256186058 0.3845036909557304 0
3931 1.552916926426525 0.2317212188817865 0
3932 0.06614754895394626 0.1756751047698849 0
3933 0.2676424914979749 0.1306462161442349 0
3934 0.2737319609952387 0.1321523732002558 0
3935 0.3684715783796437 0.2017859060375816 0
3936 0.372546717602692 0.1944473228002947 0
3937 0.3807899958923742 0.1942504140174909 0
3938 0.3764850612678674 0.1869198010444579 0
3939 0.3849478558954964 0.186791160189096 0
3940 0.380581654585966 0.1793809730044309 0
3941 0.6173661662619352 0.06220952533187438 0
3942 0.6112093958127676 0.05117775119925103 0
3943 0.6176278423530114 0.0403660308341198 0
3944 0.6050642685868739 0.04022794213554759 0
3945 0.6114536025637127 0.02941134100891885 0
3946 0.5986698859115201 0.05098723545489514 0
3947 0.5925484661335204 0.04052628223051866 0
3948 0.5862008830244492 0.05088577641391742 0
3949 0.5801092656709452 0.04049172806292745 0
3950 0.5738095073310162 0.0507492846056945 0
3951 0.5677448118963637 0.04035412595408694 0
3952 0.5614753287393968 0.05056379962095503 0
3953 0.5554370455025639 0.03997043490013291 0
3954 0.5753428515203977 0.03081489135370197 0
3955 0.549198904306915 0.05031391891703307 0
3956 0.5432210864514965 0.04005957394246409 0
3957 0.5370315858161949 0.05019641347574763 0
3958 0.5310728350633263 0.03994754709300372 0
3959 0.5249114367805598 0.05002152009059099 0
3960 0.5189770154938536 0.0396001874506394 0
3961 0.512849844146696 0.04979272775899224 0
3962 0.5069697832095932 0.03966926035621712 0
3963 0.5008749133133088 0.04965180936041694 0
3964 0.4950244502739788 0.0395590796816595 0
3965 0.4889624753076462 0.04948595133453246 0
3966 0.4831436006231806 0.03945607194079878 0
3967 0.4771148994178824 0.04931831246367094 0
3968 0.4713308115494224 0.03903849074293267 0
3969 0.4653399031837262 0.04910896536915918 0
3970 0.459576208632948 0.03885708088550113 0
3971 0.5384406867196073 0.03045730122049942 0
3972 0.5021669926165617 0.03012310065848334 0
3973 0.4655362149819132 0.02871471322906338 0
3974 0.5188686879396596 0.06064875525904265 0
3975 0.4537975529385345 0.0288803199955299 0
3976 0.447856189633999 0.03875099571813109 0
3977 0.4420868824226495 0.02866687811466234 0
3978 0.5552756298258821 0.06125229092477316 0
3979 0.43618628955984 0.03789245180799963 0
3980 0.4304621344400731 0.02861864874649009 0
3981 0.2385891591386953 0.02202681520117475 0
3982 0.2329216307695131 0.02806434504880487 0
3983 0.2302452525370033 0.02009473323385738 0
3984 0.2246275214425565 0.02630275049443023 0
3985 0.1452538142688908 0.1082308592159529 0
3986 0.3268219607309439 0.02522673250957477 0
3987 0.3357832575423511 0.02660114412291451 0
3988 1.105818135054618 0.2700039064103962 0
3989 2.049973335772127 0.09404130542472862 0
3990 0.4111046992561237 0.2863200340695553 0
3991 1.599655106004263 0.2336375945671163 0
3992 0.9834718192245997 0.1505453951358924 0
3993 0.9916951606288711 0.1391224472314245 0
3994 0.1434992733736035 0.02187006149601986 0
3995 0.2533646772634011 0.3376224881373154 0
3996 0.2251753169402995 0.3882641415226238 0
3997 0.2300439182253372 0.3816217342239735 0
3998 0.233833271679343 0.3890178547998868 0
3999 2.073077934774644 0.1912121521944189 0
4000 0.2505417179312789 0.1555094426237436 0
4001 0.2454714002155226 0.1541047587995461 0
4002 1.882102763339556 0.2821543334108457 0
4003 1.639361775058417 0.1158937074377995 0
4004 0.3261193672215196 0.3250767730451112 0
4005 0.3216936125248815 0.3322085148387017 0
4006 1.833830982818175 0.2810185481162356 0
4007 0.6622053914364353 0.05167080804111149 0
4008 0.6706740908075515 0.0407631925639671 0
4009 1.687408292352521 0.1164507481529836 0
4010 0.04330488702198121 0.2528152604545371 0
4011 0.05128912068069114 0.2541883163308805 0
4012 0.1515001364674549 0.3899439538874273 0
4013 0.2287882742315425 0.250934502854707 0
4014 1.78557079838993 0.2799277836876342 0
4015 0.6522493078988082 0.1521766425498235 0
4016 0.3892677083403002 0.1795598158714149 0
4017 0.2599115710993707 0.2461994539057171 0
4018 0.1056176350792767 0.04112567002644185 0
4019 0.1113393458186306 0.03491496338330582 0
4020 2.126442412464883 0.3725084439497832 0
4021 0.2119953897296067 0.258263196558898 0
4022 0.2776880789283921 0.04501906720593102 0
4023 1.74494463488852 0.2383869452788035 0
4024 1.956327348619954 0.2427929812200829 0
4025 1.033484416068377 0.375950753850766 0
4026 1.90712145654402 0.2414538509019995 0
4027 1.923021212810634 0.2414977591834197 0
4028 0.5848993839097172 0.3346082891789788 0
4029 1.13668789068405 0.2708744282517322 0
4030 1.065000875466004 0.3522398329877393 0
4031 1.071458919143187 0.3644960388618328 0
4032 1.08001106058667 0.3522354330561706 0
4033 1.086357934837562 0.3673972274107231 0
4034 1.063305743654602 0.3758616280077942 0
4035 1.094805924030167 0.3531966915213066 0
4036 1.102077541170856 0.3657729229139544 0
4037 0.2457837122755642 0.3369465604931861 0
4038 1.874780187256456 0.2400512180635313 0
4039 0.2783398575263479 0.02248577630245693 0
4040 1.792717873621988 0.2411748323784788 0
4041 0.1913489126012793 0.06611843452072139 0
4042 0.1980895403998388 0.06771263432132194 0
4043 0.1849669367796982 0.06490540392727473 0
4044 1.936690106906055 0.3450413423324574 0
4045 1.929242356946601 0.358850926377457 0
4046 1.945479303500248 0.3325683839734555 0
4047 0.09775785638449763 0.3435121006256803 0
4048 0.3093022995258039 0.1382217030676763 0
4049 0.3075332029320086 0.1316278072431517 0
4050 0.02792253348012563 0.2515346701541809 0
4051 0.01996836299164473 0.2507083679111241 0
4052 0.02333829084497019 0.2588563847923411 0
4053 0.1228170503562408 0.2808659390498335 0
4054 0.1251362601267585 0.2863250357617477 0
4055 1.936752276380341 0.3717845887312467 0
4056 1.921122425206541 0.3717280558793611 0
4057 1.913671944349314 0.3593979612650358 0
4058 1.905507567467524 0.3718254053977799 0
4059 0.1473604619765658 0.1748828958509075 0
4060 0.3195597749444917 0.0631416726908903 0
4061 0.6367953473243637 0.02992268297618461 0
4062 1.799563443073379 0.1177617205630248 0
4063 0.2381075797971892 0.3823883685490821 0
4064 1.167983685711312 0.2717734103835659 0
4065 0.1386524421266875 0.1643351791981659 0
4066 0.06727248810845854 0.1645474162456431 0
4067 0.9981396623013775 0.1508641788912854 0
4068 1.006442745184783 0.1394486725059725 0
4069 1.012917432570407 0.1511958362717582 0
4070 1.021322757671323 0.1392345035052311 0
4071 0.3562736255752541 0.2095617240021398 0
4072 0.1023906064789459 0.08603253977871446 0
4073 0.222114346904366 0.2592706880629201 0
4074 0.224181093738449 0.2640486487164075 0
4075 0.6774230572728452 0.1529535763540503 0
4076 0.1674917521610301 0.06919557713628857 0
4077 0.06896641438976858 0.1818804162103715 0
4078 0.2436976769524407 0.3303715220473648 0
4079 0.2394201125016174 0.3363609001070587 0
4080 0.394106793372811 0.1863199243559381 0
4081 0.158123771203647 0.1592445662693593 0
4082 0.2547311704472026 0.1702874363932462 0
4083 1.199751263384849 0.2728200354130937 0
4084 0.3608520799673216 0.373615727669159 0
4085 0.3655771825394285 0.3829646050553788 0
4086 1.6407791996357 0.2764792959908331 0
4087 1.936669424480653 0.1327693163949386 0
4088 0.1234612941973912 0.2541961393531341 0
4089 1.110072025327442 0.3530508598793958 0
4090 1.117391264999763 0.3663065867404425 0
4091 1.125417840938996 0.3531755806579315 0
4092 1.132790345199874 0.3667475550265078 0
4093 0.1998135375812014 0.07416436708794208 0
4094 0.2043830290844211 0.0687853393897456 0
4095 0.1687984369111029 0.3911865304237299 0
4096 0.4606626804535543 0.01888904441651409 0
4097 1.57540454031995 0.03349929573576207 0
4098 1.583608702493061 0.04673643920711326 0
4099 0.05912724715432116 0.02238432035162904 0
4100 0.04984286288551854 0.0197292558383145 0
4101 0.04386429099561662 0.02644235329613912 0
4102 0.8016155492517727 0.3511890862193456 0
4103 0.1321433925562883 0.1722351404951794 0
4104 0.1194476960255177 0.03698393419334148 0
4105 0.1170743447078799 0.02862123613195169 0
4106 0.1088650122512331 0.02654280364792241 0
4107 0.03997180639070619 0.1385544439471256 0
4108 0.1495512927264658 0.2781877471901912 0
4109 0.9847888703470181 0.1256596817484342 0
4110 0.07332884602119782 0.3907465302897521 0
4111 1.231662851979393 0.2731215725611409 0
4112 0.3238132283482407 0.08346635629483709 0
4113 0.150278401916511 0.1621811477751514 0
4114 0.1373681333875338 0.2866734862427602 0
4115 1.486888674199319 0.2590610647386171 0
4116 0.1179593782713355 0.243133387098418 0
4117 0.389845327935756 0.08879987717108224 0
4118 0.1477678555966121 0.2881291190348672 0
4119 1.972714846365035 0.2432901415056468 0
4120 0.01534568786563151 0.3506074136803515 0
4121 0.0189952299390681 0.3577703023072853 0
4122 2.104230985056914 0.3856169966843123 0
4123 1.712999934477653 0.2367345385991179 0
4124 0.7028870908356728 0.1537052677194847 0
4125 0.2996999796269242 0.2579836971958291 0
4126 0.2966602427518932 0.2523098192151633 0
4127 0.9965068808061518 0.3873146493720619 0
4128 1.140868139012517 0.3535571893391223 0
4129 1.148296963541309 0.3672157708322503 0
4130 1.156425826771743 0.3539414550180254 0
4131 1.163870337003505 0.3676692311200376 0
4132 1.26404752931397 0.2732793112085185 0
4133 0.2783905625962952 0.3870011914552547 0
4134 0.3315506390201755 0.04217055306512807 0
4135 0.06740128746068352 0.2105944388816971 0
4136 0.3975670140111451 0.2942331981449614 0
4137 0.1099371227665314 0.2055854210992306 0
4138 0.1911415736162265 0.1420886943090672 0
4139 0.1951689460773056 0.1379470321892843 0
4140 1.013174832634929 0.1259365977715822 0
4141 1.029032319498265 0.1270751455033435 0
4142 1.036386661432856 0.1397684254157164 0
4143 1.044228912196899 0.1275624506185001 0
4144 1.051503636572715 0.1402351400407884 0
4145 1.042934915759521 0.1520382569847504 0
4146 1.059391722980798 0.1279740199233441 0
4147 1.066693381834902 0.140678922922265 0
4148 1.074629754591639 0.128326822663532 0
4149 1.081975894062318 0.1411111343607139 0
4150 1.089963071240103 0.1287126950429962 0
4151 1.097358113094326 0.1415490349900174 0
4152 1.105398614076459 0.1290630038476927 0
4153 1.112843140203924 0.1419840085020349 0
4154 1.120936742744575 0.1294485543668169 0
4155 1.128431816330826 0.1424265077628926 0
4156 1.136579848863785 0.1298077470999614 0
4157 1.144098188349776 0.1428407669200409 0
4158 1.152340775627228 0.1293897763659176 0
4159 1.159894931215361 0.1431501440906883 0
4160 0.1864163024263981 0.3937387661243332 0
4161 0.2600533927634019 0.2794825735261652 0
4162 0.2650430847546184 0.2802809211527217 0
4163 0.07612480697666868 0.1540002721446026 0
4164 1.879658008874264 0.1186854215031025 0
4165 1.168179516059832 0.1303859193874747 0
4166 1.175819914257499 0.1435600393261891 0
4167 1.184132828463891 0.1303762831754379 0
4168 1.191817695951665 0.1438949763480124 0
4169 1.167459469316491 0.1571230789683175 0
4170 0.407809752101812 0.2396957281475684 0
4171 1.200194030567092 0.1307184047254856 0
4172 1.207899047862746 0.1442860940087865 0
4173 1.216283241543944 0.1315450949097163 0
4174 1.22400011156406 0.1446862466192297 0
4175 1.232389632329267 0.1320031542209458 0
4176 1.240108768197097 0.1451103129256474 0
4177 1.248499906899616 0.1324287708894336 0
4178 1.256222313802631 0.1454540085055579 0
4179 1.264613637848003 0.1328090960428437 0
4180 1.272336541696577 0.1458553567961591 0
4181 1.280728775049247 0.1332182561378005 0
4182 1.288454242194436 0.146205399456733 0
4183 1.296846902183099 0.1335951343285394 0
4184 1.304572760788679 0.1466074362506159 0
4185 1.31296641152631 0.1340039374125205 0
4186 1.32069480405431 0.1469606468023462 0
4187 1.329096719143189 0.1336909523924158 0
4188 1.336819103656969 0.1472483503190715 0
4189 1.345204702267478 0.1346391138175206 0
4190 1.352943126878998 0.1476740472133539 0
4191 1.361338054750272 0.1351465469840528 0
4192 1.369057950005627 0.1486267229236388 0
4193 1.377472565876443 0.1349964744131508 0
4194 1.385200124520022 0.148495295790656 0
4195 1.393589850125842 0.1358513793781348 0
4196 1.40133301433019 0.1488380904589607 0
4197 1.409730646208499 0.1363293002272573 0
4198 1.417451954946691 0.1498900099631562 0
4199 1.42586523729975 0.1368274095282886 0
4200 1.433602288572916 0.1497669526044059 0
4201 1.44200452642706 0.1371691652349631 0
4202 1.449744452339625 0.1500277912779901 0
4203 1.45814963892568 0.1369628499456451 0
4204 1.465886158973098 0.1503180974769406 0
4205 1.474278350290218 0.1377854944447981 0
4206 1.482027963265117 0.1507303278948443 0
4207 1.490429849168226 0.1382700218970261 0
4208 1.498173669359951 0.1511611927191276 0
4209 1.507324305331855 0.1383236551946966 0
4210 2.167728512778696 0.1910239148916559 0
4211 2.166914678024114 0.2166111381802199 0
4212 0.3845703973936763 0.1723234474330323 0
4213 0.3761264370357522 0.17206968135315 0
4214 0.3800459052814243 0.1647411766236921 0
4215 0.3718880021814508 0.1648690149197312 0
4216 0.3757952589728969 0.1573691084673199 0
4217 0.3673802216406561 0.1574674621994818 0
4218 0.3712528671151837 0.1502494755742662 0
4219 0.1587235331303019 0.06016544564494367 0
4220 0.02094149121048305 0.1584563932419523 0
4221 0.8965733092370506 0.2277747658062117 0
4222 0.881325878126456 0.2282145634317983 0
4223 1.680621600491497 0.2360171571148598 0
4224 1.043240311423443 0.339606556265885 0
4225 0.2609225642578576 0.3374542777546614 0
4226 0.09203078438191059 0.02154224730072296 0
4227 0.08246122031506475 0.01879413379728923 0
4228 0.3182220972363454 0.3113072715961821 0
4229 0.3274237653295757 0.3114850964154983 0
4230 1.369338136119886 0.2347147977696371 0
4231 0.3712178288857773 0.3407108091338839 0
4232 0.3806784257083213 0.3410774689866303 0
4233 0.2375072613922313 0.2939096176221958 0
4234 0.2333438861346746 0.2978754411651803 0
4235 1.073226842583445 0.1528760468998099 0
4236 1.947963247922929 0.1455704069077572 0
4237 1.938714185781942 0.1611561487733146 0
4238 0.213322695905794 0.2957148351344387 0
4239 0.218789490728122 0.2968280791048076 0
4240 1.172054825055203 0.3543483706738442 0
4241 1.179511636053381 0.3680358848143219 0
4242 1.187698281645715 0.3547677871688387 0
4243 1.195155913326577 0.368448510468898 0
4244 0.1402022749649262 0.08011994205985197 0
4245 1.897628210448745 0.3592901324284761 0
4246 1.889813376429351 0.3722714675956604 0
4247 1.881965000641864 0.3593643763408579 0
4248 1.874167810405735 0.3719400011980069 0
4249 1.86655059726118 0.3589302572735534 0
4250 1.858572850622631 0.3718311509108962 0
4251 1.85069684488017 0.3587863893171351 0
4252 1.842913290494573 0.3718031699915134 0
4253 1.834399776882123 0.3592174671756547 0
4254 1.827169225493059 0.371889328124182 0
4255 1.818956094493123 0.3594685678862011 0
4256 1.811564011049236 0.3724054835710365 0
4257 1.803720304777394 0.3593857799352351 0
4258 1.796005141559199 0.3720487710259434 0
4259 1.788197696492503 0.3589358349270643 0
4260 1.780397138061714 0.3719344254962965 0
4261 1.772591784615041 0.3591935939553107 0
4262 1.764787443925797 0.3724250482931999 0
4263 1.756942410672156 0.3593164375594006 0
4264 1.749158711968583 0.3720927276070902 0
4265 1.74131127304737 0.3592410961169185 0
4266 1.733521009107032 0.3720448154214597 0
4267 1.725681310380196 0.359186200551346 0
4268 1.71789209825328 0.3720436789949199 0
4269 1.710054872179791 0.3592191329722862 0
4270 1.70226548732087 0.3720679544189619 0
4271 1.694428742383568 0.3591845799617442 0
4272 1.686639495233265 0.3720824769487979 0
4273 1.678803038573058 0.3592003090743564 0
4274 1.671013799628132 0.3721063957339119 0
4275 1.663177421690948 0.3591604423009751 0
4276 1.65539895388585 0.3725817176881402 0
4277 1.647553780416905 0.3592518416704708 0
4278 1.639774689838915 0.372231954836692 0
4279 1.631928744821112 0.3591600292906729 0
4280 1.624139567519573 0.3721775490840256 0
4281 1.616301821815096 0.3591654063471644 0
4282 1.608512335333439 0.372186281933865 0
4283 1.600675914595194 0.3591411368921831 0
4284 1.592886840755872 0.3722024263525059 0
4285 1.585050724929456 0.3591530029152874 0
4286 1.577272615489635 0.3726901482255953 0
4287 1.56942771340844 0.3592553461224417 0
4288 1.56164928678943 0.3723405458069887 0
4289 1.553803652216681 0.3592331462891556 0
4290 1.546015389267177 0.3722982257351893 0
4291 1.538177700192041 0.3592415738693709 0
4292 1.530389227736784 0.372310691714454 0
4293 1.522552708827414 0.3592641903400474 0
4294 1.514764489278364 0.3723358860484509 0
4295 1.506928042784732 0.3592914544566362 0
4296 1.499150632385239 0.3728311681528637 0
4297 1.491305162025011 0.3593978854115341 0
4298 1.483527277929082 0.3724819219874499 0
4299 1.475681088019739 0.3593768979258014 0
4300 1.467893311287881 0.3724402915060894 0
4301 1.460427841196775 0.3595996436365131 0
4302 1.468159515751815 0.3474273010465802 0
4303 1.451589711041816 0.3728407982388302 0
4304 1.444511339523906 0.3602226540212886 0
4305 1.436644146633933 0.3730779480431464 0
4306 1.63971474933086 0.3456112845198313 0
4307 1.530340823501637 0.3462354488743155 0
4308 1.748063590810067 0.3464311928650782 0
4309 1.795234591951519 0.3461415271182152 0
4310 1.50660885117732 0.3850817145274903 0
4311 1.561589083941623 0.3457545361479075 0
4312 0.9232989962433479 0.2291457802672908 0
4313 0.1003187288315994 0.2411058522840476 0
4314 0.1947671820525892 0.1046714850612672 0
4315 0.2001686262253886 0.1049626889135093 0
4316 1.51531471001759 0.151968252161723 0
4317 1.345482831129784 0.2759386161779858 0
4318 1.203340678535938 0.3551902859295819 0
4319 1.210799536525672 0.3687986914047034 0
4320 1.21898119604488 0.3556127822985582 0
4321 1.226439196596356 0.3692075886710149 0
4322 1.234619291756016 0.3560353991655592 0
4323 1.24207278558584 0.3697507602754012 0
4324 1.250239073716786 0.3570293398481468 0
4325 1.257710231302223 0.3700594203325956 0
4326 1.265669765962468 0.3570628994760043 0
4327 1.273309182971675 0.3703967336187359 0
4328 1.233890450718555 0.3830878974967468 0
4329 1.281245245745127 0.3580127214824401 0
4330 1.288926267593526 0.3708229901351012 0
4331 1.297126312905166 0.3580604594336397 0
4332 1.304594075934045 0.371182439911954 0
4333 1.312775655994369 0.3581487180107582 0
4334 1.320232252326588 0.3714691436534833 0
4335 1.328934251151746 0.3594164843874075 0
4336 1.335947259117433 0.3720088054148179 0
4337 1.345269761040834 0.3596860758758412 0
4338 1.351469133099857 0.372734700087167 0
4339 1.361078102187689 0.3601111285466398 0
4340 1.367089174028281 0.3731558439257529 0
4341 1.344682097392585 0.3845821254316268 0
4342 1.376206569199943 0.3608169371182296 0
4343 1.382754387890895 0.3733646460866219 0
4344 1.391114982747551 0.3609651046145014 0
4345 1.398321874611315 0.3739974295810685 0
4346 1.405763965249664 0.3609867467744903 0
4347 1.412887762114274 0.3727719619384079 0
4348 1.560314393533456 0.2745544266741178 0
4349 0.1088940617547618 0.3504622003087946 0
4350 0.3836299413649376 0.2606336007294074 0
4351 0.1747101314780046 0.1472052008448524 0
4352 1.108926599805887 0.3778735834020766 0
4353 0.9517186825220429 0.2296449719548735 0
4354 0.2939878391742295 0.3903067284429579 0
4355 0.7286710549668159 0.1544752341518571 0
4356 0.3838046337633543 0.1576541317507647 0
4357 1.584646601424543 0.3849770067220519 0
4358 0.2615570951892717 0.01942060732879092 0
4359 0.9781300842275957 0.2310784845984636 0
4360 1.97884515176036 0.2564877342680485 0
4361 1.98860845730902 0.243690539216032 0
4362 0.341401310890207 0.2389260976954769 0
4363 1.649187035292733 0.2341280698827599 0
4364 1.927835100234102 0.1187923828932769 0
4365 0.2844764657248038 0.1541600476243113 0
4366 1.088284294889497 0.3408494128723695 0
4367 1.590923745246305 0.03435716883405529 0
4368 1.007326528554343 0.2298915321661649 0
4369 1.47929998944957 0.245242442455476 0
4370 1.449478661024435 0.1222430979144088 0
4371 0.01679222461731156 0.3231389301640313 0
4372 0.8438671690759365 0.3821683968671035 0
4373 1.400432334785288 0.3482236632308048 0
4374 2.165009470395753 0.3600757677832535 0
4375 2.158869436929477 0.3728881163799044 0
4376 1.592838709870742 0.3456967767360073 0
4377 0.1052190675839362 0.252130070353064 0
4378 0.3182578295456997 0.2386251303876444 0
4379 0.3119073804655006 0.2370071780508723 0
4380 1.662724658979001 0.3849103551426657 0
4381 0.6431806454227136 0.01841689683832973 0
4382 1.104693924357427 0.1550061188424274 0
4383 0.2030779128508537 0.394273885135578 0
4384 1.509547915951779 0.2736779417223914 0
4385 0.1467392882443758 0.06255567578852167 0
4386 1.961694322451295 0.2838190627367706 0
4387 1.953586503291085 0.297218129989553 0
4388 1.428851747078671 0.3598818627536185 0
4389 1.081933807938417 0.2328138907501523 0
4390 0.01718428699625729 0.385930029616513 0
4391 0.02009611101237163 0.3924845140847851 0
4392 0.01228773298293095 0.3920370070931825 0
4393 1.14009752264767 0.3804128003780156 0
4394 1.387495628419237 0.2383260189420599 0
4395 0.2414817992992644 0.2891364507653079 0
4396 1.874482063517639 0.347049122809059 0
4397 0.2564600592218527 0.2330280790561978 0
4398 0.2613378031583948 0.2344371702465345 0
4399 0.3431621138549094 0.09484388538935569 0
4400 0.3450563542165528 0.1029237415497951 0
4401 0.3396717783394982 0.1087200526512958 0
4402 0.3472548319550305 0.1108424138966768 0
4403 0.7548349662810171 0.1553769996919563 0
4404 1.113186593633677 0.2271949038347488 0
4405 0.4421268840903079 0.2881538521623328 0
4406 0.4476990197736399 0.2797036760196895 0
4407 0.4528765740857232 0.2884290110461611 0
4408 0.4585344862753137 0.2799688664141264 0
4409 0.3028749180062057 0.1359380544480454 0
4410 1.344109438549488 0.1618425910580132 0
4411 0.08922681976899427 0.3776320688860533 0
4412 0.0958925403104236 0.3918057914961881 0
4413 0.1042994217446995 0.3927672244766898 0
4414 0.08801555212199652 0.3913332121939131 0
4415 0.1423408170156666 0.1878237967280559 0
4416 1.145880447159275 0.2296426881662056 0
4417 1.258317996291454 0.3450041568168006 0
4418 0.2635795894892519 0.2434784929290328 0
4419 0.3840074472701813 0.2734580012082858 0
4420 0.381502127832213 0.2827405246889486 0
4421 0.3710119883080788 0.2825091342905919 0
4422 0.3750453465475654 0.2901061944441338 0
4423 0.3163562243488131 0.07187367505103309 0
4424 0.3110225498099126 0.06424212732053625 0
4425 0.3520086869154728 0.2304379283000493 0
4426 2.16729379681218 0.1083682709984161 0
4427 2.160164449068238 0.09473844915483216 0
4428 2.17593060438153 0.1220618211467146 0
4429 0.252133786259689 0.03961316249999611 0
4430 1.176868931641626 0.2312775478543864 0
4431 1.772040321312948 0.3848168882222004 0
4432 0.02240056193978313 0.06493641893781538 0
4433 0.01856458241829784 0.0559508462667169 0
4434 0.02492218157498294 0.07393754464733143 0
4435 0.02498958028133824 0.04819197513675313 0
4436 0.1740893756150479 0.06933408439347696 0
4437 1.915196685425904 0.2291289480768615 0
4438 1.20903629910684 0.2310206617706273 0
4439 0.1134214597717097 0.08443747594042098 0
4440 0.1202112092950125 0.08596032742058031 0
4441 0.3070880256779952 0.07100135766394625 0
4442 0.5495540676395326 0.1164325109833263 0
4443 1.242080049397912 0.2297741147151539 0
4444 0.3556122694731244 0.2383219893171213 0
4445 0.01730276910015172 0.1499121578024127 0
4446 0.1082389843899519 0.2202531168588969 0
4447 0.1749583254316146 0.3697500155617559 0
4448 0.3341281066280144 0.2492174946173842 0
4449 0.3371251244849804 0.2549552861724251 0
4450 1.17131467932192 0.3814041190549412 0
4451 0.8184328481045295 0.3857622615950358 0
4452 0.2425015861694318 0.3887656889499611 0
4453 1.818855617093833 0.3847922459590666 0
4454 1.136317447704333 0.1562554913360419 0
4455 0.1149322514414857 0.02057696242985715 0
4456 0.123387789559018 0.0223498051483462 0
4457 0.1071706876818522 0.01826860493394614 0
4458 1.160746387641212 0.115712835188054 0
4459 1.525672799197863 0.1403738609741254 0
4460 0.3141951729375496 0.2438035033485576 0
4461 0.3076766408358804 0.2417972255395933 0
4462 0.7812619671085419 0.157351154154138 0
4463 0.2427830376295675 0.01552623779934212 0
4464 0.4636974837966739 0.2897550878211691 0
4465 0.3626394100441492 0.1502284910103872 0
4466 0.3668408293593401 0.1431232334880063 0
4467 0.1061322734269153 0.210825038803351 0
4468 0.4238267611822605 0.03933772614915662 0
4469 0.4188099927514701 0.02878682185084971 0
4470 0.4124707156624007 0.03808491892872667 0
4471 0.4255535942680447 0.01929520448413394 0
4472 0.4076151499268943 0.02855580571146052 0
4473 0.4018851536586008 0.03804515270621056 0
4474 0.4061242968736004 0.04675001979992349 0
4475 0.3956868932758848 0.04664253663144172 0
4476 1.992626598787591 0.259558386050542 0
4477 0.2220252373600999 0.0182074967349021 0
4478 0.2164845280624812 0.0245591859068417 0
4479 0.2190864623223726 0.03259768826782161 0
4480 0.8837694203102432 0.3841113649574744 0
4481 0.5734851290918217 0.1169237872807486 0
4482 1.369784239338428 0.1207236367346711 0
4483 0.2145469724513832 0.2542137194592715 0
4484 1.534627431882186 0.1562721307269718 0
4485 0.05951355769450872 0.07242206265571396 0
4486 0.4714784909052231 0.05958332970507377 0
4487 1.880273925762528 0.3863780673219919 0
4488 0.3980854832378086 0.1791080127212769 0
4489 0.214245940484999 0.3005255296049564 0
4490 0.1712735570639279 0.1511799464584206 0
4491 1.955533294445196 0.1617884744333622 0
4492 0.3690085605849771 0.1874294648990409 0
4493 1.928859653775483 0.3859294350733669 0
4494 0.09536608990067208 0.2300200891731984 0
4495 0.2517218922492364 0.231801493461211 0
4496 0.1406550495594258 0.0594336694218785 0
4497 1.202611583139876 0.3822503431953916 0
4498 1.567167413362625 0.02146029256166188 0
4499 1.851092266027259 0.3861025011714123 0
4500 0.04547983249242393 0.1321844940870555 0
4501 0.04834159411408012 0.1401916371499939 0
4502 0.342296180721128 0.1161802120193067 0
4503 0.349888484470766 0.1185880104428973 0
4504 0.3558972332493464 0.1123269905642218 0
4505 0.3570538055919534 0.1210036565333813 0
4506 0.1950715007560535 0.0610168350038226 0
4507 0.3505429627708858 0.3911919281215714 0
4508 0.3408527526214942 0.3914139024868976 0
4509 1.518628837951145 0.2317480287208507 0
4510 0.3586642942086136 0.1433057359141868 0
4511 0.3629891405253387 0.1361138054416138 0
4512 0.3706180331677417 0.1349927871816491 0
4513 2.173646202811618 0.3732320906564422 0
4514 0.05741184351337347 0.01352702216054794 0
4515 0.3852241219624999 0.08014498003172607 0
4516 0.390147383020183 0.07181755446537497 0
4517 0.05604322469639378 0.1799410794258499 0
4518 0.8498690211012641 0.3930966882382476 0
4519 0.01948479971624684 0.1049337840686325 0
4520 0.3513000681292054 0.09779321990868931 0
4521 1.582560997043108 0.1583179242370656 0
4522 0.2130830317406134 0.0164024703093554 0
4523 0.2080556725427358 0.02317287589688086 0
4524 2.1520985374167 0.2476719429157229 0
4525 2.168174970944588 0.2502309251088801 0
4526 1.857188230081437 0.160293092704592 0
4527 0.0805437767435131 0.1212763934561974 0
4528 0.07772719178678589 0.1144578966229098 0
4529 0.07689283739150898 0.1277320966217985 0
4530 0.06160094899447643 0.1937397110558289 0
4531 0.2555169207090058 0.3938876196942654 0
4532 0.4952297387544242 0.06014411729678346 0
4533 0.1444046307957669 0.192463074955905 0
4534 0.8080058386054885 0.158220510010126 0
4535 1.9782835466524 0.3848074872025442 0
4536 1.960274853209544 0.3857105118642559 0
4537 0.4785690850188142 0.3408568087068381 0
4538 0.1403347551867289 0.3200045127095121 0
4539 0.2817355870550113 0.14854712845098 0
4540 0.3123436463533742 0.3918364013933804 0
4541 0.3219531420226067 0.3921230957738095 0
4542 0.3272402118589168 0.3838415120279264 0
4543 0.3107024946936371 0.2310725983123808 0
4544 0.3672056462229386 0.1735415142526503 0
4545 1.669747781023336 0.3455959682486648 0
4546 1.825456038417678 0.1601902024234773 0
4547 1.441343887960467 0.1642520853703512 0
4548 0.2859523834913935 0.159961347097961 0
4549 0.2819254053824307 0.163927022155661 0
4550 0.2880002060811065 0.1653948104157391 0
4551 0.366081662315312 0.1296952881154607 0
4552 0.252511367710906 0.2533901596871772 0
4553 1.614855228394038 0.1587871258476753 0
4554 0.1839599839940365 0.1077387130161246 0
4555 0.1815626539354467 0.1121841878395392 0
4556 0.01512293171292511 0.04708315918244133 0
4557 0.02109755818509274 0.03840673937347619 0
4558 0.01723121871833966 0.02884437627383094 0
4559 0.02767000401807329 0.03056856785391035 0
4560 0.02353482219313596 0.02069285229744602 0
4561 0.01687934873787755 0.3367082268297917 0
4562 1.486204423660075 0.2309922325456992 0
4563 1.470062827673842 0.2316157286493795 0
4564 0.1981148769682683 0.2548371944563548 0
4565 0.2017909706561827 0.2586689174763807 0
4566 0.1965352590006882 0.2605417794444487 0
4567 0.200002151593317 0.2635418861710938 0
4568 0.2431313011507 0.2335450217176736 0
4569 0.2397753024246568 0.2382025457466165 0
4570 0.1633114857039006 0.240128945819065 0
4571 0.1626432313583104 0.2455080456713879 0
4572 0.1586847677171644 0.2423690975095708 0
4573 0.1667455997577874 0.2486377962422804 0
4574 0.1620007039099478 0.2506689282242413 0
4575 0.1658346972982958 0.2537342715932399 0
4576 0.1607721179853315 0.2562553571415262 0
4577 0.156550919776731 0.2524826308599629 0
4578 0.1655920662726891 0.2592944326143763 0
4579 0.1703375682655844 0.2567491227948611 0
4580 0.1528290160566355 0.2270501892015701 0
4581 0.1506266617043954 0.2320019381289742 0
4582 0.1476528485514828 0.2275350947718504 0
4583 0.1455186678603912 0.2325016619953043 0
4584 0.1484910669185566 0.2367463738208002 0
4585 0.1434036501685851 0.2372682295316681 0
4586 0.142701078878452 0.2284014941795353 0
4587 0.1445363062159433 0.223587336759607 0
4588 0.1464649755923835 0.2412959386905327 0
4589 0.1512936077228857 0.240896371504293 0
4590 0.1496937536725528 0.2453634015703622 0
4591 0.1396831991977092 0.2240598609741988 0
4592 0.1412366522701641 0.2193353483503286 0
4593 0.1926190155610366 0.25373232008522 0
4594 0.1892367067861307 0.2576652286198217 0
4595 0.184256369715181 0.2568597560393909 0
4596 0.1864360715684622 0.2614933965388647 0
4597 0.1813276317241286 0.2606651506116495 0
4598 0.179280715781163 0.2563890813729092 0
4599 0.1754018742674212 0.2599900441998637 0
4600 0.1916651552645519 0.2615671376142663 0
4601 0.2300760102869147 0.1547030577298412 0
4602 0.2298003079283775 0.1494892895175045 0
4603 0.2251852984113898 0.1468844068725151 0
4604 0.2344998322507598 0.151995806849482 0
4605 0.2342741470755663 0.1469215196691373 0
4606 0.238800467891136 0.1489333101204469 0
4607 0.2390658057642542 0.1541039587374531 0
4608 0.2388404844866048 0.1438600895870811 0
4609 0.2429975379295344 0.1462931840865095 0
4610 0.2536511976414353 0.2084933310292054 0
4611 0.2575058051377671 0.2122273659070567 0
4612 0.2586057317458617 0.2074919741612963 0
4613 0.256112245846808 0.217466900795561 0
4614 0.1468792160760242 0.2114106552726255 0
4615 0.1450164998140702 0.2060081421733072 0
4616 0.1416396772947663 0.2106253955371675 0
4617 0.1415708529789189 0.2023617102301744 0
4618 0.2535869250596239 0.1916540594881838 0
4619 0.258455998964319 0.1938806074501622 0
4620 0.2590849030456177 0.198980956584666 0
4621 0.2632595934413841 0.1959554384582995 0
4622 0.263934159412182 0.2010827175510943 0
4623 0.2675556884995555 0.1979182959997769 0
4624 0.2575405717208294 0.1881220018429743 0
4625 0.2564641384402616 0.1828586501516005 0
4626 0.2613825929893803 0.1846327449918301 0
4627 0.2611639495705016 0.179883947979133 0
4628 0.2558884853829663 0.1779282503461617 0
4629 0.2630936189890978 0.1899792574356312 0
4630 0.1874329781640205 0.1466329615469202 0
4631 0.2043178641725212 0.1457407973413929 0
4632 0.2074894074709684 0.1415729539501822 0
4633 0.2126876728069521 0.1421598364583287 0
4634 0.2020792463421293 0.1412421757186635 0
4635 0.210270023790774 0.1369565305540673 0
4636 0.2155939698239541 0.1379159746318832 0
4637 0.2172771542419762 0.1424429856580306 0
4638 0.1588386820087853 0.2366479606109425 0
4639 0.2461354611928093 0.1707851656956967 0
4640 0.2303639341545439 0.2451277053642111 0
4641 0.2550881022858472 0.202896322947713 0
4642 1.321409684594389 0.1194721224048817 0
4643 0.1419452978597405 0.1603498266647244 0
4644 1.386278604654509 0.2632521316065498 0
4645 1.376280231833916 0.2752197399846044 0
4646 0.1566688258832611 0.03906546050643342 0
4647 0.1100371185634778 0.2632327627261323 0
4648 2.112571656081402 0.2599949417162257 0
4649 2.096877624313325 0.2595739281134211 0
4650 2.087274194591152 0.2731815102243222 0
4651 2.089066471090024 0.2462663853518766 0
4652 2.092263720174625 0.2889728995141055 0
4653 2.076525971752047 0.2850451606367467 0
4654 0.1136758999216929 0.232029119765177 0
4655 0.3248088844955395 0.15050471976813 0
4656 0.3192301347270123 0.1536860742902541 0
4657 1.39237924073641 0.1628625268731468 0
4658 1.608268862172263 0.2751879367090619 0
4659 1.022321660474636 0.1135836093187229 0
4660 1.726011708529405 0.3860723867883243 0
4661 1.744383525638794 0.1599655773685061 0
4662 0.2523959461103876 0.2896274634814723 0
4663 0.9119312578599794 0.3846495441048708 0
4664 0.3432891447679185 0.214395726019904 0
4665 2.169143835848698 0.05413732594986645 0
4666 2.160942833035421 0.06772062564935408 0
4667 2.176398360430952 0.06774967661533146 0
4668 0.6346367999404225 0.1184568722862263 0
4669 0.440986088848316 0.04940840686224582 0
4670 0.1042956544752291 0.199407538756384 0
4671 0.1021188407897718 0.1938443379833706 0
4672 0.09663767726220351 0.1926944947182226 0
4673 0.1010077154805836 0.1888139747752348 0
4674 0.2348991673901992 0.03580127740802852 0
4675 0.2688966932816687 0.1361845063705178 0
4676 0.2751733765356206 0.137781810868512 0
4677 1.712016008805499 0.1597158396535677 0
4678 0.1628012712661655 0.1408257450131085 0
4679 1.831855941915255 0.1185389433996215 0
4680 0.1411592030216088 0.2427461474527603 0
4681 0.2655733589413787 0.1814539493039113 0
4682 0.2277507704042075 0.01038691639625003 0
4683 0.2426497625261639 0.1662438739597928 0
4684 0.6475666084213778 0.1181339674717655 0
4685 1.499090837949339 0.3458703747171723 0
4686 0.09554220484308407 0.0837205569977269 0
4687 1.695278153422662 0.3862725251085348 0
4688 0.3516563702843241 0.1279077424650599 0
4689 0.2195860116076256 0.3952002877760442 0
4690 0.8350952305775607 0.1590607349135112 0
4691 0.4602812570667982 0.06019862811273757 0
4692 0.403869232312645 0.2474622926520951 0
4693 1.311757191898307 0.1613319868892217 0
4694 1.701156721330195 0.3458565098466052 0
4695 1.289165747606185 0.119004466291494 0
4696 1.217002361572895 0.1581441172566567 0
4697 0.234907123159792 0.1580698558421414 0
4698 0.149649355170636 0.2220364239816221 0
4699 0.2943078777659419 0.1665335470145388 0
4700 0.290195549684219 0.1712132948502467 0
4701 0.2921728098599647 0.1769288262702135 0
4702 0.2865038652542247 0.1758032040480229 0
4703 0.2887629635168715 0.1801544195590226 0
4704 1.282194832969227 0.1589922290990637 0
4705 0.2351161403457358 0.2469843559041848 0
4706 0.2391503416682904 0.2442613266771737 0
4707 0.04639415696169658 0.08580617733162066 0
4708 0.05485429917254381 0.08800819113351095 0
4709 0.2619932866796119 0.1292711704614735 0
4710 0.2598155710375309 0.123088539947919 0
4711 1.052222234799374 0.1142508038947999 0
4712 1.249315703671459 0.1587067102146383 0
4713 0.4363957635511275 0.2977013186128193 0
4714 0.2488920735946987 0.2239557788184593 0
4715 1.53821231273516 0.171374644693799 0
4716 0.01657011379076589 0.2861995764201049 0
4717 0.02162495976375123 0.2792084541840656 0
4718 0.01320865869482968 0.2784412548227135 0
4719 0.01807711313241578 0.2718064455086427 0
4720 0.008804499147573086 0.2701777999919865 0
4721 0.0267324889886249 0.2725850472423591 0
4722 0.1459508520864449 0.3334339424245664 0
4723 0.1490621700919051 0.3276964917892016 0
4724 0.1729726463407228 0.1025702252908549 0
4725 0.174542562985794 0.1086271059948956 0
4726 0.1572316731603526 0.1103866508125166 0
4727 0.1570988524508267 0.3687064616388831 0
4728 0.08623302680689382 0.301140430598352 0
4729 0.0829800926340627 0.2937160313611549 0
4730 0.0752577370268841 0.2926732452793394 0
4731 0.08082677252031756 0.2854712963558029 0
4732 0.08815231874068141 0.2881849743476661 0
4733 0.07243836216101185 0.2854835308833924 0
4734 0.07666882461474156 0.2784116310620899 0
4735 0.1557092604656272 0.1046038430717481 0
4736 0.3638304401756027 0.238318869188093 0
4737 2.072961173931504 0.2187986302811566 0
4738 0.272091943273313 0.290413955624172 0
4739 1.688854834789551 0.2772549932514963 0
4740 1.282071315647891 0.3836964148792474 0
4741 1.617243036343067 0.3863503834214852 0
4742 0.2248545733121798 0.2540470233768714 0
4743 0.1524533480231616 0.1729695882908964 0
4744 0.3407475112751981 0.0864709162003037 0
4745 0.1716567501200725 0.2472324345500234 0
4746 0.01180061795136389 0.2162662785382231 0
4747 1.473682478162998 0.1650200186286419 0
4748 0.3386307681613281 0.2667805909454805 0
4749 0.4178273806997019 0.2247865865399019 0
4750 0.09134312645050624 0.3987375642729155 0
4751 0.2156007508663892 0.1470723639574175 0
4752 0.2208754206876977 0.1497433782389438 0
4753 1.751657801946075 0.11752539049703 0
4754 0.3832622755174915 0.2902579099044313 0
4755 0.1817915485391354 0.2517953874451767 0
4756 0.2512352961776837 0.1807573383409505 0
4757 0.3021546803739035 0.07784337919128656 0
4758 0.2907483136169329 0.1545119326106908 0
4759 0.03718733496512794 0.2952089198224281 0
4760 1.721070404715012 0.2780494157727557 0
4761 1.256992008682401 0.1182160115334975 0
4762 0.316618729046978 0.4008469192566295 0
4763 0.8873496754651959 0.2163557215319824 0
4764 0.03720146780304656 0.08423672693339186 0
4765 0.4176669250746478 0.2429790275794184 0
4766 0.01709138925868636 0.1202440330661405 0
4767 0.4976423124551127 0.2738701783299011 0
4768 0.8625989761251298 0.1597326422816771 0
4769 1.082799027843073 0.1149856322052661 0
4770 0.03375205329013409 0.02191764142148445 0
4771 0.1620037812332996 0.1549358234977481 0
4772 0.160182357325216 0.1500975967989649 0
4773 0.4243015310414282 0.2957178129862995 0
4774 1.719590558931579 0.1170961875278652 0
4775 0.1213326046732603 0.3952362719527401 0
4776 0.1297274005599599 0.3958823918526431 0
4777 0.1313245618307117 0.2089116163006643 0
4778 0.2748890853808459 0.2966155492647468 0
4779 0.1210029857535397 0.2484180210374116 0
4780 0.2090694357844324 0.008059946561703057 0
4781 0.06959532433100968 0.1133855168515466 0
4782 0.2573701675210456 0.301529046559634 0
4783 0.1127657654812694 0.3942535765565684 0
4784 0.5963980150548972 0.3350582795121233 0
4785 0.4224758102679912 0.2522204267783807 0
4786 1.753262380041197 0.2787985985322543 0
4787 0.1937626200768422 0.1330761358335507 0
4788 0.2495018887985692 0.2833729635207037 0
4789 0.2684230239721391 0.1139786206353998 0
4790 0.1501471682808762 0.2930413398973342 0
4791 0.1560607597736914 0.2936855045289495 0
4792 0.3726677981915898 0.1801503650602803 0
4793 0.02679040779226027 0.3586541304564603 0
4794 0.02211998885134681 0.365178575217736 0
4795 0.01331860318081435 0.3638443460511353 0
4796 0.01738727166728005 0.3716581834467441 0
4797 0.009451384512097372 0.3710146265097319 0
4798 1.536760496686071 0.3847717968524573 0
4799 0.2070337441361227 0.09893008288124262 0
4800 0.2089180440628032 0.1046194311559765 0
4801 0.2144143919791319 0.1061360638350192 0
4802 0.2104446332352261 0.1099691413712302 0
4803 0.2158887070118547 0.1113211669096847 0
4804 0.2212550735505207 0.1083552128177987 0
4805 0.2204071815681266 0.1132852228941107 0
4806 0.6542419370826535 0.1075799241532236 0
4807 0.259752134078709 0.1715426659049409 0
4808 0.05813648780830483 0.3764053326570378 0
4809 0.02900392688351205 0.1818514300834869 0
4810 0.02128078876617345 0.1800924731261064 0
4811 0.01829127851940737 0.1722739185768335 0
4812 0.01522617668734139 0.1855290949198905 0
4813 0.01658892837576431 0.1947964103378504 0
4814 0.3459858129132614 0.07888689023389114 0
4815 0.1576384924957086 0.01686286379653393 0
4816 0.1659812908726961 0.01918078492375033 0
4817 0.1682337437165344 0.02734479827742664 0
4818 0.173928866247818 0.0215670237707222 0
4819 0.1643271826904957 0.009568800108144537 0
4820 0.05343194886357527 0.3829246867059098 0
4821 0.05673912025578165 0.3903403350856269 0
4822 0.04867434202368504 0.3893529463724371 0
4823 0.05313306054733324 0.3968845722596815 0
4824 0.06126236277610619 0.3972036532863064 0
4825 0.04050868092387394 0.3882836515764131 0
4826 0.03575925804022662 0.3937590539599392 0
4827 0.2503015206595175 0.06688267027576197 0
4828 0.252633359532476 0.07394189394518816 0
4829 0.2597932434791501 0.07554419184517205 0
4830 0.2549139494732275 0.08075608117488393 0
4831 0.261891143398349 0.08235221956710237 0
4832 0.2477274262967719 0.07926615916265012 0
4833 0.2671151632052958 0.07721214628794323 0
4834 0.2696634743675266 0.08531023845049873 0
4835 0.2627721549144106 0.08927401638354859 0
4836 0.2495093267662651 0.08584405032354665 0
4837 0.2451696661905914 0.07231529956435245 0
4838 0.2382580316815552 0.07107975420127507 0
4839 0.2406411734297229 0.07778007311057525 0
4840 0.2338166946965166 0.07657042108399745 0
4841 0.2311729704244851 0.07007637441514566 0
4842 0.2271566705034964 0.07562870987030712 0
4843 0.2240867953283496 0.06921366673393561 0
4844 0.2205290091100032 0.0747710698153847 0
4845 0.2170224557123315 0.06822136110647672 0
4846 0.2135597886330426 0.07422998577872164 0
4847 0.2131441970116691 0.06214445156713932 0
4848 0.2283390180804525 0.06262902330858022 0
4849 0.2725297921096144 0.07190829147332559 0
4850 0.2352993620619691 0.3478811201245445 0
4851 0.2327142135401099 0.3404136718164535 0
4852 0.2243699432425577 0.3400805941648142 0
4853 0.2282318287449939 0.3338858697544112 0
4854 0.2213130598623801 0.3334623400388704 0
4855 0.2173435478366348 0.3393027168620115 0
4856 0.2148647677532968 0.3325892171916501 0
4857 0.09533698784674205 0.1227894752642376 0
4858 0.1109804391103076 0.280534310610462 0
4859 0.115797810149411 0.2379045848810782 0
4860 0.1217596735072077 0.2388255878150924 0
4861 0.1104497595093576 0.2265241405537824 0
4862 0.06072502551532599 0.2762370868602007 0
4863 0.06524491189156212 0.2696308131219074 0
4864 0.06220514240385766 0.262507076430976 0
4865 0.06979324481807336 0.2636127960084996 0
4866 0.06694745401742996 0.2566331727970182 0
4867 0.0727385156219702 0.2704883182229703 0
4868 0.0774159874198479 0.2647385116896429 0
4869 0.08031594891649774 0.2713661757539857 0
4870 0.0592611973269519 0.2554258547461145 0
4871 0.0644794405864586 0.2498924442107572 0
4872 0.0715575939566031 0.2507006345276 0
4873 0.0693680114521289 0.2445783162073129 0
4874 0.06865083920688098 0.2773649456349914 0
4875 0.3648097238711639 0.1102664500113232 0
4876 0.1274470600500346 0.1693971778772017 0
4877 0.1337487683995966 0.2283046294605133 0
4878 0.3348398247513443 0.1593890736158358 0
4879 0.3298188502827115 0.1646161594715101 0
4880 0.3317766388654511 0.1715659658111498 0
4881 0.3249801624253101 0.1697453874990651 0
4882 0.3268488760606009 0.1765480744422572 0
4883 0.3229281308103299 0.1630275947297477 0
4884 0.3337413727093049 0.1786921952607645 0
4885 0.3279300061714471 0.1846684889080473 0
4886 0.3213093972301713 0.1805217825464287 0
4887 0.3180945207047594 0.1674058427666525 0
4888 0.3408724976134898 0.1809191017452152 0
4889 0.3279336532524945 0.1578624345178234 0
4890 0.05584257996582043 0.06310358119338957 0
4891 0.1338403308966132 0.1602033892230249 0
4892 1.996626225223173 0.02610016776688551 0
4893 0.3152615687150203 0.2261725528764641 0
4894 0.3128457445743535 0.2193881172076569 0
4895 0.3179648888000868 0.2141935564084742 0
4896 0.1413253366889207 0.1516035799298856 0
4897 0.1757766892140427 0.2675787596955074 0
4898 0.1167102819493349 0.2931608627122998 0
4899 0.1237553384792263 0.2932983632189153 0
4900 0.1808049929569776 0.3432348302529168 0
4901 0.1776452028140496 0.3365348632278249 0
4902 0.1703857744079559 0.3358964537216678 0
4903 0.1746161616462902 0.3300017711129948 0
4904 0.1674803461717701 0.3293064351398124 0
4905 0.1816821456960767 0.3306347592862025 0
4906 0.1631533287597771 0.3352116392636739 0
4907 0.1606485426966235 0.3288147326527637 0
4908 0.1645545103197493 0.3237752971963229 0
4909 0.1791430597427277 0.3238902447003252 0
4910 0.1857190484986574 0.3247162707540072 0
4911 0.1886455877618599 0.3310922557405886 0
4912 0.1926758014517782 0.3250152745711281 0
4913 0.1955415871433634 0.331523453975849 0
4914 0.1993922420640273 0.325533891584196 0
4915 0.2022687744241541 0.3319667603261676 0
4916 0.1986086122869553 0.3378197330698418 0
4917 0.2053617920725398 0.3383293827279926 0
4918 0.1564437036641806 0.3350017016504817 0
4919 0.1577738182854811 0.3218109616391918 0
4920 0.165921059455076 0.1507542967104561 0
4921 0.0955356797749547 0.1859033047142423 0
4922 0.3899550325273243 0.208304217323864 0
4923 0.20604872699265 0.326056002804791 0
4924 0.1253180410128969 0.0807258695852294 0
4925 0.1329968388484625 0.0823438088706268 0
4926 0.171814946660195 0.3232749091732261 0
4927 0.1300853113896141 0.2181507193620531 0
4928 0.1358144776978366 0.219720067154357 0
4929 0.1387838013355904 0.2146827223682194 0
4930 0.1334373991553792 0.2140496440583148 0
4931 0.1696667411125488 0.299216718523986 0
4932 0.1733676013815699 0.2942538592825942 0
4933 0.1794649055957511 0.2948523890977441 0
4934 0.1765858219035181 0.2896853868364808 0
4935 0.1822679353586206 0.2902238862483178 0
4936 0.1708037891422469 0.2893176916831341 0
4937 0.1856924761518076 0.2955158828520179 0
4938 0.1879344256661456 0.2909669210360398 0
4939 0.3179767108847161 0.07877667739608948 0
4940 0.9535554148986494 0.3857613729508931 0
4941 0.1020163717878407 0.1054622635118698 0
4942 0.2435509020162753 0.1077327091562985 0
4943 0.2392528166638188 0.112139146755454 0
4944 0.2332948418161077 0.1106767934792489 0
4945 0.235202255415851 0.1160268767352212 0
4946 0.2300487334367748 0.1144740060678385 0
4947 0.2413712446037322 0.1173909258004142 0
4948 0.2277703695706811 0.1091092348837993 0
4949 0.5924071481607408 0.06190808449627982 0
4950 0.1862177492403205 0.2692029714536439 0
4951 0.2953234817051583 0.2118796809645991 0
4952 0.2907448599594907 0.2157397222095457 0
4953 0.2922317984767184 0.2217263893972684 0
4954 0.2865532340314583 0.2189870748268112 0
4955 0.2870754764314696 0.2252590547162243 0
4956 0.2807883299966319 0.2249267579619355 0
4957 0.2781513798395261 0.229294746305038 0
4958 0.2762758386177012 0.2240264325676675 0
4959 0.1198951054663667 0.1778543257009663 0
4960 0.125482423125116 0.1794266410814288 0
4961 0.1218620028754618 0.1834674915277795 0
4962 1.313278429876084 0.384205048391307 0
4963 0.420176225981876 0.1257748531291644 0
4964 0.4101272624668484 0.1256377449407945 0
4965 1.417519154439444 0.1225002675972524 0
4966 0.157335233679562 0.2605111534502126 0
4967 0.3593192339560103 0.1577408992185908 0
4968 0.3153532770828039 0.2793730972302664 0
4969 0.3119189422582755 0.2726983866890708 0
4970 0.3044914629198202 0.2719181703833451 0
4971 0.8510515564055831 0.3469689626977618 0
4972 0.8377559419882391 0.3462488676273092 0
4973 0.2027602045495942 0.1304602054681898 0
4974 0.1988635839972445 0.1340145191431303 0
4975 0.09959651307488793 0.06925446968271035 0
4976 0.1025168233517516 0.07787856737248122 0
4977 0.06809242861196796 0.04905413730395014 0
4978 0.07124744147773976 0.05713888284884322 0
4979 0.2800890942448784 0.3437592925521011 0
4980 0.2769884877102646 0.3366391231007323 0
4981 0.2848768621654386 0.3369443640247237 0
4982 0.2818372181699973 0.3299070329057199 0
4983 0.2865172526412251 0.3230737492902757 0
4984 0.2014980978581176 0.3025069299329559 0
4985 0.2050153258447687 0.2973814877768641 0
4986 0.1987166940285102 0.2969673748098299 0
4987 0.1951073343477614 0.3018285094711523 0
4988 0.1921636421304918 0.2956564483729406 0
4989 0.1966773266604309 0.2921437426983053 0
4990 0.1467831090717331 0.2585583381123524 0
4991 0.1510144683896525 0.2543242062865032 0
4992 0.1447966931535265 0.2535662074378675 0
4993 0.2041819779966918 0.1362763881569131 0
4994 0.1651806168739424 0.2650392734161177 0
4995 0.2511604763891244 0.3492783730468312 0
4996 0.2404919733345555 0.3058949411290227 0
4997 0.2334931978994349 0.3044083070395209 0
4998 0.1506047612622603 0.1679182221551833 0
4999 0.2751771012443256 0.2387542635255928 0
5000 0.2704949016775777 0.2371193300850704 0
5001 0.2743928699653874 0.2333269312295845 0
5002 0.2802499706545249 0.2683669244967 0
5003 0.2739521894120477 0.2681952135226067 0
5004 0.271023210455799 0.2733908412425116 0
5005 0.2837452180684101 0.262994343167545 0
5006 0.2808246071135758 0.2579502193271802 0
5007 0.1279901428735574 0.3252174038266814 0
5008 0.1204307721982985 0.3245024385527266 0
5009 0.1248291315260029 0.3180920617319597 0
5010 0.1159398711626956 0.3306485684685628 0
5011 0.1122927535600619 0.3241680865802094 0
5012 0.2558623302678071 0.1107322974806449 0
5013 0.2516032480967729 0.1152499205063263 0
5014 0.2577237514140686 0.1168002719737414 0
5015 0.25349147261524 0.1212396564773952 0
5016 0.2555736924298694 0.1274512132685709 0
5017 0.2472047877571478 0.1199170112099712 0
5018 0.2497510432756249 0.126307911107333 0
5019 0.2456397727919135 0.1139973895579958 0
5020 0.2640707688073252 0.1185327346453826 0
5021 0.1604212417636489 0.06669606931968056 0
5022 2.167205065469735 0.1365286415925433 0
5023 2.136341417009823 0.2487799033554723 0
5024 0.1173093318692868 0.1321684283606629 0
5025 0.1234656486164687 0.1332530318953216 0
5026 0.1274830934275737 0.1285918407810321 0
5027 0.1195272037682764 0.1379879348072904 0
5028 0.1294817883521677 0.1343279315694659 0
5029 0.1334079725535313 0.1298202302817394 0
5030 0.1314967562431083 0.1239844886985157 0
5031 0.1373198810385647 0.1256201520160219 0
5032 0.1355694199415201 0.1197291737577291 0
5033 0.1353082951641476 0.1355820768868646 0
5034 0.1256139060977128 0.1389243814456067 0
5035 0.122436232086 0.1434829603939528 0
5036 0.1161166095848188 0.1436258825342252 0
5037 0.2928790804344548 0.2914810151905015 0
5038 0.1827180897965859 0.05240263553264415 0
5039 0.1774515282991727 0.05795047660028027 0
5040 0.1672953035065201 0.293764475152682 0
5041 0.1709987778500233 0.09655148864310749 0
5042 0.2250150299743874 0.3274605262529277 0
5043 0.261452690527483 0.04150057771312976 0
5044 0.2548089217509458 0.295545488632687 0
5045 0.1843853353627432 0.3707389579010648 0
5046 0.05828296316552994 0.2006461887968054 0
5047 0.05343028968224695 0.2060961151471729 0
5048 0.1943909049677193 0.0959008442381763 0
5049 0.1879752308062279 0.09458417583588841 0
5050 0.1900404163523703 0.1007546111557941 0
5051 0.4570805397347057 0.2994299601083933 0
5052 0.3646298308431372 0.009507424169228562 0
5053 0.3594776573966436 0.01929645647634939 0
5054 0.3494141772648509 0.01980569107072438 0
5055 0.3422875318303177 0.01092958240453137 0
5056 0.3480278846380382 0.224804037392647 0
5057 0.1045596424879152 0.1469782691302788 0
5058 0.1109782119288265 0.1480694071473011 0
5059 0.106732211400524 0.1528507295865107 0
5060 0.1127382396861685 0.1540334585924203 0
5061 0.1167773608644169 0.1491080572767376 0
5062 0.2286940835681945 0.1363877895180415 0
5063 0.2302677729307772 0.1403032460848173 0
5064 0.2255244718178137 0.1411207302317065 0
5065 0.3026615950420077 0.196833400546386 0
5066 0.3011184339982294 0.1906260588912591 0
5067 0.2951283960217943 0.1894282539155075 0
5068 0.250240480333383 0.2621128336976269 0
5069 0.2799230284262653 0.133734842471597 0
5070 0.4833392165640411 0.3506326834038973 0
5071 0.4674869702186467 0.3408231720948832 0
5072 0.07725636679188508 0.0503421974175729 0
5073 0.2540633392908824 0.2785169032141467 0
5074 0.4103188512310822 0.1074622585647588 0
5075 0.4052319603762468 0.0986203763739905 0
5076 0.4001668536920698 0.1073029678318098 0
5077 1.506282391696754 0.1651681202300225 0
5078 2.150586616171961 0.3046736277111327 0
5079 2.165572376818882 0.3046682186822465 0
5080 2.174403098313728 0.2896612757169693 0
5081 2.168143600019201 0.08107647887283155 0
5082 2.184624609766936 0.08191379647274974 0
5083 1.113986501041021 0.1161951422570542 0
5084 0.0537414393790876 0.1325895861836888 0
5085 0.0849598766529811 0.3148052433990658 0
5086 0.1536019187209837 0.1441976937282666 0
5087 2.176590282536521 0.04026903659682515 0
5088 0.108754368467106 0.1068935750512128 0
5089 0.04867356949720136 0.09454293220606824 0
5090 1.225450611320349 0.1183876305483971 0
5091 0.3121836885721467 0.1264602401467305 0
5092 0.3100710036116856 0.119500973178467 0
5093 0.3148866990865387 0.1141806396396316 0
5094 0.3079385396290744 0.1126300923543995 0
5095 0.3031347116681555 0.1176280338256645 0
5096 0.3009998706210595 0.111034656648108 0
5097 0.2967327942645404 0.1157404597055646 0
5098 0.2949906192071226 0.1095682168515525 0
5099 0.2989094586262977 0.1041817888995623 0
5100 0.3055651264886657 0.12444054732642 0
5101 0.3124586815514199 0.1072405543914294 0
5102 0.422945140861115 0.2166471920504733 0
5103 0.4279506071507589 0.2083962523353898 0
5104 0.6220339160104098 0.1169147946054549 0
5105 0.61594041107443 0.1059863818729005 0
5106 0.3348752230921368 0.3232606427979614 0
5107 0.3108233493988276 0.1450603179892294 0
5108 0.1373324616041696 0.2958176521182987 0
5109 2.142598899167703 0.3183862565080577 0
5110 0.5002380685812002 0.3413097309033434 0
5111 0.03992610549511544 0.116022714929666 0
5112 0.3926497314554138 0.2692376359565368 0
5113 0.2671223794847893 0.2680833198336343 0
5114 0.04275831119826146 0.1239309115193994 0
5115 0.1509237117046185 0.04491971737175796 0
5116 0.1539000264756829 0.05375557344957649 0
5117 0.3681904895318531 0.2308798232977463 0
5118 0.6559523240177978 0.01919760135695978 0
5119 0.2368291711211082 0.2679580063487164 0
5120 0.327241937412058 0.3635146193605002 0
5121 0.3232907987733693 0.3550262910640051 0
5122 0.3184152245398362 0.362422328879016 0
5123 0.3146969557911699 0.3541815470622746 0
5124 0.3199947115236885 0.3470311849337021 0
5125 0.3217308576556177 0.3706671129574895 0
5126 0.1414501431275516 0.1971304084173568 0
5127 0.03623593395183633 0.3455740425255939 0
5128 0.4302278788886168 0.1440657678472286 0
5129 0.4351584891463627 0.153281934219439 0
5130 0.4451007812079018 0.1535843175188604 0
5131 0.4198299486280286 0.1431965212437656 0
5132 0.4405606604532873 0.1646852520225714 0
5133 0.4295375811217624 0.1614036254760053 0
5134 0.4341899487776765 0.1713211286215189 0
5135 0.4149132961132843 0.1345074547976421 0
5136 0.09214838835874462 0.1794578091647718 0
5137 2.015896055718807 0.3451635168991465 0
5138 2.023705282627541 0.3588015334578833 0
5139 2.039438814053798 0.3588695977645967 0
5140 2.03153660310446 0.3719654822640239 0
5141 2.015848710474071 0.3718831867051325 0
5142 2.047439425439855 0.371963256268844 0
5143 2.038376971738465 0.3862546088207909 0
5144 0.05976705148633332 0.1642902673492927 0
5145 0.1623636172776359 0.03317362107327063 0
5146 0.2859223949220113 0.04683593881869438 0
5147 0.1256485627571418 0.1938019309242318 0
5148 2.136895523849199 0.1362346802140179 0
5149 2.159492410307251 0.2042721169097467 0
5150 0.1970122483395225 0.2703183686283933 0
5151 0.2022012849786406 0.2709709353509915 0
5152 0.1592167717699804 0.1642844162720504 0
5153 0.1257174801157779 0.2597713684194577 0
5154 0.2693807633090758 0.2088847116566086 0
5155 0.2639485971775086 0.2068382140371355 0
5156 0.3501604123613202 0.03779823744767738 0
5157 0.3391509344521262 0.03793015064132968 0
5158 0.009148909403010608 0.1714689828164784 0
5159 0.138661599834027 0.1076826773910365 0
5160 0.2357354857398247 0.06400969127225634 0
5161 0.2733906767975445 0.2789488718206247 0
5162 0.2780727719207877 0.3228611899437281 0
5163 0.4512481365260272 0.1623007743443608 0
5164 0.4595312109290359 0.1710610467085051 0
5165 0.4610356439433236 0.1589717946966584 0
5166 0.4703364516409247 0.1657196262255309 0
5167 0.4705884987859161 0.1547146576885551 0
5168 0.4808851886163148 0.1608392025368117 0
5169 0.4891793247740233 0.1661972204371753 0
5170 0.481072373536093 0.1504315157423379 0
5171 0.007998683565320297 0.152721676872457 0
5172 0.8447294436457538 0.3346670457748504 0
5173 0.8647863394550315 0.347072525730696 0
5174 0.008010940125653176 0.1335386672319333 0
5175 0.01591928568148249 0.1294113840649562 0
5176 0.008334237321048876 0.1152431566059775 0
5177 0.08894857874411244 0.2021567584582808 0
5178 0.1449312139538405 0.00777358567685113 0
5179 0.07789512655639252 0.008693445747803258 0
5180 0.07296780599317065 0.01730953162303259 0
5181 0.08921349272143742 0.01037926877933881 0
5182 0.08263435614097592 0.08793633434365643 0
5183 2.168896900603498 0.02697067409083576 0
5184 2.18568175163818 0.02514858248409343 0
5185 0.1146670585097445 0.2749862305942061 0
5186 0.2009952908204391 0.372164921219126 0
5187 0.2644958130671435 0.007718910706194709 0
5188 0.1266136258731902 0.00779775742903796 0
5189 0.1304630952022044 0.01631048245142111 0
5190 0.2834049627659385 0.007867974327915833 0
5191 0.2878026282980328 0.01682071325519566 0
5192 0.2982650272869062 0.01637060287903958 0
5193 0.3040682376872548 0.02319308170275247 0
5194 0.01211237399444554 0.01981638947026554 0
5195 0.02604510225237999 0.0104747669338523 0
5196 0.0118681681095083 0.2933051041915444 0
5197 0.2509395417287481 0.2189440547172918 0
5198 0.4602395906482775 0.3487923958868808 0
5199 0.4521276584169045 0.3402386237458151 0
5200 0.4440301502178481 0.342608408378545 0
5201 0.4450564391100176 0.3333962914066573 0
5202 2.071441226702762 0.3589849652545861 0
5203 2.063862294077654 0.3726815279920389 0
5204 0.1592675072610243 0.1449345728300771 0
5205 0.1074922859067268 0.008417678347580088 0
5206 2.072740297668264 0.3848279610843039 0
5207 0.2286002851469138 0.2753474746047617 0
5208 0.2246108787218429 0.2790019116684913 0
5209 0.227139981027408 0.2690233553810028 0
5210 0.2315225737992661 0.2663760546955027 0
5211 0.330298070878205 0.144420565034425 0
5212 1.599247416623426 0.0468519641119545 0
5213 1.607342625491136 0.03429249043364543 0
5214 1.457849520499029 0.3853689928243192 0
5215 0.1067047661797607 0.4014354405985181 0
5216 0.3224131313050839 0.008618531679699171 0
5217 0.31592528459816 0.01599808480345935 0
5218 0.3319652843974743 0.1062181569975532 0
5219 0.1133262495085281 0.1371378737114445 0
5220 0.1139678581837167 0.379639865447106 0
5221 0.2189704118239922 0.1018578575196348 0
5222 0.4435318917181961 0.09080662092633165 0
5223 0.3805314976757994 0.07119983431968269 0
5224 0.3852373938874928 0.06322554488245827 0
5225 0.3702691039646967 0.07096064747076589 0
5226 0.213468336812923 0.1328549586397288 0
5227 0.2642945937787501 0.1541807640660571 0
5228 0.2589244426928432 0.1530538453442523 0
5229 0.3288728185489889 0.3474780396777883 0
5230 0.182236712947591 0.300545308747269 0
5231 1.969942285421833 0.2983552228585287 0
5232 0.2313970332782616 0.104690759948435 0
5233 0.3028379366598624 0.008110816106573243 0
5234 0.1359746475498832 0.06981717217253797 0
5235 0.3643212934998583 0.2091024935999156 0
5236 0.3595563109751332 0.2013160183997603 0
5237 0.225429176237488 0.2846552433795834 0
5238 0.223368069347889 0.2735028909534479 0
5239 0.4744237701409977 0.2924211342804428 0
5240 0.08983044514826677 0.3432436046510763 0
5241 0.8903404919654179 0.1604673063047381 0
5242 0.1086807493082717 0.1588236385989593 0
5243 0.1024018957988848 0.1580107920089562 0
5244 0.2569774469805819 0.148005254580834 0
5245 0.0987273970517959 0.3634734360575912 0
5246 0.09531350483065215 0.3564654293511224 0
5247 0.007898455777937574 0.2082990956101665 0
5248 2.137887119879458 0.026957841451933 0
5249 2.122305037468479 0.02679452131387297 0
5250 0.1421422996262307 0.3396983443814292 0
5251 0.1824148800985195 0.007693901288901017 0
5252 0.1912207614845665 0.007776789331778861 0
5253 0.1956385396514652 0.0154768172375008 0
5254 0.1870799464642032 0.01531151802835895 0
5255 0.1916298296609056 0.02262928311641713 0
5256 2.142917454184476 0.3723337400332706 0
5257 0.1829078263707735 0.02365648991438665 0
5258 0.3246031179568958 0.21601220731767 0
5259 0.3229847029404026 0.209021376863099 0
5260 0.2200286718955113 0.3462715985833192 0
5261 0.3450429020216734 0.3090907995195827 0
5262 0.3360312022020056 0.308333781241508 0
5263 0.1469367865674255 0.3209513619861858 0
5264 0.09014795012457943 0.2189594866334398 0
5265 0.1079749218160572 0.07076461699838268 0
5266 2.055508182483134 0.3588622015167093 0
5267 2.007933264899029 0.3314458278160869 0
5268 2.007872782746078 0.3587383597906624 0
5269 1.999903661178023 0.3718002621798647 0
5270 2.007237423934208 0.3859838332200608 0
5271 0.4483624785640742 0.2620161180689318 0
5272 0.008410406000976645 0.0958014336650629 0
5273 0.01686137447524572 0.09096497560908032 0
5274 0.01817189988106493 0.0815836755087478 0
5275 0.008524822303137336 0.07646200477675866 0
5276 0.05424950450380117 0.2612956585304415 0
5277 0.4715509395799653 0.01857492995865434 0
5278 0.03488000486710119 0.3595018518408682 0
5279 0.4538548512633807 0.04974805425163584 0
5280 0.866031284941793 0.2994533100345758 0
5281 0.1695276201800328 0.1328319965077416 0
5282 0.460132785795636 0.1035185926354397 0
5283 0.01429682986211378 0.3141311515114549 0
5284 0.01041922631687897 0.3272373930480081 0
5285 1.24783593749021 0.2724946831047184 0
5286 0.4322320566543406 0.009596166838993142 0
5287 0.5431513020800784 0.06116418728409609 0
5288 0.530850350989917 0.06057371973240977 0
5289 0.5251594441054632 0.07176401750665218 0
5290 0.49572779250017 0.1023089426778986 0
5291 0.4840195507844464 0.1016282673195345 0
5292 0.4785427319618846 0.1118781953464332 0
5293 0.5799557852893623 0.06164870959437191 0
5294 0.5675147491085828 0.0612900083152729 0
5295 0.561517892797364 0.07233387459360754 0
5296 0.2849433903467168 0.1930389930345644 0
5297 0.2890669192704997 0.1888258918799347 0
5298 0.4694552433895764 0.2805706348696769 0
5299 0.531471286529658 0.1030673845443848 0
5300 0.5193712518217002 0.1023094592164583 0
5301 0.5131765231852679 0.1128615918342578 0
5302 1.595435289355248 0.330088359011235 0
5303 0.02549018358630795 0.3724638121755587 0
5304 0.1733415696186555 0.2522775350033296 0
5305 0.7128843784015074 0.09729113713781315 0
5306 0.718862045727316 0.1088887265004842 0
5307 0.7320790733225742 0.1091113945235094 0
5308 0.6997905297864226 0.09695750313166857 0
5309 0.6928143502007376 0.1082647046118431 0
5310 0.6800756245782971 0.10766284123946 0
5311 0.6855255850111498 0.1198545656365899 0
5312 0.6671468876147115 0.1081419088299039 0
5313 0.7057946249782703 0.10854311914928 0
5314 0.7525984077974085 0.09831389511621896 0
5315 0.7590514499606928 0.1099776319327339 0
5316 0.7723730310802975 0.1102613509558332 0
5317 0.7930263223132583 0.09913380640800752 0
5318 0.7984915419981755 0.1110545624049153 0
5319 0.8117294708718281 0.1114466862821998 0
5320 0.6235167273351963 0.07327015546216833 0
5321 0.4835444535597558 0.05997719756561412 0
5322 0.8342666358395129 0.1001027810609029 0
5323 0.839655222996774 0.1121187255719758 0
5324 0.8530842646187424 0.1125163579642044 0
5325 0.8763124980531833 0.1010366040739646 0
5326 0.8816303563517903 0.1131841996643693 0
5327 0.8974329667599934 0.1144966263855697 0
5328 0.5067335828135276 0.06007211238876145 0
5329 0.9191808548460838 0.1019834608580247 0
5330 0.9240176101260924 0.1139995063196396 0
5331 0.9405842261434143 0.1154974565669878 0
5332 1.991879869790006 0.3586210113430989 0
5333 0.0940345019402673 0.3706222726949144 0
5334 1.22027764288302 0.3332597448734945 0
5335 2.097887898778523 0.06725457507472199 0
5336 2.090340362014611 0.05344239261604547 0
5337 2.098555630704467 0.04001664063486243 0
5338 2.082917673922027 0.03979750045988922 0
5339 2.074574820372376 0.05319783614039231 0
5340 2.067431916194448 0.03957517401938235 0
5341 2.051889977731786 0.0391716145349969 0
5342 2.043149620530738 0.05268297053601467 0
5343 2.035768915228549 0.0386393328655622 0
5344 2.019777470097921 0.03861874972443283 0
5345 0.9629172212938005 0.102949656278715 0
5346 0.9700400946035914 0.1165663630799366 0
5347 0.09803118816843126 0.1632878798825003 0
5348 1.504327219297679 0.07277352003093776 0
5349 1.496636404478048 0.05898940973483915 0
5350 1.480914318638033 0.05872044594374295 0
5351 1.489052442410607 0.04526656240829993 0
5352 1.473380962227736 0.04496139141785452 0
5353 1.504701295255702 0.04553350714018195 0
5354 1.497136051701804 0.03185015952442441 0
5355 1.512742637285848 0.03213639556161371 0
5356 1.520454160855048 0.04577651933832069 0
5357 1.528340607795053 0.03238818732885854 0
5358 1.544150788928252 0.03315673160758945 0
5359 1.465253290496632 0.05834894952838821 0
5360 1.457739313883276 0.04462219049184599 0
5361 1.465321866683686 0.03155568632829511 0
5362 1.450174733291206 0.03177572989076397 0
5363 1.442121354039496 0.04440909999595319 0
5364 1.434688556965709 0.03146980304630223 0
5365 1.426541455934361 0.04407230244893909 0
5366 1.419187587070403 0.03149249606339846 0
5367 1.410971796726935 0.04378059164467327 0
5368 1.458304664279305 0.01761866218100352 0
5369 1.403318862552175 0.02900954726989757 0
5370 1.39534357989041 0.04307889143379606 0
5371 1.387319918794437 0.02964208882917729 0
5372 1.379685105027981 0.04282803244136738 0
5373 1.402844096949216 0.05687999518906886 0
5374 1.370582573591705 0.02636437432643871 0
5375 1.363161337992388 0.0424100782433709 0
5376 1.434013466352319 0.05760022184409705 0
5377 1.380322822666038 0.01701365731481588 0
5378 1.528279220173915 0.05950820426106923 0
5379 1.299177732761684 0.3351538323945762 0
5380 1.833504632992923 0.3344869011873175 0
5381 1.623298922776841 0.06090542115050748 0
5382 1.631415054914553 0.04741173438091065 0
5383 1.647112029492368 0.04762652905310658 0
5384 1.639453400981044 0.03466722443638737 0
5385 1.655078232507086 0.03497475476558531 0
5386 1.662766827781581 0.04796193148701919 0
5387 1.670694497946844 0.03473785798410706 0
5388 1.646024803096099 0.02351669424854119 0
5389 1.623699064769218 0.03460124509124668 0
5390 1.678643240933167 0.04811405230339927 0
5391 1.686830777206246 0.0353219506749172 0
5392 1.615395690355921 0.04745445399390927 0
5393 1.33151306720373 0.3360272568922209 0
5394 1.313948547033446 0.06974058828606833 0
5395 1.322065838873547 0.05621865633096912 0
5396 1.337910888824171 0.05648955069155345 0
5397 1.330186724464234 0.0427812271247702 0
5398 1.314498905927591 0.04253320274428415 0
5399 1.322263072675662 0.02896961129859596 0
5400 1.338037437995233 0.02944246380421686 0
5401 1.306718005406885 0.02873605031387316 0
5402 1.298898869900299 0.0422213985827341 0
5403 1.291083192609548 0.02843312471854742 0
5404 1.283270559640037 0.04191569659756253 0
5405 1.328763486916817 0.01496588871050467 0
5406 1.275511739922649 0.02817566816994871 0
5407 1.267691086247966 0.04162485751763359 0
5408 1.259909449979809 0.0279295018311915 0
5409 1.25149632162564 0.04143915938515727 0
5410 1.27515430992163 0.05535306621023192 0
5411 1.361546150682722 0.2759327106859595 0
5412 1.563304514097498 0.3301155934438634 0
5413 1.860746981883063 0.06420473068626273 0
5414 1.868844857167338 0.05070802284299167 0
5415 1.884554187605972 0.05092513411635655 0
5416 1.876884492465478 0.03726040764570537 0
5417 1.892518268797527 0.03789693333997557 0
5418 1.900222871103286 0.05120208532142603 0
5419 1.90815997036783 0.03817086887721388 0
5420 1.861155331567157 0.03754824476931473 0
5421 1.869105369211659 0.02342059297693413 0
5422 1.91594831779606 0.05141097780350193 0
5423 1.923789157908599 0.03791540590321599 0
5424 1.915737393902192 0.02373382928059822 0
5425 1.933324786446359 0.02500229893376119 0
5426 1.940183297643712 0.03854116071845484 0
5427 1.853070340390186 0.05056486461309703 0
5428 1.837355798354111 0.05020918227886007 0
5429 1.845444373597305 0.03740552862761129 0
5430 1.829771355290126 0.03717554176954116 0
5431 1.82170471752481 0.05000637192717608 0
5432 1.814143273223178 0.03690549625284081 0
5433 1.837511223240302 0.02344787711111854 0
5434 1.80599785798788 0.04977672668227925 0
5435 1.798542285902892 0.03606136383882286 0
5436 1.808967506522173 0.02409350218556416 0
5437 1.791049598510605 0.02226926477584573 0
5438 1.782989977333855 0.03556830184661047 0
5439 1.28023646828719 0.2732124836543734 0
5440 1.363888291545995 0.3378661957474731 0
5441 1.250640182469178 0.06864496964693903 0
5442 1.2431018114381 0.05489854606303946 0
5443 1.227023791447957 0.05467048297818647 0
5444 1.235406770306589 0.04124606723651048 0
5445 1.219487125561386 0.04094572336407587 0
5446 1.227567524015014 0.0275751029949354 0
5447 1.243764047751434 0.02794738863366836 0
5448 1.211194796926662 0.0544298359230895 0
5449 1.203719502824907 0.04061558530384771 0
5450 1.155363984817392 0.0672181477537632 0
5451 1.147663015854152 0.05346732554241498 0
5452 1.131901898696171 0.05320885255831817 0
5453 1.140006338830453 0.03991957620081468 0
5454 1.124350188534987 0.03964862534090269 0
5455 1.155889169101196 0.04006164334042484 0
5456 1.116221269918796 0.05293788011840936 0
5457 1.108708713613209 0.03941469546728024 0
5458 1.100568923318019 0.05261145189729241 0
5459 1.093075116198398 0.03912481586222924 0
5460 1.084967567096973 0.05232170318439178 0
5461 1.077500363950533 0.03862034957745236 0
5462 1.069443111575152 0.05212594138661331 0
5463 1.062004447115538 0.03857012121386719 0
5464 1.054010319802224 0.05176101916843942 0
5465 1.046588216826006 0.038333824593101 0
5466 1.070702676970417 0.02544091447462923 0
5467 1.038684742902835 0.05134479652373633 0
5468 1.031280223994784 0.03771959938705563 0
5469 1.023414670971008 0.05096125656038117 0
5470 1.016082558600826 0.03769645435113608 0
5471 1.008228107647389 0.05038459350531221 0
5472 1.000947158747938 0.03743813742766525 0
5473 1.024614734055883 0.02483978775978624 0
5474 0.9932359866211653 0.05025824067464954 0
5475 0.9859420395538551 0.03686416943829773 0
5476 0.9782571621860154 0.05001339125627038 0
5477 0.9710448737757108 0.0368762962525577 0
5478 0.9633200738326672 0.04922890794464113 0
5479 0.9561848742914469 0.03659781720126531 0
5480 0.979387058816484 0.0242759947637384 0
5481 0.9486620233589573 0.04923965389085705 0
5482 0.9414777914948995 0.03603169178101093 0
5483 0.9339719061924878 0.04909659565601809 0
5484 0.9268746999416523 0.03607416976101629 0
5485 0.9192945273789971 0.0481475153271137 0
5486 0.9123153827866737 0.03556029364992427 0
5487 0.9350262839372822 0.02372466538372642 0
5488 0.9048835094989028 0.04692210624071871 0
5489 0.8978751694657142 0.03523901268080012 0
5490 0.8904314982947434 0.04695233107003166 0
5491 0.8834837771698119 0.03511449279656645 0
5492 0.876123993908555 0.04664480292448059 0
5493 0.8692336818848936 0.0345913383710385 0
5494 0.8619314332121245 0.04584043314556599 0
5495 0.8551035140441023 0.0344596727769462 0
5496 0.8478172744445316 0.04552274230749073 0
5497 0.8410182005669626 0.03416145574142618 0
5498 0.8629506683837593 0.02276271290809098 0
5499 0.8337596553092801 0.04564247994889334 0
5500 0.8270272721051343 0.03391489642334403 0
5501 0.8198358890177901 0.04495032889953307 0
5502 0.8130679494769922 0.03375378100663892 0
5503 0.805956538325869 0.04525698562634348 0
5504 0.7992456578266032 0.03332781121247211 0
5505 0.7921960930990761 0.04442433743833263 0
5506 0.7855834837729592 0.033204062733453 0
5507 0.778525171904666 0.04402955996133256 0
5508 0.7719426278720612 0.03286146528066336 0
5509 0.7649275160713939 0.04374552164423948 0
5510 0.7583854067364515 0.03260204078654133 0
5511 0.7514138200113341 0.04342267599422808 0
5512 0.7448289711099638 0.03249722594605756 0
5513 0.7379634440761926 0.04363591204006645 0
5514 0.7314270910285866 0.03206029595224424 0
5515 0.7246202595105742 0.04297289766171111 0
5516 0.7182067124068503 0.03196305384144285 0
5517 0.7113637659958429 0.04260639107047071 0
5518 0.7048860398452391 0.03179531430996094 0
5519 0.6981613023104551 0.04269941183193579 0
5520 0.6917271150916073 0.03132480872624521 0
5521 0.7931174976166886 0.02190431079666635 0
5522 0.7032315825296636 0.05362911066522644 0
5523 0.7251699783813996 0.02120910383069777 0
5524 0.7452772563010497 0.05592199535488279 0
5525 0.8131183977122673 0.05733742703221942 0
5526 0.6848895893151143 0.04225236950183453 0
5527 0.855023675064209 0.05737094448282973 0
5528 0.6787734065151706 0.0309416700031428 0
5529 0.6858523070926279 0.02054389825804862 0
5530 0.9266485423267419 0.06239171683801606 0
5531 0.9707127432219989 0.06335545527790595 0
5532 0.6649728720060557 0.02770648571244091 0
5533 1.01564719564096 0.06430995439766451 0
5534 1.148458875726316 0.02669679825421914 0
5535 0.772110173544603 0.05568097792877591 0
5536 0.6896456692719346 0.05307494182676217 0
5537 0.7300371632298202 0.05426506590713109 0
5538 1.117231091410741 0.02636545250026978 0
5539 1.781731567080648 0.06304563966126511 0
5540 1.774226584827985 0.04925980235629893 0
5541 1.75816138734732 0.04910428967578373 0
5542 1.766531815675295 0.03624639034894048 0
5543 1.750645776330137 0.03616733982589085 0
5544 1.75904904693079 0.02284119849642494 0
5545 1.742428434328632 0.04896403697523433 0
5546 1.734673543408987 0.03602198300463688 0
5547 1.939803250081059 0.06528742127417683 0
5548 1.948062811471077 0.0517856847628029 0
5549 0.1533607458009726 0.2363290085170341 0
5550 1.187069787172341 0.06772203930095791 0
5551 1.179331668581974 0.05395762654939604 0
5552 1.19514777723755 0.05415643069471168 0
5553 1.187896993913248 0.04033346622287395 0
5554 1.1722387042279 0.03978563229875667 0
5555 1.196006507629102 0.0269218457759742 0
5556 1.163613728210985 0.05365893292198096 0
5557 1.818764094933345 0.1754815481608392 0
5558 1.851669104653495 0.1759656000680727 0
5559 1.703939323165323 0.1742920593151812 0
5560 1.589715638018601 0.1737785778449375 0
5561 1.736620852826669 0.1749449856379334 0
5562 1.622274601737121 0.1742061161160054 0
5563 2.05673463160826 0.219582700601237 0
5564 0.5555312941052576 0.1047790039507035 0
5565 0.5355146848412379 0.1154348979640741 0
5566 0.06421425646786894 0.3555846210188885 0
5567 0.0675730352851589 0.3630563764947392 0
5568 0.06279136912226546 0.3696823758976706 0
5569 2.011276004634116 0.05264578505187614 0
5570 0.2370314533388815 0.3294410949278092 0
5571 0.1261251343114698 0.208030838172161 0
5572 0.5796741382645476 0.1051716379847474 0
5573 0.5614585733279183 0.1165631524313647 0
5574 0.5855584890969998 0.1165857173735893 0
5575 0.5978359466873105 0.1157743523837249 0
5576 0.03422630404394478 0.1459119356195015 0
5577 2.033182073330435 0.1214189488423368 0
5578 2.017473189386673 0.1210998101440362 0
5579 2.041702547609965 0.1076537631740878 0
5580 0.13646861762504 0.2099897468563106 0
5581 1.963917503642838 0.05205545471850134 0
5582 1.956153195910623 0.03886242229056461 0
5583 1.965279192415232 0.02596953858265247 0
5584 2.073022066742316 0.2468275285625517 0
5585 1.480916475371308 0.02991862368986586 0
5586 0.4648941791723253 0.2021995683486935 0
5587 0.4702487662100607 0.2119317301675825 0
5588 0.4814460594814884 0.2121014093381767 0
5589 0.4756823002331911 0.2210630610647289 0
5590 0.459171332815476 0.21136307318929 0
5591 0.4867493549112848 0.2204494800349988 0
5592 0.4650034887809646 0.2210602003117288 0
5593 0.4699031329580845 0.2312447759325195 0
5594 0.45388609176082 0.2213361620647886 0
5595 2.129328336953644 0.09501003472167668 0
5596 0.6048849524388604 0.06211231353349794 0
5597 0.7971386403331204 0.0554421990561004 0
5598 1.886969874269971 0.02495374891056568 0
5599 1.971591171146521 0.06578431206490368 0
5600 2.165526369040585 0.2764604652813669 0
5601 0.2614146099035447 0.216085173567949 0
5602 1.501089842614092 0.1253801604261101 0
5603 1.59132524878731 0.1152881064059241 0
5604 0.2591562407204754 0.4018830287424425 0
5605 0.167827446831076 0.1131453723629925 0
5606 0.8663063668977466 0.2751760545039235 0
5607 0.8592706178102842 0.2870597153654061 0
5608 0.8454447714242672 0.2863535259908848 0
5609 0.298006526201276 0.1785335331988145 0
5610 2.174773247048216 0.3477286905599414 0
5611 2.181899312944778 0.3334549753434318 0
5612 1.952391894697573 0.3716836026359851 0
5613 1.412439776246052 0.2841786632355039 0
5614 1.937842868573019 0.2973193043161434 0
5615 1.945565036660087 0.3091694176671004 0
5616 0.4703909704141052 0.2628078781813292 0
5617 0.04106658576389033 0.3389718785650521 0
5618 2.166588954901171 0.1648780639744613 0
5619 0.9928252353015722 0.1037260245110144 0
5620 0.9997665010719902 0.117496096319405 0
5621 2.144290176366008 0.204755619761938 0
5622 0.5153893204611912 0.2644432606415989 0
5623 0.5206155149832955 0.2744794642803949 0
5624 0.5321406686704149 0.274734835645247 0
5625 0.526064654932683 0.2844489616612905 0
5626 0.5095107917038277 0.2741667811162424 0
5627 1.626657668039277 0.3307114403792473 0
5628 1.914088759081745 0.3351839011118166 0
5629 0.6739207717035567 0.09649506844337766 0
5630 1.483451180403733 0.3266635870865742 0
5631 1.46756452512259 0.3260799416699625 0
5632 1.515185787148006 0.3270354079538234 0
5633 1.530996996014303 0.3269640511137575 0
5634 1.739262431446701 0.3329557921767348 0
5635 1.443807494829118 0.3367132432970182 0
5636 1.312410849487548 0.2751141966060801 0
5637 1.30259299374543 0.2862219040423146 0
5638 1.328133107414337 0.2774850470741693 0
5639 1.718272083955591 0.06221569696967158 0
5640 1.726349504173433 0.04870296997569801 0
5641 1.710661113599777 0.04849021787630139 0
5642 1.718788109171372 0.03583827464397893 0
5643 1.702878929023087 0.03573881855468375 0
5644 1.727483231193709 0.02250783236411291 0
5645 1.694780706389346 0.04846031889125987 0
5646 1.69597400521426 0.02234662908905916 0
5647 1.250879667586552 0.3833508868055104 0
5648 1.361845485659557 0.07034963062355451 0
5649 1.345690093795375 0.07019948511434149 0
5650 1.354384463433522 0.05643572877269129 0
5651 1.34639736741625 0.04280455849161077 0
5652 1.35382230599016 0.02875078675331522 0
5653 1.393168017852198 0.07100351334304705 0
5654 1.646054221068926 0.3865323373934427 0
5655 1.911760176344787 0.1191880009206052 0
5656 1.357064004247704 0.1738377036125162 0
5657 1.900813902706865 0.1763389423371668 0
5658 1.883752793983914 0.1759025965576838 0
5659 1.671312387901921 0.1745028831570922 0
5660 1.654915112831427 0.1742922875691245 0
5661 1.647101176637867 0.1594769276004085 0
5662 1.424735921466216 0.1730233554950085 0
5663 1.899120725508905 0.3864447183365771 0
5664 1.863608967878253 0.1186594156155006 0
5665 1.786048177897551 0.1751980464489127 0
5666 1.793567091343365 0.1602933274852454 0
5667 1.769385468134854 0.1751425510780626 0
5668 1.6713715501959 0.1163111927314494 0
5669 1.783506133729093 0.1177031247870986 0
5670 1.527660846213873 0.2736784228813562 0
5671 1.623239262859514 0.1156778262897639 0
5672 1.850018085221552 0.2814045495050015 0
5673 1.576437788248101 0.2747457106274684 0
5674 1.656891197338939 0.2767293911736149 0
5675 1.801659719739601 0.2802553333899607 0
5676 1.568837730577137 0.3846561159556269 0
5677 1.802247470477087 0.3863898395858124 0
5678 1.755314769903653 0.3863849540775022 0
5679 1.490791458453002 0.3847722678655097 0
5680 0.5615606830074249 0.2658148883669789 0
5681 0.5554372455454065 0.2754647692928675 0
5682 0.5671661424538796 0.275987206758722 0
5683 0.5788555116010929 0.2764458643535121 0
5684 0.5436724975260881 0.2750886642956766 0
5685 1.467804701578788 0.124275344924291 0
5686 1.339898457899407 0.1217862126947268 0
5687 1.388119101901006 0.1228189800755208 0
5688 0.3755221816068997 0.3028595527265562 0
5689 2.153418798024952 0.0271049380275922 0
5690 1.983262819767433 0.1771362836539828 0
5691 1.974328793442139 0.1631394213554153 0
5692 0.3935410241328311 0.09921667919725866 0
5693 0.6089797011524374 0.2672615549042722 0
5694 0.6026252612418834 0.2774260716303928 0
5695 0.6147367463627784 0.277644827170285 0
5696 0.6267466252718283 0.278183504833725 0
5697 0.5907338530591237 0.2768339271333383 0
5698 0.1391184437184152 0.1312645513547862 0
5699 0.1429933981222673 0.1271300668820071 0
5700 0.4666407186814295 0.07063258402886252 0
5701 1.076949804823163 0.3974221449743719 0
5702 1.085031343695198 0.3841528095847686 0
5703 0.795310601573334 0.3982258045541542 0
5704 0.7553321496053405 0.3970535464636159 0
5705 0.7173157970352935 0.3991282674701536 0
5706 0.6797642206983476 0.3994769940467429 0
5707 0.6432748412045259 0.3995575542963525 0
5708 0.6491888103599672 0.3889983874095517 0
5709 0.6610019069932305 0.3889202708658783 0
5710 0.6371792515139354 0.3891186612615895 0
5711 0.6301321319481459 0.37788040001785 0
5712 0.6178370866540137 0.3770573620201436 0
5713 0.6114533923255936 0.3869188993223972 0
5714 0.5997959917069988 0.3858812825036349 0
5715 0.60482126075906 0.3986450821560799 0
5716 0.5723884346698132 0.400440037676527 0
5717 0.5768273387948836 0.3901708635993816 0
5718 0.5378805928442507 0.4005085770551603 0
5719 0.543403581443207 0.3901553498810629 0
5720 0.5565178610261992 0.3913094798247281 0
5721 0.5041892047348815 0.4005133831432183 0
5722 0.5111568884070515 0.3907100346195352 0
5723 0.5227129572363134 0.3911997485393161 0
5724 0.4711945579260129 0.4005933764927882 0
5725 0.4769734906743628 0.3909875756533828 0
5726 0.4880093588670008 0.3909622746501684 0
5727 0.465869869121563 0.3904480037350246 0
5728 0.4388832021862085 0.4007881260678477 0
5729 0.4444274974589851 0.3916340977457395 0
5730 0.4335664355817325 0.3919524869218378 0
5731 0.4072403997898899 0.4009785861491706 0
5732 0.4125683155661732 0.3919561014913604 0
5733 0.4019742974552273 0.391959667358072 0
5734 0.376251883626858 0.4011651058624007 0
5735 0.3809400930391043 0.3923498001316948 0
5736 0.3709078024834972 0.3922592281309082 0
5737 0.6576912019185712 0.2687494203662213 0
5738 0.6511630489110842 0.2791924560785844 0
5739 0.6636077415665758 0.2793395024314746 0
5740 0.675945725750543 0.2799717778826103 0
5741 0.6389512512319111 0.2785035895725221 0
5742 0.3864808252309858 0.02854603972119338 0
5743 1.999733245720572 0.1773981782307391 0
5744 1.189115997133402 0.3333078199020539 0
5745 0.4040762417786989 0.3022406727096673 0
5746 0.7077375517211677 0.2702795319880582 0
5747 0.7010301074360588 0.2810100688684155 0
5748 0.7141173346639234 0.2809240914692958 0
5749 0.7269865057106804 0.2825201974575961 0
5750 0.6884874067305152 0.2802214187986465 0
5751 2.065294373771299 0.1218208265941561 0
5752 2.081336874423735 0.1220120132263712 0
5753 0.07037307572572793 0.2988640313237467 0
5754 0.7591655377238036 0.2719132370192563 0
5755 0.7524815639841748 0.2832156225764437 0
5756 0.7658372950750079 0.2838279733819455 0
5757 0.7786344471197366 0.2839095918068729 0
5758 0.7465815019643953 0.2959717687428602 0
5759 0.7396192468393734 0.2841451183132278 0
5760 0.7191357142894093 0.2943748431666806 0
5761 2.059250136131363 0.276822949005158 0
5762 2.048304449273559 0.2904174354541378 0
5763 2.040538876285444 0.1918061584352255 0
5764 2.056903082211229 0.1914399695111029 0
5765 2.016932568179729 0.149014714364445 0
5766 0.8120051327756432 0.2734627758776269 0
5767 0.8052161601232646 0.2849986474649944 0
5768 0.8187170892079235 0.2852923205562692 0
5769 0.8254555169360192 0.2974248537306481 0
5770 0.7921215662708241 0.2847013481282625 0
5771 0.7726797642546255 0.2961841192401464 0
5772 1.156204067757673 0.3811443478709973 0
5773 2.114268710010155 0.04025862658845225 0
5774 0.2198755960688774 0.3035078317350169 0
5775 0.2245185762462302 0.2977004980345145 0
5776 0.2689381088625958 0.283878517973225 0
5777 1.123717700572418 0.06671194806816691 0
5778 0.2966657084708748 0.195422718752206 0
5779 0.8700216180496131 0.3841488180274234 0
5780 0.8893798553679305 0.3971109689448327 0
5781 0.04447542286607886 0.3464058825562192 0
5782 0.8389741288579099 0.2742092140017351 0
5783 0.5991853881545599 0.03011512749531323 0
5784 0.6070067357712644 0.01913923139166088 0
5785 0.6196793563461269 0.0197198671088786 0
5786 0.5780485234033813 0.01026959663564839 0
5787 0.5826991758911431 0.0203991325810445 0
5788 0.54096625025784 0.01024416025467267 0
5789 0.5460432623490767 0.02050881648453498 0
5790 0.5579691676707442 0.0206258225017785 0
5791 0.5044332756804594 0.01012190069731275 0
5792 0.5095187538491293 0.02026089742356266 0
5793 0.5212744599095197 0.02037026323680557 0
5794 1.536065430368733 0.07329414489810065 0
5795 2.152383133589577 0.1364632979913921 0
5796 2.128904017477154 0.149902222698825 0
5797 0.01198118638420809 0.3432844554613304 0
5798 0.4198348333915556 0.3290779515555962 0
5799 0.4242110609084876 0.3386838378297569 0
5800 0.4142930176018894 0.3380090860766282 0
5801 0.4284733648500751 0.3493292709567413 0
5802 0.4072865646137758 0.3464790374808672 0
5803 0.3990465774033665 0.3392927525064657 0
5804 1.061423595943444 0.0656946889034401 0
5805 1.046104900815457 0.06528498607570074 0
5806 0.28942171590183 0.2854021135770762 0
5807 2.13452660279464 0.3592480414098274 0
5808 0.8740099464043203 0.2396144859786435 0
5809 0.492675708702613 0.2636743698517734 0
5810 0.3103494539923133 0.3111320648725686 0
5811 1.813440870239296 0.06348226964566409 0
5812 0.3753168937643543 0.04622658302849664 0
5813 0.3854139997718191 0.04641423099195147 0
5814 0.79890574423459 0.2970435985269626 0
5815 1.679590271004252 0.1600074420795126 0
5816 0.01630788524553917 0.243232135286078 0
5817 2.091122058104591 0.02642680823930912 0
5818 2.089102643112196 0.1635786054748405 0
5819 0.4872461246501308 0.2023886280911342 0
5820 2.144947787714998 0.09498489745032186 0
5821 1.929495845284988 0.3097488155193329 0
5822 0.01546363941266926 0.3006484915388508 0
5823 0.3005913860721003 0.2795770185142518 0
5824 0.4897966496540174 0.07099515798140987 0
5825 2.05690098643775 0.1635441448999991 0
5826 1.695774252273205 0.1592828477647335 0
5827 0.571796544070262 0.3543871262499075 0
5828 0.5672427944217512 0.3444487957328204 0
5829 1.472691635102124 0.0722813215982758 0
5830 1.218802724198877 0.06818855884235178 0
5831 1.749987962712432 0.06266991173412578 0
5832 1.137625976305009 0.3957241718832256 0
5833 1.106720573086862 0.396838946296504 0
5834 1.062013829554404 0.3981203103891198 0
5835 1.031506931725299 0.3975937669449774 0
5836 0.9166645241524585 0.3978940898972573 0
5837 0.7824411294452656 0.3959006035501109 0
5838 0.7735701121270647 0.3867269064321858 0
5839 0.7426343290683171 0.3990188184933424 0
5840 0.7360034979852712 0.3894185154487376 0
5841 0.7044515920643276 0.3994017838768368 0
5842 0.6978639398763647 0.3888582974926991 0
5843 0.6306437317369962 0.3993252251897136 0
5844 0.4603779423447935 0.4005362399282948 0
5845 0.4282735307302998 0.4009153221097919 0
5846 0.3968402513793142 0.4010421552451324 0
5847 0.3660363042701416 0.4012735691930289 0
5848 0.3458045448277933 0.4007321791787492 0
5849 0.3607290460856496 0.3917666470289931 0
5850 0.2961297402766868 0.4002169420543149 0
5851 0.2776460767270555 0.4021402400682433 0
5852 0.2411350182982144 0.4023636184412864 0
5853 0.1853870122743541 0.402355073883323 0
5854 1.598696805069658 0.1589161368789245 0
5855 0.1677373717337548 0.402772095227301 0
5856 0.1503241125439426 0.4028529098882787 0
5857 0.01266283412969504 0.3791088726574006 0
5858 0.07445218761896433 0.4033359635782801 0
5859 0.2093207282214723 0.2537904180942503 0
5860 1.092454970345859 0.06609306476243937 0
5861 0.03495104447778985 0.4034731785363764 0
5862 1.440944910395215 0.07178051790320258 0
5863 2.119887607196555 0.3852812698899551 0
5864 1.958292467935217 0.2184246186141435 0
5865 0.4923373860132503 0.009957219793241046 0
5866 0.484805353724907 0.01948705833466999 0
5867 0.05938546863880934 0.3621603729543172 0
5868 1.790166249740305 0.04949625762431678 0
5869 0.1056134062431427 0.2680937317417299 0
5870 2.023997896526527 0.2481659877848251 0
5871 0.1578155991629759 0.2475964873527906 0
5872 0.1528590977650865 0.2491393614801963 0
5873 1.566868233098345 0.1588801942104197 0
5874 0.8465404557880614 0.2391510221880044 0
5875 0.8399109022755344 0.2278230252683115 0
5876 0.826355474397943 0.2277837964321352 0
5877 0.8335535313643294 0.2159946634693962 0
5878 0.7595304182348293 0.01118515490197627 0
5879 0.8193990734321257 0.2388511597745383 0
5880 0.2838412475483705 0.208030520531399 0
5881 1.875828933294451 0.2179827753048575 0
5882 0.1847440714291508 0.3370361248893877 0
5883 2.028690645695827 0.02578079335045494 0
5884 0.792765393112107 0.2384564916404506 0
5885 0.7863146358423663 0.2273447144045951 0
5886 0.7731247384148514 0.227292458045276 0
5887 0.7800663506403809 0.2154920227311104 0
5888 0.8283063710675014 0.01162138786283215 0
5889 0.04999764874058998 0.3753876054919676 0
5890 0.7663568690230593 0.2381656336765579 0
5891 0.899268968415409 0.01206866534956011 0
5892 0.02127483010905062 0.3299122130937706 0
5893 0.6151336105854914 0.1510736115812181 0
5894 0.6209237082749712 0.1620597569354564 0
5895 0.6317601374169558 0.1624305562006274 0
5896 0.6395445283028404 0.1516803769490855 0
5897 0.7404394468107125 0.2377804824218873 0
5898 0.7341621294210122 0.2268782481980425 0
5899 0.7213263907459734 0.2268133332367481 0
5900 0.7279119028707638 0.2153819411100124 0
5901 0.2634444591123426 0.1681537300955024 0
5902 0.9054039375518322 0.3724204431733859 0
5903 1.702520956323645 0.06201251626612569 0
5904 0.7147695475622111 0.237500914265427 0
5905 0.6895184286348082 0.2371206344247221 0
5906 0.6834094695250394 0.2264224110115689 0
5907 0.6714638171710312 0.2264302984668374 0
5908 0.677745254313037 0.2149817070053944 0
5909 0.05708279597249999 0.2475568074010301 0
5910 0.05294740134564169 0.2402467023106805 0
5911 0.6646493622889471 0.2368795922248313 0
5912 1.793493533295237 0.2171509392379088 0
5913 0.6399329271020564 0.2366856474777203 0
5914 0.6335018905817521 0.2263363838770677 0
5915 0.6222717025058098 0.2260969192264511 0
5916 0.6280819278964134 0.2146432459072982 0
5917 0.6157344300099322 0.2362314938369307 0
5918 1.898122325088201 0.2825234327244289 0
5919 0.5916953802528092 0.2359517929111613 0
5920 0.5854307689200657 0.2258748943073074 0
5921 0.5739768020025264 0.225498028344958 0
5922 0.5797545784823329 0.2144990203668236 0
5923 0.8129091588179304 0.2276933736035336 0
5924 0.3616002047545134 0.3406010529016145 0
5925 0.5680260967612236 0.2355796992410608 0
5926 0.5447035787317007 0.2352722165269724 0
5927 0.5510713513145797 0.2255134175068269 0
5928 0.562342273025025 0.2254161932934028 0
5929 0.5565217525486765 0.2151818250365745 0
5930 0.5448451936231723 0.2151142153699003 0
5931 0.5563620965584841 0.2034730629288609 0
5932 0.5338861419074998 0.209587395048259 0
5933 0.5341019806067782 0.2209855541357872 0
5934 0.5243551682823333 0.215732892509501 0
5935 0.5137557362784612 0.2122813717167207 0
5936 0.5151127287950843 0.2244963954277852 0
5937 0.5055564791218493 0.2194790503362338 0
5938 1.71226034402551 0.2168341788247493 0
5939 0.5486934549716621 0.2849208515757625 0
5940 0.3190162378790268 0.05469883866171207 0
5941 0.5214996025315781 0.2348368788224993 0
5942 0.01939093521560675 0.4036125768333961 0
5943 1.384272438006309 0.3970272619759463 0
5944 2.14489223629373 0.3972945447045018 0
5945 1.432409050752425 0.3974655493923981 0
5946 1.416087234315375 0.3972101906880822 0
5947 1.353576505139872 0.3973647772037444 0
5948 0.007583061702676641 0.2340849950428082 0
5949 0.01568121960514324 0.229840429559611 0
5950 0.00731014250096651 0.2520268512508934 0
5951 1.54693141048342 0.2167418312209146 0
5952 1.563553792399664 0.2167360116356025 0
5953 1.570588381388576 0.2310369640552642 0
5954 1.679768078659063 0.2160657798051167 0
5955 0.8978348698776103 0.384825397802622 0
5956 2.095170588777828 0.3455665133924688 0
5957 0.1404881233176918 0.1829779681294862 0
5958 0.5078756533093398 0.1476011856850941 0
5959 0.5133135879723719 0.1578528709947699 0
5960 0.5249253043692543 0.1582270697813421 0
5961 0.5024093347099294 0.1568375035138226 0
5962 0.5311363333274987 0.1483505433088012 0
5963 0.006990997129096677 0.3106940521910051 0
5964 0.3906815821584224 0.3754701697359794 0
5965 0.4990040386836189 0.2356740495546215 0
5966 1.215549306752421 0.2725457710134562 0
5967 0.1354617017181472 0.1683982547561807 0
5968 2.145253833880229 0.06766682300650984 0
5969 0.007423572456865646 0.3508506424148664 0
5970 1.644884140361027 0.217635759766733 0
5971 0.7600413849326508 0.2272017875761957 0
5972 1.991384189461316 0.219159247985466 0
5973 1.654836503365821 0.0613706871733565 0
5974 1.892278111637942 0.06466331725657815 0
5975 0.1445298903552321 0.1795056195300752 0
5976 0.8859895237864264 0.06573332306829119 0
5977 1.575721790984252 0.06024481994045874 0
5978 1.306384483793405 0.05600244459912315 0
5979 1.907571069642854 0.1612944013086127 0
5980 0.8437264165980609 0.06643413630443654 0
5981 1.728265467066285 0.1599132631054015 0
5982 0.6673743052202614 0.3995373547251064 0
5983 0.5547873245214547 0.1491237563136383 0
5984 0.5604060838897857 0.1596812359183389 0
5985 0.5723085120136086 0.1600672066449392 0
5986 0.5485321990566799 0.1592708171948773 0
5987 0.5367276360506215 0.1584758131654335 0
5988 0.5786911575414889 0.1498943900722646 0
5989 0.5610184111944601 0.4008349609162895 0
5990 0.8673061403791555 0.2281986369538473 0
5991 0.5268761722999542 0.400725044334003 0
5992 0.4931908055190718 0.4005890946525957 0
5993 2.047542418057083 0.3452546810895267 0
5994 0.871986957804961 0.3352736734819576 0
5995 2.015902271235293 0.3177017689434855 0
5996 0.4547855889027369 0.3917400179515646 0
5997 0.4496064053165694 0.3821535442345385 0
5998 0.4227673397399934 0.392148211543863 0
5999 0.4175572042006692 0.3839144901904732 0
6000 0.3911248642337756 0.3923325250097719 0
6001 0.1254735017211662 0.1225919043085452 0
6002 0.3939420689546915 0.2464231726913965 0
6003 0.4268562759563383 0.08064266193493054 0
6004 0.7085996953465927 0.2267229636623512 0
6005 1.211859765275645 0.0272352213569319 0
6006 1.970287806216066 0.2701823758561486 0
6007 1.086214097317242 0.02578468554064914 0
6008 0.1188790586401968 0.3727801567370171 0
6009 1.409219644738392 0.07128983706151593 0
6010 0.6029133814660352 0.1506219270370788 0
6011 0.5964766028301808 0.1610902620587205 0
6012 0.5840895242036145 0.1607832181425949 0
6013 0.5864036004685425 0.1726315078879291 0
6014 0.2487404599391914 0.2385931888466018 0
6015 1.048423160938013 0.2102098734302368 0
6016 1.055461846850885 0.2239776586279862 0
6017 0.6483024184098672 0.09589069527308786 0
6018 0.558001060116866 0.3240862462161437 0
6019 0.929192918979014 0.2647850982122144 0
6020 0.2213443805054489 0.2683777277075505 0
6021 2.136546847737784 0.1911259945465493 0
6022 1.433897273862058 0.2155611105445896 0
6023 1.427040946427097 0.2297268810108258 0
6024 1.409887622991909 0.2293986269827314 0
6025 1.401376497709244 0.2148024820728727 0
6026 0.255519515265854 0.1568326973261605 0
6027 0.1345240115049153 0.3888349503257187 0
6028 0.8535407619673023 0.2281439752150942 0
6029 0.8607842970859868 0.2161337273062354 0
6030 0.6280797839510648 0.3261936956803745 0
6031 0.63276808365896 0.3367725982066126 0
6032 0.6450465680112141 0.3373030194483553 0
6033 2.007852227947089 0.2196904512022581 0
6034 1.842724008362395 0.2177527128398552 0
6035 1.826323606243804 0.2179985431285399 0
6036 1.817403609220617 0.2297083670305879 0
6037 1.030481740231413 0.267896837451423 0
6038 0.397889983869693 0.009602108953022687 0
6039 1.512430096916673 0.05926832354866121 0
6040 0.06508760552766391 0.3905771049067143 0
6041 0.6649093987081385 0.3276663322347625 0
6042 0.6698273159457145 0.338164587063291 0
6043 0.6818028487480703 0.3386059135902875 0
6044 0.6585408470271837 0.226012840303734 0
6045 0.6648086911928313 0.152413609005435 0
6046 0.6583567678397028 0.1636735544145738 0
6047 0.7020136280995879 0.3292877282939553 0
6048 0.6109925324545857 0.0731282007286545 0
6049 0.7398936410353513 0.3305919848773777 0
6050 1.761275164336165 0.2172878510243366 0
6051 1.769329526392664 0.2323631281644698 0
6052 1.745042453211068 0.2167692839888696 0
6053 0.7785613719178788 0.331923983428807 0
6054 0.7392538522960075 0.09782853886163925 0
6055 1.368038361200172 0.2171825518325334 0
6056 0.6901330162192491 0.1531257582621358 0
6057 0.6838348316695799 0.1644685977253317 0
6058 0.5861782855424262 0.07271927550473223 0
6059 0.9206731513626555 0.3246452884171364 0
6060 1.534909884946068 0.1275577902921236 0
6061 0.6302690239748885 0.04054936126162489 0
6062 0.4209043853049295 0.2868420016396572 0
6063 0.7157322105731538 0.1538569772285036 0
6064 0.7092755756175312 0.1648855826806682 0
6065 0.7794373564253487 0.0987604781954466 0
6066 0.7995647954132978 0.2276232396303116 0
6067 0.8066147097932322 0.2157382770752133 0
6068 0.4003894298278292 0.07147288500013071 0
6069 0.2185912568742906 0.3268435934365428 0
6070 1.612287815991358 0.2200936412625956 0
6071 1.621560190909281 0.2312339999430182 0
6072 1.595475066962814 0.2174971353324017 0
6073 0.7417068743825291 0.1546090817067304 0
6074 0.7347732706370487 0.1659462885984222 0
6075 0.8201671167299707 0.09967749493381903 0
6076 0.08888607774197377 0.2305836949021359 0
6077 0.7680313797371845 0.1568827039476527 0
6078 0.759040145486354 0.1693657887519465 0
6079 0.7876756811396872 0.1704351954798913 0
6080 0.7946209477748333 0.1580653279644219 0
6081 0.8144360849309524 0.1709899147136122 0
6082 0.8215335324632651 0.1587840019624729 0
6083 0.8415678444090005 0.1715381413157455 0
6084 0.8488461733965695 0.1595659937601743 0
6085 0.160710378009073 0.1359320647079721 0
6086 2.161189143097651 0.01345483875458611 0
6087 1.606203555818511 0.01208690095774123 0
6088 1.265433675037193 0.01337782113949174 0
6089 1.296896448647571 0.01378597924525768 0
6090 1.172476308283708 0.013410009883528 0
6091 1.419907447758318 0.01337782113949174 0
6092 1.497129334934336 0.01302564336438858 0
6093 2.053168864091287 0.01292299078794668 0
6094 1.234538920492968 0.01337782113949187 0
6095 1.528034679236626 0.01296822626490823 0
6096 0.747056924676728 0.2271182183638399 0
6097 0.7539030027012856 0.2152687309995152 0
6098 0.8618959688758994 0.1005843212340976 0
6099 0.6098081790057523 0.2256657954435395 0
6100 0.6039871564890464 0.2047150261497312 0
6101 0.598679786167182 0.2149412996030902 0
6102 0.9047990043069736 0.1015633353546579 0
6103 1.14263324888995 0.1174693158116614 0
6104 0.4865125350864616 0.2732585952362348 0
6105 0.9482242670502403 0.1025174679756159 0
6106 0.6959604649590503 0.2266257450383147 0
6107 0.7024094477234826 0.2153464331820531 0
6108 0.6528048279660856 0.2051305626254056 0
6109 0.6476545907297974 0.2158131631949151 0
6110 0.05862415905990925 0.2207610718480791 0
6111 0.47363781885769 0.3311025984302532 0
6112 0.3345551961998461 0.2734320810297841 0
6113 2.152850911119718 0.08122776430538289 0
6114 1.335149256775855 0.2142874712527605 0
6115 1.343733952701778 0.2294969001659322 0
6116 1.319113816588608 0.2158094467422197 0
6117 0.2089283407320044 0.2624794424574129 0
6118 0.1834979402252558 0.1308833974798684 0
6119 2.126847555202104 0.3183318244001012 0
6120 1.285019278292989 0.2151459048354559 0
6121 1.293588021702488 0.2290284377516998 0
6122 1.268274377947201 0.2156402173150896 0
6123 0.5382765223990326 0.2650436609149631 0
6124 0.5851009310868978 0.2664800455050411 0
6125 0.2358481393745855 0.2627095994184727 0
6126 1.057787641043987 0.1521237902067148 0
6127 0.6331616917929874 0.2679323765889835 0
6128 0.1091393262423277 0.3864026313248106 0
6129 1.089216547525546 0.1566549469401889 0
6130 2.121078414719991 0.1361273669043426 0
6131 2.079345404730907 0.3454427860343705 0
6132 1.120930637272201 0.1559121541238932 0
6133 1.100709017134245 0.1706857864907333 0
6134 0.6825360752967211 0.2694259490089135 0
6135 0.7232929542063585 0.121059445343898 0
6136 0.1172800064740905 0.3510568389635925 0
6137 1.000602208230653 0.06415568076924172 0
6138 1.394666413767578 0.2493935375360768 0
6139 0.7333916361287428 0.2714995576369764 0
6140 2.130411440829923 0.01339274093737411 0
6141 0.762753792130873 0.3500287602572488 0
6142 0.7244469708569263 0.3488677540689993 0
6143 0.7855012664585639 0.2727245312041567 0
6144 0.5284917273105657 0.01001296579451649 0
6145 0.91737959123893 0.208003869667959 0
6146 0.9100737092849469 0.2211258438052304 0
6147 1.371137674313258 0.0563551249693833 0
6148 0.6131584611516308 0.3458220346887697 0
6149 0.6205807892850226 0.3360852105227472 0
6150 0.8785023775148013 0.3474148028537453 0
6151 0.3792895310138109 0.08780805561883792 0
6152 0.9457749904929971 0.2085189206907599 0
6153 0.9380542105912313 0.2204914759829204 0
6154 1.014752846860261 0.2897826700405229 0
6155 1.670613555865663 0.06158326366723174 0
6156 0.9746089110275904 0.2090317019674305 0
6157 1.908086863698592 0.06489780811647899 0
6158 1.003850576107893 0.210365045885001 0
6159 0.01932979788509526 0.3079340079724708 0
6160 0.5653991110408082 0.01010562306638385 0
6161 2.073526390171215 0.1081166487757498 0
6162 0.6525002581202624 0.3271052532539175 0
6163 1.033479729458951 0.2103565569966686 0
6164 1.235223157606141 0.2146740694999226 0
6165 1.258682432678403 0.230324820578324 0
6166 0.5238578263609474 0.3231248630152923 0
6167 0.517341929351226 0.33258363668216 0
6168 0.528699512482524 0.3332182800663064 0
6169 0.5405136544505571 0.3335222621785032 0
6170 0.5341882486090967 0.3432114403036715 0
6171 0.5465528066027374 0.3238489556376101 0
6172 2.10491615836255 0.2184824453488712 0
6173 0.6893660602484777 0.3283321458335718 0
6174 1.078587921595569 0.2105531623599364 0
6175 1.59146772384859 0.06045274980756954 0
6176 1.19811334963128 0.2931275667286116 0
6177 1.10934050802071 0.2119964272491888 0
6178 1.13041562821565 0.2288343512110263 0
6179 1.139541405910879 0.2139804963097914 0
6180 1.162028869078881 0.2296114514029192 0
6181 1.171448758751316 0.2155413740104017 0
6182 1.193694571717724 0.2302429158609192 0
6183 1.203278027594671 0.2161601269833194 0
6184 1.22579201491926 0.2301641092618014 0
6185 1.179424496949006 0.1716379044815372 0
6186 0.9576017709570492 0.2655578192198385 0
6187 0.9863955419408509 0.2662706797691499 0
6188 1.015583066468923 0.2670217925423648 0
6189 0.9663910366130491 0.2210862092017983 0
6190 2.087406977434406 0.3044376059191555 0
6191 1.027675519685981 0.1513282977376745 0
6192 1.06021594454654 0.2684072318299292 0
6193 1.090443861789698 0.2692336879879063 0
6194 1.12116291072115 0.2702458223655738 0
6195 1.152237650213529 0.2710982335304689 0
6196 0.4052859458209044 0.1163521714238396 0
6197 0.7272245448351659 0.330130531373988 0
6198 1.183744552992853 0.271992435605267 0
6199 1.468896089826692 0.2713604158962492 0
6200 0.1779832175260638 0.1433035334194069 0
6201 0.7656287672981781 0.3314526999130522 0
6202 1.760866133168419 0.1603238230784513 0
6203 0.2941678144038842 0.3236962394612026 0
6204 0.8048402550718975 0.3324655265707123 0
6205 0.9488685330029177 0.3254726103403859 0
6206 0.3389338984364167 0.1736029859440796 0
6207 0.337805326761409 0.294014530375646 0
6208 0.9774425106761617 0.3262951128877322 0
6209 1.006438850141993 0.3270364545290813 0
6210 1.449632927096021 0.057993416860561 0
6211 1.126489734527887 0.3306421509366383 0
6212 1.157635777052524 0.332337387147171 0
6213 0.4923764606927059 0.2113532510916378 0
6214 0.1659980335581841 0.3419833438812297 0
6215 0.4753494320390763 0.3799798821920114 0
6216 0.8053167180282468 0.3852595472337325 0
6217 0.1428540866635224 0.3893129815547535 0
6218 1.048066626036063 0.3759822550207468 0
6219 0.910089547655325 0.06162010350702371 0
6220 1.124762818621436 0.3818225274756933 0
6221 1.527354991336522 0.1135629168659288 0
6222 1.475856778816449 0.2857851911467947 0
6223 1.96317183488369 0.1067223650860233 0
6224 0.07446234432637322 0.2579846757403996 0
6225 1.483466025508751 0.3459285987878747 0
6226 1.514716312168453 0.3462727452589729 0
6227 0.1315829960400061 0.1400127355993041 0
6228 1.890940560585707 0.2408100479578771 0
6229 0.1404388366887036 0.3673591051381866 0
6230 1.262060756042323 0.2959527712274792 0
6231 1.229920923411844 0.2943570872114301 0
6232 1.436285508589842 0.2982672648749533 0
6233 2.002797755726087 0.0934594134997669 0
6234 1.342774239971579 0.2970531145434564 0
6235 1.545964584629673 0.3458135078741656 0
6236 1.196710765448102 0.1080584280263132 0
6237 1.373775959396498 0.2984116543280868 0
6238 1.567419087339339 0.1012041337711108 0
6239 1.387017205024392 0.05660728758718872 0
6240 1.577213836387354 0.3457564142540213 0
6241 1.418428824714369 0.05720786149406407 0
6242 1.841198828804104 0.1601943767892552 0
6243 2.089503588935426 0.1083257857362332 0
6244 1.874038841975077 0.1608553021514597 0
6245 1.858580633146248 0.2402744777956504 0
6246 1.664440686976485 0.2351810390536186 0
6247 1.696810246220223 0.2364389018260945 0
6248 1.018617864823001 0.3753545760569776 0
6249 1.729166043747476 0.2371938586933045 0
6250 2.055634869871661 0.3044677085853047 0
6251 1.961184292910077 0.3316413866698151 0
6252 2.008988335174646 0.2766143047130483 0
6253 0.1551704654304966 0.1492272819112467 0
6254 0.9340200538158883 0.348933505950608 0
6255 1.168199915177941 0.3964500760857914 0
6256 0.9559691157400478 0.06322785288420377 0
6257 0.5943731795378074 0.3752706255677994 0
6258 0.04060171362731446 0.3027780329250104 0
6259 1.829210911891491 0.06373036836666376 0
6260 0.901186802600249 0.2640227588977291 0
6261 0.0303806025304163 0.2799954888387553 0
6262 0.03128199586381242 0.2649263920151147 0
6263 2.134809388328148 0.3046230590365066 0
6264 0.03900893805563355 0.3172478831572674 0
6265 1.93164232147967 0.05147419819256333 0
6266 0.9910720533996833 0.3501315749291839 0
6267 1.454602994236205 0.2415172822317309 0
6268 0.9623467002330793 0.3495435641969346 0
6269 0.8689470116526661 0.1720109081203041 0
6270 0.5014096609717655 0.3222804984560593 0
6271 1.930916804769843 0.2555092449353347 0
6272 0.8134324636244914 0.3510958281218672 0
6273 0.7889616002200237 0.3509632966753833 0
6274 0.7501542449984633 0.3496874082916407 0
6275 0.7120776523277635 0.3486154223689466 0
6276 1.166492323999624 0.2925860353187461 0
6277 1.135299907998605 0.292184779647832 0
6278 0.5607285866613752 0.3542785280196491 0
6279 1.104541860480846 0.2916387526984806 0
6280 1.07419737953896 0.2911125437957498 0
6281 2.097041813358048 0.1773300343033853 0
6282 1.044268553977812 0.2905107820681352 0
6283 0.5153854472936263 0.3524118258135345 0
6284 1.000143843736538 0.2896561917018843 0
6285 0.9712321240938344 0.2893271153068822 0
6286 0.8796974314662689 0.2996181277047856 0
6287 0.9427152717323287 0.2888665667759686 0
6288 0.8523342176815182 0.2988506758497164 0
6289 0.9066904165079482 0.3242052144118031 0
6290 1.096756590901211 0.2310931892673134 0
6291 0.6980974543474873 0.2977019306686962 0
6292 0.6734960651779358 0.2969667086606673 0
6293 1.021849685222709 0.2302713305504398 0
6294 0.648919701466012 0.2964350310015996 0
6295 0.9920550079664648 0.2301614532466286 0
6296 0.6246783869284398 0.2958822963968846 0
6297 0.6007633928258878 0.2953789366240394 0
6298 1.132821770764669 0.1719120613819009 0
6299 0.5771661117037208 0.2949056586007424 0
6300 1.071298611849042 0.1720448742411232 0
6301 1.041163503335451 0.17262192593772 0
6302 0.6014053749742448 0.345468851937061 0
6303 1.01142954903701 0.172579072201684 0
6304 0.47981970736547 0.3025061744459469 0
6305 0.265044432103767 0.07013651459147713 0
6306 0.9820957497821962 0.1725486528170932 0
6307 0.9145808249904221 0.2883439706943906 0
6308 0.9531560820286138 0.1725190850232327 0
6309 0.9246116467237394 0.1725030701387761 0
6310 1.282349259466579 0.06931242524121722 0
6311 0.655393968304689 0.06273772361616864 0
6312 0.03150586943865252 0.3521436322844559 0
6313 1.933231744491195 0.1762522340941288 0
6314 0.2150218517977976 0.2767357293051836 0
6315 0.5078265604983311 0.293643120475379 0
6316 0.4775863038550652 0.02932306979631147 0
6317 0.6243470084662386 0.03020646195433305 0
6318 0.5623671264091331 0.1711531725738803 0
6319 0.311818340046638 0.2109946100245804 0
6320 0.391228145131693 0.03766207933934609 0
6321 0.2361378374132989 0.08302702596500069 0
6322 0.5379044754966202 0.1739561193308307 0
6323 0.2482795738501972 0.324429033297625 0
6324 0.5147645022369132 0.173891929011766 0
6325 0.02787673261052914 0.3928262986876827 0
6326 0.06222765776115646 0.3338304173122079 0
6327 0.008938853824910886 0.05592835791913295 0
6328 0.05223751829655399 0.3110962704664804 0
6329 0.05557297651147652 0.3186609419227287 0
6330 0.1997580197008081 0.02275997041020239 0
6331 0.1956465980123208 0.02946300801502519 0
6332 0.8314297890491111 0.33370430482723 0
6333 0.3379927091927244 0.3478327918280384 0
6334 1.95521097579949 0.1203435000314884 0
6335 0.03390188055115595 0.2875679440226864 0
6336 0.2650618267058333 0.2308746398160647 0
6337 0.1949640981573595 0.07903998525590536 0
6338 1.039879646091312 0.02521825892836191 0
6339 0.01807087229595239 0.1414995038912806 0
6340 0.3595099796260731 0.2457097858187662 0
6341 1.535278368759577 0.2319896765789619 0
6342 0.3165315432468303 0.2066153736336231 0
6343 0.2866082813384738 0.3731946076860299 0
6344 0.1734170286059278 0.1142786762221017 0
6345 1.290838146527503 0.05555457444621897 0
6346 2.188232528365768 0.2200901125326055 0
6347 2.188205412549461 0.1592292485993369 0
6348 2.184319048355125 0.1904442599023723 0
6349 2.184101523434644 0.2504264420813699 0
6350 2.187832763919001 0.2814231329895567 0
6351 0.2794877990433741 0.2347437478665518 0
6352 1.607999946112394 0.3455560517048872 0
6353 1.151996112551748 0.1566368572659651 0
6354 0.3106714523616254 0.2985275200090041 0
6355 2.096919206004919 0.232280069688723 0
6356 0.06713621491484356 0.3270105844498093 0
6357 0.04801157768660302 0.009174374273617031 0
6358 0.1304165760080693 0.2708390005439339 0
6359 0.7365145291550671 0.1212594345248989 0
6360 0.2880906406705144 0.3096963245705579 0
6361 0.3860174354753276 0.3494010958029631 0
6362 0.5518776579521691 0.3338977990336033 0
6363 0.06723220518517725 0.2914711397657185 0
6364 0.04919445575808568 0.1785927447544315 0
6365 0.09996992476410904 0.2557319393819811 0
6366 0.3413978657463106 0.05520735300775331 0
6367 1.575322438287756 0.1151205158695799 0
6368 1.428494974845715 0.2843225218142222 0
6369 1.94903211164164 0.1763483961840651 0
6370 0.1648426161552784 0.04121054206562591 0
6371 1.203755787595894 0.01348131410856757 0
6372 1.889930966409258 0.2961413444209955 0
6373 2.065849146948881 0.09430049653739464 0
6374 0.3246923064995413 0.2404796144655913 0
6375 0.2204166879662032 0.2870882787380576 0
6376 1.259249217628406 0.05509275606033423 0
6377 2.114973233306917 0.01328588100972267 0
6378 0.248585475219946 0.2569709576612928 0
6379 0.380395758132629 0.05476028583976972 0
6380 0.2486379882882909 0.3770303072340312 0
6381 0.1886207127728354 0.1319627350423018 0
6382 0.8764516171764511 0.1600323225785396 0
6383 0.0729848165732867 0.2230780893607442 0
6384 0.9943620424113995 0.02464129252866484 0
6385 0.1003713445506518 0.1519090114568901 0
6386 0.3218306347118717 0.1160115378336237 0
6387 0.8214954165946038 0.3985302761452558 0
6388 1.965992783577025 0.1495148782501216 0
6389 1.939601869994323 0.2423281409326375 0
6390 1.180110954660045 0.02682632152569819 0
6391 0.07487264800774729 0.1071840688033557 0
6392 0.1217596150867821 0.04520517654773284 0
6393 0.1046106135642899 0.180355307940279 0
6394 0.6853836593408271 0.3890208041802173 0
6395 0.03944261602873156 0.1912305752952339 0
6396 0.4431325671497713 0.234635745937974 0
6397 0.2962741791947827 0.2395513333691905 0
6398 0.1600288965532916 0.3903681835059818 0
6399 0.5063613150006507 0.3319474710847556 0
6400 0.06381411370614232 0.319446022398287 0
6401 0.5221974457854929 0.3426219517832132 0
6402 0.0439086132534332 0.3104171151430682 0
6403 0.5681504030091241 0.2168625738834642 0
6404 0.9821752764222681 0.3865339870009444 0
6405 0.6685353406168353 0.06287749384618865 0
6406 0.192259746627562 0.1280664105629349 0
6407 1.514628982036808 0.2161443192170068 0
6408 0.09301836242748718 0.1974330021039841 0
6409 0.06885971624586906 0.1529219273859577 0
6410 0.1663083625838695 0.1368601341702904 0
6411 0.4181992913586323 0.2081271147248579 0
6412 0.2774142422420227 0.1438283869417623 0
6413 0.2842266603752565 0.1703168118268559 0
6414 0.3341870254004111 0.2314833355296669 0
6415 0.4509892257229795 0.1449050527589269 0
6416 0.09425941403743443 0.2430202208745736 0
6417 0.9133683339186032 0.3364072322590583 0
6418 2.174805024007202 0.3183967073761856 0
6419 2.080926953837705 0.2327495149487918 0
6420 0.285613043852867 0.1124177032540878 0
6421 0.2268301072014304 0.03419606864533994 0
6422 0.3855534883800358 0.2160046241550397 0
6423 0.2781948548794029 0.1277570406683598 0
6424 2.057584573433721 0.1079227691049627 0
6425 0.104088356179405 0.3237929158229313 0
6426 0.9151462163729468 0.2643167584345441 0
6427 1.873950565949826 0.2957184784751825 0
6428 0.3896386855625926 0.2388534302467003 0
6429 0.2111520294802202 0.03097092455342795 0
6430 0.3053853111324502 0.05860469534172424 0
6431 0.285236131828983 0.2135344055053355 0
6432 0.296772248907202 0.1333942472789088 0
6433 2.06496991032195 0.1774690460151979 0
6434 0.03431100317537861 0.07558997181823818 0
6435 0.3028443663208342 0.3923283534698868 0
6436 0.0737189312858384 0.1940803970754648 0
6437 0.4232791030613753 0.199941254894469 0
6438 0.2427000376580351 0.08442824617794184 0
6439 0.2541231414003939 0.25843615328532 0
6440 0.4539440205689722 0.2013560881884638 0
6441 0.3618183374323313 0.3251616439320529 0
6442 0.1875261976203217 0.2826552346238806 0
6443 0.9497181912784525 0.02408338717106337 0
6444 0.6543484634633011 0.3781933164783252 0
6445 0.1777911140318247 0.08116199412620169 0
6446 0.1191289211277653 0.3376552070640462 0
6447 0.2258801052930671 0.3742735955502012 0
6448 0.1252603663013211 0.3518236580227603 0
6449 0.2663901029483282 0.3639804086806307 0
6450 0.3951143223586605 0.06325156590121528 0
6451 0.1296010535990059 0.1179533681629391 0
6452 0.2833406753995298 0.2515976526687928 0
6453 0.2692431668650088 0.3356177226241618 0
6454 1.599228729864073 0.1016224842769711 0
6455 0.1136353846027764 0.2014868012189741 0
6456 2.081045922498667 0.1773689044927698 0
6457 0.1530630924216738 0.2737812641839945 0
6458 1.187432870559381 0.3817060163209435 0
6459 0.2524494130564067 0.3187687765475387 0
6460 1.404415735989356 0.2977126716205089 0
6461 0.5982953479957941 0.1730084705234216 0
6462 0.1249157902539939 0.4027968195165237 0
6463 0.408115309590376 0.2239463939834473 0
6464 0.1101310143783902 0.1660724029525705 0
6465 0.1605848734928732 0.08285594897889326 0
6466 0.2928880159738817 0.06961932694158565 0
6467 0.3670333823651212 0.2748605567046935 0
6468 0.3624003579390687 0.2813962156318197 0
6469 0.3896708450529903 0.3271314472151333 0
6470 0.9307593679589259 0.3980149255853938 0
6471 0.2042589806403209 0.01555679834868565 0
6472 0.2624660553225934 0.149063360771797 0
6473 0.2943439372193341 0.09749415963027816 0
6474 0.3263002618358455 0.4012033653331951 0
6475 1.779558374165279 0.3461909744923647 0
6476 0.3631248806695294 0.2670597379392114 0
6477 0.3260844466010454 0.0489559997391302 0
6478 1.866046392359247 0.2817370954386962 0
6479 0.2457252750030452 0.3692047059959788 0
6480 2.106826435631976 0.0266876825984641 0
6481 0.03930956540764208 0.2250413910778745 0
6482 2.034199348258667 0.09380630938946816 0
6483 0.3561432900890521 0.3650021154810075 0
6484 1.630896884606786 0.1592673871974837 0
6485 0.4861021135734414 0.3803795663758383 0
6486 1.502411213888009 0.2316457036950129 0
6487 0.4319382261759012 0.0900634706317512 0
6488 0.08108573288347709 0.1661553446512025 0
6489 0.2015302389074654 0.3444065360784483 0
6490 0.09850172429155069 0.2968667737363132 0
6491 0.1133062309153824 0.06466127974362723 0
6492 0.7452281452840206 0.1092842533067897 0
6493 0.1836988101638517 0.1168695914917529 0
6494 0.308681750671859 0.3672287308678432 0
6495 1.62341011711502 0.3456110685056808 0
6496 0.6761102561344934 0.05182493687138026 0
6497 0.1094506016392256 0.1911094141751511 0
6498 2.1277773904138 0.2628584140865017 0
6499 0.2776263658757778 0.08620942230097425 0
6500 0.2135002075569385 0.08382787792081441 0
6501 0.08294020550511649 0.1549223141906668 0
6502 0.1749437925403862 0.1197377471923526 0
6503 0.1042069735831799 0.1122216682332337 0
6504 0.2836018634407299 0.1061215286088562 0
6505 0.2832722706614795 0.1880255148920221 0
6506 0.1494835247639108 0.1033924286174657 0
6507 0.3026630609482395 0.2639020394039711 0
6508 0.1584665272393727 0.3413678990736641 0
6509 0.3283251956861858 0.1370632984277459 0
6510 0.1297251322071875 0.2554702586779591 0
6511 0.4426350780405047 0.2707173918286313 0
6512 0.2828763865490366 0.3653735424039481 0
6513 0.3802326050764778 0.253231447189265 0
6514 0.4165430148456484 0.2782190887951924 0
6515 1.607289029805079 0.1155240361039258 0
6516 0.364993241404603 0.06288648939437205 0
6517 0.09994697910465389 0.04735076406240021 0
6518 0.2139804892130746 0.3662004799532664 0
6519 0.1596187065665665 0.28897851404846 0
6520 1.396692118024102 0.2857301041256344 0
6521 0.2705026515465495 0.02097329465954945 0
6522 0.1409538248597126 0.137150238611392 0
6523 0.2030632071711244 0.3196747896722666 0
6524 0.2920434120452682 0.2435300007389673 0
6525 0.2980538052442281 0.2462263187292606 0
6526 0.1605577038400476 0.1215952981466563 0
6527 0.2188210668307249 0.1201903778966843 0
6528 0.08934289959892805 0.1386339578570335 0
6529 0.3588289664399986 0.1717633603884356 0
6530 0.251633825181262 0.1319305086298802 0
6531 0.1661094646865261 0.280089096833488 0
6532 0.1432399473479962 0.08547838435346133 0
6533 0.07530383109003869 0.1826042778680543 0
6534 0.1123495011391639 0.2691682711941646 0
6535 2.010200028599367 0.1071698545482043 0
6536 0.08775182472804177 0.2718509603546496 0
6537 0.2761866412027228 0.1620652466300894 0
6538 0.04567526185516457 0.2958974297764529 0
6539 0.07438384707315504 0.2116076201972614 0
6540 0.1522676071781679 0.3158746459190181 0
6541 0.2083410131230372 0.1178602804781775 0
6542 0.9218840392347174 0.2765284927731099 0
6543 0.04702532701556139 0.03619050258473713 0
6544 0.1177094755246245 0.1574950379183633 0
6545 0.4100948607372827 0.3285886397947566 0
6546 0.0978987888121321 0.2355355579932152 0
6547 0.2158798949779706 0.3206437800123192 0
6548 0.2011620817594043 0.08072237632259964 0
6549 0.1768598400522539 0.2813307736656885 0
6550 0.1136253311874434 0.2167720480251369 0
6551 0.1088552660327523 0.214942344837794 0
6552 0.08679353955523261 0.3360400916745651 0
6553 0.2524502851943342 0.01593170945154015 0
6554 0.1064448404188089 0.1187122567624195 0
6555 0.2136307020293338 0.03855709294223741 0
6556 0.1981284371310393 0.1150203629101625 0
6557 0.391200612332814 0.1105872044412381 0
6558 0.3097220729074136 0.158912293510254 0
6559 0.3168548935843755 0.1601464714141018 0
6560 0.3000844142721628 0.3519886590547766 0
6561 0.07558722259406814 0.135053241626106 0
6562 0.3308556255393529 0.1919961192066824 0
6563 0.1774578438203649 0.3918830403090121 0
6564 1.418039708315271 0.3503285591599859 0
6565 0.03922729826560167 0.280658548443685 0
6566 0.02370645219189571 0.1661106479214309 0
6567 0.2692783268813208 0.09680436063117744 0
6568 0.03446503040174953 0.05010654085069682 0
6569 0.08265385731145791 0.2594332230670219 0
6570 0.2362293278652949 0.04353054681053461 0
6571 0.0312875433949773 0.04081486347665816 0
6572 0.3416608521908224 0.2076981231655417 0
6573 0.08196146835707685 0.343032470694388 0
6574 0.2257815164271241 0.08672640108690222 0
6575 0.08259274229900426 0.1084487780510373 0
6576 0.1900024566644664 0.3185412027785405 0
6577 0.1290450934844241 0.1898444589083515 0
6578 0.1947477915503457 0.3927364830741601 0
6579 0.1650346959885514 0.3150460508020613 0
6580 0.1036307583729013 0.246274272698757 0
6581 0.9273402435280378 0.3368260102631354 0
6582 1.163968846923839 0.02698022455019253 0
6583 0.3178297387417892 0.1896630507825193 0
6584 0.8771913371628596 0.02317647188366656 0
6585 0.3299225216583414 0.2932445253184303 0
6586 0.1312141964736958 0.2862411985879988 0
6587 0.1430587295305943 0.1024105892641066 0
6588 0.2661872880309653 0.1452514887520046 0
6589 0.2799120064372462 0.1777618884262865 0
6590 0.09017404526586636 0.08961914743091581 0
6591 0.5798485460995489 0.2026224112600774 0
6592 0.3506821894871999 0.1427943150274074 0
6593 0.3267637884060121 0.2607074860690021 0
6594 0.1180582032521009 0.2248740926230837 0
6595 0.357044164010194 0.3326624312051102 0
6596 0.1249090393648156 0.1487585182330727 0
6597 0.2645281076644277 0.3939377507439504 0
6598 1.48184610876733 0.2156851668614952 0
6599 0.2506556286433976 0.09234655073696138 0
6600 0.2562841599171026 0.2496887417506689 0
6601 0.1928181185251167 0.2831999108772016 0
6602 0.2212024985209267 0.0401570082889913 0
6603 1.842122232905576 0.2951358613247033 0
6604 0.1538827912042985 0.09861295876700482 0
6605 0.4004862917302341 0.1258655559277013 0
6606 0.3449708375436361 0.2321702906221279 0
6607 0.2340106131657288 0.1238949335256165 0
6608 0.2648888501183374 0.2478702787134485 0
6609 0.3053926120173833 0.03649635544130192 0
6610 0.3424405441643871 0.2588985730297901 0
6611 0.2380757713114918 0.08936033667334949 0
6612 0.2239295533563723 0.1214173571890033 0
6613 0.4466549194490819 0.1175031128914665 0
6614 0.1776247810467565 0.3165384120702344 0
6615 0.08796858556424825 0.08183897230408163 0
6616 0.02589314314671176 0.1437494335720334 0
6617 0.3135119353396695 0.3315880962491498 0
6618 0.144765907026007 0.3604762410223802 0
6619 0.07728939692084902 0.0263772767830793 0
6620 0.107727552924919 0.2576196737343201 0
6621 0.2700198250602791 0.3142162696490414 0
6622 0.02112501534866973 0.2369502924903965 0
6623 0.2628898829668403 0.134729473803515 0
6624 0.02422428631876006 0.09712387032137648 0
6625 0.4092878104442466 0.1423158957455647 0
6626 1.630816512783069 0.1018167857822283 0
6627 0.5384061797330151 0.3533338375211615 0
6628 0.38015685987318 0.3262368756160366 0
6629 0.366636966946039 0.3026609601324285 0
6630 0.1236637146555981 0.09901299690334055 0
6631 0.5041188371640924 0.1194338185380906 0
6632 0.2774768867127454 0.1672545810464774 0
6633 0.0419858552968555 0.1555331845862317 0
6634 1.684303359561472 0.0114523189213441 0
6635 0.08371617213458449 0.2773238361060425 0
6636 0.04421057092735414 0.3961445484319843 0
6637 0.3448018214193742 0.02912470016807953 0
6638 0.3521133246225296 0.1975544356155487 0
6639 0.1762108581622812 0.0296209245975835 0
6640 0.03292924345352777 0.2111277442753636 0
6641 0.1340433145754465 0.2663207349058542 0
6642 0.04811072011266648 0.1171339018688178 0
6643 0.2403253079072256 0.2841373987351692 0
6644 0.2034119462485426 0.2847548281545182 0
6645 1.199239975928654 0.3968238698969256 0
6646 0.02775787985736078 0.2176327703455275 0
6647 0.1390213331825494 0.3130074326809692 0
6648 0.1382741898428996 0.02760993067426296 0
6649 0.2017050175550014 0.1112030210176005 0
6650 0.1482126695827966 0.1287271991497046 0
6651 0.3067299062119487 0.3046066704718497 0
6652 0.1123108433380539 0.3111700492877391 0
6653 0.3322101420658286 0.08507392390515896 0
6654 1.163800165613161 0.1720029982080467 0
6655 2.084019094533852 0.0130514617709824 0
6656 0.2836011925010624 0.3160659588905427 0
6657 0.6083101033223268 0.1613257175125666 0
6658 0.6598441646542694 0.1196915736038175 0
6659 0.6238154607817155 0.3883007952998891 0
6660 1.643114414671396 0.3307528913190083 0
6661 0.2387259274711476 0.1387426744151849 0
6662 0.1272972930096963 0.03927791274540446 0
6663 1.825890667837658 0.2945283152691921 0
6664 2.00611120985343 0.2495025941732911 0
6665 0.08952909746717452 0.3085408384785033 0
6666 1.991520485264868 0.1636845752560601 0
6667 1.465779875903189 0.2152436753113909 0
6668 0.8321483828748151 0.2859020409309789 0
6669 1.647063312818679 0.1022815872843399 0
6670 0.4480746405030678 0.1006757683550472 0
6671 1.072368416705074 0.2221817141034738 0
6672 0.1340158635859596 0.06294323967977977 0
6673 2.064903881974439 0.2052659888369673 0
6674 0.2092550733212527 0.372848612986566 0
6675 0.824333346262485 0.3451562261089979 0
6676 0.5493701784375384 0.07231651292231558 0
6677 0.09965189005326636 0.1175182124112454 0
6678 0.896593602002474 0.1726459107570837 0
6679 0.8069279289250123 0.0223021754605435 0
6680 0.02833459934449412 0.08255134658108448 0
6681 0.5869620155009592 0.3859508602516498 0
6682 0.03664865209934476 0.1840268177006846 0
6683 0.3030959269818284 0.2518456159101082 0
6684 1.817723081283862 0.2806106532691219 0
6685 0.1272025941061623 0.1846850395191831 0
6686 0.3335322387658187 0.300744549968977 0
6687 0.2439758000669983 0.03729595084051188 0
6688 0.514304856833916 0.2840907376053514 0
6689 0.3117359055606996 0.3461969942703986 0
6690 1.141203391900987 0.0133247209173569 0
6691 1.655383493093386 0.1161513836110411 0
6692 0.5973875894846071 0.2260483599925587 0
6693 0.2560888484648943 0.08739757493906093 0
6694 0.2068279983645269 0.07542257142401901 0
6695 0.9359467522954763 0.2768939028147444 0
6696 0.1323665563893737 0.3195989305671781 0
6697 0.5450724387972986 0.3437875665158832 0
6698 0.04159512682886213 0.1776857764569967 0
6699 0.08379193248926864 0.1273225129520298 0
6700 0.2286347637341666 0.3218700611088612 0
6701 0.280979541778976 0.05324579805372462 0
6702 0.7628071388457849 0.1221135064041038 0
6703 0.2927548956661142 0.1833689661930901 0
6704 0.3361079555390771 0.3826179169166032 0
6705 0.9413848739018218 0.3372115852671321 0
6706 0.1382660062233939 0.2377743148439327 0
6707 0.00776621543500422 0.1897714914433842 0
6708 0.4675329039315615 0.1107742830096849 0
6709 0.3793200995497805 0.150094205050902 0
6710 0.218563626604904 0.1338921287479201 0
6711 2.025879507692691 0.1073927999912667 0
6712 0.07723117035309057 0.2471252309790686 0
6713 0.09269805325576086 0.2247460464095503 0
6714 0.2682974041469166 0.2035245499220352 0
6715 0.2298648522323345 0.08172879680294684 0
6716 1.218874751878631 0.3822775099446458 0
6717 0.9395257803087618 0.3852064649648498 0
6718 0.4331862588701451 0.2001305888243367 0
6719 0.09738763061659728 0.03902281868598165 0
6720 1.794262921958151 0.2940469790360862 0
6721 0.1416126924694799 0.1128216305845064 0
6722 2.075912790630952 0.02636532768257832 0
6723 1.678419012362814 0.1023125487365192 0
6724 0.3542778178233204 0.2808430608477381 0
6725 0.8604194043756471 0.3972229232417994 0
6726 0.1587059415163313 0.1161207632865745 0
6727 0.6663806731016684 0.3783637918448663 0
6728 1.654611826597801 0.3457709289769922 0
6729 0.7764871141549984 0.1222160054334439 0
6730 0.1917890721750084 0.3374161050976524 0
6731 0.1330665682312508 0.08913874525821465 0
6732 0.3131477461727661 0.1715151820979969 0
6733 0.3086918939479445 0.2477627897343205 0
6734 1.777900830995998 0.2933352687331474 0
6735 0.2728086053320113 0.05116372442615311 0
6736 0.3486926491701505 0.2091086385732802 0
6737 0.7387841798030876 0.02148004620705091 0
6738 1.694841764688953 0.1028983556003582 0
6739 0.09075124690270253 0.2952714944266781 0
6740 0.1152504778654458 0.108417906621194 0
6741 0.1488994288516574 0.3681673493571525 0
6742 0.2506018661180336 0.04722630168253059 0
6743 0.9555514527260255 0.3376360195914943 0
6744 1.132718020450954 0.02662951042772152 0
6745 0.1651541945161588 0.07839902468409066 0
6746 0.1698476389178203 0.2618444077723505 0
6747 0.2694821672933196 0.04306093254277873 0
6748 0.2712232409591109 0.2628545574735182 0
6749 0.319837190656125 0.1738600478812855 0
6750 1.183440351492482 0.1567847681584011 0
6751 0.6097733969943328 0.2137755333723461 0
6752 1.999756929628987 0.2332913588126566 0
6753 0.09324846795506425 0.2837819466779614 0
6754 1.769443336159339 0.2793426373509615 0
6755 0.1244551628176644 0.2700707160831392 0
6756 0.1280989855420519 0.2653843133378241 0
6757 1.703463154510449 0.1167828286351104 0
6758 0.2033425446853768 0.02991401138871466 0
6759 0.3970712432084079 0.02863925370794823 0
6760 0.5132264178259425 0.07144337892056063 0
6761 0.2175565609003398 0.3735426159857975 0
6762 0.5001597195231166 0.3907214676374204 0
6763 0.5304119102081591 0.2944010897118053 0
6764 2.060425602267219 0.02615085323084487 0
6765 0.9500825434647455 0.2772208482691798 0
6766 0.2581280026730154 0.04856993697164885 0
6767 0.9040573095282581 0.1606447777807744 0
6768 0.08080518709719664 0.05820512831194685 0
6769 1.230659612207634 0.3974672770707201 0
6770 1.676295823768105 0.3319208598443352 0
6771 0.263373905776603 0.09548750661199473 0
6772 0.2037413956795259 0.4026233279815297 0
6773 0.04042529438783449 0.2457880009425005 0
6774 0.6226693790310609 0.1734402365375864 0
6775 0.3658441209019776 0.3655191216018835 0
6776 0.6989663973283531 0.02098565830119895 0
6777 0.1979007657453764 0.3648861067418623 0
6778 2.176333096557133 0.3979222190909941 0
6779 0.06564851708340158 0.1880516570536759 0
6780 1.745818374876268 0.2924827061179234 0
6781 0.8376866514409052 0.3696100553949676 0
6782 2.188525505567912 0.1140808602676323 0
6783 1.726811732772239 0.1033870036469742 0
6784 0.3313888556844899 0.3920313957394399 0
6785 0.784972905012828 0.1106683118710788 0
6786 0.3302061677393602 0.3320314643932618 0
6787 0.4370331287472535 0.09953662695888732 0
6788 0.3253839596338278 0.3397105940889442 0
6789 0.8313085047284003 0.3576800672898082 0
6790 1.110149980633706 0.01314218087921193 0
6791 0.01583126129119039 0.263979677244657 0
6792 0.1333077737524925 0.4030013848626104 0
6793 1.737239803625317 0.278503133226637 0
6794 0.006943168547999257 0.3980934789484666 0
6795 1.556981635398296 0.1728559987009016 0
6796 0.07001744668788845 0.216661699868346 0
6797 1.735549152295061 0.1172480777464528 0
6798 0.2485547444133649 0.2769277887387397 0
6799 0.1634379192417258 0.1597857952839947 0
6800 0.1474615169149025 0.2731075525786551 0
6801 0.333915807093332 0.2606564339774873 0
6802 2.002059884978972 0.1208123484319488 0
6803 0.4534568274040771 0.2710763510492744 0
6804 2.188071850029869 0.2961976057714041 0
6805 0.1925299792131443 0.3716069639104194 0
6806 0.2421643064785051 0.1580417585890793 0
6807 0.07871812938851286 0.1600421712430304 0
6808 0.1784692991010849 0.1158087181745232 0
6809 0.09067635747100611 0.1912000873157649 0
6810 0.2700849300651182 0.3714788224567884 0
6811 0.2949169450193303 0.07667321067110699 0
6812 0.9698191148535834 0.3379663547280896 0
6813 0.1485547846162886 0.01553289637506788 0
6814 0.2708300068265139 0.1942597832949944 0
6815 0.628234780070644 0.2031959190826392 0
6816 0.9598746860511063 0.3979093654594152 0
6817 0.5371284187366082 0.2846110627211898 0
6818 0.09786727305901222 0.128894684703608 0
6819 0.9643930239037773 0.2775128371654965 0
6820 2.187297076761487 0.3703860938565839 0
6821 0.3162350438074253 0.1839246170211 0
6822 1.713796311055706 0.2916897664337025 0
6823 1.758695244203452 0.1038118219258525 0
6824 2.044555614704451 0.02589492855345912 0
6825 0.3752044116522238 0.3835961129268849 0
6826 0.125025631470951 0.03088405703335942 0
6827 0.1605234095826675 0.3615570384047901 0
6828 1.244667868736146 0.3968130470278169 0
6829 0.2465277558184693 0.007906295704042415 0
6830 0.4146677179704681 0.1510388416132337 0
6831 2.009577194012866 0.1347725345951941 0
6832 1.685370432990728 0.3456031353703412 0
6833 0.07437657762281424 0.2404828773060412 0
6834 0.1663221210623851 0.3698679202696693 0
6835 0.6982834482692022 0.1201284755870455 0
6836 0.3847863011961882 0.2013072532302327 0
6837 1.809743561277438 0.1604760715621277 0
6838 1.201133456936041 0.1579867237637567 0
6839 0.273507235445733 0.3942442336176237 0
6840 1.767566439377522 0.1176182538253489 0
6841 0.8316597817381057 0.3857961150917188 0
6842 1.70504846091188 0.2777330025966557 0
6843 1.637223507974797 0.01163658453531877 0
6844 0.2984987682143236 0.2684145842446971 0
6845 0.1031808422376467 0.03275735699040705 0
6846 0.1256302759143373 0.3108802695522431 0
6847 0.08696168978256003 0.1327691220962783 0
6848 0.9179349783135144 0.1609461848659869 0
6849 0.594349867714681 0.3947527391920903 0
6850 0.5632218125941192 0.3339391433181236 0
6851 0.07442871979510968 0.06476599219610793 0
6852 1.424146881150083 0.3830874096861336 0
6853 0.2860085407396458 0.02559601581517248 0
6854 0.1630297650336778 0.1117148534947394 0
6855 0.1932328853227613 0.1464285364317998 0
6856 1.101694330533011 0.02609510646604365 0
6857 0.3595367436905268 0.1290321988385179 0
6858 0.1829077168593191 0.3631252393932701 0
6859 1.789736209276157 0.1036684394708024 0
6860 0.3290261510810755 0.3184079164593085 0
6861 0.9842021900225913 0.3383690759489452 0
6862 0.8027389805133263 0.1232530089508368 0
6863 1.681763170174055 0.2908974442899015 0
6864 0.1218476945600832 0.09262056109690725 0
6865 0.2414680709856352 0.3237175617156088 0
6866 0.4756729453838766 0.2720764874679451 0
6867 0.1755461291374938 0.3621317669731702 0
6868 0.4316662176129483 0.05366544496890069 0
6869 0.6362603816888623 0.173028223574037 0
6870 0.6729828791314452 0.3891548974505017 0
6871 2.064505650958392 0.2925032178832613 0
6872 0.4486312066256305 0.06054394152405773 0
6873 0.3705234609310942 0.3745070368023216 0
6874 0.3329535281031226 0.01794099402108762 0
6875 0.6456671905849674 0.2267875507476108 0
6876 1.672886747294412 0.276995123513616 0
6877 2.000787152029917 0.1490905434254297 0
6878 1.707883338123078 0.3325092802617559 0
6879 1.806400028410363 0.104361770557835 0
6880 0.4027079674721391 0.01916546360820823 0
6881 0.3648259035777491 0.1945272977744936 0
6882 0.7233149427992561 0.3890410398415665 0
6883 1.266899618901586 0.3837612059188079 0
6884 0.3021100963943537 0.09842555986154483 0
6885 0.8171740807582086 0.1230448094204186 0
6886 0.2301972039094951 0.3677569330902439 0
6887 0.4073107580809403 0.3835168751940286 0
6888 1.81566774234101 0.1181650434278091 0
6889 0.1502040077932738 0.1784628927706554 0
6890 0.978721755397435 0.277862857843624 0
6891 0.1172714354143359 0.3182439581782632 0
6892 0.2253354695301093 0.2477386636017178 0
6893 0.2930679292531431 0.2797347224810727 0
6894 0.07889538067944213 0.3966529081278748 0
6895 0.2903403707771748 0.2526163869963225 0
6896 1.650656035499022 0.2907349200438184 0
6897 0.1438459100177413 0.2776094956677428 0
6898 0.06453044301317368 0.06408780926066462 0
6899 0.5812485038914186 0.3240813257498498 0
6900 0.4644676290998384 0.2714943415864554 0
6901 1.079730227030264 0.01234023346903765 0
6902 0.1133373280119878 0.1018969779109336 0
6903 0.389943274844379 0.1934964432179341 0
6904 1.838423721745406 0.1048594572133749 0
6905 0.4386315167264696 0.3507654367725452 0
6906 1.633848323975945 0.2898047888419539 0
6907 0.2536701196294068 0.1518879808640117 0
6908 2.012769613706686 0.02568545005432718 0
6909 0.1952097934264267 0.2656189983901728 0
6910 1.847710347251023 0.1185906327745217 0
6911 0.5923714349750928 0.3247695334216137 0
6912 0.4129105191653235 0.2328508084431167 0
6913 1.210597124530675 0.1720611661011471 0
6914 0.3944420972925049 0.3026617535692686 0
6915 0.3074833882134997 0.01566275204165535 0
6916 0.5081363591477903 0.380691165316013 0
6917 0.5099714838409013 0.2020191347360608 0
6918 1.624593247610375 0.275756876456035 0
6919 0.9987350079762417 0.3386680735334406 0
6920 0.2493659435155641 0.1514146120581364 0
6921 0.4380153135472963 0.2089468579919851 0
6922 2.021556769029854 0.01281193242390913 0
6923 0.2195774137502793 0.2547282829163658 0
6924 0.5537753410772692 0.2946396983077244 0
6925 2.08122751638907 0.2596821766946168 0
6926 0.658699569137154 0.214069879565046 0
6927 0.2069286820997915 0.2581636576417761 0
6928 1.717515935305731 0.3466300606630068 0
6929 0.1542653697668203 0.2442550524448775 0
6930 0.3311230637308098 0.2427690196055208 0
6931 1.869184391569687 0.1046060622250677 0
6932 0.9678846774467829 0.3860979623186662 0
6933 1.44337373936251 0.2284691414846943 0
6934 1.063766200359642 0.01275174849136126 0
6935 0.3902735904073403 0.05492935887684181 0
6936 0.9932427508091747 0.2781304623121903 0
6937 1.275821232585132 0.3969585669312059 0
6938 1.601642745035581 0.2889090531752007 0
6939 0.08490606898440234 0.3844825780415695 0
6940 0.8256256201778891 0.1116772012290385 0
6941 1.990030522162425 0.01304451508380419 0
6942 1.033628315774917 0.01192506298160256 0
6943 1.886085890898848 0.1053964627368464 0
6944 0.3170233524201542 0.3391993136267457 0
6945 0.3633818896013512 0.1649465798411993 0
6946 1.592370866319845 0.2749952660645119 0
6947 1.274516456528192 0.3456105884782015 0
6948 1.05522645444447 0.02545529205551325 0
6949 1.307256799359407 0.2358382666795688 0
6950 2.175509075335079 0.1511352824438129 0
6951 1.895748186116338 0.1190867577489052 0
6952 0.9320441870746135 0.1611258607649727 0
6953 0.2783604122017039 0.3721755989907863 0
6954 0.4004160406129968 0.1919581518432383 0
6955 0.0155353194480381 0.1645792371007097 0
6956 0.3854624170493697 0.3837939591753263 0
6957 1.017825071657567 0.01243835734946983 0
6958 0.2018696386842768 0.06220635242860204 0
6959 0.2200112349285043 0.2774428421110831 0
6960 0.9882161784780249 0.01164116212613106 0
6961 0.1469619389367017 0.1879220901946979 0
6962 1.050835881316957 0.3278822424411013 0
6963 0.3899705746080571 0.2546383721439727 0
6964 0.4939897521486025 0.3509114798009061 0
6965 0.3518241544325205 0.1052531277461305 0
6966 0.06812546150080756 0.02464370093540041 0
6967 1.570812369704258 0.2888422663024659 0
6968 1.009425933874873 0.02486361603918433 0
6969 1.013623606220438 0.3388357838659311 0
6970 1.858861610269894 0.3463430065234921 0
6971 1.91688832461608 0.1051265371466416 0
6972 0.220363493819613 0.1388834198171199 0
6973 0.0500639205478941 0.4034613961386484 0
6974 0.6086635335748237 0.335433756180742 0
6975 0.9727221457137845 0.01215584295400929 0
6976 0.2385428490083392 0.2999555754262823 0
6977 0.06570567890712065 0.07773121926302812 0
6978 0.13063486557322 0.02531551483553432 0
6979 2.172887551877643 0.2635539334198639 0
6980 0.9436693720379625 0.01136446084163703 0
6981 0.6447826674415146 0.1624212532337667 0
6982 1.553755329529072 0.2878226562078243 0
6983 0.01625228842348703 0.07134642355683282 0
6984 1.981089691837226 0.02594159114600156 0
6985 0.1460571737655683 0.2827609017829094 0
6986 1.73254006257892 0.3462252061728363 0
6987 1.933045365944737 0.1054764262153361 0
6988 0.05662617358592237 0.09650358278248694 0
6989 0.6910800800118848 0.3787474736074106 0
6990 0.4047756694304092 0.1839549358255164 0
6991 0.09073449095722541 0.3637633681977794 0
6992 1.544094636041382 0.2739671605824954 0
6993 0.9644932287474983 0.02430592795004605 0
6994 0.1437628095684 0.2153573624483264 0
6995 1.233630773275273 0.1588047818476978 0
6996 0.1206608193419617 0.2754173455295298 0
6997 0.4250497589860943 0.1521854233117465 0
6998 0.678015844288987 0.2031124525779488 0
6999 1.357222222564561 0.2272106145075485 0
7000 1.298069687753506 0.3842891769886351 0
7001 0.9284859024643602 0.01196412958686202 0
7002 0.2113533288287335 0.3944508539464731 0
7003 2.188691299273794 0.1290243774667423 0
7004 1.42116567664532 0.2440048710643854 0
7005 0.9880188719137288 0.39887121727052 0
7006 0.2502039230968 0.1689939715912152 0
7007 1.028216094241247 0.3391388390997147 0
7008 1.344262999459686 0.01561820327505273 0
7009 0.2819038714562675 0.3948075811178989 0
7010 1.522531488124523 0.2877347353141902 0
7011 0.5110033028722237 0.3421176166971714 0
7012 0.03083654170255468 0.2245099826573297 0
7013 0.5608452029302191 0.284732550291317 0
7014 0.4142121799636994 0.01898549691365661 0
7015 0.920173883295951 0.02415502506200146 0
7016 0.3141918261207615 0.3048843945895292 0
7017 0.8712868653883837 0.01092950634310977 0
7018 1.007834819282744 0.2784083107602033 0
7019 0.905528572172792 0.02415223784057105 0
7020 0.1376831071766389 0.3961049702001769 0
7021 0.2585491703911349 0.274187580191578 0
7022 1.508076623899263 0.2895881514673471 0
7023 0.3725678950598479 0.1260701447378935 0
7024 0.06241956023257655 0.2150359264601454 0
7025 0.8438737660033547 0.1242357432716869 0
7026 0.06208971229675031 0.09054124840769594 0
7027 1.494348505712342 0.2703273614702389 0
7028 0.8911573788573561 0.0239008778157547 0
7029 0.1823871352382576 0.1445232133205508 0
7030 0.1436133945018998 0.1561631301325774 0
7031 1.755236202896735 0.3332524156902161 0
7032 0.6158267105721866 0.325734953167745 0
7033 1.958767832364686 0.01297927621553144 0
7034 0.6036015220216974 0.1053374512020591 0
7035 0.305323894613568 0.1055962005397905 0
7036 0.2123022201691488 0.3260275614980508 0
7037 0.856602184194562 0.01150584564729804 0
7038 0.3135902063134743 0.1548894172161815 0
7039 0.689954921469916 0.217786572845531 0
7040 0.07148774398064384 0.159146292503085 0
7041 0.223589743740731 0.08082028664291321 0
7042 0.3663111020189843 0.3329606551837174 0
7043 0.01442127613938027 0.2561495754964827 0
7044 0.3072976089030309 0.2211615412428435 0
7045 1.931817198998008 0.2290142182453792 0
7046 0.848600228150557 0.0232063660065869 0
7047 0.8585071779828518 0.1240276669218993 0
7048 0.3899759392573607 0.3409385404763562 0
7049 0.801065081226457 0.0105978715433114 0
7050 1.949512627452509 0.02561609823885766 0
7051 1.294017829803467 0.2975338761072688 0
7052 0.9463453147478076 0.161306569315969 0
7053 0.8344268917192246 0.02324361431798375 0
7054 1.036034410360299 0.3274608679947827 0
7055 2.175488948222689 0.2386964725490005 0
7056 1.095981487094767 0.329194003363083 0
7057 0.03562820546234713 0.2520649703955948 0
7058 0.2108206075676864 0.0684470973922893 0
7059 0.820713886952534 0.02267719570107721 0
7060 1.243470142725794 0.1728865753327357 0
7061 0.00784998492166733 0.02747042250420284 0
7062 1.30729043321447 0.3976074577456806 0
7063 0.1988217095957087 0.05522832798912927 0
7064 0.5193155432349418 0.3810436889603342 0
7065 0.2443893422969086 0.125964754031924 0
7066 0.2212908112137391 0.292752051701179 0
7067 0.7874005503255666 0.01037609683434035 0
7068 0.4206648638385618 0.009567688353474768 0
7069 0.556264400831004 0.3440412997691827 0
7070 0.1803263424166017 0.07021940237609922 0
7071 0.1407798082740379 0.2331996218983845 0
7072 0.7790830261786597 0.02260899820061626 0
7073 0.7325220819857046 0.01068319489382255 0
7074 0.3783299270188412 0.1341477515697016 0
7075 1.022461444764351 0.278826180924487 0
7076 0.3295358102478061 0.07769311557293088 0
7077 0.765438079096161 0.02250656948288562 0
7078 0.2721631531085675 0.1997774330164346 0
7079 0.5725295587948123 0.285117025250926 0
7080 1.763876677789973 0.3462270973745717 0
7081 0.7028740200280643 0.20317283480973 0
7082 0.4355960439810116 0.3388954475398993 0
7083 0.7521831656428979 0.02184654009711595 0
7084 0.3581782958278968 0.287989506870391 0
7085 0.3874929667958485 0.1502119338539848 0
7086 0.7190083622171732 0.01071213213291419 0
7087 0.6373690115425263 0.3472342817723862 0
7088 0.1288597996785241 0.1754569242805105 0
7089 0.1007636096632993 0.02431334828262574 0
7090 0.1412580813397107 0.2913898199566139 0
7091 0.5738469485029505 0.3347554391309071 0
7092 0.04838343919539012 0.2467000654785829 0
7093 0.4370454027835525 0.0193274329428228 0
7094 0.6927759037315675 0.01043744904363333 0
7095 0.8672890425402509 0.1126876663555375 0
7096 0.1784867831932462 0.01512091139114169 0
7097 1.058213933335932 0.3399213412947741 0
7098 0.2267928291396299 0.2594259783720126 0
7099 0.5257239151105471 0.2258906454074218 0
7100 0.6799961433261259 0.01064732725475007 0
7101 0.1476725698372046 0.2493156949771635 0
7102 0.6593655383309314 0.1755464681660827 0
7103 0.3960538372033675 0.3837935792940138 0
7104 0.2340182273342386 0.3749332030365879 0
7105 1.096191247063881 0.3770401397814009 0
7106 1.329300998545009 0.3848094514080597 0
7107 0.7120518945208111 0.02122842919379755 0
7108 0.7636764945223623 0.3888456159836365 0
7109 0.04205877435860317 0.01711666888570545 0
7110 0.3166297379271088 0.1016777043487291 0
7111 0.4490259238213808 0.01901496696331609 0
7112 1.785947077915718 0.3327186884787022 0
7113 0.1950914678793482 0.3441008569307338 0
7114 0.1372004643571428 0.2007074424383788 0
7115 0.6500441270247262 0.3472157879170745 0
7116 1.266125541133116 0.1593828789678306 0
7117 1.072981601765446 0.3402769064970719 0
7118 0.2721397438990222 0.3196998650986476 0
7119 0.4562479594547695 0.008975168905783731 0
7120 0.0595286593522435 0.2082311332486738 0
7121 1.037299227450513 0.2791995459018274 0
7122 0.02134856447047406 0.2245449240928556 0
7123 0.4684781111605557 0.008590325451900999 0
7124 0.005781415651047395 0.3904884142094016 0
7125 0.1169850360999564 0.2816530678384126 0
7126 0.3919342291442169 0.1578893777114463 0
7127 0.3553570126682124 0.1357913526142241 0
7128 0.7151784288834149 0.2180413640869261 0
7129 0.3756317981066801 0.06295356131198229 0
7130 2.173996042550237 0.1781464726732787 0
7131 0.1767681417567564 0.1513514258703217 0
7132 0.06407890486898049 0.1584832550913358 0
7133 0.2467516721059071 0.2892513611676084 0
7134 1.002386528865861 0.3990375136584524 0
7135 0.9605812984059772 0.1615866785215135 0
7136 0.5843904801238715 0.2851344256716072 0
7137 0.7033424188749382 0.3788849292532932 0
7138 0.1142065338226782 0.3440708064354389 0
7139 1.923493314848943 0.1614831855167274 0
7140 2.174375650115046 0.0944765592501797 0
7141 0.2706859596992002 0.1416348213081919 0
7142 0.01411811213312841 0.2028204970268312 0
7143 1.276779339403572 0.1734927219715651 0
7144 1.559229270021766 0.0110237980993412 0
7145 0.4725067671778104 0.1451749102882366 0
7146 1.801832688472986 0.3330404256127446 0
7147 0.3748922544794756 0.1424537169845661 0
7148 0.4070462994303081 0.2937704532791915 0
7149 0.6574120160388773 0.3375782379305583 0
7150 0.2227907665655955 0.4025513090900776 0
7151 0.6948417583383577 0.06412125549253603 0
7152 0.8863965936601268 0.1252713796477934 0
7153 1.927665826037495 0.01200461157716567 0
7154 1.338075214879202 0.3974045588410802 0
7155 0.1683320694734732 0.2846727205750926 0
7156 0.7284263311981884 0.2034194565625745 0
7157 2.055797232528715 0.3838515448415714 0
7158 0.4384910388809955 0.383607178197192 0
7159 0.306154210897843 0.2360628409820628 0
7160 0.3365286605243407 0.04866809562262411 0
7161 0.3042690505596929 0.3452900921736537 0
7162 1.080973515517839 0.3286233565442443 0
7163 0.3036710427663672 0.2458291561478043 0
7164 0.1984095734439001 0.0359284017642082 0
7165 1.991978518475251 0.3822632827175459 0
7166 0.3050656831197099 0.1470735001535987 0
7167 0.4901736997360819 0.02947210772093733 0
7168 0.8985136080343141 0.1274841594167172 0
7169 0.4233152687243549 0.1679296541139778 0
7170 0.2751563114315762 0.3303089301039029 0
7171 1.052199304322862 0.2795160952032308 0
7172 0.4931094435093393 0.174887230896089 0
7173 0.299186990129501 0.1225147520337448 0
7174 1.914271328377159 0.009901310300279714 0
7175 0.2656144752619296 0.1856333599623518 0
7176 2.17347234972151 0.2034243006871644 0
7177 0.18911737128193 0.06103252196911102 0
7178 0.7408823618586006 0.2181961762348746 0
7179 0.3059398074257732 0.2588051618593298 0
7180 0.5324768609927515 0.3930864642953786 0
7181 1.944474563137152 0.3823353127785951 0
7182 1.959737837703904 0.4002765888748907 0
7183 1.913663113692585 0.3823992344149567 0
7184 1.92876567414781 0.3997132836098373 0
7185 0.6712118847070503 0.1612586369059388 0
7186 0.7084638234730616 0.06406886234815792 0
7187 0.4972392436033983 0.01990371410470118 0
7188 0.1463213103150889 0.3963615984363198 0
7189 0.3191827203896866 0.1090726819377535 0
7190 0.005878711055588903 0.2778078407178848 0
7191 1.810450289930783 0.3465130816577512 0
7192 2.023107277077339 0.3824597850122852 0
7193 0.322125690786549 0.3052857295223669 0
7194 1.889817588974517 0.3964795753427082 0
7195 1.296354698808151 0.1569779510246593 0
7196 0.6739442845467267 0.3486285593833454 0
7197 1.97321543301919 0.3978755638546663 0
7198 1.359547393934086 0.384327257934629 0
7199 0.2776905478491895 0.2631573760606702 0
7200 2.066339108041693 0.3974371612876231 0
7201 2.136088834570045 0.3851345027159171 0
7202 2.088836548721061 0.3853649048873355 0
7203 1.102720018471893 0.3418905869317865 0
7204 1.866005142681827 0.3824708844140102 0
7205 2.00656164908754 0.3997308884915571 0
7206 1.900578377670358 0.02770469821039759 0
7207 2.037221407048879 0.400076834928457 0
7208 0.07162821168028266 0.1878589754302251 0
7209 0.674941303244596 0.02048566061811616 0
7210 1.851361440312197 0.3999315020450954 0
7211 0.4479187511886292 0.2090141421916978 0
7212 0.154304093994728 0.1640617116125857 0
7213 1.834710681748499 0.3836999610868507 0
7214 0.01560737403821677 0.3980818560879242 0
7215 2.098616926781659 0.3985889817254237 0
7216 0.9751063801968483 0.1617849775629949 0
7217 2.152799243814157 0.3853472931343019 0
7218 1.811725021405044 0.3966953325670248 0
7219 1.01001798965242 0.3870196432816804 0
7220 1.067094814071499 0.2799439719989348 0
7221 0.9115219346701507 0.1112528245148367 0
7222 0.2822726740490218 0.380149437768628 0
7223 0.5963993256591709 0.2854651842184579 0
7224 0.686810299967898 0.3483753102612425 0
7225 0.3755948490742552 0.3332985464012027 0
7226 0.05798151829933929 0.4035317443376679 0
7227 0.1213616085544686 0.01465259525619975 0
7228 0.2785479911609725 0.01450165899201303 0
7229 1.786712627747044 0.3845372061896015 0
7230 0.2476528829009601 0.2337216228276908 0
7231 0.5262551203086211 0.03005327668956967 0
7232 2.168927927070966 0.3857331714530974 0
7233 2.113848636385971 0.3982449387727586 0
7234 0.5141936875645465 0.03001283096921295 0
7235 1.922497265357776 0.3465096433427863 0
7236 1.58596732336787 0.2307559634002924 0
7237 1.764844247068043 0.3967447684344663 0
7238 1.451888104026668 0.3481383966367032 0
7239 0.2346406160088661 0.1420324682597807 0
7240 1.741077528708483 0.3825667085373888 0
7241 0.7542987264495161 0.2035823908000656 0
7242 0.2734839131351392 0.2281161514113573 0
7243 0.2424957298266316 0.1504084201381672 0
7244 1.72643817266337 0.3997199188811106 0
7245 1.710464275353054 0.3825490188270804 0
7246 1.310832386536247 0.1758156431200696 0
7247 1.826025924888354 0.3468248570421908 0
7248 0.09094953070724032 0.1279160213096392 0
7249 1.881686757498145 0.01212232449601672 0
7250 1.678535616388798 0.3838524327676479 0
7251 1.696063398406627 0.4000085532138088 0
7252 0.7100386761784878 0.3892032072993187 0
7253 0.06296876074018565 0.1701721614484329 0
7254 1.655712176601762 0.3958179649203822 0
7255 1.631923219452155 0.3827300999428835 0
7256 1.517874692067669 0.1262850443071936 0
7257 1.118185070326725 0.3420777838663577 0
7258 1.600444546836193 0.383941639266301 0
7259 1.618199678414727 0.400040891057951 0
7260 0.3269621180448392 0.1112661661451163 0
7261 1.574271722906223 0.3975283514814155 0
7262 1.374841072129483 0.3842618684061606 0
7263 1.552064947413776 0.385127940991136 0
7264 0.1390157261213385 0.0151263034936078 0
7265 0.4705450494439254 0.1751603127661738 0
7266 1.440512981955853 0.3856299770148186 0
7267 0.7165248937030486 0.05372589681476722 0
7268 1.521944414403105 0.3843325617483941 0
7269 0.1981119861195814 0.1412009752229007 0
7270 1.473981463056294 0.3853035738955121 0
7271 1.542611244052414 0.3974670270583667 0
7272 1.496513722574198 0.3975666020581498 0
7273 0.2397509054195351 0.3427643037239613 0
7274 1.464585177394454 0.3976913235563607 0
7275 1.405312584651952 0.242057676467116 0
7276 0.5335785844758718 0.02027446394676649 0
7277 2.189435773366911 0.06798338810806026 0
7278 0.1750257535750227 0.255801425494728 0
7279 0.2085253439897929 0.3320685747517743 0
7280 0.6949646603929622 0.3380532383208362 0
7281 0.2663809820670301 0.1929158635000923 0
7282 0.3883889735110064 0.1652878227000861 0
7283 0.2927261221443447 0.1205598868495076 0
7284 1.86789148236045 0.009797657255858933 0
7285 0.2428077261444057 0.2947357172997531 0
7286 0.412303270442852 0.3757398881641899 0
7287 1.841423418519214 0.3468072184564249 0
7288 1.881803082240012 0.3352182252815692 0
7289 1.634777260695145 0.2321742315227229 0
7290 0.2981753982615553 0.139431413587081 0
7291 0.7668671896460431 0.2183879401220842 0
7292 0.1269042795218838 0.08747667214881363 0
7293 0.3000846047972588 0.0706753951094094 0
7294 1.082140160205014 0.2803069580752263 0
7295 0.06253609685390238 0.1813042656138094 0
7296 0.1196653189866783 0.2877149028679181 0
7297 0.2435399547523632 0.1619673712850088 0
7298 0.9285293753032261 0.1260330821827978 0
7299 0.3019347821255436 0.2408228622508996 0
7300 0.05662147872603995 0.1392471731025333 0
7301 0.4784588736636434 0.2363512428127467 0
7302 0.2000157463264667 0.2885612842374964 0
7303 0.0153704831571666 0.1115016341174338 0
7304 1.865796327243455 0.334415857158935 0
7305 1.328147913714394 0.1579399552218979 0
7306 0.334470206854214 0.1135167095056235 0
7307 1.133651283322869 0.3424490525745695 0
7308 1.853223761081942 0.02705352245826451 0
7309 2.188884611370312 0.344176293781874 0
7310 0.2617352660149773 0.2509338359343439 0
7311 0.1462473784208806 0.1234316016963505 0
7312 1.494139903213522 0.112587772698694 0
7313 0.5629430030490068 0.03037159723344229 0
7314 0.5506757086237494 0.03033225771380874 0
7315 0.6083932366575113 0.2856553011644411 0
7316 0.6840558283278838 0.175702522034232 0
7317 1.930667919725274 0.3332751953325648 0
7318 0.06051630986103684 0.1756566581715238 0
7319 0.7077223577113021 0.3382637867773016 0
7320 0.9412611168337215 0.128478841344976 0
7321 0.0312700922540281 0.2572939077318545 0
7322 0.4265499151727141 0.1758653301585585 0
7323 1.390525680088904 0.3845484668953977 0
7324 0.4909783305865968 0.1561492913243735 0
7325 0.1908338770030663 0.03496435742664644 0
7326 0.3011557821254827 0.1291231348680971 0
7327 0.2313227883036328 0.3279710746850137 0
7328 0.2357307941064292 0.01515387638030294 0
7329 0.02305223002420287 0.2664307893606229 0
7330 0.7804772699984166 0.2037220530428454 0
7331 0.9896313244301486 0.1620026583519983 0
7332 2.073839101313656 0.2711579028998249 0
7333 0.00678482458881069 0.04616276855363444 0
7334 0.3448119497243644 0.1237664677341618 0
7335 0.3662987778661665 0.2886686907989168 0
7336 0.005634951940288735 0.3766803323467351 0
7337 1.484326044461871 0.1249875160813368 0
7338 0.2640042575402465 0.3313853371672387 0
7339 0.2475467827337684 0.3434310029110583 0
7340 0.1276230517788304 0.2502489715938124 0
7341 0.2766696240007054 0.1487376259922216 0
7342 1.024404896909493 0.3872501512037386 0
7343 0.2560854769056023 0.3436842376712521 0
7344 0.7348857558057024 0.0652814512969116 0
7345 1.14918882596563 0.3430018372530813 0
7346 1.097348103643426 0.2806741110279236 0
7347 1.34287977456995 0.1764575253824093 0
7348 0.2170417073299261 0.07968276801559368 0
7349 0.570400305429247 0.02043111056199995 0
7350 0.2211078120192784 0.1447164237828349 0
7351 0.5426724092299591 0.3800537711487973 0
7352 0.125513087816376 0.2416214007808577 0
7353 0.03740623664185749 0.03318424441579995 0
7354 0.3137894193818875 0.2495761725426314 0
7355 0.1459159681854214 0.1610368747701068 0
7356 0.1616849042592989 0.2612582352530982 0
7357 0.1057957611001241 0.3439224870279889 0
7358 1.512098895239036 0.3976181072854712 0
7359 0.3833551017948217 0.09627845371032867 0
7360 1.837241355134171 0.01001216452886036 0
7361 0.264844112169289 0.343465122511218 0
7362 0.7932315250780526 0.2186028469470983 0
7363 0.9554299556328585 0.1125834111248853 0
7364 0.7206015552937868 0.3382971244179089 0
7365 0.2445176982252872 0.2376108313383593 0
7366 1.809493828943625 0.2414876129467839 0
7367 0.1653484697569434 0.2890640724928845 0
7368 0.2045255927187688 0.2619782566264678 0
7369 1.462024948479945 0.1110438171982443 0
7370 0.2651578790042701 0.274697453704846 0
7371 1.407026488441529 0.3847666746161603 0
7372 0.005317514444800997 0.3434337415092088 0
7373 0.09863874849074539 0.01579568440224707 0
7374 0.2287214249202552 0.3951482830660531 0
7375 0.2416655094693011 0.3758347890224569 0
7376 1.590004042649454 0.397855020044572 0
7377 1.164614653620705 0.3436638738878045 0
7378 0.2910545590932396 0.1141790461131341 0
7379 0.6203702649097071 0.2861084726018979 0
7380 0.5873824684275694 0.03043198313004916 0
7381 0.05310305255457748 0.1450201177465098 0
7382 0.7463606142494188 0.06726709959609889 0
7383 0.08151515429213796 0.377852728456628 0
7384 0.1380781307885408 0.2286159421280115 0
7385 0.4225387767445135 0.376002737068609 0
7386 1.98270093252258 0.2308898235738029 0
7387 1.362646671894983 0.1606404635428227 0
7388 0.602777508778314 0.008965242052866335 0
7389 0.5027116025677706 0.211348385437153 0
7390 1.448285531397727 0.1086891417719123 0
7391 1.822442626940467 0.02695799880918082 0
7392 0.1160200881603516 0.09022600731997625 0
7393 0.173854516030036 0.285176110068399 0
7394 1.785417935449524 0.2298587780419912 0
7395 0.2775760681056024 0.2198698631060284 0
7396 1.88974766015597 0.3484099242049948 0
7397 1.112758036984188 0.280978144550885 0
7398 1.180353140413466 0.3440526972119161 0
7399 0.2473287899362473 0.394565550453753 0
7400 0.7294605707239961 0.379724354763985 0
7401 0.6155004747139359 0.009027341067982669 0
7402 1.908145651897933 0.2169478224187593 0
7403 1.004359536148658 0.1622003935039992 0
7404 0.8070586646741507 0.2039078419902086 0
7405 0.04166423466159697 0.1450512944687945 0
7406 0.7332557761886684 0.3386887472734429 0
7407 0.3532012471796038 0.2038000392153743 0
7408 0.6965288647892569 0.1618529367093759 0
7409 1.251768262581834 0.3331041033508481 0
7410 0.1548567864542961 0.3967184488774163 0
7411 1.433614777664387 0.1262210891110284 0
7412 0.2111971501697466 0.3382435813945756 0
7413 0.2616220650964842 0.2108311900413118 0
7414 0.2696632464071208 0.2320101498463639 0
7415 1.834250351051185 0.2298230596523978 0
7416 0.1619479365526816 0.2937612523424458 0
7417 0.9699514507205371 0.1289552031527993 0
7418 1.966138592036216 0.2305517609695929 0
7419 0.1005597637680928 0.3501843831733332 0
7420 0.745835958977303 0.3392719089775384 0
7421 1.195794664935966 0.3447907213023678 0
7422 0.2860864068536004 0.3881757806234383 0
7423 1.905898377120414 0.3475213766226599 0
7424 1.774549707147226 0.02606876849597725 0
7425 0.4003432007505283 0.05502380798663151 0
7426 1.37702818852724 0.1586313049502869 0
7427 1.924503043537407 0.2167969253797151 0
7428 2.189550640187342 0.03888651987608335 0
7429 1.039048256635284 0.3875170901054009 0
7430 0.4971446762074695 0.2201947477624755 0
7431 0.7585403272505666 0.05259564146488035 0
7432 1.211435038526502 0.345254499731906 0
7433 1.804110857145102 0.01155487504534861 0
7434 0.02352652631723551 0.3981823624079564 0
7435 0.6324761236317284 0.2862034744894236 0
7436 1.128056745952526 0.2814099791861532 0
7437 1.26756759650563 0.3332854685854528 0
7438 1.417036541454374 0.1085621528475304 0
7439 1.227130356815289 0.3455266173505214 0
7440 0.9850253953722039 0.1133747355608302 0
7441 0.8199558080824492 0.2188342586803224 0
7442 0.007090929942884738 0.01302069628022684 0
7443 0.4157741409081208 0.2929014501595379 0
7444 0.3930701092570439 0.1726847289728015 0
7445 0.2933279688868645 0.2485630484322397 0
7446 0.08624727009634681 0.37079999612865 0
7447 0.6306843852343345 0.02178620504191367 0
7448 0.1176513371471737 0.09704624315917221 0
7449 0.4463661149563496 0.2267417264045768 0
7450 1.470428763510327 0.02030481477345031 0
7451 1.949253691457517 0.2300302648672484 0
7452 0.01249977413856507 0.3067281853590082 0
7453 1.668023332688465 0.3979830010447796 0
7454 0.01376622981421982 0.1574628151619832 0
7455 0.38477364057236 0.333582918871723 0
7456 0.6530950868628005 0.009258806203745695 0
7457 1.242840680591343 0.345616389747022 0
7458 0.6417220353888652 0.007668163874783557 0
7459 1.402037177512123 0.1258322356867236 0
7460 0.1787775027813749 0.06411100729872685 0
7461 0.3368203047768894 0.120645719329028 0
7462 0.2658808451179855 0.2355181766415982 0
7463 1.391719731138621 0.1770150414382174 0
7464 0.3571375571498534 0.09354237532064935 0
7465 0.06022478608350545 0.08241774584941336 0
7466 0.5535320715906914 0.3810632277314268 0
7467 0.211946945367689 0.1145534455043834 0
7468 0.3703618195688942 0.2959101304378187 0
7469 0.01429573964886588 0.178065982005462 0
7470 1.392241176821174 0.01484051909223041 0
7471 0.5948816619483023 0.01987136309327128 0
7472 0.2012650223765167 0.2930430334541179 0
7473 0.7588810327153448 0.3394114103316067 0
7474 0.1091459211357544 0.08847783640785353 0
7475 0.3621535567777079 0.1869281359942212 0
7476 0.2067434109119817 0.1130141534200772 0
7477 0.1739612619135453 0.2640310555552238 0
7478 0.2423126041649766 0.1217772760963409 0
7479 0.8340394539336111 0.2041953781891974 0
7480 1.79032931705013 0.009440392192137187 0
7481 0.2663580407315802 0.1772994134504761 0
7482 0.3410480632320033 0.02088042235746748 0
7483 0.06758688460263107 0.1937353589073856 0
7484 0.2523663707080301 0.2358332311873872 0
7485 1.954247246579027 0.3197415919886538 0
7486 1.290135602377203 0.3464724604731753 0
7487 0.2572287640431749 0.237347323883643 0
7488 0.09229391704240331 0.3498838669756633 0
7489 0.3289828972916053 0.3051010303542597 0
7490 1.305894202799283 0.3470645504867922 0
7491 0.2601802677132575 0.2033581121912589 0
7492 0.3981489143199026 0.2526368629194218 0
7493 0.7726804574169661 0.06737519779264764 0
7494 0.2385573319963152 0.2493217991952052 0
7495 1.382947636662303 0.1097976668337983 0
7496 1.01921016784307 0.1622886471531105 0
7497 0.9991736219735183 0.1295326991153637 0
7498 0.4512020330139246 0.1096936487957205 0
7499 0.06982236269380904 0.3970261674217165 0
7500 0.01247953474459029 0.3563437579551558 0
7501 0.00590580129619056 0.3656694043785098 0
7502 1.143523442530266 0.2817835186000641 0
7503 0.7417696940101449 0.3805171815339187 0
7504 1.322380580773496 0.3472998349760396 0
7505 1.410790623508016 0.3366188478394996 0
7506 1.759749747744794 0.009703870397569481 0
7507 0.06480982366588051 0.01729061068455964 0
7508 1.758045960965351 0.2397450837739847 0
7509 1.339427711889379 0.3473788950188473 0
7510 0.01518683345268257 0.2224010868148271 0
7511 0.155570608315482 0.2566232794948833 0
7512 0.2717871306682578 0.2243440688027945 0
7513 1.899295692051674 0.2301172579159381 0
7514 0.7093863524649977 0.1759039104711752 0
7515 0.8470845568446422 0.2191255748563291 0
7516 0.2589371757021834 0.2205972260451941 0
7517 1.371625587511297 0.3477923004713158 0
7518 0.4539697138899046 0.153052807861576 0
7519 0.3246371671370605 0.01688140081370015 0
7520 1.411203488648977 0.1615407489155432 0
7521 1.355528108327318 0.3476997283105384 0
7522 1.39578855704956 0.3347236610218307 0
7523 1.88312167551187 0.2300301485316188 0
7524 0.7717990687063349 0.3398109738036342 0
7525 0.6447970046160372 0.2865494165867263 0
7526 1.368750775632546 0.1073717951261372 0
7527 0.1627963426650288 0.07250077999830987 0
7528 0.4388396547024257 0.3284997430954242 0
7529 1.447562155535538 0.01090700735470748 0
7530 0.01390319271920593 0.2371756727362456 0
7531 0.1517477069136621 0.2980224367830991 0
7532 1.937829016013801 0.32125015222222 0
7533 0.1784299573075594 0.2641842015777022 0
7534 0.3076493966009144 0.3528139917824601 0
7535 0.1409562391421096 0.1220203856803763 0
7536 1.582880869794413 0.02230960995979281 0
7537 0.005187140440024995 0.2941895154255724 0
7538 1.0229587737218 0.1013176870596511 0
7539 0.237724044997808 0.3951806067085772 0
7540 0.2622558370510192 0.2388112474954265 0
7541 1.866911310957814 0.2297286048129327 0
7542 0.428043539998114 0.3839476133522029 0
7543 1.353852300011542 0.1247083098501579 0
7544 1.743106697480678 0.02603687166854859 0
7545 1.850783557893085 0.2293616700032274 0
7546 0.1715595414659319 0.01461880947157962 0
7547 1.456810297408208 0.2263640384627212 0
7548 0.5332088060270173 0.2001121695724822 0
7549 0.7846317853243148 0.3404296667880226 0
7550 0.08768191245453472 0.3569131187205495 0
7551 0.3044037075873656 0.1417416983642529 0
7552 0.4541994751680725 0.3302947465246658 0
7553 0.02397820958638563 0.08893301370443059 0
7554 0.1835749801800906 0.05876555266739819 0
7555 1.055183688091523 0.3868105204258699 0
7556 1.159150662369368 0.2821347128136282 0
7557 0.7852020547678896 0.05287746399575116 0
7558 0.2293208351815176 0.300106624120877 0
7559 0.179367730495769 0.2857208466973055 0
7560 0.1581171202104628 0.2987158455150025 0
7561 0.2609260555167978 0.1755770222021827 0
7562 0.155189677102103 0.07005704465200011 0
7563 0.01545755066075705 0.09831362334449888 0
7564 0.1760147009550797 0.07510082671101773 0
7565 1.728854993200569 0.009497080069192865 0
7566 1.425667508319053 0.159694630469693 0
7567 1.385735276459121 0.3481638124177654 0
7568 0.861392024851137 0.2045461521843825 0
7569 0.2893313563723969 0.1079956652207708 0
7570 1.678388375528221 0.02418383588542161 0
7571 1.71149661500615 0.02577425851139806 0
7572 0.2470367215317416 0.144856614886165 0
7573 0.1637560627797692 0.3968643056205505 0
7574 1.615692270949497 0.02456865477195222 0
7575 1.037103919260187 0.117602404209725 0
7576 1.335014657669576 0.1089042160744797 0
7577 1.776812072658233 0.3980305870262176 0
7578 0.3178304239104752 0.02382583233133651 0
7579 0.1697019995754594 0.07403863105230002 0
7580 0.1392831874938396 0.2064075589339178 0
7581 1.941810541634443 0.1192507003348368 0
7582 1.801508193449581 0.2295211084940264 0
7583 0.2688986385879079 0.01363925720876152 0
7584 1.82577262876596 0.2416178483016944 0
7585 1.697711328503349 0.009247737183111698 0
7586 0.2171143936986303 0.1160724573439169 0
7587 0.1455910880585837 0.2196660831362101 0
7588 1.052954037289223 0.1018831057777331 0
7589 0.1949738050536965 0.2875301413029082 0
7590 0.7979571469664699 0.3405470610817787 0
7591 1.441365016146014 0.1773685751846782 0
7592 0.2449551833345687 0.3825191607929672 0
7593 1.661675710769189 0.02311742930383284 0
7594 1.320900711489713 0.1065368679259773 0
7595 1.435628996832132 0.3487092055676678 0
7596 0.6571208388338536 0.2867414242774264 0
7597 0.3051120222937325 0.2304496576209438 0
7598 1.034143021852583 0.1625217871184494 0
7599 0.1076678369397691 0.08289974370788604 0
7600 1.459778536954239 0.3367248282696986 0
7601 0.8743975337465356 0.2193999546787883 0
7602 0.325600039613555 0.05677329544777646 0
7603 1.631187071448861 0.0240373469362368 0
7604 1.536133462643474 0.0227929080371739 0
7605 0.2514982315768577 0.2274604079221584 0
7606 0.5664989252255752 0.393207078468986 0
7607 0.4000456737661078 0.171751300110538 0
7608 1.305177033051628 0.1233731925283848 0
7609 1.174847400819233 0.2825067022852484 0
7610 0.7221345865447504 0.1624205028788357 0
7611 0.8018244554220135 0.06636835718716902 0
7612 0.2689552337834801 0.1834623239966961 0
7613 0.5078056354320044 0.1649573710470699 0
7614 1.551712825392274 0.02232202763330846 0
7615 1.070511277568976 0.3861752413686335 0
7616 2.188648336696515 0.01128320898863791 0
7617 1.59901963725909 0.0234158476493975 0
7618 0.2672947956060819 0.2405753027347588 0
7619 0.8111580099939966 0.3409969590808792 0
7620 1.520412866806173 0.02270837723800936 0
7621 0.2295353180800661 0.1448724835109869 0
7622 0.06389740712080583 0.1990150851469588 0
7623 0.108908098371859 0.2010328651191284 0
7624 1.652735080702828 0.01171816119571348 0
7625 2.188953134152107 0.3231053248507517 0
7626 0.4109905648733794 0.05408015158879845 0
7627 0.1431000957369881 0.2869387623059617 0
7628 1.823711765829532 0.3980924531225525 0
7629 1.067460630948588 0.1183038808539413 0
7630 0.08063054518413826 0.1320616189759482 0
7631 1.949258460234446 0.1309725437079598 0
7632 0.8895824676668302 0.2053519366776178 0
7633 1.980269787387638 0.3059206924848795 0
7634 1.481347562631948 0.2734145217249835 0
7635 0.3934128185667756 0.3339819351486024 0
7636 0.541724756979033 0.2265823854078053 0
7637 1.475610580467748 0.3365671674667106 0
7638 0.1285232732086561 0.2904698622758061 0
7639 1.504905541266996 0.02260669059757167 0
7640 1.289500118820125 0.1062813926429154 0
7641 0.2053909746818114 0.1077801317336563 0
7642 0.08127043384359256 0.3907675901588652 0
7643 0.005621463829400764 0.4043857779609065 0
7644 1.457543964099545 0.1605821314055255 0
7645 0.1463050336334902 0.196059241075158 0
7646 1.083896564786918 0.1024499462806376 0
7647 0.7466250743553917 0.3899654914330753 0
7648 0.3115119156513332 0.360809330448097 0
7649 0.2283057040985973 0.2639610747906883 0
7650 1.272938356012563 0.1227106889980631 0
7651 1.574577799777786 0.01048464857623574 0
7652 0.1838124661824339 0.2650137369683681 0
7653 0.6184914729446838 0.2169159211903833 0
7654 1.779562612312704 0.2415126351146417 0
7655 0.1376935555780187 0.08547162654916041 0
7656 1.190703578016417 0.2828954402726278 0
7657 1.490166970321591 0.02245348823164028 0
7658 2.18885085988139 0.3989405067757643 0
7659 1.49130463860127 0.3364739130119037 0
7660 0.6695862752046624 0.2870655481020249 0
7661 0.1848477667331065 0.2863214558403694 0
7662 0.2512904843516893 0.1729074434132754 0
7663 0.1889640330685671 0.02863198514350057 0
7664 0.2217536094390687 0.2824395668047261 0
7665 0.461681808238161 0.2290936720274734 0
7666 0.8141243931802535 0.06821373719606943 0
7667 1.474269802757991 0.1779300298636733 0
7668 0.211506890798509 0.07903002789046312 0
7669 0.9094673608217273 0.231929680527817 0
7670 0.1454878824635824 0.2453842827036316 0
7671 0.1069945890727751 0.1952022017129334 0
7672 0.03135612699422841 0.3984769162062065 0
7673 0.3455057274794332 0.1299303706012999 0
7674 0.2340218387724344 0.3344872665950595 0
7675 0.1346409241237865 0.1643736398896709 0
7676 1.5231076448487 0.1632284875035692 0
7677 1.098271332228944 0.1191031423408031 0
7678 0.4563639416882155 0.3774271105757893 0
7679 0.1474432418414875 0.1652055919717638 0
7680 0.2373047456592213 0.1204625184937866 0
7681 0.2089201976288515 0.2946744107101205 0
7682 1.257779766754846 0.1056022571283727 0
7683 2.178133904137931 0.3031670251284987 0
7684 0.5191718835871424 0.1650675569804868 0
7685 0.1362427375497222 0.02122028426998449 0
7686 0.3641114176701281 0.12298522208011 0
7687 1.24103617815585 0.1221678282740972 0
7688 1.959024905065599 0.3081972902889724 0
7689 0.08733607680242916 0.2825181284657177 0
7690 1.115149463617935 0.102993585206302 0
7691 0.9242675370503579 0.2173679074255625 0
7692 1.206587288806187 0.2832642806548959 0
7693 0.6380465295031194 0.2175610815523846 0
7694 0.4421674814688769 0.375979051923274 0
7695 1.879124045745459 0.3993076283249707 0
7696 0.4404033123683051 0.1751022138580577 0
7697 0.1552886346033256 0.2400994981173436 0
7698 1.049119229294541 0.1627669309812107 0
7699 0.337896975834328 0.2443966088833961 0
7700 1.900487788562306 0.3993175116917118 0
7701 0.5047162613235573 0.2282025214826817 0
7702 0.5897437077177751 0.2172392497112258 0
7703 0.09125449950482833 0.4052816849890744 0
7704 0.1892827467951712 0.2656520125631848 0
7705 1.507016394073384 0.336632727685869 0
7706 0.4152627827884854 0.04605888402440586 0
7707 1.976287699051897 0.281781866248198 0
7708 0.1522248758347955 0.323099867129807 0
7709 0.7346153412395766 0.1763276212678528 0
7710 1.47357826684425 0.2592530236820619 0
7711 1.226427707262542 0.1049823078381928 0
7712 0.6676462935393742 0.2171655107754605 0
7713 1.48983661278964 0.1611015337236852 0
7714 0.02251473665190895 0.1272173470709501 0
7715 0.9370059412523011 0.2324580996073264 0
7716 0.3884883209497553 0.2953953895796931 0
7717 0.1532767096121683 0.06240123013413315 0
7718 0.8269991472255207 0.05324657796645374 0
7719 1.128905018738869 0.1199167815946844 0
7720 0.2291517282354069 0.2956766614737619 0
7721 1.208025291565262 0.1206632785313314 0
7722 0.1127426469170874 0.01361108220167945 0
7723 0.3048376207048598 0.06512975835837576 0
7724 0.3222804125294645 0.3776234152733522 0
7725 1.370060977462388 0.01117788969203834 0
7726 0.1392916209543885 0.1169672446665662 0
7727 1.148387736806198 0.1052220075368603 0
7728 0.2221627029205911 0.1174939039707795 0
7729 0.6818762046128439 0.2872999367136281 0
7730 0.2931652520932565 0.1041319324539884 0
7731 1.468516763716325 0.01030716476019183 0
7732 0.1053590642036948 0.2048848884211462 0
7733 1.222360017135482 0.283856457885542 0
7734 0.2044740525283384 0.1029113952946698 0
7735 0.2136250649501436 0.05653600652862353 0
7736 1.753132326593506 0.2282618187974543 0
7737 1.190574099570078 0.1198543799015583 0
7738 0.4695688736306036 0.1192452247775137 0
7739 0.2684510847473507 0.2459346285045079 0
7740 1.467120014108562 0.246604488676996 0
7741 0.9528163068052155 0.2177353743603681 0
7742 0.1378485437746985 0.1606201285020657 0
7743 1.162553086507842 0.1035722279439068 0
7744 1.176331736438353 0.1209909056652687 0
7745 1.50637717243732 0.1783866389598751 0
7746 0.4988588146984421 0.1665202188972274 0
7747 0.06732642194934102 0.2396344443482149 0
7748 1.396225826538158 0.2270769215215313 0
7749 1.42483686417296 0.3705914345146525 0
7750 0.1723255738280345 0.3973158593281535 0
7751 1.075617108377676 0.3755229770304377 0
7752 0.199969434249215 0.2674462302780126 0
7753 0.5765770510864494 0.3812606211495132 0
7754 1.010883803433152 0.1154909648750527 0
7755 1.239007494584124 0.2837372421442087 0
7756 1.286890615002257 0.2854885198407231 0
7757 0.2319164697199567 0.119198048466812 0
7758 1.315947679832816 0.2869708945333791 0
7759 0.2563906815978716 0.1739421199101029 0
7760 0.2866519552602722 0.1842060256476234 0
7761 0.08490470170658337 0.3967453228060084 0
7762 0.1343564623335139 0.2909840309676774 0
7763 0.9654169321160788 0.2331760740861885 0
7764 0.2841996996651803 0.1442812387043173 0
7765 0.1899563113512223 0.2867106420856719 0
7766 0.00506620229959065 0.2163561253420301 0
7767 1.254816908185234 0.284336179212658 0
7768 0.1964943515748186 0.1002511692660382 0
7769 0.8395721391503989 0.05501433886662929 0
7770 2.176330713209798 0.2260160042283731 0
7771 0.1443914253847491 0.1842622074027274 0
7772 0.4878815659135914 0.1451658317311058 0
7773 0.01356544962895034 0.2491680767690043 0
7774 0.7659617428370826 0.3799976883788068 0
7775 0.2447487741398364 0.2849077261392 0
7776 0.7822410567563099 0.3825283928262656 0
7777 0.1365601184607045 0.07587158666165153 0
7778 0.3110058921092114 0.02172543329206175 0
7779 1.737152444206187 0.2276418676838549 0
7780 1.80109593499106 0.3993201832133842 0
7781 0.3621991055784273 0.1167007733904467 0
7782 0.1792902573142743 0.1088723303583718 0
7783 0.1020123568489821 0.2084124368361247 0
7784 0.22712114067041 0.1182475300268351 0
7785 0.1315842010518844 0.1682553211422879 0
7786 0.982277929666882 0.2190591376337218 0
7787 1.270962844771411 0.2847150867714759 0
7788 0.996824745103901 0.2188266429745697 0
7789 0.5307823382588555 0.1652220649647678 0
7790 1.982176775690832 0.2687991692393663 0
7791 0.3025565052471286 0.03011223084446452 0
7792 1.522734870791354 0.3367494910502745 0
7793 1.064408469780368 0.1626843059305803 0
7794 0.2074806500064507 0.06377871133416796 0
7795 0.242354059745859 0.2466242411945461 0
7796 0.6945199196451339 0.2876604245424665 0
7797 2.177572894447716 0.2751645719554652 0
7798 0.01494639878756132 0.06241269641751632 0
7799 0.1933857053744372 0.2577446724887922 0
7800 0.7476015305592342 0.1633617774593157 0
7801 0.8978733828787784 0.2167746436423038 0
7802 1.442669504660337 0.02162302278871153 0
7803 0.4273522559917929 0.3038770440155369 0
7804 0.4064838424271497 0.3361853893431529 0
7805 0.47960802918877 0.1206309172955616 0
7806 0.01513003188569018 0.330656299115162 0
7807 0.1051899897824194 0.1901781055594106 0
7808 0.3097279062912098 0.2257699275293425 0
7809 0.3352930926595986 0.2381121853293029 0
7810 0.1047474278147615 0.2160338966437347 0
7811 1.337915465201109 0.2853406368956498 0
7812 0.4042835342372282 0.254684680794324 0
7813 0.3414628790379896 0.2510642345574275 0
7814 0.3137979122726333 0.1499737625787942 0
7815 1.309349097221898 0.2984291145614689 0
7816 1.754317181726559 0.3993662613630889 0
7817 1.099596272509823 0.3880263044858001 0
7818 0.232061361078036 0.248767210809789 0
7819 0.8557328292854574 0.06900956855803558 0
7820 0.2824522735389283 0.2208296079165289 0
7821 0.1621487481171074 0.3190045223656551 0
7822 1.72086487753524 0.227212998301849 0
7823 1.011423529035483 0.2188233918906407 0
7824 1.36846707749011 0.286131785610668 0
7825 0.2099206007750105 0.2985296639257073 0
7826 1.02757831909354 0.2198343357122967 0
7827 0.1772858385467073 0.2530591940972196 0
7828 0.004605968833852891 0.3272747708696332 0
7829 1.35289873510035 0.2857528164726277 0
7830 0.3900965731161371 0.2623173212057156 0
7831 0.3396134903164244 0.2335647049358618 0
7832 0.1547934725002441 0.3288796698269633 0
7833 0.1490229171304773 0.1714220203472829 0
7834 0.1170675232527044 0.1533368046102407 0
7835 2.177080404530567 0.3621471754465427 0
7836 0.3439410083334833 0.2201957912830635 0
7837 0.1012075156587008 0.1841992925307996 0
7838 0.3152637306810537 0.3686529912090673 0
7839 0.1403027027381779 0.0538444587739477 0
7840 0.4900937910884495 0.1084633430010287 0
7841 1.380125497534537 0.2262665730364996 0
7842 0.5005764018352493 0.1100586299055948 0
7843 0.3796599299465293 0.2961879822962901 0
7844 1.382175986367377 0.2863408438057399 0
7845 1.354894764735948 0.238642488270898 0
7846 0.2889461983021481 0.3951435681696644 0
7847 0.3896492660372423 0.2782000108542407 0
7848 0.5953049935624428 0.4031596469164342 0
7849 0.01098268931387247 0.3862800351890679 0
7850 1.53845838809522 0.3369273041336999 0
7851 0.1809615562763665 0.3976366549409329 0
7852 0.282607765305926 0.1741498231378318 0
7853 0.7065434644087698 0.2889798736262433 0
7854 1.427369441369064 0.02183036540102862 0
7855 0.1225106917652465 0.2435011005153071 0
7856 0.2073754305041402 0.3434632738187575 0
7857 0.5430229865864384 0.1660286435368024 0
7858 0.2778668102238272 0.2541214458595826 0
7859 1.70476982568542 0.2269967120904589 0
7860 0.8692045478976367 0.05380807176335461 0
7861 0.2680274227078694 0.09160110432606058 0
7862 1.333604566708649 0.2367227784562679 0
7863 0.4814746452775255 0.228146819868641 0
7864 1.040858855023844 0.2188929244281484 0
7865 0.2843333558917389 0.1791751779561495 0
7866 0.3217606988803767 0.1861658210520949 0
7867 0.4633252432894039 0.2362171910923017 0
7868 1.066723867782018 0.2335613706845196 0
7869 1.417982920904382 0.3626806079284044 0
7870 2.004253531791347 0.2649164410519919 0
7871 0.1190654912835996 0.2345784862353749 0
7872 0.1785945063149488 0.1473823558091339 0
7873 1.078342408693608 0.1637375107209757 0
7874 1.611711109033022 0.2362875173663724 0
7875 0.2462351374961966 0.1487526764434632 0
7876 0.3526505627318213 0.1582571821991514 0
7877 0.493309238025028 0.2285005045248196 0
7878 0.1470895196484672 0.05664673593632522 0
7879 0.1457070908119281 0.2919374746059122 0
7880 0.3224566931042352 0.1573173329589584 0
7881 0.3340247132986518 0.314827018704226 0
7882 0.4363333827480618 0.3055469131270518 0
7883 0.135680990600107 0.2246319260085518 0
7884 0.3135292165704775 0.05817584867675821 0
7885 1.053601871523657 0.2348973547535344 0
7886 0.3166300293636471 0.084262120087371 0
7887 2.179476087408617 0.1358198551428896 0
7888 0.1729137194754797 0.1548916293201163 0
7889 1.389565126362781 0.2743035305195011 0
7890 0.2139560747477807 0.3053935661532171 0
7891 0.2521772223739551 0.1770239603992298 0
7892 0.1856702847973453 0.1032253212638273 0
7893 0.3204697517191055 0.2437327657487679 0
7894 0.2387725275858427 0.1580632669211597 0
7895 0.4106556110038109 0.2456777802184982 0
7896 0.8819574833868737 0.05517685662472244 0
7897 1.412183759122262 0.02142431721579321 0
7898 0.4306520936062126 0.04538382355365381 0
7899 0.2599511740446303 0.01263992931650176 0
7900 0.2250287232498562 0.1134053817725309 0
7901 0.5142945979112019 0.1216028591666494 0
7902 2.178291698593007 0.214243956584253 0
7903 1.688438019056514 0.2265204900315728 0
7904 0.06372847819638028 0.2443601486036557 0
7905 2.07956102674872 0.2960910682343119 0
7906 0.03886355327456115 0.3991850456130619 0
7907 0.169334925799195 0.2516241655489428 0
7908 1.397405056762087 0.2614710651432313 0
7909 0.01451943150803037 0.1358760763758644 0
7910 0.3236205015650815 0.07678666182865723 0
7911 0.1996768677833598 0.1380759647960252 0
7912 0.11471209656023 0.2278028980962563 0
7913 0.3860142655074764 0.2666728888945051 0
7914 1.645642758312201 0.3995360726206909 0
7915 2.178759825168044 0.1670370370370397 0
7916 1.087509991419391 0.2213496861042509 0
7917 1.101148841648065 0.2199540602088126 0
7918 0.006065696086398731 0.006005822319601617 0
7919 1.114361197458258 0.3889980086381375 0
7920 1.309331446953643 0.2238599327468278 0
7921 1.553746369304184 0.3377123559410691 0
7922 0.09939719802024793 0.3973208019477584 0
7923 0.4589771315301172 0.3849058120128609 0
7924 0.177285136484548 0.1119746923442757 0
7925 0.05731356653311903 0.005727152030742561 0
7926 2.179252340036729 0.106723810353028 0
7927 0.3665994294520366 0.181560755807952 0
7928 0.5249107678916964 0.1099891551954606 0
7929 1.3303196192783 0.2256862238042482 0
7930 0.1677097608112381 0.3197102410636762 0
7931 0.5542642062735584 0.1654050371501251 0
7932 0.03942254063354378 0.1502167812212796 0
7933 0.8405466563673873 0.3911681257480569 0
7934 0.2168582570488876 0.2508630822236702 0
7935 0.1133229660920663 0.2226862949763531 0
7936 0.1951149846642719 0.143185192149036 0
7937 0.0714868448395074 0.1291226420100795 0
7938 1.673346801574582 0.2269429440747494 0
7939 0.2687105919749655 0.2782393211787858 0
7940 0.1512855152812929 0.3330807704361263 0
7941 0.4471085487716536 0.2946652473100261 0
7942 0.4601394616310489 0.3379589645510384 0
7943 0.847545175870991 0.4024732004178034 0
7944 0.1923891472461965 0.2909726758281193 0
7945 0.8966226203376486 0.05563261651318957 0
7946 0.1209100082413059 0.1477392338585169 0
$EndNodes
$Elements
15892
1 1 2 1 1 1 6
2 1 2 1 1 6 7
3 1 2 1 1 7 8
4 1 2 1 1 8 9
5 1 2 1 1 9 10
6 1 2 1 1 10 11
7 1 2 1 1 11 12
8 1 2 1 1 12 13
9 1 2 1 1 13 14
10 1 2 1 1 14 15
11 1 2 1 1 15 16
12 1 2 1 1 16 17
13 1 2 1 1 17 18
14 1 2 1 1 18 19
15 1 2 1 1 19 20
16 1 2 1 1 20 21
17 1 2 1 1 21 22
18 1 2 1 1 22 23
19 1 2 1 1 23 24
20 1 2 1 1 24 25
21 1 2 1 1 25 26
22 1 2 1 1 26 27
23 1 2 1 1 27 28
24 1 2 1 1 28 29
25 1 2 1 1 29 30
26 1 2 1 1 30 31
27 1 2 1 1 31 32
28 1 2 1 1 32 33
29 1 2 1 1 33 34
30 1 2 1 1 34 35
31 1 2 1 1 35 36
32 1 2 1 1 36 37
33 1 2 1 1 37 38
34 1 2 1 1 38 39
35 1 2 1 1 39 40
36 1 2 1 1 40 41
37 1 2 1 1 41 42
38 1 2 1 1 42 43
39 1 2 1 1 43 44
40 1 2 1 1 44 45
41 1 2 1 1 45 46
42 1 2 1 1 46 47
43 1 2 1 1 47 48
44 1 2 1 1 48 49
45 1 2 1 1 49 50
46 1 2 1 1 50 51
47 1 2 1 1 51 52
48 1 2 1 1 52 53
49 1 2 1 1 53 54
50 1 2 1 1 54 55
51 1 2 1 1 55 56
52 1 2 1 1 56 57
53 1 2 1 1 57 58
54 1 2 1 1 58 59
55 1 2 1 1 59 60
56 1 2 1 1 60 61
57 1 2 1 1 61 62
58 1 2 1 1 62 63
59 1 2 1 1 63 64
60 1 2 1 1 64 65
61 1 2 1 1 65 66
62 1 2 1 1 66 67
63 1 2 1 1 67 68
64 1 2 1 1 68 69
65 1 2 1 1 69 70
66 1 2 1 1 70 71
67 1 2 1 1 71 72
68 1 2 1 1 72 73
69 1 2 1 1 73 74
70 1 2 1 1 74 75
71 1 2 1 1 75 76
72 1 2 1 1 76 77
73 1 2 1 1 77 78
74 1 2 1 1 78 79
75 1 2 1 1 79 80
76 1 2 1 1 80 81
77 1 2 1 1 81 82
78 1 2 1 1 82 83
79 1 2 1 1 83 84
80 1 2 1 1 84 85
81 1 2 1 1 85 86
82 1 2 1 1 86 87
83 1 2 1 1 87 88
84 1 2 1 1 88 89
85 1 2 1 1 89 90
86 1 2 1 1 90 91
87 1 2 1 1 91 92
88 1 2 1 1 92 93
89 1 2 1 1 93 94
90 1 2 1 1 94 95
91 1 2 1 1 95 96
92 1 2 1 1 96 97
93 1 2 1 1 97 98
94 1 2 1 1 98 99
95 1 2 1 1 99 100
96 1 2 1 1 100 101
97 1 2 1 1 101 102
98 1 2 1 1 102 103
99 1 2 1 1 103 104
100 1 2 1 1 104 105
101 1 2 1 1 105 106
102 1 2 1 1 106 107
103 1 2 1 1 107 108
104 1 2 1 1 108 109
105 1 2 1 1 109 110
106 1 2 1 1 110 111
107 1 2 1 1 111 112
108 1 2 1 1 112 113
109 1 2 1 1 113 114
110 1 2 1 1 114 115
111 1 2 1 1 115 116
112 1 2 1 1 116 117
113 1 2 1 1 117 118
114 1 2 1 1 118 119
115 1 2 1 1 119 120
116 1 2 1 1 120 121
117 1 2 1 1 121 122
118 1 2 1 1 122 123
119 1 2 1 1 123 124
120 1 2 1 1 124 125
121 1 2 1 1 125 126
122 1 2 1 1 126 127
123 1 2 1 1 127 128
124 1 2 1 1 128 129
125 1 2 1 1 129 130
126 1 2 1 1 130 131
127 1 2 1 1 131 132
128 1 2 1 1 132 133
129 1 2 1 1 133 134
130 1 2 1 1 134 135
131 1 2 1 1 135 136
132 1 2 1 1 136 137
133 1 2 1 1 137 138
134 1 2 1 1 138 139
135 1 2 1 1 139 140
136 1 2 1 1 140 141
137 1 2 1 1 141 142
138 1 2 1 1 142 143
139 1 2 1 1 143 144
140 1 2 1 1 144 145
141 1 2 1 1 145 146
142 1 2 1 1 146 147
143 1 2 1 1 147 148
144 1 2 1 1 148 149
145 1 2 1 1 149 150
146 1 2 1 1 150 151
147 1 2 1 1 151 152
148 1 2 1 1 152 153
149 1 2 1 1 153 154
150 1 2 1 1 154 155
151 1 2 1 1 155 156
152 1 2 1 1 156 157
153 1 2 1 1 157 158
154 1 2 1 1 158 159
155 1 2 1 1 159 160
156 1 2 1 1 160 161
157 1 2 1 1 161 162
158 1 2 1 1 162 163
159 1 2 1 1 163 164
160 1 2 1 1 164 165
161 1 2 1 1 165 166
162 1 2 1 1 166 167
163 1 2 1 1 167 168
164 1 2 1 1 168 2
165 1 2 2 2 2 169
166 1 2 2 2 169 170
167 1 2 2 2 170 171
168 1 2 2 2 171 172
169 1 2 2 2 172 173
170 1 2 2 2 173 174
171 1 2 2 2 174 175
172 1 2 2 2 175 176
173 1 2 2 2 176 177
174 1 2 2 2 177 178
175 1 2 2 2 178 179
176 1 2 2 2 179 180
177 1 2 2 2 180 181
178 1 2 2 2 181 182
179 1 2 2 2 182 183
180 1 2 2 2 183 184
181 1 2 2 2 184 185
182 1 2 2 2 185 186
183 1 2 2 2 186 187
184 1 2 2 2 187 188
185 1 2 2 2 188 189
186 1 2 2 2 189 190
187 1 2 2 2 190 191
188 1 2 2 2 191 192
189 1 2 2 2 192 193
190 1 2 2 2 193 194
191 1 2 2 2 194 3
192 1 2 3 3 3 195
193 1 2 3 3 195 196
194 1 2 3 3 196 197
195 1 2 3 3 197 198
196 1 2 3 3 198 199
197 1 2 3 3 199 200
198 1 2 3 3 200 201
199 1 2 3 3 201 202
200 1 2 3 3 202 203
201 1 2 3 3 203 204
202 1 2 3 3 204 205
203 1 2 3 3 205 206
204 1 2 3 3 206 207
205 1 2 3 3 207 208
206 1 2 3 3 208 209
207 1 2 3 3 209 210
208 1 2 3 3 210 211
209 1 2 3 3 211 212
210 1 2 3 3 212 213
211 1 2 3 3 213 214
212 1 2 3 3 214 215
213 1 2 3 3 215 216
214 1 2 3 3 216 217
215 1 2 3 3 217 218
216 1 2 3 3 218 219
217 1 2 3 3 219 220
218 1 2 3 3 220 221
219 1 2 3 3 221 222
220 1 2 3 3 222 223
221 1 2 3 3 223 224
222 1 2 3 3 224 225
223 1 2 3 3 225 226
224 1 2 3 3 226 227
225 1 2 3 3 227 228
226 1 2 3 3 228 229
227 1 2 3 3 229 230
228 1 2 3 3 230 231
229 1 2 3 3 231 232
230 1 2 3 3 232 233
231 1 2 3 3 233 234
232 1 2 3 3 234 235
233 1 2 3 3 235 236
234 1 2 3 3 236 237
235 1 2 3 3 237 238
236 1 2 3 3 238 239
237 1 2 3 3 239 240
238 1 2 3 3 240 241
239 1 2 3 3 241 242
240 1 2 3 3 242 243
241 1 2 3 3 243 244
242 1 2 3 3 244 245
243 1 2 3 3 245 246
244 1 2 3 3 246 247
245 1 2 3 3 247 248
246 1 2 3 3 248 249
247 1 2 3 3 249 250
248 1 2 3 3 250 251
249 1 2 3 3 251 252
250 1 2 3 3 252 253
251 1 2 3 3 253 254
252 1 2 3 3 254 255
253 1 2 3 3 255 256
254 1 2 3 3 256 257
255 1 2 3 3 257 258
256 1 2 3 3 258 259
257 1 2 3 3 259 260
258 1 2 3 3 260 261
259 1 2 3 3 261 262
260 1 2 3 3 262 263
261 1 2 3 3 263 264
262 1 2 3 3 264 265
263 1 2 3 3 265 266
264 1 2 3 3 266 267
265 1 2 3 3 267 268
266 1 2 3 3 268 269
267 1 2 3 3 269 270
268 1 2 3 3 270 271
269 1 2 3 3 271 272
270 1 2 3 3 272 273
271 1 2 3 3 273 274
272 1 2 3 3 274 275
273 1 2 3 3 275 276
274 1 2 3 3 276 277
275 1 2 3 3 277 278
276 1 2 3 3 278 279
277 1 2 3 3 279 280
278 1 2 3 3 280 281
279 1 2 3 3 281 282
280 1 2 3 3 282 283
281 1 2 3 3 283 284
282 1 2 3 3 284 285
283 1 2 3 3 285 286
284 1 2 3 3 286 287
285 1 2 3 3 287 288
286 1 2 3 3 288 289
287 1 2 3 3 289 290
288 1 2 3 3 290 291
289 1 2 3 3 291 292
290 1 2 3 3 292 293
291 1 2 3 3 293 294
292 1 2 3 3 294 295
293 1 2 3 3 295 296
294 1 2 3 3 296 297
295 1 2 3 3 297 298
296 1 2 3 3 298 299
297 1 2 3 3 299 300
298 1 2 3 3 300 301
299 1 2 3 3 301 302
300 1 2 3 3 302 303
301 1 2 3 3 303 304
302 1 2 3 3 304 305
303 1 2 3 3 305 306
304 1 2 3 3 306 307
305 1 2 3 3 307 308
306 1 2 3 3 308 309
307 1 2 3 3 309 310
308 1 2 3 3 310 311
309 1 2 3 3 311 312
310 1 2 3 3 312 313
311 1 2 3 3 313 314
312 1 2 3 3 314 315
313 1 2 3 3 315 316
314 1 2 3 3 316 317
315 1 2 3 3 317 318
316 1 2 3 3 318 319
317 1 2 3 3 319 320
318 1 2 3 3 320 321
319 1 2 3 3 321 322
320 1 2 3 3 322 323
321 1 2 3 3 323 324
322 1 2 3 3 324 325
323 1 2 3 3 325 326
324 1 2 3 3 326 327
325 1 2 3 3 327 328
326 1 2 3 3 328 329
327 1 2 3 3 329 330
328 1 2 3 3 330 331
329 1 2 3 3 331 332
330 1 2 3 3 332 333
331 1 2 3 3 333 334
332 1 2 3 3 334 335
333 1 2 3 3 335 336
334 1 2 3 3 336 337
335 1 2 3 3 337 338
336 1 2 3 3 338 339
337 1 2 3 3 339 340
338 1 2 3 3 340 341
339 1 2 3 3 341 342
340 1 2 3 3 342 343
341 1 2 3 3 343 344
342 1 2 3 3 344 345
343 1 2 3 3 345 346
344 1 2 3 3 346 347
345 1 2 3 3 347 348
346 1 2 3 3 348 349
347 1 2 3 3 349 350
348 1 2 3 3 350 351
349 1 2 3 3 351 352
350 1 2 3 3 352 353
351 1 2 3 3 353 354
352 1 2 3 3 354 355
353 1 2 3 3 355 356
354 1 2 3 3 356 357
355 1 2 3 3 357 358
356 1 2 3 3 358 359
357 1 2 3 3 359 360
358 1 2 3 3 360 361
359 1 2 3 3 361 362
360 1 2 3 3 362 363
361 1 2 3 3 363 364
362 1 2 3 3 364 4
363 1 2 4 4 4 365
364 1 2 4 4 365 366
365 1 2 4 4 366 367
366 1 2 4 4 367 368
367 1 2 4 4 368 369
368 1 2 4 4 369 370
369 1 2 4 4 370 371
370 1 2 4 4 371 372
371 1 2 4 4 372 373
372 1 2 4 4 373 374
373 1 2 4 4 374 375
374 1 2 4 4 375 376
375 1 2 4 4 376 377
376 1 2 4 4 377 378
377 1 2 4 4 378 379
378 1 2 4 4 379 380
379 1 2 4 4 380 381
380 1 2 4 4 381 382
381 1 2 4 4 382 383
382 1 2 4 4 383 384
383 1 2 4 4 384 385
384 1 2 4 4 385 386
385 1 2 4 4 386 387
386 1 2 4 4 387 388
387 1 2 4 4 388 389
388 1 2 4 4 389 390
389 1 2 4 4 390 391
390 1 2 4 4 391 392
391 1 2 4 4 392 393
392 1 2 4 4 393 394
393 1 2 4 4 394 395
394 1 2 4 4 395 396
395 1 2 4 4 396 397
396 1 2 4 4 397 398
397 1 2 4 4 398 399
398 1 2 4 4 399 400
399 1 2 4 4 400 401
400 1 2 4 4 401 402
401 1 2 4 4 402 403
402 1 2 4 4 403 404
403 1 2 4 4 404 405
404 1 2 4 4 405 406
405 1 2 4 4 406 407
406 1 2 4 4 407 408
407 1 2 4 4 408 409
408 1 2 4 4 409 1
409 1 2 5 5 5 410
410 1 2 5 5 410 411
411 1 2 5 5 411 412
412 1 2 5 5 412 413
413 1 2 5 5 413 414
414 1 2 5 5 414 415
415 1 2 5 5 415 416
416 1 2 5 5 416 417
417 1 2 5 5 417 418
418 1 2 5 5 418 419
419 1 2 5 5 419 420
420 1 2 5 5 420 421
421 1 2 5 5 421 422
422 1 2 5 5 422 423
423 1 2 5 5 423 424
424 1 2 5 5 424 425
425 1 2 5 5 425 426
426 1 2 5 5 426 427
427 1 2 5 5 427 428
428 1 2 5 5 428 429
429 1 2 5 5 429 430
430 1 2 5 5 430 431
431 1 2 5 5 431 432
432 1 2 5 5 432 433
433 1 2 5 5 433 434
434 1 2 5 5 434 435
435 1 2 5 5 435 436
436 1 2 5 5 436 437
437 1 2 5 5 437 438
438 1 2 5 5 438 439
439 1 2 5 5 439 440
440 1 2 5 5 440 441
441 1 2 5 5 441 442
442 1 2 5 5 442 443
443 1 2 5 5 443 444
444 1 2 5 5 444 445
445 1 2 5 5 445 446
446 1 2 5 5 446 447
447 1 2 5 5 447 448
448 1 2 5 5 448 449
449 1 2 5 5 449 450
450 1 2 5 5 450 451
451 1 2 5 5 451 452
452 1 2 5 5 452 453
453 1 2 5 5 453 454
454 1 2 5 5 454 455
455 1 2 5 5 455 456
456 1 2 5 5 456 457
457 1 2 5 5 457 458
458 1 2 5 5 458 459
459 1 2 5 5 459 460
460 1 2 5 5 460 461
461 1 2 5 5 461 462
462 1 2 5 5 462 463
463 1 2 5 5 463 464
464 1 2 5 5 464 465
465 1 2 5 5 465 466
466 1 2 5 5 466 467
467 1 2 5 5 467 468
468 1 2 5 5 468 469
469 1 2 5 5 469 5
470 2 2 10 1 4770 5195 563
471 2 2 10 1 686 5164 688
472 2 2 10 1 4639 4683 3804
473 2 2 10 1 4404 6177 973
474 2 2 10 1 301 5715 547
475 2 2 10 1 117 7470 116
476 2 2 10 1 2064 6077 4462
477 2 2 10 1 3793 6121 3574
478 2 2 10 1 4632 4993 4635
479 2 2 10 1 590 5853 4160
480 2 2 10 1 4876 7088 2412
481 2 2 10 1 5692 6557 970
482 2 2 10 1 4921 5136 2977
483 2 2 10 1 5692 7359 4117
484 2 2 10 1 4491 5691 1102
485 2 2 10 1 4517 6364 2782
486 2 2 10 1 4459 4484 4316
487 2 2 10 1 3987 5157 2706
488 2 2 10 1 4160 6578 590
489 2 2 10 1 4217 6945 4967
490 2 2 10 1 5922 6403 762
491 2 2 10 1 6120 6121 3793
492 2 2 10 1 4219 7717 5116
493 2 2 10 1 3503 4484 4459
494 2 2 10 1 2012 5931 5930
495 2 2 10 1 5076 6557 5692
496 2 2 10 1 3931 5953 3813
497 2 2 10 1 4779 7340 4088
498 2 2 10 1 1012 5774 1010
499 2 2 10 1 4843 4845 2379
500 2 2 10 1 6272 6675 2919
501 2 2 10 1 2782 6364 2279
502 2 2 10 1 4219 5116 2802
503 2 2 10 1 4081 7212 2881
504 2 2 10 1 5930 5931 5929
505 2 2 10 1 3237 5564 4442
506 2 2 10 1 762 6591 5922
507 2 2 10 1 5837 7776 3930
508 2 2 10 1 6675 6789 2919
509 2 2 10 1 2285 4441 4423
510 2 2 10 1 3490 4706 4569
511 2 2 10 1 522 4720 382
512 2 2 10 1 4365 4539 1246
513 2 2 10 1 4970 5823 3524
514 2 2 10 1 4834 6499 3492
515 2 2 10 1 970 7359 5692
516 2 2 10 1 4425 4444 2588
517 2 2 10 1 5374 5652 503
518 2 2 10 1 4991 5872 4577
519 2 2 10 1 4790 7531 1126
520 2 2 10 1 1297 4948 4804
521 2 2 10 1 5412 6240 4311
522 2 2 10 1 758 6078 760
523 2 2 10 1 511 7261 235
524 2 2 10 1 3853 6388 3517
525 2 2 10 1 4885 6562 3595
526 2 2 10 1 4867 4869 4734
527 2 2 10 1 1126 7531 1035
528 2 2 10 1 4804 7900 4805
529 2 2 10 1 990 6246 4363
530 2 2 10 1 5952 5953 3931
531 2 2 10 1 5985 6318 5984
532 2 2 10 1 6704 6784 4542
533 2 2 10 1 1754 6240 5412
534 2 2 10 1 4577 7511 4991
535 2 2 10 1 4363 5970 990
536 2 2 10 1 5703 5837 3930
537 2 2 10 1 1317 5051 1319
538 2 2 10 1 4138 4630 3843
539 2 2 10 1 29 4682 28
540 2 2 10 1 4371 5284 599
541 2 2 10 1 4725 6344 5605
542 2 2 10 1 1902 4860 1900
543 2 2 10 1 4948 7900 4804
544 2 2 10 1 977 6892 4742
545 2 2 10 1 302 5715 301
546 2 2 10 1 5929 5931 762
547 2 2 10 1 1836 4520 4399
548 2 2 10 1 1180 4920 4490
549 2 2 10 1 1921 7340 4779
550 2 2 10 1 1562 6151 652
551 2 2 10 1 3160 6219 3158
552 2 2 10 1 4508 6784 6704
553 2 2 10 1 762 6403 5929
554 2 2 10 1 3574 6121 3576
555 2 2 10 1 2620 5802 2622
556 2 2 10 1 3790 7289 3763
557 2 2 10 1 4103 7088 4876
558 2 2 10 1 1246 4758 4365
559 2 2 10 1 4399 4744 1836
560 2 2 10 1 4508 5848 487
561 2 2 10 1 5779 6725 3651
562 2 2 10 1 22 4819 21
563 2 2 10 1 4926 6614 4909
564 2 2 10 1 7717 7878 5116
565 2 2 10 1 4860 7871 1900
566 2 2 10 1 4313 6580 1123
567 2 2 10 1 3339 5532 3334
568 2 2 10 1 2934 4444 4425
569 2 2 10 1 2398 6562 4885
570 2 2 10 1 116 7470 5377
571 2 2 10 1 941 6318 5985
572 2 2 10 1 7021 7370 4161
573 2 2 10 1 2113 5084 2137
574 2 2 10 1 4725 5605 3006
575 2 2 10 1 5279 6872 4669
576 2 2 10 1 1835 4550 4548
577 2 2 10 1 2391 6499 4834
578 2 2 10 1 4599 6746 4579
579 2 2 10 1 3518 6388 4236
580 2 2 10 1 567 4557 4556
581 2 2 10 1 547 5715 5713
582 2 2 10 1 1123 6416 4313
583 2 2 10 1 4484 7676 4316
584 2 2 10 1 6553 6829 529
585 2 2 10 1 5749 5759 1426
586 2 2 10 1 5761 7332 4653
587 2 2 10 1 382 4720 381
588 2 2 10 1 4653 6871 5761
589 2 2 10 1 444 6889 4743
590 2 2 10 1 6364 6698 2279
591 2 2 10 1 6636 6973 561
592 2 2 10 1 4138 6855 4630
593 2 2 10 1 3654 4524 3829
594 2 2 10 1 1423 7696 5132
595 2 2 10 1 3263 5572 4481
596 2 2 10 1 2379 4848 4843
597 2 2 10 1 2279 6698 2280
598 2 2 10 1 2791 6215 5727
599 2 2 10 1 1907 4680 2073
600 2 2 10 1 5242 6464 3468
601 2 2 10 1 5209 6020 4074
602 2 2 10 1 2206 6614 4926
603 2 2 10 1 4578 6746 4994
604 2 2 10 1 4463 6829 6553
605 2 2 10 1 4967 6945 2098
606 2 2 10 1 4823 6973 6636
607 2 2 10 1 3477 7498 5282
608 2 2 10 1 2137 5084 4500
609 2 2 10 1 6652 6891 3678
610 2 2 10 1 1426 5760 5749
611 2 2 10 1 2574 7777 5234
612 2 2 10 1 3239 5105 3203
613 2 2 10 1 4770 7353 4559
614 2 2 10 1 4566 6909 4600
615 2 2 10 1 2420 4528 4527
616 2 2 10 1 1949 6510 1910
617 2 2 10 1 503 7725 5374
618 2 2 10 1 4560 5194 630
619 2 2 10 1 1012 7890 5774
620 2 2 10 1 599 5283 4371
621 2 2 10 1 2378 5016 4709
622 2 2 10 1 630 5195 4560
623 2 2 10 1 4734 4874 4867
624 2 2 10 1 4515 6151 1562
625 2 2 10 1 6525 6683 4126
626 2 2 10 1 4382 6132 2054
627 2 2 10 1 3523 7892 5050
628 2 2 10 1 510 7272 240
629 2 2 10 1 5152 6799 447
630 2 2 10 1 2802 5116 3676
631 2 2 10 1 5727 6215 5725
632 2 2 10 1 6099 6692 6101
633 2 2 10 1 3804 7006 4639
634 2 2 10 1 4376 6240 1754
635 2 2 10 1 4688 7127 2214
636 2 2 10 1 567 4558 4557
637 2 2 10 1 4420 7847 3647
638 2 2 10 1 3642 6739 6490
639 2 2 10 1 4507 5848 4508
640 2 2 10 1 973 6178 4404
641 2 2 10 1 3819 5979 3878
642 2 2 10 1 6339 6616 4445
643 2 2 10 1 1835 4699 4550
644 2 2 10 1 5922 6591 2013
645 2 2 10 1 6022 6933 6023
646 2 2 10 1 4937 4988 1371
647 2 2 10 1 6413 6632 4549
648 2 2 10 1 1754 5302 4376
649 2 2 10 1 5755 5756 2049
650 2 2 10 1 5282 6708 3477
651 2 2 10 1 4394 7748 7275
652 2 2 10 1 4635 4993 2645
653 2 2 10 1 6101 6751 6099
654 2 2 10 1 2054 6133 4382
655 2 2 10 1 3878 5979 5657
656 2 2 10 1 6525 7163 6683
657 2 2 10 1 4416 6179 2026
658 2 2 10 1 4938 4988 4937
659 2 2 10 1 4445 5171 528
660 2 2 10 1 7012 7122 6646
661 2 2 10 1 2833 5800 5799
662 2 2 10 1 4669 6872 3259
663 2 2 10 1 726 4875 4504
664 2 2 10 1 2013 7702 5922
665 2 2 10 1 5132 5163 1423
666 2 2 10 1 5985 6012 941
667 2 2 10 1 4655 7880 4656
668 2 2 10 1 3930 6216 5703
669 2 2 10 1 3647 4754 4420
670 2 2 10 1 4423 4939 2285
671 2 2 10 1 6129 6133 1093
672 2 2 10 1 4394 7275 6138
673 2 2 10 1 4533 5126 2931
674 2 2 10 1 3295 5483 5481
675 2 2 10 1 4889 7880 4655
676 2 2 10 1 582 6220 5832
677 2 2 10 1 5297 7760 6703
678 2 2 10 1 5152 7212 4081
679 2 2 10 1 2977 7837 4921
680 2 2 10 1 4569 4706 951
681 2 2 10 1 2574 5234 2994
682 2 2 10 1 4443 6164 986
683 2 2 10 1 3695 7118 5162
684 2 2 10 1 1704 6992 6982
685 2 2 10 1 5676 7261 511
686 2 2 10 1 1069 4910 4909
687 2 2 10 1 4938 7944 4988
688 2 2 10 1 6982 6992 4348
689 2 2 10 1 4548 4758 1835
690 2 2 10 1 5056 6606 3745
691 2 2 10 1 4710 5015 5014
692 2 2 10 1 3367 5565 3369
693 2 2 10 1 4743 6889 4059
694 2 2 10 1 2383 4889 4655
695 2 2 10 1 2026 6180 4416
696 2 2 10 1 4994 7356 4578
697 2 2 10 1 2335 4510 4465
698 2 2 10 1 3158 6219 5530
699 2 2 10 1 763 6079 767
700 2 2 10 1 3718 5576 3717
701 2 2 10 1 2079 5910 2081
702 2 2 10 1 3845 5823 4970
703 2 2 10 1 4591 4928 4592
704 2 2 10 1 4634 4993 4632
705 2 2 10 1 3377 5575 3379
706 2 2 10 1 4675 6623 3933
707 2 2 10 1 6416 6546 4313
708 2 2 10 1 4429 6766 6742
709 2 2 10 1 6635 7689 4731
710 2 2 10 1 4393 5772 534
711 2 2 10 1 5574 5575 3377
712 2 2 10 1 112 5405 621
713 2 2 10 1 3793 6122 6120
714 2 2 10 1 5181 7373 4226
715 2 2 10 1 1905 4680 1907
716 2 2 10 1 4377 6365 1123
717 2 2 10 1 4554 7892 3523
718 2 2 10 1 7173 7326 1266
719 2 2 10 1 5162 7170 3695
720 2 2 10 1 5214 7266 4303
721 2 2 10 1 5799 5801 2833
722 2 2 10 1 1366 7734 4315
723 2 2 10 1 2259 4609 4608
724 2 2 10 1 3523 5050 4314
725 2 2 10 1 5691 6388 3853
726 2 2 10 1 4604 4697 4601
727 2 2 10 1 4572 4638 4570
728 2 2 10 1 4582 4698 4580
729 2 2 10 1 5801 7082 6905
730 2 2 10 1 534 5832 4393
731 2 2 10 1 4430 6181 983
732 2 2 10 1 4560 5195 4770
733 2 2 10 1 5703 6216 481
734 2 2 10 1 4538 6696 6647
735 2 2 10 1 483 6725 5779
736 2 2 10 1 3676 5115 4646
737 2 2 10 1 3371 5573 3373
738 2 2 10 1 6132 6298 2054
739 2 2 10 1 1826 6546 6416
740 2 2 10 1 4909 6614 1069
741 2 2 10 1 2588 6606 4425
742 2 2 10 1 1123 6580 4377
743 2 2 10 1 2064 6078 6077
744 2 2 10 1 1122 4715 881
745 2 2 10 1 6012 6013 941
746 2 2 10 1 4315 7768 1366
747 2 2 10 1 3991 6072 6070
748 2 2 10 1 3006 6854 2891
749 2 2 10 1 6564 7595 4388
750 2 2 10 1 621 5405 5399
751 2 2 10 1 4734 6635 4731
752 2 2 10 1 5774 7890 4489
753 2 2 10 1 5164 7265 688
754 2 2 10 1 6071 7289 3790
755 2 2 10 1 5043 6766 4429
756 2 2 10 1 6070 7874 3991
757 2 2 10 1 4383 7002 6772
758 2 2 10 1 3811 7236 3809
759 2 2 10 1 1062 6696 5009
760 2 2 10 1 4910 6576 4912
761 2 2 10 1 5717 6681 473
762 2 2 10 1 3375 5574 3377
763 2 2 10 1 413 5197 4714
764 2 2 10 1 2899 5776 5161
765 2 2 10 1 983 6182 4430
766 2 2 10 1 5191 6853 4039
767 2 2 10 1 5895 6981 6869
768 2 2 10 1 4442 5565 3237
769 2 2 10 1 4686 4976 4072
770 2 2 10 1 5858 7499 6894
771 2 2 10 1 2724 6623 4675
772 2 2 10 1 483 5779 4480
773 2 2 10 1 528 6339 4445
774 2 2 10 1 2772 4648 2228
775 2 2 10 1 5602 7256 4209
776 2 2 10 1 5916 7653 775
777 2 2 10 1 4714 5197 3880
778 2 2 10 1 4491 6388 5691
779 2 2 10 1 1377 5760 1388
780 2 2 10 1 2934 4736 4444
781 2 2 10 1 2887 6375 5237
782 2 2 10 1 5302 6352 4376
783 2 2 10 1 2166 4652 2168
784 2 2 10 1 2141 4976 4686
785 2 2 10 1 6647 6696 1062
786 2 2 10 1 417 4569 951
787 2 2 10 1 439 4615 1087
788 2 2 10 1 5605 6854 3006
789 2 2 10 1 6869 6981 954
790 2 2 10 1 531 4819 22
791 2 2 10 1 1682 4848 1693
792 2 2 10 1 4454 6298 6132
793 2 2 10 1 3255 6951 6943
794 2 2 10 1 3468 5243 5242
795 2 2 10 1 775 6815 5916
796 2 2 10 1 3154 6256 3152
797 2 2 10 1 4039 7228 5191
798 2 2 10 1 4607 4697 4604
799 2 2 10 1 4587 4698 4582
800 2 2 10 1 5060 6544 2445
801 2 2 10 1 6681 6849 473
802 2 2 10 1 6943 6951 4164
803 2 2 10 1 6412 7141 4676
804 2 2 10 1 6772 7002 527
805 2 2 10 1 2173 6352 5302
806 2 2 10 1 5832 6220 4393
807 2 2 10 1 2772 4649 4648
808 2 2 10 1 6857 7127 4688
809 2 2 10 1 579 4682 29
810 2 2 10 1 2571 6632 6413
811 2 2 10 1 2287 7595 6564
812 2 2 10 1 4710 5016 5015
813 2 2 10 1 5575 7034 3721
814 2 2 10 1 2834 6916 6762
815 2 2 10 1 1122 7676 4715
816 2 2 10 1 3718 6616 5576
817 2 2 10 1 1693 4848 2379
818 2 2 10 1 4438 6183 2027
819 2 2 10 1 590 6578 4383
820 2 2 10 1 3676 5116 5115
821 2 2 10 1 971 6080 4534
822 2 2 10 1 1385 6319 4894
823 2 2 10 1 4504 6965 726
824 2 2 10 1 5100 7326 7173
825 2 2 10 1 3695 7170 6453
826 2 2 10 1 3295 5530 5483
827 2 2 10 1 607 7165 5270
828 2 2 10 1 4765 6912 3519
829 2 2 10 1 5064 7350 6972
830 2 2 10 1 5143 7207 523
831 2 2 10 1 587 5848 4507
832 2 2 10 1 4008 5528 5526
833 2 2 10 1 3730 6622 5949
834 2 2 10 1 5166 5168 808
835 2 2 10 1 3383 5104 3385
836 2 2 10 1 5018 6530 2257
837 2 2 10 1 114 7008 113
838 2 2 10 1 523 7192 5143
839 2 2 10 1 5916 6815 2014
840 2 2 10 1 4715 7676 4484
841 2 2 10 1 2445 5242 5060
842 2 2 10 1 3730 7122 7012
843 2 2 10 1 533 4682 4477
844 2 2 10 1 480 5532 5118
845 2 2 10 1 6894 7499 4110
846 2 2 10 1 4081 6799 5152
847 2 2 10 1 4537 5070 2995
848 2 2 10 1 4101 7353 4770
849 2 2 10 1 4477 4522 533
850 2 2 10 1 2027 6184 4438
851 2 2 10 1 4383 6772 590
852 2 2 10 1 6762 6916 5722
853 2 2 10 1 4490 4920 3743
854 2 2 10 1 2014 7693 5916
855 2 2 10 1 2995 5070 2634
856 2 2 10 1 1032 6540 1034
857 2 2 10 1 5016 6530 5018
858 2 2 10 1 5270 7205 607
859 2 2 10 1 5772 6255 534
860 2 2 10 1 4462 6079 2064
861 2 2 10 1 6215 6485 5725
862 2 2 10 1 41 5055 40
863 2 2 10 1 4354 6435 5850
864 2 2 10 1 1744 6687 4429
865 2 2 10 1 2706 5157 4134
866 2 2 10 1 881 4715 883
867 2 2 10 1 2919 6789 3643
868 2 2 10 1 1069 6576 4910
869 2 2 10 1 4742 6892 4013
870 2 2 10 1 5009 6846 1062
871 2 2 10 1 3524 6844 4970
872 2 2 10 1 5153 6510 1949
873 2 2 10 1 648 5225 650
874 2 2 10 1 5932 5934 747
875 2 2 10 1 3643 6789 6781
876 2 2 10 1 4486 5321 3267
877 2 2 10 1 4615 4617 1087
878 2 2 10 1 4485 6898 2130
879 2 2 10 1 964 6078 758
880 2 2 10 1 4450 6255 5772
881 2 2 10 1 986 6165 4443
882 2 2 10 1 4080 6990 6954
883 2 2 10 1 6023 6933 3867
884 2 2 10 1 5324 7095 7047
885 2 2 10 1 4465 4967 2335
886 2 2 10 1 4567 6909 4566
887 2 2 10 1 495 7174 5424
888 2 2 10 1 4960 6685 4961
889 2 2 10 1 4506 7063 6958
890 2 2 10 1 5424 7206 495
891 2 2 10 1 4637 7350 4751
892 2 2 10 1 28 4682 533
893 2 2 10 1 4227 5180 5179
894 2 2 10 1 4382 6133 6129
895 2 2 10 1 4539 7341 6412
896 2 2 10 1 3459 4668 3239
897 2 2 10 1 6958 7063 2371
898 2 2 10 1 4445 6616 3718
899 2 2 10 1 6412 7764 4539
900 2 2 10 1 5719 7180 2868
901 2 2 10 1 1319 5051 2057
902 2 2 10 1 5679 7272 510
903 2 2 10 1 5725 6485 5726
904 2 2 10 1 3735 6685 4960
905 2 2 10 1 511 7271 7263
906 2 2 10 1 7263 7271 4798
907 2 2 10 1 7047 7095 3474
908 2 2 10 1 2316 6798 4788
909 2 2 10 1 3654 5023 4524
910 2 2 10 1 4447 6867 6858
911 2 2 10 1 3554 6178 3556
912 2 2 10 1 6365 6620 1762
913 2 2 10 1 3880 5197 4613
914 2 2 10 1 2049 5758 5755
915 2 2 10 1 5757 5770 1442
916 2 2 10 1 4704 7143 7116
917 2 2 10 1 6905 7082 5200
918 2 2 10 1 7116 7143 1265
919 2 2 10 1 2173 6495 6352
920 2 2 10 1 4488 6990 4080
921 2 2 10 1 5206 7200 7157
922 2 2 10 1 1451 7310 1449
923 2 2 10 1 2420 4781 4528
924 2 2 10 1 4608 6661 2259
925 2 2 10 1 6011 6657 6461
926 2 2 10 1 2065 6946 6938
927 2 2 10 1 6170 6401 6168
928 2 2 10 1 5627 6495 2173
929 2 2 10 1 4429 6742 1744
930 2 2 10 1 6938 6946 4658
931 2 2 10 1 5234 6672 2994
932 2 2 10 1 4236 7631 3518
933 2 2 10 1 2868 7351 5719
934 2 2 10 1 6748 7199 5003
935 2 2 10 1 4894 6319 4895
936 2 2 10 1 5064 7621 4603
937 2 2 10 1 760 6078 2064
938 2 2 10 1 5776 7939 5161
939 2 2 10 1 1977 7195 4693
940 2 2 10 1 3721 7034 5105
941 2 2 10 1 512 7259 4741
942 2 2 10 1 3468 5347 5243
943 2 2 10 1 1423 5164 686
944 2 2 10 1 4525 7055 6349
945 2 2 10 1 808 7265 5166
946 2 2 10 1 4976 5265 2942
947 2 2 10 1 4741 7255 512
948 2 2 10 1 2111 5084 2113
949 2 2 10 1 6884 7035 5099
950 2 2 10 1 4384 7022 2037
951 2 2 10 1 3448 5802 2620
952 2 2 10 1 5236 6638 1839
953 2 2 10 1 1821 6834 6827
954 2 2 10 1 2037 7027 4384
955 2 2 10 1 7157 7200 602
956 2 2 10 1 4693 7246 1977
957 2 2 10 1 6703 7760 4703
958 2 2 10 1 1699 7370 7021
959 2 2 10 1 4629 7175 2442
960 2 2 10 1 4377 6620 6365
961 2 2 10 1 1847 7078 6814
962 2 2 10 1 4751 7350 4752
963 2 2 10 1 4447 6858 5045
964 2 2 10 1 4527 4529 2420
965 2 2 10 1 6550 7935 4446
966 2 2 10 1 6349 6979 4525
967 2 2 10 1 2669 5023 2653
968 2 2 10 1 652 6151 654
969 2 2 10 1 2072 7102 6046
970 2 2 10 1 481 6216 4451
971 2 2 10 1 3282 7382 5524
972 2 2 10 1 5564 5573 4442
973 2 2 10 1 4542 7724 2593
974 2 2 10 1 5297 6703 5067
975 2 2 10 1 6348 7176 4210
976 2 2 10 1 2057 5051 4464
977 2 2 10 1 4524 4525 3829
978 2 2 10 1 1320 5051 1317
979 2 2 10 1 6827 6834 4727
980 2 2 10 1 3901 4525 4524
981 2 2 10 1 6458 6645 612
982 2 2 10 1 6453 7338 3695
983 2 2 10 1 4481 5573 3263
984 2 2 10 1 4674 6687 6570
985 2 2 10 1 1108 6298 4454
986 2 2 10 1 5118 5532 3339
987 2 2 10 1 408 7442 5194
988 2 2 10 1 6570 6687 1744
989 2 2 10 1 6903 6954 1373
990 2 2 10 1 4603 7350 5064
991 2 2 10 1 6046 7185 2072
992 2 2 10 1 1456 5113 1518
993 2 2 10 1 5524 7431 3282
994 2 2 10 1 5194 7061 408
995 2 2 10 1 6461 6657 1111
996 2 2 10 1 4521 5560 1110
997 2 2 10 1 4497 6645 6458
998 2 2 10 1 1095 7139 6313
999 2 2 10 1 5843 6659 5710
1000 2 2 10 1 3888 7141 6412
1001 2 2 10 1 2622 5802 2833
1002 2 2 10 1 5204 6253 5086
1003 2 2 10 1 3692 7168 5327
1004 2 2 10 1 5949 7122 3730
1005 2 2 10 1 3158 5530 3156
1006 2 2 10 1 4227 5181 4226
1007 2 2 10 1 4748 6801 6610
1008 2 2 10 1 3813 5953 3811
1009 2 2 10 1 2442 7281 4629
1010 2 2 10 1 2201 4914 4912
1011 2 2 10 1 4446 6551 6550
1012 2 2 10 1 2398 4885 4884
1013 2 2 10 1 6044 6875 6109
1014 2 2 10 1 4836 6693 6599
1015 2 2 10 1 21 4819 576
1016 2 2 10 1 4975 5265 4976
1017 2 2 10 1 170 5184 169
1018 2 2 10 1 3987 6637 5157
1019 2 2 10 1 1900 7871 2190
1020 2 2 10 1 4496 6672 2150
1021 2 2 10 1 5327 7221 3692
1022 2 2 10 1 1138 5136 4921
1023 2 2 10 1 3152 6256 5531
1024 2 2 10 1 1224 6693 4835
1025 2 2 10 1 2391 4834 4833
1026 2 2 10 1 5238 6020 5209
1027 2 2 10 1 4080 6954 6903
1028 2 2 10 1 4561 5797 538
1029 2 2 10 1 4170 6912 4765
1030 2 2 10 1 3334 5532 4008
1031 2 2 10 1 5257 6639 4818
1032 2 2 10 1 5179 5181 4227
1033 2 2 10 1 4709 5016 4710
1034 2 2 10 1 6660 6728 4306
1035 2 2 10 1 5583 7050 7033
1036 2 2 10 1 3299 5476 5474
1037 2 2 10 1 4451 6387 481
1038 2 2 10 1 612 6255 4450
1039 2 2 10 1 2268 7035 6884
1040 2 2 10 1 2887 7066 6375
1041 2 2 10 1 5036 5058 1282
1042 2 2 10 1 4361 6664 4476
1043 2 2 10 1 3558 6180 3560
1044 2 2 10 1 2697 6401 6170
1045 2 2 10 1 4450 6458 612
1046 2 2 10 1 4372 6841 6781
1047 2 2 10 1 6353 6654 1108
1048 2 2 10 1 6109 6926 6044
1049 2 2 10 1 4464 5239 2057
1050 2 2 10 1 4447 6834 1821
1051 2 2 10 1 1759 6728 6660
1052 2 2 10 1 7010 7022 4384
1053 2 2 10 1 2567 7129 6516
1054 2 2 10 1 6011 6013 6012
1055 2 2 10 1 5594 7211 5590
1056 2 2 10 1 5670 7010 4384
1057 2 2 10 1 2994 6672 4496
1058 2 2 10 1 2593 6704 4542
1059 2 2 10 1 1392 5758 1394
1060 2 2 10 1 2752 5711 2750
1061 2 2 10 1 4365 4758 4548
1062 2 2 10 1 2445 6464 5242
1063 2 2 10 1 3203 5105 3205
1064 2 2 10 1 6599 6693 1224
1065 2 2 10 1 4744 4814 1836
1066 2 2 10 1 4459 6060 3503
1067 2 2 10 1 6031 6149 6030
1068 2 2 10 1 2630 5198 2632
1069 2 2 10 1 6904 6910 4679
1070 2 2 10 1 1254 4699 1252
1071 2 2 10 1 2700 7752 4567
1072 2 2 10 1 3269 6910 6904
1073 2 2 10 1 4507 5849 587
1074 2 2 10 1 4454 6353 1108
1075 2 2 10 1 4655 5211 2383
1076 2 2 10 1 7133 7285 4395
1077 2 2 10 1 3279 7390 4370
1078 2 2 10 1 4480 5780 483
1079 2 2 10 1 4074 7649 5209
1080 2 2 10 1 5526 6496 4008
1081 2 2 10 1 2866 6435 2864
1082 2 2 10 1 4912 6576 2201
1083 2 2 10 1 609 7266 5214
1084 2 2 10 1 4845 4847 2379
1085 2 2 10 1 618 7571 5646
1086 2 2 10 1 5908 6998 2015
1087 2 2 10 1 4887 6749 6732
1088 2 2 10 1 842 6183 840
1089 2 2 10 1 4788 6798 5073
1090 2 2 10 1 6781 6841 3643
1091 2 2 10 1 6716 6769 506
1092 2 2 10 1 4225 7361 7343
1093 2 2 10 1 4169 6654 6353
1094 2 2 10 1 6851 6898 4978
1095 2 2 10 1 4553 5562 1979
1096 2 2 10 1 4370 7411 3279
1097 2 2 10 1 4361 6752 6664
1098 2 2 10 1 4053 7296 7125
1099 2 2 10 1 4728 6739 3642
1100 2 2 10 1 2921 6149 6031
1101 2 2 10 1 3459 4684 4668
1102 2 2 10 1 4863 4874 4862
1103 2 2 10 1 559 5082 174
1104 2 2 10 1 673 6990 4488
1105 2 2 10 1 4579 7278 4599
1106 2 2 10 1 5522 7267 7186
1107 2 2 10 1 14 5181 13
1108 2 2 10 1 5646 7585 618
1109 2 2 10 1 4328 6769 6716
1110 2 2 10 1 4435 6571 6568
1111 2 2 10 1 4237 6369 6313
1112 2 2 10 1 5790 7349 7313
1113 2 2 10 1 5191 5192 3777
1114 2 2 10 1 6473 6884 5099
1115 2 2 10 1 1801 6489 1799
1116 2 2 10 1 2130 6898 6851
1117 2 2 10 1 633 7232 4513
1118 2 2 10 1 1138 6809 1135
1119 2 2 10 1 1010 5774 1274
1120 2 2 10 1 2130 6977 4485
1121 2 2 10 1 5713 6659 547
1122 2 2 10 1 4532 5328 3243
1123 2 2 10 1 6732 6749 1261
1124 2 2 10 1 2015 7039 5908
1125 2 2 10 1 2388 7179 2204
1126 2 2 10 1 113 5405 112
1127 2 2 10 1 4491 6369 4237
1128 2 2 10 1 5838 7776 5837
1129 2 2 10 1 7313 7349 3954
1130 2 2 10 1 4467 7810 2805
1131 2 2 10 1 3974 6760 5328
1132 2 2 10 1 4564 7799 4593
1133 2 2 10 1 6011 6461 6013
1134 2 2 10 1 5099 7730 6473
1135 2 2 10 1 6906 6918 4086
1136 2 2 10 1 5104 5105 3239
1137 2 2 10 1 2636 6964 2638
1138 2 2 10 1 5023 6498 3715
1139 2 2 10 1 3267 5700 4486
1140 2 2 10 1 1687 6918 6906
1141 2 2 10 1 6610 6801 4449
1142 2 2 10 1 3517 6388 3518
1143 2 2 10 1 7186 7267 3280
1144 2 2 10 1 837 6181 835
1145 2 2 10 1 4488 7607 673
1146 2 2 10 1 4536 7197 7182
1147 2 2 10 1 5951 5952 3931
1148 2 2 10 1 4535 7197 4536
1149 2 2 10 1 4914 6523 4923
1150 2 2 10 1 5076 6196 2213
1151 2 2 10 1 1826 6076 4494
1152 2 2 10 1 2383 5211 1692
1153 2 2 10 1 5572 5574 4481
1154 2 2 10 1 7270 7274 5214
1155 2 2 10 1 1102 6369 4491
1156 2 2 10 1 510 7274 7270
1157 2 2 10 1 1105 6224 4872
1158 2 2 10 1 4425 6606 5056
1159 2 2 10 1 480 7209 5532
1160 2 2 10 1 4599 7477 6746
1161 2 2 10 1 2341 6739 4732
1162 2 2 10 1 5054 5055 570
1163 2 2 10 1 769 6081 771
1164 2 2 10 1 555 5866 5277
1165 2 2 10 1 4567 7368 2700
1166 2 2 10 1 5866 6316 5277
1167 2 2 10 1 5726 6485 2834
1168 2 2 10 1 5852 7539 7399
1169 2 2 10 1 568 4667 4665
1170 2 2 10 1 4054 7296 4053
1171 2 2 10 1 6489 7856 1799
1172 2 2 10 1 4443 6184 6164
1173 2 2 10 1 1261 6749 4886
1174 2 2 10 1 4726 4735 2891
1175 2 2 10 1 3297 6219 3160
1176 2 2 10 1 2466 5089 2188
1177 2 2 10 1 1821 6867 4447
1178 2 2 10 1 7312 7337 3300
1179 2 2 10 1 1527 7199 6748
1180 2 2 10 1 4687 7245 513
1181 2 2 10 1 5602 7337 7312
1182 2 2 10 1 2805 7783 4467
1183 2 2 10 1 5244 6472 5228
1184 2 2 10 1 513 7251 4687
1185 2 2 10 1 5196 5822 497
1186 2 2 10 1 7033 7050 617
1187 2 2 10 1 174 5082 173
1188 2 2 10 1 4835 6771 1224
1189 2 2 10 1 6995 7060 2052
1190 2 2 10 1 5319 6940 6885
1191 2 2 10 1 5310 5311 3429
1192 2 2 10 1 4712 7060 6995
1193 2 2 10 1 3298 7256 5602
1194 2 2 10 1 3601 6484 3599
1195 2 2 10 1 1100 6837 5557
1196 2 2 10 1 5170 7324 5168
1197 2 2 10 1 577 6707 4813
1198 2 2 10 1 5655 6971 4364
1199 2 2 10 1 4483 5859 422
1200 2 2 10 1 833 6179 831
1201 2 2 10 1 6971 6987 4364
1202 2 2 10 1 2392 5910 2079
1203 2 2 10 1 4676 5069 1361
1204 2 2 10 1 1910 6510 1908
1205 2 2 10 1 1685 6529 4544
1206 2 2 10 1 2810 7285 7133
1207 2 2 10 1 3849 5666 5665
1208 2 2 10 1 5759 6139 2867
1209 2 2 10 1 1803 7113 1801
1210 2 2 10 1 4161 7370 4162
1211 2 2 10 1 4162 7939 5776
1212 2 2 10 1 4457 7373 5205
1213 2 2 10 1 1404 4955 1402
1214 2 2 10 1 6814 7078 4623
1215 2 2 10 1 2688 7011 6283
1216 2 2 10 1 6670 6787 5222
1217 2 2 10 1 3562 6182 3564
1218 2 2 10 1 4925 7292 4924
1219 2 2 10 1 7343 7361 1785
1220 2 2 10 1 5895 6774 5894
1221 2 2 10 1 6107 7081 805
1222 2 2 10 1 5953 7236 3811
1223 2 2 10 1 2891 4735 1861
1224 2 2 10 1 6885 6940 3423
1225 2 2 10 1 3725 5666 3849
1226 2 2 10 1 4691 5700 3241
1227 2 2 10 1 2285 4757 4441
1228 2 2 10 1 3471 4814 4744
1229 2 2 10 1 1513 4955 1404
1230 2 2 10 1 6838 6913 1124
1231 2 2 10 1 4572 7697 4638
1232 2 2 10 1 5627 6660 4306
1233 2 2 10 1 5158 6955 4811
1234 2 2 10 1 2064 6079 763
1235 2 2 10 1 3482 5565 3367
1236 2 2 10 1 2995 5071 4537
1237 2 2 10 1 5936 5941 2584
1238 2 2 10 1 3429 5311 3393
1239 2 2 10 1 5756 5771 2049
1240 2 2 10 1 4306 6495 5627
1241 2 2 10 1 4823 7226 6973
1242 2 2 10 1 4873 6712 4872
1243 2 2 10 1 2961 7830 6963
1244 2 2 10 1 4928 4929 4592
1245 2 2 10 1 2816 7120 5046
1246 2 2 10 1 1442 5771 5757
1247 2 2 10 1 1562 5223 4515
1248 2 2 10 1 4728 6665 2944
1249 2 2 10 1 5659 5660 3828
1250 2 2 10 1 4660 7240 606
1251 2 2 10 1 5399 5401 621
1252 2 2 10 1 3744 4920 4772
1253 2 2 10 1 4772 5204 3744
1254 2 2 10 1 1361 5069 1242
1255 2 2 10 1 805 7128 6107
1256 2 2 10 1 5873 6795 3781
1257 2 2 10 1 4921 7837 4673
1258 2 2 10 1 5730 7542 7158
1259 2 2 10 1 2834 6762 5726
1260 2 2 10 1 6883 6937 557
1261 2 2 10 1 2306 6370 2181
1262 2 2 10 1 3931 6341 5951
1263 2 2 10 1 606 7244 4660
1264 2 2 10 1 3148 6137 3146
1265 2 2 10 1 4500 5114 2137
1266 2 2 10 1 5895 6869 6774
1267 2 2 10 1 1187 4634 4631
1268 2 2 10 1 4637 4751 4633
1269 2 2 10 1 352 5215 351
1270 2 2 10 1 3642 6665 4728
1271 2 2 10 1 2723 6472 5244
1272 2 2 10 1 3678 6891 5011
1273 2 2 10 1 4919 6540 1067
1274 2 2 10 1 5333 7446 6991
1275 2 2 10 1 6963 7492 2961
1276 2 2 10 1 6770 6832 4545
1277 2 2 10 1 4740 6937 6883
1278 2 2 10 1 1111 6657 5894
1279 2 2 10 1 4381 7447 553
1280 2 2 10 1 4732 6753 2341
1281 2 2 10 1 5650 5651 5375
1282 2 2 10 1 7158 7542 2704
1283 2 2 10 1 4970 6507 2388
1284 2 2 10 1 113 7008 5405
1285 2 2 10 1 788 6998 5908
1286 2 2 10 1 4696 6913 6838
1287 2 2 10 1 5951 6341 1984
1288 2 2 10 1 5760 7853 5748
1289 2 2 10 1 5421 7308 616
1290 2 2 10 1 6879 6888 4062
1291 2 2 10 1 6267 7547 4563
1292 2 2 10 1 1099 6244 5658
1293 2 2 10 1 2222 6832 6770
1294 2 2 10 1 5131 6997 6830
1295 2 2 10 1 3369 5565 4442
1296 2 2 10 1 2931 5126 2929
1297 2 2 10 1 2645 5226 4635
1298 2 2 10 1 4833 4849 2391
1299 2 2 10 1 1407 5771 1420
1300 2 2 10 1 4442 5573 3371
1301 2 2 10 1 6490 6739 2341
1302 2 2 10 1 4884 4888 2398
1303 2 2 10 1 3256 6888 6879
1304 2 2 10 1 767 6079 971
1305 2 2 10 1 6262 7329 4052
1306 2 2 10 1 4569 7365 3490
1307 2 2 10 1 40 5055 507
1308 2 2 10 1 4964 6605 6196
1309 2 2 10 1 1449 7310 6608
1310 2 2 10 1 2194 6891 6652
1311 2 2 10 1 3299 5531 5476
1312 2 2 10 1 2357 6786 5106
1313 2 2 10 1 616 7284 5421
1314 2 2 10 1 4596 7704 7652
1315 2 2 10 1 4633 4751 1505
1316 2 2 10 1 3156 5530 3295
1317 2 2 10 1 5018 7065 5017
1318 2 2 10 1 5793 7276 7231
1319 2 2 10 1 3152 5531 3150
1320 2 2 10 1 3821 5979 3819
1321 2 2 10 1 563 7109 4770
1322 2 2 10 1 5053 5054 570
1323 2 2 10 1 3859 7108 5704
1324 2 2 10 1 2201 6523 4914
1325 2 2 10 1 6996 7125 5185
1326 2 2 10 1 4873 6833 6712
1327 2 2 10 1 1072 4745 4573
1328 2 2 10 1 1196 4752 4603
1329 2 2 10 1 5162 6656 4983
1330 2 2 10 1 2213 6557 5076
1331 2 2 10 1 2212 5263 4538
1332 2 2 10 1 4689 7374 7150
1333 2 2 10 1 5745 7148 1443
1334 2 2 10 1 3284 7493 5535
1335 2 2 10 1 5657 5658 3878
1336 2 2 10 1 4052 7321 6262
1337 2 2 10 1 7231 7276 3971
1338 2 2 10 1 553 7458 4381
1339 2 2 10 1 7201 7217 5944
1340 2 2 10 1 4886 6821 1261
1341 2 2 10 1 2166 6190 4652
1342 2 2 10 1 3218 5289 3245
1343 2 2 10 1 1976 6242 5558
1344 2 2 10 1 7652 7704 4950
1345 2 2 10 1 4707 5089 2466
1346 2 2 10 1 2376 6639 5257
1347 2 2 10 1 6319 6342 4895
1348 2 2 10 1 5155 7491 4622
1349 2 2 10 1 2350 4874 4733
1350 2 2 10 1 3630 5815 3628
1351 2 2 10 1 2117 4781 2114
1352 2 2 10 1 3358 5167 5165
1353 2 2 10 1 2634 5070 2636
1354 2 2 10 1 3915 7211 5594
1355 2 2 10 1 5043 6747 1725
1356 2 2 10 1 4824 7226 4823
1357 2 2 10 1 5767 5768 2048
1358 2 2 10 1 5184 7616 169
1359 2 2 10 1 5908 7712 788
1360 2 2 10 1 4958 7395 4956
1361 2 2 10 1 4481 5574 3375
1362 2 2 10 1 1974 5559 4677
1363 2 2 10 1 4598 4755 4595
1364 2 2 10 1 4625 4756 4628
1365 2 2 10 1 4534 6081 971
1366 2 2 10 1 5774 5775 1274
1367 2 2 10 1 2050 5760 1377
1368 2 2 10 1 5009 6891 2194
1369 2 2 10 1 5704 7647 3859
1370 2 2 10 1 5535 7557 3284
1371 2 2 10 1 4566 7799 4564
1372 2 2 10 1 5705 7252 6882
1373 2 2 10 1 4591 7883 4928
1374 2 2 10 1 6916 7064 5722
1375 2 2 10 1 4419 7847 4420
1376 2 2 10 1 3373 5573 4481
1377 2 2 10 1 5673 6967 4348
1378 2 2 10 1 5067 5778 2860
1379 2 2 10 1 1101 5826 5559
1380 2 2 10 1 5036 5061 5058
1381 2 2 10 1 3901 7055 4525
1382 2 2 10 1 4540 4762 588
1383 2 2 10 1 6387 6841 586
1384 2 2 10 1 5218 7306 7260
1385 2 2 10 1 3379 5575 3721
1386 2 2 10 1 5658 6244 3878
1387 2 2 10 1 4533 7645 5126
1388 2 2 10 1 747 7548 5932
1389 2 2 10 1 3770 6787 6670
1390 2 2 10 1 2693 6425 5011
1391 2 2 10 1 1682 5160 4848
1392 2 2 10 1 3276 6496 5536
1393 2 2 10 1 2860 5297 5067
1394 2 2 10 1 5894 6774 1111
1395 2 2 10 1 1125 7305 4410
1396 2 2 10 1 4410 7347 1125
1397 2 2 10 1 5243 5347 1149
1398 2 2 10 1 1839 6881 5236
1399 2 2 10 1 1099 5558 4526
1400 2 2 10 1 6967 6982 4348
1401 2 2 10 1 7202 7215 541
1402 2 2 10 1 4122 7215 7202
1403 2 2 10 1 5850 7846 4354
1404 2 2 10 1 3651 6725 4518
1405 2 2 10 1 7000 7062 611
1406 2 2 10 1 5256 7217 7201
1407 2 2 10 1 1713 6439 4552
1408 2 2 10 1 3869 4813 2798
1409 2 2 10 1 3566 6184 3568
1410 2 2 10 1 4563 7740 6267
1411 2 2 10 1 5401 6089 621
1412 2 2 10 1 7520 7566 5662
1413 2 2 10 1 5900 7156 2016
1414 2 2 10 1 1109 5561 4661
1415 2 2 10 1 3743 4920 3744
1416 2 2 10 1 4120 5969 5797
1417 2 2 10 1 516 7181 4536
1418 2 2 10 1 5559 5826 4677
1419 2 2 10 1 4962 7062 7000
1420 2 2 10 1 1110 5873 4521
1421 2 2 10 1 5239 5298 3467
1422 2 2 10 1 4918 6508 2328
1423 2 2 10 1 2150 7839 4496
1424 2 2 10 1 3655 7836 4664
1425 2 2 10 1 5032 6451 1275
1426 2 2 10 1 4490 7888 1180
1427 2 2 10 1 3885 6893 5823
1428 2 2 10 1 3570 6165 3572
1429 2 2 10 1 1975 7520 5662
1430 2 2 10 1 5205 7373 518
1431 2 2 10 1 4631 4632 1505
1432 2 2 10 1 1976 5557 4546
1433 2 2 10 1 518 7373 5181
1434 2 2 10 1 4464 5298 5239
1435 2 2 10 1 5111 6642 5114
1436 2 2 10 1 4622 6714 5155
1437 2 2 10 1 7260 7306 2224
1438 2 2 10 1 4595 4755 1016
1439 2 2 10 1 4610 4641 4612
1440 2 2 10 1 4620 4641 729
1441 2 2 10 1 1504 4756 4625
1442 2 2 10 1 2194 6846 5009
1443 2 2 10 1 4647 5869 1762
1444 2 2 10 1 6477 7160 2980
1445 2 2 10 1 5328 6760 3243
1446 2 2 10 1 4434 6680 5274
1447 2 2 10 1 4526 6244 1099
1448 2 2 10 1 850 6122 848
1449 2 2 10 1 2061 6082 4690
1450 2 2 10 1 2833 5802 5800
1451 2 2 10 1 2211 6438 4836
1452 2 2 10 1 4509 6486 6407
1453 2 2 10 1 7150 7374 589
1454 2 2 10 1 4236 6388 4491
1455 2 2 10 1 5014 5020 4710
1456 2 2 10 1 4921 6809 1138
1457 2 2 10 1 5558 6242 4526
1458 2 2 10 1 1388 5760 1426
1459 2 2 10 1 5403 6089 5401
1460 2 2 10 1 1432 5769 1435
1461 2 2 10 1 3245 5289 5288
1462 2 2 10 1 4733 6363 2350
1463 2 2 10 1 4536 7182 516
1464 2 2 10 1 4601 4697 461
1465 2 2 10 1 456 4631 1505
1466 2 2 10 1 430 4745 1072
1467 2 2 10 1 4570 4638 432
1468 2 2 10 1 459 4752 1196
1469 2 2 10 1 4580 4698 435
1470 2 2 10 1 4564 4593 425
1471 2 2 10 1 2782 7318 4517
1472 2 2 10 1 3721 5104 3383
1473 2 2 10 1 5722 7064 5723
1474 2 2 10 1 4947 5019 5017
1475 2 2 10 1 2215 6559 4887
1476 2 2 10 1 5975 6889 1133
1477 2 2 10 1 4867 4874 4863
1478 2 2 10 1 3243 5824 4532
1479 2 2 10 1 4613 7516 3880
1480 2 2 10 1 4985 7472 3742
1481 2 2 10 1 5375 6147 5650
1482 2 2 10 1 7065 7478 5017
1483 2 2 10 1 1822 6805 5045
1484 2 2 10 1 2772 4650 4649
1485 2 2 10 1 2016 7178 5900
1486 2 2 10 1 5055 6874 507
1487 2 2 10 1 5313 6835 5309
1488 2 2 10 1 6407 6486 988
1489 2 2 10 1 5661 6484 3601
1490 2 2 10 1 6735 6747 4022
1491 2 2 10 1 5481 6256 3295
1492 2 2 10 1 2734 6431 4954
1493 2 2 10 1 7148 7443 1443
1494 2 2 10 1 4624 4629 4619
1495 2 2 10 1 4970 6844 6507
1496 2 2 10 1 4210 7130 6348
1497 2 2 10 1 6694 7058 4846
1498 2 2 10 1 4513 6820 633
1499 2 2 10 1 4546 6242 1976
1500 2 2 10 1 4509 6407 1984
1501 2 2 10 1 4385 7878 7717
1502 2 2 10 1 4965 7459 3301
1503 2 2 10 1 4001 6806 4607
1504 2 2 10 1 5200 7082 5201
1505 2 2 10 1 3777 6853 5191
1506 2 2 10 1 3301 7438 4965
1507 2 2 10 1 4451 6841 6387
1508 2 2 10 1 5316 6785 6729
1509 2 2 10 1 5331 7298 5330
1510 2 2 10 1 5650 6147 5648
1511 2 2 10 1 4244 7777 2574
1512 2 2 10 1 4887 6559 4883
1513 2 2 10 1 5106 6786 4004
1514 2 2 10 1 4392 7214 6794
1515 2 2 10 1 5321 5824 3267
1516 2 2 10 1 4686 6615 2141
1517 2 2 10 1 5775 7558 1274
1518 2 2 10 1 6863 6876 4739
1519 2 2 10 1 1984 6341 4509
1520 2 2 10 1 4607 7243 4001
1521 2 2 10 1 2198 6421 4674
1522 2 2 10 1 2081 5910 2737
1523 2 2 10 1 4531 5604 524
1524 2 2 10 1 1518 5113 1699
1525 2 2 10 1 2168 4652 2772
1526 2 2 10 1 5775 7066 2887
1527 2 2 10 1 6079 6080 971
1528 2 2 10 1 4605 7621 7239
1529 2 2 10 1 506 6645 4497
1530 2 2 10 1 1367 4699 1254
1531 2 2 10 1 7239 7621 5063
1532 2 2 10 1 422 7934 4483
1533 2 2 10 1 2411 5035 5034
1534 2 2 10 1 4497 6716 506
1535 2 2 10 1 3845 4970 4969
1536 2 2 10 1 2070 6876 6863
1537 2 2 10 1 5909 5910 2392
1538 2 2 10 1 5664 6931 4164
1539 2 2 10 1 6043 7280 7224
1540 2 2 10 1 570 5055 41
1541 2 2 10 1 3146 6137 5533
1542 2 2 10 1 3385 5104 4668
1543 2 2 10 1 3727 5666 3725
1544 2 2 10 1 4958 7512 2404
1545 2 2 10 1 3756 7399 4452
1546 2 2 10 1 5866 7187 7167
1547 2 2 10 1 5331 7320 7298
1548 2 2 10 1 3288 7706 4468
1549 2 2 10 1 650 5225 1562
1550 2 2 10 1 1725 6747 6735
1551 2 2 10 1 5144 7253 2782
1552 2 2 10 1 5651 5652 5375
1553 2 2 10 1 7395 7820 4956
1554 2 2 10 1 3220 5289 3218
1555 2 2 10 1 638 5053 636
1556 2 2 10 1 7045 7451 6389
1557 2 2 10 1 6452 6895 3875
1558 2 2 10 1 7106 7154 508
1559 2 2 10 1 829 7605 4495
1560 2 2 10 1 6991 7446 2873
1561 2 2 10 1 5733 7103 6887
1562 2 2 10 1 1863 6656 5162
1563 2 2 10 1 4627 7561 7481
1564 2 2 10 1 6931 6943 4164
1565 2 2 10 1 1252 4699 1835
1566 2 2 10 1 7167 7187 3972
1567 2 2 10 1 3742 7681 4985
1568 2 2 10 1 7074 7147 4512
1569 2 2 10 1 6830 6997 1742
1570 2 2 10 1 1362 7825 4489
1571 2 2 10 1 4404 6178 3554
1572 2 2 10 1 4341 7154 7106
1573 2 2 10 1 2923 5020 1756
1574 2 2 10 1 4328 6828 6769
1575 2 2 10 1 713 7147 7074
1576 2 2 10 1 7224 7280 2962
1577 2 2 10 1 8 5195 7
1578 2 2 10 1 3393 5311 3395
1579 2 2 10 1 6729 6785 3415
1580 2 2 10 1 1520 7032 6974
1581 2 2 10 1 6097 7241 822
1582 2 2 10 1 4923 6523 1073
1583 2 2 10 1 5437 7433 5436
1584 2 2 10 1 5088 6902 6740
1585 2 2 10 1 4544 7927 1685
1586 2 2 10 1 2404 7395 4958
1587 2 2 10 1 497 7537 5196
1588 2 2 10 1 2909 5044 2911
1589 2 2 10 1 329 4762 328
1590 2 2 10 1 4942 5019 4943
1591 2 2 10 1 5647 6828 4328
1592 2 2 10 1 487 6784 4508
1593 2 2 10 1 3715 6498 4648
1594 2 2 10 1 6878 6928 4694
1595 2 2 10 1 4772 6253 5204
1596 2 2 10 1 6313 7139 4237
1597 2 2 10 1 5437 7480 7433
1598 2 2 10 1 7023 7074 4512
1599 2 2 10 1 6521 7228 4039
1600 2 2 10 1 2910 4738 2199
1601 2 2 10 1 4804 5221 1297
1602 2 2 10 1 605 7628 7213
1603 2 2 10 1 6107 7039 2015
1604 2 2 10 1 7213 7628 4453
1605 2 2 10 1 4494 6546 1826
1606 2 2 10 1 2050 7853 5760
1607 2 2 10 1 6224 6569 4868
1608 2 2 10 1 2262 6928 6878
1609 2 2 10 1 518 5181 14
1610 2 2 10 1 3295 6256 3154
1611 2 2 10 1 7082 7528 5201
1612 2 2 10 1 4489 7890 1362
1613 2 2 10 1 3387 4684 3389
1614 2 2 10 1 5570 6865 4078
1615 2 2 10 1 4551 7023 4512
1616 2 2 10 1 522 6791 4720
1617 2 2 10 1 2317 6261 4721
1618 2 2 10 1 2197 4869 4868
1619 2 2 10 1 5244 6907 2327
1620 2 2 10 1 6974 7032 6149
1621 2 2 10 1 5660 5661 3828
1622 2 2 10 1 5536 6496 5526
1623 2 2 10 1 504 6089 5403
1624 2 2 10 1 7253 7318 2782
1625 2 2 10 1 4524 5023 2669
1626 2 2 10 1 2890 4724 3006
1627 2 2 10 1 4229 7489 5262
1628 2 2 10 1 4304 7595 7238
1629 2 2 10 1 498 7544 5644
1630 2 2 10 1 2466 4764 4707
1631 2 2 10 1 3429 5312 5310
1632 2 2 10 1 3603 7024 6796
1633 2 2 10 1 2324 6085 4678
1634 2 2 10 1 1402 4955 4953
1635 2 2 10 1 3597 5854 3505
1636 2 2 10 1 6516 7129 5225
1637 2 2 10 1 1684 7758 5638
1638 2 2 10 1 6521 7583 7228
1639 2 2 10 1 1725 6766 5043
1640 2 2 10 1 4600 7799 4566
1641 2 2 10 1 6907 6920 2327
1642 2 2 10 1 2597 7099 5933
1643 2 2 10 1 822 7291 6097
1644 2 2 10 1 6731 7292 4925
1645 2 2 10 1 1757 7160 5157
1646 2 2 10 1 4954 6431 4952
1647 2 2 10 1 3416 5313 5306
1648 2 2 10 1 1979 5854 4553
1649 2 2 10 1 4094 7058 6694
1650 2 2 10 1 6196 6605 2213
1651 2 2 10 1 4033 7105 5702
1652 2 2 10 1 3556 6178 4416
1653 2 2 10 1 5770 5814 1442
1654 2 2 10 1 6032 7149 7115
1655 2 2 10 1 5388 7624 7593
1656 2 2 10 1 4404 7917 6177
1657 2 2 10 1 957 7316 6057
1658 2 2 10 1 2693 5010 3439
1659 2 2 10 1 2027 6183 842
1660 2 2 10 1 7593 7624 499
1661 2 2 10 1 2280 6698 2695
1662 2 2 10 1 6349 7055 628
1663 2 2 10 1 5312 6658 4806
1664 2 2 10 1 7114 7580 2927
1665 2 2 10 1 4855 5260 2351
1666 2 2 10 1 5327 7152 5326
1667 2 2 10 1 3626 5661 3601
1668 2 2 10 1 5656 7387 1121
1669 2 2 10 1 4627 7481 4681
1670 2 2 10 1 2015 7081 6107
1671 2 2 10 1 2693 5011 5010
1672 2 2 10 1 5403 5406 504
1673 2 2 10 1 1067 6540 1032
1674 2 2 10 1 4895 6342 5259
1675 2 2 10 1 5946 7371 6852
1676 2 2 10 1 5186 6805 6777
1677 2 2 10 1 1282 5219 5036
1678 2 2 10 1 603 7183 4493
1679 2 2 10 1 6507 7179 2388
1680 2 2 10 1 7387 7426 1121
1681 2 2 10 1 5134 7169 5133
1682 2 2 10 1 5070 6964 2636
1683 2 2 10 1 2653 5023 3715
1684 2 2 10 1 4230 6999 6055
1685 2 2 10 1 4217 4967 4465
1686 2 2 10 1 5408 5447 619
1687 2 2 10 1 3306 5469 5467
1688 2 2 10 1 4493 7184 603
1689 2 2 10 1 579 6829 4463
1690 2 2 10 1 598 4718 4716
1691 2 2 10 1 6185 6654 4169
1692 2 2 10 1 3978 6676 5287
1693 2 2 10 1 7115 7149 2943
1694 2 2 10 1 6185 6750 1124
1695 2 2 10 1 6057 7408 957
1696 2 2 10 1 2378 6530 5016
1697 2 2 10 1 4771 4920 1180
1698 2 2 10 1 6261 6565 6335
1699 2 2 10 1 1371 5230 4937
1700 2 2 10 1 6908 6922 5883
1701 2 2 10 1 6791 7043 4052
1702 2 2 10 1 5638 7811 1684
1703 2 2 10 1 6568 6571 2663
1704 2 2 10 1 7555 7615 5834
1705 2 2 10 1 3856 4809 3855
1706 2 2 10 1 3230 5700 3228
1707 2 2 10 1 4618 4624 4619
1708 2 2 10 1 4872 6712 1105
1709 2 2 10 1 2188 5089 2136
1710 2 2 10 1 4630 6855 453
1711 2 2 10 1 5327 7168 7152
1712 2 2 10 1 4554 7782 2610
1713 2 2 10 1 5132 7696 5134
1714 2 2 10 1 3502 5873 3501
1715 2 2 10 1 588 6435 4540
1716 2 2 10 1 6823 6840 4753
1717 2 2 10 1 4499 7204 515
1718 2 2 10 1 4919 7708 6540
1719 2 2 10 1 1250 4758 1247
1720 2 2 10 1 4813 6707 4812
1721 2 2 10 1 2833 5801 2624
1722 2 2 10 1 1949 6756 5153
1723 2 2 10 1 4668 5104 3239
1724 2 2 10 1 5557 6837 4546
1725 2 2 10 1 4251 7287 6970
1726 2 2 10 1 3883 7320 5331
1727 2 2 10 1 4349 7419 7357
1728 2 2 10 1 3245 5288 5287
1729 2 2 10 1 1830 4969 1832
1730 2 2 10 1 1297 5232 4948
1731 2 2 10 1 1454 5259 1364
1732 2 2 10 1 5665 5667 3849
1733 2 2 10 1 5852 7399 524
1734 2 2 10 1 5710 6659 5711
1735 2 2 10 1 5625 6688 5623
1736 2 2 10 1 538 7806 4561
1737 2 2 10 1 4678 5204 2324
1738 2 2 10 1 4662 5044 2810
1739 2 2 10 1 515 7210 4499
1740 2 2 10 1 537 6979 6349
1741 2 2 10 1 1187 7269 4634
1742 2 2 10 1 1773 4981 2780
1743 2 2 10 1 3253 6840 6823
1744 2 2 10 1 5711 5712 2750
1745 2 2 10 1 4416 6180 3558
1746 2 2 10 1 4870 5276 4011
1747 2 2 10 1 4521 5854 5560
1748 2 2 10 1 5644 7565 498
1749 2 2 10 1 4641 7491 4612
1750 2 2 10 1 4620 7491 4641
1751 2 2 10 1 5717 7606 2973
1752 2 2 10 1 5011 6425 3678
1753 2 2 10 1 5745 6914 4136
1754 2 2 10 1 4646 6370 3676
1755 2 2 10 1 1402 4953 1390
1756 2 2 10 1 5331 7363 3883
1757 2 2 10 1 6972 7350 4637
1758 2 2 10 1 4617 7580 7114
1759 2 2 10 1 983 6181 837
1760 2 2 10 1 4477 4682 3983
1761 2 2 10 1 2624 5801 2626
1762 2 2 10 1 4169 6750 6185
1763 2 2 10 1 4665 5087 568
1764 2 2 10 1 4892 6984 6941
1765 2 2 10 1 4538 6647 2212
1766 2 2 10 1 1426 5758 1392
1767 2 2 10 1 5749 6139 5759
1768 2 2 10 1 6850 7069 6362
1769 2 2 10 1 754 6340 4736
1770 2 2 10 1 3681 5981 3672
1771 2 2 10 1 3146 5533 3144
1772 2 2 10 1 4642 7594 7576
1773 2 2 10 1 5134 7322 7169
1774 2 2 10 1 2847 5198 2630
1775 2 2 10 1 3856 4810 4809
1776 2 2 10 1 4738 5776 2899
1777 2 2 10 1 7238 7595 5635
1778 2 2 10 1 7024 7120 4135
1779 2 2 10 1 6750 6838 1124
1780 2 2 10 1 3150 5531 3299
1781 2 2 10 1 4642 7576 5686
1782 2 2 10 1 6777 6805 1822
1783 2 2 10 1 7229 7577 4431
1784 2 2 10 1 1034 6540 2212
1785 2 2 10 1 2114 4781 2420
1786 2 2 10 1 6822 6842 4760
1787 2 2 10 1 3492 7861 4834
1788 2 2 10 1 5324 7025 5323
1789 2 2 10 1 1905 6706 4680
1790 2 2 10 1 4721 6262 2317
1791 2 2 10 1 416 4569 417
1792 2 2 10 1 438 4615 439
1793 2 2 10 1 5421 7249 5598
1794 2 2 10 1 5887 7330 2017
1795 2 2 10 1 4551 7686 7023
1796 2 2 10 1 6941 6984 494
1797 2 2 10 1 4668 4684 3387
1798 2 2 10 1 2328 6508 1813
1799 2 2 10 1 6813 7264 5178
1800 2 2 10 1 13 5181 5179
1801 2 2 10 1 4468 7898 3288
1802 2 2 10 1 5292 7840 3469
1803 2 2 10 1 4811 7469 5158
1804 2 2 10 1 2715 5626 4767
1805 2 2 10 1 1452 6668 5608
1806 2 2 10 1 2973 7753 5717
1807 2 2 10 1 1718 6842 6822
1808 2 2 10 1 4956 7820 4955
1809 2 2 10 1 5114 6642 2137
1810 2 2 10 1 2026 6179 833
1811 2 2 10 1 3469 7805 5292
1812 2 2 10 1 2266 7030 4643
1813 2 2 10 1 1422 5814 1430
1814 2 2 10 1 5421 7284 7249
1815 2 2 10 1 3560 6180 4430
1816 2 2 10 1 2328 5250 4722
1817 2 2 10 1 2898 5806 1825
1818 2 2 10 1 4034 7615 7555
1819 2 2 10 1 492 7176 6348
1820 2 2 10 1 5702 7751 4033
1821 2 2 10 1 7522 7567 2319
1822 2 2 10 1 5749 5760 5748
1823 2 2 10 1 1242 5069 1240
1824 2 2 10 1 5324 7047 7025
1825 2 2 10 1 6170 6697 6627
1826 2 2 10 1 5670 6992 1704
1827 2 2 10 1 4461 7299 7159
1828 2 2 10 1 4563 6598 4562
1829 2 2 10 1 7357 7419 4047
1830 2 2 10 1 1275 6451 1169
1831 2 2 10 1 3795 6616 6339
1832 2 2 10 1 1115 6713 6076
1833 2 2 10 1 1394 5758 2049
1834 2 2 10 1 1841 5778 1755
1835 2 2 10 1 1424 6351 1513
1836 2 2 10 1 3461 6333 5229
1837 2 2 10 1 4423 7910 4939
1838 2 2 10 1 2371 7735 4847
1839 2 2 10 1 4836 6438 4832
1840 2 2 10 1 4648 6498 2228
1841 2 2 10 1 2632 5198 2995
1842 2 2 10 1 6164 6184 2027
1843 2 2 10 1 471 7119 7111
1844 2 2 10 1 5110 7011 2688
1845 2 2 10 1 5406 6088 504
1846 2 2 10 1 7536 7617 4367
1847 2 2 10 1 5262 7881 4229
1848 2 2 10 1 3702 7564 7070
1849 2 2 10 1 5210 6125 5119
1850 2 2 10 1 4736 6340 4444
1851 2 2 10 1 588 4762 329
1852 2 2 10 1 4495 7230 829
1853 2 2 10 1 971 6081 769
1854 2 2 10 1 4563 6667 6598
1855 2 2 10 1 2048 5814 5767
1856 2 2 10 1 4943 5019 4947
1857 2 2 10 1 2017 7362 5887
1858 2 2 10 1 5433 7391 496
1859 2 2 10 1 1157 5219 1282
1860 2 2 10 1 5823 6893 3524
1861 2 2 10 1 3417 6492 5315
1862 2 2 10 1 4724 4725 3006
1863 2 2 10 1 1105 6569 6224
1864 2 2 10 1 5319 6862 5318
1865 2 2 10 1 1832 4969 2388
1866 2 2 10 1 7023 7686 2565
1867 2 2 10 1 2411 6596 5035
1868 2 2 10 1 7111 7119 4096
1869 2 2 10 1 4707 4764 3893
1870 2 2 10 1 2887 7720 5775
1871 2 2 10 1 5113 7370 1699
1872 2 2 10 1 2869 5711 2752
1873 2 2 10 1 2141 6615 2131
1874 2 2 10 1 4013 6892 4640
1875 2 2 10 1 5055 7482 6874
1876 2 2 10 1 4663 5836 585
1877 2 2 10 1 1801 7113 6489
1878 2 2 10 1 5663 7183 603
1879 2 2 10 1 5609 6703 4701
1880 2 2 10 1 4680 7670 2073
1881 2 2 10 1 496 7360 5433
1882 2 2 10 1 5628 7317 7235
1883 2 2 10 1 1759 6770 4545
1884 2 2 10 1 4079 7273 4851
1885 2 2 10 1 4485 7465 3902
1886 2 2 10 1 4964 5135 780
1887 2 2 10 1 4562 6598 988
1888 2 2 10 1 5883 6824 5343
1889 2 2 10 1 2864 6435 4354
1890 2 2 10 1 626 6922 6908
1891 2 2 10 1 515 7204 4487
1892 2 2 10 1 5408 6088 5406
1893 2 2 10 1 585 5955 4663
1894 2 2 10 1 4550 6413 4549
1895 2 2 10 1 4373 7567 7522
1896 2 2 10 1 4486 5700 4691
1897 2 2 10 1 3226 5824 3224
1898 2 2 10 1 6168 6401 6167
1899 2 2 10 1 5092 5100 5095
1900 2 2 10 1 4053 7125 6996
1901 2 2 10 1 1704 7010 5670
1902 2 2 10 1 5306 6135 3416
1903 2 2 10 1 3611 7295 6779
1904 2 2 10 1 1513 4956 4955
1905 2 2 10 1 4748 6112 3633
1906 2 2 10 1 5933 7636 2597
1907 2 2 10 1 6627 6697 2679
1908 2 2 10 1 514 7577 7229
1909 2 2 10 1 280 5780 279
1910 2 2 10 1 4691 6872 5279
1911 2 2 10 1 2277 7405 4501
1912 2 2 10 1 2878 7355 7030
1913 2 2 10 1 988 6486 4562
1914 2 2 10 1 2324 5204 5086
1915 2 2 10 1 5316 6702 5315
1916 2 2 10 1 5424 7153 5425
1917 2 2 10 1 1589 4757 1730
1918 2 2 10 1 5900 7128 805
1919 2 2 10 1 4430 6182 3562
1920 2 2 10 1 5736 5849 4085
1921 2 2 10 1 2856 5053 638
1922 2 2 10 1 2317 6565 6261
1923 2 2 10 1 1692 5211 1703
1924 2 2 10 1 2073 4992 1909
1925 2 2 10 1 2610 4725 4724
1926 2 2 10 1 2447 7063 4506
1927 2 2 10 1 5168 7324 5169
1928 2 2 10 1 4545 6728 1759
1929 2 2 10 1 5319 6885 6862
1930 2 2 10 1 5006 6452 3875
1931 2 2 10 1 1883 4961 1922
1932 2 2 10 1 6740 6902 2207
1933 2 2 10 1 4135 7120 2816
1934 2 2 10 1 1659 7317 5628
1935 2 2 10 1 4847 7794 2371
1936 2 2 10 1 4899 7296 4054
1937 2 2 10 1 500 7617 7536
1938 2 2 10 1 1150 6385 1149
1939 2 2 10 1 5474 6137 3299
1940 2 2 10 1 4452 7592 3756
1941 2 2 10 1 4839 4840 4838
1942 2 2 10 1 4782 5044 2909
1943 2 2 10 1 5063 7621 5064
1944 2 2 10 1 5655 6951 3255
1945 2 2 10 1 441 7645 4533
1946 2 2 10 1 3595 7866 4885
1947 2 2 10 1 1088 6865 5570
1948 2 2 10 1 771 6081 2061
1949 2 2 10 1 5424 7174 7153
1950 2 2 10 1 4661 6202 1109
1951 2 2 10 1 4981 4982 2780
1952 2 2 10 1 2197 6536 4869
1953 2 2 10 1 1714 5259 1454
1954 2 2 10 1 6067 7404 838
1955 2 2 10 1 4980 4982 4981
1956 2 2 10 1 6886 7104 6447
1957 2 2 10 1 5045 6858 1822
1958 2 2 10 1 4862 4874 2350
1959 2 2 10 1 840 6183 983
1960 2 2 10 1 5307 6135 5306
1961 2 2 10 1 4955 7820 4954
1962 2 2 10 1 5674 6896 4086
1963 2 2 10 1 5316 6729 6702
1964 2 2 10 1 2462 4974 4787
1965 2 2 10 1 1936 6227 5033
1966 2 2 10 1 835 6181 2026
1967 2 2 10 1 489 5215 352
1968 2 2 10 1 7090 7762 4114
1969 2 2 10 1 2143 5265 4975
1970 2 2 10 1 1262 7166 5107
1971 2 2 10 1 1367 4700 4699
1972 2 2 10 1 5698 6522 5033
1973 2 2 10 1 4493 7181 516
1974 2 2 10 1 6882 7252 3699
1975 2 2 10 1 2810 7133 4662
1976 2 2 10 1 6783 6797 4774
1977 2 2 10 1 4615 7580 4617
1978 2 2 10 1 773 6083 776
1979 2 2 10 1 1361 6412 4676
1980 2 2 10 1 5056 7836 3655
1981 2 2 10 1 2293 5145 4817
1982 2 2 10 1 5287 6676 3245
1983 2 2 10 1 4733 4874 4734
1984 2 2 10 1 27 4780 26
1985 2 2 10 1 624 7424 5544
1986 2 2 10 1 823 6133 825
1987 2 2 10 1 7159 7299 1412
1988 2 2 10 1 805 7156 5900
1989 2 2 10 1 1149 6385 5243
1990 2 2 10 1 3564 6182 4438
1991 2 2 10 1 5375 5652 5374
1992 2 2 10 1 7504 7509 4335
1993 2 2 10 1 3212 5295 3246
1994 2 2 10 1 2350 6363 1999
1995 2 2 10 1 4134 7160 6477
1996 2 2 10 1 4765 4785 2896
1997 2 2 10 1 2049 5771 1407
1998 2 2 10 1 4777 4930 2183
1999 2 2 10 1 3933 6623 4709
2000 2 2 10 1 831 6179 973
2001 2 2 10 1 4522 4780 533
2002 2 2 10 1 3255 6971 5655
2003 2 2 10 1 648 6516 5225
2004 2 2 10 1 2085 5047 3925
2005 2 2 10 1 516 7184 4493
2006 2 2 10 1 4677 5981 1974
2007 2 2 10 1 1836 7464 4520
2008 2 2 10 1 3828 5661 3626
2009 2 2 10 1 4433 6327 4556
2010 2 2 10 1 6896 6906 4086
2011 2 2 10 1 701 6422 4922
2012 2 2 10 1 4868 6569 2197
2013 2 2 10 1 3270 6797 6783
2014 2 2 10 1 6055 7841 4230
2015 2 2 10 1 838 7441 6067
2016 2 2 10 1 5307 6359 6135
2017 2 2 10 1 6666 6877 2446
2018 2 2 10 1 2190 7871 4654
2019 2 2 10 1 3290 7666 5525
2020 2 2 10 1 3723 6202 3683
2021 2 2 10 1 2335 6592 4510
2022 2 2 10 1 5698 5699 2179
2023 2 2 10 1 4797 7336 369
2024 2 2 10 1 4556 7333 567
2025 2 2 10 1 5231 7633 2464
2026 2 2 10 1 1513 6351 4957
2027 2 2 10 1 4767 5626 3494
2028 2 2 10 1 3676 6370 2306
2029 2 2 10 1 2768 7503 7400
2030 2 2 10 1 4710 5020 2923
2031 2 2 10 1 524 7399 4531
2032 2 2 10 1 4552 6600 1713
2033 2 2 10 1 1379 6419 5584
2034 2 2 10 1 4690 6083 2061
2035 2 2 10 1 3142 5805 3140
2036 2 2 10 1 4869 6635 4734
2037 2 2 10 1 4611 5601 4613
2038 2 2 10 1 2412 7088 4960
2039 2 2 10 1 4007 6496 6405
2040 2 2 10 1 4922 6422 3837
2041 2 2 10 1 2610 7892 4554
2042 2 2 10 1 1367 4701 4700
2043 2 2 10 1 605 7213 4499
2044 2 2 10 1 6780 6793 4786
2045 2 2 10 1 4037 7273 4079
2046 2 2 10 1 5446 6094 5447
2047 2 2 10 1 6680 7553 5274
2048 2 2 10 1 1934 6227 1936
2049 2 2 10 1 578 6955 5158
2050 2 2 10 1 5525 7718 3290
2051 2 2 10 1 520 7563 4519
2052 2 2 10 1 351 5215 592
2053 2 2 10 1 7275 7748 6024
2054 2 2 10 1 4037 7339 7273
2055 2 2 10 1 3266 5629 5312
2056 2 2 10 1 3306 5533 5469
2057 2 2 10 1 5755 5759 2867
2058 2 2 10 1 3617 7910 4423
2059 2 2 10 1 6076 6713 4494
2060 2 2 10 1 2798 4813 3856
2061 2 2 10 1 5584 6419 4651
2062 2 2 10 1 1762 6620 4647
2063 2 2 10 1 2062 6933 6022
2064 2 2 10 1 569 7068 7014
2065 2 2 10 1 2120 4781 2117
2066 2 2 10 1 1730 4757 2285
2067 2 2 10 1 2073 7101 4992
2068 2 2 10 1 5159 6721 1275
2069 2 2 10 1 2464 7688 5231
2070 2 2 10 1 369 7501 4797
2071 2 2 10 1 4499 7210 605
2072 2 2 10 1 4501 7381 2277
2073 2 2 10 1 3892 5836 4663
2074 2 2 10 1 619 6088 5408
2075 2 2 10 1 2911 5044 4662
2076 2 2 10 1 5934 5935 747
2077 2 2 10 1 5393 7509 7504
2078 2 2 10 1 5157 7160 4134
2079 2 2 10 1 5909 7092 5910
2080 2 2 10 1 1420 5771 1442
2081 2 2 10 1 4438 6184 3566
2082 2 2 10 1 4581 5549 4584
2083 2 2 10 1 5010 6446 3439
2084 2 2 10 1 4136 7148 5745
2085 2 2 10 1 2881 7212 4113
2086 2 2 10 1 6335 6565 2169
2087 2 2 10 1 3299 6137 3148
2088 2 2 10 1 4746 5247 3871
2089 2 2 10 1 603 7700 5663
2090 2 2 10 1 4540 6435 2866
2091 2 2 10 1 4766 5175 572
2092 2 2 10 1 2067 6793 6780
2093 2 2 10 1 3828 5815 5659
2094 2 2 10 1 7031 7080 4308
2095 2 2 10 1 4787 4974 4139
2096 2 2 10 1 4963 5135 4964
2097 2 2 10 1 1835 4758 1250
2098 2 2 10 1 3781 6795 4715
2099 2 2 10 1 4487 7695 515
2100 2 2 10 1 4783 5215 4413
2101 2 2 10 1 5669 6859 4062
2102 2 2 10 1 4463 7328 579
2103 2 2 10 1 5048 7768 5050
2104 2 2 10 1 2028 7451 7045
2105 2 2 10 1 2103 7080 7031
2106 2 2 10 1 4820 4822 2596
2107 2 2 10 1 5426 5582 5548
2108 2 2 10 1 4759 6335 2169
2109 2 2 10 1 3630 5826 5815
2110 2 2 10 1 1274 4997 1008
2111 2 2 10 1 5108 7762 7090
2112 2 2 10 1 3246 5295 5294
2113 2 2 10 1 4738 4778 2199
2114 2 2 10 1 4857 6677 2196
2115 2 2 10 1 2048 5769 1432
2116 2 2 10 1 5708 5710 2869
2117 2 2 10 1 1550 7437 7409
2118 2 2 10 1 3462 6125 5210
2119 2 2 10 1 5004 7370 5113
2120 2 2 10 1 2723 6588 6472
2121 2 2 10 1 954 6981 6046
2122 2 2 10 1 3357 7772 5170
2123 2 2 10 1 3628 5815 3828
2124 2 2 10 1 1881 4961 1883
2125 2 2 10 1 4520 7464 726
2126 2 2 10 1 2007 6262 2225
2127 2 2 10 1 4533 6961 441
2128 2 2 10 1 4008 5532 5528
2129 2 2 10 1 7014 7068 4471
2130 2 2 10 1 5307 6492 6359
2131 2 2 10 1 4837 4839 4838
2132 2 2 10 1 4832 4837 4828
2133 2 2 10 1 4532 5824 5321
2134 2 2 10 1 4626 4629 4624
2135 2 2 10 1 4619 4629 4621
2136 2 2 10 1 5048 5050 5049
2137 2 2 10 1 848 6122 986
2138 2 2 10 1 5561 5981 4661
2139 2 2 10 1 3214 5295 3212
2140 2 2 10 1 5050 7768 4314
2141 2 2 10 1 4535 7165 607
2142 2 2 10 1 2559 4785 2556
2143 2 2 10 1 6120 6122 850
2144 2 2 10 1 2695 6682 4809
2145 2 2 10 1 5673 6946 2065
2146 2 2 10 1 5437 7424 624
2147 2 2 10 1 2392 7904 5909
2148 2 2 10 1 5077 7676 1122
2149 2 2 10 1 5046 7622 2816
2150 2 2 10 1 4227 6619 5180
2151 2 2 10 1 5544 7506 624
2152 2 2 10 1 4482 7495 5687
2153 2 2 10 1 5483 5530 5485
2154 2 2 10 1 4919 7832 7708
2155 2 2 10 1 5058 5061 5060
2156 2 2 10 1 4716 5196 598
2157 2 2 10 1 3707 6677 4857
2158 2 2 10 1 547 6659 5843
2159 2 2 10 1 1772 6944 6689
2160 2 2 10 1 6359 6492 3417
2161 2 2 10 1 6859 6879 4062
2162 2 2 10 1 6023 7004 6024
2163 2 2 10 1 4362 6606 2588
2164 2 2 10 1 4713 7803 4773
2165 2 2 10 1 5877 7479 2019
2166 2 2 10 1 4482 7526 7495
2167 2 2 10 1 3572 6165 3793
2168 2 2 10 1 5170 7145 3357
2169 2 2 10 1 4443 6165 3570
2170 2 2 10 1 1574 4888 1576
2171 2 2 10 1 3599 6484 4553
2172 2 2 10 1 4482 7543 3275
2173 2 2 10 1 3416 6835 5313
2174 2 2 10 1 4234 6976 4997
2175 2 2 10 1 5769 6668 1452
2176 2 2 10 1 3568 6184 4443
2177 2 2 10 1 726 6965 4520
2178 2 2 10 1 1247 4758 1246
2179 2 2 10 1 7334 7461 4502
2180 2 2 10 1 4822 4825 2596
2181 2 2 10 1 6071 7874 6070
2182 2 2 10 1 2074 6688 5625
2183 2 2 10 1 3266 5312 4806
2184 2 2 10 1 5016 5018 5015
2185 2 2 10 1 5005 5006 3875
2186 2 2 10 1 4616 7580 4615
2187 2 2 10 1 4413 6128 4783
2188 2 2 10 1 4997 7558 4234
2189 2 2 10 1 190 7309 5611
2190 2 2 10 1 5462 5804 5464
2191 2 2 10 1 3415 6785 5318
2192 2 2 10 1 2890 5041 4724
2193 2 2 10 1 2183 5571 4777
2194 2 2 10 1 1435 5769 1452
2195 2 2 10 1 2891 6854 4726
2196 2 2 10 1 4984 4987 4986
2197 2 2 10 1 235 7261 234
2198 2 2 10 1 5442 5444 5409
2199 2 2 10 1 2646 5303 2347
2200 2 2 10 1 5315 6702 3417
2201 2 2 10 1 2088 5047 2085
2202 2 2 10 1 7250 7453 4380
2203 2 2 10 1 6887 7103 2650
2204 2 2 10 1 1379 5563 4737
2205 2 2 10 1 1371 4988 4987
2206 2 2 10 1 2179 6522 5698
2207 2 2 10 1 4522 6471 4780
2208 2 2 10 1 7 5195 630
2209 2 2 10 1 7562 7717 5021
2210 2 2 10 1 3892 6470 5836
2211 2 2 10 1 2463 4794 4793
2212 2 2 10 1 5799 7082 5801
2213 2 2 10 1 3275 7526 4482
2214 2 2 10 1 3705 7562 7527
2215 2 2 10 1 2906 5005 3875
2216 2 2 10 1 4928 4930 4929
2217 2 2 10 1 563 5195 8
2218 2 2 10 1 26 4780 580
2219 2 2 10 1 5912 7582 7394
2220 2 2 10 1 5608 6288 1452
2221 2 2 10 1 1496 4849 1498
2222 2 2 10 1 2154 5072 2461
2223 2 2 10 1 5969 7372 5797
2224 2 2 10 1 2065 6967 5673
2225 2 2 10 1 959 5037 3885
2226 2 2 10 1 4735 6604 1861
2227 2 2 10 1 2317 6262 2007
2228 2 2 10 1 2444 6673 5563
2229 2 2 10 1 3994 7264 6813
2230 2 2 10 1 514 7229 5677
2231 2 2 10 1 4623 6714 4622
2232 2 2 10 1 3780 7248 6699
2233 2 2 10 1 5664 6910 3269
2234 2 2 10 1 5847 5849 5736
2235 2 2 10 1 5159 6587 3985
2236 2 2 10 1 1489 6895 6452
2237 2 2 10 1 2019 7515 5877
2238 2 2 10 1 1775 4981 1773
2239 2 2 10 1 4553 6484 5562
2240 2 2 10 1 6779 7295 4077
2241 2 2 10 1 6738 6757 4009
2242 2 2 10 1 2860 5778 1841
2243 2 2 10 1 3144 5533 3306
2244 2 2 10 1 2901 5806 2898
2245 2 2 10 1 4657 7463 1121
2246 2 2 10 1 3582 7862 6115
2247 2 2 10 1 2561 7449 5594
2248 2 2 10 1 5083 7690 3277
2249 2 2 10 1 3259 6868 4669
2250 2 2 10 1 4523 6471 4522
2251 2 2 10 1 4701 6703 4703
2252 2 2 10 1 6170 6627 2697
2253 2 2 10 1 2695 6698 6682
2254 2 2 10 1 7400 7503 5840
2255 2 2 10 1 6121 6949 3576
2256 2 2 10 1 2096 5102 4749
2257 2 2 10 1 5442 6376 5441
2258 2 2 10 1 4052 7329 6791
2259 2 2 10 1 6618 6741 6229
2260 2 2 10 1 2182 7104 6886
2261 2 2 10 1 5815 5826 1101
2262 2 2 10 1 7409 7437 4417
2263 2 2 10 1 928 7427 7402
2264 2 2 10 1 4727 6741 2191
2265 2 2 10 1 1194 5049 2422
2266 2 2 10 1 4458 7743 3278
2267 2 2 10 1 4635 5226 4636
2268 2 2 10 1 4812 6707 532
2269 2 2 10 1 6794 7214 632
2270 2 2 10 1 4675 7141 2724
2271 2 2 10 1 636 5053 5052
2272 2 2 10 1 4759 6538 6258
2273 2 2 10 1 7394 7582 4040
2274 2 2 10 1 4994 6746 2372
2275 2 2 10 1 4818 6639 4817
2276 2 2 10 1 4623 7078 6714
2277 2 2 10 1 7040 7132 6409
2278 2 2 10 1 4966 7511 4576
2279 2 2 10 1 7351 7466 5719
2280 2 2 10 1 4749 6463 2096
2281 2 2 10 1 5017 7478 4947
2282 2 2 10 1 1457 6439 1713
2283 2 2 10 1 7389 7430 6213
2284 2 2 10 1 5107 7814 1262
2285 2 2 10 1 1762 5869 1059
2286 2 2 10 1 4783 6128 3004
2287 2 2 10 1 3278 7744 4458
2288 2 2 10 1 1121 7426 4657
2289 2 2 10 1 909 5667 911
2290 2 2 10 1 2623 7385 7286
2291 2 2 10 1 4011 5909 4870
2292 2 2 10 1 2181 6370 2293
2293 2 2 10 1 7912 7935 6594
2294 2 2 10 1 6624 7563 5273
2295 2 2 10 1 536 6824 5883
2296 2 2 10 1 1756 5020 4789
2297 2 2 10 1 1226 4789 2895
2298 2 2 10 1 5540 5542 5438
2299 2 2 10 1 1909 4992 1911
2300 2 2 10 1 6097 7178 2016
2301 2 2 10 1 3257 6757 6738
2302 2 2 10 1 607 7197 4535
2303 2 2 10 1 4674 6421 3982
2304 2 2 10 1 4961 6685 1922
2305 2 2 10 1 5611 7625 190
2306 2 2 10 1 6081 6082 2061
2307 2 2 10 1 4654 7912 2190
2308 2 2 10 1 1174 6587 5159
2309 2 2 10 1 2208 7461 7334
2310 2 2 10 1 5607 6288 5608
2311 2 2 10 1 6046 7102 954
2312 2 2 10 1 5447 6094 619
2313 2 2 10 1 3246 5294 5293
2314 2 2 10 1 3332 5075 3778
2315 2 2 10 1 6734 6754 4014
2316 2 2 10 1 6029 7568 939
2317 2 2 10 1 4713 7882 7803
2318 2 2 10 1 5594 7665 2561
2319 2 2 10 1 4787 6406 2462
2320 2 2 10 1 4737 6419 1379
2321 2 2 10 1 6323 6459 3696
2322 2 2 10 1 1296 5019 4942
2323 2 2 10 1 4492 4792 3938
2324 2 2 10 1 2862 5849 4507
2325 2 2 10 1 1755 5778 5065
2326 2 2 10 1 4832 4839 4837
2327 2 2 10 1 5939 7013 6924
2328 2 2 10 1 5467 5805 3306
2329 2 2 10 1 587 5849 5847
2330 2 2 10 1 2398 4888 1574
2331 2 2 10 1 4925 7777 4244
2332 2 2 10 1 3649 6203 4983
2333 2 2 10 1 5648 6147 3285
2334 2 2 10 1 2896 4785 2559
2335 2 2 10 1 4987 4988 4986
2336 2 2 10 1 3505 5854 4521
2337 2 2 10 1 4553 5854 3597
2338 2 2 10 1 5409 6376 5442
2339 2 2 10 1 4557 6571 4435
2340 2 2 10 1 4807 5901 2564
2341 2 2 10 1 5036 7946 5061
2342 2 2 10 1 3241 5700 3230
2343 2 2 10 1 3269 6931 5664
2344 2 2 10 1 4658 6918 1687
2345 2 2 10 1 991 4782 2909
2346 2 2 10 1 5033 6522 1936
2347 2 2 10 1 2259 6661 2256
2348 2 2 10 1 3763 7289 4363
2349 2 2 10 1 710 4814 3471
2350 2 2 10 1 4674 6570 2198
2351 2 2 10 1 592 4783 4775
2352 2 2 10 1 6594 7935 1914
2353 2 2 10 1 4664 6736 3655
2354 2 2 10 1 2852 7893 6374
2355 2 2 10 1 1133 7771 5975
2356 2 2 10 1 1195 5049 1194
2357 2 2 10 1 4682 7328 3983
2358 2 2 10 1 3277 7719 5083
2359 2 2 10 1 4699 4700 4550
2360 2 2 10 1 4983 6656 3649
2361 2 2 10 1 6390 6582 6090
2362 2 2 10 1 5084 7300 4501
2363 2 2 10 1 4883 4889 4879
2364 2 2 10 1 2817 4890 4485
2365 2 2 10 1 1390 4953 1389
2366 2 2 10 1 3237 5565 5299
2367 2 2 10 1 4568 4569 416
2368 2 2 10 1 4614 4615 438
2369 2 2 10 1 5757 5771 5756
2370 2 2 10 1 5035 7946 5036
2371 2 2 10 1 2391 4849 1496
2372 2 2 10 1 828 6112 4748
2373 2 2 10 1 5850 6435 588
2374 2 2 10 1 5444 5447 5409
2375 2 2 10 1 4519 7303 520
2376 2 2 10 1 5647 6883 557
2377 2 2 10 1 2876 4896 1938
2378 2 2 10 1 4796 5303 2949
2379 2 2 10 1 557 6828 5647
2380 2 2 10 1 4085 5849 2862
2381 2 2 10 1 6796 7024 4135
2382 2 2 10 1 4593 4594 1016
2383 2 2 10 1 1504 4624 4618
2384 2 2 10 1 4610 4611 755
2385 2 2 10 1 4618 4619 729
2386 2 2 10 1 951 4705 4640
2387 2 2 10 1 6852 7371 4347
2388 2 2 10 1 1389 4953 4952
2389 2 2 10 1 2140 5072 2154
2390 2 2 10 1 1671 6754 6734
2391 2 2 10 1 4872 6224 4866
2392 2 2 10 1 4558 4559 4557
2393 2 2 10 1 4827 4837 2349
2394 2 2 10 1 3307 5804 5462
2395 2 2 10 1 2016 7241 6097
2396 2 2 10 1 4940 6932 6816
2397 2 2 10 1 2869 6444 5708
2398 2 2 10 1 5021 7717 4219
2399 2 2 10 1 4859 4860 4116
2400 2 2 10 1 1871 5278 1741
2401 2 2 10 1 4681 7481 1854
2402 2 2 10 1 1834 5041 1192
2403 2 2 10 1 2384 4851 4850
2404 2 2 10 1 1041 4899 1838
2405 2 2 10 1 5014 5015 5013
2406 2 2 10 1 3501 5873 3781
2407 2 2 10 1 1761 4800 4799
2408 2 2 10 1 5034 6227 2411
2409 2 2 10 1 754 4736 740
2410 2 2 10 1 6115 7845 3582
2411 2 2 10 1 4828 4837 4827
2412 2 2 10 1 2323 7790 4476
2413 2 2 10 1 2355 4863 4862
2414 2 2 10 1 3423 6940 5323
2415 2 2 10 1 2351 5260 1797
2416 2 2 10 1 4506 7177 2447
2417 2 2 10 1 4521 5873 3502
2418 2 2 10 1 5719 7466 5720
2419 2 2 10 1 1082 6076 1826
2420 2 2 10 1 4890 6898 4485
2421 2 2 10 1 7288 7304 1653
2422 2 2 10 1 1442 5814 1422
2423 2 2 10 1 3228 5700 3267
2424 2 2 10 1 4932 5040 4936
2425 2 2 10 1 5189 6978 4456
2426 2 2 10 1 2472 5039 2804
2427 2 2 10 1 939 7601 6029
2428 2 2 10 1 3657 7508 6051
2429 2 2 10 1 5391 5646 5643
2430 2 2 10 1 533 4780 27
2431 2 2 10 1 4968 4969 1830
2432 2 2 10 1 5112 7847 4419
2433 2 2 10 1 982 6084 4768
2434 2 2 10 1 5768 5769 2048
2435 2 2 10 1 5400 5652 5651
2436 2 2 10 1 3429 6658 5312
2437 2 2 10 1 4769 7646 3272
2438 2 2 10 1 5902 5955 3430
2439 2 2 10 1 4878 4889 2383
2440 2 2 10 1 2910 5776 4738
2441 2 2 10 1 1367 5609 4701
2442 2 2 10 1 5438 5868 5540
2443 2 2 10 1 1160 5219 1157
2444 2 2 10 1 6899 7091 1503
2445 2 2 10 1 3587 7864 6016
2446 2 2 10 1 5809 6104 2562
2447 2 2 10 1 4456 7227 5189
2448 2 2 10 1 4109 7417 5346
2449 2 2 10 1 1297 5221 1210
2450 2 2 10 1 1952 6410 6085
2451 2 2 10 1 1446 5172 1444
2452 2 2 10 1 2169 6538 4759
2453 2 2 10 1 1931 4876 1926
2454 2 2 10 1 4679 6888 3256
2455 2 2 10 1 5165 7518 3358
2456 2 2 10 1 4969 4970 2388
2457 2 2 10 1 6970 7287 2296
2458 2 2 10 1 3672 5981 4677
2459 2 2 10 1 7388 7471 477
2460 2 2 10 1 4661 5981 3681
2461 2 2 10 1 1742 6997 5133
2462 2 2 10 1 3336 5344 5343
2463 2 2 10 1 4071 5236 5235
2464 2 2 10 1 5015 5018 5017
2465 2 2 10 1 2328 7940 4918
2466 2 2 10 1 2413 5151 2700
2467 2 2 10 1 4046 7532 7485
2468 2 2 10 1 5554 5556 5455
2469 2 2 10 1 1680 5160 1682
2470 2 2 10 1 2185 6674 5186
2471 2 2 10 1 4949 6058 5293
2472 2 2 10 1 5643 5645 5391
2473 2 2 10 1 4543 4893 3479
2474 2 2 10 1 3845 4968 952
2475 2 2 10 1 2259 7572 4609
2476 2 2 10 1 748 5117 2569
2477 2 2 10 1 5186 6674 3776
2478 2 2 10 1 572 5176 4766
2479 2 2 10 1 2384 4850 1793
2480 2 2 10 1 5346 7440 4109
2481 2 2 10 1 1687 6938 4658
2482 2 2 10 1 2069 7514 6064
2483 2 2 10 1 4640 7818 4013
2484 2 2 10 1 43 5052 42
2485 2 2 10 1 4777 5580 4930
2486 2 2 10 1 4931 4932 1827
2487 2 2 10 1 4630 7029 3843
2488 2 2 10 1 3853 6666 5691
2489 2 2 10 1 1256 5609 1367
2490 2 2 10 1 5318 6862 3415
2491 2 2 10 1 614 7470 117
2492 2 2 10 1 1914 7935 6550
2493 2 2 10 1 2629 7678 5997
2494 2 2 10 1 1678 4827 2349
2495 2 2 10 1 1901 4877 2313
2496 2 2 10 1 42 5052 570
2497 2 2 10 1 4931 5040 4932
2498 2 2 10 1 617 7050 5425
2499 2 2 10 1 4836 6599 2211
2500 2 2 10 1 4796 5857 4797
2501 2 2 10 1 2595 4825 2947
2502 2 2 10 1 483 5780 280
2503 2 2 10 1 1084 4858 1054
2504 2 2 10 1 4011 5276 2008
2505 2 2 10 1 6899 6911 4028
2506 2 2 10 1 1840 4951 3481
2507 2 2 10 1 4898 4899 1043
2508 2 2 10 1 2412 4960 4959
2509 2 2 10 1 4742 6923 977
2510 2 2 10 1 5226 6710 4636
2511 2 2 10 1 4353 7741 6189
2512 2 2 10 1 5229 6788 3461
2513 2 2 10 1 2986 4859 4116
2514 2 2 10 1 1943 6085 2324
2515 2 2 10 1 3307 5462 5460
2516 2 2 10 1 4626 7175 4629
2517 2 2 10 1 5293 6058 3246
2518 2 2 10 1 1887 5147 2352
2519 2 2 10 1 3267 5824 3226
2520 2 2 10 1 975 4778 2897
2521 2 2 10 1 5289 6760 3974
2522 2 2 10 1 5585 7450 622
2523 2 2 10 1 4963 4964 3652
2524 2 2 10 1 5373 6009 5653
2525 2 2 10 1 3285 6239 5653
2526 2 2 10 1 4942 4943 1829
2527 2 2 10 1 5069 6423 1240
2528 2 2 10 1 1870 5568 4808
2529 2 2 10 1 2584 7701 5936
2530 2 2 10 1 5390 5645 3318
2531 2 2 10 1 4930 5580 4929
2532 2 2 10 1 606 7240 5678
2533 2 2 10 1 4312 7691 6153
2534 2 2 10 1 6064 7610 2069
2535 2 2 10 1 5389 5392 5213
2536 2 2 10 1 1593 7021 5073
2537 2 2 10 1 4879 4889 4878
2538 2 2 10 1 4929 5580 4616
2539 2 2 10 1 1761 4799 1205
2540 2 2 10 1 4476 7870 2323
2541 2 2 10 1 1389 4952 4951
2542 2 2 10 1 1430 5814 2048
2543 2 2 10 1 4806 6017 3266
2544 2 2 10 1 5540 5868 5539
2545 2 2 10 1 6924 7013 2055
2546 2 2 10 1 2355 4862 2003
2547 2 2 10 1 6051 7654 3657
2548 2 2 10 1 5142 5266 5203
2549 2 2 10 1 6085 6410 4678
2550 2 2 10 1 6016 7885 3587
2551 2 2 10 1 1703 6509 1753
2552 2 2 10 1 1240 6423 1237
2553 2 2 10 1 1970 5151 2413
2554 2 2 10 1 2461 5072 4977
2555 2 2 10 1 4388 7869 6564
2556 2 2 10 1 1212 5232 1297
2557 2 2 10 1 6816 6932 584
2558 2 2 10 1 4715 6795 883
2559 2 2 10 1 2942 7599 4976
2560 2 2 10 1 4975 4976 2141
2561 2 2 10 1 5012 5014 5013
2562 2 2 10 1 1023 5230 1371
2563 2 2 10 1 5344 5569 3866
2564 2 2 10 1 1122 7745 5077
2565 2 2 10 1 2266 4891 1930
2566 2 2 10 1 4922 6836 1373
2567 2 2 10 1 532 6707 391
2568 2 2 10 1 1019 4987 4984
2569 2 2 10 1 6077 6078 4403
2570 2 2 10 1 503 7008 114
2571 2 2 10 1 4028 6911 4784
2572 2 2 10 1 1938 4896 1935
2573 2 2 10 1 7056 7162 1514
2574 2 2 10 1 2664 4890 2817
2575 2 2 10 1 1456 6748 5113
2576 2 2 10 1 5049 5050 2422
2577 2 2 10 1 4900 5882 2322
2578 2 2 10 1 5076 5692 5075
2579 2 2 10 1 3272 7677 4769
2580 2 2 10 1 7399 7539 4452
2581 2 2 10 1 1167 6503 5088
2582 2 2 10 1 5391 5645 5390
2583 2 2 10 1 952 4968 948
2584 2 2 10 1 1690 4878 2383
2585 2 2 10 1 7402 7427 4437
2586 2 2 10 1 1869 5889 2346
2587 2 2 10 1 3860 4941 2786
2588 2 2 10 1 2144 6491 2143
2589 2 2 10 1 2073 7670 7101
2590 2 2 10 1 655 4875 726
2591 2 2 10 1 5767 5814 5770
2592 2 2 10 1 6116 7929 3824
2593 2 2 10 1 5565 7928 5299
2594 2 2 10 1 3474 7095 5326
2595 2 2 10 1 4711 7588 3265
2596 2 2 10 1 2982 4861 4654
2597 2 2 10 1 5547 6265 5548
2598 2 2 10 1 5548 6265 5426
2599 2 2 10 1 1960 4897 2479
2600 2 2 10 1 1093 6133 823
2601 2 2 10 1 2061 6083 773
2602 2 2 10 1 4764 6434 3893
2603 2 2 10 1 3824 7920 6116
2604 2 2 10 1 1815 5250 2328
2605 2 2 10 1 4617 5126 1087
2606 2 2 10 1 6646 7122 3922
2607 2 2 10 1 6147 6239 3285
2608 2 2 10 1 3513 7908 6138
2609 2 2 10 1 6189 7763 4353
2610 2 2 10 1 5202 5266 2419
2611 2 2 10 1 5046 7120 5047
2612 2 2 10 1 2412 4959 1879
2613 2 2 10 1 1008 4997 1006
2614 2 2 10 1 7030 7355 4643
2615 2 2 10 1 5476 5531 5478
2616 2 2 10 1 5284 7806 538
2617 2 2 10 1 647 4814 710
2618 2 2 10 1 1805 4900 2322
2619 2 2 10 1 7258 7376 4357
2620 2 2 10 1 5100 7173 5095
2621 2 2 10 1 5012 5013 1296
2622 2 2 10 1 3256 6904 4679
2623 2 2 10 1 5203 5266 5202
2624 2 2 10 1 5091 5100 5092
2625 2 2 10 1 2352 5147 2928
2626 2 2 10 1 3224 5824 3243
2627 2 2 10 1 4767 5809 2715
2628 2 2 10 1 7527 7562 5021
2629 2 2 10 1 5312 5629 5310
2630 2 2 10 1 4054 7638 4899
2631 2 2 10 1 4851 7674 4079
2632 2 2 10 1 279 5780 585
2633 2 2 10 1 4100 6357 4514
2634 2 2 10 1 3306 5805 3142
2635 2 2 10 1 2739 6020 5238
2636 2 2 10 1 4011 7092 5909
2637 2 2 10 1 3455 5358 3889
2638 2 2 10 1 4708 6988 5089
2639 2 2 10 1 6153 7715 4312
2640 2 2 10 1 4762 6474 328
2641 2 2 10 1 624 7480 5437
2642 2 2 10 1 5042 6069 2186
2643 2 2 10 1 4767 6104 5809
2644 2 2 10 1 4908 4926 4904
2645 2 2 10 1 263 5832 262
2646 2 2 10 1 4957 6351 5001
2647 2 2 10 1 1004 6459 6323
2648 2 2 10 1 2596 5889 4820
2649 2 2 10 1 5560 5854 1979
2650 2 2 10 1 1027 4931 1827
2651 2 2 10 1 2411 6227 1934
2652 2 2 10 1 1964 4950 2415
2653 2 2 10 1 2941 4924 4440
2654 2 2 10 1 1216 4942 1829
2655 2 2 10 1 1006 4997 4996
2656 2 2 10 1 4362 7831 6606
2657 2 2 10 1 2949 5857 4796
2658 2 2 10 1 6977 7465 4485
2659 2 2 10 1 7300 7381 4501
2660 2 2 10 1 6146 7669 4221
2661 2 2 10 1 1903 6706 1905
2662 2 2 10 1 7327 7674 4853
2663 2 2 10 1 520 5176 399
2664 2 2 10 1 1897 4927 2441
2665 2 2 10 1 3345 4963 3652
2666 2 2 10 1 6138 7275 3513
2667 2 2 10 1 4638 5549 1047
2668 2 2 10 1 4460 7893 2386
2669 2 2 10 1 4806 6658 4684
2670 2 2 10 1 5466 6948 6934
2671 2 2 10 1 399 5176 398
2672 2 2 10 1 5522 7151 5536
2673 2 2 10 1 6327 7333 4556
2674 2 2 10 1 3654 6498 5023
2675 2 2 10 1 5111 5114 3711
2676 2 2 10 1 4927 4928 2441
2677 2 2 10 1 2222 6878 4694
2678 2 2 10 1 6934 6948 505
2679 2 2 10 1 4724 5041 1834
2680 2 2 10 1 5211 6509 1703
2681 2 2 10 1 3745 7836 5056
2682 2 2 10 1 3268 6058 4949
2683 2 2 10 1 7070 7564 4436
2684 2 2 10 1 5153 6756 3612
2685 2 2 10 1 4683 7297 3804
2686 2 2 10 1 2596 4825 2595
2687 2 2 10 1 1576 4888 1665
2688 2 2 10 1 5634 6986 2262
2689 2 2 10 1 5887 7291 822
2690 2 2 10 1 2133 4975 2141
2691 2 2 10 1 5066 5067 1828
2692 2 2 10 1 5280 5607 3449
2693 2 2 10 1 6957 6968 551
2694 2 2 10 1 5259 6342 1364
2695 2 2 10 1 240 7272 239
2696 2 2 10 1 4628 7561 4627
2697 2 2 10 1 4480 5955 5780
2698 2 2 10 1 2827 7776 5838
2699 2 2 10 1 2990 4779 4088
2700 2 2 10 1 5473 6968 6957
2701 2 2 10 1 6536 6635 4869
2702 2 2 10 1 667 7126 7085
2703 2 2 10 1 3336 5343 5342
2704 2 2 10 1 5538 6856 6790
2705 2 2 10 1 3004 6128 5220
2706 2 2 10 1 2191 6741 6618
2707 2 2 10 1 5107 7551 4048
2708 2 2 10 1 3692 7221 5330
2709 2 2 10 1 7366 7584 3619
2710 2 2 10 1 4584 5549 4589
2711 2 2 10 1 2395 5068 1719
2712 2 2 10 1 3986 7578 7519
2713 2 2 10 1 5674 6876 2070
2714 2 2 10 1 2724 6588 2723
2715 2 2 10 1 1426 5759 5758
2716 2 2 10 1 608 7453 7250
2717 2 2 10 1 5563 6673 4737
2718 2 2 10 1 1508 6111 5071
2719 2 2 10 1 2262 6986 6928
2720 2 2 10 1 6136 6448 2009
2721 2 2 10 1 776 6083 982
2722 2 2 10 1 6258 6538 2004
2723 2 2 10 1 1980 6312 5127
2724 2 2 10 1 2150 6672 2149
2725 2 2 10 1 825 6133 2054
2726 2 2 10 1 1047 5549 4581
2727 2 2 10 1 3241 6872 4691
2728 2 2 10 1 2447 7554 5038
2729 2 2 10 1 1498 4849 1661
2730 2 2 10 1 4949 5596 3268
2731 2 2 10 1 3845 4969 4968
2732 2 2 10 1 6721 7726 1275
2733 2 2 10 1 2463 5303 4794
2734 2 2 10 1 4951 4952 3481
2735 2 2 10 1 3883 7363 5346
2736 2 2 10 1 7708 7832 4723
2737 2 2 10 1 1220 5012 1296
2738 2 2 10 1 6470 6717 485
2739 2 2 10 1 687 6440 683
2740 2 2 10 1 4789 5020 2895
2741 2 2 10 1 3683 6202 4661
2742 2 2 10 1 444 4743 445
2743 2 2 10 1 460 4601 461
2744 2 2 10 1 446 5152 447
2745 2 2 10 1 424 4564 425
2746 2 2 10 1 429 4745 430
2747 2 2 10 1 455 4631 456
2748 2 2 10 1 415 4568 416
2749 2 2 10 1 434 4580 435
2750 2 2 10 1 452 4630 453
2751 2 2 10 1 437 4614 438
2752 2 2 10 1 458 4752 459
2753 2 2 10 1 412 5197 413
2754 2 2 10 1 431 4570 432
2755 2 2 10 1 413 4714 414
2756 2 2 10 1 4049 5091 2714
2757 2 2 10 1 3849 6202 3723
2758 2 2 10 1 2462 6406 2238
2759 2 2 10 1 1825 5806 5037
2760 2 2 10 1 4984 4985 1362
2761 2 2 10 1 2949 5303 2646
2762 2 2 10 1 3860 5088 4941
2763 2 2 10 1 6975 6993 490
2764 2 2 10 1 5280 6288 5607
2765 2 2 10 1 976 4778 975
2766 2 2 10 1 4109 7440 5620
2767 2 2 10 1 1110 6795 5873
2768 2 2 10 1 4979 4981 1775
2769 2 2 10 1 4659 7538 3262
2770 2 2 10 1 4613 5197 755
2771 2 2 10 1 5301 7928 3482
2772 2 2 10 1 4990 4991 1948
2773 2 2 10 1 3140 5805 5804
2774 2 2 10 1 5480 6993 6975
2775 2 2 10 1 4381 7458 7456
2776 2 2 10 1 3265 7629 4711
2777 2 2 10 1 6669 6691 4003
2778 2 2 10 1 1381 4951 1840
2779 2 2 10 1 5273 7553 6624
2780 2 2 10 1 5078 5079 3894
2781 2 2 10 1 5192 5193 3777
2782 2 2 10 1 3848 6448 6136
2783 2 2 10 1 5006 7199 1527
2784 2 2 10 1 1513 4957 4956
2785 2 2 10 1 2447 5038 1740
2786 2 2 10 1 576 4819 4815
2787 2 2 10 1 5323 7025 3423
2788 2 2 10 1 2564 5901 1858
2789 2 2 10 1 1229 4789 1226
2790 2 2 10 1 2556 4785 2554
2791 2 2 10 1 1777 4979 1775
2792 2 2 10 1 1281 5085 1104
2793 2 2 10 1 4701 4702 4700
2794 2 2 10 1 4694 6832 2222
2795 2 2 10 1 3918 5332 5269
2796 2 2 10 1 2351 7412 4855
2797 2 2 10 1 3938 4792 3940
2798 2 2 10 1 4531 6597 5604
2799 2 2 10 1 3519 6912 4749
2800 2 2 10 1 3793 6165 6122
2801 2 2 10 1 3995 7343 7339
2802 2 2 10 1 1755 5065 1292
2803 2 2 10 1 4552 6439 6378
2804 2 2 10 1 5079 6418 3894
2805 2 2 10 1 3263 5573 5564
2806 2 2 10 1 1260 5066 1828
2807 2 2 10 1 7146 7191 4309
2808 2 2 10 1 5166 7265 5164
2809 2 2 10 1 3481 5880 1842
2810 2 2 10 1 4982 4983 2780
2811 2 2 10 1 5066 5778 5067
2812 2 2 10 1 1046 4898 1043
2813 2 2 10 1 1084 5185 4858
2814 2 2 10 1 4628 7759 7561
2815 2 2 10 1 2977 5136 1862
2816 2 2 10 1 2217 7191 7146
2817 2 2 10 1 2927 5580 4777
2818 2 2 10 1 5780 5955 585
2819 2 2 10 1 4848 5160 4841
2820 2 2 10 1 1978 7667 4747
2821 2 2 10 1 4381 7456 5118
2822 2 2 10 1 1104 5085 1077
2823 2 2 10 1 5653 6239 5373
2824 2 2 10 1 1893 5571 2183
2825 2 2 10 1 5522 7186 7151
2826 2 2 10 1 961 5037 959
2827 2 2 10 1 5062 5064 2423
2828 2 2 10 1 5828 7069 6850
2829 2 2 10 1 6405 6496 3276
2830 2 2 10 1 4817 6639 2293
2831 2 2 10 1 5708 6444 5709
2832 2 2 10 1 6421 6602 4479
2833 2 2 10 1 1221 4756 466
2834 2 2 10 1 426 4593 1016
2835 2 2 10 1 1016 4755 427
2836 2 2 10 1 436 4698 1044
2837 2 2 10 1 464 4683 4639
2838 2 2 10 1 462 4697 1209
2839 2 2 10 1 729 4641 5
2840 2 2 10 1 1504 4618 468
2841 2 2 10 1 411 4610 755
2842 2 2 10 1 469 4618 729
2843 2 2 10 1 1505 4751 457
2844 2 2 10 1 410 4641 4610
2845 2 2 10 1 1209 4683 463
2846 2 2 10 1 951 4640 418
2847 2 2 10 1 465 4639 1221
2848 2 2 10 1 433 4638 1047
2849 2 2 10 1 423 5859 999
2850 2 2 10 1 428 4755 1506
2851 2 2 10 1 467 4756 1504
2852 2 2 10 1 2410 5262 5261
2853 2 2 10 1 7286 7385 5999
2854 2 2 10 1 4793 5278 2463
2855 2 2 10 1 6689 6944 5124
2856 2 2 10 1 2360 6333 2358
2857 2 2 10 1 1006 4996 998
2858 2 2 10 1 732 5117 748
2859 2 2 10 1 5699 6650 2179
2860 2 2 10 1 1939 5086 2332
2861 2 2 10 1 7001 7015 594
2862 2 2 10 1 4612 7491 5155
2863 2 2 10 1 1043 4899 1041
2864 2 2 10 1 2386 7354 4460
2865 2 2 10 1 5071 6111 4537
2866 2 2 10 1 4768 6269 982
2867 2 2 10 1 5487 7015 7001
2868 2 2 10 1 4427 6113 5081
2869 2 2 10 1 4832 6438 4839
2870 2 2 10 1 6962 7054 1487
2871 2 2 10 1 5797 7372 538
2872 2 2 10 1 5669 6840 3253
2873 2 2 10 1 4244 7655 4925
2874 2 2 10 1 5052 5053 570
2875 2 2 10 1 1745 5146 2284
2876 2 2 10 1 1946 4994 1947
2877 2 2 10 1 4964 6196 3652
2878 2 2 10 1 3289 7687 5090
2879 2 2 10 1 3292 7819 5527
2880 2 2 10 1 5937 7430 7389
2881 2 2 10 1 4833 6305 4849
2882 2 2 10 1 2645 4973 2242
2883 2 2 10 1 1109 5667 909
2884 2 2 10 1 911 5667 5665
2885 2 2 10 1 5804 5805 5464
2886 2 2 10 1 992 4782 991
2887 2 2 10 1 5534 6744 6690
2888 2 2 10 1 4514 7925 544
2889 2 2 10 1 1106 5661 5660
2890 2 2 10 1 822 7330 5887
2891 2 2 10 1 3013 5342 3011
2892 2 2 10 1 4841 5160 4838
2893 2 2 10 1 6378 6439 5068
2894 2 2 10 1 535 6094 5446
2895 2 2 10 1 3447 5795 3445
2896 2 2 10 1 1734 5172 1446
2897 2 2 10 1 3892 6717 6470
2898 2 2 10 1 7388 7401 5784
2899 2 2 10 1 6122 6165 986
2900 2 2 10 1 2856 5054 5053
2901 2 2 10 1 1786 4995 1785
2902 2 2 10 1 7721 7737 6236
2903 2 2 10 1 513 7245 4660
2904 2 2 10 1 1767 6203 1765
2905 2 2 10 1 2080 6110 2078
2906 2 2 10 1 568 7277 4667
2907 2 2 10 1 6663 6684 4006
2908 2 2 10 1 4576 7511 4577
2909 2 2 10 1 5222 6487 3247
2910 2 2 10 1 5997 7694 2629
2911 2 2 10 1 1757 5156 642
2912 2 2 10 1 5120 5121 2459
2913 2 2 10 1 4709 6623 2378
2914 2 2 10 1 5073 7021 4161
2915 2 2 10 1 5527 7860 3292
2916 2 2 10 1 3067 6691 6669
2917 2 2 10 1 5551 5554 5553
2918 2 2 10 1 6790 6856 556
2919 2 2 10 1 1119 5261 1091
2920 2 2 10 1 1761 5221 4801
2921 2 2 10 1 4801 5221 4804
2922 2 2 10 1 5128 5131 3443
2923 2 2 10 1 1091 5261 3634
2924 2 2 10 1 5213 5392 5212
2925 2 2 10 1 5298 6866 3467
2926 2 2 10 1 5790 7314 5789
2927 2 2 10 1 5072 6768 4978
2928 2 2 10 1 4559 7353 6571
2929 2 2 10 1 5115 5116 2381
2930 2 2 10 1 2645 4993 4973
2931 2 2 10 1 6438 6611 6321
2932 2 2 10 1 2347 5303 2463
2933 2 2 10 1 6529 6945 4544
2934 2 2 10 1 5640 5642 5546
2935 2 2 10 1 1720 5119 1749
2936 2 2 10 1 5524 7344 5537
2937 2 2 10 1 2461 4977 2656
2938 2 2 10 1 5584 6925 1363
2939 2 2 10 1 7004 7275 6024
2940 2 2 10 1 1076 6425 1103
2941 2 2 10 1 2250 5062 2423
2942 2 2 10 1 5666 6837 1100
2943 2 2 10 1 4884 6206 4888
2944 2 2 10 1 1862 5136 1142
2945 2 2 10 1 3283 7721 6236
2946 2 2 10 1 4744 6653 3471
2947 2 2 10 1 4684 6658 3389
2948 2 2 10 1 2143 6491 5265
2949 2 2 10 1 3482 7901 5301
2950 2 2 10 1 4988 4989 4986
2951 2 2 10 1 2897 4778 4738
2952 2 2 10 1 2305 5039 2472
2953 2 2 10 1 3459 4806 4684
2954 2 2 10 1 5258 5259 1714
2955 2 2 10 1 4937 5230 4933
2956 2 2 10 1 5212 5392 3330
2957 2 2 10 1 7519 7578 5217
2958 2 2 10 1 1917 4990 1948
2959 2 2 10 1 4008 6496 4007
2960 2 2 10 1 5119 6125 1749
2961 2 2 10 1 2944 6665 5085
2962 2 2 10 1 2714 5091 2394
2963 2 2 10 1 1734 5173 4971
2964 2 2 10 1 4539 7764 1246
2965 2 2 10 1 1153 6385 1150
2966 2 2 10 1 2070 6896 5674
2967 2 2 10 1 5784 7401 5785
2968 2 2 10 1 622 7657 5585
2969 2 2 10 1 4370 7369 5685
2970 2 2 10 1 3479 4893 2721
2971 2 2 10 1 2463 5278 1871
2972 2 2 10 1 5530 6219 5485
2973 2 2 10 1 2904 5005 2906
2974 2 2 10 1 1192 5041 1189
2975 2 2 10 1 1017 4984 1362
2976 2 2 10 1 7313 7314 5790
2977 2 2 10 1 3664 5043 4429
2978 2 2 10 1 5677 7780 514
2979 2 2 10 1 1675 5146 1745
2980 2 2 10 1 4948 5232 4944
2981 2 2 10 1 680 7322 5134
2982 2 2 10 1 5106 7881 2410
2983 2 2 10 1 3004 5220 3002
2984 2 2 10 1 1361 7764 6412
2985 2 2 10 1 2781 5007 3826
2986 2 2 10 1 1719 5068 1541
2987 2 2 10 1 2072 7185 6057
2988 2 2 10 1 3853 6877 6666
2989 2 2 10 1 5409 5447 5408
2990 2 2 10 1 6034 7545 7415
2991 2 2 10 1 4747 7713 1978
2992 2 2 10 1 4660 7244 513
2993 2 2 10 1 1037 5108 1126
2994 2 2 10 1 5374 7725 5377
2995 2 2 10 1 5075 5692 3778
2996 2 2 10 1 5446 6005 535
2997 2 2 10 1 2380 5115 2381
2998 2 2 10 1 4396 7304 7288
2999 2 2 10 1 3262 7575 4659
3000 2 2 10 1 701 4922 693
3001 2 2 10 1 4933 5230 1827
3002 2 2 10 1 4849 6305 1661
3003 2 2 10 1 5207 5209 1985
3004 2 2 10 1 5134 7696 680
3005 2 2 10 1 4944 5232 1829
3006 2 2 10 1 580 5253 5252
3007 2 2 10 1 1922 6577 5147
3008 2 2 10 1 4953 4954 4952
3009 2 2 10 1 3778 5692 4117
3010 2 2 10 1 7485 7532 5615
3011 2 2 10 1 2078 6110 3603
3012 2 2 10 1 4639 7662 1221
3013 2 2 10 1 4959 4961 1881
3014 2 2 10 1 5642 5644 5546
3015 2 2 10 1 5448 5552 5449
3016 2 2 10 1 4739 6842 1718
3017 2 2 10 1 5090 7711 3289
3018 2 2 10 1 5356 5357 3456
3019 2 2 10 1 2934 5117 4736
3020 2 2 10 1 2358 6333 3461
3021 2 2 10 1 3744 5204 4678
3022 2 2 10 1 7896 7945 5976
3023 2 2 10 1 7282 7444 4212
3024 2 2 10 1 302 7848 5715
3025 2 2 10 1 3856 4812 4810
3026 2 2 10 1 592 5215 4783
3027 2 2 10 1 1765 6203 3649
3028 2 2 10 1 5144 7132 4066
3029 2 2 10 1 4049 5100 5091
3030 2 2 10 1 1854 7612 4681
3031 2 2 10 1 3313 5552 5448
3032 2 2 10 1 1870 5867 5568
3033 2 2 10 1 5295 6676 3978
3034 2 2 10 1 6009 6241 3305
3035 2 2 10 1 7037 7046 595
3036 2 2 10 1 6328 6402 2004
3037 2 2 10 1 3336 5569 5344
3038 2 2 10 1 2924 5145 4646
3039 2 2 10 1 1750 6684 6663
3040 2 2 10 1 5037 5806 3885
3041 2 2 10 1 2052 6913 4696
3042 2 2 10 1 5326 7152 3474
3043 2 2 10 1 5498 7046 7037
3044 2 2 10 1 4825 4826 2947
3045 2 2 10 1 3448 5803 5802
3046 2 2 10 1 4059 6889 5975
3047 2 2 10 1 5376 5862 3305
3048 2 2 10 1 4647 6534 5869
3049 2 2 10 1 1135 6809 1134
3050 2 2 10 1 3443 5135 4963
3051 2 2 10 1 7718 7769 3290
3052 2 2 10 1 2203 5154 2202
3053 2 2 10 1 4632 4633 1505
3054 2 2 10 1 4631 4634 4632
3055 2 2 10 1 4113 7212 4998
3056 2 2 10 1 2837 5056 3655
3057 2 2 10 1 4952 6431 3481
3058 2 2 10 1 2671 5112 2961
3059 2 2 10 1 6178 6179 4416
3060 2 2 10 1 4370 7390 7369
3061 2 2 10 1 1274 7558 4997
3062 2 2 10 1 5723 7064 2868
3063 2 2 10 1 4071 5235 2836
3064 2 2 10 1 1985 5210 5119
3065 2 2 10 1 980 4778 976
3066 2 2 10 1 2176 5106 2410
3067 2 2 10 1 1926 4876 1924
3068 2 2 10 1 526 5189 5188
3069 2 2 10 1 4852 5260 4855
3070 2 2 10 1 2922 5107 4048
3071 2 2 10 1 5373 6241 6009
3072 2 2 10 1 2355 5276 4864
3073 2 2 10 1 1199 5049 1195
3074 2 2 10 1 3459 6017 4806
3075 2 2 10 1 2384 5260 4852
3076 2 2 10 1 5623 6688 5626
3077 2 2 10 1 6032 7087 6031
3078 2 2 10 1 642 5156 640
3079 2 2 10 1 5593 7301 2546
3080 2 2 10 1 2856 6637 5054
3081 2 2 10 1 5015 5017 5013
3082 2 2 10 1 4808 5889 1870
3083 2 2 10 1 1107 7591 4547
3084 2 2 10 1 4971 5172 1734
3085 2 2 10 1 616 7308 5433
3086 2 2 10 1 5524 7382 7344
3087 2 2 10 1 3430 5955 4480
3088 2 2 10 1 3341 5075 3332
3089 2 2 10 1 6690 6744 620
3090 2 2 10 1 4888 6206 1665
3091 2 2 10 1 6794 7124 4392
3092 2 2 10 1 4927 4930 4928
3093 2 2 10 1 2122 6391 2120
3094 2 2 10 1 4708 7026 6988
3095 2 2 10 1 4972 6332 5172
3096 2 2 10 1 4673 7837 2429
3097 2 2 10 1 5793 7234 5792
3098 2 2 10 1 3641 5073 4161
3099 2 2 10 1 2004 6402 6258
3100 2 2 10 1 2384 4852 4851
3101 2 2 10 1 3335 5340 5339
3102 2 2 10 1 5820 6113 4427
3103 2 2 10 1 5784 7471 7388
3104 2 2 10 1 4419 7913 5112
3105 2 2 10 1 2366 5120 2459
3106 2 2 10 1 544 7507 4514
3107 2 2 10 1 5668 6723 4009
3108 2 2 10 1 2716 5218 3825
3109 2 2 10 1 3349 5128 3443
3110 2 2 10 1 5127 5781 1980
3111 2 2 10 1 2569 5117 2934
3112 2 2 10 1 2772 4652 4650
3113 2 2 10 1 5146 6701 4022
3114 2 2 10 1 2198 6602 6421
3115 2 2 10 1 5545 5640 5546
3116 2 2 10 1 2340 5047 2088
3117 2 2 10 1 6062 6514 2793
3118 2 2 10 1 4864 5276 4870
3119 2 2 10 1 5002 5005 2904
3120 2 2 10 1 634 5052 43
3121 2 2 10 1 5620 7497 4109
3122 2 2 10 1 4957 4958 4956
3123 2 2 10 1 1134 6408 5177
3124 2 2 10 1 3253 6859 5669
3125 2 2 10 1 2974 5281 2368
3126 2 2 10 1 3453 6433 5764
3127 2 2 10 1 1761 4801 4800
3128 2 2 10 1 5434 5811 3314
3129 2 2 10 1 1974 5981 5561
3130 2 2 10 1 4722 5250 2885
3131 2 2 10 1 3941 6048 5596
3132 2 2 10 1 683 6440 1458
3133 2 2 10 1 4775 6462 592
3134 2 2 10 1 1879 4959 1878
3135 2 2 10 1 1741 5278 1980
3136 2 2 10 1 3335 5341 5340
3137 2 2 10 1 5551 5553 5552
3138 2 2 10 1 5596 6048 3268
3139 2 2 10 1 4753 6797 3270
3140 2 2 10 1 1181 6604 6506
3141 2 2 10 1 2386 7893 2852
3142 2 2 10 1 5976 7945 3297
3143 2 2 10 1 4777 5571 2925
3144 2 2 10 1 4221 7801 6146
3145 2 2 10 1 4837 4838 2349
3146 2 2 10 1 1919 4966 1946
3147 2 2 10 1 5460 5860 3307
3148 2 2 10 1 5216 5217 571
3149 2 2 10 1 4663 5955 5902
3150 2 2 10 1 3314 5811 3043
3151 2 2 10 1 4706 7494 4705
3152 2 2 10 1 5309 6835 5311
3153 2 2 10 1 1171 5159 1275
3154 2 2 10 1 5706 6870 6394
3155 2 2 10 1 1793 4850 1791
3156 2 2 10 1 6444 6727 5709
3157 2 2 10 1 3809 7236 3991
3158 2 2 10 1 4057 7423 7235
3159 2 2 10 1 559 7140 5082
3160 2 2 10 1 3995 7339 4037
3161 2 2 10 1 4210 5149 3919
3162 2 2 10 1 3136 5860 3134
3163 2 2 10 1 7231 7234 5793
3164 2 2 10 1 3482 7928 5565
3165 2 2 10 1 1911 4992 4990
3166 2 2 10 1 5568 5867 5567
3167 2 2 10 1 5446 5447 5444
3168 2 2 10 1 7860 7896 3292
3169 2 2 10 1 5229 6333 2459
3170 2 2 10 1 5551 5556 5554
3171 2 2 10 1 5330 7298 3692
3172 2 2 10 1 4943 4944 1829
3173 2 2 10 1 4895 5258 3438
3174 2 2 10 1 2187 5111 2421
3175 2 2 10 1 2368 5281 2101
3176 2 2 10 1 3336 5342 3013
3177 2 2 10 1 6328 6329 3891
3178 2 2 10 1 7268 7358 4310
3179 2 2 10 1 3328 5640 5545
3180 2 2 10 1 2836 5235 2568
3181 2 2 10 1 1885 5147 1887
3182 2 2 10 1 5346 7417 3883
3183 2 2 10 1 3678 6425 1076
3184 2 2 10 1 4932 4933 1827
3185 2 2 10 1 2356 5109 2722
3186 2 2 10 1 6381 6406 4787
3187 2 2 10 1 5131 6625 5135
3188 2 2 10 1 2936 5264 2348
3189 2 2 10 1 4611 7413 5601
3190 2 2 10 1 2346 5889 2596
3191 2 2 10 1 6032 7115 7087
3192 2 2 10 1 4852 4853 4851
3193 2 2 10 1 6506 6604 4735
3194 2 2 10 1 6860 7881 5106
3195 2 2 10 1 1054 4858 1052
3196 2 2 10 1 5753 6363 4730
3197 2 2 10 1 1494 6499 2391
3198 2 2 10 1 3456 5378 5356
3199 2 2 10 1 4801 4802 4800
3200 2 2 10 1 5939 6817 5684
3201 2 2 10 1 3434 5173 3432
3202 2 2 10 1 2355 4864 4863
3203 2 2 10 1 608 7250 4687
3204 2 2 10 1 4813 7142 577
3205 2 2 10 1 6453 7170 4980
3206 2 2 10 1 6467 6468 2189
3207 2 2 10 1 2995 5198 5071
3208 2 2 10 1 2276 5144 2782
3209 2 2 10 1 3233 5222 3247
3210 2 2 10 1 2885 5250 2374
3211 2 2 10 1 3633 6801 4748
3212 2 2 10 1 1292 5065 1270
3213 2 2 10 1 4864 4865 4863
3214 2 2 10 1 6778 7232 633
3215 2 2 10 1 2234 6406 6381
3216 2 2 10 1 3290 7769 5980
3217 2 2 10 1 5143 7157 602
3218 2 2 10 1 3456 5358 3455
3219 2 2 10 1 5675 6720 4014
3220 2 2 10 1 4943 4945 4944
3221 2 2 10 1 1436 6351 1424
3222 2 2 10 1 394 5171 578
3223 2 2 10 1 5034 5035 5027
3224 2 2 10 1 2214 7673 4688
3225 2 2 10 1 2925 5571 1889
3226 2 2 10 1 4538 5263 3827
3227 2 2 10 1 6548 6694 1230
3228 2 2 10 1 4696 6995 2052
3229 2 2 10 1 495 7206 5598
3230 2 2 10 1 1738 5207 1985
3231 2 2 10 1 1676 4827 1678
3232 2 2 10 1 4932 4934 4933
3233 2 2 10 1 396 5174 528
3234 2 2 10 1 4642 7608 3294
3235 2 2 10 1 5074 5076 5075
3236 2 2 10 1 2178 6428 6002
3237 2 2 10 1 392 5158 532
3238 2 2 10 1 6005 6371 535
3239 2 2 10 1 4984 4986 4985
3240 2 2 10 1 2096 6411 5102
3241 2 2 10 1 398 5176 572
3242 2 2 10 1 3438 5258 2434
3243 2 2 10 1 1134 5177 1130
3244 2 2 10 1 2638 6964 2688
3245 2 2 10 1 3467 6866 6104
3246 2 2 10 1 32 5187 529
3247 2 2 10 1 526 5188 18
3248 2 2 10 1 5278 6312 1980
3249 2 2 10 1 1899 4877 1901
3250 2 2 10 1 2348 5264 1127
3251 2 2 10 1 5604 6597 581
3252 2 2 10 1 38 5216 571
3253 2 2 10 1 3990 6514 6062
3254 2 2 10 1 573 5205 16
3255 2 2 10 1 2120 6391 4781
3256 2 2 10 1 5410 6310 3309
3257 2 2 10 1 3894 5109 5078
3258 2 2 10 1 34 5190 574
3259 2 2 10 1 665 7085 713
3260 2 2 10 1 2902 5002 2904
3261 2 2 10 1 576 5178 20
3262 2 2 10 1 1877 1878 1876
3263 2 2 10 1 1875 1876 1874
3264 2 2 10 1 641 642 640
3265 2 2 10 1 643 644 642
3266 2 2 10 1 2870 4925 4924
3267 2 2 10 1 645 646 644
3268 2 2 10 1 639 640 638
3269 2 2 10 1 2841 2870 2842
3270 2 2 10 1 2671 2961 2670
3271 2 2 10 1 647 710 646
3272 2 2 10 1 1873 5347 3468
3273 2 2 10 1 2911 3641 2912
3274 2 2 10 1 2909 2911 2910
3275 2 2 10 1 637 638 636
3276 2 2 10 1 1275 7726 5032
3277 2 2 10 1 3826 4538 3827
3278 2 2 10 1 2907 5003 5002
3279 2 2 10 1 2922 4048 2714
3280 2 2 10 1 1873 1874 1862
3281 2 2 10 1 5554 6582 6390
3282 2 2 10 1 2560 2670 2559
3283 2 2 10 1 2945 4728 2944
3284 2 2 10 1 2554 2707 2553
3285 2 2 10 1 975 2897 1825
3286 2 2 10 1 4303 7266 4305
3287 2 2 10 1 4547 7644 1107
3288 2 2 10 1 1572 6562 2398
3289 2 2 10 1 2897 2899 2898
3290 2 2 10 1 2149 2841 2288
3291 2 2 10 1 792 817 791
3292 2 2 10 1 2451 2714 2394
3293 2 2 10 1 5074 5075 3341
3294 2 2 10 1 5024 5219 1160
3295 2 2 10 1 2377 4828 4827
3296 2 2 10 1 4760 6793 2067
3297 2 2 10 1 2387 2810 1864
3298 2 2 10 1 7067 7072 596
3299 2 2 10 1 4500 4501 4107
3300 2 2 10 1 4903 4909 4905
3301 2 2 10 1 4474 4475 4473
3302 2 2 10 1 948 4968 947
3303 2 2 10 1 2342 2794 2348
3304 2 2 10 1 2721 4893 3438
3305 2 2 10 1 2786 4941 2784
3306 2 2 10 1 6057 7316 2072
3307 2 2 10 1 4854 5042 4853
3308 2 2 10 1 991 2909 2199
3309 2 2 10 1 732 748 731
3310 2 2 10 1 2781 3826 2885
3311 2 2 10 1 1276 5040 4931
3312 2 2 10 1 5253 5255 5254
3313 2 2 10 1 3914 5795 5022
3314 2 2 10 1 4896 7030 2266
3315 2 2 10 1 2837 3655 2836
3316 2 2 10 1 2895 5014 5012
3317 2 2 10 1 4881 4887 4883
3318 2 2 10 1 2334 4901 4900
3319 2 2 10 1 5521 7072 7067
3320 2 2 10 1 3464 6304 5239
3321 2 2 10 1 5026 5028 5025
3322 2 2 10 1 1718 6863 4739
3323 2 2 10 1 5038 5039 2305
3324 2 2 10 1 5086 6253 2332
3325 2 2 10 1 5137 5268 2443
3326 2 2 10 1 580 5252 25
3327 2 2 10 1 4830 4836 4832
3328 2 2 10 1 2890 2891 1861
3329 2 2 10 1 2416 3933 2923
3330 2 2 10 1 693 4922 1373
3331 2 2 10 1 2432 2784 2431
3332 2 2 10 1 4825 6636 4826
3333 2 2 10 1 2430 2431 2142
3334 2 2 10 1 1381 1840 1755
3335 2 2 10 1 2422 2610 1834
3336 2 2 10 1 2382 4879 4878
3337 2 2 10 1 3778 4117 3779
3338 2 2 10 1 5088 6503 4941
3339 2 2 10 1 2804 4436 4076
3340 2 2 10 1 2890 3006 2891
3341 2 2 10 1 1842 1844 1843
3342 2 2 10 1 5029 5033 5028
3343 2 2 10 1 5525 7611 5597
3344 2 2 10 1 946 947 945
3345 2 2 10 1 2569 2837 2836
3346 2 2 10 1 4730 6363 4733
3347 2 2 10 1 2569 2836 2568
3348 2 2 10 1 1840 1842 1841
3349 2 2 10 1 2984 4859 2986
3350 2 2 10 1 1310 6545 1308
3351 2 2 10 1 582 5832 263
3352 2 2 10 1 3861 7474 7392
3353 2 2 10 1 3303 3331 3302
3354 2 2 10 1 7097 7117 4030
3355 2 2 10 1 4687 7251 608
3356 2 2 10 1 4887 6732 2215
3357 2 2 10 1 3933 4709 2923
3358 2 2 10 1 5208 5238 5207
3359 2 2 10 1 1236 2416 1756
3360 2 2 10 1 2804 4076 2803
3361 2 2 10 1 1757 5157 5156
3362 2 2 10 1 3261 3302 3287
3363 2 2 10 1 2204 2424 2205
3364 2 2 10 1 2416 2923 1756
3365 2 2 10 1 3332 3778 3331
3366 2 2 10 1 5469 5533 5471
3367 2 2 10 1 2551 2553 2550
3368 2 2 10 1 4865 4868 4867
3369 2 2 10 1 1194 2422 1834
3370 2 2 10 1 947 1830 1760
3371 2 2 10 1 1962 4950 1964
3372 2 2 10 1 2784 3706 2785
3373 2 2 10 1 1849 2202 1846
3374 2 2 10 1 1188 2890 1861
3375 2 2 10 1 485 6717 4940
3376 2 2 10 1 1999 6363 1997
3377 2 2 10 1 7094 7100 69
3378 2 2 10 1 1939 2332 1938
3379 2 2 10 1 2842 4924 2941
3380 2 2 10 1 4880 4881 4879
3381 2 2 10 1 5131 5135 3443
3382 2 2 10 1 5712 6659 5713
3383 2 2 10 1 5689 6086 5183
3384 2 2 10 1 3902 4708 4707
3385 2 2 10 1 1832 2204 1833
3386 2 2 10 1 2817 3902 3893
3387 2 2 10 1 3292 7896 5976
3388 2 2 10 1 728 732 731
3389 2 2 10 1 6723 6738 4009
3390 2 2 10 1 1283 5025 5024
3391 2 2 10 1 1830 1832 1831
3392 2 2 10 1 4736 5117 740
3393 2 2 10 1 5813 6320 4475
3394 2 2 10 1 4689 7150 527
3395 2 2 10 1 2003 4862 2001
3396 2 2 10 1 1924 4876 2412
3397 2 2 10 1 635 636 634
3398 2 2 10 1 3291 7650 4761
3399 2 2 10 1 5838 7774 2827
3400 2 2 10 1 2896 7895 4765
3401 2 2 10 1 1930 4891 1928
3402 2 2 10 1 3826 3827 2885
3403 2 2 10 1 2868 7180 5723
3404 2 2 10 1 3427 6084 3425
3405 2 2 10 1 1205 4799 1203
3406 2 2 10 1 4977 4978 3872
3407 2 2 10 1 1958 4897 1960
3408 2 2 10 1 2909 2910 2199
3409 2 2 10 1 5215 7922 4413
3410 2 2 10 1 997 2387 1864
3411 2 2 10 1 2911 2912 2910
3412 2 2 10 1 780 6605 4964
3413 2 2 10 1 4973 4993 4974
3414 2 2 10 1 1293 1381 1292
3415 2 2 10 1 2551 2554 2553
3416 2 2 10 1 5711 6659 5712
3417 2 2 10 1 953 958 952
3418 2 2 10 1 1282 5058 5057
3419 2 2 10 1 4902 4903 4901
3420 2 2 10 1 5910 7092 2737
3421 2 2 10 1 44 634 43
3422 2 2 10 1 4425 5056 2837
3423 2 2 10 1 6374 6930 2852
3424 2 2 10 1 1850 2442 1852
3425 2 2 10 1 5552 5553 5449
3426 2 2 10 1 1883 1922 1885
3427 2 2 10 1 4893 4894 3438
3428 2 2 10 1 5209 7649 5210
3429 2 2 10 1 1424 1513 1404
3430 2 2 10 1 2794 2805 2348
3431 2 2 10 1 1917 1948 1919
3432 2 2 10 1 3641 4161 2912
3433 2 2 10 1 496 7391 5436
3434 2 2 10 1 1265 7060 4712
3435 2 2 10 1 1749 2396 2395
3436 2 2 10 1 1010 1274 1008
3437 2 2 10 1 5102 6411 5103
3438 2 2 10 1 1144 1862 1142
3439 2 2 10 1 1244 1361 1242
3440 2 2 10 1 2900 2907 2902
3441 2 2 10 1 997 1864 995
3442 2 2 10 1 728 731 712
3443 2 2 10 1 1791 2329 1789
3444 2 2 10 1 4213 4544 4215
3445 2 2 10 1 1052 1758 1050
3446 2 2 10 1 1956 2372 1958
3447 2 2 10 1 1783 2330 1781
3448 2 2 10 1 3879 5107 2922
3449 2 2 10 1 1928 1931 1926
3450 2 2 10 1 1440 1686 1438
3451 2 2 10 1 2558 2559 2556
3452 2 2 10 1 4829 4830 4828
3453 2 2 10 1 1720 1749 1719
3454 2 2 10 1 748 2569 2568
3455 2 2 10 1 1870 5889 1869
3456 2 2 10 1 1188 1861 1185
3457 2 2 10 1 4379 4543 3479
3458 2 2 10 1 959 3885 958
3459 2 2 10 1 4048 4409 4049
3460 2 2 10 1 2941 4440 4439
3461 2 2 10 1 1169 6451 1166
3462 2 2 10 1 2732 5112 2671
3463 2 2 10 1 1993 2944 1991
3464 2 2 10 1 6036 7584 7366
3465 2 2 10 1 7073 7086 72
3466 2 2 10 1 1795 2384 1793
3467 2 2 10 1 2472 2804 2803
3468 2 2 10 1 1194 1834 1192
3469 2 2 10 1 5934 5936 5935
3470 2 2 10 1 5179 5180 544
3471 2 2 10 1 571 5233 37
3472 2 2 10 1 5764 6433 3999
3473 2 2 10 1 1873 1875 1874
3474 2 2 10 1 740 5117 732
3475 2 2 10 1 1791 4850 2329
3476 2 2 10 1 2244 5226 2645
3477 2 2 10 1 786 791 766
3478 2 2 10 1 3305 6241 5376
3479 2 2 10 1 6836 6903 1373
3480 2 2 10 1 1975 7463 4657
3481 2 2 10 1 1252 1835 1250
3482 2 2 10 1 1144 5347 1873
3483 2 2 10 1 4945 4946 4944
3484 2 2 10 1 637 639 638
3485 2 2 10 1 1061 1762 1059
3486 2 2 10 1 4852 4854 4853
3487 2 2 10 1 1019 4984 1017
3488 2 2 10 1 4470 4473 4472
3489 2 2 10 1 1056 1084 1054
3490 2 2 10 1 2814 4022 3660
3491 2 2 10 1 2325 5244 2327
3492 2 2 10 1 3662 5043 3664
3493 2 2 10 1 4788 5073 3641
3494 2 2 10 1 1893 2183 1895
3495 2 2 10 1 1207 1761 1205
3496 2 2 10 1 5058 5060 5059
3497 2 2 10 1 4731 4732 4729
3498 2 2 10 1 639 641 640
3499 2 2 10 1 5025 5034 5027
3500 2 2 10 1 1236 1756 1234
3501 2 2 10 1 1844 1846 1845
3502 2 2 10 1 4801 4803 4802
3503 2 2 10 1 2707 4765 3519
3504 2 2 10 1 2001 2350 1999
3505 2 2 10 1 4500 5084 4501
3506 2 2 10 1 2419 6131 5202
3507 2 2 10 1 817 2400 2263
3508 2 2 10 1 1875 1877 1876
3509 2 2 10 1 3611 4530 2832
3510 2 2 10 1 1144 1873 1862
3511 2 2 10 1 1948 4966 1919
3512 2 2 10 1 1203 1366 1201
3513 2 2 10 1 693 1373 685
3514 2 2 10 1 641 643 642
3515 2 2 10 1 2443 5267 5137
3516 2 2 10 1 637 5742 1396
3517 2 2 10 1 635 637 636
3518 2 2 10 1 5122 5123 5121
3519 2 2 10 1 2945 5753 4730
3520 2 2 10 1 2937 4446 2939
3521 2 2 10 1 2210 2394 2223
3522 2 2 10 1 3664 4429 3666
3523 2 2 10 1 3318 6155 5390
3524 2 2 10 1 2546 7867 5593
3525 2 2 10 1 2781 2885 2374
3526 2 2 10 1 3312 6157 5422
3527 2 2 10 1 1678 2349 1680
3528 2 2 10 1 651 1836 649
3529 2 2 10 1 2841 2842 2288
3530 2 2 10 1 2899 2900 2898
3531 2 2 10 1 2560 2671 2670
3532 2 2 10 1 991 2199 980
3533 2 2 10 1 3330 6175 5212
3534 2 2 10 1 6069 6547 2186
3535 2 2 10 1 643 645 644
3536 2 2 10 1 1052 4858 1758
3537 2 2 10 1 1663 2377 1676
3538 2 2 10 1 5441 6376 3309
3539 2 2 10 1 262 5832 534
3540 2 2 10 1 968 975 967
3541 2 2 10 1 5315 6492 5314
3542 2 2 10 1 1924 2412 1879
3543 2 2 10 1 1157 1282 1155
3544 2 2 10 1 2342 2348 1127
3545 2 2 10 1 1799 2351 1797
3546 2 2 10 1 2721 3438 2434
3547 2 2 10 1 4646 5115 2710
3548 2 2 10 1 3713 4500 4107
3549 2 2 10 1 1878 4959 1881
3550 2 2 10 1 2870 4924 2842
3551 2 2 10 1 1017 1362 1014
3552 2 2 10 1 3748 4447 3750
3553 2 2 10 1 1667 2382 1688
3554 2 2 10 1 2352 2925 1889
3555 2 2 10 1 1877 1879 1878
3556 2 2 10 1 710 2687 1417
3557 2 2 10 1 2897 2898 1825
3558 2 2 10 1 645 647 646
3559 2 2 10 1 1913 4990 1917
3560 2 2 10 1 4854 6069 5042
3561 2 2 10 1 1937 1938 1935
3562 2 2 10 1 2659 3872 2661
3563 2 2 10 1 2982 4654 2984
3564 2 2 10 1 3891 6402 6328
3565 2 2 10 1 2945 4729 4728
3566 2 2 10 1 5123 5124 5121
3567 2 2 10 1 1846 1847 1845
3568 2 2 10 1 5252 5254 5251
3569 2 2 10 1 2436 5332 2725
3570 2 2 10 1 1541 5068 1519
3571 2 2 10 1 828 4748 800
3572 2 2 10 1 2124 2142 2122
3573 2 2 10 1 2558 2560 2559
3574 2 2 10 1 4774 6757 3257
3575 2 2 10 1 1922 5147 1885
3576 2 2 10 1 944 945 937
3577 2 2 10 1 1985 5119 1722
3578 2 2 10 1 1887 2352 1889
3579 2 2 10 1 1164 1283 1162
3580 2 2 10 1 4934 4935 4933
3581 2 2 10 1 3750 5045 3766
3582 2 2 10 1 2400 4362 2588
3583 2 2 10 1 4702 6413 4700
3584 2 2 10 1 2451 2922 2714
3585 2 2 10 1 5065 5066 1264
3586 2 2 10 1 2421 5111 2883
3587 2 2 10 1 2661 4890 2664
3588 2 2 10 1 3867 7004 6023
3589 2 2 10 1 5004 5113 5003
3590 2 2 10 1 2006 2355 2003
3591 2 2 10 1 6561 7937 4529
3592 2 2 10 1 5261 5262 3634
3593 2 2 10 1 3248 3261 3260
3594 2 2 10 1 4740 7000 611
3595 2 2 10 1 3294 7594 4642
3596 2 2 10 1 1993 2945 2944
3597 2 2 10 1 3869 7142 4813
3598 2 2 10 1 5433 7360 616
3599 2 2 10 1 1805 2322 1803
3600 2 2 10 1 2149 2288 2147
3601 2 2 10 1 4817 5145 3921
3602 2 2 10 1 4971 5173 3434
3603 2 2 10 1 2907 5002 2902
3604 2 2 10 1 1941 5086 1939
3605 2 2 10 1 6607 7757 7680
3606 2 2 10 1 4423 4441 4424
3607 2 2 10 1 5013 5019 1296
3608 2 2 10 1 1218 4942 1216
3609 2 2 10 1 710 3471 2687
3610 2 2 10 1 5539 5868 3314
3611 2 2 10 1 1071 1123 1066
3612 2 2 10 1 1911 4990 1913
3613 2 2 10 1 1722 5119 1720
3614 2 2 10 1 2324 5086 1941
3615 2 2 10 1 1061 6365 1762
3616 2 2 10 1 1865 5796 2393
3617 2 2 10 1 1223 5012 1220
3618 2 2 10 1 2148 2149 2147
3619 2 2 10 1 655 726 653
3620 2 2 10 1 4066 7132 7040
3621 2 2 10 1 1868 5038 2305
3622 2 2 10 1 3668 4674 3982
3623 2 2 10 1 1212 1297 1210
3624 2 2 10 1 3617 4423 4060
3625 2 2 10 1 3707 4857 3780
3626 2 2 10 1 2895 5020 5014
3627 2 2 10 1 1029 4931 1027
3628 2 2 10 1 3335 5339 3009
3629 2 2 10 1 1256 1367 1254
3630 2 2 10 1 1264 5066 1260
3631 2 2 10 1 4982 5162 4983
3632 2 2 10 1 6001 6451 5030
3633 2 2 10 1 5209 5210 1985
3634 2 2 10 1 1838 5108 1039
3635 2 2 10 1 1740 5038 1868
3636 2 2 10 1 2687 3617 2855
3637 2 2 10 1 2895 5012 1223
3638 2 2 10 1 4960 4961 4959
3639 2 2 10 1 631 5184 5183
3640 2 2 10 1 2135 4975 2133
3641 2 2 10 1 1023 1371 1021
3642 2 2 10 1 1697 7787 7756
3643 2 2 10 1 1688 4878 1690
3644 2 2 10 1 1813 6508 1811
3645 2 2 10 1 659 2565 657
3646 2 2 10 1 2939 4861 2982
3647 2 2 10 1 1457 1713 1451
3648 2 2 10 1 2986 4116 2988
3649 2 2 10 1 3347 4963 3345
3650 2 2 10 1 5235 5236 3935
3651 2 2 10 1 572 5175 5174
3652 2 2 10 1 1901 2313 1903
3653 2 2 10 1 3711 3713 3712
3654 2 2 10 1 4871 4872 4866
3655 2 2 10 1 2199 4778 980
3656 2 2 10 1 2664 2817 2736
3657 2 2 10 1 2906 3875 3796
3658 2 2 10 1 5555 6371 6005
3659 2 2 10 1 5817 6480 5337
3660 2 2 10 1 1844 1845 1843
3661 2 2 10 1 5009 6696 5007
3662 2 2 10 1 4830 4832 4828
3663 2 2 10 1 975 1825 967
3664 2 2 10 1 1594 1719 1541
3665 2 2 10 1 2377 4827 1676
3666 2 2 10 1 1878 1881 1880
3667 2 2 10 1 1960 2479 1962
3668 2 2 10 1 1210 5221 1207
3669 2 2 10 1 1807 4900 1805
3670 2 2 10 1 611 6937 4740
3671 2 2 10 1 950 952 948
3672 2 2 10 1 2914 3860 2786
3673 2 2 10 1 2402 2403 2203
3674 2 2 10 1 786 792 791
3675 2 2 10 1 3343 5074 3341
3676 2 2 10 1 5074 6196 5076
3677 2 2 10 1 1946 7356 4994
3678 2 2 10 1 1928 4891 1931
3679 2 2 10 1 1690 2383 1692
3680 2 2 10 1 2710 5115 2380
3681 2 2 10 1 4904 4926 4903
3682 2 2 10 1 635 5742 637
3683 2 2 10 1 2372 4897 1958
3684 2 2 10 1 5022 5795 3447
3685 2 2 10 1 6067 7362 2017
3686 2 2 10 1 2210 2451 2394
3687 2 2 10 1 4982 7170 5162
3688 2 2 10 1 3713 4107 3714
3689 2 2 10 1 1123 6365 1066
3690 2 2 10 1 1935 4896 1933
3691 2 2 10 1 1443 7443 4773
3692 2 2 10 1 1933 2266 1930
3693 2 2 10 1 1895 4927 1897
3694 2 2 10 1 2230 2368 2101
3695 2 2 10 1 4140 7497 5620
3696 2 2 10 1 3312 6265 5547
3697 2 2 10 1 5253 5254 5252
3698 2 2 10 1 1990 5267 2229
3699 2 2 10 1 5368 7529 121
3700 2 2 10 1 2143 4975 2135
3701 2 2 10 1 1993 5753 2945
3702 2 2 10 1 7737 7744 3278
3703 2 2 10 1 3270 6823 4753
3704 2 2 10 1 657 4875 655
3705 2 2 10 1 6236 7737 3278
3706 2 2 10 1 5306 5313 5305
3707 2 2 10 1 2883 5111 3711
3708 2 2 10 1 5168 5169 808
3709 2 2 10 1 4093 6694 6548
3710 2 2 10 1 4976 7599 4072
3711 2 2 10 1 4010 4011 2008
3712 2 2 10 1 23 5251 531
3713 2 2 10 1 4907 4908 4904
3714 2 2 10 1 1693 2379 1695
3715 2 2 10 1 958 5823 3845
3716 2 2 10 1 3647 7716 4754
3717 2 2 10 1 3345 3652 3343
3718 2 2 10 1 3236 5574 5572
3719 2 2 10 1 3445 5795 5148
3720 2 2 10 1 3413 6080 3411
3721 2 2 10 1 4470 4474 4473
3722 2 2 10 1 1021 4987 1019
3723 2 2 10 1 5296 5297 2860
3724 2 2 10 1 4903 4905 4901
3725 2 2 10 1 1128 2342 1127
3726 2 2 10 1 4909 4910 4905
3727 2 2 10 1 2611 2721 2434
3728 2 2 10 1 2656 4977 2659
3729 2 2 10 1 1389 4951 1382
3730 2 2 10 1 5531 6256 5478
3731 2 2 10 1 1797 5260 1795
3732 2 2 10 1 3421 6082 3419
3733 2 2 10 1 1707 2371 1709
3734 2 2 10 1 521 5191 5190
3735 2 2 10 1 4654 4859 2984
3736 2 2 10 1 4983 6203 2780
3737 2 2 10 1 3921 5145 2924
3738 2 2 10 1 1162 5024 1160
3739 2 2 10 1 5005 7199 5006
3740 2 2 10 1 2001 4862 2350
3741 2 2 10 1 2176 2410 1418
3742 2 2 10 1 1968 5151 1970
3743 2 2 10 1 2707 3519 2708
3744 2 2 10 1 6720 6734 4014
3745 2 2 10 1 3443 4963 3347
3746 2 2 10 1 1809 2334 1807
3747 2 2 10 1 2133 2141 2131
3748 2 2 10 1 6447 6761 2011
3749 2 2 10 1 3984 4479 4478
3750 2 2 10 1 1749 2395 1719
3751 2 2 10 1 1842 1843 1841
3752 2 2 10 1 2667 2832 2340
3753 2 2 10 1 1114 1115 1086
3754 2 2 10 1 981 991 980
3755 2 2 10 1 5710 5711 2869
3756 2 2 10 1 4516 6450 6068
3757 2 2 10 1 1082 1826 1075
3758 2 2 10 1 4662 4788 3641
3759 2 2 10 1 958 3845 952
3760 2 2 10 1 1897 2441 1899
3761 2 2 10 1 3452 5087 4665
3762 2 2 10 1 2240 2462 2238
3763 2 2 10 1 1849 2203 2202
3764 2 2 10 1 2375 2781 2374
3765 2 2 10 1 943 6207 944
3766 2 2 10 1 2191 6827 4727
3767 2 2 10 1 2946 3440 2794
3768 2 2 10 1 2229 5267 2443
3769 2 2 10 1 5425 7153 617
3770 2 2 10 1 1977 7143 4704
3771 2 2 10 1 1220 1296 1218
3772 2 2 10 1 3610 3611 2832
3773 2 2 10 1 6699 7248 6847
3774 2 2 10 1 941 6013 716
3775 2 2 10 1 1031 1276 1029
3776 2 2 10 1 2128 5182 2125
3777 2 2 10 1 1276 4931 1029
3778 2 2 10 1 1860 2331 2219
3779 2 2 10 1 1059 5869 1056
3780 2 2 10 1 1203 4799 1366
3781 2 2 10 1 4541 6474 4762
3782 2 2 10 1 1155 5057 1153
3783 2 2 10 1 1832 2388 2204
3784 2 2 10 1 5357 5358 3456
3785 2 2 10 1 2394 5091 2566
3786 2 2 10 1 1039 5108 1037
3787 2 2 10 1 5172 6332 1444
3788 2 2 10 1 1382 4951 1381
3789 2 2 10 1 2722 5109 3894
3790 2 2 10 1 4885 4886 4882
3791 2 2 10 1 1296 4942 1218
3792 2 2 10 1 4864 4866 4865
3793 2 2 10 1 2357 5106 2176
3794 2 2 10 1 1686 5000 4999
3795 2 2 10 1 3639 4727 3746
3796 2 2 10 1 4881 4883 4879
3797 2 2 10 1 5095 5097 5096
3798 2 2 10 1 39 5216 38
3799 2 2 10 1 2549 2551 2550
3800 2 2 10 1 5863 7233 4122
3801 2 2 10 1 3478 3479 2721
3802 2 2 10 1 3934 4675 3933
3803 2 2 10 1 4479 6555 6429
3804 2 2 10 1 4122 7233 7215
3805 2 2 10 1 649 4814 647
3806 2 2 10 1 447 6799 448
3807 2 2 10 1 2252 5062 2250
3808 2 2 10 1 665 713 663
3809 2 2 10 1 5048 5049 1199
3810 2 2 10 1 1815 2328 1813
3811 2 2 10 1 2284 5146 2814
3812 2 2 10 1 1283 5026 5025
3813 2 2 10 1 3001 5796 5148
3814 2 2 10 1 2183 4927 1895
3815 2 2 10 1 2817 4485 3902
3816 2 2 10 1 2254 2454 2252
3817 2 2 10 1 2334 4900 1807
3818 2 2 10 1 2430 2432 2431
3819 2 2 10 1 4446 4861 2939
3820 2 2 10 1 1562 5225 5223
3821 2 2 10 1 2784 4941 3706
3822 2 2 10 1 2441 4877 1899
3823 2 2 10 1 579 7328 4682
3824 2 2 10 1 5183 6086 631
3825 2 2 10 1 4834 4835 4831
3826 2 2 10 1 5525 7666 7611
3827 2 2 10 1 1951 1952 1945
3828 2 2 10 1 947 4968 1830
3829 2 2 10 1 1386 1389 1382
3830 2 2 10 1 3349 3443 3347
3831 2 2 10 1 3519 4749 3520
3832 2 2 10 1 1201 5048 1199
3833 2 2 10 1 1970 2413 1972
3834 2 2 10 1 2920 5007 2781
3835 2 2 10 1 2305 2472 2306
3836 2 2 10 1 4447 5045 3750
3837 2 2 10 1 1381 1755 1292
3838 2 2 10 1 6043 7196 6042
3839 2 2 10 1 3598 6515 5671
3840 2 2 10 1 2124 2430 2142
3841 2 2 10 1 5671 6515 3258
3842 2 2 10 1 1027 1827 1025
3843 2 2 10 1 1285 1292 1270
3844 2 2 10 1 4351 7131 4490
3845 2 2 10 1 3652 5074 3343
3846 2 2 10 1 2892 5901 4807
3847 2 2 10 1 1216 1829 1214
3848 2 2 10 1 3872 4890 2661
3849 2 2 10 1 1260 1828 1258
3850 2 2 10 1 1881 1883 1882
3851 2 2 10 1 3441 4670 3440
3852 2 2 10 1 5045 6805 3766
3853 2 2 10 1 5598 7249 495
3854 2 2 10 1 6090 6582 493
3855 2 2 10 1 2146 2147 2144
3856 2 2 10 1 5578 6711 5577
3857 2 2 10 1 4701 4703 4702
3858 2 2 10 1 2382 4878 1688
3859 2 2 10 1 4359 7786 6295
3860 2 2 10 1 1991 5085 1281
3861 2 2 10 1 3778 3779 3331
3862 2 2 10 1 1907 2073 1909
3863 2 2 10 1 4209 7256 4459
3864 2 2 10 1 1847 1850 1848
3865 2 2 10 1 3317 5458 5456
3866 2 2 10 1 2405 5621 2849
3867 2 2 10 1 692 693 685
3868 2 2 10 1 3011 5342 3335
3869 2 2 10 1 1753 2210 2209
3870 2 2 10 1 1711 2447 1740
3871 2 2 10 1 2040 6286 3449
3872 2 2 10 1 748 2568 2406
3873 2 2 10 1 4117 4515 3779
3874 2 2 10 1 5026 5029 5028
3875 2 2 10 1 5656 7347 4410
3876 2 2 10 1 2366 2459 2364
3877 2 2 10 1 3891 6329 2952
3878 2 2 10 1 2432 2786 2784
3879 2 2 10 1 700 701 693
3880 2 2 10 1 4549 6537 3636
3881 2 2 10 1 4905 5882 4901
3882 2 2 10 1 5028 6227 5034
3883 2 2 10 1 946 948 947
3884 2 2 10 1 2583 6118 3842
3885 2 2 10 1 1840 1841 1755
3886 2 2 10 1 5149 5621 3919
3887 2 2 10 1 1171 1275 1169
3888 2 2 10 1 4786 6754 1671
3889 2 2 10 1 2883 3711 3710
3890 2 2 10 1 4911 5882 4905
3891 2 2 10 1 2330 4980 4979
3892 2 2 10 1 944 946 945
3893 2 2 10 1 3261 3303 3302
3894 2 2 10 1 1840 3481 1842
3895 2 2 10 1 2467 5207 1738
3896 2 2 10 1 2139 2143 2135
3897 2 2 10 1 2748 5712 2831
3898 2 2 10 1 3353 5128 3349
3899 2 2 10 1 7756 7787 5439
3900 2 2 10 1 3303 3332 3331
3901 2 2 10 1 1118 1127 1116
3902 2 2 10 1 3461 6786 2357
3903 2 2 10 1 6002 6428 3484
3904 2 2 10 1 1125 7246 4693
3905 2 2 10 1 2990 4088 2992
3906 2 2 10 1 4865 4867 4863
3907 2 2 10 1 1071 6416 1123
3908 2 2 10 1 1142 5136 1139
3909 2 2 10 1 2242 4973 2240
3910 2 2 10 1 2472 2803 2802
3911 2 2 10 1 4761 7682 3291
3912 2 2 10 1 3302 3321 3287
3913 2 2 10 1 2593 5120 2366
3914 2 2 10 1 966 967 961
3915 2 2 10 1 4378 4379 3479
3916 2 2 10 1 2331 5901 2892
3917 2 2 10 1 3590 6478 5672
3918 2 2 10 1 5359 5829 3281
3919 2 2 10 1 1283 6001 5026
3920 2 2 10 1 2332 2876 1938
3921 2 2 10 1 2952 6329 3929
3922 2 2 10 1 2244 2645 2242
3923 2 2 10 1 5592 5594 5590
3924 2 2 10 1 5617 5781 5127
3925 2 2 10 1 5448 5830 3313
3926 2 2 10 1 1724 2434 1716
3927 2 2 10 1 5545 5831 3328
3928 2 2 10 1 16 5205 15
3929 2 2 10 1 1235 1236 1234
3930 2 2 10 1 5008 5009 5007
3931 2 2 10 1 1179 1181 1176
3932 2 2 10 1 3261 3287 3260
3933 2 2 10 1 979 980 976
3934 2 2 10 1 2784 2785 2431
3935 2 2 10 1 947 1760 945
3936 2 2 10 1 2142 6575 6391
3937 2 2 10 1 5239 6304 2057
3938 2 2 10 1 716 6013 718
3939 2 2 10 1 5220 6008 3002
3940 2 2 10 1 5255 5257 5254
3941 2 2 10 1 6640 6646 3870
3942 2 2 10 1 5022 6950 3914
3943 2 2 10 1 2565 4875 657
3944 2 2 10 1 5151 7752 2700
3945 2 2 10 1 1438 4999 1436
3946 2 2 10 1 1937 1939 1938
3947 2 2 10 1 711 712 701
3948 2 2 10 1 1050 4898 1046
3949 2 2 10 1 2204 2205 1833
3950 2 2 10 1 1403 1404 1402
3951 2 2 10 1 1371 4987 1021
3952 2 2 10 1 4421 6468 6467
3953 2 2 10 1 3989 6424 5579
3954 2 2 10 1 4708 5089 4707
3955 2 2 10 1 2085 3925 2083
3956 2 2 10 1 3902 4707 3893
3957 2 2 10 1 4840 4841 4838
3958 2 2 10 1 1837 7707 2323
3959 2 2 10 1 4555 7782 4554
3960 2 2 10 1 1832 1833 1831
3961 2 2 10 1 2382 4880 4879
3962 2 2 10 1 1947 4994 1956
3963 2 2 10 1 3264 7538 4659
3964 2 2 10 1 1186 1188 1185
3965 2 2 10 1 5555 6390 625
3966 2 2 10 1 5936 7099 5941
3967 2 2 10 1 1789 4995 1786
3968 2 2 10 1 5132 5133 5129
3969 2 2 10 1 1025 5230 1023
3970 2 2 10 1 1214 5232 1212
3971 2 2 10 1 5141 5268 5138
3972 2 2 10 1 2216 2374 1817
3973 2 2 10 1 5028 5034 5025
3974 2 2 10 1 1773 2780 1770
3975 2 2 10 1 3070 6175 3330
3976 2 2 10 1 5092 5095 5094
3977 2 2 10 1 5523 7086 7073
3978 2 2 10 1 3302 6068 3321
3979 2 2 10 1 1784 1785 1783
3980 2 2 10 1 5570 7674 7327
3981 2 2 10 1 1174 5159 1171
3982 2 2 10 1 512 7255 5654
3983 2 2 10 1 2907 5161 5004
3984 2 2 10 1 4706 7795 7494
3985 2 2 10 1 7786 7788 6295
3986 2 2 10 1 2479 4950 1962
3987 2 2 10 1 3261 6003 3303
3988 2 2 10 1 4468 4470 4469
3989 2 2 10 1 1933 4896 2266
3990 2 2 10 1 3029 6157 3312
3991 2 2 10 1 1418 5261 1119
3992 2 2 10 1 4932 4936 4934
3993 2 2 10 1 1193 1194 1192
3994 2 2 10 1 3059 6155 3318
3995 2 2 10 1 3706 3707 2785
3996 2 2 10 1 1363 7332 5761
3997 2 2 10 1 5579 6424 1466
3998 2 2 10 1 5436 7433 496
3999 2 2 10 1 1830 1831 1760
4000 2 2 10 1 2230 6118 2583
4001 2 2 10 1 35 5190 34
4002 2 2 10 1 1132 1134 1130
4003 2 2 10 1 1964 2415 1966
4004 2 2 10 1 3307 5860 3136
4005 2 2 10 1 2934 4425 2837
4006 2 2 10 1 1226 2895 1223
4007 2 2 10 1 3303 6003 3340
4008 2 2 10 1 4462 6080 6079
4009 2 2 10 1 3632 5218 2716
4010 2 2 10 1 671 2195 669
4011 2 2 10 1 5120 5122 5121
4012 2 2 10 1 2349 5160 1680
4013 2 2 10 1 1826 6416 1075
4014 2 2 10 1 2159 6131 2419
4015 2 2 10 1 2274 5144 2276
4016 2 2 10 1 1283 5024 1162
4017 2 2 10 1 4868 4869 4867
4018 2 2 10 1 3454 5794 5378
4019 2 2 10 1 2817 3893 2736
4020 2 2 10 1 727 728 712
4021 2 2 10 1 2396 2397 2395
4022 2 2 10 1 5026 6001 5030
4023 2 2 10 1 5456 5777 3317
4024 2 2 10 1 3940 4792 4213
4025 2 2 10 1 3880 7605 4714
4026 2 2 10 1 2187 6642 5111
4027 2 2 10 1 5150 5151 1968
4028 2 2 10 1 3449 6286 5280
4029 2 2 10 1 1868 2305 2181
4030 2 2 10 1 1764 5810 1766
4031 2 2 10 1 1943 2324 1941
4032 2 2 10 1 684 685 679
4033 2 2 10 1 5025 5027 5024
4034 2 2 10 1 4871 4873 4872
4035 2 2 10 1 5672 6478 1673
4036 2 2 10 1 3779 6068 3331
4037 2 2 10 1 4460 4461 4379
4038 2 2 10 1 3247 3248 3242
4039 2 2 10 1 1782 1783 1781
4040 2 2 10 1 4880 4882 4881
4041 2 2 10 1 5862 6210 3281
4042 2 2 10 1 4401 5218 3632
4043 2 2 10 1 1234 4789 1229
4044 2 2 10 1 3043 5811 3041
4045 2 2 10 1 5645 5903 3318
4046 2 2 10 1 2899 5161 2900
4047 2 2 10 1 4943 4947 4945
4048 2 2 10 1 2334 4902 4901
4049 2 2 10 1 4720 7190 381
4050 2 2 10 1 5376 6210 5862
4051 2 2 10 1 5667 6202 3849
4052 2 2 10 1 1844 1849 1846
4053 2 2 10 1 995 4782 992
4054 2 2 10 1 1883 1885 1884
4055 2 2 10 1 6283 7011 6401
4056 2 2 10 1 1293 1382 1381
4057 2 2 10 1 2610 7782 4725
4058 2 2 10 1 1401 1402 1390
4059 2 2 10 1 2659 4977 3872
4060 2 2 10 1 5138 5268 5137
4061 2 2 10 1 2454 5062 2252
4062 2 2 10 1 1850 1852 1851
4063 2 2 10 1 1817 5250 1815
4064 2 2 10 1 2352 2926 2925
4065 2 2 10 1 3721 5105 5104
4066 2 2 10 1 1781 4979 1777
4067 2 2 10 1 6180 6181 4430
4068 2 2 10 1 2067 6822 4760
4069 2 2 10 1 479 635 634
4070 2 2 10 1 3232 5222 3233
4071 2 2 10 1 2988 4779 2990
4072 2 2 10 1 4116 4779 2988
4073 2 2 10 1 1923 1924 1879
4074 2 2 10 1 4903 4926 4909
4075 2 2 10 1 739 740 732
4076 2 2 10 1 1922 6685 6577
4077 2 2 10 1 5148 5795 3001
4078 2 2 10 1 5671 6626 4003
4079 2 2 10 1 1953 5281 1952
4080 2 2 10 1 1716 5258 1714
4081 2 2 10 1 2725 5332 3918
4082 2 2 10 1 1282 5057 1155
4083 2 2 10 1 4977 5072 4978
4084 2 2 10 1 4866 6224 4865
4085 2 2 10 1 3768 5186 3776
4086 2 2 10 1 4820 5889 4808
4087 2 2 10 1 996 997 995
4088 2 2 10 1 2258 2259 2256
4089 2 2 10 1 2131 6615 2128
4090 2 2 10 1 3481 6431 5880
4091 2 2 10 1 3233 3247 3242
4092 2 2 10 1 6003 6487 3340
4093 2 2 10 1 4657 7520 1975
4094 2 2 10 1 3444 5820 3446
4095 2 2 10 1 1007 1008 1006
4096 2 2 10 1 4547 7591 5662
4097 2 2 10 1 3490 7795 4706
4098 2 2 10 1 4516 6068 3779
4099 2 2 10 1 950 953 952
4100 2 2 10 1 1137 1138 1135
4101 2 2 10 1 4213 4215 4214
4102 2 2 10 1 2914 3861 3860
4103 2 2 10 1 1405 1424 1404
4104 2 2 10 1 4722 7940 2328
4105 2 2 10 1 15 5205 518
4106 2 2 10 1 1270 5065 1264
4107 2 2 10 1 5396 5651 5650
4108 2 2 10 1 5173 6150 3432
4109 2 2 10 1 2338 2340 2088
4110 2 2 10 1 2404 2598 2403
4111 2 2 10 1 1041 1838 1039
4112 2 2 10 1 1184 1185 1182
4113 2 2 10 1 1836 4814 649
4114 2 2 10 1 527 7002 4689
4115 2 2 10 1 575 5273 5272
4116 2 2 10 1 2276 2782 2279
4117 2 2 10 1 2359 5924 2361
4118 2 2 10 1 2377 4829 4828
4119 2 2 10 1 5451 5556 5450
4120 2 2 10 1 953 959 958
4121 2 2 10 1 2331 2681 2680
4122 2 2 10 1 3936 4492 3938
4123 2 2 10 1 2750 5712 2748
4124 2 2 10 1 6969 7007 3907
4125 2 2 10 1 528 5171 395
4126 2 2 10 1 640 5156 2856
4127 2 2 10 1 1760 6112 945
4128 2 2 10 1 1241 1242 1240
4129 2 2 10 1 17 5188 573
4130 2 2 10 1 574 5187 33
4131 2 2 10 1 4676 7141 4675
4132 2 2 10 1 4907 4919 4908
4133 2 2 10 1 7119 7123 4096
4134 2 2 10 1 4048 4049 2714
4135 2 2 10 1 6043 7224 7196
4136 2 2 10 1 18 5188 17
4137 2 2 10 1 521 5190 35
4138 2 2 10 1 572 5174 397
4139 2 2 10 1 2380 2381 2152
4140 2 2 10 1 2017 7404 6067
4141 2 2 10 1 33 5187 32
4142 2 2 10 1 1925 1926 1924
4143 2 2 10 1 479 634 44
4144 2 2 10 1 1594 1720 1719
4145 2 2 10 1 2331 2680 2219
4146 2 2 10 1 2008 5276 2006
4147 2 2 10 1 1856 2564 1858
4148 2 2 10 1 2233 2234 2231
4149 2 2 10 1 3711 5114 3713
4150 2 2 10 1 5622 5626 2715
4151 2 2 10 1 2413 2414 1972
4152 2 2 10 1 1738 1985 1722
4153 2 2 10 1 397 5174 396
4154 2 2 10 1 5030 6451 5032
4155 2 2 10 1 2429 7807 4673
4156 2 2 10 1 1037 1126 1035
4157 2 2 10 1 4233 7285 6976
4158 2 2 10 1 817 2263 791
4159 2 2 10 1 4829 4831 4830
4160 2 2 10 1 2100 2101 1953
4161 2 2 10 1 2102 2230 2101
4162 2 2 10 1 2570 5235 3935
4163 2 2 10 1 1285 1293 1292
4164 2 2 10 1 5058 5059 5057
4165 2 2 10 1 1366 5048 1201
4166 2 2 10 1 1439 1440 1438
4167 2 2 10 1 2020 7801 7632
4168 2 2 10 1 4953 4955 4954
4169 2 2 10 1 4895 5259 5258
4170 2 2 10 1 5236 7407 6638
4171 2 2 10 1 4902 4904 4903
4172 2 2 10 1 12 5179 544
4173 2 2 10 1 4527 6699 4529
4174 2 2 10 1 2897 4738 2899
4175 2 2 10 1 2183 4930 4927
4176 2 2 10 1 5207 5238 5209
4177 2 2 10 1 19 5178 526
4178 2 2 10 1 4768 6084 3427
4179 2 2 10 1 2240 4973 2462
4180 2 2 10 1 7280 7319 2962
4181 2 2 10 1 1966 5150 1968
4182 2 2 10 1 5224 6450 4516
4183 2 2 10 1 2413 2578 2414
4184 2 2 10 1 7319 7364 6275
4185 2 2 10 1 1258 5609 1256
4186 2 2 10 1 2356 6119 5109
4187 2 2 10 1 1917 1919 1918
4188 2 2 10 1 3826 6696 4538
4189 2 2 10 1 1919 1946 1920
4190 2 2 10 1 2230 2583 2368
4191 2 2 10 1 578 5158 393
4192 2 2 10 1 3633 6112 1760
4193 2 2 10 1 1504 4625 4624
4194 2 2 10 1 4594 4595 1016
4195 2 2 10 1 4610 4612 4611
4196 2 2 10 1 951 4706 4705
4197 2 2 10 1 4619 4620 729
4198 2 2 10 1 4611 4613 755
4199 2 2 10 1 4215 4217 4216
4200 2 2 10 1 5396 5650 5649
4201 2 2 10 1 2555 2556 2554
4202 2 2 10 1 6330 6331 5255
4203 2 2 10 1 778 6269 781
4204 2 2 10 1 2382 6206 4880
4205 2 2 10 1 1861 6604 1185
4206 2 2 10 1 1790 1791 1789
4207 2 2 10 1 4840 4842 4841
4208 2 2 10 1 3314 5868 5434
4209 2 2 10 1 710 1417 646
4210 2 2 10 1 3899 5196 4716
4211 2 2 10 1 1890 5571 1893
4212 2 2 10 1 4748 6610 800
4213 2 2 10 1 2803 5021 4219
4214 2 2 10 1 1858 5901 1860
4215 2 2 10 1 507 5216 39
4216 2 2 10 1 2171 2268 1731
4217 2 2 10 1 3827 4723 4722
4218 2 2 10 1 753 754 740
4219 2 2 10 1 6103 7727 4458
4220 2 2 10 1 2101 5281 1953
4221 2 2 10 1 2814 5146 4022
4222 2 2 10 1 2342 5177 2946
4223 2 2 10 1 1887 1889 1888
4224 2 2 10 1 1143 1144 1142
4225 2 2 10 1 2394 2566 2223
4226 2 2 10 1 994 995 992
4227 2 2 10 1 601 7376 7258
4228 2 2 10 1 1913 1917 1916
4229 2 2 10 1 1139 5136 1138
4230 2 2 10 1 2402 2404 2403
4231 2 2 10 1 3452 5183 5087
4232 2 2 10 1 1009 1010 1008
4233 2 2 10 1 5031 5699 5698
4234 2 2 10 1 1005 1006 998
4235 2 2 10 1 443 6889 444
4236 2 2 10 1 2367 6646 6640
4237 2 2 10 1 1779 1781 1777
4238 2 2 10 1 4470 4472 4469
4239 2 2 10 1 1116 5264 1115
4240 2 2 10 1 564 5689 5248
4241 2 2 10 1 2246 5226 2244
4242 2 2 10 1 1114 1116 1115
4243 2 2 10 1 6701 6735 4022
4244 2 2 10 1 1843 5296 2860
4245 2 2 10 1 677 679 675
4246 2 2 10 1 2393 5796 3001
4247 2 2 10 1 1239 1240 1237
4248 2 2 10 1 6768 6851 4978
4249 2 2 10 1 454 6855 1187
4250 2 2 10 1 968 976 975
4251 2 2 10 1 2167 6263 6119
4252 2 2 10 1 7707 7790 2323
4253 2 2 10 1 2907 5004 5003
4254 2 2 10 1 1109 6202 5667
4255 2 2 10 1 3296 6039 5378
4256 2 2 10 1 5266 5993 2419
4257 2 2 10 1 644 1757 642
4258 2 2 10 1 1990 5995 5267
4259 2 2 10 1 3008 5339 5336
4260 2 2 10 1 1380 2693 2692
4261 2 2 10 1 2841 5234 2870
4262 2 2 10 1 5455 5556 5451
4263 2 2 10 1 5529 7100 7094
4264 2 2 10 1 4314 7768 4315
4265 2 2 10 1 6321 6611 1227
4266 2 2 10 1 5427 5429 5420
4267 2 2 10 1 1051 1052 1050
4268 2 2 10 1 2670 2896 2559
4269 2 2 10 1 2549 2550 2548
4270 2 2 10 1 4614 4616 4615
4271 2 2 10 1 3220 6760 5289
4272 2 2 10 1 1233 1234 1229
4273 2 2 10 1 2334 6214 4902
4274 2 2 10 1 3411 6080 4462
4275 2 2 10 1 1035 7531 1033
4276 2 2 10 1 4037 4078 3698
4277 2 2 10 1 564 6086 5689
4278 2 2 10 1 4794 5303 4796
4279 2 2 10 1 640 2856 638
4280 2 2 10 1 395 5171 394
4281 2 2 10 1 1243 1244 1242
4282 2 2 10 1 24 5252 5251
4283 2 2 10 1 4211 7770 3901
4284 2 2 10 1 3009 5339 3008
4285 2 2 10 1 3454 5378 3456
4286 2 2 10 1 2400 2588 2263
4287 2 2 10 1 2343 5227 3887
4288 2 2 10 1 2210 2223 2209
4289 2 2 10 1 1207 5221 1761
4290 2 2 10 1 5400 5651 5397
4291 2 2 10 1 3940 4213 4212
4292 2 2 10 1 4217 4465 4218
4293 2 2 10 1 4712 7116 1265
4294 2 2 10 1 20 5178 19
4295 2 2 10 1 1792 1793 1791
4296 2 2 10 1 4816 4817 3921
4297 2 2 10 1 4839 6321 4840
4298 2 2 10 1 3041 6259 3039
4299 2 2 10 1 489 7703 4750
4300 2 2 10 1 636 5052 634
4301 2 2 10 1 5672 6603 4006
4302 2 2 10 1 5281 6410 1952
4303 2 2 10 1 2900 2902 2901
4304 2 2 10 1 5548 5582 5581
4305 2 2 10 1 2924 4646 2710
4306 2 2 10 1 1878 1880 1876
4307 2 2 10 1 1425 1436 1424
4308 2 2 10 1 4531 7399 3756
4309 2 2 10 1 2723 5244 2325
4310 2 2 10 1 2593 7724 5125
4311 2 2 10 1 2557 2558 2556
4312 2 2 10 1 2832 5046 2340
4313 2 2 10 1 4096 7123 5277
4314 2 2 10 1 5269 5332 5268
4315 2 2 10 1 5668 6691 3067
4316 2 2 10 1 2944 5085 1991
4317 2 2 10 1 1945 6085 1943
4318 2 2 10 1 1441 1449 1440
4319 2 2 10 1 1947 1956 1955
4320 2 2 10 1 4730 4731 4729
4321 2 2 10 1 2847 5199 5198
4322 2 2 10 1 765 766 754
4323 2 2 10 1 2570 3935 3838
4324 2 2 10 1 3458 5581 3865
4325 2 2 10 1 1437 1438 1436
4326 2 2 10 1 1885 1887 1886
4327 2 2 10 1 1141 1142 1139
4328 2 2 10 1 4021 5859 4483
4329 2 2 10 1 2805 2937 2936
4330 2 2 10 1 966 968 967
4331 2 2 10 1 1191 1192 1189
4332 2 2 10 1 3806 3879 2922
4333 2 2 10 1 6214 6508 4906
4334 2 2 10 1 2941 4439 2942
4335 2 2 10 1 2325 2327 2260
4336 2 2 10 1 1956 1958 1957
4337 2 2 10 1 2687 2855 1417
4338 2 2 10 1 3449 5607 5606
4339 2 2 10 1 3959 5288 3974
4340 2 2 10 1 128 7651 7144
4341 2 2 10 1 2467 5208 5207
4342 2 2 10 1 2467 5237 5208
4343 2 2 10 1 937 6112 828
4344 2 2 10 1 1086 6076 1082
4345 2 2 10 1 1788 1789 1786
4346 2 2 10 1 4423 4424 4060
4347 2 2 10 1 792 6610 817
4348 2 2 10 1 4940 6717 3615
4349 2 2 10 1 3227 5291 3231
4350 2 2 10 1 2849 5621 5149
4351 2 2 10 1 3453 5764 5763
4352 2 2 10 1 3617 4060 2855
4353 2 2 10 1 4880 6206 4884
4354 2 2 10 1 1058 1059 1056
4355 2 2 10 1 5962 5987 5960
4356 2 2 10 1 2083 6110 2080
4357 2 2 10 1 2842 2941 2940
4358 2 2 10 1 5653 6009 3096
4359 2 2 10 1 2554 4785 2707
4360 2 2 10 1 3952 5294 3978
4361 2 2 10 1 1927 1928 1926
4362 2 2 10 1 2250 2423 2248
4363 2 2 10 1 471 7093 5286
4364 2 2 10 1 2139 2144 2143
4365 2 2 10 1 5000 5001 4999
4366 2 2 10 1 1992 1993 1991
4367 2 2 10 1 2146 2148 2147
4368 2 2 10 1 2221 5606 2483
4369 2 2 10 1 7013 7079 2055
4370 2 2 10 1 2900 5161 2907
4371 2 2 10 1 4808 5568 2965
4372 2 2 10 1 3257 6783 4774
4373 2 2 10 1 1852 1854 1853
4374 2 2 10 1 2234 6118 2231
4375 2 2 10 1 3976 5279 4669
4376 2 2 10 1 3221 5300 3235
4377 2 2 10 1 4733 4734 4731
4378 2 2 10 1 2332 2877 2876
4379 2 2 10 1 998 4996 997
4380 2 2 10 1 1874 2977 1862
4381 2 2 10 1 1665 6206 1667
4382 2 2 10 1 5397 5651 5396
4383 2 2 10 1 1956 4994 2372
4384 2 2 10 1 1200 1201 1199
4385 2 2 10 1 1053 1054 1052
4386 2 2 10 1 3134 5860 3317
4387 2 2 10 1 1166 6001 1164
4388 2 2 10 1 2716 3825 2649
4389 2 2 10 1 3309 6310 3112
4390 2 2 10 1 5567 5867 5566
4391 2 2 10 1 1148 1149 1145
4392 2 2 10 1 2148 2150 2149
4393 2 2 10 1 400 5272 520
4394 2 2 10 1 7727 7743 4458
4395 2 2 10 1 1011 1012 1010
4396 2 2 10 1 1951 1953 1952
4397 2 2 10 1 1049 1050 1046
4398 2 2 10 1 2731 2732 2671
4399 2 2 10 1 4465 4510 4466
4400 2 2 10 1 4902 6214 4906
4401 2 2 10 1 5455 6582 5554
4402 2 2 10 1 4093 6337 3704
4403 2 2 10 1 5133 7169 1742
4404 2 2 10 1 2257 7065 5018
4405 2 2 10 1 1386 1390 1389
4406 2 2 10 1 4402 4502 4401
4407 2 2 10 1 3711 3712 3710
4408 2 2 10 1 1864 5044 4782
4409 2 2 10 1 4830 6693 4836
4410 2 2 10 1 1794 1795 1793
4411 2 2 10 1 1770 6203 1767
4412 2 2 10 1 3649 6360 1763
4413 2 2 10 1 2443 5332 2436
4414 2 2 10 1 1829 5232 1214
4415 2 2 10 1 4990 4992 4991
4416 2 2 10 1 6083 6084 982
4417 2 2 10 1 1758 4898 1050
4418 2 2 10 1 5124 6788 5229
4419 2 2 10 1 2403 5154 2203
4420 2 2 10 1 3353 5129 5128
4421 2 2 10 1 4088 5153 2992
4422 2 2 10 1 5586 6440 687
4423 2 2 10 1 3827 5263 4723
4424 2 2 10 1 4894 7044 1385
4425 2 2 10 1 4792 7927 4544
4426 2 2 10 1 2911 4662 3641
4427 2 2 10 1 1827 5230 1025
4428 2 2 10 1 3713 3714 3712
4429 2 2 10 1 2963 5568 5567
4430 2 2 10 1 967 5037 961
4431 2 2 10 1 3247 6003 3248
4432 2 2 10 1 2707 2708 2553
4433 2 2 10 1 1962 1964 1963
4434 2 2 10 1 3713 5114 4500
4435 2 2 10 1 1998 1999 1997
4436 2 2 10 1 2377 6305 4829
4437 2 2 10 1 2963 5567 2577
4438 2 2 10 1 4746 7766 5247
4439 2 2 10 1 3236 5575 5574
4440 2 2 10 1 598 7190 4718
4441 2 2 10 1 785 786 766
4442 2 2 10 1 2415 5150 1966
4443 2 2 10 1 1736 5821 1658
4444 2 2 10 1 5758 5759 5755
4445 2 2 10 1 648 649 647
4446 2 2 10 1 543 6480 5817
4447 2 2 10 1 507 7519 5216
4448 2 2 10 1 1661 6305 1663
4449 2 2 10 1 420 6892 977
4450 2 2 10 1 4640 6892 419
4451 2 2 10 1 4935 4938 4937
4452 2 2 10 1 1055 1056 1054
4453 2 2 10 1 2243 2244 2242
4454 2 2 10 1 1686 4999 1438
4455 2 2 10 1 973 6179 6178
4456 2 2 10 1 2342 2946 2794
4457 2 2 10 1 1766 5810 2286
4458 2 2 10 1 5141 5269 5268
4459 2 2 10 1 3191 5308 3234
4460 2 2 10 1 3419 6082 4534
4461 2 2 10 1 2414 6314 1972
4462 2 2 10 1 3424 5987 5962
4463 2 2 10 1 4770 7109 4101
4464 2 2 10 1 1245 1246 1244
4465 2 2 10 1 1494 2391 1496
4466 2 2 10 1 4855 4856 4854
4467 2 2 10 1 4690 6082 3421
4468 2 2 10 1 3340 6487 3342
4469 2 2 10 1 1251 1252 1250
4470 2 2 10 1 2739 6314 2414
4471 2 2 10 1 4768 6382 6269
4472 2 2 10 1 7380 7471 5783
4473 2 2 10 1 2992 5153 3612
4474 2 2 10 1 4429 6687 3666
4475 2 2 10 1 5764 6673 2444
4476 2 2 10 1 3008 5336 5335
4477 2 2 10 1 2329 4995 1789
4478 2 2 10 1 5344 5883 5343
4479 2 2 10 1 5587 5592 5590
4480 2 2 10 1 3425 6084 4690
4481 2 2 10 1 3002 6008 2320
4482 2 2 10 1 398 572 397
4483 2 2 10 1 5624 6123 5684
4484 2 2 10 1 1198 1199 1195
4485 2 2 10 1 1060 1061 1059
4486 2 2 10 1 6330 6471 4523
4487 2 2 10 1 1890 1893 1892
4488 2 2 10 1 5869 6534 1084
4489 2 2 10 1 3660 3662 3661
4490 2 2 10 1 396 528 395
4491 2 2 10 1 394 578 393
4492 2 2 10 1 1676 1678 1677
4493 2 2 10 1 5091 5092 2566
4494 2 2 10 1 2237 2238 2235
4495 2 2 10 1 2814 3660 2815
4496 2 2 10 1 3204 5320 3201
4497 2 2 10 1 2454 5063 5062
4498 2 2 10 1 2965 5568 2963
4499 2 2 10 1 3662 3664 3663
4500 2 2 10 1 3512 6368 5613
4501 2 2 10 1 1154 1155 1153
4502 2 2 10 1 3504 6367 5603
4503 2 2 10 1 3294 7608 4695
4504 2 2 10 1 1018 1019 1017
4505 2 2 10 1 1663 1676 1664
4506 2 2 10 1 2483 5606 2972
4507 2 2 10 1 5400 7008 5652
4508 2 2 10 1 1118 1128 1127
4509 2 2 10 1 1206 1207 1205
4510 2 2 10 1 392 532 391
4511 2 2 10 1 1301 6629 5688
4512 2 2 10 1 36 521 35
4513 2 2 10 1 4655 4656 3879
4514 2 2 10 1 5683 6124 5697
4515 2 2 10 1 1728 5796 1865
4516 2 2 10 1 3446 5820 4427
4517 2 2 10 1 19 526 18
4518 2 2 10 1 21 576 20
4519 2 2 10 1 32 529 31
4520 2 2 10 1 1572 2398 1574
4521 2 2 10 1 5553 6390 5555
4522 2 2 10 1 1724 2611 2434
4523 2 2 10 1 766 6340 754
4524 2 2 10 1 1661 1663 1662
4525 2 2 10 1 7131 7888 4490
4526 2 2 10 1 5684 6123 2776
4527 2 2 10 1 3309 6376 5410
4528 2 2 10 1 1015 1017 1014
4529 2 2 10 1 2245 2246 2244
4530 2 2 10 1 30 579 29
4531 2 2 10 1 2902 2904 2903
4532 2 2 10 1 23 531 22
4533 2 2 10 1 17 573 16
4534 2 2 10 1 34 574 33
4535 2 2 10 1 3967 5321 4486
4536 2 2 10 1 28 533 27
4537 2 2 10 1 5988 6012 5985
4538 2 2 10 1 4410 7387 5656
4539 2 2 10 1 4411 5333 2603
4540 2 2 10 1 3957 5288 3959
4541 2 2 10 1 1179 1182 1181
4542 2 2 10 1 24 5251 23
4543 2 2 10 1 3970 5279 3976
4544 2 2 10 1 1149 5347 1145
4545 2 2 10 1 3225 5291 3227
4546 2 2 10 1 4704 7195 1977
4547 2 2 10 1 3950 5294 3952
4548 2 2 10 1 393 5158 392
4549 2 2 10 1 4076 5021 2803
4550 2 2 10 1 3963 5328 4532
4551 2 2 10 1 2396 2787 2397
4552 2 2 10 1 3219 5300 3221
4553 2 2 10 1 3441 4671 4670
4554 2 2 10 1 1893 1895 1894
4555 2 2 10 1 5696 6127 5741
4556 2 2 10 1 5288 5289 3974
4557 2 2 10 1 1368 6817 5939
4558 2 2 10 1 6119 6263 5109
4559 2 2 10 1 2000 2001 1999
4560 2 2 10 1 5675 6684 1750
4561 2 2 10 1 3668 6687 4674
4562 2 2 10 1 15 518 14
4563 2 2 10 1 5936 5937 5935
4564 2 2 10 1 5697 6124 2801
4565 2 2 10 1 38 571 37
4566 2 2 10 1 12 544 11
4567 2 2 10 1 26 580 25
4568 2 2 10 1 2265 6021 2312
4569 2 2 10 1 2374 5250 1817
4570 2 2 10 1 2810 5044 1864
4571 2 2 10 1 5626 6688 3494
4572 2 2 10 1 2364 6333 2360
4573 2 2 10 1 5291 5292 3231
4574 2 2 10 1 5046 5047 2340
4575 2 2 10 1 4132 5285 3571
4576 2 2 10 1 1860 5901 2331
4577 2 2 10 1 979 981 980
4578 2 2 10 1 5603 6367 3271
4579 2 2 10 1 2344 5335 2478
4580 2 2 10 1 799 800 792
4581 2 2 10 1 3458 5599 5581
4582 2 2 10 1 2667 3610 2832
4583 2 2 10 1 2263 6340 791
4584 2 2 10 1 1800 1801 1799
4585 2 2 10 1 1796 1797 1795
4586 2 2 10 1 2416 3934 3933
4587 2 2 10 1 5740 6134 5750
4588 2 2 10 1 1665 1667 1666
4589 2 2 10 1 4558 4560 4559
4590 2 2 10 1 1798 1799 1797
4591 2 2 10 1 5741 6127 2824
4592 2 2 10 1 1132 1135 1134
4593 2 2 10 1 3201 5320 3200
4594 2 2 10 1 5294 5295 3978
4595 2 2 10 1 2835 3647 2732
4596 2 2 10 1 13 5179 12
4597 2 2 10 1 2239 2240 2238
4598 2 2 10 1 40 507 39
4599 2 2 10 1 5712 5713 2831
4600 2 2 10 1 1795 5260 2384
4601 2 2 10 1 5613 6368 2068
4602 2 2 10 1 4804 4805 4803
4603 2 2 10 1 5339 5340 5338
4604 2 2 10 1 4548 4549 3636
4605 2 2 10 1 1202 1203 1201
4606 2 2 10 1 3020 5599 3019
4607 2 2 10 1 4213 4792 4544
4608 2 2 10 1 2611 3478 2721
4609 2 2 10 1 5132 5134 5133
4610 2 2 10 1 3317 5860 5458
4611 2 2 10 1 521 5192 5191
4612 2 2 10 1 5270 7192 523
4613 2 2 10 1 4400 4401 3632
4614 2 2 10 1 5300 5301 3235
4615 2 2 10 1 2216 2375 2374
4616 2 2 10 1 3189 5308 3191
4617 2 2 10 1 748 2406 731
4618 2 2 10 1 5882 6730 2322
4619 2 2 10 1 523 7205 5270
4620 2 2 10 1 577 5247 389
4621 2 2 10 1 5750 6134 2854
4622 2 2 10 1 3215 5564 3237
4623 2 2 10 1 6610 7813 817
4624 2 2 10 1 1308 6545 1433
4625 2 2 10 1 2598 2600 2403
4626 2 2 10 1 1881 1882 1880
4627 2 2 10 1 2419 5993 2157
4628 2 2 10 1 1128 5177 2342
4629 2 2 10 1 4475 6320 4473
4630 2 2 10 1 5320 6048 3941
4631 2 2 10 1 1152 1153 1150
4632 2 2 10 1 5293 5294 3950
4633 2 2 10 1 1564 5995 1990
4634 2 2 10 1 7839 7878 4496
4635 2 2 10 1 1899 1901 1900
4636 2 2 10 1 5287 5288 3957
4637 2 2 10 1 4829 6305 4833
4638 2 2 10 1 5290 5291 3225
4639 2 2 10 1 2954 5617 2996
4640 2 2 10 1 5299 5300 3219
4641 2 2 10 1 3211 5572 3263
4642 2 2 10 1 1013 1014 1012
4643 2 2 10 1 5757 6143 5770
4644 2 2 10 1 1591 6130 1728
4645 2 2 10 1 2937 2939 2938
4646 2 2 10 1 5382 5392 5389
4647 2 2 10 1 2410 5261 1418
4648 2 2 10 1 1450 1451 1449
4649 2 2 10 1 42 570 41
4650 2 2 10 1 5414 5427 5420
4651 2 2 10 1 1864 4782 995
4652 2 2 10 1 3464 5239 3467
4653 2 2 10 1 2361 5924 2612
4654 2 2 10 1 3899 5822 5196
4655 2 2 10 1 1511 5566 1561
4656 2 2 10 1 6329 6400 3929
4657 2 2 10 1 2996 5617 5127
4658 2 2 10 1 2610 4724 1834
4659 2 2 10 1 4616 6994 4929
4660 2 2 10 1 4693 7305 1125
4661 2 2 10 1 5396 5649 3293
4662 2 2 10 1 3664 3666 3665
4663 2 2 10 1 6310 6345 3308
4664 2 2 10 1 3866 5569 3338
4665 2 2 10 1 45 479 44
4666 2 2 10 1 5336 5339 5338
4667 2 2 10 1 4085 6825 5736
4668 2 2 10 1 400 520 399
4669 2 2 10 1 5533 6137 5471
4670 2 2 10 1 974 5743 1096
4671 2 2 10 1 5770 6143 2915
4672 2 2 10 1 2790 5879 5876
4673 2 2 10 1 1678 1680 1679
4674 2 2 10 1 2434 5258 1716
4675 2 2 10 1 5095 5096 5094
4676 2 2 10 1 650 651 649
4677 2 2 10 1 4795 7501 558
4678 2 2 10 1 3304 5349 5348
4679 2 2 10 1 3311 5442 5441
4680 2 2 10 1 1249 1250 1247
4681 2 2 10 1 3327 5540 5539
4682 2 2 10 1 981 992 991
4683 2 2 10 1 1499 5762 1565
4684 2 2 10 1 3318 5903 3057
4685 2 2 10 1 2946 3441 3440
4686 2 2 10 1 3315 5551 5550
4687 2 2 10 1 2375 2920 2781
4688 2 2 10 1 7085 7126 4356
4689 2 2 10 1 3316 5451 5450
4690 2 2 10 1 4709 4710 2923
4691 2 2 10 1 3519 3520 2708
4692 2 2 10 1 2293 6370 5145
4693 2 2 10 1 4973 4974 2462
4694 2 2 10 1 493 6582 5534
4695 2 2 10 1 5553 5555 5449
4696 2 2 10 1 4104 6392 2289
4697 2 2 10 1 4881 6749 4887
4698 2 2 10 1 471 7111 7093
4699 2 2 10 1 5680 5682 5681
4700 2 2 10 1 3330 5392 5381
4701 2 2 10 1 6275 7364 6142
4702 2 2 10 1 2312 5621 2405
4703 2 2 10 1 3698 6323 3696
4704 2 2 10 1 390 577 389
4705 2 2 10 1 2395 6378 5068
4706 2 2 10 1 6552 6573 1372
4707 2 2 10 1 3381 6012 5988
4708 2 2 10 1 2330 4979 1781
4709 2 2 10 1 1127 5264 1116
4710 2 2 10 1 3322 5427 5413
4711 2 2 10 1 2735 5890 5886
4712 2 2 10 1 6391 6575 4528
4713 2 2 10 1 2338 2667 2340
4714 2 2 10 1 3305 5862 3092
4715 2 2 10 1 5121 5229 2459
4716 2 2 10 1 5662 7566 4547
4717 2 2 10 1 5305 5308 3189
4718 2 2 10 1 4906 6508 4918
4719 2 2 10 1 4534 6080 3413
4720 2 2 10 1 5693 5695 5694
4721 2 2 10 1 3281 5829 3088
4722 2 2 10 1 1208 1210 1207
4723 2 2 10 1 5310 5629 3234
4724 2 2 10 1 3313 5830 3120
4725 2 2 10 1 4742 7098 4073
4726 2 2 10 1 2709 5904 5899
4727 2 2 10 1 3328 5831 3051
4728 2 2 10 1 1253 1254 1252
4729 2 2 10 1 1964 1966 1965
4730 2 2 10 1 1658 5821 1659
4731 2 2 10 1 5587 5590 5586
4732 2 2 10 1 3720 5807 2601
4733 2 2 10 1 2284 2814 2587
4734 2 2 10 1 1498 1661 1526
4735 2 2 10 1 1065 1066 1061
4736 2 2 10 1 2286 4228 2933
4737 2 2 10 1 5378 6039 5356
4738 2 2 10 1 1204 1205 1203
4739 2 2 10 1 1277 5563 1379
4740 2 2 10 1 3610 4517 3611
4741 2 2 10 1 2404 2599 2598
4742 2 2 10 1 5308 5309 3234
4743 2 2 10 1 3817 6761 6447
4744 2 2 10 1 1189 5041 1188
4745 2 2 10 1 4107 5576 3714
4746 2 2 10 1 644 6366 1757
4747 2 2 10 1 3655 4071 2836
4748 2 2 10 1 5156 6637 2856
4749 2 2 10 1 4020 5807 5256
4750 2 2 10 1 2002 2003 2001
4751 2 2 10 1 5737 5739 5738
4752 2 2 10 1 1847 1848 1845
4753 2 2 10 1 2305 2306 2181
4754 2 2 10 1 389 5247 388
4755 2 2 10 1 1156 1157 1155
4756 2 2 10 1 1298 1991 1281
4757 2 2 10 1 6358 6756 6641
4758 2 2 10 1 5245 5246 2425
4759 2 2 10 1 2803 4219 2802
4760 2 2 10 1 2982 2984 2983
4761 2 2 10 1 2686 5911 5907
4762 2 2 10 1 3149 5619 3252
4763 2 2 10 1 2097 5334 1545
4764 2 2 10 1 1958 1960 1959
4765 2 2 10 1 1929 1930 1928
4766 2 2 10 1 3979 4468 3980
4767 2 2 10 1 1600 5631 1599
4768 2 2 10 1 1020 1021 1019
4769 2 2 10 1 1756 4789 1234
4770 2 2 10 1 1802 1803 1801
4771 2 2 10 1 3229 5282 3232
4772 2 2 10 1 4505 4688 4503
4773 2 2 10 1 5930 5932 2012
4774 2 2 10 1 2539 5622 2715
4775 2 2 10 1 4750 7922 489
4776 2 2 10 1 4842 7041 4844
4777 2 2 10 1 2984 2986 2985
4778 2 2 10 1 5097 5098 5096
4779 2 2 10 1 5746 5748 5747
4780 2 2 10 1 3748 3750 3749
4781 2 2 10 1 1667 1688 1668
4782 2 2 10 1 692 700 693
4783 2 2 10 1 997 4996 2387
4784 2 2 10 1 2547 5616 2552
4785 2 2 10 1 4823 6636 4822
4786 2 2 10 1 1096 5743 2446
4787 2 2 10 1 2331 2892 2681
4788 2 2 10 1 5381 5392 5382
4789 2 2 10 1 1671 6780 4786
4790 2 2 10 1 5413 5427 5414
4791 2 2 10 1 1576 1665 1578
4792 2 2 10 1 2531 5680 2776
4793 2 2 10 1 6763 6817 1368
4794 2 2 10 1 2568 5235 2570
4795 2 2 10 1 2603 5333 2315
4796 2 2 10 1 4042 4093 3704
4797 2 2 10 1 2006 5276 2355
4798 2 2 10 1 5754 5756 5755
4799 2 2 10 1 2668 5917 5915
4800 2 2 10 1 2026 6181 6180
4801 2 2 10 1 5222 6787 6487
4802 2 2 10 1 1323 6111 1321
4803 2 2 10 1 4781 6391 4528
4804 2 2 10 1 2472 2802 2306
4805 2 2 10 1 6626 6669 4003
4806 2 2 10 1 2523 5693 2801
4807 2 2 10 1 3948 5293 3950
4808 2 2 10 1 2307 5379 1556
4809 2 2 10 1 5410 6345 6310
4810 2 2 10 1 3304 5348 3084
4811 2 2 10 1 3223 5290 3225
4812 2 2 10 1 2296 5380 1649
4813 2 2 10 1 3955 5287 3957
4814 2 2 10 1 5958 5961 3382
4815 2 2 10 1 3217 5299 3219
4816 2 2 10 1 1617 5302 1754
4817 2 2 10 1 3961 5328 3963
4818 2 2 10 1 1754 5412 1615
4819 2 2 10 1 3213 5564 3215
4820 2 2 10 1 3965 5321 3967
4821 2 2 10 1 2192 5393 1566
4822 2 2 10 1 4317 5638 3581
4823 2 2 10 1 3330 5381 3068
4824 2 2 10 1 5519 5536 5526
4825 2 2 10 1 3308 5394 3108
4826 2 2 10 1 1303 5688 1748
4827 2 2 10 1 4645 5411 3585
4828 2 2 10 1 3868 5439 3575
4829 2 2 10 1 3209 5572 3211
4830 2 2 10 1 1989 5633 1611
4831 2 2 10 1 2659 2661 2660
4832 2 2 10 1 3322 5413 3037
4833 2 2 10 1 3293 5649 3104
4834 2 2 10 1 5513 5537 5515
4835 2 2 10 1 5707 5843 5710
4836 2 2 10 1 3478 4378 3479
4837 2 2 10 1 2319 5440 1580
4838 2 2 10 1 5766 5768 5767
4839 2 2 10 1 2417 6113 5820
4840 2 2 10 1 5724 5844 5727
4841 2 2 10 1 3311 5441 3116
4842 2 2 10 1 3338 5569 3017
4843 2 2 10 1 5728 5845 5730
4844 2 2 10 1 3312 5547 3027
4845 2 2 10 1 3187 5305 3189
4846 2 2 10 1 5731 5846 5733
4847 2 2 10 1 3327 5539 3047
4848 2 2 10 1 3315 5550 3124
4849 2 2 10 1 5734 5847 5736
4850 2 2 10 1 5268 5332 2443
4851 2 2 10 1 1100 5557 915
4852 2 2 10 1 3181 5314 3183
4853 2 2 10 1 1106 5660 895
4854 2 2 10 1 2515 5737 2824
4855 2 2 10 1 1101 5559 901
4856 2 2 10 1 1976 5558 919
4857 2 2 10 1 2904 2906 2905
4858 2 2 10 1 1979 5562 891
4859 2 2 10 1 3175 5317 3177
4860 2 2 10 1 4632 4635 4633
4861 2 2 10 1 1099 5658 923
4862 2 2 10 1 1974 5561 905
4863 2 2 10 1 1110 5560 887
4864 2 2 10 1 5335 5336 2478
4865 2 2 10 1 4749 5102 3520
4866 2 2 10 1 5060 5242 5059
4867 2 2 10 1 4972 6675 6332
4868 2 2 10 1 3169 5322 3171
4869 2 2 10 1 1936 1937 1935
4870 2 2 10 1 3281 6210 5359
4871 2 2 10 1 2031 6150 5994
4872 2 2 10 1 3163 5325 3165
4873 2 2 10 1 1309 5745 1443
4874 2 2 10 1 2238 6406 2235
4875 2 2 10 1 3157 5329 3159
4876 2 2 10 1 5031 5698 5029
4877 2 2 10 1 2507 5746 2854
4878 2 2 10 1 2417 5595 2094
4879 2 2 10 1 5986 5987 3424
4880 2 2 10 1 2648 5925 5921
4881 2 2 10 1 2092 5335 2344
4882 2 2 10 1 3151 5345 3153
4883 2 2 10 1 1235 1237 1236
4884 2 2 10 1 2060 6382 5241
4885 2 2 10 1 5614 5821 1736
4886 2 2 10 1 3982 6421 3984
4887 2 2 10 1 3746 3748 3747
4888 2 2 10 1 3316 5450 3128
4889 2 2 10 1 3666 3668 3667
4890 2 2 10 1 5341 6764 5340
4891 2 2 10 1 2499 5754 2867
4892 2 2 10 1 5678 7816 606
4893 2 2 10 1 827 828 800
4894 2 2 10 1 5145 6370 4646
4895 2 2 10 1 4028 7091 6899
4896 2 2 10 1 5983 5986 3424
4897 2 2 10 1 652 653 651
4898 2 2 10 1 2920 5008 5007
4899 2 2 10 1 5361 5585 5352
4900 2 2 10 1 4536 5612 2846
4901 2 2 10 1 2491 5766 2915
4902 2 2 10 1 5464 5805 5467
4903 2 2 10 1 2888 5600 5080
4904 2 2 10 1 1273 5825 3453
4905 2 2 10 1 3308 5978 5394
4906 2 2 10 1 2569 2934 2837
4907 2 2 10 1 3934 4676 4675
4908 2 2 10 1 4576 7356 4966
4909 2 2 10 1 4910 4912 4911
4910 2 2 10 1 4842 4844 4843
4911 2 2 10 1 1889 5571 1890
4912 2 2 10 1 943 944 937
4913 2 2 10 1 2123 2124 2122
4914 2 2 10 1 2583 2822 2368
4915 2 2 10 1 1161 1162 1160
4916 2 2 10 1 2926 2927 2925
4917 2 2 10 1 5422 6265 3312
4918 2 2 10 1 1854 1856 1855
4919 2 2 10 1 1680 1682 1681
4920 2 2 10 1 2962 7319 6275
4921 2 2 10 1 1417 6366 646
4922 2 2 10 1 964 7709 6074
4923 2 2 10 1 2807 5808 4222
4924 2 2 10 1 6269 6382 2060
4925 2 2 10 1 1540 1541 1519
4926 2 2 10 1 5811 6259 3041
4927 2 2 10 1 982 6269 778
4928 2 2 10 1 3433 5779 3651
4929 2 2 10 1 2545 5616 2547
4930 2 2 10 1 700 711 701
4931 2 2 10 1 5994 6150 5173
4932 2 2 10 1 4784 6911 1520
4933 2 2 10 1 3453 5763 1097
4934 2 2 10 1 5874 6028 2795
4935 2 2 10 1 1415 5762 1499
4936 2 2 10 1 5577 5579 1466
4937 2 2 10 1 3147 5619 3149
4938 2 2 10 1 521 5233 5192
4939 2 2 10 1 3232 6670 5222
4940 2 2 10 1 1163 1164 1162
4941 2 2 10 1 2846 5612 2726
4942 2 2 10 1 2537 5622 2539
4943 2 2 10 1 1401 1403 1402
4944 2 2 10 1 936 937 828
4945 2 2 10 1 1934 1935 1933
4946 2 2 10 1 3862 6534 2993
4947 2 2 10 1 5033 6227 5028
4948 2 2 10 1 1980 5781 1700
4949 2 2 10 1 3019 5599 3458
4950 2 2 10 1 1996 1997 1994
4951 2 2 10 1 684 692 685
4952 2 2 10 1 5337 5773 2478
4953 2 2 10 1 2567 6516 643
4954 2 2 10 1 712 6422 701
4955 2 2 10 1 25 5252 24
4956 2 2 10 1 2413 2700 2578
4957 2 2 10 1 2550 2561 2548
4958 2 2 10 1 4163 6409 2106
4959 2 2 10 1 2529 5680 2531
4960 2 2 10 1 1509 5566 1511
4961 2 2 10 1 4022 6747 3660
4962 2 2 10 1 1188 5041 2890
4963 2 2 10 1 5925 5928 5921
4964 2 2 10 1 2114 2420 2112
4965 2 2 10 1 4449 7813 6610
4966 2 2 10 1 2521 5693 2523
4967 2 2 10 1 2578 2579 2414
4968 2 2 10 1 5378 5794 3296
4969 2 2 10 1 5581 5582 3865
4970 2 2 10 1 2005 2006 2003
4971 2 2 10 1 3248 3260 3259
4972 2 2 10 1 3750 3766 3751
4973 2 2 10 1 2513 5737 2515
4974 2 2 10 1 2568 2570 2406
4975 2 2 10 1 5884 6066 2775
4976 2 2 10 1 1811 6214 1809
4977 2 2 10 1 2993 6534 4647
4978 2 2 10 1 2301 5245 2425
4979 2 2 10 1 1137 1139 1138
4980 2 2 10 1 2661 2664 2662
4981 2 2 10 1 2715 5809 2541
4982 2 2 10 1 2286 5810 4228
4983 2 2 10 1 2233 2235 2234
4984 2 2 10 1 2505 5746 2507
4985 2 2 10 1 5595 5820 3444
4986 2 2 10 1 5305 5313 5308
4987 2 2 10 1 4444 6340 2263
4988 2 2 10 1 2612 4231 2614
4989 2 2 10 1 5314 6054 3183
4990 2 2 10 1 4349 7357 7138
4991 2 2 10 1 2497 5754 2499
4992 2 2 10 1 2121 2122 2120
4993 2 2 10 1 1997 5753 1994
4994 2 2 10 1 2847 5200 5199
4995 2 2 10 1 1184 1186 1185
4996 2 2 10 1 7415 7545 3926
4997 2 2 10 1 2401 6431 2734
4998 2 2 10 1 1804 1805 1803
4999 2 2 10 1 6295 7788 4368
5000 2 2 10 1 4656 7880 6559
5001 2 2 10 1 1519 6439 1457
5002 2 2 10 1 2489 5766 2491
5003 2 2 10 1 6074 7800 964
5004 2 2 10 1 5065 5778 5066
5005 2 2 10 1 1960 1962 1961
5006 2 2 10 1 602 7207 5143
5007 2 2 10 1 5880 6431 2401
5008 2 2 10 1 4980 4981 4979
5009 2 2 10 1 5897 6096 2720
5010 2 2 10 1 3431 5779 3433
5011 2 2 10 1 5680 5681 2776
5012 2 2 10 1 4773 6062 2979
5013 2 2 10 1 3340 3341 3332
5014 2 2 10 1 5317 6065 3177
5015 2 2 10 1 728 739 732
5016 2 2 10 1 2939 2982 2981
5017 2 2 10 1 1688 1690 1689
5018 2 2 10 1 1700 5781 1560
5019 2 2 10 1 5636 5637 3868
5020 2 2 10 1 5639 5640 3328
5021 2 2 10 1 1321 6111 1508
5022 2 2 10 1 3452 5689 5183
5023 2 2 10 1 3316 5777 5452
5024 2 2 10 1 2599 2607 2598
5025 2 2 10 1 2089 5918 2408
5026 2 2 10 1 1850 1851 1848
5027 2 2 10 1 5665 5666 1100
5028 2 2 10 1 1433 7804 5803
5029 2 2 10 1 1070 1071 1066
5030 2 2 10 1 5309 5310 3234
5031 2 2 10 1 1883 1884 1882
5032 2 2 10 1 5693 5694 2801
5033 2 2 10 1 4468 4469 3980
5034 2 2 10 1 3662 6747 5043
5035 2 2 10 1 5322 6075 3171
5036 2 2 10 1 4972 6789 6675
5037 2 2 10 1 5311 6835 3395
5038 2 2 10 1 2189 6476 6467
5039 2 2 10 1 5737 5738 2824
5040 2 2 10 1 5905 6106 2696
5041 2 2 10 1 5348 6039 3296
5042 2 2 10 1 5325 6098 3165
5043 2 2 10 1 1299 5765 1411
5044 2 2 10 1 5080 7797 6350
5045 2 2 10 1 996 998 997
5046 2 2 10 1 654 655 653
5047 2 2 10 1 2656 2659 2658
5048 2 2 10 1 1828 5609 1258
5049 2 2 10 1 2547 2549 2548
5050 2 2 10 1 2593 5125 5120
5051 2 2 10 1 1211 1212 1210
5052 2 2 10 1 3668 3982 3981
5053 2 2 10 1 5713 5714 2831
5054 2 2 10 1 3893 6434 2736
5055 2 2 10 1 1158 1160 1157
5056 2 2 10 1 1255 1256 1254
5057 2 2 10 1 1901 1903 1902
5058 2 2 10 1 1408 5577 1466
5059 2 2 10 1 5746 5747 2854
5060 2 2 10 1 2042 5606 2221
5061 2 2 10 1 1233 1235 1234
5062 2 2 10 1 5606 5607 2972
5063 2 2 10 1 5264 6713 1115
5064 2 2 10 1 4378 4460 4379
5065 2 2 10 1 4870 5909 4871
5066 2 2 10 1 711 727 712
5067 2 2 10 1 5329 6102 3159
5068 2 2 10 1 1784 1786 1785
5069 2 2 10 1 1103 6425 1380
5070 2 2 10 1 5485 6219 5488
5071 2 2 10 1 1728 6130 5796
5072 2 2 10 1 5450 5556 3315
5073 2 2 10 1 5185 6534 3862
5074 2 2 10 1 3335 5342 5341
5075 2 2 10 1 4893 7808 4894
5076 2 2 10 1 2258 2260 2259
5077 2 2 10 1 4366 7162 7056
5078 2 2 10 1 1749 6125 2396
5079 2 2 10 1 5141 5270 5269
5080 2 2 10 1 1895 1897 1896
5081 2 2 10 1 5754 5755 2867
5082 2 2 10 1 6326 6356 1378
5083 2 2 10 1 2352 2928 2926
5084 2 2 10 1 5345 6105 3153
5085 2 2 10 1 5877 7441 838
5086 2 2 10 1 1897 1899 1898
5087 2 2 10 1 3023 5599 3020
5088 2 2 10 1 3707 3780 3708
5089 2 2 10 1 5766 5767 2915
5090 2 2 10 1 575 5274 5273
5091 2 2 10 1 5763 5764 2444
5092 2 2 10 1 1022 1023 1021
5093 2 2 10 1 2241 2242 2240
5094 2 2 10 1 558 7500 4795
5095 2 2 10 1 3935 3936 3838
5096 2 2 10 1 5875 6028 5874
5097 2 2 10 1 1782 1784 1783
5098 2 2 10 1 4713 4773 2979
5099 2 2 10 1 530 5949 5948
5100 2 2 10 1 1946 1947 1920
5101 2 2 10 1 1874 6393 2977
5102 2 2 10 1 1507 5752 1592
5103 2 2 10 1 5253 6330 5255
5104 2 2 10 1 1456 1457 1451
5105 2 2 10 1 5930 5933 5932
5106 2 2 10 1 4870 4871 4866
5107 2 2 10 1 5458 5860 5460
5108 2 2 10 1 4534 6082 6081
5109 2 2 10 1 4508 6704 2861
5110 2 2 10 1 5933 5934 5932
5111 2 2 10 1 5550 5552 3313
5112 2 2 10 1 2986 2988 2987
5113 2 2 10 1 3946 5596 4949
5114 2 2 10 1 5256 5807 3720
5115 2 2 10 1 2680 6026 5228
5116 2 2 10 1 2577 5567 2448
5117 2 2 10 1 5452 5777 5456
5118 2 2 10 1 2247 2248 2246
5119 2 2 10 1 1682 1693 1683
5120 2 2 10 1 2947 2948 2646
5121 2 2 10 1 2998 3000 2999
5122 2 2 10 1 3000 4121 4120
5123 2 2 10 1 2595 2646 2347
5124 2 2 10 1 2509 2511 2510
5125 2 2 10 1 2507 2509 2508
5126 2 2 10 1 2511 2513 2512
5127 2 2 10 1 2505 2507 2506
5128 2 2 10 1 2513 2515 2514
5129 2 2 10 1 2503 2505 2504
5130 2 2 10 1 2501 2503 2502
5131 2 2 10 1 2515 2517 2516
5132 2 2 10 1 2499 2501 2500
5133 2 2 10 1 2517 2519 2518
5134 2 2 10 1 2497 2499 2498
5135 2 2 10 1 2519 2521 2520
5136 2 2 10 1 2495 2497 2496
5137 2 2 10 1 2493 2495 2494
5138 2 2 10 1 2521 2523 2522
5139 2 2 10 1 2491 2493 2492
5140 2 2 10 1 2523 2525 2524
5141 2 2 10 1 2489 2491 2490
5142 2 2 10 1 2487 2489 2488
5143 2 2 10 1 2525 2527 2526
5144 2 2 10 1 2527 2529 2528
5145 2 2 10 1 1621 5627 2173
5146 2 2 10 1 2346 2347 1871
5147 2 2 10 1 2485 2487 2486
5148 2 2 10 1 2529 2531 2530
5149 2 2 10 1 2531 2533 2532
5150 2 2 10 1 658 659 657
5151 2 2 10 1 2533 2535 2534
5152 2 2 10 1 3135 3137 3136
5153 2 2 10 1 3137 3139 3138
5154 2 2 10 1 2535 2537 2536
5155 2 2 10 1 3139 3141 3140
5156 2 2 10 1 2537 2539 2538
5157 2 2 10 1 3141 3143 3142
5158 2 2 10 1 3143 3145 3144
5159 2 2 10 1 1869 1871 1741
5160 2 2 10 1 2539 2541 2540
5161 2 2 10 1 3133 3135 3134
5162 2 2 10 1 3145 3147 3146
5163 2 2 10 1 4860 7855 4116
5164 2 2 10 1 5681 5684 2776
5165 2 2 10 1 5885 6066 5884
5166 2 2 10 1 2541 2543 2542
5167 2 2 10 1 3147 3149 3148
5168 2 2 10 1 2996 2998 2997
5169 2 2 10 1 3149 3151 3150
5170 2 2 10 1 2543 2545 2544
5171 2 2 10 1 3577 5636 3868
5172 2 2 10 1 3151 3153 3152
5173 2 2 10 1 3153 3155 3154
5174 2 2 10 1 2545 2547 2546
5175 2 2 10 1 3155 3157 3156
5176 2 2 10 1 1701 1741 1700
5177 2 2 10 1 3157 3159 3158
5178 2 2 10 1 2483 2485 2484
5179 2 2 10 1 3159 3161 3160
5180 2 2 10 1 5467 5469 5468
5181 2 2 10 1 1509 1511 1428
5182 2 2 10 1 5464 5467 5465
5183 2 2 10 1 6559 7038 4656
5184 2 2 10 1 4794 4796 4795
5185 2 2 10 1 5469 5471 5470
5186 2 2 10 1 3161 3163 3162
5187 2 2 10 1 1403 1405 1404
5188 2 2 10 1 5471 5474 5472
5189 2 2 10 1 3163 3165 3164
5190 2 2 10 1 5474 5476 5475
5191 2 2 10 1 3076 5794 3454
5192 2 2 10 1 3165 3167 3166
5193 2 2 10 1 5476 5478 5477
5194 2 2 10 1 3229 3232 3230
5195 2 2 10 1 3167 3169 3168
5196 2 2 10 1 3100 5648 3285
5197 2 2 10 1 1597 5635 2287
5198 2 2 10 1 5478 5481 5479
5199 2 2 10 1 3169 3171 3170
5200 2 2 10 1 6110 7024 3603
5201 2 2 10 1 5481 5483 5482
5202 2 2 10 1 3600 5671 4003
5203 2 2 10 1 861 5656 1121
5204 2 2 10 1 1635 5634 2262
5205 2 2 10 1 3171 3173 3172
5206 2 2 10 1 2707 4785 4765
5207 2 2 10 1 913 5665 1100
5208 2 2 10 1 3726 5669 4062
5209 2 2 10 1 5483 5485 5484
5210 2 2 10 1 3173 3175 3174
5211 2 2 10 1 5485 5488 5486
5212 2 2 10 1 3175 3177 3176
5213 2 2 10 1 5488 5490 5489
5214 2 2 10 1 899 5659 1101
5215 2 2 10 1 927 5657 1095
5216 2 2 10 1 3433 3435 3434
5217 2 2 10 1 2728 6243 6161
5218 2 2 10 1 3177 3179 3178
5219 2 2 10 1 3622 5675 4014
5220 2 2 10 1 4486 4691 3969
5221 2 2 10 1 5490 5492 5491
5222 2 2 10 1 1607 5632 1751
5223 2 2 10 1 2318 5614 1736
5224 2 2 10 1 3762 5674 4086
5225 2 2 10 1 3179 3181 3180
5226 2 2 10 1 5492 5494 5493
5227 2 2 10 1 3629 5668 4009
5228 2 2 10 1 3181 3183 3182
5229 2 2 10 1 2906 3796 3436
5230 2 2 10 1 5494 5496 5495
5231 2 2 10 1 4532 5321 3965
5232 2 2 10 1 1657 5628 2290
5233 2 2 10 1 3183 3185 3184
5234 2 2 10 1 5496 5499 5497
5235 2 2 10 1 3822 5655 4364
5236 2 2 10 1 3592 5672 4006
5237 2 2 10 1 5462 5464 5463
5238 2 2 10 1 3185 3187 3186
5239 2 2 10 1 5499 5501 5500
5240 2 2 10 1 5607 5608 2972
5241 2 2 10 1 1561 1700 1560
5242 2 2 10 1 3787 5664 4164
5243 2 2 10 1 3834 5670 4384
5244 2 2 10 1 3053 5639 3328
5245 2 2 10 1 5501 5503 5502
5246 2 2 10 1 3974 5328 3961
5247 2 2 10 1 3187 3189 3188
5248 2 2 10 1 3675 6649 6556
5249 2 2 10 1 5503 5505 5504
5250 2 2 10 1 3231 5282 3229
5251 2 2 10 1 2664 2736 2665
5252 2 2 10 1 3189 3191 3190
5253 2 2 10 1 2094 5595 1982
5254 2 2 10 1 5505 5507 5506
5255 2 2 10 1 3812 5673 4348
5256 2 2 10 1 3191 3193 3192
5257 2 2 10 1 1193 1195 1194
5258 2 2 10 1 5507 5509 5508
5259 2 2 10 1 3193 3195 3194
5260 2 2 10 1 3978 5287 3955
5261 2 2 10 1 5509 5511 5510
5262 2 2 10 1 1186 1189 1188
5263 2 2 10 1 3195 3197 3196
5264 2 2 10 1 3235 5290 3223
5265 2 2 10 1 5511 5513 5512
5266 2 2 10 1 3431 3433 3432
5267 2 2 10 1 3197 3199 3198
5268 2 2 10 1 3131 3133 3132
5269 2 2 10 1 5513 5515 5514
5270 2 2 10 1 5029 5698 5033
5271 2 2 10 1 5827 6278 5828
5272 2 2 10 1 3199 3201 3200
5273 2 2 10 1 3766 3768 3767
5274 2 2 10 1 5515 5517 5516
5275 2 2 10 1 2964 2965 2963
5276 2 2 10 1 3203 3205 3204
5277 2 2 10 1 4949 5293 3948
5278 2 2 10 1 1467 6286 2040
5279 2 2 10 1 3205 3207 3206
5280 2 2 10 1 2401 2402 2203
5281 2 2 10 1 656 657 655
5282 2 2 10 1 5517 5519 5518
5283 2 2 10 1 2315 5333 5245
5284 2 2 10 1 4323 5647 4328
5285 2 2 10 1 3237 5299 3217
5286 2 2 10 1 3207 3209 3208
5287 2 2 10 1 5519 5526 5520
5288 2 2 10 1 4530 5046 2832
5289 2 2 10 1 1593 1594 1541
5290 2 2 10 1 3209 3211 3210
5291 2 2 10 1 2205 2386 2385
5292 2 2 10 1 3304 5829 5350
5293 2 2 10 1 2966 2968 2965
5294 2 2 10 1 4821 4822 4820
5295 2 2 10 1 3263 5564 3213
5296 2 2 10 1 1267 5563 1277
5297 2 2 10 1 575 5272 401
5298 2 2 10 1 4420 4421 3609
5299 2 2 10 1 3211 3213 3212
5300 2 2 10 1 479 6038 3005
5301 2 2 10 1 540 7499 5858
5302 2 2 10 1 4587 7587 4698
5303 2 2 10 1 5608 5782 2972
5304 2 2 10 1 5017 5019 5013
5305 2 2 10 1 4391 4392 4390
5306 2 2 10 1 1603 5631 1600
5307 2 2 10 1 524 5604 335
5308 2 2 10 1 3213 3215 3214
5309 2 2 10 1 949 950 948
5310 2 2 10 1 2968 4820 4808
5311 2 2 10 1 2913 2914 2786
5312 2 2 10 1 5522 5536 5519
5313 2 2 10 1 3215 3217 3216
5314 2 2 10 1 3077 5794 3076
5315 2 2 10 1 5898 6096 5897
5316 2 2 10 1 677 684 679
5317 2 2 10 1 3202 3203 3201
5318 2 2 10 1 3236 5572 3209
5319 2 2 10 1 2007 2008 2006
5320 2 2 10 1 3217 3219 3218
5321 2 2 10 1 3311 5830 5443
5322 2 2 10 1 2598 5601 2600
5323 2 2 10 1 5524 5537 5513
5324 2 2 10 1 3435 3674 3434
5325 2 2 10 1 3327 5831 5541
5326 2 2 10 1 3219 3221 3220
5327 2 2 10 1 4117 7359 6151
5328 2 2 10 1 3948 3950 3949
5329 2 2 10 1 4246 5663 4487
5330 2 2 10 1 5761 5762 1415
5331 2 2 10 1 1779 1782 1781
5332 2 2 10 1 5336 5337 2478
5333 2 2 10 1 2601 5807 2354
5334 2 2 10 1 3433 3434 3432
5335 2 2 10 1 3221 3223 3222
5336 2 2 10 1 5249 6140 5248
5337 2 2 10 1 3950 3952 3951
5338 2 2 10 1 3946 3948 3947
5339 2 2 10 1 3952 3955 3953
5340 2 2 10 1 3223 3225 3224
5341 2 2 10 1 2268 7110 5101
5342 2 2 10 1 1089 6207 943
5343 2 2 10 1 1094 5763 2444
5344 2 2 10 1 3955 3957 3956
5345 2 2 10 1 3225 3227 3226
5346 2 2 10 1 2693 3439 2692
5347 2 2 10 1 3232 3233 3230
5348 2 2 10 1 3238 5305 3187
5349 2 2 10 1 3957 3959 3958
5350 2 2 10 1 6603 6663 4006
5351 2 2 10 1 3227 3229 3228
5352 2 2 10 1 5694 5697 2801
5353 2 2 10 1 4844 4846 4845
5354 2 2 10 1 2823 5600 2888
5355 2 2 10 1 3959 3961 3960
5356 2 2 10 1 2119 2120 2117
5357 2 2 10 1 2602 2603 2315
5358 2 2 10 1 3240 5314 3181
5359 2 2 10 1 1561 1701 1700
5360 2 2 10 1 2800 5618 3874
5361 2 2 10 1 1294 5584 1363
5362 2 2 10 1 3961 3963 3962
5363 2 2 10 1 1701 1869 1741
5364 2 2 10 1 3244 5317 3175
5365 2 2 10 1 3963 3965 3964
5366 2 2 10 1 2551 2555 2554
5367 2 2 10 1 3965 3967 3966
5368 2 2 10 1 1869 2346 1871
5369 2 2 10 1 3249 5322 3169
5370 2 2 10 1 1414 5752 1507
5371 2 2 10 1 3493 3876 2603
5372 2 2 10 1 3719 5610 4374
5373 2 2 10 1 401 5272 400
5374 2 2 10 1 1191 1193 1192
5375 2 2 10 1 2448 5566 1509
5376 2 2 10 1 3967 3969 3968
5377 2 2 10 1 5183 5184 5087
5378 2 2 10 1 5879 5923 5876
5379 2 2 10 1 3250 5325 3163
5380 2 2 10 1 2954 2996 2956
5381 2 2 10 1 2221 2483 2482
5382 2 2 10 1 2040 3449 2042
5383 2 2 10 1 5582 5583 3865
5384 2 2 10 1 2346 2595 2347
5385 2 2 10 1 5906 6106 5905
5386 2 2 10 1 2928 2929 2926
5387 2 2 10 1 5979 7139 1095
5388 2 2 10 1 1165 1166 1164
5389 2 2 10 1 3251 5329 3157
5390 2 2 10 1 2487 2488 2486
5391 2 2 10 1 2485 2486 2484
5392 2 2 10 1 3827 4722 2885
5393 2 2 10 1 1427 1428 1378
5394 2 2 10 1 2489 2490 2488
5395 2 2 10 1 3195 5629 3266
5396 2 2 10 1 2491 2492 2490
5397 2 2 10 1 2493 2494 2492
5398 2 2 10 1 5659 5815 1101
5399 2 2 10 1 2495 2496 2494
5400 2 2 10 1 3252 5345 3151
5401 2 2 10 1 3342 3343 3341
5402 2 2 10 1 2497 2498 2496
5403 2 2 10 1 5350 5829 5359
5404 2 2 10 1 2499 2500 2498
5405 2 2 10 1 3234 5629 3193
5406 2 2 10 1 2550 6396 2561
5407 2 2 10 1 1729 5818 1544
5408 2 2 10 1 4412 4414 3876
5409 2 2 10 1 2501 2502 2500
5410 2 2 10 1 5443 5830 5448
5411 2 2 10 1 5541 5831 5545
5412 2 2 10 1 2314 2315 2301
5413 2 2 10 1 2503 2504 2502
5414 2 2 10 1 1427 1509 1428
5415 2 2 10 1 2595 2947 2646
5416 2 2 10 1 2505 2506 2504
5417 2 2 10 1 3431 3432 2703
5418 2 2 10 1 5525 5597 5503
5419 2 2 10 1 2507 2508 2506
5420 2 2 10 1 3976 3979 3977
5421 2 2 10 1 2948 4391 4390
5422 2 2 10 1 2509 2510 2508
5423 2 2 10 1 1511 1561 1560
5424 2 2 10 1 994 996 995
5425 2 2 10 1 3929 6400 6356
5426 2 2 10 1 2483 2484 2482
5427 2 2 10 1 2511 2512 2510
5428 2 2 10 1 1806 1807 1805
5429 2 2 10 1 2513 2514 2512
5430 2 2 10 1 2515 2516 2514
5431 2 2 10 1 2998 2999 2997
5432 2 2 10 1 2517 2518 2516
5433 2 2 10 1 1534 5744 2226
5434 2 2 10 1 5738 5741 2824
5435 2 2 10 1 2519 2520 2518
5436 2 2 10 1 2874 2963 2577
5437 2 2 10 1 2100 2102 2101
5438 2 2 10 1 3860 6902 5088
5439 2 2 10 1 2211 6611 6438
5440 2 2 10 1 2521 2522 2520
5441 2 2 10 1 5471 6137 5474
5442 2 2 10 1 2523 2524 2522
5443 2 2 10 1 4912 4914 4913
5444 2 2 10 1 4796 4797 4795
5445 2 2 10 1 1097 5763 1080
5446 2 2 10 1 1272 5765 1299
5447 2 2 10 1 2996 2997 2956
5448 2 2 10 1 2525 2526 2524
5449 2 2 10 1 2527 2528 2526
5450 2 2 10 1 1877 1923 1879
5451 2 2 10 1 5182 6615 6590
5452 2 2 10 1 3000 4120 2999
5453 2 2 10 1 1005 1007 1006
5454 2 2 10 1 2345 5968 2417
5455 2 2 10 1 2529 2530 2528
5456 2 2 10 1 2531 2532 2530
5457 2 2 10 1 61 5786 60
5458 2 2 10 1 3135 3136 3134
5459 2 2 10 1 2533 2534 2532
5460 2 2 10 1 1880 6393 1876
5461 2 2 10 1 3137 3138 3136
5462 2 2 10 1 1690 1692 1691
5463 2 2 10 1 3003 3004 3002
5464 2 2 10 1 2719 5617 2954
5465 2 2 10 1 4794 4795 4121
5466 2 2 10 1 2535 2536 2534
5467 2 2 10 1 3139 3140 3138
5468 2 2 10 1 3929 6356 6326
5469 2 2 10 1 3133 3134 3132
5470 2 2 10 1 1923 1925 1924
5471 2 2 10 1 5147 6577 2928
5472 2 2 10 1 3141 3142 3140
5473 2 2 10 1 58 5788 57
5474 2 2 10 1 2537 2538 2536
5475 2 2 10 1 2312 6021 5621
5476 2 2 10 1 4793 4794 4121
5477 2 2 10 1 3143 3144 3142
5478 2 2 10 1 4775 4783 3004
5479 2 2 10 1 956 5743 974
5480 2 2 10 1 2448 5567 5566
5481 2 2 10 1 2539 2540 2538
5482 2 2 10 1 3145 3146 3144
5483 2 2 10 1 3147 3148 3146
5484 2 2 10 1 3324 3941 3326
5485 2 2 10 1 3706 6677 3707
5486 2 2 10 1 2541 2542 2540
5487 2 2 10 1 3149 3150 3148
5488 2 2 10 1 55 5791 54
5489 2 2 10 1 3942 3946 3944
5490 2 2 10 1 2974 6410 5281
5491 2 2 10 1 5890 5971 5886
5492 2 2 10 1 5623 5626 5622
5493 2 2 10 1 2543 2544 2542
5494 2 2 10 1 3151 3152 3150
5495 2 2 10 1 1889 1890 1888
5496 2 2 10 1 3153 3154 3152
5497 2 2 10 1 2545 2546 2544
5498 2 2 10 1 3969 5279 3970
5499 2 2 10 1 3155 3156 3154
5500 2 2 10 1 3982 3984 3983
5501 2 2 10 1 4037 4079 4078
5502 2 2 10 1 3214 6676 5295
5503 2 2 10 1 3157 3158 3156
5504 2 2 10 1 2547 2548 2546
5505 2 2 10 1 5478 6256 5481
5506 2 2 10 1 601 7258 4741
5507 2 2 10 1 5467 5468 5465
5508 2 2 10 1 3159 3160 3158
5509 2 2 10 1 5464 5465 5463
5510 2 2 10 1 1327 6304 3464
5511 2 2 10 1 5747 5750 2854
5512 2 2 10 1 5469 5470 5468
5513 2 2 10 1 3161 3162 3160
5514 2 2 10 1 5248 6140 564
5515 2 2 10 1 562 7201 5944
5516 2 2 10 1 3639 3746 3640
5517 2 2 10 1 5471 5472 5470
5518 2 2 10 1 1735 5918 2089
5519 2 2 10 1 3163 3164 3162
5520 2 2 10 1 5474 5475 5472
5521 2 2 10 1 3165 3166 3164
5522 2 2 10 1 7364 7406 6142
5523 2 2 10 1 2129 2131 2128
5524 2 2 10 1 1932 1933 1930
5525 2 2 10 1 5476 5477 5475
5526 2 2 10 1 3167 3168 3166
5527 2 2 10 1 5478 5479 5477
5528 2 2 10 1 2997 5892 2956
5529 2 2 10 1 3169 3170 3168
5530 2 2 10 1 4816 4818 4817
5531 2 2 10 1 3976 4669 3979
5532 2 2 10 1 5030 5031 5029
5533 2 2 10 1 5481 5482 5479
5534 2 2 10 1 1544 5818 1448
5535 2 2 10 1 4478 6429 4523
5536 2 2 10 1 660 661 659
5537 2 2 10 1 3171 3172 3170
5538 2 2 10 1 5483 5484 5482
5539 2 2 10 1 1239 1241 1240
5540 2 2 10 1 5959 5961 5958
5541 2 2 10 1 3173 3174 3172
5542 2 2 10 1 4129 5772 4393
5543 2 2 10 1 4561 5892 2997
5544 2 2 10 1 5485 5486 5484
5545 2 2 10 1 1237 6423 1236
5546 2 2 10 1 1518 1519 1457
5547 2 2 10 1 4213 4214 4212
5548 2 2 10 1 3175 3176 3174
5549 2 2 10 1 1873 3468 1875
5550 2 2 10 1 5589 5592 5587
5551 2 2 10 1 5488 5489 5486
5552 2 2 10 1 1843 2860 1841
5553 2 2 10 1 1085 1086 1082
5554 2 2 10 1 3177 3178 3176
5555 2 2 10 1 5460 5462 5461
5556 2 2 10 1 4652 4653 4650
5557 2 2 10 1 5490 5491 5489
5558 2 2 10 1 3967 4486 3969
5559 2 2 10 1 3200 5320 3324
5560 2 2 10 1 3179 3180 3178
5561 2 2 10 1 5492 5493 5491
5562 2 2 10 1 1734 5994 5173
5563 2 2 10 1 1511 1560 1512
5564 2 2 10 1 3181 3182 3180
5565 2 2 10 1 5494 5495 5493
5566 2 2 10 1 3876 4411 2603
5567 2 2 10 1 3327 5541 5540
5568 2 2 10 1 3311 5443 5442
5569 2 2 10 1 5350 5351 5349
5570 2 2 10 1 3315 5556 5551
5571 2 2 10 1 3183 3184 3182
5572 2 2 10 1 5496 5497 5495
5573 2 2 10 1 3963 4532 3965
5574 2 2 10 1 5217 6915 571
5575 2 2 10 1 5984 5986 5983
5576 2 2 10 1 5428 5429 5427
5577 2 2 10 1 3362 5958 3382
5578 2 2 10 1 5452 5453 5451
5579 2 2 10 1 5462 5463 5461
5580 2 2 10 1 3449 5606 2042
5581 2 2 10 1 5443 5444 5442
5582 2 2 10 1 5499 5500 5497
5583 2 2 10 1 3185 3186 3184
5584 2 2 10 1 2948 4390 2949
5585 2 2 10 1 5541 5542 5540
5586 2 2 10 1 3970 3976 3975
5587 2 2 10 1 3304 5350 5349
5588 2 2 10 1 2425 4349 2300
5589 2 2 10 1 3571 5285 3569
5590 2 2 10 1 3316 5452 5451
5591 2 2 10 1 5501 5502 5500
5592 2 2 10 1 3187 3188 3186
5593 2 2 10 1 957 7408 6064
5594 2 2 10 1 2892 2893 2681
5595 2 2 10 1 3959 3974 3961
5596 2 2 10 1 1819 6229 1823
5597 2 2 10 1 5503 5504 5502
5598 2 2 10 1 5551 5552 5550
5599 2 2 10 1 3189 3190 3188
5600 2 2 10 1 5799 5800 5798
5601 2 2 10 1 3227 3231 3229
5602 2 2 10 1 5505 5506 5504
5603 2 2 10 1 3191 3192 3190
5604 2 2 10 1 1917 1918 1916
5605 2 2 10 1 1074 1075 1071
5606 2 2 10 1 5507 5508 5506
5607 2 2 10 1 3193 3194 3192
5608 2 2 10 1 3651 4372 3435
5609 2 2 10 1 2417 5820 5595
5610 2 2 10 1 5509 5510 5508
5611 2 2 10 1 3952 3978 3955
5612 2 2 10 1 5904 6004 5899
5613 2 2 10 1 3195 3196 3194
5614 2 2 10 1 3322 5428 5427
5615 2 2 10 1 5192 6915 5193
5616 2 2 10 1 2612 5924 4231
5617 2 2 10 1 5511 5512 5510
5618 2 2 10 1 3432 6150 2703
5619 2 2 10 1 2161 6131 2159
5620 2 2 10 1 3221 3235 3223
5621 2 2 10 1 3197 3198 3196
5622 2 2 10 1 3131 3132 3130
5623 2 2 10 1 3727 6837 5666
5624 2 2 10 1 5513 5514 5512
5625 2 2 10 1 4826 6325 2947
5626 2 2 10 1 6011 6012 3381
5627 2 2 10 1 5641 5642 5640
5628 2 2 10 1 2478 5773 2476
5629 2 2 10 1 3199 3200 3198
5630 2 2 10 1 599 5963 5283
5631 2 2 10 1 2980 6366 1417
5632 2 2 10 1 3670 5826 3630
5633 2 2 10 1 5515 5516 5514
5634 2 2 10 1 3430 3431 2703
5635 2 2 10 1 3203 3204 3201
5636 2 2 10 1 3205 3206 3204
5637 2 2 10 1 3031 6157 3029
5638 2 2 10 1 3946 4949 3948
5639 2 2 10 1 3061 6155 3059
5640 2 2 10 1 4835 6693 4831
5641 2 2 10 1 3072 6175 3070
5642 2 2 10 1 5517 5518 5516
5643 2 2 10 1 6010 6011 3381
5644 2 2 10 1 2562 5616 2545
5645 2 2 10 1 5767 5770 2915
5646 2 2 10 1 2578 2684 2579
5647 2 2 10 1 3215 3237 3217
5648 2 2 10 1 3207 3208 3206
5649 2 2 10 1 3370 5983 3424
5650 2 2 10 1 4695 7640 3294
5651 2 2 10 1 3442 5773 5249
5652 2 2 10 1 2834 6485 2637
5653 2 2 10 1 5519 5520 5518
5654 2 2 10 1 5555 6005 5449
5655 2 2 10 1 3446 4426 3447
5656 2 2 10 1 2874 2964 2963
5657 2 2 10 1 3444 3446 3445
5658 2 2 10 1 3941 5596 3942
5659 2 2 10 1 4663 5902 3606
5660 2 2 10 1 1966 1968 1967
5661 2 2 10 1 4894 4895 3438
5662 2 2 10 1 1507 1591 1544
5663 2 2 10 1 5445 5446 5444
5664 2 2 10 1 5543 5544 5542
5665 2 2 10 1 4426 4428 3447
5666 2 2 10 1 3446 3447 3445
5667 2 2 10 1 2315 5245 2301
5668 2 2 10 1 1591 1728 1544
5669 2 2 10 1 2800 3874 2605
5670 2 2 10 1 3209 3210 3208
5671 2 2 10 1 2393 2800 2605
5672 2 2 10 1 2678 5827 2741
5673 2 2 10 1 2849 4211 3901
5674 2 2 10 1 5526 5528 5520
5675 2 2 10 1 2823 2888 2573
5676 2 2 10 1 3444 3445 2297
5677 2 2 10 1 3794 5610 3719
5678 2 2 10 1 2964 2966 2965
5679 2 2 10 1 5142 5143 5140
5680 2 2 10 1 3211 3263 3213
5681 2 2 10 1 1727 2156 1726
5682 2 2 10 1 3916 6131 5956
5683 2 2 10 1 5416 5598 5417
5684 2 2 10 1 2796 2951 2797
5685 2 2 10 1 2436 2725 2437
5686 2 2 10 1 1080 5763 1094
5687 2 2 10 1 1565 1726 1563
5688 2 2 10 1 3211 3212 3210
5689 2 2 10 1 3924 5138 5137
5690 2 2 10 1 5382 5384 5383
5691 2 2 10 1 2968 4821 4820
5692 2 2 10 1 5309 5311 5310
5693 2 2 10 1 5547 5548 3319
5694 2 2 10 1 1499 1563 1500
5695 2 2 10 1 5352 5585 5351
5696 2 2 10 1 3918 4535 2846
5697 2 2 10 1 5395 5397 5396
5698 2 2 10 1 5414 5416 5415
5699 2 2 10 1 5453 5534 5455
5700 2 2 10 1 2229 2436 2292
5701 2 2 10 1 3864 4892 3866
5702 2 2 10 1 2725 2846 2726
5703 2 2 10 1 3454 3455 3323
5704 2 2 10 1 2156 3924 3923
5705 2 2 10 1 5649 5650 5648
5706 2 2 10 1 3264 5619 3147
5707 2 2 10 1 1981 3444 2297
5708 2 2 10 1 1507 1544 1448
5709 2 2 10 1 2389 2823 2573
5710 2 2 10 1 1411 5577 1408
5711 2 2 10 1 2722 3794 3719
5712 2 2 10 1 3442 5248 3450
5713 2 2 10 1 1990 2229 2193
5714 2 2 10 1 5139 5140 5138
5715 2 2 10 1 5398 5399 5397
5716 2 2 10 1 2444 5563 1267
5717 2 2 10 1 5394 5395 3293
5718 2 2 10 1 2849 3901 2669
5719 2 2 10 1 5413 5414 3310
5720 2 2 10 1 2393 2605 2264
5721 2 2 10 1 1379 5584 1294
5722 2 2 10 1 3455 3889 3457
5723 2 2 10 1 3213 3214 3212
5724 2 2 10 1 3458 3864 3338
5725 2 2 10 1 5420 5421 5416
5726 2 2 10 1 1408 1466 1409
5727 2 2 10 1 5351 5354 5353
5728 2 2 10 1 2476 3442 2477
5729 2 2 10 1 3207 3236 3209
5730 2 2 10 1 1102 5691 5690
5731 2 2 10 1 2225 4010 2008
5732 2 2 10 1 3855 6395 2339
5733 2 2 10 1 5430 5433 5429
5734 2 2 10 1 5381 5382 3320
5735 2 2 10 1 5808 5990 4222
5736 2 2 10 1 5630 5631 1603
5737 2 2 10 1 1415 1499 1416
5738 2 2 10 1 5517 5522 5519
5739 2 2 10 1 4387 5615 5614
5740 2 2 10 1 2968 4808 2965
5741 2 2 10 1 2951 4122 3890
5742 2 2 10 1 2354 2796 2353
5743 2 2 10 1 5639 5903 5641
5744 2 2 10 1 3215 3216 3214
5745 2 2 10 1 4055 4493 4056
5746 2 2 10 1 3942 5596 3946
5747 2 2 10 1 3199 3202 3201
5748 2 2 10 1 3217 3218 3216
5749 2 2 10 1 2730 5622 2537
5750 2 2 10 1 5511 5524 5513
5751 2 2 10 1 5690 5743 956
5752 2 2 10 1 3195 3266 3197
5753 2 2 10 1 3202 3239 3203
5754 2 2 10 1 4215 4216 4214
5755 2 2 10 1 3219 3220 3218
5756 2 2 10 1 5384 5388 5385
5757 2 2 10 1 3324 5320 3941
5758 2 2 10 1 3768 3776 3769
5759 2 2 10 1 1080 1094 985
5760 2 2 10 1 3948 3949 3947
5761 2 2 10 1 3378 6010 3381
5762 2 2 10 1 7788 7823 4368
5763 2 2 10 1 2805 2936 2348
5764 2 2 10 1 5507 5535 5509
5765 2 2 10 1 1414 1507 1448
5766 2 2 10 1 5751 5752 1414
5767 2 2 10 1 3941 3942 3326
5768 2 2 10 1 3885 5823 958
5769 2 2 10 1 3221 3222 3220
5770 2 2 10 1 3191 3234 3193
5771 2 2 10 1 3950 3951 3949
5772 2 2 10 1 1693 1695 1694
5773 2 2 10 1 6045 6046 4015
5774 2 2 10 1 2888 5080 5079
5775 2 2 10 1 1094 2444 1267
5776 2 2 10 1 5503 5597 5505
5777 2 2 10 1 3914 5618 2800
5778 2 2 10 1 3829 5600 2823
5779 2 2 10 1 3952 3953 3951
5780 2 2 10 1 3223 3224 3222
5781 2 2 10 1 1865 2393 2264
5782 2 2 10 1 1277 1379 1294
5783 2 2 10 1 2405 2849 2669
5784 2 2 10 1 4793 6312 5278
5785 2 2 10 1 1981 2297 1732
5786 2 2 10 1 4368 7823 6293
5787 2 2 10 1 5501 5525 5503
5788 2 2 10 1 2389 2573 2227
5789 2 2 10 1 4821 4823 4822
5790 2 2 10 1 3863 4537 2024
5791 2 2 10 1 2722 3719 2601
5792 2 2 10 1 3185 3238 3187
5793 2 2 10 1 1360 5761 1415
5794 2 2 10 1 3193 5629 3195
5795 2 2 10 1 4020 5863 2951
5796 2 2 10 1 5639 5641 5640
5797 2 2 10 1 3955 3956 3953
5798 2 2 10 1 3946 3947 3944
5799 2 2 10 1 3225 3226 3224
5800 2 2 10 1 5921 6403 5922
5801 2 2 10 1 2792 5680 2529
5802 2 2 10 1 6056 6057 4075
5803 2 2 10 1 5494 5527 5496
5804 2 2 10 1 5911 6044 5907
5805 2 2 10 1 3957 3958 3956
5806 2 2 10 1 5641 5903 5645
5807 2 2 10 1 3227 3228 3226
5808 2 2 10 1 3344 3345 3343
5809 2 2 10 1 3179 3240 3181
5810 2 2 10 1 3889 4498 4097
5811 2 2 10 1 3959 3960 3958
5812 2 2 10 1 3238 5306 5305
5813 2 2 10 1 1545 5334 1538
5814 2 2 10 1 4901 5882 4900
5815 2 2 10 1 2344 2476 2345
5816 2 2 10 1 3229 3230 3228
5817 2 2 10 1 4764 6680 6434
5818 2 2 10 1 1213 1214 1212
5819 2 2 10 1 2314 2602 2315
5820 2 2 10 1 2547 2552 2549
5821 2 2 10 1 3173 3244 3175
5822 2 2 10 1 4161 4162 2912
5823 2 2 10 1 6063 6064 4124
5824 2 2 10 1 3961 3962 3960
5825 2 2 10 1 4625 4626 4624
5826 2 2 10 1 4619 4621 4620
5827 2 2 10 1 4594 4596 4595
5828 2 2 10 1 3674 4972 4971
5829 2 2 10 1 1257 1258 1256
5830 2 2 10 1 4338 4341 4336
5831 2 2 10 1 1647 2217 1645
5832 2 2 10 1 1621 2173 1619
5833 2 2 10 1 1554 2304 1552
5834 2 2 10 1 3240 5315 5314
5835 2 2 10 1 1623 5627 1621
5836 2 2 10 1 1558 2307 1556
5837 2 2 10 1 1617 1754 1615
5838 2 2 10 1 5386 6155 5973
5839 2 2 10 1 5360 5361 5352
5840 2 2 10 1 1651 2296 1649
5841 2 2 10 1 1641 2103 1639
5842 2 2 10 1 4334 4962 4332
5843 2 2 10 1 3583 4317 3581
5844 2 2 10 1 3963 3964 3962
5845 2 2 10 1 2159 2419 2157
5846 2 2 10 1 3110 3308 3108
5847 2 2 10 1 3390 6045 4015
5848 2 2 10 1 3039 3322 3037
5849 2 2 10 1 2729 3008 2093
5850 2 2 10 1 1627 1759 1625
5851 2 2 10 1 1613 1989 1611
5852 2 2 10 1 3065 3320 3063
5853 2 2 10 1 3579 5636 3577
5854 2 2 10 1 1568 2192 1566
5855 2 2 10 1 3070 3330 3068
5856 2 2 10 1 2813 5693 2521
5857 2 2 10 1 3082 3296 3080
5858 2 2 10 1 4386 4387 2820
5859 2 2 10 1 3577 3868 3575
5860 2 2 10 1 4644 4645 3585
5861 2 2 10 1 3167 3249 3169
5862 2 2 10 1 3086 3304 3084
5863 2 2 10 1 1547 2097 1545
5864 2 2 10 1 3106 3293 3104
5865 2 2 10 1 1637 5634 1635
5866 2 2 10 1 1599 5635 1597
5867 2 2 10 1 3114 3309 3112
5868 2 2 10 1 2253 2254 2252
5869 2 2 10 1 3035 3310 3033
5870 2 2 10 1 3794 5611 5610
5871 2 2 10 1 1609 5632 1607
5872 2 2 10 1 4300 5214 4303
5873 2 2 10 1 1635 2262 1633
5874 2 2 10 1 1597 2287 1595
5875 2 2 10 1 3573 4132 3571
5876 2 2 10 1 3011 3335 3009
5877 2 2 10 1 4266 4660 4268
5878 2 2 10 1 3102 5648 3100
5879 2 2 10 1 5457 5538 5454
5880 2 2 10 1 3045 3314 3043
5881 2 2 10 1 3019 3338 3017
5882 2 2 10 1 1582 2319 1580
5883 2 2 10 1 1607 1751 1605
5884 2 2 10 1 1564 1990 1747
5885 2 2 10 1 3090 3281 3088
5886 2 2 10 1 1657 2290 1655
5887 2 2 10 1 1631 2222 1629
5888 2 2 10 1 3059 3318 3057
5889 2 2 10 1 4260 4431 4262
5890 2 2 10 1 3100 3285 3098
5891 2 2 10 1 4294 4310 4296
5892 2 2 10 1 4691 5279 3969
5893 2 2 10 1 1659 5628 1657
5894 2 2 10 1 739 753 740
5895 2 2 10 1 3126 3315 3124
5896 2 2 10 1 4330 4740 4327
5897 2 2 10 1 3118 3311 3116
5898 2 2 10 1 3076 3323 3074
5899 2 2 10 1 3029 3312 3027
5900 2 2 10 1 3015 3336 3013
5901 2 2 10 1 3055 5639 3053
5902 2 2 10 1 3049 3327 3047
5903 2 2 10 1 2851 4055 4045
5904 2 2 10 1 3122 3313 3120
5905 2 2 10 1 3094 3305 3092
5906 2 2 10 1 859 5656 861
5907 2 2 10 1 3053 3328 3051
5908 2 2 10 1 913 1100 915
5909 2 2 10 1 4290 4798 4292
5910 2 2 10 1 1299 1408 1300
5911 2 2 10 1 1007 1009 1008
5912 2 2 10 1 3600 4003 3625
5913 2 2 10 1 861 1121 863
5914 2 2 10 1 879 1122 881
5915 2 2 10 1 897 5659 899
5916 2 2 10 1 911 5665 913
5917 2 2 10 1 893 1106 895
5918 2 2 10 1 875 1978 877
5919 2 2 10 1 4270 4687 4272
5920 2 2 10 1 855 1125 857
5921 2 2 10 1 5418 6157 5974
5922 2 2 10 1 925 5657 927
5923 2 2 10 1 907 1109 909
5924 2 2 10 1 3773 4679 3783
5925 2 2 10 1 889 1979 891
5926 2 2 10 1 871 1107 873
5927 2 2 10 1 899 1101 901
5928 2 2 10 1 917 1976 919
5929 2 2 10 1 3025 3319 3023
5930 2 2 10 1 3726 4062 3771
5931 2 2 10 1 3598 5671 3600
5932 2 2 10 1 2602 3493 2603
5933 2 2 10 1 6073 6074 4355
5934 2 2 10 1 5566 5867 1561
5935 2 2 10 1 3965 3966 3964
5936 2 2 10 1 851 1977 853
5937 2 2 10 1 3724 5669 3726
5938 2 2 10 1 4254 4453 4256
5939 2 2 10 1 45 6038 479
5940 2 2 10 1 3627 5668 3629
5941 2 2 10 1 865 1975 867
5942 2 2 10 1 921 1099 923
5943 2 2 10 1 903 1974 905
5944 2 2 10 1 885 1110 887
5945 2 2 10 1 3822 4364 4087
5946 2 2 10 1 927 1095 929
5947 2 2 10 1 3682 4753 3722
5948 2 2 10 1 4325 5647 4323
5949 2 2 10 1 3820 5655 3822
5950 2 2 10 1 3629 4009 3669
5951 2 2 10 1 3785 5664 3787
5952 2 2 10 1 3504 5603 3596
5953 2 2 10 1 4319 4497 4243
5954 2 2 10 1 3622 4014 3656
5955 2 2 10 1 3787 4164 3818
5956 2 2 10 1 3620 5675 3622
5957 2 2 10 1 3671 4774 3680
5958 2 2 10 1 5419 5424 5423
5959 2 2 10 1 1588 5781 5617
5960 2 2 10 1 3791 4658 3808
5961 2 2 10 1 3762 4086 3789
5962 2 2 10 1 4197 4965 4199
5963 2 2 10 1 4177 4761 4179
5964 2 2 10 1 5435 5436 5432
5965 2 2 10 1 3760 5674 3762
5966 2 2 10 1 3161 3250 3163
5967 2 2 10 1 3592 4006 3618
5968 2 2 10 1 3834 4384 3846
5969 2 2 10 1 3590 5672 3592
5970 2 2 10 1 3733 4739 3758
5971 2 2 10 1 3832 5670 3834
5972 2 2 10 1 3244 5318 5317
5973 2 2 10 1 4323 4328 4321
5974 2 2 10 1 3658 4786 3684
5975 2 2 10 1 4201 4370 4203
5976 2 2 10 1 4191 4482 4193
5977 2 2 10 1 3917 5206 5203
5978 2 2 10 1 3810 5673 3812
5979 2 2 10 1 4181 4695 4183
5980 2 2 10 1 1649 5380 1647
5981 2 2 10 1 3512 5613 3602
5982 2 2 10 1 4250 4499 4252
5983 2 2 10 1 3812 4348 3830
5984 2 2 10 1 4274 4380 4276
5985 2 2 10 1 974 1080 985
5986 2 2 10 1 3686 4760 3731
5987 2 2 10 1 4284 4357 4286
5988 2 2 10 1 2778 4002 3588
5989 2 2 10 1 4173 5090 4175
5990 2 2 10 1 4207 5602 4209
5991 2 2 10 1 1566 5393 1558
5992 2 2 10 1 1580 5440 1568
5993 2 2 10 1 4185 4642 4187
5994 2 2 10 1 1611 5633 1609
5995 2 2 10 1 1556 5379 1554
5996 2 2 10 1 2701 2703 2457
5997 2 2 10 1 3967 3968 3966
5998 2 2 10 1 3394 6056 4075
5999 2 2 10 1 3585 5411 3583
6000 2 2 10 1 1615 5412 1613
6001 2 2 10 1 3575 5439 3573
6002 2 2 10 1 2551 5271 2555
6003 2 2 10 1 1056 5869 1084
6004 2 2 10 1 3581 5638 3579
6005 2 2 10 1 3084 5348 3082
6006 2 2 10 1 5336 5338 5337
6007 2 2 10 1 4246 4487 4248
6008 2 2 10 1 2900 2901 2898
6009 2 2 10 1 3155 3251 3157
6010 2 2 10 1 4058 5663 4246
6011 2 2 10 1 933 1102 935
6012 2 2 10 1 4280 4741 4282
6013 2 2 10 1 3116 5441 3114
6014 2 2 10 1 3124 5550 3122
6015 2 2 10 1 3027 5547 3025
6016 2 2 10 1 4906 4907 4904
6017 2 2 10 1 1081 1082 1075
6018 2 2 10 1 5707 5710 5708
6019 2 2 10 1 3047 5539 3045
6020 2 2 10 1 3128 5450 3126
6021 2 2 10 1 3068 5381 3065
6022 2 2 10 1 3108 5394 3106
6023 2 2 10 1 3249 5323 5322
6024 2 2 10 1 2127 2128 2125
6025 2 2 10 1 2820 5614 2318
6026 2 2 10 1 2845 5737 2513
6027 2 2 10 1 3969 3970 3968
6028 2 2 10 1 5362 5368 5361
6029 2 2 10 1 3104 5649 3102
6030 2 2 10 1 5724 5727 5725
6031 2 2 10 1 5728 5730 5729
6032 2 2 10 1 5731 5733 5732
6033 2 2 10 1 3017 5569 3015
6034 2 2 10 1 3037 5413 3035
6035 2 2 10 1 1538 2271 1536
6036 2 2 10 1 2543 2562 2545
6037 2 2 10 1 5734 5736 5735
6038 2 2 10 1 1024 1025 1023
6039 2 2 10 1 3149 3252 3151
6040 2 2 10 1 2708 6396 2553
6041 2 2 10 1 1828 6703 5609
6042 2 2 10 1 901 5559 903
6043 2 2 10 1 919 5558 921
6044 2 2 10 1 3398 6063 4124
6045 2 2 10 1 887 5560 889
6046 2 2 10 1 905 5561 907
6047 2 2 10 1 915 5557 917
6048 2 2 10 1 923 5658 925
6049 2 2 10 1 3892 4663 3606
6050 2 2 10 1 895 5660 897
6051 2 2 10 1 891 5562 893
6052 2 2 10 1 6100 6101 2013
6053 2 2 10 1 5589 5593 5592
6054 2 2 10 1 4241 4450 4131
6055 2 2 10 1 3145 3264 3147
6056 2 2 10 1 1536 5744 1534
6057 2 2 10 1 4286 5676 4288
6058 2 2 10 1 3250 5326 5325
6059 2 2 10 1 637 1396 639
6060 2 2 10 1 4856 6069 4854
6061 2 2 10 1 2539 2715 2541
6062 2 2 10 1 1605 5630 1603
6063 2 2 10 1 4276 5654 4278
6064 2 2 10 1 5460 5461 5459
6065 2 2 10 1 3098 5653 3096
6066 2 2 10 1 4256 5677 4258
6067 2 2 10 1 2165 2353 2163
6068 2 2 10 1 2726 5612 2851
6069 2 2 10 1 867 5662 869
6070 2 2 10 1 3141 3262 3143
6071 2 2 10 1 4262 5678 4264
6072 2 2 10 1 1619 5302 1617
6073 2 2 10 1 2446 5765 1272
6074 2 2 10 1 4296 5679 4298
6075 2 2 10 1 3493 4412 3876
6076 2 2 10 1 2535 2730 2537
6077 2 2 10 1 3137 3265 3139
6078 2 2 10 1 4098 6175 5977
6079 2 2 10 1 2859 5746 2505
6080 2 2 10 1 3251 5330 5329
6081 2 2 10 1 1360 1415 1397
6082 2 2 10 1 3402 6073 4355
6083 2 2 10 1 1919 1920 1918
6084 2 2 10 1 2877 2878 2876
6085 2 2 10 1 3133 3272 3135
6086 2 2 10 1 2531 2776 2533
6087 2 2 10 1 2093 5335 2092
6088 2 2 10 1 6035 6036 1001
6089 2 2 10 1 1091 3634 1089
6090 2 2 10 1 5428 5430 5429
6091 2 2 10 1 4187 5686 4189
6092 2 2 10 1 2741 5827 2744
6093 2 2 10 1 4203 5685 4205
6094 2 2 10 1 1409 5751 1414
6095 2 2 10 1 4193 5687 4195
6096 2 2 10 1 847 1265 849
6097 2 2 10 1 3979 3980 3977
6098 2 2 10 1 3252 5346 5345
6099 2 2 10 1 4515 5223 4516
6100 2 2 10 1 1788 1790 1789
6101 2 2 10 1 2527 2792 2529
6102 2 2 10 1 5350 5352 5351
6103 2 2 10 1 5452 5454 5453
6104 2 2 10 1 4131 5772 4129
6105 2 2 10 1 3406 6077 4403
6106 2 2 10 1 2175 2176 1418
6107 2 2 10 1 3266 6017 3197
6108 2 2 10 1 2594 3002 2320
6109 2 2 10 1 935 5690 956
6110 2 2 10 1 2968 6040 4821
6111 2 2 10 1 5827 5828 3775
6112 2 2 10 1 2884 5754 2497
6113 2 2 10 1 3080 5794 3077
6114 2 2 10 1 3796 4126 4125
6115 2 2 10 1 6108 6109 2014
6116 2 2 10 1 2523 2801 2525
6117 2 2 10 1 1808 1809 1807
6118 2 2 10 1 1141 1143 1142
6119 2 2 10 1 3199 6017 3202
6120 2 2 10 1 5382 5389 5384
6121 2 2 10 1 2264 6021 2265
6122 2 2 10 1 7420 7473 6274
6123 2 2 10 1 1414 1448 1410
6124 2 2 10 1 5917 6099 5915
6125 2 2 10 1 1096 1097 1080
6126 2 2 10 1 2040 2042 2041
6127 2 2 10 1 2821 6006 4386
6128 2 2 10 1 5395 5398 5397
6129 2 2 10 1 3639 6741 4727
6130 2 2 10 1 2147 6491 2144
6131 2 2 10 1 2796 4020 2951
6132 2 2 10 1 5338 5817 5337
6133 2 2 10 1 5414 5420 5416
6134 2 2 10 1 719 6100 2013
6135 2 2 10 1 3129 3131 3130
6136 2 2 10 1 5399 5405 5400
6137 2 2 10 1 2042 2221 2220
6138 2 2 10 1 2519 2813 2521
6139 2 2 10 1 5443 5445 5444
6140 2 2 10 1 2132 2133 2131
6141 2 2 10 1 3976 3977 3975
6142 2 2 10 1 5351 5353 5349
6143 2 2 10 1 3454 3456 3455
6144 2 2 10 1 4851 7273 4850
6145 2 2 10 1 3924 5139 5138
6146 2 2 10 1 4374 4513 4375
6147 2 2 10 1 2951 3890 2797
6148 2 2 10 1 5202 6131 3916
6149 2 2 10 1 5541 5543 5542
6150 2 2 10 1 2092 2344 2094
6151 2 2 10 1 5453 5455 5451
6152 2 2 10 1 2515 2824 2517
6153 2 2 10 1 2034 6051 6050
6154 2 2 10 1 5384 5385 5383
6155 2 2 10 1 662 663 661
6156 2 2 10 1 335 5604 334
6157 2 2 10 1 1499 1565 1563
6158 2 2 10 1 3984 4478 4477
6159 2 2 10 1 1727 2157 2156
6160 2 2 10 1 2476 5773 3442
6161 2 2 10 1 5641 5643 5642
6162 2 2 10 1 1272 1299 1273
6163 2 2 10 1 2935 5766 2489
6164 2 2 10 1 3442 5249 5248
6165 2 2 10 1 2221 2482 2480
6166 2 2 10 1 2156 3923 1726
6167 2 2 10 1 2229 2292 2193
6168 2 2 10 1 1563 1564 1500
6169 2 2 10 1 5274 6983 4434
6170 2 2 10 1 1294 1363 1360
6171 2 2 10 1 5548 5581 3319
6172 2 2 10 1 2725 2726 2437
6173 2 2 10 1 1411 5578 5577
6174 2 2 10 1 4412 4750 4414
6175 2 2 10 1 4535 4536 2846
6176 2 2 10 1 5416 5417 5415
6177 2 2 10 1 2511 2845 2513
6178 2 2 10 1 3000 4793 4121
6179 2 2 10 1 1565 1727 1726
6180 2 2 10 1 4643 7742 2266
6181 2 2 10 1 2972 5782 2485
6182 2 2 10 1 983 6183 6182
6183 2 2 10 1 2487 5782 2935
6184 2 2 10 1 3455 3457 3323
6185 2 2 10 1 1554 5379 2304
6186 2 2 10 1 5351 5585 5354
6187 2 2 10 1 5248 5689 3450
6188 2 2 10 1 1592 1732 1591
6189 2 2 10 1 1707 1709 1708
6190 2 2 10 1 3001 3914 2800
6191 2 2 10 1 5124 5229 5121
6192 2 2 10 1 1647 5380 2217
6193 2 2 10 1 3654 3829 2823
6194 2 2 10 1 2436 2437 2292
6195 2 2 10 1 1466 5751 1409
6196 2 2 10 1 1241 1243 1242
6197 2 2 10 1 1372 1427 1378
6198 2 2 10 1 2507 2854 2509
6199 2 2 10 1 2725 3918 2846
6200 2 2 10 1 4431 5678 4262
6201 2 2 10 1 2229 2443 2436
6202 2 2 10 1 3065 5381 3320
6203 2 2 10 1 4310 5679 4296
6204 2 2 10 1 3106 5394 3293
6205 2 2 10 1 3082 5348 3296
6206 2 2 10 1 1613 5412 1989
6207 2 2 10 1 5139 5142 5140
6208 2 2 10 1 1558 5393 2307
6209 2 2 10 1 3579 5638 5636
6210 2 2 10 1 1113 1114 1086
6211 2 2 10 1 3035 5413 3310
6212 2 2 10 1 2729 3009 3008
6213 2 2 10 1 1499 1500 1416
6214 2 2 10 1 3458 3865 3864
6215 2 2 10 1 1148 1150 1149
6216 2 2 10 1 3583 5411 4317
6217 2 2 10 1 3442 3450 2477
6218 2 2 10 1 2954 2956 2955
6219 2 2 10 1 5342 5343 5341
6220 2 2 10 1 3874 4210 3919
6221 2 2 10 1 1728 1865 1729
6222 2 2 10 1 2888 5079 5078
6223 2 2 10 1 3019 3458 3338
6224 2 2 10 1 3924 5137 3923
6225 2 2 10 1 2503 2859 2505
6226 2 2 10 1 5360 5362 5361
6227 2 2 10 1 3102 5649 5648
6228 2 2 10 1 3889 4097 3457
6229 2 2 10 1 2797 5956 2353
6230 2 2 10 1 4386 5231 4387
6231 2 2 10 1 1885 1886 1884
6232 2 2 10 1 1609 5633 5632
6233 2 2 10 1 1094 1267 1098
6234 2 2 10 1 3573 5439 4132
6235 2 2 10 1 3864 3866 3338
6236 2 2 10 1 1692 1703 1702
6237 2 2 10 1 1568 5440 2192
6238 2 2 10 1 5414 5415 3310
6239 2 2 10 1 3719 4374 3720
6240 2 2 10 1 3114 5441 3309
6241 2 2 10 1 1733 1981 1732
6242 2 2 10 1 3126 5450 3315
6243 2 2 10 1 2796 2797 2353
6244 2 2 10 1 5395 5396 3293
6245 2 2 10 1 893 5562 1106
6246 2 2 10 1 2344 2478 2476
6247 2 2 10 1 5398 5401 5399
6248 2 2 10 1 1409 1414 1410
6249 2 2 10 1 3015 5569 3336
6250 2 2 10 1 1299 1411 1408
6251 2 2 10 1 4055 4056 4045
6252 2 2 10 1 2499 2867 2501
6253 2 2 10 1 897 5660 5659
6254 2 2 10 1 3045 5539 3314
6255 2 2 10 1 3008 5335 2093
6256 2 2 10 1 2228 2389 2227
6257 2 2 10 1 5140 5141 5138
6258 2 2 10 1 917 5557 1976
6259 2 2 10 1 2851 5612 4055
6260 2 2 10 1 734 6108 2014
6261 2 2 10 1 2594 6027 3003
6262 2 2 10 1 925 5658 5657
6263 2 2 10 1 5382 5383 3320
6264 2 2 10 1 1538 5334 2271
6265 2 2 10 1 1510 2448 1509
6266 2 2 10 1 907 5561 1109
6267 2 2 10 1 4453 5677 4256
6268 2 2 10 1 889 5560 1979
6269 2 2 10 1 2165 2354 2353
6270 2 2 10 1 5421 5598 5416
6271 2 2 10 1 3122 5550 3313
6272 2 2 10 1 5399 5400 5397
6273 2 2 10 1 903 5559 1974
6274 2 2 10 1 921 5558 1099
6275 2 2 10 1 3076 3454 3323
6276 2 2 10 1 2405 2669 2653
6277 2 2 10 1 1865 2264 1866
6278 2 2 10 1 2495 2884 2497
6279 2 2 10 1 3025 5547 3319
6280 2 2 10 1 1267 1277 1268
6281 2 2 10 1 4677 5826 3670
6282 2 2 10 1 2476 2477 2345
6283 2 2 10 1 6683 6733 2424
6284 2 2 10 1 1277 1294 1278
6285 2 2 10 1 4478 4523 4522
6286 2 2 10 1 5435 5437 5436
6287 2 2 10 1 1990 2193 1747
6288 2 2 10 1 5354 5355 5353
6289 2 2 10 1 5424 5425 5423
6290 2 2 10 1 1408 1409 1300
6291 2 2 10 1 2356 2722 2601
6292 2 2 10 1 2173 5302 1619
6293 2 2 10 1 2491 2915 2493
6294 2 2 10 1 2312 2405 2333
6295 2 2 10 1 781 6269 2060
6296 2 2 10 1 1975 5662 867
6297 2 2 10 1 1102 5690 935
6298 2 2 10 1 1028 1029 1027
6299 2 2 10 1 3285 5653 3098
6300 2 2 10 1 3003 4775 3004
6301 2 2 10 1 3569 4111 3567
6302 2 2 10 1 2487 2935 2489
6303 2 2 10 1 4357 5676 4286
6304 2 2 10 1 4665 4667 4666
6305 2 2 10 1 1753 6509 2210
6306 2 2 10 1 1415 1416 1397
6307 2 2 10 1 3039 6259 3322
6308 2 2 10 1 4387 5614 2820
6309 2 2 10 1 1940 1941 1939
6310 2 2 10 1 4482 5687 4193
6311 2 2 10 1 2988 2990 2989
6312 2 2 10 1 4732 6739 4729
6313 2 2 10 1 4370 5685 4203
6314 2 2 10 1 987 5953 5952
6315 2 2 10 1 6641 6756 1949
6316 2 2 10 1 1405 1425 1424
6317 2 2 10 1 2483 2972 2485
6318 2 2 10 1 5383 5973 3320
6319 2 2 10 1 2168 2227 2167
6320 2 2 10 1 2996 5127 2998
6321 2 2 10 1 1751 5630 1605
6322 2 2 10 1 4642 5686 4187
6323 2 2 10 1 4380 5654 4276
6324 2 2 10 1 5415 5974 3310
6325 2 2 10 1 864 6025 2038
6326 2 2 10 1 1437 1439 1438
6327 2 2 10 1 3185 6054 3238
6328 2 2 10 1 1825 5037 967
6329 2 2 10 1 3569 5285 4111
6330 2 2 10 1 2271 5744 1536
6331 2 2 10 1 1588 5617 2719
6332 2 2 10 1 2301 2425 2300
6333 2 2 10 1 4450 5772 4131
6334 2 2 10 1 3202 6017 3459
6335 2 2 10 1 3130 3316 3128
6336 2 2 10 1 1272 1273 1097
6337 2 2 10 1 641 2567 643
6338 2 2 10 1 2231 6118 2230
6339 2 2 10 1 4507 4508 2861
6340 2 2 10 1 4079 5570 4078
6341 2 2 10 1 5374 5377 5371
6342 2 2 10 1 3916 5956 2797
6343 2 2 10 1 5109 6263 5078
6344 2 2 10 1 3088 5829 3086
6345 2 2 10 1 3457 5977 3323
6346 2 2 10 1 4914 4923 4915
6347 2 2 10 1 3120 5830 3118
6348 2 2 10 1 5063 5064 5062
6349 2 2 10 1 3051 5831 3049
6350 2 2 10 1 1168 1169 1166
6351 2 2 10 1 3317 5777 3132
6352 2 2 10 1 2945 4730 4729
6353 2 2 10 1 3464 3467 3466
6354 2 2 10 1 1096 1272 1097
6355 2 2 10 1 1273 3453 1097
6356 2 2 10 1 1852 1853 1851
6357 2 2 10 1 3179 6065 3240
6358 2 2 10 1 2594 3003 3002
6359 2 2 10 1 5390 6155 5386
6360 2 2 10 1 2719 2954 2953
6361 2 2 10 1 1439 1441 1440
6362 2 2 10 1 5241 6382 3475
6363 2 2 10 1 2948 2949 2646
6364 2 2 10 1 2344 2345 2094
6365 2 2 10 1 5422 6157 5418
6366 2 2 10 1 2356 2601 2354
6367 2 2 10 1 3825 7189 7110
6368 2 2 10 1 2010 2314 2301
6369 2 2 10 1 2157 5993 2156
6370 2 2 10 1 1856 1858 1857
6371 2 2 10 1 2035 6071 6070
6372 2 2 10 1 1563 5995 1564
6373 2 2 10 1 3129 3277 3131
6374 2 2 10 1 1301 5688 1303
6375 2 2 10 1 1511 1512 1428
6376 2 2 10 1 5713 5715 5714
6377 2 2 10 1 2787 2789 2397
6378 2 2 10 1 2396 2788 2787
6379 2 2 10 1 5844 5996 5727
6380 2 2 10 1 689 5586 687
6381 2 2 10 1 3450 5689 3452
6382 2 2 10 1 5418 5974 5415
6383 2 2 10 1 5845 5998 5730
6384 2 2 10 1 5386 5973 5383
6385 2 2 10 1 2744 3775 2889
6386 2 2 10 1 3333 6061 4061
6387 2 2 10 1 1299 1300 1273
6388 2 2 10 1 5395 5978 5398
6389 2 2 10 1 2451 3806 2922
6390 2 2 10 1 3924 5993 5139
6391 2 2 10 1 5846 6000 5733
6392 2 2 10 1 3173 6075 3244
6393 2 2 10 1 4144 6126 4145
6394 2 2 10 1 36 5233 521
6395 2 2 10 1 3092 5862 3090
6396 2 2 10 1 3132 5777 3130
6397 2 2 10 1 4946 4948 4944
6398 2 2 10 1 3233 3242 3241
6399 2 2 10 1 6023 6024 989
6400 2 2 10 1 2842 2940 2288
6401 2 2 10 1 3923 5995 1726
6402 2 2 10 1 2560 2731 2671
6403 2 2 10 1 4821 6040 4824
6404 2 2 10 1 4098 5977 3457
6405 2 2 10 1 1467 2040 1532
6406 2 2 10 1 5158 7469 532
6407 2 2 10 1 4149 6129 4235
6408 2 2 10 1 1695 1707 1696
6409 2 2 10 1 2347 2463 1871
6410 2 2 10 1 4217 4218 4216
6411 2 2 10 1 4480 5779 3431
6412 2 2 10 1 3296 5794 3080
6413 2 2 10 1 2744 5827 3775
6414 2 2 10 1 1049 1051 1050
6415 2 2 10 1 3264 5620 5619
6416 2 2 10 1 5398 5978 5402
6417 2 2 10 1 5212 6175 4098
6418 2 2 10 1 6145 6146 2020
6419 2 2 10 1 1363 5761 1360
6420 2 2 10 1 2600 5155 5154
6421 2 2 10 1 37 5233 36
6422 2 2 10 1 4153 6132 4382
6423 2 2 10 1 1790 1792 1791
6424 2 2 10 1 3346 3347 3345
6425 2 2 10 1 3167 6098 3249
6426 2 2 10 1 3067 6723 5668
6427 2 2 10 1 2576 2577 2448
6428 2 2 10 1 4940 6816 485
6429 2 2 10 1 4884 4885 4882
6430 2 2 10 1 2265 2312 2311
6431 2 2 10 1 6152 6153 942
6432 2 2 10 1 2102 2231 2230
6433 2 2 10 1 5139 5993 5266
6434 2 2 10 1 6394 6870 3007
6435 2 2 10 1 1741 1980 1700
6436 2 2 10 1 7823 7826 6293
6437 2 2 10 1 3410 5893 3384
6438 2 2 10 1 1956 1957 1955
6439 2 2 10 1 3057 5903 3055
6440 2 2 10 1 5200 5201 5199
6441 2 2 10 1 1560 5781 1588
6442 2 2 10 1 3776 3815 3814
6443 2 2 10 1 3433 3651 3435
6444 2 2 10 1 3238 6054 5307
6445 2 2 10 1 5267 5995 3923
6446 2 2 10 1 1925 1927 1926
6447 2 2 10 1 1219 1220 1218
6448 2 2 10 1 5796 6130 5148
6449 2 2 10 1 2730 5623 5622
6450 2 2 10 1 3161 6102 3250
6451 2 2 10 1 4496 7878 4385
6452 2 2 10 1 3863 5070 4537
6453 2 2 10 1 1709 1711 1710
6454 2 2 10 1 4935 4937 4933
6455 2 2 10 1 2839 4434 4432
6456 2 2 10 1 1030 1031 1029
6457 2 2 10 1 2092 2094 1982
6458 2 2 10 1 1842 5880 1844
6459 2 2 10 1 2408 5918 2778
6460 2 2 10 1 730 5586 689
6461 2 2 10 1 1812 1813 1811
6462 2 2 10 1 1986 5819 695
6463 2 2 10 1 974 1096 1080
6464 2 2 10 1 790 6145 2020
6465 2 2 10 1 402 575 401
6466 2 2 10 1 3452 4665 3451
6467 2 2 10 1 2790 5876 5875
6468 2 2 10 1 2807 4222 4221
6469 2 2 10 1 3384 5893 3380
6470 2 2 10 1 2951 5863 4122
6471 2 2 10 1 3155 6105 3251
6472 2 2 10 1 4838 5160 2349
6473 2 2 10 1 4088 7340 6510
6474 2 2 10 1 6166 6167 2018
6475 2 2 10 1 796 6152 942
6476 2 2 10 1 3003 6027 4776
6477 2 2 10 1 5458 5460 5459
6478 2 2 10 1 2735 5886 5885
6479 2 2 10 1 2485 5782 2487
6480 2 2 10 1 3240 6065 5316
6481 2 2 10 1 1164 6001 1283
6482 2 2 10 1 2234 6381 6118
6483 2 2 10 1 802 6156 2022
6484 2 2 10 1 4852 4855 4854
6485 2 2 10 1 3130 5777 3316
6486 2 2 10 1 2792 5682 5680
6487 2 2 10 1 1465 5798 1312
6488 2 2 10 1 3815 3817 3816
6489 2 2 10 1 2709 5899 5898
6490 2 2 10 1 479 3005 635
6491 2 2 10 1 1327 3464 1355
6492 2 2 10 1 2555 2557 2556
6493 2 2 10 1 807 6158 955
6494 2 2 10 1 3817 3997 3996
6495 2 2 10 1 2163 5956 2161
6496 2 2 10 1 5126 7645 1087
6497 2 2 10 1 6161 6243 5752
6498 2 2 10 1 4635 4636 4633
6499 2 2 10 1 812 6163 2023
6500 2 2 10 1 645 648 647
6501 2 2 10 1 2024 6111 1323
6502 2 2 10 1 4667 5082 5081
6503 2 2 10 1 2345 2417 2094
6504 2 2 10 1 1303 1748 1305
6505 2 2 10 1 940 5972 1078
6506 2 2 10 1 3063 5973 3061
6507 2 2 10 1 3033 5974 3031
6508 2 2 10 1 1331 6166 2018
6509 2 2 10 1 1560 1588 1512
6510 2 2 10 1 2686 5907 5906
6511 2 2 10 1 1952 6085 1945
6512 2 2 10 1 5657 5979 1095
6513 2 2 10 1 1143 1145 1144
6514 2 2 10 1 3074 5977 3072
6515 2 2 10 1 1307 5745 1309
6516 2 2 10 1 6022 6023 989
6517 2 2 10 1 3244 6075 5319
6518 2 2 10 1 3430 4480 3431
6519 2 2 10 1 753 765 754
6520 2 2 10 1 1309 1443 1311
6521 2 2 10 1 4374 4375 3720
6522 2 2 10 1 2776 6123 2533
6523 2 2 10 1 1078 5864 934
6524 2 2 10 1 3651 4518 4372
6525 2 2 10 1 2873 2874 2577
6526 2 2 10 1 819 6174 963
6527 2 2 10 1 730 5587 5586
6528 2 2 10 1 2583 3841 2822
6529 2 2 10 1 2822 2974 2368
6530 2 2 10 1 2927 4777 2925
6531 2 2 10 1 2813 5695 5693
6532 2 2 10 1 3410 5894 5893
6533 2 2 10 1 932 5864 2028
6534 2 2 10 1 2535 6123 2730
6535 2 2 10 1 3565 5966 4083
6536 2 2 10 1 2668 5915 5914
6537 2 2 10 1 824 6177 2025
6538 2 2 10 1 1982 5595 1981
6539 2 2 10 1 1287 1418 1119
6540 2 2 10 1 626 6908 4892
6541 2 2 10 1 2177 2357 2176
6542 2 2 10 1 4117 6151 4515
6543 2 2 10 1 3096 6009 3094
6544 2 2 10 1 866 6025 864
6545 2 2 10 1 2701 3430 2703
6546 2 2 10 1 5449 6005 5445
6547 2 2 10 1 1096 2446 1272
6548 2 2 10 1 1887 1888 1886
6549 2 2 10 1 3249 6098 5324
6550 2 2 10 1 974 985 962
6551 2 2 10 1 1459 5994 1734
6552 2 2 10 1 1385 1386 1382
6553 2 2 10 1 3531 6186 3679
6554 2 2 10 1 2648 5921 5920
6555 2 2 10 1 3897 6159 5822
6556 2 2 10 1 2801 6124 2525
6557 2 2 10 1 1903 1905 1904
6558 2 2 10 1 5615 5821 5614
6559 2 2 10 1 2845 5739 5737
6560 2 2 10 1 3535 6187 3782
6561 2 2 10 1 3331 6068 3302
6562 2 2 10 1 1294 1360 1278
6563 2 2 10 1 1810 1811 1809
6564 2 2 10 1 2527 6124 2792
6565 2 2 10 1 844 6164 2027
6566 2 2 10 1 3539 6188 3764
6567 2 2 10 1 4833 4834 4831
6568 2 2 10 1 984 6115 6114
6569 2 2 10 1 1130 5177 1128
6570 2 2 10 1 3450 3452 3451
6571 2 2 10 1 5927 5930 5929
6572 2 2 10 1 3129 3130 3128
6573 2 2 10 1 2599 2608 2607
6574 2 2 10 1 2607 5601 2598
6575 2 2 10 1 3250 6102 5327
6576 2 2 10 1 1003 5881 924
6577 2 2 10 1 3545 6192 3877
6578 2 2 10 1 1398 6473 2572
6579 2 2 10 1 3200 3324 3273
6580 2 2 10 1 2824 6127 2517
6581 2 2 10 1 5865 5866 555
6582 2 2 10 1 922 5881 2033
6583 2 2 10 1 664 665 663
6584 2 2 10 1 1145 5347 1144
6585 2 2 10 1 2957 4371 2959
6586 2 2 10 1 3549 6193 3906
6587 2 2 10 1 2859 5748 5746
6588 2 2 10 1 1106 6484 5661
6589 2 2 10 1 2681 6026 2680
6590 2 2 10 1 4004 6860 5106
6591 2 2 10 1 1409 1410 1300
6592 2 2 10 1 1814 1815 1813
6593 2 2 10 1 3748 6834 4447
6594 2 2 10 1 2519 6127 2813
6595 2 2 10 1 1095 6313 929
6596 2 2 10 1 3553 6194 3988
6597 2 2 10 1 5859 6927 999
6598 2 2 10 1 1983 2093 2092
6599 2 2 10 1 3674 4971 3434
6600 2 2 10 1 1112 6121 6120
6601 2 2 10 1 4390 5857 2949
6602 2 2 10 1 2033 6034 920
6603 2 2 10 1 3557 6195 4029
6604 2 2 10 1 1217 1218 1216
6605 2 2 10 1 3251 6105 5331
6606 2 2 10 1 3652 6196 5074
6607 2 2 10 1 1387 6197 1586
6608 2 2 10 1 2134 2135 2133
6609 2 2 10 1 3446 4427 4426
6610 2 2 10 1 4727 6834 3746
6611 2 2 10 1 2457 6150 2031
6612 2 2 10 1 1507 1592 1591
6613 2 2 10 1 2854 6134 2509
6614 2 2 10 1 2393 3001 2800
6615 2 2 10 1 3561 6198 4064
6616 2 2 10 1 2722 3894 3794
6617 2 2 10 1 475 5792 5791
6618 2 2 10 1 1981 5595 3444
6619 2 2 10 1 2849 5149 4211
6620 2 2 10 1 2389 3654 2823
6621 2 2 10 1 4801 4804 4803
6622 2 2 10 1 3086 5829 3304
6623 2 2 10 1 2884 5756 5754
6624 2 2 10 1 3874 3919 2605
6625 2 2 10 1 1728 1729 1544
6626 2 2 10 1 2888 5078 2573
6627 2 2 10 1 1026 1027 1025
6628 2 2 10 1 3248 6003 3261
6629 2 2 10 1 1406 6201 1672
6630 2 2 10 1 3901 4524 2669
6631 2 2 10 1 4428 5022 3447
6632 2 2 10 1 960 961 959
6633 2 2 10 1 3445 5148 2297
6634 2 2 10 1 2511 6134 2845
6635 2 2 10 1 2484 5874 2795
6636 2 2 10 1 3925 6110 2083
6637 2 2 10 1 1094 1098 985
6638 2 2 10 1 3942 3944 3943
6639 2 2 10 1 3118 5830 3311
6640 2 2 10 1 2552 5271 2549
6641 2 2 10 1 1429 6204 1698
6642 2 2 10 1 2549 5271 2551
6643 2 2 10 1 2867 6139 2501
6644 2 2 10 1 916 6035 1001
6645 2 2 10 1 3324 3326 3325
6646 2 2 10 1 3049 5831 3327
6647 2 2 10 1 5968 6113 2417
6648 2 2 10 1 3719 3720 2601
6649 2 2 10 1 2165 2356 2354
6650 2 2 10 1 5582 7050 5583
6651 2 2 10 1 2935 5768 5766
6652 2 2 10 1 3364 5958 3362
6653 2 2 10 1 5128 6997 5131
6654 2 2 10 1 1009 1011 1010
6655 2 2 10 1 2453 6033 1098
6656 2 2 10 1 1497 6466 1495
6657 2 2 10 1 2488 5879 2790
6658 2 2 10 1 2503 6139 2859
6659 2 2 10 1 1448 5818 1987
6660 2 2 10 1 554 5789 5788
6661 2 2 10 1 1473 6205 1706
6662 2 2 10 1 475 5791 55
6663 2 2 10 1 2928 2930 2929
6664 2 2 10 1 1001 5912 914
6665 2 2 10 1 2915 6143 2493
6666 2 2 10 1 1477 6208 2030
6667 2 2 10 1 1465 5799 5798
6668 2 2 10 1 1051 1053 1052
6669 2 2 10 1 5431 5432 5430
6670 2 2 10 1 5456 5457 5454
6671 2 2 10 1 2877 2881 2878
6672 2 2 10 1 5445 6005 5446
6673 2 2 10 1 4577 5871 4574
6674 2 2 10 1 1481 6209 1717
6675 2 2 10 1 1909 1911 1910
6676 2 2 10 1 5363 5364 5362
6677 2 2 10 1 4741 7259 601
6678 2 2 10 1 912 5912 2034
6679 2 2 10 1 2492 5884 2775
6680 2 2 10 1 1983 2092 1982
6681 2 2 10 1 5359 5360 5352
6682 2 2 10 1 1592 1733 1732
6683 2 2 10 1 3001 5795 3914
6684 2 2 10 1 5926 5927 2606
6685 2 2 10 1 4169 6353 4159
6686 2 2 10 1 1448 1987 1410
6687 2 2 10 1 1733 1982 1981
6688 2 2 10 1 3897 5822 3899
6689 2 2 10 1 3010 3011 3009
6690 2 2 10 1 2416 6423 3934
6691 2 2 10 1 5458 5459 5457
6692 2 2 10 1 2495 6143 2884
6693 2 2 10 1 554 5788 58
6694 2 2 10 1 2255 2256 2254
6695 2 2 10 1 5448 5449 5445
6696 2 2 10 1 1865 1866 1729
6697 2 2 10 1 2168 2228 2227
6698 2 2 10 1 1267 1268 1098
6699 2 2 10 1 2158 2159 2157
6700 2 2 10 1 3258 6515 6454
6701 2 2 10 1 4320 4321 4319
6702 2 2 10 1 4056 4058 4057
6703 2 2 10 1 2034 6050 910
6704 2 2 10 1 5372 5374 5371
6705 2 2 10 1 2264 2265 1866
6706 2 2 10 1 2405 2653 2333
6707 2 2 10 1 1277 1278 1268
6708 2 2 10 1 4322 4323 4321
6709 2 2 10 1 3890 3917 3916
6710 2 2 10 1 5402 5403 5401
6711 2 2 10 1 5545 5546 5543
6712 2 2 10 1 2496 5890 2735
6713 2 2 10 1 1564 1747 1669
6714 2 2 10 1 4318 4319 4243
6715 2 2 10 1 7632 7801 4763
6716 2 2 10 1 1703 1753 1752
6717 2 2 10 1 5370 5371 5369
6718 2 2 10 1 4324 4325 4323
6719 2 2 10 1 1658 1659 1657
6720 2 2 10 1 1461 5994 1459
6721 2 2 10 1 1300 5825 1273
6722 2 2 10 1 1632 1633 1631
6723 2 2 10 1 3637 3639 3638
6724 2 2 10 1 1606 1607 1605
6725 2 2 10 1 5367 5369 5366
6726 2 2 10 1 5365 5366 5364
6727 2 2 10 1 1630 1631 1629
6728 2 2 10 1 1656 1657 1655
6729 2 2 10 1 2726 2851 2850
6730 2 2 10 1 477 5787 5786
6731 2 2 10 1 1583 1584 1582
6732 2 2 10 1 1521 6211 2021
6733 2 2 10 1 2165 6119 2356
6734 2 2 10 1 5791 5865 54
6735 2 2 10 1 1654 1655 1653
6736 2 2 10 1 1608 1609 1607
6737 2 2 10 1 1628 1629 1627
6738 2 2 10 1 1634 1635 1633
6739 2 2 10 1 5385 5387 5386
6740 2 2 10 1 1652 1653 1651
6741 2 2 10 1 1626 1627 1625
6742 2 2 10 1 4346 4347 4345
6743 2 2 10 1 4326 4327 4325
6744 2 2 10 1 4667 5081 4666
6745 2 2 10 1 1585 1595 1584
6746 2 2 10 1 1581 1582 1580
6747 2 2 10 1 2439 6477 5940
6748 2 2 10 1 1624 1625 1623
6749 2 2 10 1 1650 1651 1649
6750 2 2 10 1 987 5952 886
6751 2 2 10 1 6556 6649 2428
6752 2 2 10 1 1569 1580 1568
6753 2 2 10 1 1610 1611 1609
6754 2 2 10 1 1622 1623 1621
6755 2 2 10 1 1648 1649 1647
6756 2 2 10 1 1636 1637 1635
6757 2 2 10 1 4344 4345 4343
6758 2 2 10 1 1567 1568 1566
6759 2 2 10 1 5434 5435 5432
6760 2 2 10 1 1620 1621 1619
6761 2 2 10 1 1646 1647 1645
6762 2 2 10 1 1596 1597 1595
6763 2 2 10 1 1559 1566 1558
6764 2 2 10 1 4361 4476 4360
6765 2 2 10 1 2164 2165 2163
6766 2 2 10 1 4329 4330 4327
6767 2 2 10 1 1612 1613 1611
6768 2 2 10 1 1557 1558 1556
6769 2 2 10 1 4342 4343 4340
6770 2 2 10 1 1638 1639 1637
6771 2 2 10 1 5714 6257 2831
6772 2 2 10 1 1618 1619 1617
6773 2 2 10 1 1528 6212 2174
6774 2 2 10 1 1644 1645 1643
6775 2 2 10 1 1555 1556 1554
6776 2 2 10 1 1598 1599 1597
6777 2 2 10 1 2730 6123 5624
6778 2 2 10 1 5417 5419 5418
6779 2 2 10 1 3586 4644 3585
6780 2 2 10 1 2957 5892 4371
6781 2 2 10 1 1614 1615 1613
6782 2 2 10 1 3584 3585 3583
6783 2 2 10 1 1604 1605 1603
6784 2 2 10 1 1546 1547 1545
6785 2 2 10 1 2821 4386 2820
6786 2 2 10 1 3121 3122 3120
6787 2 2 10 1 1640 1641 1639
6788 2 2 10 1 3582 3583 3581
6789 2 2 10 1 3095 3096 3094
6790 2 2 10 1 3348 3349 3347
6791 2 2 10 1 4339 4340 4338
6792 2 2 10 1 4097 4367 4098
6793 2 2 10 1 3574 3575 3573
6794 2 2 10 1 4242 4243 4241
6795 2 2 10 1 4331 4332 4330
6796 2 2 10 1 1553 1554 1552
6797 2 2 10 1 3123 3124 3122
6798 2 2 10 1 3093 3094 3092
6799 2 2 10 1 3572 3573 3571
6800 2 2 10 1 3052 3053 3051
6801 2 2 10 1 1548 1550 1547
6802 2 2 10 1 3580 3581 3579
6803 2 2 10 1 3119 3120 3118
6804 2 2 10 1 1616 1617 1615
6805 2 2 10 1 2892 4082 2893
6806 2 2 10 1 2893 2894 2681
6807 2 2 10 1 2406 6422 731
6808 2 2 10 1 3091 3092 3090
6809 2 2 10 1 3097 3098 3096
6810 2 2 10 1 1642 1643 1641
6811 2 2 10 1 3117 3118 3116
6812 2 2 10 1 3576 3577 3575
6813 2 2 10 1 3089 3090 3088
6814 2 2 10 1 3050 3051 3049
6815 2 2 10 1 477 5786 61
6816 2 2 10 1 3115 3116 3114
6817 2 2 10 1 3125 3126 3124
6818 2 2 10 1 3054 3055 3053
6819 2 2 10 1 3026 3027 3025
6820 2 2 10 1 3087 3088 3086
6821 2 2 10 1 1551 1552 1550
6822 2 2 10 1 3048 3049 3047
6823 2 2 10 1 3113 3114 3112
6824 2 2 10 1 3012 3013 3011
6825 2 2 10 1 3578 3579 3577
6826 2 2 10 1 3085 3086 3084
6827 2 2 10 1 3099 3100 3098
6828 2 2 10 1 3075 3076 3074
6829 2 2 10 1 4333 4334 4332
6830 2 2 10 1 3046 3047 3045
6831 2 2 10 1 3111 3112 3110
6832 2 2 10 1 3073 3074 3072
6833 2 2 10 1 3028 3029 3027
6834 2 2 10 1 3044 3045 3043
6835 2 2 10 1 3083 3084 3082
6836 2 2 10 1 3127 3128 3126
6837 2 2 10 1 3109 3110 3108
6838 2 2 10 1 3056 3057 3055
6839 2 2 10 1 1539 1545 1538
6840 2 2 10 1 2700 6117 2578
6841 2 2 10 1 4337 4338 4336
6842 2 2 10 1 3071 3072 3070
6843 2 2 10 1 3042 3043 3041
6844 2 2 10 1 1098 6033 985
6845 2 2 10 1 3372 5983 3370
6846 2 2 10 1 3101 3102 3100
6847 2 2 10 1 5407 5408 5406
6848 2 2 10 1 3069 3070 3068
6849 2 2 10 1 3040 3041 3039
6850 2 2 10 1 3030 3031 3029
6851 2 2 10 1 2728 2729 2093
6852 2 2 10 1 3014 3015 3013
6853 2 2 10 1 3107 3108 3106
6854 2 2 10 1 3058 3059 3057
6855 2 2 10 1 4335 4336 4334
6856 2 2 10 1 5404 5406 5403
6857 2 2 10 1 3024 3025 3023
6858 2 2 10 1 2500 5897 2720
6859 2 2 10 1 3066 3068 3065
6860 2 2 10 1 3499 6060 3286
6861 2 2 10 1 3038 3039 3037
6862 2 2 10 1 3103 3104 3102
6863 2 2 10 1 336 524 335
6864 2 2 10 1 956 974 962
6865 2 2 10 1 4246 4248 4247
6866 2 2 10 1 4280 4282 4281
6867 2 2 10 1 3032 3033 3031
6868 2 2 10 1 4282 4284 4283
6869 2 2 10 1 4058 4246 4245
6870 2 2 10 1 3060 3061 3059
6871 2 2 10 1 4248 4250 4249
6872 2 2 10 1 3016 3017 3015
6873 2 2 10 1 3105 3106 3104
6874 2 2 10 1 2967 4110 2966
6875 2 2 10 1 6554 6677 6503
6876 2 2 10 1 3064 3065 3063
6877 2 2 10 1 4278 4280 4279
6878 2 2 10 1 3036 3037 3035
6879 2 2 10 1 3034 3035 3033
6880 2 2 10 1 4972 5172 4971
6881 2 2 10 1 3424 5962 3368
6882 2 2 10 1 3062 3063 3061
6883 2 2 10 1 4284 4286 4285
6884 2 2 10 1 3018 3019 3017
6885 2 2 10 1 4276 4278 4277
6886 2 2 10 1 906 6052 1002
6887 2 2 10 1 4250 4252 4251
6888 2 2 10 1 3081 3082 3080
6889 2 2 10 1 2684 2685 2579
6890 2 2 10 1 2160 2161 2159
6891 2 2 10 1 4110 6040 2966
6892 2 2 10 1 4274 4276 4275
6893 2 2 10 1 1215 1216 1214
6894 2 2 10 1 4272 4274 4273
6895 2 2 10 1 4286 4288 4287
6896 2 2 10 1 4252 4254 4253
6897 2 2 10 1 2312 2333 2311
6898 2 2 10 1 4270 4272 4271
6899 2 2 10 1 1715 1716 1714
6900 2 2 10 1 2162 2163 2161
6901 2 2 10 1 3090 5862 3281
6902 2 2 10 1 4268 4270 4269
6903 2 2 10 1 3917 5203 5202
6904 2 2 10 1 4303 4305 4304
6905 2 2 10 1 1259 1260 1258
6906 2 2 10 1 4288 4290 4289
6907 2 2 10 1 4266 4268 4267
6908 2 2 10 1 4254 4256 4255
6909 2 2 10 1 4300 4303 4301
6910 2 2 10 1 5355 5357 5356
6911 2 2 10 1 2851 4045 4044
6912 2 2 10 1 4264 4266 4265
6913 2 2 10 1 4290 4292 4291
6914 2 2 10 1 4298 4300 4299
6915 2 2 10 1 4256 4258 4257
6916 2 2 10 1 336 5852 524
6917 2 2 10 1 869 871 870
6918 2 2 10 1 887 889 888
6919 2 2 10 1 905 907 906
6920 2 2 10 1 923 925 924
6921 2 2 10 1 3007 6870 6727
6922 2 2 10 1 5387 5391 5390
6923 2 2 10 1 921 923 922
6924 2 2 10 1 903 905 904
6925 2 2 10 1 885 887 886
6926 2 2 10 1 851 853 852
6927 2 2 10 1 867 869 868
6928 2 2 10 1 919 921 920
6929 2 2 10 1 901 903 902
6930 2 2 10 1 865 867 866
6931 2 2 10 1 883 885 884
6932 2 2 10 1 4367 5213 5212
6933 2 2 10 1 917 919 918
6934 2 2 10 1 899 901 900
6935 2 2 10 1 881 883 882
6936 2 2 10 1 863 865 864
6937 2 2 10 1 871 873 872
6938 2 2 10 1 915 917 916
6939 2 2 10 1 853 855 854
6940 2 2 10 1 889 891 890
6941 2 2 10 1 897 899 898
6942 2 2 10 1 879 881 880
6943 2 2 10 1 861 863 862
6944 2 2 10 1 907 909 908
6945 2 2 10 1 925 927 926
6946 2 2 10 1 2680 5228 5227
6947 2 2 10 1 913 915 914
6948 2 2 10 1 895 897 896
6949 2 2 10 1 877 879 878
6950 2 2 10 1 859 861 860
6951 2 2 10 1 3680 3682 3681
6952 2 2 10 1 3820 3822 3821
6953 2 2 10 1 4292 4294 4293
6954 2 2 10 1 927 929 928
6955 2 2 10 1 3736 3737 3646
6956 2 2 10 1 4258 4260 4259
6957 2 2 10 1 855 857 856
6958 2 2 10 1 873 875 874
6959 2 2 10 1 891 893 892
6960 2 2 10 1 909 911 910
6961 2 2 10 1 1701 1870 1869
6962 2 2 10 1 929 931 930
6963 2 2 10 1 4262 4264 4263
6964 2 2 10 1 3818 3820 3819
6965 2 2 10 1 3671 3680 3672
6966 2 2 10 1 4577 5872 5871
6967 2 2 10 1 3682 3722 3683
6968 2 2 10 1 3787 3818 3788
6969 2 2 10 1 3669 3671 3670
6970 2 2 10 1 3822 4087 3823
6971 2 2 10 1 911 913 912
6972 2 2 10 1 893 895 894
6973 2 2 10 1 3785 3787 3786
6974 2 2 10 1 3629 3669 3630
6975 2 2 10 1 875 877 876
6976 2 2 10 1 857 859 858
6977 2 2 10 1 2504 5904 2709
6978 2 2 10 1 3783 3785 3784
6979 2 2 10 1 3627 3629 3628
6980 2 2 10 1 4296 4298 4297
6981 2 2 10 1 5419 5423 5422
6982 2 2 10 1 3773 3783 3774
6983 2 2 10 1 3625 3627 3626
6984 2 2 10 1 931 933 932
6985 2 2 10 1 3722 3724 3723
6986 2 2 10 1 9 563 8
6987 2 2 10 1 4294 4296 4295
6988 2 2 10 1 4665 4666 3451
6989 2 2 10 1 3771 3773 3772
6990 2 2 10 1 4260 4262 4261
6991 2 2 10 1 3600 3625 3601
6992 2 2 10 1 3724 3726 3725
6993 2 2 10 1 3596 3598 3597
6994 2 2 10 1 933 935 934
6995 2 2 10 1 3726 3771 3727
6996 2 2 10 1 3598 3600 3599
6997 2 2 10 1 4375 5256 3720
6998 2 2 10 1 935 956 940
6999 2 2 10 1 3570 3571 3569
7000 2 2 10 1 1115 6076 1086
7001 2 2 10 1 1002 5938 904
7002 2 2 10 1 7 630 6
7003 2 2 10 1 3504 3596 3505
7004 2 2 10 1 2488 2790 2486
7005 2 2 10 1 2484 2795 2482
7006 2 2 10 1 2618 6361 3448
7007 2 2 10 1 3588 3590 3589
7008 2 2 10 1 3832 3834 3833
7009 2 2 10 1 3731 3733 3732
7010 2 2 10 1 3733 3758 3734
7011 2 2 10 1 2916 6216 3930
7012 2 2 10 1 3830 3832 3831
7013 2 2 10 1 3686 3731 3687
7014 2 2 10 1 3812 3830 3813
7015 2 2 10 1 2166 2167 2164
7016 2 2 10 1 3590 3592 3591
7017 2 2 10 1 3684 3686 3685
7018 2 2 10 1 3810 3812 3811
7019 2 2 10 1 3658 3684 3659
7020 2 2 10 1 3808 3810 3809
7021 2 2 10 1 3834 3846 3835
7022 2 2 10 1 3656 3658 3657
7023 2 2 10 1 3791 3808 3792
7024 2 2 10 1 4421 6467 3609
7025 2 2 10 1 3758 3760 3759
7026 2 2 10 1 4209 4459 4316
7027 2 2 10 1 3622 3656 3623
7028 2 2 10 1 4189 4191 4190
7029 2 2 10 1 4187 4189 4188
7030 2 2 10 1 3592 3618 3593
7031 2 2 10 1 3789 3791 3790
7032 2 2 10 1 4207 4209 4208
7033 2 2 10 1 4185 4187 4186
7034 2 2 10 1 3846 4115 3847
7035 2 2 10 1 4205 4207 4206
7036 2 2 10 1 4183 4185 4184
7037 2 2 10 1 4596 4597 4595
7038 2 2 10 1 4594 4600 4596
7039 2 2 10 1 4625 4627 4626
7040 2 2 10 1 849 851 850
7041 2 2 10 1 4203 4205 4204
7042 2 2 10 1 4181 4183 4182
7043 2 2 10 1 3760 3762 3761
7044 2 2 10 1 4201 4203 4202
7045 2 2 10 1 4191 4193 4192
7046 2 2 10 1 4179 4181 4180
7047 2 2 10 1 3620 3622 3621
7048 2 2 10 1 3618 3620 3619
7049 2 2 10 1 4199 4201 4200
7050 2 2 10 1 4177 4179 4178
7051 2 2 10 1 3762 3789 3763
7052 2 2 10 1 4193 4195 4194
7053 2 2 10 1 3512 3602 3513
7054 2 2 10 1 4197 4199 4198
7055 2 2 10 1 2492 2775 2490
7056 2 2 10 1 1732 6130 1591
7057 2 2 10 1 2778 3588 2779
7058 2 2 10 1 1268 5870 2453
7059 2 2 10 1 4175 4177 4176
7060 2 2 10 1 2792 6124 5683
7061 2 2 10 1 4195 4197 4196
7062 2 2 10 1 902 5938 2036
7063 2 2 10 1 4465 4466 4218
7064 2 2 10 1 1198 1200 1199
7065 2 2 10 1 1425 1437 1436
7066 2 2 10 1 1427 1510 1509
7067 2 2 10 1 1670 6520 6460
7068 2 2 10 1 2508 5905 2696
7069 2 2 10 1 2496 2735 2494
7070 2 2 10 1 5819 6213 5588
7071 2 2 10 1 3380 6010 3378
7072 2 2 10 1 4730 4733 4731
7073 2 2 10 1 3910 6218 4025
7074 2 2 10 1 4856 7279 7036
7075 2 2 10 1 4173 4175 4174
7076 2 2 10 1 2500 2720 2498
7077 2 2 10 1 2880 3486 3485
7078 2 2 10 1 1950 1951 1945
7079 2 2 10 1 5588 5589 5587
7080 2 2 10 1 5236 6881 3935
7081 2 2 10 1 4090 6220 4352
7082 2 2 10 1 6118 6381 3842
7083 2 2 10 1 4700 6413 4550
7084 2 2 10 1 2872 6006 2821
7085 2 2 10 1 2145 2146 2144
7086 2 2 10 1 2036 5954 900
7087 2 2 10 1 625 6371 5555
7088 2 2 10 1 2504 2709 2502
7089 2 2 10 1 1792 1794 1793
7090 2 2 10 1 2941 2942 2940
7091 2 2 10 1 47 569 46
7092 2 2 10 1 264 582 263
7093 2 2 10 1 266 491 265
7094 2 2 10 1 267 5701 266
7095 2 2 10 1 269 583 268
7096 2 2 10 1 271 488 270
7097 2 2 10 1 274 584 273
7098 2 2 10 1 276 485 275
7099 2 2 10 1 279 585 278
7100 2 2 10 1 281 483 280
7101 2 2 10 1 284 586 283
7102 2 2 10 1 286 481 285
7103 2 2 10 1 287 5703 286
7104 2 2 10 1 289 545 288
7105 2 2 10 1 290 5704 289
7106 2 2 10 1 2512 5911 2686
7107 2 2 10 1 292 478 291
7108 2 2 10 1 293 5705 292
7109 2 2 10 1 295 546 294
7110 2 2 10 1 296 5706 295
7111 2 2 10 1 298 476 297
7112 2 2 10 1 299 5707 298
7113 2 2 10 1 301 547 300
7114 2 2 10 1 304 473 303
7115 2 2 10 1 305 5716 304
7116 2 2 10 1 307 548 306
7117 2 2 10 1 308 5718 307
7118 2 2 10 1 310 472 309
7119 2 2 10 1 311 5721 310
7120 2 2 10 1 313 549 312
7121 2 2 10 1 314 5724 313
7122 2 2 10 1 316 470 315
7123 2 2 10 1 317 5728 316
7124 2 2 10 1 319 550 318
7125 2 2 10 1 320 5731 319
7126 2 2 10 1 322 474 321
7127 2 2 10 1 323 5734 322
7128 2 2 10 1 3319 5599 3023
7129 2 2 10 1 786 799 792
7130 2 2 10 1 325 587 324
7131 2 2 10 1 327 487 326
7132 2 2 10 1 330 588 329
7133 2 2 10 1 332 517 331
7134 2 2 10 1 2775 5923 5879
7135 2 2 10 1 334 581 333
7136 2 2 10 1 4070 6191 4069
7137 2 2 10 1 264 5833 582
7138 2 2 10 1 267 5834 5701
7139 2 2 10 1 269 5835 583
7140 2 2 10 1 2600 5154 2403
7141 2 2 10 1 338 589 337
7142 2 2 10 1 2508 2696 2506
7143 2 2 10 1 340 527 339
7144 2 2 10 1 287 5837 5703
7145 2 2 10 1 290 5839 5704
7146 2 2 10 1 342 590 341
7147 2 2 10 1 293 5841 5705
7148 2 2 10 1 1182 6604 1181
7149 2 2 10 1 299 5843 5707
7150 2 2 10 1 5743 6666 2446
7151 2 2 10 1 344 525 343
7152 2 2 10 1 898 5954 990
7153 2 2 10 1 346 591 345
7154 2 2 10 1 2354 5807 2796
7155 2 2 10 1 314 5844 5724
7156 2 2 10 1 348 519 347
7157 2 2 10 1 317 5845 5728
7158 2 2 10 1 320 5846 5731
7159 2 2 10 1 323 5847 5734
7160 2 2 10 1 351 592 350
7161 2 2 10 1 3362 3382 3360
7162 2 2 10 1 325 5848 587
7163 2 2 10 1 2813 6127 5696
7164 2 2 10 1 5652 7008 503
7165 2 2 10 1 2512 2686 2510
7166 2 2 10 1 330 5850 588
7167 2 2 10 1 2166 2168 2167
7168 2 2 10 1 353 489 352
7169 2 2 10 1 2300 6136 2009
7170 2 2 10 1 332 5851 517
7171 2 2 10 1 3603 6383 2076
7172 2 2 10 1 1360 1397 1278
7173 2 2 10 1 3055 5903 5639
7174 2 2 10 1 355 593 354
7175 2 2 10 1 2346 2596 2595
7176 2 2 10 1 6034 6035 918
7177 2 2 10 1 2516 5913 2672
7178 2 2 10 1 3997 4063 3998
7179 2 2 10 1 342 5853 590
7180 2 2 10 1 816 6015 814
7181 2 2 10 1 357 540 356
7182 2 2 10 1 2516 2672 2514
7183 2 2 10 1 2788 2838 2787
7184 2 2 10 1 344 5855 525
7185 2 2 10 1 1602 1603 1600
7186 2 2 10 1 990 5970 896
7187 2 2 10 1 3381 5988 3376
7188 2 2 10 1 3204 6048 5320
7189 2 2 10 1 346 5856 591
7190 2 2 10 1 2557 2793 2558
7191 2 2 10 1 4119 4360 2872
7192 2 2 10 1 940 1078 934
7193 2 2 10 1 5806 6893 3885
7194 2 2 10 1 5893 6010 3380
7195 2 2 10 1 2409 2820 2318
7196 2 2 10 1 49 5286 48
7197 2 2 10 1 2249 2250 2248
7198 2 2 10 1 3366 3418 3364
7199 2 2 10 1 2042 2220 2041
7200 2 2 10 1 3333 4061 3339
7201 2 2 10 1 3970 3975 3973
7202 2 2 10 1 3022 3023 3020
7203 2 2 10 1 2520 2668 2518
7204 2 2 10 1 3127 3129 3128
7205 2 2 10 1 50 471 49
7206 2 2 10 1 1243 1245 1244
7207 2 2 10 1 894 5970 2035
7208 2 2 10 1 1339 6018 1337
7209 2 2 10 1 360 561 359
7210 2 2 10 1 3079 3080 3077
7211 2 2 10 1 3450 3451 2477
7212 2 2 10 1 3775 4028 2889
7213 2 2 10 1 4695 7650 3291
7214 2 2 10 1 2167 6119 2164
7215 2 2 10 1 3418 5959 5958
7216 2 2 10 1 3392 6045 3390
7217 2 2 10 1 932 2028 930
7218 2 2 10 1 4574 5871 4571
7219 2 2 10 1 2520 5917 2668
7220 2 2 10 1 2524 2652 2522
7221 2 2 10 1 4349 7138 6136
7222 2 2 10 1 3856 4813 4812
7223 2 2 10 1 1711 1740 1739
7224 2 2 10 1 2221 2480 2220
7225 2 2 10 1 3529 6019 3527
7226 2 2 10 1 2845 6134 5740
7227 2 2 10 1 53 555 52
7228 2 2 10 1 6156 6189 2022
7229 2 2 10 1 2035 6070 892
7230 2 2 10 1 3370 3424 3368
7231 2 2 10 1 2040 2041 1532
7232 2 2 10 1 4636 4637 4633
7233 2 2 10 1 1537 1538 1536
7234 2 2 10 1 4886 6749 4882
7235 2 2 10 1 355 5858 593
7236 2 2 10 1 2954 2955 2953
7237 2 2 10 1 2528 2648 2526
7238 2 2 10 1 2701 5902 3430
7239 2 2 10 1 56 475 55
7240 2 2 10 1 1860 2219 2218
7241 2 2 10 1 2822 2975 2974
7242 2 2 10 1 2583 3842 3841
7243 2 2 10 1 3396 6056 3394
7244 2 2 10 1 926 1003 924
7245 2 2 10 1 3500 3504 3502
7246 2 2 10 1 2778 5918 4002
7247 2 2 10 1 1753 2209 2208
7248 2 2 10 1 2999 4561 2997
7249 2 2 10 1 3134 3317 3132
7250 2 2 10 1 2947 6325 2948
7251 2 2 10 1 1351 6030 1349
7252 2 2 10 1 2532 2606 2530
7253 2 2 10 1 3508 3512 3511
7254 2 2 10 1 2524 5919 2652
7255 2 2 10 1 59 554 58
7256 2 2 10 1 2332 6253 2877
7257 2 2 10 1 2408 2778 2777
7258 2 2 10 1 3736 3738 3737
7259 2 2 10 1 3374 3463 3372
7260 2 2 10 1 1298 1992 1991
7261 2 2 10 1 2720 5971 5890
7262 2 2 10 1 2608 2712 2607
7263 2 2 10 1 3543 6037 3541
7264 2 2 10 1 963 6015 816
7265 2 2 10 1 2243 2245 2244
7266 2 2 10 1 3138 3307 3136
7267 2 2 10 1 3738 3739 3737
7268 2 2 10 1 2880 3485 2879
7269 2 2 10 1 888 6072 987
7270 2 2 10 1 922 2033 920
7271 2 2 10 1 2859 6139 5749
7272 2 2 10 1 3140 5804 3138
7273 2 2 10 1 4978 6898 3872
7274 2 2 10 1 3400 6063 3398
7275 2 2 10 1 2358 3461 2357
7276 2 2 10 1 62 477 61
7277 2 2 10 1 1358 6041 1356
7278 2 2 10 1 2536 2597 2534
7279 2 2 10 1 5588 6213 5591
7280 2 2 10 1 4240 4241 4131
7281 2 2 10 1 765 785 766
7282 2 2 10 1 1055 1058 1056
7283 2 2 10 1 3144 3306 3142
7284 2 2 10 1 3378 3381 3376
7285 2 2 10 1 3737 5957 3646
7286 2 2 10 1 1117 1118 1116
7287 2 2 10 1 2930 2931 2929
7288 2 2 10 1 6050 6052 908
7289 2 2 10 1 65 553 64
7290 2 2 10 1 2480 5808 2807
7291 2 2 10 1 2881 4113 2878
7292 2 2 10 1 2877 2908 2881
7293 2 2 10 1 2010 2301 2300
7294 2 2 10 1 1312 5798 1310
7295 2 2 10 1 1376 6047 1374
7296 2 2 10 1 3418 5958 3364
7297 2 2 10 1 1503 6018 1339
7298 2 2 10 1 2795 5990 5808
7299 2 2 10 1 2540 2584 2538
7300 2 2 10 1 2528 5925 2648
7301 2 2 10 1 1170 1171 1169
7302 2 2 10 1 3404 6073 3402
7303 2 2 10 1 6590 6615 4686
7304 2 2 10 1 989 6025 866
7305 2 2 10 1 916 1001 914
7306 2 2 10 1 4548 4550 4549
7307 2 2 10 1 1721 1722 1720
7308 2 2 10 1 5762 6250 1565
7309 2 2 10 1 2893 3804 2894
7310 2 2 10 1 2892 4807 4082
7311 2 2 10 1 68 480 67
7312 2 2 10 1 3150 3299 3148
7313 2 2 10 1 3679 6019 3529
7314 2 2 10 1 2684 3913 2685
7315 2 2 10 1 4815 6813 576
7316 2 2 10 1 4120 5797 2999
7317 2 2 10 1 1393 6049 1391
7318 2 2 10 1 7618 7739 4418
7319 2 2 10 1 2884 6143 5757
7320 2 2 10 1 2353 5956 2163
7321 2 2 10 1 4627 4681 4626
7322 2 2 10 1 4597 4598 4595
7323 2 2 10 1 4625 4628 4627
7324 2 2 10 1 2544 2581 2542
7325 2 2 10 1 71 552 70
7326 2 2 10 1 3386 3410 3384
7327 2 2 10 1 912 2034 910
7328 2 2 10 1 2256 6661 2254
7329 2 2 10 1 5681 5939 5684
7330 2 2 10 1 3408 6077 3406
7331 2 2 10 1 1421 6053 1419
7332 2 2 10 1 2880 3490 3486
7333 2 2 10 1 3486 3487 3485
7334 2 2 10 1 3463 5984 5983
7335 2 2 10 1 2541 5809 2543
7336 2 2 10 1 2956 2957 2955
7337 2 2 10 1 3156 3295 3154
7338 2 2 10 1 5308 5313 5309
7339 2 2 10 1 362 600 361
7340 2 2 10 1 1970 1972 1971
7341 2 2 10 1 3320 5973 3063
7342 2 2 10 1 4015 5896 3388
7343 2 2 10 1 74 482 73
7344 2 2 10 1 4400 4402 4401
7345 2 2 10 1 3416 6135 3399
7346 2 2 10 1 2788 2848 2838
7347 2 2 10 1 666 667 665
7348 2 2 10 1 2532 5926 2606
7349 2 2 10 1 2780 6203 1770
7350 2 2 10 1 4222 4763 4221
7351 2 2 10 1 721 6100 719
7352 2 2 10 1 3310 5974 3033
7353 2 2 10 1 7406 7420 3437
7354 2 2 10 1 697 1986 695
7355 2 2 10 1 76 596 75
7356 2 2 10 1 3390 4015 3388
7357 2 2 10 1 1471 6059 1469
7358 2 2 10 1 1222 1223 1220
7359 2 2 10 1 5624 5625 5623
7360 2 2 10 1 1533 6030 1351
7361 2 2 10 1 6467 6476 3607
7362 2 2 10 1 2975 2976 2974
7363 2 2 10 1 3842 3843 3841
7364 2 2 10 1 5463 5466 5461
7365 2 2 10 1 5470 5473 5468
7366 2 2 10 1 906 1002 904
7367 2 2 10 1 3162 3297 3160
7368 2 2 10 1 3877 6037 3543
7369 2 2 10 1 5876 5877 5875
7370 2 2 10 1 2608 2713 2712
7371 2 2 10 1 3738 3740 3739
7372 2 2 10 1 79 484 78
7373 2 2 10 1 1058 1060 1059
7374 2 2 10 1 360 5861 561
7375 2 2 10 1 2930 2932 2931
7376 2 2 10 1 2908 4081 2881
7377 2 2 10 1 945 6112 937
7378 2 2 10 1 296 5982 5706
7379 2 2 10 1 81 595 80
7380 2 2 10 1 3804 3805 2894
7381 2 2 10 1 933 6369 1102
7382 2 2 10 1 3394 4075 3392
7383 2 2 10 1 2684 4021 3913
7384 2 2 10 1 3913 4073 2685
7385 2 2 10 1 703 747 699
7386 2 2 10 1 262 534 261
7387 2 2 10 1 4597 4599 4598
7388 2 2 10 1 3166 3292 3164
7389 2 2 10 1 305 5989 5716
7390 2 2 10 1 3486 3488 3487
7391 2 2 10 1 2696 6004 5904
7392 2 2 10 1 308 5991 5718
7393 2 2 10 1 1549 6041 1358
7394 2 2 10 1 2848 4013 2838
7395 2 2 10 1 2788 3462 2848
7396 2 2 10 1 311 5992 5721
7397 2 2 10 1 5798 6545 1310
7398 2 2 10 1 5477 5480 5475
7399 2 2 10 1 902 2036 900
7400 2 2 10 1 84 486 83
7401 2 2 10 1 3842 3844 3843
7402 2 2 10 1 2975 3743 2976
7403 2 2 10 1 3323 5977 3074
7404 2 2 10 1 363 5942 362
7405 2 2 10 1 2713 3854 2712
7406 2 2 10 1 3740 3741 3739
7407 2 2 10 1 3503 6060 3499
7408 2 2 10 1 5886 5887 5885
7409 2 2 10 1 562 5944 198
7410 2 2 10 1 509 5946 245
7411 2 2 10 1 246 5943 509
7412 2 2 10 1 2932 4415 2931
7413 2 2 10 1 2930 3645 2932
7414 2 2 10 1 2908 4771 4081
7415 2 2 10 1 3467 6104 3466
7416 2 2 10 1 243 5945 609
7417 2 2 10 1 248 5947 610
7418 2 2 10 1 3805 4000 2894
7419 2 2 10 1 4073 4074 2685
7420 2 2 10 1 4021 4483 3913
7421 2 2 10 1 3000 6312 4793
7422 2 2 10 1 3488 3489 3487
7423 2 2 10 1 632 5942 363
7424 2 2 10 1 197 5944 629
7425 2 2 10 1 244 5946 5945
7426 2 2 10 1 610 5943 247
7427 2 2 10 1 884 5952 5951
7428 2 2 10 1 2848 4742 4013
7429 2 2 10 1 2536 5941 2597
7430 2 2 10 1 202 541 201
7431 2 2 10 1 228 608 227
7432 2 2 10 1 364 632 363
7433 2 2 10 1 216 515 215
7434 2 2 10 1 231 512 230
7435 2 2 10 1 211 516 210
7436 2 2 10 1 213 603 212
7437 2 2 10 1 218 605 217
7438 2 2 10 1 224 606 223
7439 2 2 10 1 233 601 232
7440 2 2 10 1 236 511 235
7441 2 2 10 1 238 604 237
7442 2 2 10 1 241 510 240
7443 2 2 10 1 243 609 242
7444 2 2 10 1 244 5945 243
7445 2 2 10 1 246 509 245
7446 2 2 10 1 248 610 247
7447 2 2 10 1 249 5947 248
7448 2 2 10 1 251 508 250
7449 2 2 10 1 253 611 252
7450 2 2 10 1 255 557 254
7451 2 2 10 1 221 514 220
7452 2 2 10 1 226 513 225
7453 2 2 10 1 258 506 257
7454 2 2 10 1 260 612 259
7455 2 2 10 1 208 607 207
7456 2 2 10 1 204 602 203
7457 2 2 10 1 197 629 196
7458 2 2 10 1 199 562 198
7459 2 2 10 1 206 523 205
7460 2 2 10 1 2975 4351 3743
7461 2 2 10 1 3844 4138 3843
7462 2 2 10 1 3743 3744 2976
7463 2 2 10 1 3854 3880 2712
7464 2 2 10 1 2713 4397 3854
7465 2 2 10 1 3741 4059 3739
7466 2 2 10 1 3740 3873 3741
7467 2 2 10 1 198 5944 197
7468 2 2 10 1 247 5943 246
7469 2 2 10 1 245 5946 244
7470 2 2 10 1 1992 1994 1993
7471 2 2 10 1 3645 3646 2932
7472 2 2 10 1 4415 4533 2931
7473 2 2 10 1 2908 4772 4771
7474 2 2 10 1 86 594 85
7475 2 2 10 1 3805 4001 4000
7476 2 2 10 1 3744 4678 2976
7477 2 2 10 1 3844 4139 4138
7478 2 2 10 1 4351 4490 3743
7479 2 2 10 1 4397 4495 3854
7480 2 2 10 1 3740 4065 3873
7481 2 2 10 1 4772 4920 4771
7482 2 2 10 1 3844 4787 4139
7483 2 2 10 1 2156 5993 3924
7484 2 2 10 1 4065 4643 3873
7485 2 2 10 1 4589 4590 4588
7486 2 2 10 1 4584 4589 4588
7487 2 2 10 1 4575 4579 4578
7488 2 2 10 1 4591 4592 4587
7489 2 2 10 1 4608 4609 4606
7490 2 2 10 1 4576 4577 4574
7491 2 2 10 1 4586 4591 4587
7492 2 2 10 1 4575 4578 4576
7493 2 2 10 1 4584 4588 4585
7494 2 2 10 1 3398 4124 3396
7495 2 2 10 1 5394 5978 5395
7496 2 2 10 1 5127 6312 2998
7497 2 2 10 1 5148 6130 2297
7498 2 2 10 1 4575 4576 4574
7499 2 2 10 1 4584 4585 4583
7500 2 2 10 1 4606 4607 4604
7501 2 2 10 1 4586 4587 4582
7502 2 2 10 1 4605 4608 4606
7503 2 2 10 1 362 5942 600
7504 2 2 10 1 2932 5957 4415
7505 2 2 10 1 1510 2576 2448
7506 2 2 10 1 3646 5957 2932
7507 2 2 10 1 3739 5975 3737
7508 2 2 10 1 4560 4770 4559
7509 2 2 10 1 707 2012 705
7510 2 2 10 1 736 6108 734
7511 2 2 10 1 2429 6393 1880
7512 2 2 10 1 1586 6047 1376
7513 2 2 10 1 1726 5995 1563
7514 2 2 10 1 4583 4586 4582
7515 2 2 10 1 4573 4575 4574
7516 2 2 10 1 4605 4606 4604
7517 2 2 10 1 4581 4584 4583
7518 2 2 10 1 89 490 88
7519 2 2 10 1 5701 5702 491
7520 2 2 10 1 3172 3290 3170
7521 2 2 10 1 1893 1894 1892
7522 2 2 10 1 898 990 896
7523 2 2 10 1 3464 3466 1355
7524 2 2 10 1 6142 7406 3437
7525 2 2 10 1 1973 3460 2590
7526 2 2 10 1 5484 5487 5482
7527 2 2 10 1 2227 6263 2167
7528 2 2 10 1 2990 2992 2991
7529 2 2 10 1 3463 5983 3372
7530 2 2 10 1 5707 5708 476
7531 2 2 10 1 2883 3710 3709
7532 2 2 10 1 5716 5717 473
7533 2 2 10 1 3402 4355 3400
7534 2 2 10 1 5899 5900 5898
7535 2 2 10 1 3005 5742 635
7536 2 2 10 1 962 6033 5972
7537 2 2 10 1 92 551 91
7538 2 2 10 1 5718 5719 548
7539 2 2 10 1 54 5865 53
7540 2 2 10 1 5721 5722 472
7541 2 2 10 1 5724 5725 549
7542 2 2 10 1 4059 5975 3739
7543 2 2 10 1 1032 1033 1031
7544 2 2 10 1 2902 2903 2901
7545 2 2 10 1 5728 5729 470
7546 2 2 10 1 1672 6049 1393
7547 2 2 10 1 715 762 709
7548 2 2 10 1 5731 5732 550
7549 2 2 10 1 1816 1817 1815
7550 2 2 10 1 2138 2139 2135
7551 2 2 10 1 5734 5735 474
7552 2 2 10 1 95 505 94
7553 2 2 10 1 894 2035 892
7554 2 2 10 1 4565 4567 4566
7555 2 2 10 1 4581 4583 4582
7556 2 2 10 1 4602 4605 4604
7557 2 2 10 1 4571 5871 4572
7558 2 2 10 1 4573 4574 4571
7559 2 2 10 1 5621 6021 3919
7560 2 2 10 1 3112 6310 3110
7561 2 2 10 1 5253 6471 6330
7562 2 2 10 1 2789 2880 2879
7563 2 2 10 1 3406 4403 3404
7564 2 2 10 1 4171 4173 4172
7565 2 2 10 1 3178 3284 3176
7566 2 2 10 1 963 6016 6015
7567 2 2 10 1 3197 6017 3199
7568 2 2 10 1 2540 5965 2584
7569 2 2 10 1 2251 2252 2250
7570 2 2 10 1 1698 6053 1421
7571 2 2 10 1 3737 5975 5957
7572 2 2 10 1 2365 2366 2364
7573 2 2 10 1 719 2013 717
7574 2 2 10 1 2966 6040 2968
7575 2 2 10 1 5907 5908 5906
7576 2 2 10 1 3806 4655 3879
7577 2 2 10 1 6348 7130 627
7578 2 2 10 1 962 5972 940
7579 2 2 10 1 3350 3353 3349
7580 2 2 10 1 3411 4462 3408
7581 2 2 10 1 5035 5036 5027
7582 2 2 10 1 4360 6006 2872
7583 2 2 10 1 3182 3282 3180
7584 2 2 10 1 5495 5498 5493
7585 2 2 10 1 2578 6117 2684
7586 2 2 10 1 888 987 886
7587 2 2 10 1 1249 1251 1250
7588 2 2 10 1 723 775 721
7589 2 2 10 1 847 849 848
7590 2 2 10 1 3419 4534 3413
7591 2 2 10 1 1706 6059 1471
7592 2 2 10 1 2062 6022 870
7593 2 2 10 1 5915 5916 5914
7594 2 2 10 1 1701 5867 1870
7595 2 2 10 1 2237 2239 2238
7596 2 2 10 1 734 2014 725
7597 2 2 10 1 3425 4690 3421
7598 2 2 10 1 5461 6007 5459
7599 2 2 10 1 2956 5892 2957
7600 2 2 10 1 3188 3280 3186
7601 2 2 10 1 5947 7198 610
7602 2 2 10 1 868 6022 989
7603 2 2 10 1 965 966 961
7604 2 2 10 1 882 1984 880
7605 2 2 10 1 6070 6072 890
7606 2 2 10 1 1561 5867 1701
7607 2 2 10 1 4111 5966 3567
7608 2 2 10 1 978 979 976
7609 2 2 10 1 3472 4768 3427
7610 2 2 10 1 738 788 736
7611 2 2 10 1 762 5931 709
7612 2 2 10 1 1750 6720 5675
7613 2 2 10 1 3094 6009 3305
7614 2 2 10 1 3738 5967 3740
7615 2 2 10 1 2672 6044 5911
7616 2 2 10 1 956 962 940
7617 2 2 10 1 5506 5521 5504
7618 2 2 10 1 3740 5967 4065
7619 2 2 10 1 4147 6126 4144
7620 2 2 10 1 5349 6039 5348
7621 2 2 10 1 5443 5448 5445
7622 2 2 10 1 5541 5545 5543
7623 2 2 10 1 3688 5241 3475
7624 2 2 10 1 878 988 876
7625 2 2 10 1 5350 5359 5352
7626 2 2 10 1 5921 5922 5920
7627 2 2 10 1 744 2015 742
7628 2 2 10 1 5641 5645 5643
7629 2 2 10 1 5398 5402 5401
7630 2 2 10 1 1995 6329 6328
7631 2 2 10 1 3194 3276 3192
7632 2 2 10 1 5428 5431 5430
7633 2 2 10 1 6207 6686 6585
7634 2 2 10 1 5452 5456 5454
7635 2 2 10 1 3138 5804 3307
7636 2 2 10 1 1570 1714 1454
7637 2 2 10 1 6182 6183 4438
7638 2 2 10 1 3183 6054 3185
7639 2 2 10 1 4621 4622 4620
7640 2 2 10 1 5435 5438 5437
7641 2 2 10 1 4151 6129 4149
7642 2 2 10 1 4602 4604 4601
7643 2 2 10 1 4571 4572 4570
7644 2 2 10 1 1072 4573 4571
7645 2 2 10 1 4581 4582 4580
7646 2 2 10 1 4565 4566 4564
7647 2 2 10 1 1196 4603 4602
7648 2 2 10 1 5788 6144 57
7649 2 2 10 1 5360 5363 5362
7650 2 2 10 1 1533 6031 6030
7651 2 2 10 1 5139 5266 5142
7652 2 2 10 1 750 805 746
7653 2 2 10 1 2617 5964 2783
7654 2 2 10 1 471 5286 49
7655 2 2 10 1 3904 6248 3903
7656 2 2 10 1 691 730 689
7657 2 2 10 1 1727 2158 2157
7658 2 2 10 1 4558 5194 4560
7659 2 2 10 1 4155 6132 4153
7660 2 2 10 1 2796 5807 4020
7661 2 2 10 1 1053 1055 1054
7662 2 2 10 1 872 2062 870
7663 2 2 10 1 2729 3010 3009
7664 2 2 10 1 5137 5267 3923
7665 2 2 10 1 2726 2850 2437
7666 2 2 10 1 2789 2879 2397
7667 2 2 10 1 2292 2464 2193
7668 2 2 10 1 3490 6014 3486
7669 2 2 10 1 757 2016 752
7670 2 2 10 1 3634 6207 1089
7671 2 2 10 1 3567 5966 3565
7672 2 2 10 1 2685 6020 2579
7673 2 2 10 1 75 5878 74
7674 2 2 10 1 2576 2873 2577
7675 2 2 10 1 5825 6433 3453
7676 2 2 10 1 1564 1669 1500
7677 2 2 10 1 3890 3916 2797
7678 2 2 10 1 1152 1154 1153
7679 2 2 10 1 6041 6162 1356
7680 2 2 10 1 3486 6014 3488
7681 2 2 10 1 1549 6042 6041
7682 2 2 10 1 3200 3273 3198
7683 2 2 10 1 2894 6026 2681
7684 2 2 10 1 3177 6065 3179
7685 2 2 10 1 3162 5976 3297
7686 2 2 10 1 5355 5356 5353
7687 2 2 10 1 4097 4098 3457
7688 2 2 10 1 3483 3863 2024
7689 2 2 10 1 1175 1176 1174
7690 2 2 10 1 5417 5418 5415
7691 2 2 10 1 2795 6028 5990
7692 2 2 10 1 1176 6587 1174
7693 2 2 10 1 2992 3612 2993
7694 2 2 10 1 5516 5523 5514
7695 2 2 10 1 5385 5386 5383
7696 2 2 10 1 761 822 759
7697 2 2 10 1 4056 4057 4045
7698 2 2 10 1 2591 2593 2366
7699 2 2 10 1 4144 4145 4142
7700 2 2 10 1 1667 6206 2382
7701 2 2 10 1 2162 2164 2163
7702 2 2 10 1 2698 6172 3497
7703 2 2 10 1 868 989 866
7704 2 2 10 1 2038 6055 862
7705 2 2 10 1 5581 5599 3319
7706 2 2 10 1 1441 1450 1449
7707 2 2 10 1 3520 5102 3807
7708 2 2 10 1 1416 3470 1397
7709 2 2 10 1 2775 6066 5923
7710 2 2 10 1 5786 6160 60
7711 2 2 10 1 5425 5426 5423
7712 2 2 10 1 2999 5797 4561
7713 2 2 10 1 1996 1998 1997
7714 2 2 10 1 80 5888 79
7715 2 2 10 1 4149 4235 4147
7716 2 2 10 1 768 2017 764
7717 2 2 10 1 838 7479 5877
7718 2 2 10 1 4464 5051 4407
7719 2 2 10 1 3208 3268 3206
7720 2 2 10 1 728 6428 739
7721 2 2 10 1 860 6055 984
7722 2 2 10 1 4153 4382 4151
7723 2 2 10 1 3171 6075 3173
7724 2 2 10 1 864 2038 862
7725 2 2 10 1 5456 5458 5457
7726 2 2 10 1 772 838 770
7727 2 2 10 1 6024 6025 989
7728 2 2 10 1 4402 4503 4502
7729 2 2 10 1 794 6145 790
7730 2 2 10 1 4157 4454 4155
7731 2 2 10 1 85 5891 84
7732 2 2 10 1 5528 5529 5520
7733 2 2 10 1 5337 6480 5773
7734 2 2 10 1 1968 1970 1969
7735 2 2 10 1 4074 6020 2685
7736 2 2 10 1 777 2019 774
7737 2 2 10 1 7136 7223 1383
7738 2 2 10 1 6047 6173 1374
7739 2 2 10 1 5554 6390 5553
7740 2 2 10 1 4166 4169 4159
7741 2 2 10 1 984 6114 858
7742 2 2 10 1 798 6152 796
7743 2 2 10 1 3212 3246 3210
7744 2 2 10 1 860 984 858
7745 2 2 10 1 4000 6026 2894
7746 2 2 10 1 4075 6045 3392
7747 2 2 10 1 4865 6224 4868
7748 2 2 10 1 782 939 779
7749 2 2 10 1 4510 4511 4466
7750 2 2 10 1 1015 1018 1017
7751 2 2 10 1 3165 6098 3167
7752 2 2 10 1 1723 1724 1716
7753 2 2 10 1 4142 6191 4070
7754 2 2 10 1 804 6156 802
7755 2 2 10 1 266 5701 491
7756 2 2 10 1 790 2020 784
7757 2 2 10 1 1823 6229 2321
7758 2 2 10 1 286 5703 481
7759 2 2 10 1 289 5704 545
7760 2 2 10 1 292 5705 478
7761 2 2 10 1 295 5706 546
7762 2 2 10 1 298 5707 476
7763 2 2 10 1 475 5793 5792
7764 2 2 10 1 407 567 406
7765 2 2 10 1 304 5716 473
7766 2 2 10 1 307 5718 548
7767 2 2 10 1 404 542 403
7768 2 2 10 1 1200 1202 1201
7769 2 2 10 1 310 5721 472
7770 2 2 10 1 313 5724 549
7771 2 2 10 1 4371 5283 2959
7772 2 2 10 1 316 5728 470
7773 2 2 10 1 5956 6131 2161
7774 2 2 10 1 319 5731 550
7775 2 2 10 1 322 5734 474
7776 2 2 10 1 3942 3943 3326
7777 2 2 10 1 1676 1677 1664
7778 2 2 10 1 796 942 794
7779 2 2 10 1 387 530 386
7780 2 2 10 1 5435 5868 5438
7781 2 2 10 1 3662 3663 3661
7782 2 2 10 1 4228 4229 2933
7783 2 2 10 1 385 597 384
7784 2 2 10 1 810 6158 807
7785 2 2 10 1 383 522 382
7786 2 2 10 1 1998 2000 1999
7787 2 2 10 1 854 1112 852
7788 2 2 10 1 5249 6377 6140
7789 2 2 10 1 2010 2300 2009
7790 2 2 10 1 380 598 379
7791 2 2 10 1 1178 1179 1176
7792 2 2 10 1 854 6116 1112
7793 2 2 10 1 2652 6099 5917
7794 2 2 10 1 934 5864 932
7795 2 2 10 1 2937 2938 2936
7796 2 2 10 1 3159 6102 3161
7797 2 2 10 1 1983 2728 2093
7798 2 2 10 1 802 2022 798
7799 2 2 10 1 378 497 377
7800 2 2 10 1 814 6163 812
7801 2 2 10 1 5402 5404 5403
7802 2 2 10 1 6013 6461 718
7803 2 2 10 1 376 599 375
7804 2 2 10 1 4124 6056 3396
7805 2 2 10 1 4339 4342 4340
7806 2 2 10 1 4337 4339 4338
7807 2 2 10 1 1333 6166 1331
7808 2 2 10 1 2964 2967 2966
7809 2 2 10 1 3218 3245 3216
7810 2 2 10 1 807 955 804
7811 2 2 10 1 4342 4344 4343
7812 2 2 10 1 374 538 373
7813 2 2 10 1 4335 4337 4336
7814 2 2 10 1 5404 5407 5406
7815 2 2 10 1 2814 2815 2587
7816 2 2 10 1 4333 4335 4334
7817 2 2 10 1 1321 1508 1318
7818 2 2 10 1 2684 6117 4021
7819 2 2 10 1 1644 1646 1645
7820 2 2 10 1 4344 4346 4345
7821 2 2 10 1 4331 4333 4332
7822 2 2 10 1 1112 6120 852
7823 2 2 10 1 1618 1620 1619
7824 2 2 10 1 3586 6138 4644
7825 2 2 10 1 4329 4331 4330
7826 2 2 10 1 1646 1648 1647
7827 2 2 10 1 1620 1622 1621
7828 2 2 10 1 1284 1285 1270
7829 2 2 10 1 1642 1644 1643
7830 2 2 10 1 1553 1555 1554
7831 2 2 10 1 1331 2018 1329
7832 2 2 10 1 1616 1618 1617
7833 2 2 10 1 5407 5409 5408
7834 2 2 10 1 1640 1642 1641
7835 2 2 10 1 812 2023 810
7836 2 2 10 1 4326 4329 4327
7837 2 2 10 1 1614 1616 1615
7838 2 2 10 1 1555 1557 1556
7839 2 2 10 1 1638 1640 1639
7840 2 2 10 1 1612 1614 1613
7841 2 2 10 1 1551 1553 1552
7842 2 2 10 1 1636 1638 1637
7843 2 2 10 1 4324 4326 4325
7844 2 2 10 1 1648 1650 1649
7845 2 2 10 1 1610 1612 1611
7846 2 2 10 1 1622 1624 1623
7847 2 2 10 1 1634 1636 1635
7848 2 2 10 1 1548 1551 1550
7849 2 2 10 1 1608 1610 1609
7850 2 2 10 1 5431 5434 5432
7851 2 2 10 1 4322 4324 4323
7852 2 2 10 1 1632 1634 1633
7853 2 2 10 1 1557 1559 1558
7854 2 2 10 1 1606 1608 1607
7855 2 2 10 1 1598 1600 1599
7856 2 2 10 1 5363 5365 5364
7857 2 2 10 1 1546 1548 1547
7858 2 2 10 1 821 6174 819
7859 2 2 10 1 3153 6105 3155
7860 2 2 10 1 3202 3459 3239
7861 2 2 10 1 1596 1598 1597
7862 2 2 10 1 1650 1652 1651
7863 2 2 10 1 1624 1626 1625
7864 2 2 10 1 4320 4322 4321
7865 2 2 10 1 3947 5783 3944
7866 2 2 10 1 1630 1632 1631
7867 2 2 10 1 3580 3582 3581
7868 2 2 10 1 1656 1658 1657
7869 2 2 10 1 1585 1596 1595
7870 2 2 10 1 1583 1585 1584
7871 2 2 10 1 1559 1567 1566
7872 2 2 10 1 3578 3580 3579
7873 2 2 10 1 1539 1546 1545
7874 2 2 10 1 3582 3584 3583
7875 2 2 10 1 1604 1606 1605
7876 2 2 10 1 3576 3578 3577
7877 2 2 10 1 3107 3109 3108
7878 2 2 10 1 1652 1654 1653
7879 2 2 10 1 1626 1628 1627
7880 2 2 10 1 2477 5968 2345
7881 2 2 10 1 3574 3576 3575
7882 2 2 10 1 1628 1630 1629
7883 2 2 10 1 371 558 370
7884 2 2 10 1 4318 4320 4319
7885 2 2 10 1 1581 1583 1582
7886 2 2 10 1 2720 6096 5971
7887 2 2 10 1 1325 2024 1323
7888 2 2 10 1 1654 1656 1655
7889 2 2 10 1 3572 3574 3573
7890 2 2 10 1 1567 1569 1568
7891 2 2 10 1 3109 3111 3110
7892 2 2 10 1 3584 3586 3585
7893 2 2 10 1 3066 3069 3068
7894 2 2 10 1 3038 3040 3039
7895 2 2 10 1 3081 3083 3082
7896 2 2 10 1 3064 3066 3065
7897 2 2 10 1 3105 3107 3106
7898 2 2 10 1 1794 1796 1795
7899 2 2 10 1 3083 3085 3084
7900 2 2 10 1 3036 3038 3037
7901 2 2 10 1 5372 5375 5374
7902 2 2 10 1 3103 3105 3104
7903 2 2 10 1 3010 3012 3011
7904 2 2 10 1 935 940 934
7905 2 2 10 1 1569 1581 1580
7906 2 2 10 1 3101 3103 3102
7907 2 2 10 1 3111 3113 3112
7908 2 2 10 1 3062 3064 3063
7909 2 2 10 1 3040 3042 3041
7910 2 2 10 1 3069 3071 3070
7911 2 2 10 1 3034 3036 3035
7912 2 2 10 1 819 963 816
7913 2 2 10 1 1335 1453 1333
7914 2 2 10 1 3099 3101 3100
7915 2 2 10 1 5434 5868 5435
7916 2 2 10 1 3085 3087 3086
7917 2 2 10 1 3125 3127 3126
7918 2 2 10 1 3060 3062 3061
7919 2 2 10 1 3032 3034 3033
7920 2 2 10 1 2563 5237 2467
7921 2 2 10 1 3097 3099 3098
7922 2 2 10 1 3123 3125 3124
7923 2 2 10 1 2158 2160 2159
7924 2 2 10 1 3058 3060 3059
7925 2 2 10 1 3030 3032 3031
7926 2 2 10 1 933 934 932
7927 2 2 10 1 3095 3097 3096
7928 2 2 10 1 826 6177 824
7929 2 2 10 1 5370 5372 5371
7930 2 2 10 1 3113 3115 3114
7931 2 2 10 1 3018 3020 3019
7932 2 2 10 1 3121 3123 3122
7933 2 2 10 1 3056 3058 3057
7934 2 2 10 1 3042 3044 3043
7935 2 2 10 1 3028 3030 3029
7936 2 2 10 1 3071 3073 3072
7937 2 2 10 1 4300 4301 4299
7938 2 2 10 1 3735 3736 3646
7939 2 2 10 1 5365 5367 5366
7940 2 2 10 1 3087 3089 3088
7941 2 2 10 1 3016 3018 3017
7942 2 2 10 1 3054 3056 3055
7943 2 2 10 1 3093 3095 3094
7944 2 2 10 1 3026 3028 3027
7945 2 2 10 1 4264 4265 4263
7946 2 2 10 1 4266 4267 4265
7947 2 2 10 1 4242 4318 4243
7948 2 2 10 1 3052 3054 3053
7949 2 2 10 1 3014 3016 3015
7950 2 2 10 1 4298 4299 4297
7951 2 2 10 1 3119 3121 3120
7952 2 2 10 1 3115 3117 3116
7953 2 2 10 1 3012 3014 3013
7954 2 2 10 1 554 5790 5789
7955 2 2 10 1 3044 3046 3045
7956 2 2 10 1 3073 3075 3074
7957 2 2 10 1 3089 3091 3090
7958 2 2 10 1 3050 3052 3051
7959 2 2 10 1 886 5952 884
7960 2 2 10 1 3024 3026 3025
7961 2 2 10 1 3091 3093 3092
7962 2 2 10 1 4303 4304 4301
7963 2 2 10 1 931 932 930
7964 2 2 10 1 824 2025 821
7965 2 2 10 1 3951 3954 3949
7966 2 2 10 1 3117 3119 3118
7967 2 2 10 1 4268 4269 4267
7968 2 2 10 1 3570 3572 3571
7969 2 2 10 1 4262 4263 4261
7970 2 2 10 1 5367 5370 5369
7971 2 2 10 1 4296 4297 4295
7972 2 2 10 1 4355 6063 3400
7973 2 2 10 1 3046 3048 3047
7974 2 2 10 1 2851 4044 2850
7975 2 2 10 1 3075 3077 3076
7976 2 2 10 1 2160 2162 2161
7977 2 2 10 1 2456 2457 2031
7978 2 2 10 1 1964 1965 1963
7979 2 2 10 1 4260 4261 4259
7980 2 2 10 1 3048 3050 3049
7981 2 2 10 1 4294 4295 4293
7982 2 2 10 1 882 5951 1984
7983 2 2 10 1 4305 4388 4304
7984 2 2 10 1 4258 4259 4257
7985 2 2 10 1 4270 4271 4269
7986 2 2 10 1 4292 4293 4291
7987 2 2 10 1 1747 1837 1669
7988 2 2 10 1 929 930 928
7989 2 2 10 1 4256 4257 4255
7990 2 2 10 1 4290 4291 4289
7991 2 2 10 1 831 973 826
7992 2 2 10 1 53 5865 555
7993 2 2 10 1 4254 4255 4253
7994 2 2 10 1 3917 5202 3916
7995 2 2 10 1 4288 4289 4287
7996 2 2 10 1 4272 4273 4271
7997 2 2 10 1 1341 1503 1339
7998 2 2 10 1 4537 6111 2024
7999 2 2 10 1 4252 4253 4251
8000 2 2 10 1 4286 4287 4285
8001 2 2 10 1 2078 3603 2076
8002 2 2 10 1 4250 4251 4249
8003 2 2 10 1 5078 6263 2573
8004 2 2 10 1 489 7922 5215
8005 2 2 10 1 4284 4285 4283
8006 2 2 10 1 4274 4275 4273
8007 2 2 10 1 4058 4245 4057
8008 2 2 10 1 4119 4361 4360
8009 2 2 10 1 4248 4249 4247
8010 2 2 10 1 835 2026 833
8011 2 2 10 1 4282 4283 4281
8012 2 2 10 1 6166 6168 6167
8013 2 2 10 1 5419 5422 5418
8014 2 2 10 1 3224 3243 3222
8015 2 2 10 1 927 928 926
8016 2 2 10 1 2458 2701 2457
8017 2 2 10 1 2653 3715 2654
8018 2 2 10 1 3531 3679 3529
8019 2 2 10 1 3533 6186 3531
8020 2 2 10 1 4367 5212 4098
8021 2 2 10 1 2409 2821 2820
8022 2 2 10 1 4276 4277 4275
8023 2 2 10 1 1661 1662 1526
8024 2 2 10 1 861 862 860
8025 2 2 10 1 879 880 878
8026 2 2 10 1 897 898 896
8027 2 2 10 1 5387 5390 5386
8028 2 2 10 1 915 916 914
8029 2 2 10 1 4246 4247 4245
8030 2 2 10 1 2265 2311 2310
8031 2 2 10 1 913 914 912
8032 2 2 10 1 895 896 894
8033 2 2 10 1 877 878 876
8034 2 2 10 1 859 860 858
8035 2 2 10 1 911 912 910
8036 2 2 10 1 893 894 892
8037 2 2 10 1 857 858 856
8038 2 2 10 1 875 876 874
8039 2 2 10 1 863 864 862
8040 2 2 10 1 4280 4281 4279
8041 2 2 10 1 881 882 880
8042 2 2 10 1 909 910 908
8043 2 2 10 1 891 892 890
8044 2 2 10 1 873 874 872
8045 2 2 10 1 855 856 854
8046 2 2 10 1 899 900 898
8047 2 2 10 1 917 918 916
8048 2 2 10 1 925 926 924
8049 2 2 10 1 907 908 906
8050 2 2 10 1 889 890 888
8051 2 2 10 1 871 872 870
8052 2 2 10 1 853 854 852
8053 2 2 10 1 3625 3626 3601
8054 2 2 10 1 3773 3774 3772
8055 2 2 10 1 5918 6372 4002
8056 2 2 10 1 5973 6155 3061
8057 2 2 10 1 923 924 922
8058 2 2 10 1 905 906 904
8059 2 2 10 1 887 888 886
8060 2 2 10 1 869 870 868
8061 2 2 10 1 4278 4279 4277
8062 2 2 10 1 840 983 837
8063 2 2 10 1 1602 1604 1603
8064 2 2 10 1 865 866 864
8065 2 2 10 1 883 884 882
8066 2 2 10 1 901 902 900
8067 2 2 10 1 919 920 918
8068 2 2 10 1 3079 3081 3080
8069 2 2 10 1 3771 3772 3727
8070 2 2 10 1 3600 3601 3599
8071 2 2 10 1 3627 3628 3626
8072 2 2 10 1 3660 3661 2815
8073 2 2 10 1 3783 3784 3774
8074 2 2 10 1 3726 3727 3725
8075 2 2 10 1 921 922 920
8076 2 2 10 1 3598 3599 3597
8077 2 2 10 1 903 904 902
8078 2 2 10 1 885 886 884
8079 2 2 10 1 3535 3782 3533
8080 2 2 10 1 3724 3725 3723
8081 2 2 10 1 867 868 866
8082 2 2 10 1 3233 3241 3230
8083 2 2 10 1 4087 4236 3823
8084 2 2 10 1 3722 3723 3683
8085 2 2 10 1 1347 1520 1345
8086 2 2 10 1 3822 3823 3821
8087 2 2 10 1 3682 3683 3681
8088 2 2 10 1 3629 3630 3628
8089 2 2 10 1 3785 3786 3784
8090 2 2 10 1 3596 3597 3505
8091 2 2 10 1 3820 3821 3819
8092 2 2 10 1 851 852 850
8093 2 2 10 1 3680 3681 3672
8094 2 2 10 1 2343 3887 2806
8095 2 2 10 1 1011 1013 1012
8096 2 2 10 1 3537 6187 3535
8097 2 2 10 1 3669 3670 3630
8098 2 2 10 1 1537 1539 1538
8099 2 2 10 1 3787 3788 3786
8100 2 2 10 1 844 2027 842
8101 2 2 10 1 3818 3819 3788
8102 2 2 10 1 3671 3672 3670
8103 2 2 10 1 3308 6345 5978
8104 2 2 10 1 1958 1959 1957
8105 2 2 10 1 3539 3764 3537
8106 2 2 10 1 5974 6157 3031
8107 2 2 10 1 3022 3024 3023
8108 2 2 10 1 2423 6710 2248
8109 2 2 10 1 4403 6073 3404
8110 2 2 10 1 2605 6021 2264
8111 2 2 10 1 3791 3792 3790
8112 2 2 10 1 3541 6188 3539
8113 2 2 10 1 3656 3657 3623
8114 2 2 10 1 3622 3623 3621
8115 2 2 10 1 846 6164 844
8116 2 2 10 1 3521 6396 2708
8117 2 2 10 1 924 5881 922
8118 2 2 10 1 3789 3790 3763
8119 2 2 10 1 3620 3621 3619
8120 2 2 10 1 3808 3809 3792
8121 2 2 10 1 3762 3763 3761
8122 2 2 10 1 4115 4369 3847
8123 2 2 10 1 3618 3619 3593
8124 2 2 10 1 3658 3659 3657
8125 2 2 10 1 7198 7262 610
8126 2 2 10 1 3760 3761 3759
8127 2 2 10 1 3846 3847 3835
8128 2 2 10 1 3592 3593 3591
8129 2 2 10 1 4199 4200 4198
8130 2 2 10 1 3758 3759 3734
8131 2 2 10 1 3834 3835 3833
8132 2 2 10 1 4177 4178 4176
8133 2 2 10 1 4179 4180 4178
8134 2 2 10 1 3590 3591 3589
8135 2 2 10 1 4201 4202 4200
8136 2 2 10 1 3810 3811 3809
8137 2 2 10 1 1353 1533 1351
8138 2 2 10 1 1994 5753 1993
8139 2 2 10 1 3733 3734 3732
8140 2 2 10 1 3832 3833 3831
8141 2 2 10 1 1673 6478 6427
8142 2 2 10 1 4197 4198 4196
8143 2 2 10 1 3684 3685 3659
8144 2 2 10 1 2731 2835 2732
8145 2 2 10 1 4195 4196 4194
8146 2 2 10 1 4181 4182 4180
8147 2 2 10 1 4193 4194 4192
8148 2 2 10 1 4203 4204 4202
8149 2 2 10 1 3812 3813 3811
8150 2 2 10 1 3731 3732 3687
8151 2 2 10 1 4191 4192 4190
8152 2 2 10 1 3545 3877 3543
8153 2 2 10 1 3686 3687 3685
8154 2 2 10 1 3588 3589 2779
8155 2 2 10 1 3830 3831 3813
8156 2 2 10 1 4189 4190 4188
8157 2 2 10 1 4183 4184 4182
8158 2 2 10 1 4240 4242 4241
8159 2 2 10 1 4205 4206 4204
8160 2 2 10 1 3958 3971 3956
8161 2 2 10 1 4175 4176 4174
8162 2 2 10 1 2533 6123 2535
8163 2 2 10 1 4209 4316 4208
8164 2 2 10 1 4187 4188 4186
8165 2 2 10 1 4185 4186 4184
8166 2 2 10 1 2421 2883 2882
8167 2 2 10 1 4207 4208 4206
8168 2 2 10 1 3228 3267 3226
8169 2 2 10 1 297 5982 296
8170 2 2 10 1 4479 6602 6555
8171 2 2 10 1 3549 3906 3547
8172 2 2 10 1 306 5989 305
8173 2 2 10 1 309 5991 308
8174 2 2 10 1 1369 1549 1358
8175 2 2 10 1 312 5992 311
8176 2 2 10 1 3547 6192 3545
8177 2 2 10 1 1907 1909 1908
8178 2 2 10 1 3715 4648 3716
8179 2 2 10 1 3553 3988 3551
8180 2 2 10 1 3841 6200 2822
8181 2 2 10 1 3768 6805 5186
8182 2 2 10 1 920 6034 918
8183 2 2 10 1 1733 1983 1982
8184 2 2 10 1 3238 5307 5306
8185 2 2 10 1 4910 4911 4905
8186 2 2 10 1 3504 3505 3502
8187 2 2 10 1 3557 4029 3555
8188 2 2 10 1 3551 6193 3549
8189 2 2 10 1 1740 1868 1867
8190 2 2 10 1 1268 2453 1098
8191 2 2 10 1 1387 1586 1376
8192 2 2 10 1 4462 6077 3408
8193 2 2 10 1 3613 3892 3606
8194 2 2 10 1 3561 4064 3559
8195 2 2 10 1 918 6035 916
8196 2 2 10 1 5977 6175 3072
8197 2 2 10 1 3555 6194 3553
8198 2 2 10 1 5251 7096 531
8199 2 2 10 1 3512 3513 3511
8200 2 2 10 1 3565 4083 3563
8201 2 2 10 1 6169 6170 6168
8202 2 2 10 1 1406 1672 1393
8203 2 2 10 1 1396 5813 5812
8204 2 2 10 1 2031 5994 1461
8205 2 2 10 1 2778 2779 2777
8206 2 2 10 1 2314 5220 2602
8207 2 2 10 1 2621 2650 2619
8208 2 2 10 1 3559 6195 3557
8209 2 2 10 1 3324 3325 3273
8210 2 2 10 1 7832 7940 4723
8211 2 2 10 1 2525 6124 2527
8212 2 2 10 1 1391 6197 1387
8213 2 2 10 1 668 669 667
8214 2 2 10 1 4821 4824 4823
8215 2 2 10 1 914 5912 912
8216 2 2 10 1 1429 1698 1421
8217 2 2 10 1 775 6100 721
8218 2 2 10 1 3563 6198 3561
8219 2 2 10 1 3240 5316 5315
8220 2 2 10 1 1245 1247 1246
8221 2 2 10 1 3964 3972 3962
8222 2 2 10 1 1434 2029 1431
8223 2 2 10 1 2627 2704 2625
8224 2 2 10 1 2696 6106 6004
8225 2 2 10 1 1663 1664 1662
8226 2 2 10 1 1419 6201 1406
8227 2 2 10 1 1473 1706 1471
8228 2 2 10 1 1459 1734 1446
8229 2 2 10 1 4541 6784 6474
8230 2 2 10 1 910 6050 908
8231 2 2 10 1 1278 5870 1268
8232 2 2 10 1 1477 2030 1475
8233 2 2 10 1 5130 5132 5129
8234 2 2 10 1 2633 2791 2631
8235 2 2 10 1 1463 2031 1461
8236 2 2 10 1 6059 6289 1469
8237 2 2 10 1 4670 7732 3440
8238 2 2 10 1 368 565 367
8239 2 2 10 1 1481 1717 1479
8240 2 2 10 1 2246 6710 5226
8241 2 2 10 1 3418 5962 5960
8242 2 2 10 1 849 850 848
8243 2 2 10 1 1927 1929 1928
8244 2 2 10 1 2517 6127 2519
8245 2 2 10 1 1431 6204 1429
8246 2 2 10 1 4173 4174 4172
8247 2 2 10 1 3244 5319 5318
8248 2 2 10 1 1485 2032 1483
8249 2 2 10 1 908 6052 906
8250 2 2 10 1 2639 2834 2637
8251 2 2 10 1 1588 2719 2718
8252 2 2 10 1 1501 1743 1490
8253 2 2 10 1 2084 2085 2083
8254 2 2 10 1 2822 6200 2975
8255 2 2 10 1 2748 2831 2746
8256 2 2 10 1 5092 5094 5093
8257 2 2 10 1 2673 2868 2643
8258 2 2 10 1 1521 2021 1516
8259 2 2 10 1 2713 4398 4397
8260 2 2 10 1 985 6033 962
8261 2 2 10 1 260 6255 612
8262 2 2 10 1 1475 6205 1473
8263 2 2 10 1 1528 2174 1523
8264 2 2 10 1 2754 2869 2752
8265 2 2 10 1 1534 2226 1530
8266 2 2 10 1 2698 3497 3496
8267 2 2 10 1 2740 2973 2677
8268 2 2 10 1 5233 6915 5192
8269 2 2 10 1 3249 5324 5323
8270 2 2 10 1 2509 6134 2511
8271 2 2 10 1 1479 6208 1477
8272 2 2 10 1 3970 3973 3968
8273 2 2 10 1 2760 3007 2758
8274 2 2 10 1 904 5938 902
8275 2 2 10 1 3944 3945 3943
8276 2 2 10 1 1483 6209 1481
8277 2 2 10 1 2291 2467 1738
8278 2 2 10 1 2766 3699 2764
8279 2 2 10 1 1263 1264 1260
8280 2 2 10 1 788 6108 736
8281 2 2 10 1 534 6255 261
8282 2 2 10 1 2825 3859 2770
8283 2 2 10 1 3605 3606 2702
8284 2 2 10 1 3399 6135 3401
8285 2 2 10 1 900 5954 898
8286 2 2 10 1 2916 3930 2829
8287 2 2 10 1 3250 5327 5326
8288 2 2 10 1 3944 5783 3945
8289 2 2 10 1 1314 1465 1312
8290 2 2 10 1 2501 6139 2503
8291 2 2 10 1 6114 6116 856
8292 2 2 10 1 3643 4451 2918
8293 2 2 10 1 2018 6270 1329
8294 2 2 10 1 1665 1666 1578
8295 2 2 10 1 386 5948 385
8296 2 2 10 1 384 5950 383
8297 2 2 10 1 1798 1800 1799
8298 2 2 10 1 1523 6211 1521
8299 2 2 10 1 6585 6686 2819
8300 2 2 10 1 730 5819 5588
8301 2 2 10 1 3910 4025 3908
8302 2 2 10 1 896 5970 894
8303 2 2 10 1 1530 6212 1528
8304 2 2 10 1 6018 6171 1337
8305 2 2 10 1 4031 4034 3912
8306 2 2 10 1 2543 5809 2562
8307 2 2 10 1 377 5963 376
8308 2 2 10 1 1173 1174 1171
8309 2 2 10 1 3251 5331 5330
8310 2 2 10 1 4090 4352 4036
8311 2 2 10 1 3797 4940 3615
8312 2 2 10 1 3463 5988 5985
8313 2 2 10 1 2493 6143 2495
8314 2 2 10 1 4129 4393 4092
8315 2 2 10 1 2703 6150 2457
8316 2 2 10 1 730 5588 5587
8317 2 2 10 1 3903 4127 3801
8318 2 2 10 1 4061 4381 3339
8319 2 2 10 1 3366 5962 3418
8320 2 2 10 1 3568 3570 3569
8321 2 2 10 1 2650 5964 2619
8322 2 2 10 1 3705 6465 1872
8323 2 2 10 1 5729 5997 5996
8324 2 2 10 1 3410 5895 5894
8325 2 2 10 1 892 6070 890
8326 2 2 10 1 5732 5999 5998
8327 2 2 10 1 2320 6008 1824
8328 2 2 10 1 372 5969 371
8329 2 2 10 1 3418 5960 5959
8330 2 2 10 1 2297 6130 1732
8331 2 2 10 1 3664 3665 3663
8332 2 2 10 1 1678 1679 1677
8333 2 2 10 1 890 6072 888
8334 2 2 10 1 3493 4413 4412
8335 2 2 10 1 3568 3569 3567
8336 2 2 10 1 4042 4094 4093
8337 2 2 10 1 648 650 649
8338 2 2 10 1 2918 6216 2916
8339 2 2 10 1 1428 6326 1378
8340 2 2 10 1 5783 5784 3945
8341 2 2 10 1 6015 6163 814
8342 2 2 10 1 1818 2216 1817
8343 2 2 10 1 1072 4571 4570
8344 2 2 10 1 1047 4581 4580
8345 2 2 10 1 999 4565 4564
8346 2 2 10 1 1506 5304 4745
8347 2 2 10 1 1196 4602 4601
8348 2 2 10 1 4743 4998 1146
8349 2 2 10 1 1400 7808 7597
8350 2 2 10 1 1251 1253 1252
8351 2 2 10 1 167 6086 166
8352 2 2 10 1 131 6087 130
8353 2 2 10 1 166 564 165
8354 2 2 10 1 103 6090 102
8355 2 2 10 1 140 498 139
8356 2 2 10 1 135 499 134
8357 2 2 10 1 142 624 141
8358 2 2 10 1 145 496 144
8359 2 2 10 1 107 6094 106
8360 2 2 10 1 100 620 99
8361 2 2 10 1 109 6088 108
8362 2 2 10 1 125 501 124
8363 2 2 10 1 138 618 137
8364 2 2 10 1 98 556 97
8365 2 2 10 1 106 535 105
8366 2 2 10 1 111 6089 110
8367 2 2 10 1 112 621 111
8368 2 2 10 1 115 503 114
8369 2 2 10 1 123 622 122
8370 2 2 10 1 127 623 126
8371 2 2 10 1 153 617 152
8372 2 2 10 1 119 6091 118
8373 2 2 10 1 147 616 146
8374 2 2 10 1 155 494 154
8375 2 2 10 1 157 626 156
8376 2 2 10 1 163 543 162
8377 2 2 10 1 168 631 167
8378 2 2 10 1 150 495 149
8379 2 2 10 1 102 493 101
8380 2 2 10 1 104 625 103
8381 2 2 10 1 108 619 107
8382 2 2 10 1 110 504 109
8383 2 2 10 1 118 614 117
8384 2 2 10 1 120 502 119
8385 2 2 10 1 130 500 129
8386 2 2 10 1 132 615 131
8387 2 2 10 1 159 536 158
8388 2 2 10 1 161 613 160
8389 2 2 10 1 160 6093 159
8390 2 2 10 1 124 6092 123
8391 2 2 10 1 126 6095 125
8392 2 2 10 1 1809 6214 2334
8393 2 2 10 1 1410 5825 1300
8394 2 2 10 1 542 5275 403
8395 2 2 10 1 265 5833 264
8396 2 2 10 1 268 5834 267
8397 2 2 10 1 270 5835 269
8398 2 2 10 1 278 5836 277
8399 2 2 10 1 288 5837 287
8400 2 2 10 1 291 5839 290
8401 2 2 10 1 294 5841 293
8402 2 2 10 1 300 5843 299
8403 2 2 10 1 3912 6218 3910
8404 2 2 10 1 315 5844 314
8405 2 2 10 1 318 5845 317
8406 2 2 10 1 321 5846 320
8407 2 2 10 1 324 5847 323
8408 2 2 10 1 326 5848 325
8409 2 2 10 1 331 5850 330
8410 2 2 10 1 1944 1945 1943
8411 2 2 10 1 333 5851 332
8412 2 2 10 1 3410 5896 5895
8413 2 2 10 1 4776 6462 4775
8414 2 2 10 1 3374 5988 3463
8415 2 2 10 1 337 5852 336
8416 2 2 10 1 848 986 846
8417 2 2 10 1 5751 6161 5752
8418 2 2 10 1 343 5853 342
8419 2 2 10 1 345 5855 344
8420 2 2 10 1 1206 1208 1207
8421 2 2 10 1 361 5861 360
8422 2 2 10 1 2877 6253 2908
8423 2 2 10 1 347 5856 346
8424 2 2 10 1 4092 6220 4090
8425 2 2 10 1 6167 6399 2018
8426 2 2 10 1 356 5858 355
8427 2 2 10 1 1854 1855 1853
8428 2 2 10 1 2482 5808 2480
8429 2 2 10 1 1204 1206 1205
8430 2 2 10 1 427 4755 428
8431 2 2 10 1 448 1180 449
8432 2 2 10 1 439 1087 440
8433 2 2 10 1 435 4698 436
8434 2 2 10 1 432 4638 433
8435 2 2 10 1 433 1047 434
8436 2 2 10 1 436 1044 437
8437 2 2 10 1 428 1506 429
8438 2 2 10 1 442 1133 443
8439 2 2 10 1 457 4751 458
8440 2 2 10 1 454 1187 455
8441 2 2 10 1 451 1159 452
8442 2 2 10 1 426 1016 427
8443 2 2 10 1 461 4697 462
8444 2 2 10 1 425 4593 426
8445 2 2 10 1 459 1196 460
8446 2 2 10 1 5 4641 410
8447 2 2 10 1 456 1505 457
8448 2 2 10 1 430 1072 431
8449 2 2 10 1 420 977 421
8450 2 2 10 1 463 4683 464
8451 2 2 10 1 418 4640 419
8452 2 2 10 1 414 829 415
8453 2 2 10 1 469 729 5
8454 2 2 10 1 423 999 424
8455 2 2 10 1 462 1209 463
8456 2 2 10 1 417 951 418
8457 2 2 10 1 467 1504 468
8458 2 2 10 1 445 1146 446
8459 2 2 10 1 410 4610 411
8460 2 2 10 1 466 4756 467
8461 2 2 10 1 464 4639 465
8462 2 2 10 1 411 755 412
8463 2 2 10 1 468 4618 469
8464 2 2 10 1 422 5859 423
8465 2 2 10 1 465 1221 466
8466 2 2 10 1 3463 5985 5984
8467 2 2 10 1 1765 3649 1763
8468 2 2 10 1 1986 6213 5819
8469 2 2 10 1 1771 1773 1770
8470 2 2 10 1 3645 3735 3646
8471 2 2 10 1 2330 6453 4980
8472 2 2 10 1 4690 6084 6083
8473 2 2 10 1 2719 2953 2952
8474 2 2 10 1 5466 6007 5461
8475 2 2 10 1 4235 6126 4147
8476 2 2 10 1 1911 1913 1912
8477 2 2 10 1 5588 5591 5589
8478 2 2 10 1 1060 1065 1061
8479 2 2 10 1 3908 6248 3904
8480 2 2 10 1 5360 6210 5363
8481 2 2 10 1 2124 5182 2430
8482 2 2 10 1 1013 1015 1014
8483 2 2 10 1 1796 1798 1797
8484 2 2 10 1 2730 5624 5623
8485 2 2 10 1 74 5878 482
8486 2 2 10 1 3386 5896 3410
8487 2 2 10 1 4382 6129 4151
8488 2 2 10 1 165 6140 164
8489 2 2 10 1 596 5878 75
8490 2 2 10 1 870 6022 868
8491 2 2 10 1 3516 6334 6223
8492 2 2 10 1 1858 1860 1859
8493 2 2 10 1 843 2052 845
8494 2 2 10 1 1154 1156 1155
8495 2 2 10 1 3003 4776 4775
8496 2 2 10 1 3794 6418 5611
8497 2 2 10 1 4454 6132 4155
8498 2 2 10 1 4073 6923 4742
8499 2 2 10 1 2162 2166 2164
8500 2 2 10 1 6037 6188 3541
8501 2 2 10 1 2082 2083 2080
8502 2 2 10 1 1018 1020 1019
8503 2 2 10 1 5562 6484 1106
8504 2 2 10 1 1942 1943 1941
8505 2 2 10 1 2792 5683 5682
8506 2 2 10 1 1535 1537 1536
8507 2 2 10 1 2142 6391 2122
8508 2 2 10 1 691 5819 730
8509 2 2 10 1 4052 7043 4051
8510 2 2 10 1 862 6055 860
8511 2 2 10 1 6274 7473 6141
8512 2 2 10 1 3208 6058 3268
8513 2 2 10 1 4672 4673 4671
8514 2 2 10 1 2151 2152 2150
8515 2 2 10 1 79 5888 484
8516 2 2 10 1 1397 5870 1278
8517 2 2 10 1 3275 7543 5686
8518 2 2 10 1 3975 4096 3973
8519 2 2 10 1 2617 2783 2616
8520 2 2 10 1 595 5888 80
8521 2 2 10 1 2486 5874 2484
8522 2 2 10 1 1225 1226 1223
8523 2 2 10 1 2744 2889 2745
8524 2 2 10 1 4241 6458 4450
8525 2 2 10 1 1849 2401 2203
8526 2 2 10 1 858 6114 856
8527 2 2 10 1 6223 6334 3254
8528 2 2 10 1 707 5931 2012
8529 2 2 10 1 2490 5879 2488
8530 2 2 10 1 4078 6323 3698
8531 2 2 10 1 2474 6343 2294
8532 2 2 10 1 2813 5696 5695
8533 2 2 10 1 3802 3905 3904
8534 2 2 10 1 2313 6706 1903
8535 2 2 10 1 3798 3803 3800
8536 2 2 10 1 4842 4843 4841
8537 2 2 10 1 5102 5103 3807
8538 2 2 10 1 3614 3648 3616
8539 2 2 10 1 2494 5884 2492
8540 2 2 10 1 1962 1963 1961
8541 2 2 10 1 856 6116 854
8542 2 2 10 1 4032 4366 4035
8543 2 2 10 1 2431 6575 2142
8544 2 2 10 1 2168 2772 2228
8545 2 2 10 1 3909 4224 3911
8546 2 2 10 1 2498 5890 2496
8547 2 2 10 1 1467 1532 1468
8548 2 2 10 1 942 6145 794
8549 2 2 10 1 1987 5825 1410
8550 2 2 10 1 4980 7170 4982
8551 2 2 10 1 2055 7079 6299
8552 2 2 10 1 4130 4240 4131
8553 2 2 10 1 2653 2654 2333
8554 2 2 10 1 6049 6197 1391
8555 2 2 10 1 2265 2310 1866
8556 2 2 10 1 2502 5897 2500
8557 2 2 10 1 852 6120 850
8558 2 2 10 1 5081 6113 4666
8559 2 2 10 1 999 4564 424
8560 2 2 10 1 1072 4570 431
8561 2 2 10 1 829 4568 415
8562 2 2 10 1 1196 4601 460
8563 2 2 10 1 1047 4580 434
8564 2 2 10 1 1044 4614 437
8565 2 2 10 1 445 4743 1146
8566 2 2 10 1 1506 4745 429
8567 2 2 10 1 4751 4752 458
8568 2 2 10 1 1159 4630 452
8569 2 2 10 1 1187 4631 455
8570 2 2 10 1 1146 5152 446
8571 2 2 10 1 755 5197 412
8572 2 2 10 1 414 4714 829
8573 2 2 10 1 2000 2002 2001
8574 2 2 10 1 451 7131 1159
8575 2 2 10 1 2830 4102 2917
8576 2 2 10 1 2845 5740 5739
8577 2 2 10 1 2480 2807 2481
8578 2 2 10 1 84 5891 486
8579 2 2 10 1 2826 3465 2828
8580 2 2 10 1 2506 5904 2504
8581 2 2 10 1 3919 6021 2605
8582 2 2 10 1 2022 6152 798
8583 2 2 10 1 2771 6141 2826
8584 2 2 10 1 2396 6125 2788
8585 2 2 10 1 4171 4172 4168
8586 2 2 10 1 1535 1536 1534
8587 2 2 10 1 4666 5968 3451
8588 2 2 10 1 884 5951 882
8589 2 2 10 1 594 5891 85
8590 2 2 10 1 2767 3437 2769
8591 2 2 10 1 1034 1035 1033
8592 2 2 10 1 6053 6201 1419
8593 2 2 10 1 2765 6142 2767
8594 2 2 10 1 2510 5905 2508
8595 2 2 10 1 2702 5902 2701
8596 2 2 10 1 5752 6243 1592
8597 2 2 10 1 2761 2962 2763
8598 2 2 10 1 1531 2044 1535
8599 2 2 10 1 4997 6976 4996
8600 2 2 10 1 955 6156 804
8601 2 2 10 1 1524 1660 1529
8602 2 2 10 1 2790 5875 5874
8603 2 2 10 1 2741 2744 2743
8604 2 2 10 1 2514 5911 2512
8605 2 2 10 1 2755 2943 2757
8606 2 2 10 1 2859 5749 5748
8607 2 2 10 1 1517 2045 1522
8608 2 2 10 1 3606 5902 2702
8609 2 2 10 1 1396 5812 639
8610 2 2 10 1 1502 1587 1515
8611 2 2 10 1 2674 2679 2676
8612 2 2 10 1 2749 2921 2751
8613 2 2 10 1 1800 1802 1801
8614 2 2 10 1 2518 5913 2516
8615 2 2 10 1 1488 2046 1491
8616 2 2 10 1 2747 6148 2749
8617 2 2 10 1 2164 6119 2165
8618 2 2 10 1 2023 6158 810
8619 2 2 10 1 2642 2697 2644
8620 2 2 10 1 1484 1543 1486
8621 2 2 10 1 4497 6458 4243
8622 2 2 10 1 1482 6154 1484
8623 2 2 10 1 2735 5885 5884
8624 2 2 10 1 5185 7125 4858
8625 2 2 10 1 2010 6008 2314
8626 2 2 10 1 2647 6027 2594
8627 2 2 10 1 2638 2688 2640
8628 2 2 10 1 2522 5917 2520
8629 2 2 10 1 1478 2047 1480
8630 2 2 10 1 2884 5757 5756
8631 2 2 10 1 1462 1467 1464
8632 2 2 10 1 4130 4131 4129
8633 2 2 10 1 1667 1668 1666
8634 2 2 10 1 1474 1542 1476
8635 2 2 10 1 1447 5280 1460
8636 2 2 10 1 575 5275 5274
8637 2 2 10 1 1470 3491 1472
8638 2 2 10 1 2632 2995 2634
8639 2 2 10 1 1905 1907 1906
8640 2 2 10 1 2362 2364 2360
8641 2 2 10 1 4167 4171 4168
8642 2 2 10 1 2526 5919 2524
8643 2 2 10 1 1400 1401 1390
8644 2 2 10 1 1435 1452 1445
8645 2 2 10 1 2904 2905 2903
8646 2 2 10 1 1453 6166 1333
8647 2 2 10 1 2606 5928 5925
8648 2 2 10 1 2709 5898 5897
8649 2 2 10 1 1430 2048 1432
8650 2 2 10 1 2628 2847 2630
8651 2 2 10 1 2984 2985 2983
8652 2 2 10 1 3466 6104 4767
8653 2 2 10 1 2807 4221 2808
8654 2 2 10 1 2948 6325 4391
8655 2 2 10 1 1420 1442 1422
8656 2 2 10 1 2811 2812 2450
8657 2 2 10 1 2530 5925 2528
8658 2 2 10 1 5423 6265 5422
8659 2 2 10 1 670 671 669
8660 2 2 10 1 3564 4438 3566
8661 2 2 10 1 2826 6141 3465
8662 2 2 10 1 2025 6174 821
8663 2 2 10 1 1394 2049 1407
8664 2 2 10 1 2835 4136 3647
8665 2 2 10 1 2622 2833 2624
8666 2 2 10 1 2975 6200 4351
8667 2 2 10 1 3560 4430 3562
8668 2 2 10 1 5353 6039 5349
8669 2 2 10 1 1388 1426 1392
8670 2 2 10 1 2534 5926 2532
8671 2 2 10 1 3556 4416 3558
8672 2 2 10 1 2767 6142 3437
8673 2 2 10 1 2686 5906 5905
8674 2 2 10 1 847 848 846
8675 2 2 10 1 4145 6191 4142
8676 2 2 10 1 5228 6907 5244
8677 2 2 10 1 973 6177 826
8678 2 2 10 1 1375 2050 1377
8679 2 2 10 1 56 6144 475
8680 2 2 10 1 3552 4404 3554
8681 2 2 10 1 2618 3448 2620
8682 2 2 10 1 7462 7618 7540
8683 2 2 10 1 2274 2276 2275
8684 2 2 10 1 3548 4389 3550
8685 2 2 10 1 1769 1770 1767
8686 2 2 10 1 1359 1413 1370
8687 2 2 10 1 2538 5941 2536
8688 2 2 10 1 3542 3587 3544
8689 2 2 10 1 1354 2051 1357
8690 2 2 10 1 3466 4767 3494
8691 2 2 10 1 7223 7315 6297
8692 2 2 10 1 3538 4368 3540
8693 2 2 10 1 5857 7336 4797
8694 2 2 10 1 2542 5965 2540
8695 2 2 10 1 3355 3358 3352
8696 2 2 10 1 1350 1395 1352
8697 2 2 10 1 2668 5914 5913
8698 2 2 10 1 1327 1355 1328
8699 2 2 10 1 1735 1736 1658
8700 2 2 10 1 475 6144 5793
8701 2 2 10 1 3534 4359 3536
8702 2 2 10 1 839 1124 841
8703 2 2 10 1 2459 6333 2364
8704 2 2 10 1 3782 6186 3533
8705 2 2 10 1 836 6185 839
8706 2 2 10 1 1346 2053 1348
8707 2 2 10 1 2871 2872 2821
8708 2 2 10 1 2749 6148 2921
8709 2 2 10 1 3530 4353 3532
8710 2 2 10 1 328 6474 327
8711 2 2 10 1 545 5838 5837
8712 2 2 10 1 478 5840 5839
8713 2 2 10 1 2788 6125 3462
8714 2 2 10 1 546 5842 5841
8715 2 2 10 1 3078 3079 3077
8716 2 2 10 1 4230 4394 3586
8717 2 2 10 1 832 1108 834
8718 2 2 10 1 3451 5968 2477
8719 2 2 10 1 1342 1383 1344
8720 2 2 10 1 3526 4312 3528
8721 2 2 10 1 1484 6154 1543
8722 2 2 10 1 1601 1602 1600
8723 2 2 10 1 845 847 846
8724 2 2 10 1 825 2054 830
8725 2 2 10 1 3764 6187 3537
8726 2 2 10 1 1868 2181 2180
8727 2 2 10 1 820 1093 823
8728 2 2 10 1 1338 2055 1340
8729 2 2 10 1 3715 3716 2654
8730 2 2 10 1 2272 2274 2273
8731 2 2 10 1 6377 6480 543
8732 2 2 10 1 2648 5920 5919
8733 2 2 10 1 2311 2698 2310
8734 2 2 10 1 4864 4870 4866
8735 2 2 10 1 4224 7054 6962
8736 2 2 10 1 3325 6061 3333
8737 2 2 10 1 815 2056 818
8738 2 2 10 1 261 6255 260
8739 2 2 10 1 59 6160 554
8740 2 2 10 1 3021 3022 3020
8741 2 2 10 1 1334 1368 1336
8742 2 2 10 1 3164 5976 3162
8743 2 2 10 1 6068 6450 3321
8744 2 2 10 1 4648 4649 3716
8745 2 2 10 1 1663 6305 2377
8746 2 2 10 1 1588 2718 1512
8747 2 2 10 1 811 1083 813
8748 2 2 10 1 1324 1327 1326
8749 2 2 10 1 1416 6252 3470
8750 2 2 10 1 5927 5929 5928
8751 2 2 10 1 4236 4491 4237
8752 2 2 10 1 2957 2959 2958
8753 2 2 10 1 2407 2409 2318
8754 2 2 10 1 2089 2318 1736
8755 2 2 10 1 1330 2074 1332
8756 2 2 10 1 806 2058 809
8757 2 2 10 1 3509 3510 3507
8758 2 2 10 1 2087 2088 2085
8759 2 2 10 1 4024 4119 2872
8760 2 2 10 1 4026 4027 2682
8761 2 2 10 1 3781 4484 3503
8762 2 2 10 1 3517 3518 3516
8763 2 2 10 1 2314 6008 5220
8764 2 2 10 1 3906 6192 3547
8765 2 2 10 1 3507 6199 1712
8766 2 2 10 1 1319 2057 1322
8767 2 2 10 1 6028 6029 5990
8768 2 2 10 1 2292 6251 2464
8769 2 2 10 1 3170 5980 3168
8770 2 2 10 1 801 1079 803
8771 2 2 10 1 1727 6250 2158
8772 2 2 10 1 4231 4232 2614
8773 2 2 10 1 4369 4563 4562
8774 2 2 10 1 3497 4737 3496
8775 2 2 10 1 4239 5775 5774
8776 2 2 10 1 1372 1378 1295
8777 2 2 10 1 3988 6193 3551
8778 2 2 10 1 2850 6251 2437
8779 2 2 10 1 3326 6061 3325
8780 2 2 10 1 795 2059 797
8781 2 2 10 1 3021 3514 3274
8782 2 2 10 1 3501 3503 3499
8783 2 2 10 1 3515 3516 3274
8784 2 2 10 1 3515 3765 3517
8785 2 2 10 1 2257 2258 2256
8786 2 2 10 1 1315 1320 1317
8787 2 2 10 1 3748 3749 3747
8788 2 2 10 1 6148 6149 2921
8789 2 2 10 1 789 1000 793
8790 2 2 10 1 3498 3500 3499
8791 2 2 10 1 3303 3340 3332
8792 2 2 10 1 4029 6194 3555
8793 2 2 10 1 1669 6252 1500
8794 2 2 10 1 1601 3506 1712
8795 2 2 10 1 4140 4659 4141
8796 2 2 10 1 781 2060 783
8797 2 2 10 1 3078 3498 3286
8798 2 2 10 1 2089 2408 2407
8799 2 2 10 1 569 6038 46
8800 2 2 10 1 3500 3502 3501
8801 2 2 10 1 554 6160 5790
8802 2 2 10 1 2619 5964 2617
8803 2 2 10 1 3500 6367 3504
8804 2 2 10 1 3508 3511 3509
8805 2 2 10 1 4064 6195 3559
8806 2 2 10 1 6429 6555 2309
8807 2 2 10 1 3248 3259 3242
8808 2 2 10 1 4158 4458 4165
8809 2 2 10 1 4515 4516 3779
8810 2 2 10 1 776 982 778
8811 2 2 10 1 3506 3508 3507
8812 2 2 10 1 4469 4471 3980
8813 2 2 10 1 2408 2777 2682
8814 2 2 10 1 799 827 800
8815 2 2 10 1 3483 5110 3863
8816 2 2 10 1 4083 6198 3563
8817 2 2 10 1 4152 5083 4154
8818 2 2 10 1 771 2061 773
8819 2 2 10 1 1325 3483 2024
8820 2 2 10 1 1934 1936 1935
8821 2 2 10 1 2321 3637 2647
8822 2 2 10 1 1335 6171 1453
8823 2 2 10 1 4148 4769 4150
8824 2 2 10 1 2241 2243 2242
8825 2 2 10 1 5359 6210 5360
8826 2 2 10 1 1533 6032 6031
8827 2 2 10 1 57 6144 56
8828 2 2 10 1 767 971 769
8829 2 2 10 1 3508 6368 3512
8830 2 2 10 1 4068 4140 4070
8831 2 2 10 1 2125 5182 2124
8832 2 2 10 1 4143 4711 4146
8833 2 2 10 1 1729 6281 5818
8834 2 2 10 1 760 2064 763
8835 2 2 10 1 1549 6043 6042
8836 2 2 10 1 3928 4109 3993
8837 2 2 10 1 6066 6067 5923
8838 2 2 10 1 4394 6138 3586
8839 2 2 10 1 3666 3667 3665
8840 2 2 10 1 1202 1204 1203
8841 2 2 10 1 2029 6204 1431
8842 2 2 10 1 756 964 758
8843 2 2 10 1 1520 6974 4784
8844 2 2 10 1 3851 3883 3882
8845 2 2 10 1 3624 4726 2699
8846 2 2 10 1 749 2069 751
8847 2 2 10 1 5363 6210 5376
8848 2 2 10 1 839 6185 1124
8849 2 2 10 1 3689 3692 3691
8850 2 2 10 1 60 6160 59
8851 2 2 10 1 3287 3288 3260
8852 2 2 10 1 2030 6205 1475
8853 2 2 10 1 743 957 745
8854 2 2 10 1 5027 5219 5024
8855 2 2 10 1 1899 1900 1898
8856 2 2 10 1 1129 1130 1128
8857 2 2 10 1 5163 5164 1423
8858 2 2 10 1 4019 4104 2289
8859 2 2 10 1 650 652 651
8860 2 2 10 1 7623 7732 4670
8861 2 2 10 1 695 5819 691
8862 2 2 10 1 1717 6208 1479
8863 2 2 10 1 3428 3474 3473
8864 2 2 10 1 737 2072 741
8865 2 2 10 1 1774 1775 1773
8866 2 2 10 1 3206 6048 3204
8867 2 2 10 1 2032 6209 1483
8868 2 2 10 1 1136 1137 1135
8869 2 2 10 1 2432 2913 2786
8870 2 2 10 1 733 954 735
8871 2 2 10 1 2960 3897 3896
8872 2 2 10 1 6096 6097 5971
8873 2 2 10 1 5356 6039 5353
8874 2 2 10 1 2886 2887 2563
8875 2 2 10 1 2633 6215 2791
8876 2 2 10 1 3420 3423 3422
8877 2 2 10 1 3470 5870 1397
8878 2 2 10 1 3210 6058 3208
8879 2 2 10 1 946 949 948
8880 2 2 10 1 2322 7113 1803
8881 2 2 10 1 5579 6482 3989
8882 2 2 10 1 5534 6582 5455
8883 2 2 10 1 2456 2458 2457
8884 2 2 10 1 986 6164 846
8885 2 2 10 1 1680 1681 1679
8886 2 2 10 1 3897 3899 3898
8887 2 2 10 1 5404 5410 5407
8888 2 2 10 1 4344 4373 4346
8889 2 2 10 1 720 1111 722
8890 2 2 10 1 3409 3415 3412
8891 2 2 10 1 2887 5237 2563
8892 2 2 10 1 5372 6147 5375
8893 2 2 10 1 5363 5376 5365
8894 2 2 10 1 2205 2385 1833
8895 2 2 10 1 5431 5811 5434
8896 2 2 10 1 1656 1735 1658
8897 2 2 10 1 5367 5373 5370
8898 2 2 10 1 1630 1718 1632
8899 2 2 10 1 1901 1902 1900
8900 2 2 10 1 4324 4417 4326
8901 2 2 10 1 1581 1670 1583
8902 2 2 10 1 1604 2037 1606
8903 2 2 10 1 1644 1750 1646
8904 2 2 10 1 1620 1687 1622
8905 2 2 10 1 1463 2456 2031
8906 2 2 10 1 1650 1673 1652
8907 2 2 10 1 1626 2070 1628
8908 2 2 10 1 2174 6211 1523
8909 2 2 10 1 1634 2067 1636
8910 2 2 10 1 1616 2065 1618
8911 2 2 10 1 1557 1684 1559
8912 2 2 10 1 1567 2071 1569
8913 2 2 10 1 1565 6250 1727
8914 2 2 10 1 1585 2068 1596
8915 2 2 10 1 1610 1704 1612
8916 2 2 10 1 2458 2702 2701
8917 2 2 10 1 1895 1896 1894
8918 2 2 10 1 3119 3283 3121
8919 2 2 10 1 3010 3989 3012
8920 2 2 10 1 1551 1697 1553
8921 2 2 10 1 1638 1671 1640
8922 2 2 10 1 3050 3270 3052
8923 2 2 10 1 3584 4230 3586
8924 2 2 10 1 1598 1601 1600
8925 2 2 10 1 1546 2066 1548
8926 2 2 10 1 3572 3793 3574
8927 2 2 10 1 3095 3301 3097
8928 2 2 10 1 2437 6251 2292
8929 2 2 10 1 3091 3279 3093
8930 2 2 10 1 3578 3824 3580
8931 2 2 10 1 3123 3278 3125
8932 2 2 10 1 3024 3254 3026
8933 2 2 10 1 3107 3294 3109
8934 2 2 10 1 3115 3289 3117
8935 2 2 10 1 2321 2647 2594
8936 2 2 10 1 3111 3291 3113
8937 2 2 10 1 3085 3300 3087
8938 2 2 10 1 3081 3298 3083
8939 2 2 10 1 3066 3258 3069
8940 2 2 10 1 3054 3257 3056
8941 2 2 10 1 3075 3078 3077
8942 2 2 10 1 3046 3253 3048
8943 2 2 10 1 3040 3256 3042
8944 2 2 10 1 3071 3271 3073
8945 2 2 10 1 3036 3269 3038
8946 2 2 10 1 4249 4396 4247
8947 2 2 10 1 3101 3275 3103
8948 2 2 10 1 4285 4376 4283
8949 2 2 10 1 3014 3337 3016
8950 2 2 10 1 3030 3255 3032
8951 2 2 10 1 4301 4302 4299
8952 2 2 10 1 2158 2727 2160
8953 2 2 10 1 4265 4308 4263
8954 2 2 10 1 3060 3067 3062
8955 2 2 10 1 2226 6212 1530
8956 2 2 10 1 3018 3021 3020
8957 2 2 10 1 4297 4685 4295
8958 2 2 10 1 4289 4311 4287
8959 2 2 10 1 4044 4046 2850
8960 2 2 10 1 1837 2323 1669
8961 2 2 10 1 4271 4694 4269
8962 2 2 10 1 4279 4306 4277
8963 2 2 10 1 2409 2871 2821
8964 2 2 10 1 4293 4307 4291
8965 2 2 10 1 4259 4309 4257
8966 2 2 10 1 4275 4545 4273
8967 2 2 10 1 1500 6252 1416
8968 2 2 10 1 549 5992 312
8969 2 2 10 1 472 5991 309
8970 2 2 10 1 1183 1184 1182
8971 2 2 10 1 548 5989 306
8972 2 2 10 1 476 5982 297
8973 2 2 10 1 1537 1674 1539
8974 2 2 10 1 3403 3417 3405
8975 2 2 10 1 3683 4661 3681
8976 2 2 10 1 4236 4237 3823
8977 2 2 10 1 3819 3878 3788
8978 2 2 10 1 3672 4677 3670
8979 2 2 10 1 3725 3849 3723
8980 2 2 10 1 3599 4553 3597
8981 2 2 10 1 3786 4526 3784
8982 2 2 10 1 714 941 716
8983 2 2 10 1 3628 3828 3626
8984 2 2 10 1 3774 4546 3772
8985 2 2 10 1 3589 4038 2779
8986 2 2 10 1 3835 4509 3833
8987 2 2 10 1 5708 5709 476
8988 2 2 10 1 3759 4223 3734
8989 2 2 10 1 3732 4123 3687
8990 2 2 10 1 3593 3926 3591
8991 2 2 10 1 3842 6381 3844
8992 2 2 10 1 4190 4410 4188
8993 2 2 10 1 3831 3931 3813
8994 2 2 10 1 4316 5077 4208
8995 2 2 10 1 4369 4562 3847
8996 2 2 10 1 3763 4363 3761
8997 2 2 10 1 3685 4023 3659
8998 2 2 10 1 4196 4657 4194
8999 2 2 10 1 3809 3991 3792
9000 2 2 10 1 2245 2247 2246
9001 2 2 10 1 4186 4693 4184
9002 2 2 10 1 631 6086 167
9003 2 2 10 1 166 6086 564
9004 2 2 10 1 615 6087 131
9005 2 2 10 1 621 6089 111
9006 2 2 10 1 502 6091 119
9007 2 2 10 1 613 6093 160
9008 2 2 10 1 130 6087 500
9009 2 2 10 1 102 6090 493
9010 2 2 10 1 619 6094 107
9011 2 2 10 1 108 6088 619
9012 2 2 10 1 504 6088 109
9013 2 2 10 1 106 6094 535
9014 2 2 10 1 625 6090 103
9015 2 2 10 1 110 6089 504
9016 2 2 10 1 125 6095 501
9017 2 2 10 1 118 6091 614
9018 2 2 10 1 501 6092 124
9019 2 2 10 1 123 6092 622
9020 2 2 10 1 159 6093 536
9021 2 2 10 1 623 6095 126
9022 2 2 10 1 4206 4747 4204
9023 2 2 10 1 5719 5720 548
9024 2 2 10 1 3271 6367 6238
9025 2 2 10 1 3623 4040 3621
9026 2 2 10 1 4182 4704 4180
9027 2 2 10 1 4202 4547 4200
9028 2 2 10 1 5722 5723 472
9029 2 2 10 1 4178 4712 4176
9030 2 2 10 1 3505 4521 3502
9031 2 2 10 1 5725 5726 549
9032 2 2 10 1 4780 6471 580
9033 2 2 10 1 5729 5996 470
9034 2 2 10 1 2908 6253 4772
9035 2 2 10 1 5732 5998 550
9036 2 2 10 1 641 5812 2567
9037 2 2 10 1 5735 6000 474
9038 2 2 10 1 706 2075 708
9039 2 2 10 1 3397 3416 3399
9040 2 2 10 1 6106 6107 6004
9041 2 2 10 1 6373 6424 3989
9042 2 2 10 1 3322 6259 5428
9043 2 2 10 1 2659 2660 2658
9044 2 2 10 1 2099 2100 1953
9045 2 2 10 1 4174 4696 4172
9046 2 2 10 1 3899 4716 3900
9047 2 2 10 1 2235 6406 2234
9048 2 2 10 1 3605 3613 3606
9049 2 2 10 1 702 938 704
9050 2 2 10 1 1131 1132 1130
9051 2 2 10 1 5026 5030 5029
9052 2 2 10 1 3568 4443 3570
9053 2 2 10 1 3391 3429 3393
9054 2 2 10 1 1733 6243 1983
9055 2 2 10 1 2573 6263 2227
9056 2 2 10 1 2602 6128 3493
9057 2 2 10 1 1592 6243 1733
9058 2 2 10 1 5468 6338 5465
9059 2 2 10 1 564 6140 165
9060 2 2 10 1 4451 6216 2918
9061 2 2 10 1 696 2063 698
9062 2 2 10 1 4028 4784 2889
9063 2 2 10 1 791 6340 766
9064 2 2 10 1 2795 5808 2482
9065 2 2 10 1 2068 6368 6232
9066 2 2 10 1 1353 6162 1533
9067 2 2 10 1 2469 6358 2270
9068 2 2 10 1 3385 4668 3387
9069 2 2 10 1 2790 5874 2486
9070 2 2 10 1 3368 5962 3366
9071 2 2 10 1 2041 2043 1532
9072 2 2 10 1 1987 6456 6433
9073 2 2 10 1 2939 2981 2938
9074 2 2 10 1 1369 6173 1549
9075 2 2 10 1 2698 3495 2310
9076 2 2 10 1 2775 5879 2490
9077 2 2 10 1 4649 4651 3716
9078 2 2 10 1 3901 7770 7055
9079 2 2 10 1 2831 6257 2746
9080 2 2 10 1 3746 3747 3640
9081 2 2 10 1 4034 6218 3912
9082 2 2 10 1 2735 5884 2494
9083 2 2 10 1 1466 6424 5751
9084 2 2 10 1 4716 4718 4717
9085 2 2 10 1 3379 3721 3383
9086 2 2 10 1 4363 7289 5970
9087 2 2 10 1 2480 2481 2220
9088 2 2 10 1 1453 6171 6169
9089 2 2 10 1 2720 5890 2498
9090 2 2 10 1 4393 6220 4092
9091 2 2 10 1 1161 1163 1162
9092 2 2 10 1 2709 5897 2502
9093 2 2 10 1 1269 1270 1264
9094 2 2 10 1 3273 6311 3198
9095 2 2 10 1 3325 3333 3329
9096 2 2 10 1 639 5812 641
9097 2 2 10 1 5625 6763 2074
9098 2 2 10 1 5927 5928 2606
9099 2 2 10 1 403 5275 402
9100 2 2 10 1 2696 5904 2506
9101 2 2 10 1 3934 6423 5069
9102 2 2 10 1 2579 2739 2414
9103 2 2 10 1 3373 4481 3375
9104 2 2 10 1 2686 5905 2510
9105 2 2 10 1 4588 4680 4585
9106 2 2 10 1 2672 5911 2514
9107 2 2 10 1 3510 6199 3507
9108 2 2 10 1 4718 4720 4719
9109 2 2 10 1 672 673 671
9110 2 2 10 1 3369 4442 3371
9111 2 2 10 1 690 808 694
9112 2 2 10 1 2668 5913 2518
9113 2 2 10 1 2719 2952 2718
9114 2 2 10 1 1735 2089 1736
9115 2 2 10 1 1601 1712 1602
9116 2 2 10 1 2871 4024 2872
9117 2 2 10 1 3078 3286 3079
9118 2 2 10 1 2652 5917 2522
9119 2 2 10 1 3021 3274 3022
9120 2 2 10 1 3361 3362 3360
9121 2 2 10 1 2089 2407 2318
9122 2 2 10 1 4026 4437 4027
9123 2 2 10 1 2698 3496 3495
9124 2 2 10 1 2321 2594 2320
9125 2 2 10 1 1824 2009 1820
9126 2 2 10 1 3365 3482 3367
9127 2 2 10 1 3376 5988 3374
9128 2 2 10 1 3781 4715 4484
9129 2 2 10 1 2002 2005 2003
9130 2 2 10 1 3363 3364 3362
9131 2 2 10 1 1973 6314 3460
9132 2 2 10 1 2648 5919 2526
9133 2 2 10 1 3501 3781 3503
9134 2 2 10 1 3515 3517 3516
9135 2 2 10 1 2333 6172 2311
9136 2 2 10 1 3334 4007 3329
9137 2 2 10 1 2998 6312 3000
9138 2 2 10 1 2239 2241 2240
9139 2 2 10 1 2647 6217 6027
9140 2 2 10 1 3437 7420 6274
9141 2 2 10 1 6313 6369 931
9142 2 2 10 1 3498 3499 3286
9143 2 2 10 1 2976 6410 2974
9144 2 2 10 1 3514 3515 3274
9145 2 2 10 1 3765 3853 3517
9146 2 2 10 1 3500 3501 3499
9147 2 2 10 1 2606 5925 2530
9148 2 2 10 1 3333 3339 3334
9149 2 2 10 1 3496 3999 3495
9150 2 2 10 1 3365 3366 3364
9151 2 2 10 1 2408 2682 2407
9152 2 2 10 1 2957 2958 2955
9153 2 2 10 1 3508 3509 3507
9154 2 2 10 1 3506 3507 1712
9155 2 2 10 1 3511 3867 3509
9156 2 2 10 1 2777 4026 2682
9157 2 2 10 1 4666 6113 5968
9158 2 2 10 1 1983 6243 2728
9159 2 2 10 1 1167 6554 6503
9160 2 2 10 1 4025 6248 3908
9161 2 2 10 1 7177 7554 2447
9162 2 2 10 1 1737 1738 1722
9163 2 2 10 1 2597 5926 2534
9164 2 2 10 1 3466 3494 1355
9165 2 2 10 1 3750 3751 3749
9166 2 2 10 1 3367 3368 3366
9167 2 2 10 1 6238 6367 3498
9168 2 2 10 1 5220 6128 2602
9169 2 2 10 1 3837 6422 2406
9170 2 2 10 1 3359 3469 3361
9171 2 2 10 1 2584 5941 2538
9172 2 2 10 1 1450 1456 1451
9173 2 2 10 1 3369 3370 3368
9174 2 2 10 1 2303 2338 2088
9175 2 2 10 1 2581 5965 2542
9176 2 2 10 1 3371 3372 3370
9177 2 2 10 1 1510 2950 2576
9178 2 2 10 1 1227 6715 6321
9179 2 2 10 1 511 7263 5676
9180 2 2 10 1 5426 6265 5423
9181 2 2 10 1 3359 3360 3357
9182 2 2 10 1 3373 3374 3372
9183 2 2 10 1 1065 1070 1066
9184 2 2 10 1 4719 4721 4717
9185 2 2 10 1 1866 6281 1729
9186 2 2 10 1 3637 3638 2647
9187 2 2 10 1 1802 1804 1803
9188 2 2 10 1 3707 3708 2785
9189 2 2 10 1 936 943 937
9190 2 2 10 1 3375 3376 3374
9191 2 2 10 1 2276 2279 2278
9192 2 2 10 1 3292 5976 3164
9193 2 2 10 1 1208 1211 1210
9194 2 2 10 1 3377 3378 3376
9195 2 2 10 1 3905 3907 3904
9196 2 2 10 1 2311 6172 2698
9197 2 2 10 1 530 5948 386
9198 2 2 10 1 5736 6825 5735
9199 2 2 10 1 6199 6222 1712
9200 2 2 10 1 2953 3891 2952
9201 2 2 10 1 2661 2662 2660
9202 2 2 10 1 597 5950 384
9203 2 2 10 1 3290 5980 3170
9204 2 2 10 1 3379 3380 3378
9205 2 2 10 1 3388 5896 3386
9206 2 2 10 1 385 5948 597
9207 2 2 10 1 1253 1255 1254
9208 2 2 10 1 3110 6310 3308
9209 2 2 10 1 383 5950 522
9210 2 2 10 1 6232 6368 3506
9211 2 2 10 1 2123 2125 2124
9212 2 2 10 1 1831 3633 1760
9213 2 2 10 1 3383 3384 3380
9214 2 2 10 1 2158 6250 2727
9215 2 2 10 1 1688 1689 1668
9216 2 2 10 1 3516 6223 3274
9217 2 2 10 1 334 5604 581
9218 2 2 10 1 6060 6221 3286
9219 2 2 10 1 497 5963 377
9220 2 2 10 1 3385 3386 3384
9221 2 2 10 1 4046 6251 2850
9222 2 2 10 1 2323 6252 1669
9223 2 2 10 1 3258 6626 5671
9224 2 2 10 1 3387 3388 3386
9225 2 2 10 1 376 5963 599
9226 2 2 10 1 2862 4507 2861
9227 2 2 10 1 4809 6682 3855
9228 2 2 10 1 5466 6901 6007
9229 2 2 10 1 3389 3390 3388
9230 2 2 10 1 696 697 695
9231 2 2 10 1 4745 7907 4573
9232 2 2 10 1 1156 1158 1157
9233 2 2 10 1 2744 2745 2743
9234 2 2 10 1 698 699 697
9235 2 2 10 1 3391 3392 3390
9236 2 2 10 1 5341 6824 6764
9237 2 2 10 1 702 703 699
9238 2 2 10 1 3936 3938 3937
9239 2 2 10 1 3393 3394 3392
9240 2 2 10 1 4717 6261 3900
9241 2 2 10 1 3395 3396 3394
9242 2 2 10 1 704 705 703
9243 2 2 10 1 1467 1468 1464
9244 2 2 10 1 1228 1229 1226
9245 2 2 10 1 5283 6159 2959
9246 2 2 10 1 3397 3398 3396
9247 2 2 10 1 706 707 705
9248 2 2 10 1 2982 2983 2981
9249 2 2 10 1 5344 6908 5883
9250 2 2 10 1 3493 6128 4413
9251 2 2 10 1 3399 3400 3398
9252 2 2 10 1 371 5969 558
9253 2 2 10 1 3639 3640 3638
9254 2 2 10 1 2302 2380 2152
9255 2 2 10 1 708 709 707
9256 2 2 10 1 3898 4759 3896
9257 2 2 10 1 3268 6048 3206
9258 2 2 10 1 694 695 691
9259 2 2 10 1 3401 3402 3400
9260 2 2 10 1 2728 6373 2729
9261 2 2 10 1 714 715 709
9262 2 2 10 1 4158 6103 4458
9263 2 2 10 1 3403 3404 3402
9264 2 2 10 1 2960 3895 2958
9265 2 2 10 1 5534 6690 493
9266 2 2 10 1 2807 2808 2481
9267 2 2 10 1 3246 6058 3210
9268 2 2 10 1 929 6313 931
9269 2 2 10 1 716 717 715
9270 2 2 10 1 3405 3406 3404
9271 2 2 10 1 5742 6320 1396
9272 2 2 10 1 600 5861 361
9273 2 2 10 1 3943 6061 3326
9274 2 2 10 1 1020 1022 1021
9275 2 2 10 1 718 719 717
9276 2 2 10 1 3407 3408 3406
9277 2 2 10 1 1937 1940 1939
9278 2 2 10 1 3198 6311 3196
9279 2 2 10 1 709 5931 707
9280 2 2 10 1 1036 1037 1035
9281 2 2 10 1 3409 3411 3408
9282 2 2 10 1 720 721 719
9283 2 2 10 1 3412 3413 3411
9284 2 2 10 1 722 723 721
9285 2 2 10 1 2986 2987 2985
9286 2 2 10 1 3414 3419 3413
9287 2 2 10 1 405 6327 404
9288 2 2 10 1 724 725 723
9289 2 2 10 1 4420 4422 4421
9290 2 2 10 1 4141 4142 4070
9291 2 2 10 1 3420 3421 3419
9292 2 2 10 1 2121 2123 2122
9293 2 2 10 1 733 734 725
9294 2 2 10 1 3422 3425 3421
9295 2 2 10 1 4156 6103 4158
9296 2 2 10 1 3325 3329 3273
9297 2 2 10 1 827 936 828
9298 2 2 10 1 735 736 734
9299 2 2 10 1 3426 3427 3425
9300 2 2 10 1 2678 6278 5827
9301 2 2 10 1 6064 7514 957
9302 2 2 10 1 737 738 736
9303 2 2 10 1 3428 3472 3427
9304 2 2 10 1 3473 3475 3472
9305 2 2 10 1 741 742 738
9306 2 2 10 1 3476 3688 3475
9307 2 2 10 1 4455 4456 4105
9308 2 2 10 1 743 744 742
9309 2 2 10 1 1327 1328 1326
9310 2 2 10 1 3689 3690 3688
9311 2 2 10 1 745 746 744
9312 2 2 10 1 3691 3839 3690
9313 2 2 10 1 3896 6258 3895
9314 2 2 10 1 749 750 746
9315 2 2 10 1 3520 3807 3521
9316 2 2 10 1 3840 3850 3839
9317 2 2 10 1 1328 1329 1326
9318 2 2 10 1 751 752 750
9319 2 2 10 1 3851 3881 3850
9320 2 2 10 1 4375 7217 5256
9321 2 2 10 1 4381 5118 3339
9322 2 2 10 1 2808 3525 2481
9323 2 2 10 1 3668 3981 3667
9324 2 2 10 1 756 757 752
9325 2 2 10 1 3882 3927 3881
9326 2 2 10 1 3696 6459 2267
9327 2 2 10 1 3566 3567 3565
9328 2 2 10 1 3928 3992 3927
9329 2 2 10 1 758 759 757
9330 2 2 10 1 652 654 653
9331 2 2 10 1 4143 4144 4142
9332 2 2 10 1 3993 4067 3992
9333 2 2 10 1 760 761 759
9334 2 2 10 1 5784 5785 3945
9335 2 2 10 1 2104 4163 2106
9336 2 2 10 1 2865 6343 2474
9337 2 2 10 1 4068 4069 4067
9338 2 2 10 1 763 764 761
9339 2 2 10 1 4146 4147 4144
9340 2 2 10 1 767 768 764
9341 2 2 10 1 1776 1777 1775
9342 2 2 10 1 4148 4149 4147
9343 2 2 10 1 1540 1593 1541
9344 2 2 10 1 2889 6302 2745
9345 2 2 10 1 769 770 768
9346 2 2 10 1 4150 4151 4149
9347 2 2 10 1 491 5833 265
9348 2 2 10 1 583 5834 268
9349 2 2 10 1 488 5835 270
9350 2 2 10 1 585 5836 278
9351 2 2 10 1 545 5837 288
9352 2 2 10 1 478 5839 291
9353 2 2 10 1 546 5841 294
9354 2 2 10 1 2654 6172 2333
9355 2 2 10 1 547 5843 300
9356 2 2 10 1 4152 4153 4151
9357 2 2 10 1 771 772 770
9358 2 2 10 1 1356 6162 1353
9359 2 2 10 1 470 5844 315
9360 2 2 10 1 550 5845 318
9361 2 2 10 1 4154 4155 4153
9362 2 2 10 1 474 5846 321
9363 2 2 10 1 773 774 772
9364 2 2 10 1 587 5847 324
9365 2 2 10 1 487 5848 326
9366 2 2 10 1 1824 6008 2010
9367 2 2 10 1 4156 4157 4155
9368 2 2 10 1 517 5850 331
9369 2 2 10 1 581 5851 333
9370 2 2 10 1 776 777 774
9371 2 2 10 1 4167 4168 4166
9372 2 2 10 1 589 5852 337
9373 2 2 10 1 4158 4159 4157
9374 2 2 10 1 4012 6217 3638
9375 2 2 10 1 778 779 777
9376 2 2 10 1 4140 4141 4070
9377 2 2 10 1 4165 4166 4159
9378 2 2 10 1 2959 2960 2958
9379 2 2 10 1 525 5853 343
9380 2 2 10 1 1532 6307 1468
9381 2 2 10 1 781 782 779
9382 2 2 10 1 1468 1469 1464
9383 2 2 10 1 2119 2121 2120
9384 2 2 10 1 591 5855 345
9385 2 2 10 1 783 784 782
9386 2 2 10 1 5726 5992 549
9387 2 2 10 1 519 5856 347
9388 2 2 10 1 5723 5991 472
9389 2 2 10 1 5720 5989 548
9390 2 2 10 1 5709 5982 476
9391 2 2 10 1 789 790 784
9392 2 2 10 1 3079 6221 3081
9393 2 2 10 1 2745 2746 2743
9394 2 2 10 1 793 794 790
9395 2 2 10 1 1705 2843 1579
9396 2 2 10 1 5010 5011 5008
9397 2 2 10 1 3973 6316 3968
9398 2 2 10 1 4999 6351 1436
9399 2 2 10 1 5978 6345 5402
9400 2 2 10 1 4299 6225 4297
9401 2 2 10 1 1374 6173 1369
9402 2 2 10 1 795 796 794
9403 2 2 10 1 4096 5277 3973
9404 2 2 10 1 4692 6002 3484
9405 2 2 10 1 797 798 796
9406 2 2 10 1 646 6366 644
9407 2 2 10 1 801 802 798
9408 2 2 10 1 4295 6226 4293
9409 2 2 10 1 3802 6266 3905
9410 2 2 10 1 3614 6254 3648
9411 2 2 10 1 2952 3929 2718
9412 2 2 10 1 803 804 802
9413 2 2 10 1 1317 1318 1316
9414 2 2 10 1 1330 1331 1329
9415 2 2 10 1 2106 6409 2108
9416 2 2 10 1 1319 1321 1318
9417 2 2 10 1 1434 6332 2029
9418 2 2 10 1 3022 6223 3024
9419 2 2 10 1 806 807 804
9420 2 2 10 1 1602 6222 1604
9421 2 2 10 1 3907 3908 3904
9422 2 2 10 1 809 810 807
9423 2 2 10 1 1322 1323 1321
9424 2 2 10 1 540 5858 356
9425 2 2 10 1 811 812 810
9426 2 2 10 1 3798 6268 3803
9427 2 2 10 1 1332 1333 1331
9428 2 2 10 1 4291 6235 4289
9429 2 2 10 1 1548 6230 1551
9430 2 2 10 1 1324 1325 1323
9431 2 2 10 1 813 814 812
9432 2 2 10 1 2779 6228 2777
9433 2 2 10 1 3016 6233 3018
9434 2 2 10 1 1334 1335 1333
9435 2 2 10 1 815 816 814
9436 2 2 10 1 1539 6231 1546
9437 2 2 10 1 2160 6190 2162
9438 2 2 10 1 1596 6232 1598
9439 2 2 10 1 818 819 816
9440 2 2 10 1 2608 6336 2713
9441 2 2 10 1 1336 1337 1335
9442 2 2 10 1 820 821 819
9443 2 2 10 1 3968 6316 3966
9444 2 2 10 1 3468 6464 1875
9445 2 2 10 1 3526 3527 3525
9446 2 2 10 1 1559 6234 1567
9447 2 2 10 1 4287 6240 4285
9448 2 2 10 1 1338 1339 1337
9449 2 2 10 1 823 824 821
9450 2 2 10 1 3121 6236 3123
9451 2 2 10 1 825 826 824
9452 2 2 10 1 1340 1341 1339
9453 2 2 10 1 3073 6238 3075
9454 2 2 10 1 2906 3436 2905
9455 2 2 10 1 830 831 826
9456 2 2 10 1 1569 6237 1581
9457 2 2 10 1 1342 1343 1341
9458 2 2 10 1 3528 3529 3527
9459 2 2 10 1 3897 3898 3896
9460 2 2 10 1 832 833 831
9461 2 2 10 1 5370 6239 5372
9462 2 2 10 1 834 835 833
9463 2 2 10 1 1774 6560 1776
9464 2 2 10 1 3530 3531 3529
9465 2 2 10 1 1344 1345 1343
9466 2 2 10 1 1533 6162 6032
9467 2 2 10 1 5365 6241 5367
9468 2 2 10 1 836 837 835
9469 2 2 10 1 1549 6173 6043
9470 2 2 10 1 3532 3533 3531
9471 2 2 10 1 1346 1347 1345
9472 2 2 10 1 839 840 837
9473 2 2 10 1 2458 3604 2702
9474 2 2 10 1 3534 3535 3533
9475 2 2 10 1 46 6038 45
9476 2 2 10 1 1066 6365 1061
9477 2 2 10 1 841 842 840
9478 2 2 10 1 1348 1349 1347
9479 2 2 10 1 3536 3537 3535
9480 2 2 10 1 843 844 842
9481 2 2 10 1 3538 3539 3537
9482 2 2 10 1 1350 1351 1349
9483 2 2 10 1 845 846 844
9484 2 2 10 1 3803 6266 3800
9485 2 2 10 1 3540 3541 3539
9486 2 2 10 1 1352 1353 1351
9487 2 2 10 1 3605 3614 3613
9488 2 2 10 1 3784 6242 3774
9489 2 2 10 1 3542 3543 3541
9490 2 2 10 1 1354 1356 1353
9491 2 2 10 1 3544 3545 3543
9492 2 2 10 1 1357 1358 1356
9493 2 2 10 1 3546 3547 3545
9494 2 2 10 1 3548 3549 3547
9495 2 2 10 1 1359 1369 1358
9496 2 2 10 1 3788 6244 3786
9497 2 2 10 1 3550 3551 3549
9498 2 2 10 1 1370 1374 1369
9499 2 2 10 1 3899 3900 3898
9500 2 2 10 1 3648 6268 3616
9501 2 2 10 1 3552 3553 3551
9502 2 2 10 1 1375 1376 1374
9503 2 2 10 1 3554 3555 3553
9504 2 2 10 1 3556 3557 3555
9505 2 2 10 1 1824 2010 2009
9506 2 2 10 1 1377 1387 1376
9507 2 2 10 1 1315 1316 1314
9508 2 2 10 1 3558 3559 3557
9509 2 2 10 1 2830 6273 4102
9510 2 2 10 1 1388 1391 1387
9511 2 2 10 1 3560 3561 3559
9512 2 2 10 1 3591 6245 3589
9513 2 2 10 1 1392 1393 1391
9514 2 2 10 1 2162 6190 2166
9515 2 2 10 1 3562 3563 3561
9516 2 2 10 1 3761 6246 3759
9517 2 2 10 1 1394 1406 1393
9518 2 2 10 1 3564 3565 3563
9519 2 2 10 1 1158 1161 1160
9520 2 2 10 1 2622 2623 2621
9521 2 2 10 1 1407 1419 1406
9522 2 2 10 1 3734 6247 3732
9523 2 2 10 1 1420 1421 1419
9524 2 2 10 1 2579 6020 2739
9525 2 2 10 1 2620 2621 2619
9526 2 2 10 1 2624 2625 2623
9527 2 2 10 1 3640 4012 3638
9528 2 2 10 1 1422 1429 1421
9529 2 2 10 1 1470 1471 1469
9530 2 2 10 1 3604 3605 2702
9531 2 2 10 1 5240 6573 6552
9532 2 2 10 1 2626 2627 2625
9533 2 2 10 1 1430 1431 1429
9534 2 2 10 1 1432 1434 1431
9535 2 2 10 1 2628 2629 2627
9536 2 2 10 1 2771 6274 6141
9537 2 2 10 1 3687 6249 3685
9538 2 2 10 1 6454 6515 5603
9539 2 2 10 1 4408 4464 4407
9540 2 2 10 1 1435 1444 1434
9541 2 2 10 1 3566 3568 3567
9542 2 2 10 1 2630 2631 2629
9543 2 2 10 1 1445 1446 1444
9544 2 2 10 1 1472 1473 1471
9545 2 2 10 1 1447 1459 1446
9546 2 2 10 1 2632 2633 2631
9547 2 2 10 1 1474 1475 1473
9548 2 2 10 1 1929 1932 1930
9549 2 2 10 1 1460 1461 1459
9550 2 2 10 1 2310 6281 1866
9551 2 2 10 1 1966 1967 1965
9552 2 2 10 1 1476 1477 1475
9553 2 2 10 1 2634 2635 2633
9554 2 2 10 1 1462 1463 1461
9555 2 2 10 1 1478 1479 1477
9556 2 2 10 1 3614 3615 3613
9557 2 2 10 1 674 675 673
9558 2 2 10 1 2636 2637 2635
9559 2 2 10 1 1480 1481 1479
9560 2 2 10 1 2747 2748 2746
9561 2 2 10 1 4716 4717 3900
9562 2 2 10 1 1482 1483 1481
9563 2 2 10 1 2638 2639 2637
9564 2 2 10 1 1484 1485 1483
9565 2 2 10 1 2640 2641 2639
9566 2 2 10 1 1486 1487 1485
9567 2 2 10 1 1488 1490 1487
9568 2 2 10 1 2642 2643 2641
9569 2 2 10 1 2765 6275 6142
9570 2 2 10 1 1491 1501 1490
9571 2 2 10 1 2644 2673 2643
9572 2 2 10 1 1502 1514 1501
9573 2 2 10 1 2749 2750 2748
9574 2 2 10 1 1515 1516 1514
9575 2 2 10 1 2674 2675 2673
9576 2 2 10 1 2751 2752 2750
9577 2 2 10 1 1517 1521 1516
9578 2 2 10 1 2676 2677 2675
9579 2 2 10 1 1522 1523 1521
9580 2 2 10 1 4102 6272 2917
9581 2 2 10 1 2753 2754 2752
9582 2 2 10 1 2743 6257 2742
9583 2 2 10 1 1524 1528 1523
9584 2 2 10 1 2678 2740 2677
9585 2 2 10 1 2755 2756 2754
9586 2 2 10 1 1529 1530 1528
9587 2 2 10 1 2741 2742 2740
9588 2 2 10 1 2757 2758 2756
9589 2 2 10 1 1531 1534 1530
9590 2 2 10 1 2759 2760 2758
9591 2 2 10 1 1682 1683 1681
9592 2 2 10 1 2761 2762 2760
9593 2 2 10 1 2763 2764 2762
9594 2 2 10 1 2765 2766 2764
9595 2 2 10 1 3465 6273 2828
9596 2 2 10 1 2767 2768 2766
9597 2 2 10 1 1531 6276 2044
9598 2 2 10 1 2769 2770 2768
9599 2 2 10 1 2771 2825 2770
9600 2 2 10 1 1355 6315 1328
9601 2 2 10 1 2826 2827 2825
9602 2 2 10 1 2828 2829 2827
9603 2 2 10 1 4718 4719 4717
9604 2 2 10 1 2830 2916 2829
9605 2 2 10 1 3909 3910 3908
9606 2 2 10 1 2917 2918 2916
9607 2 2 10 1 2919 3643 2918
9608 2 2 10 1 1453 6168 6166
9609 2 2 10 1 1524 6277 1660
9610 2 2 10 1 6344 6502 2308
9611 2 2 10 1 1316 7552 5201
9612 2 2 10 1 3911 3912 3910
9613 2 2 10 1 3616 3797 3615
9614 2 2 10 1 4030 4031 3912
9615 2 2 10 1 3437 6274 2769
9616 2 2 10 1 4032 4033 4031
9617 2 2 10 1 4035 4036 4033
9618 2 2 10 1 5428 6259 5431
9619 2 2 10 1 4089 4090 4036
9620 2 2 10 1 1042 1043 1041
9621 2 2 10 1 3798 3799 3797
9622 2 2 10 1 4091 4092 4090
9623 2 2 10 1 4128 4129 4092
9624 2 2 10 1 3800 3801 3799
9625 2 2 10 1 1517 6279 2045
9626 2 2 10 1 3802 3903 3801
9627 2 2 10 1 284 6387 586
9628 2 2 10 1 1512 6326 1428
9629 2 2 10 1 3333 3334 3329
9630 2 2 10 1 993 994 992
9631 2 2 10 1 2326 2723 2325
9632 2 2 10 1 4960 7088 3735
9633 2 2 10 1 1502 6280 1587
9634 2 2 10 1 2962 6275 2763
9635 2 2 10 1 3361 3363 3362
9636 2 2 10 1 6380 6479 2337
9637 2 2 10 1 6135 6359 3401
9638 2 2 10 1 3363 3365 3364
9639 2 2 10 1 1488 6282 2046
9640 2 2 10 1 2044 6176 1535
9641 2 2 10 1 3334 4008 4007
9642 2 2 10 1 3365 3367 3366
9643 2 2 10 1 1660 6276 1529
9644 2 2 10 1 3359 3361 3360
9645 2 2 10 1 3367 3369 3368
9646 2 2 10 1 2642 6283 2697
9647 2 2 10 1 2108 2272 2115
9648 2 2 10 1 2618 2619 2617
9649 2 2 10 1 1913 1916 1915
9650 2 2 10 1 2283 2418 1746
9651 2 2 10 1 3369 3371 3370
9652 2 2 10 1 1482 6284 6154
9653 2 2 10 1 2045 6277 1522
9654 2 2 10 1 3371 3373 3372
9655 2 2 10 1 1960 1961 1959
9656 2 2 10 1 3373 3375 3374
9657 2 2 10 1 1587 6279 1515
9658 2 2 10 1 3907 3909 3908
9659 2 2 10 1 1225 6567 1228
9660 2 2 10 1 5475 6384 5472
9661 2 2 10 1 1478 6285 2047
9662 2 2 10 1 2679 6278 2676
9663 2 2 10 1 3375 3377 3376
9664 2 2 10 1 1462 6286 1467
9665 2 2 10 1 3377 3379 3378
9666 2 2 10 1 2046 6280 1491
9667 2 2 10 1 3379 3383 3380
9668 2 2 10 1 1474 6287 1542
9669 2 2 10 1 3383 3385 3384
9670 2 2 10 1 2745 2747 2746
9671 2 2 10 1 3385 3387 3386
9672 2 2 10 1 1447 6288 5280
9673 2 2 10 1 4844 4845 4843
9674 2 2 10 1 3614 3616 3615
9675 2 2 10 1 5296 6505 5297
9676 2 2 10 1 1543 6282 1486
9677 2 2 10 1 3387 3389 3388
9678 2 2 10 1 1468 1470 1469
9679 2 2 10 1 696 698 697
9680 2 2 10 1 3389 3391 3390
9681 2 2 10 1 5314 6492 6054
9682 2 2 10 1 1984 6407 880
9683 2 2 10 1 698 702 699
9684 2 2 10 1 2793 6514 2558
9685 2 2 10 1 3391 3393 3392
9686 2 2 10 1 3802 3904 3903
9687 2 2 10 1 3800 3802 3801
9688 2 2 10 1 4128 4130 4129
9689 2 2 10 1 3616 3798 3797
9690 2 2 10 1 3798 3800 3799
9691 2 2 10 1 4091 4128 4092
9692 2 2 10 1 4089 4091 4090
9693 2 2 10 1 3909 3911 3910
9694 2 2 10 1 4035 4089 4036
9695 2 2 10 1 4032 4035 4033
9696 2 2 10 1 4165 4167 4166
9697 2 2 10 1 702 704 703
9698 2 2 10 1 4030 4032 4031
9699 2 2 10 1 3393 3395 3394
9700 2 2 10 1 3911 4030 3912
9701 2 2 10 1 2798 3855 2339
9702 2 2 10 1 481 6387 285
9703 2 2 10 1 3395 3397 3396
9704 2 2 10 1 704 706 705
9705 2 2 10 1 2960 3896 3895
9706 2 2 10 1 2808 3526 3525
9707 2 2 10 1 2917 2919 2918
9708 2 2 10 1 2830 2917 2916
9709 2 2 10 1 3397 3399 3398
9710 2 2 10 1 2828 2830 2829
9711 2 2 10 1 706 708 707
9712 2 2 10 1 2826 2828 2827
9713 2 2 10 1 2688 6283 2640
9714 2 2 10 1 2771 2826 2825
9715 2 2 10 1 2769 2771 2770
9716 2 2 10 1 3399 3401 3400
9717 2 2 10 1 694 696 695
9718 2 2 10 1 2767 2769 2768
9719 2 2 10 1 708 714 709
9720 2 2 10 1 2765 2767 2766
9721 2 2 10 1 2047 6284 1480
9722 2 2 10 1 2763 2765 2764
9723 2 2 10 1 1040 1041 1039
9724 2 2 10 1 3401 3403 3402
9725 2 2 10 1 2761 2763 2762
9726 2 2 10 1 1328 1330 1329
9727 2 2 10 1 2759 2761 2760
9728 2 2 10 1 714 716 715
9729 2 2 10 1 2757 2759 2758
9730 2 2 10 1 2741 2743 2742
9731 2 2 10 1 1531 1535 1534
9732 2 2 10 1 2755 2757 2756
9733 2 2 10 1 1529 1531 1530
9734 2 2 10 1 2678 2741 2740
9735 2 2 10 1 3403 3405 3404
9736 2 2 10 1 1524 1529 1528
9737 2 2 10 1 2753 2755 2754
9738 2 2 10 1 2747 2749 2748
9739 2 2 10 1 2676 2678 2677
9740 2 2 10 1 1522 1524 1523
9741 2 2 10 1 2751 2753 2752
9742 2 2 10 1 4141 4143 4142
9743 2 2 10 1 1517 1522 1521
9744 2 2 10 1 716 718 717
9745 2 2 10 1 2674 2676 2675
9746 2 2 10 1 2749 2751 2750
9747 2 2 10 1 1515 1517 1516
9748 2 2 10 1 3405 3407 3406
9749 2 2 10 1 2644 2674 2673
9750 2 2 10 1 1502 1515 1514
9751 2 2 10 1 1491 1502 1501
9752 2 2 10 1 2642 2644 2643
9753 2 2 10 1 1488 1491 1490
9754 2 2 10 1 718 720 719
9755 2 2 10 1 2640 2642 2641
9756 2 2 10 1 3407 3409 3408
9757 2 2 10 1 1486 1488 1487
9758 2 2 10 1 1484 1486 1485
9759 2 2 10 1 2638 2640 2639
9760 2 2 10 1 1482 1484 1483
9761 2 2 10 1 2636 2638 2637
9762 2 2 10 1 1480 1482 1481
9763 2 2 10 1 3409 3412 3411
9764 2 2 10 1 720 722 721
9765 2 2 10 1 1478 1480 1479
9766 2 2 10 1 2634 2636 2635
9767 2 2 10 1 1462 1464 1463
9768 2 2 10 1 1470 1472 1471
9769 2 2 10 1 1476 1478 1477
9770 2 2 10 1 1460 1462 1461
9771 2 2 10 1 2632 2634 2633
9772 2 2 10 1 1474 1476 1475
9773 2 2 10 1 3412 3414 3413
9774 2 2 10 1 722 724 723
9775 2 2 10 1 1447 1460 1459
9776 2 2 10 1 1472 1474 1473
9777 2 2 10 1 2630 2632 2631
9778 2 2 10 1 1445 1447 1446
9779 2 2 10 1 1435 1445 1444
9780 2 2 10 1 3414 3420 3419
9781 2 2 10 1 2628 2630 2629
9782 2 2 10 1 724 733 725
9783 2 2 10 1 1432 1435 1434
9784 2 2 10 1 2626 2628 2627
9785 2 2 10 1 1430 1432 1431
9786 2 2 10 1 3420 3422 3421
9787 2 2 10 1 1422 1430 1429
9788 2 2 10 1 2624 2626 2625
9789 2 2 10 1 733 735 734
9790 2 2 10 1 1542 6285 1476
9791 2 2 10 1 1420 1422 1421
9792 2 2 10 1 2622 2624 2623
9793 2 2 10 1 3422 3426 3425
9794 2 2 10 1 1407 1420 1419
9795 2 2 10 1 1163 1165 1164
9796 2 2 10 1 1394 1407 1406
9797 2 2 10 1 735 737 736
9798 2 2 10 1 3564 3566 3565
9799 2 2 10 1 3426 3428 3427
9800 2 2 10 1 1392 1394 1393
9801 2 2 10 1 3562 3564 3563
9802 2 2 10 1 3560 3562 3561
9803 2 2 10 1 1388 1392 1391
9804 2 2 10 1 737 741 738
9805 2 2 10 1 3558 3560 3559
9806 2 2 10 1 3428 3473 3472
9807 2 2 10 1 1377 1388 1387
9808 2 2 10 1 2620 2622 2621
9809 2 2 10 1 3556 3558 3557
9810 2 2 10 1 1375 1377 1376
9811 2 2 10 1 3554 3556 3555
9812 2 2 10 1 741 743 742
9813 2 2 10 1 3473 3476 3475
9814 2 2 10 1 1370 1375 1374
9815 2 2 10 1 3552 3554 3553
9816 2 2 10 1 3550 3552 3551
9817 2 2 10 1 1359 1370 1369
9818 2 2 10 1 3476 3689 3688
9819 2 2 10 1 743 745 744
9820 2 2 10 1 3548 3550 3549
9821 2 2 10 1 1357 1359 1358
9822 2 2 10 1 5280 6286 1460
9823 2 2 10 1 3546 3548 3547
9824 2 2 10 1 3689 3691 3690
9825 2 2 10 1 3604 6254 3605
9826 2 2 10 1 1354 1357 1356
9827 2 2 10 1 745 749 746
9828 2 2 10 1 3544 3546 3545
9829 2 2 10 1 3542 3544 3543
9830 2 2 10 1 1352 1354 1353
9831 2 2 10 1 3691 3840 3839
9832 2 2 10 1 749 751 750
9833 2 2 10 1 3540 3542 3541
9834 2 2 10 1 1350 1352 1351
9835 2 2 10 1 3538 3540 3539
9836 2 2 10 1 3840 3851 3850
9837 2 2 10 1 1348 1350 1349
9838 2 2 10 1 843 845 844
9839 2 2 10 1 751 756 752
9840 2 2 10 1 3536 3538 3537
9841 2 2 10 1 3526 3528 3527
9842 2 2 10 1 841 843 842
9843 2 2 10 1 3851 3882 3881
9844 2 2 10 1 1346 1348 1347
9845 2 2 10 1 3534 3536 3535
9846 2 2 10 1 839 841 840
9847 2 2 10 1 756 758 757
9848 2 2 10 1 3532 3534 3533
9849 2 2 10 1 1344 1346 1345
9850 2 2 10 1 878 6407 988
9851 2 2 10 1 3882 3928 3927
9852 2 2 10 1 836 839 837
9853 2 2 10 1 3530 3532 3531
9854 2 2 10 1 4143 4146 4144
9855 2 2 10 1 1342 1344 1343
9856 2 2 10 1 834 836 835
9857 2 2 10 1 758 760 759
9858 2 2 10 1 3528 3530 3529
9859 2 2 10 1 3928 3993 3992
9860 2 2 10 1 832 834 833
9861 2 2 10 1 1340 1342 1341
9862 2 2 10 1 760 763 761
9863 2 2 10 1 1330 1332 1331
9864 2 2 10 1 830 832 831
9865 2 2 10 1 3993 4068 4067
9866 2 2 10 1 1338 1340 1339
9867 2 2 10 1 825 830 826
9868 2 2 10 1 763 767 764
9869 2 2 10 1 4068 4070 4069
9870 2 2 10 1 1336 1338 1337
9871 2 2 10 1 823 825 824
9872 2 2 10 1 4146 4148 4147
9873 2 2 10 1 820 823 821
9874 2 2 10 1 1334 1336 1335
9875 2 2 10 1 767 769 768
9876 2 2 10 1 1324 1326 1325
9877 2 2 10 1 1332 1334 1333
9878 2 2 10 1 818 820 819
9879 2 2 10 1 4148 4150 4149
9880 2 2 10 1 769 771 770
9881 2 2 10 1 1322 1324 1323
9882 2 2 10 1 815 818 816
9883 2 2 10 1 4150 4152 4151
9884 2 2 10 1 813 815 814
9885 2 2 10 1 771 773 772
9886 2 2 10 1 1319 1322 1321
9887 2 2 10 1 4152 4154 4153
9888 2 2 10 1 811 813 812
9889 2 2 10 1 773 776 774
9890 2 2 10 1 809 811 810
9891 2 2 10 1 4154 4156 4155
9892 2 2 10 1 776 778 777
9893 2 2 10 1 806 809 807
9894 2 2 10 1 4156 4158 4157
9895 2 2 10 1 778 781 779
9896 2 2 10 1 803 806 804
9897 2 2 10 1 4158 4165 4159
9898 2 2 10 1 801 803 802
9899 2 2 10 1 781 783 782
9900 2 2 10 1 797 801 798
9901 2 2 10 1 783 789 784
9902 2 2 10 1 795 797 796
9903 2 2 10 1 789 793 790
9904 2 2 10 1 793 795 794
9905 2 2 10 1 1317 1319 1318
9906 2 2 10 1 1518 1540 1519
9907 2 2 10 1 546 6394 5842
9908 2 2 10 1 6460 6520 5613
9909 2 2 10 1 3491 6287 1472
9910 2 2 10 1 470 5996 5844
9911 2 2 10 1 3588 6478 3590
9912 2 2 10 1 1452 6288 1445
9913 2 2 10 1 3766 3767 3751
9914 2 2 10 1 550 5998 5845
9915 2 2 10 1 474 6000 5846
9916 2 2 10 1 2618 2620 2619
9917 2 2 10 1 1315 1317 1316
9918 2 2 10 1 2664 2665 2662
9919 2 2 10 1 3329 6311 3273
9920 2 2 10 1 1238 1239 1237
9921 2 2 10 1 7699 7813 4448
9922 2 2 10 1 2005 2007 2006
9923 2 2 10 1 1712 6222 1602
9924 2 2 10 1 2960 6159 3897
9925 2 2 10 1 2212 6540 5263
9926 2 2 10 1 3274 6223 3022
9927 2 2 10 1 1453 6169 6168
9928 2 2 10 1 4408 5298 4464
9929 2 2 10 1 1004 1005 998
9930 2 2 10 1 2777 6228 4026
9931 2 2 10 1 1337 6171 1335
9932 2 2 10 1 3286 6221 3079
9933 2 2 10 1 3552 6290 4404
9934 2 2 10 1 1375 6291 2050
9935 2 2 10 1 5402 6345 5404
9936 2 2 10 1 2950 6573 5240
9937 2 2 10 1 3291 7640 4695
9938 2 2 10 1 10 6357 9
9939 2 2 10 1 3736 4103 3738
9940 2 2 10 1 4912 4913 4911
9941 2 2 10 1 1359 6292 1413
9942 2 2 10 1 2747 6302 6148
9943 2 2 10 1 3542 6293 3587
9944 2 2 10 1 3938 3940 3939
9945 2 2 10 1 1354 6294 2051
9946 2 2 10 1 404 6327 542
9947 2 2 10 1 1093 7873 6129
9948 2 2 10 1 3078 6238 3498
9949 2 2 10 1 4389 6290 3550
9950 2 2 10 1 3538 6295 4368
9951 2 2 10 1 4898 7296 4899
9952 2 2 10 1 1413 6291 1370
9953 2 2 10 1 4721 6261 4717
9954 2 2 10 1 1350 6296 1395
9955 2 2 10 1 3021 6233 3514
9956 2 2 10 1 2051 6292 1357
9957 2 2 10 1 2409 6271 2871
9958 2 2 10 1 4894 7808 7044
9959 2 2 10 1 1470 6307 3491
9960 2 2 10 1 1601 6232 3506
9961 2 2 10 1 1346 6297 2053
9962 2 2 10 1 4027 6271 2682
9963 2 2 10 1 5473 6338 5468
9964 2 2 10 1 4368 6293 3540
9965 2 2 10 1 3509 6267 3510
9966 2 2 10 1 832 6298 1108
9967 2 2 10 1 1395 6294 1352
9968 2 2 10 1 6061 6317 4061
9969 2 2 10 1 2713 6336 4398
9970 2 2 10 1 4103 5967 3738
9971 2 2 10 1 6019 6426 3527
9972 2 2 10 1 2839 6434 4434
9973 2 2 10 1 4359 6295 3536
9974 2 2 10 1 1342 6299 1383
9975 2 2 10 1 2407 6271 2409
9976 2 2 10 1 1804 1806 1805
9977 2 2 10 1 2053 6296 1348
9978 2 2 10 1 2170 2171 1731
9979 2 2 10 1 1877 6464 1923
9980 2 2 10 1 2426 2710 2380
9981 2 2 10 1 820 6300 1093
9982 2 2 10 1 4880 4884 4882
9983 2 2 10 1 7166 7551 5107
9984 2 2 10 1 4651 6419 6355
9985 2 2 10 1 1383 6297 1344
9986 2 2 10 1 402 5275 575
9987 2 2 10 1 815 6301 2056
9988 2 2 10 1 2054 6298 830
9989 2 2 10 1 7315 7379 2053
9990 2 2 10 1 1535 6176 1537
9991 2 2 10 1 2220 6260 2041
9992 2 2 10 1 3340 3342 3341
9993 2 2 10 1 1166 6451 6001
9994 2 2 10 1 2635 6215 2633
9995 2 2 10 1 2055 6299 1340
9996 2 2 10 1 811 6303 1083
9997 2 2 10 1 6161 6373 2728
9998 2 2 10 1 1690 1691 1689
9999 2 2 10 1 1324 6304 1327
10000 2 2 10 1 6372 6427 4002
10001 2 2 10 1 2955 6264 2953
10002 2 2 10 1 2056 6300 818
10003 2 2 10 1 806 6306 2058
10004 2 2 10 1 6264 6402 3891
10005 2 2 10 1 4759 6258 3896
10006 2 2 10 1 4784 6302 2889
10007 2 2 10 1 3024 6223 3254
10008 2 2 10 1 1604 6222 2037
10009 2 2 10 1 690 694 691
10010 2 2 10 1 2959 6159 2960
10011 2 2 10 1 1673 6603 5672
10012 2 2 10 1 3833 6341 3831
10013 2 2 10 1 1083 6301 813
10014 2 2 10 1 4349 6136 2300
10015 2 2 10 1 3780 4527 3708
10016 2 2 10 1 6535 6711 5578
10017 2 2 10 1 801 6308 1079
10018 2 2 10 1 3753 6380 2337
10019 2 2 10 1 5372 6239 6147
10020 2 2 10 1 3081 6221 3298
10021 2 2 10 1 5373 6239 5370
10022 2 2 10 1 1674 6231 1539
10023 2 2 10 1 5367 6241 5373
10024 2 2 10 1 3262 7588 4711
10025 2 2 10 1 4038 6228 2779
10026 2 2 10 1 2058 6303 809
10027 2 2 10 1 656 658 657
10028 2 2 10 1 795 6309 2059
10029 2 2 10 1 2043 6307 1532
10030 2 2 10 1 5376 6241 5365
10031 2 2 10 1 3283 6236 3121
10032 2 2 10 1 4285 6240 4376
10033 2 2 10 1 1778 1779 1777
10034 2 2 10 1 2680 5227 2219
10035 2 2 10 1 1581 6237 1670
10036 2 2 10 1 654 656 655
10037 2 2 10 1 2071 6237 1569
10038 2 2 10 1 2057 6304 1322
10039 2 2 10 1 1567 6234 2071
10040 2 2 10 1 3123 6236 3278
10041 2 2 10 1 2068 6232 1596
10042 2 2 10 1 3075 6238 3078
10043 2 2 10 1 4311 6240 4287
10044 2 2 10 1 4289 6235 4311
10045 2 2 10 1 1684 6234 1559
10046 2 2 10 1 1293 1385 1382
10047 2 2 10 1 1546 6231 2066
10048 2 2 10 1 1079 6306 803
10049 2 2 10 1 1598 6232 1601
10050 2 2 10 1 3271 6238 3073
10051 2 2 10 1 3337 6233 3016
10052 2 2 10 1 2066 6230 1548
10053 2 2 10 1 4302 6225 4299
10054 2 2 10 1 4307 6235 4291
10055 2 2 10 1 4293 6226 4307
10056 2 2 10 1 1551 6230 1697
10057 2 2 10 1 4297 6225 4685
10058 2 2 10 1 5785 6317 3945
10059 2 2 10 1 3018 6233 3021
10060 2 2 10 1 2727 6190 2160
10061 2 2 10 1 4685 6226 4295
10062 2 2 10 1 3356 3359 3357
10063 2 2 10 1 3887 6588 3888
10064 2 2 10 1 1263 6583 1269
10065 2 2 10 1 1313 1315 1314
10066 2 2 10 1 2059 6308 797
10067 2 2 10 1 3878 6244 3788
10068 2 2 10 1 1730 1731 1590
10069 2 2 10 1 3596 6515 3598
10070 2 2 10 1 4526 6242 3784
10071 2 2 10 1 3786 6244 4526
10072 2 2 10 1 3589 6245 4038
10073 2 2 10 1 3774 6242 4546
10074 2 2 10 1 3982 3983 3981
10075 2 2 10 1 3926 6245 3591
10076 2 2 10 1 3732 6247 4123
10077 2 2 10 1 4223 6247 3734
10078 2 2 10 1 4892 6941 626
10079 2 2 10 1 3759 6246 4223
10080 2 2 10 1 4123 6249 3687
10081 2 2 10 1 4363 6246 3761
10082 2 2 10 1 1000 6309 793
10083 2 2 10 1 3685 6249 4023
10084 2 2 10 1 7079 7136 6299
10085 2 2 10 1 1038 1039 1037
10086 2 2 10 1 1947 1955 1954
10087 2 2 10 1 1070 1074 1071
10088 2 2 10 1 676 677 675
10089 2 2 10 1 2953 6264 3891
10090 2 2 10 1 1537 6176 1674
10091 2 2 10 1 1932 1934 1933
10092 2 2 10 1 3358 6415 3352
10093 2 2 10 1 3495 6281 2310
10094 2 2 10 1 1330 6315 2074
10095 2 2 10 1 1844 5880 1849
10096 2 2 10 1 1232 1233 1229
10097 2 2 10 1 1579 6466 1497
10098 2 2 10 1 3638 6217 2647
10099 2 2 10 1 1378 6356 1295
10100 2 2 10 1 1856 1857 1855
10101 2 2 10 1 5057 6385 1153
10102 2 2 10 1 5431 6259 5811
10103 2 2 10 1 7473 7524 6141
10104 2 2 10 1 1380 2692 2691
10105 2 2 10 1 2615 2618 2617
10106 2 2 10 1 104 6371 625
10107 2 2 10 1 535 6371 105
10108 2 2 10 1 658 660 659
10109 2 2 10 1 4902 4906 4904
10110 2 2 10 1 2599 2609 2608
10111 2 2 10 1 4542 6784 4541
10112 2 2 10 1 739 6428 2178
10113 2 2 10 1 2718 6326 1512
10114 2 2 10 1 6427 6478 4002
10115 2 2 10 1 2706 4134 2694
10116 2 2 10 1 2746 6257 2743
10117 2 2 10 1 3194 6405 3276
10118 2 2 10 1 5836 6470 277
10119 2 2 10 1 4283 6352 4281
10120 2 2 10 1 3522 4555 4554
10121 2 2 10 1 2321 6229 3637
10122 2 2 10 1 4829 4833 4831
10123 2 2 10 1 3494 6315 1355
10124 2 2 10 1 1180 6799 4771
10125 2 2 10 1 1876 6393 1874
10126 2 2 10 1 1063 3678 1076
10127 2 2 10 1 6683 7163 6733
10128 2 2 10 1 1211 1213 1212
10129 2 2 10 1 2423 6972 6710
10130 2 2 10 1 5277 6316 3973
10131 2 2 10 1 3401 6359 3403
10132 2 2 10 1 1255 1257 1256
10133 2 2 10 1 1444 6332 1434
10134 2 2 10 1 163 6377 543
10135 2 2 10 1 4509 6341 3833
10136 2 2 10 1 3831 6341 3931
10137 2 2 10 1 3995 4037 3698
10138 2 2 10 1 953 960 959
10139 2 2 10 1 5249 6480 6377
10140 2 2 10 1 3518 6334 3516
10141 2 2 10 1 4084 4085 2862
10142 2 2 10 1 1140 1141 1139
10143 2 2 10 1 2127 2129 2128
10144 2 2 10 1 6140 6377 164
10145 2 2 10 1 1045 1046 1043
10146 2 2 10 1 3867 6267 3509
10147 2 2 10 1 2736 2839 2665
10148 2 2 10 1 1693 1694 1683
10149 2 2 10 1 2682 6271 2407
10150 2 2 10 1 2971 6358 2469
10151 2 2 10 1 6434 6680 4434
10152 2 2 10 1 1103 1380 1279
10153 2 2 10 1 3605 6254 3614
10154 2 2 10 1 540 7226 4824
10155 2 2 10 1 1022 1024 1023
10156 2 2 10 1 1713 7310 1451
10157 2 2 10 1 1594 1721 1720
10158 2 2 10 1 4844 7348 4846
10159 2 2 10 1 2232 2233 2231
10160 2 2 10 1 4376 6352 4283
10161 2 2 10 1 6161 6424 6373
10162 2 2 10 1 2979 6062 2793
10163 2 2 10 1 3940 4212 4016
10164 2 2 10 1 3768 3769 3767
10165 2 2 10 1 2570 3838 3837
10166 2 2 10 1 2745 6302 2747
10167 2 2 10 1 3754 3884 3757
10168 2 2 10 1 4406 4408 4407
10169 2 2 10 1 4127 6404 3801
10170 2 2 10 1 1468 6307 1470
10171 2 2 10 1 7235 7423 5628
10172 2 2 10 1 1847 6814 1850
10173 2 2 10 1 1897 1898 1896
10174 2 2 10 1 690 691 689
10175 2 2 10 1 2695 4809 2858
10176 2 2 10 1 3844 6381 4787
10177 2 2 10 1 714 6318 941
10178 2 2 10 1 1325 6270 3483
10179 2 2 10 1 3271 6454 5603
10180 2 2 10 1 2336 2649 2171
10181 2 2 10 1 5241 6678 2060
10182 2 2 10 1 2007 2225 2008
10183 2 2 10 1 3697 3698 3696
10184 2 2 10 1 706 6322 2075
10185 2 2 10 1 2261 2325 2260
10186 2 2 10 1 1735 6372 5918
10187 2 2 10 1 1328 6315 1330
10188 2 2 10 1 1823 2321 2320
10189 2 2 10 1 2075 6318 708
10190 2 2 10 1 2041 6260 2043
10191 2 2 10 1 5482 6443 5479
10192 2 2 10 1 3945 6317 3943
10193 2 2 10 1 702 6324 938
10194 2 2 10 1 2733 2924 2710
10195 2 2 10 1 4215 6945 4217
10196 2 2 10 1 2988 2989 2987
10197 2 2 10 1 5167 5170 5168
10198 2 2 10 1 3342 3344 3343
10199 2 2 10 1 6293 7826 3587
10200 2 2 10 1 938 6322 704
10201 2 2 10 1 2219 5227 2343
10202 2 2 10 1 2223 2224 2209
10203 2 2 10 1 3796 4125 3436
10204 2 2 10 1 3800 6266 3802
10205 2 2 10 1 1787 1788 1786
10206 2 2 10 1 1996 6328 2004
10207 2 2 10 1 2481 6260 2220
10208 2 2 10 1 3616 6268 3798
10209 2 2 10 1 2280 2695 2470
10210 2 2 10 1 2068 6460 5613
10211 2 2 10 1 786 6476 799
10212 2 2 10 1 6172 6355 3497
10213 2 2 10 1 2063 6324 698
10214 2 2 10 1 2172 4077 3932
10215 2 2 10 1 931 6369 933
10216 2 2 10 1 2228 6498 2389
10217 2 2 10 1 5001 6351 4999
10218 2 2 10 1 2917 6272 2919
10219 2 2 10 1 2928 6577 2930
10220 2 2 10 1 1903 1904 1902
10221 2 2 10 1 2828 6273 2830
10222 2 2 10 1 4651 6355 3716
10223 2 2 10 1 2769 6274 2771
10224 2 2 10 1 2958 6264 2955
10225 2 2 10 1 4705 7494 2838
10226 2 2 10 1 1456 1518 1457
10227 2 2 10 1 2763 6275 2765
10228 2 2 10 1 4815 4816 3921
10229 2 2 10 1 6171 6362 6169
10230 2 2 10 1 1081 1085 1082
10231 2 2 10 1 6355 6419 3497
10232 2 2 10 1 1529 6276 1531
10233 2 2 10 1 1463 6289 2456
10234 2 2 10 1 3610 6364 4517
10235 2 2 10 1 7549 7590 6273
10236 2 2 10 1 1522 6277 1524
10237 2 2 10 1 1806 1808 1807
10238 2 2 10 1 969 3484 727
10239 2 2 10 1 2676 6278 2678
10240 2 2 10 1 1515 6279 1517
10241 2 2 10 1 1902 7352 4860
10242 2 2 10 1 1491 6280 1502
10243 2 2 10 1 1486 6282 1488
10244 2 2 10 1 3920 3921 2924
10245 2 2 10 1 2640 6283 2642
10246 2 2 10 1 5425 7050 5426
10247 2 2 10 1 1085 1113 1086
10248 2 2 10 1 1480 6284 1482
10249 2 2 10 1 1656 6372 1735
10250 2 2 10 1 1476 6285 1478
10251 2 2 10 1 1460 6286 1462
10252 2 2 10 1 949 2818 950
10253 2 2 10 1 1190 1191 1189
10254 2 2 10 1 1472 6287 1474
10255 2 2 10 1 1165 1168 1166
10256 2 2 10 1 1445 6288 1447
10257 2 2 10 1 1114 1117 1116
10258 2 2 10 1 1845 5296 1843
10259 2 2 10 1 2386 2852 2385
10260 2 2 10 1 5404 6345 5410
10261 2 2 10 1 2913 4072 2914
10262 2 2 10 1 2129 2132 2131
10263 2 2 10 1 4358 7899 7583
10264 2 2 10 1 1692 1702 1691
10265 2 2 10 1 3984 4477 3983
10266 2 2 10 1 1849 5880 2401
10267 2 2 10 1 5201 7528 1316
10268 2 2 10 1 3644 6488 1988
10269 2 2 10 1 2299 3705 1872
10270 2 2 10 1 660 662 661
10271 2 2 10 1 276 6470 485
10272 2 2 10 1 4914 4915 4913
10273 2 2 10 1 2268 6884 1731
10274 2 2 10 1 105 6371 104
10275 2 2 10 1 1313 1314 1312
10276 2 2 10 1 1329 6270 1326
10277 2 2 10 1 3356 3357 3355
10278 2 2 10 1 5768 6668 5769
10279 2 2 10 1 3716 6355 2654
10280 2 2 10 1 3010 6373 3989
10281 2 2 10 1 1370 6291 1375
10282 2 2 10 1 2754 6444 2869
10283 2 2 10 1 3550 6290 3552
10284 2 2 10 1 4007 6311 3329
10285 2 2 10 1 1357 6292 1359
10286 2 2 10 1 2864 2865 2474
10287 2 2 10 1 5410 6376 5407
10288 2 2 10 1 1326 6270 1325
10289 2 2 10 1 3540 6293 3542
10290 2 2 10 1 1352 6294 1354
10291 2 2 10 1 2553 6396 2550
10292 2 2 10 1 592 6462 350
10293 2 2 10 1 3536 6295 3538
10294 2 2 10 1 1348 6296 1350
10295 2 2 10 1 4678 6410 2976
10296 2 2 10 1 1344 6297 1346
10297 2 2 10 1 2729 6373 3010
10298 2 2 10 1 830 6298 832
10299 2 2 10 1 1654 6372 1656
10300 2 2 10 1 2711 4108 2575
10301 2 2 10 1 2592 4084 2862
10302 2 2 10 1 1340 6299 1342
10303 2 2 10 1 1469 6289 1464
10304 2 2 10 1 5001 7242 4957
10305 2 2 10 1 3895 6264 2958
10306 2 2 10 1 818 6300 820
10307 2 2 10 1 4159 6353 4157
10308 2 2 10 1 813 6301 815
10309 2 2 10 1 1398 2572 1289
10310 2 2 10 1 5120 5125 5122
10311 2 2 10 1 809 6303 811
10312 2 2 10 1 1464 6289 1463
10313 2 2 10 1 1322 6304 1324
10314 2 2 10 1 1589 1590 1492
10315 2 2 10 1 803 6306 806
10316 2 2 10 1 6271 6389 2871
10317 2 2 10 1 2247 2249 2248
10318 2 2 10 1 1623 6660 5627
10319 2 2 10 1 2236 2237 2235
10320 2 2 10 1 797 6308 801
10321 2 2 10 1 4621 4623 4622
10322 2 2 10 1 1759 6660 1625
10323 2 2 10 1 3895 6402 6264
10324 2 2 10 1 1287 2175 1418
10325 2 2 10 1 968 978 976
10326 2 2 10 1 793 6309 795
10327 2 2 10 1 6260 6426 2043
10328 2 2 10 1 5625 6817 6763
10329 2 2 10 1 164 6377 163
10330 2 2 10 1 2654 6355 6172
10331 2 2 10 1 566 7835 5610
10332 2 2 10 1 713 7085 6709
10333 2 2 10 1 3525 6260 2481
10334 2 2 10 1 4711 7575 3262
10335 2 2 10 1 1890 1892 1891
10336 2 2 10 1 2694 6477 2439
10337 2 2 10 1 4906 4918 4907
10338 2 2 10 1 3929 6326 2718
10339 2 2 10 1 2253 2255 2254
10340 2 2 10 1 3475 6382 3472
10341 2 2 10 1 682 1423 686
10342 2 2 10 1 1074 1081 1075
10343 2 2 10 1 1028 1030 1029
10344 2 2 10 1 2139 2145 2144
10345 2 2 10 1 6261 6335 3900
10346 2 2 10 1 3642 6490 1057
10347 2 2 10 1 1997 6363 5753
10348 2 2 10 1 5407 6376 5409
10349 2 2 10 1 2666 2716 2649
10350 2 2 10 1 3776 3814 3769
10351 2 2 10 1 1048 1049 1046
10352 2 2 10 1 3344 3346 3345
10353 2 2 10 1 285 6387 284
10354 2 2 10 1 5466 6934 6901
10355 2 2 10 1 718 6461 720
10356 2 2 10 1 4157 6353 4454
10357 2 2 10 1 2401 2734 2402
10358 2 2 10 1 1709 1710 1708
10359 2 2 10 1 3898 6335 4759
10360 2 2 10 1 1380 6425 2693
10361 2 2 10 1 1695 1696 1694
10362 2 2 10 1 4607 7894 4697
10363 2 2 10 1 683 1458 681
10364 2 2 10 1 5894 6657 5893
10365 2 2 10 1 1743 7117 7097
10366 2 2 10 1 4136 7716 3647
10367 2 2 10 1 4556 4557 4435
10368 2 2 10 1 2588 4444 2263
10369 2 2 10 1 3498 6367 3500
10370 2 2 10 1 2219 2343 2218
10371 2 2 10 1 6433 6456 3999
10372 2 2 10 1 3943 6317 6061
10373 2 2 10 1 1197 1198 1195
10374 2 2 10 1 3478 6374 4378
10375 2 2 10 1 1972 1973 1971
10376 2 2 10 1 3984 6421 4479
10377 2 2 10 1 2912 5776 2910
10378 2 2 10 1 3506 6368 3508
10379 2 2 10 1 708 6318 714
10380 2 2 10 1 1373 6954 685
10381 2 2 10 1 5030 5032 5031
10382 2 2 10 1 704 6322 706
10383 2 2 10 1 6311 6405 3196
10384 2 2 10 1 1707 1708 1696
10385 2 2 10 1 7051 7815 1555
10386 2 2 10 1 2149 6672 2841
10387 2 2 10 1 4478 4522 4477
10388 2 2 10 1 2175 2177 2176
10389 2 2 10 1 698 6324 702
10390 2 2 10 1 5223 5224 4516
10391 2 2 10 1 2970 2971 2469
10392 2 2 10 1 1589 6811 4757
10393 2 2 10 1 2098 6945 6529
10394 2 2 10 1 5691 6666 5690
10395 2 2 10 1 1217 1219 1218
10396 2 2 10 1 1213 1215 1214
10397 2 2 10 1 3694 3696 2267
10398 2 2 10 1 1257 1259 1258
10399 2 2 10 1 5605 6344 2308
10400 2 2 10 1 3701 4542 4541
10401 2 2 10 1 5818 6456 1987
10402 2 2 10 1 5928 6403 5921
10403 2 2 10 1 2433 6531 3650
10404 2 2 10 1 662 664 663
10405 2 2 10 1 2132 2134 2133
10406 2 2 10 1 6018 6362 6171
10407 2 2 10 1 2615 2617 2616
10408 2 2 10 1 4027 6389 6271
10409 2 2 10 1 1808 1810 1809
10410 2 2 10 1 5318 6785 5317
10411 2 2 10 1 1492 6473 1398
10412 2 2 10 1 3817 3996 3816
10413 2 2 10 1 1995 6328 1996
10414 2 2 10 1 1812 1814 1813
10415 2 2 10 1 2855 2980 1417
10416 2 2 10 1 5480 6384 5475
10417 2 2 10 1 1024 1026 1025
10418 2 2 10 1 2251 2253 2252
10419 2 2 10 1 183 6346 182
10420 2 2 10 1 179 6347 178
10421 2 2 10 1 187 6350 186
10422 2 2 10 1 189 560 188
10423 2 2 10 1 186 537 185
10424 2 2 10 1 185 6349 184
10425 2 2 10 1 178 539 177
10426 2 2 10 1 172 568 171
10427 2 2 10 1 192 566 191
10428 2 2 10 1 194 633 193
10429 2 2 10 1 175 559 174
10430 2 2 10 1 180 627 179
10431 2 2 10 1 181 6348 180
10432 2 2 10 1 182 492 181
10433 2 2 10 1 184 628 183
10434 2 2 10 1 5812 6379 2567
10435 2 2 10 1 2013 6591 717
10436 2 2 10 1 5473 6957 6942
10437 2 2 10 1 1147 1148 1145
10438 2 2 10 1 4170 4692 3484
10439 2 2 10 1 1703 1752 1702
10440 2 2 10 1 1996 2004 1998
10441 2 2 10 1 2475 3700 2866
10442 2 2 10 1 3900 6335 3898
10443 2 2 10 1 1494 1496 1495
10444 2 2 10 1 580 6471 5253
10445 2 2 10 1 3756 6380 3753
10446 2 2 10 1 2468 3852 2969
10447 2 2 10 1 1236 6423 2416
10448 2 2 10 1 5191 7228 5190
10449 2 2 10 1 4638 7697 5549
10450 2 2 10 1 1968 1969 1967
10451 2 2 10 1 3870 3922 3871
10452 2 2 10 1 3403 6359 3417
10453 2 2 10 1 1780 2582 2295
10454 2 2 10 1 2439 5940 2418
10455 2 2 10 1 3353 5130 5129
10456 2 2 10 1 1399 1494 1493
10457 2 2 10 1 5092 5093 2566
10458 2 2 10 1 1372 6573 1427
10459 2 2 10 1 1026 1028 1027
10460 2 2 10 1 3489 4017 3487
10461 2 2 10 1 3525 6426 6260
10462 2 2 10 1 1295 1298 1281
10463 2 2 10 1 731 6422 712
10464 2 2 10 1 3472 6382 4768
10465 2 2 10 1 4261 6475 4259
10466 2 2 10 1 1063 6652 3678
10467 2 2 10 1 1810 1812 1811
10468 2 2 10 1 3631 3632 2716
10469 2 2 10 1 3815 3816 3814
10470 2 2 10 1 3346 3348 3347
10471 2 2 10 1 2451 6509 3806
10472 2 2 10 1 2940 6491 2288
10473 2 2 10 1 1271 3492 1290
10474 2 2 10 1 6299 7136 1383
10475 2 2 10 1 1673 6427 1652
10476 2 2 10 1 715 6591 762
10477 2 2 10 1 4822 6636 4825
10478 2 2 10 1 5131 6830 6625
10479 2 2 10 1 620 6744 5538
10480 2 2 10 1 5257 7663 2376
10481 2 2 10 1 6318 7931 5984
10482 2 2 10 1 6207 6585 944
10483 2 2 10 1 2298 4244 2574
10484 2 2 10 1 1168 1170 1169
10485 2 2 10 1 2560 6514 2731
10486 2 2 10 1 3441 4672 4671
10487 2 2 10 1 1386 1400 1390
10488 2 2 10 1 3999 6673 5764
10489 2 2 10 1 2990 2991 2989
10490 2 2 10 1 5343 6824 5341
10491 2 2 10 1 2148 2151 2150
10492 2 2 10 1 2651 3717 2281
10493 2 2 10 1 1711 1739 1710
10494 2 2 10 1 6655 6722 613
10495 2 2 10 1 2018 6399 6270
10496 2 2 10 1 3997 3998 3996
10497 2 2 10 1 1075 6416 1071
10498 2 2 10 1 1219 1222 1220
10499 2 2 10 1 1570 1715 1714
10500 2 2 10 1 6010 6657 6011
10501 2 2 10 1 1951 2099 1953
10502 2 2 10 1 3620 6684 5675
10503 2 2 10 1 2687 7076 3617
10504 2 2 10 1 4006 6684 3618
10505 2 2 10 1 2399 4135 2816
10506 2 2 10 1 3485 4552 2879
10507 2 2 10 1 625 6390 6090
10508 2 2 10 1 1030 1032 1031
10509 2 2 10 1 1151 1152 1150
10510 2 2 10 1 6925 7332 1363
10511 2 2 10 1 4541 4762 4540
10512 2 2 10 1 2442 7612 1852
10513 2 2 10 1 1311 1313 1312
10514 2 2 10 1 4721 7329 6262
10515 2 2 10 1 3714 3795 3712
10516 2 2 10 1 2177 2358 2357
10517 2 2 10 1 1909 1910 1908
10518 2 2 10 1 2585 3870 3869
10519 2 2 10 1 988 6598 876
10520 2 2 10 1 4405 4713 2979
10521 2 2 10 1 2875 4791 4790
10522 2 2 10 1 7352 7855 4860
10523 2 2 10 1 5620 7754 4140
10524 2 2 10 1 3755 3756 3753
10525 2 2 10 1 1972 6314 1973
10526 2 2 10 1 409 7442 408
10527 2 2 10 1 1572 1574 1573
10528 2 2 10 1 1298 6400 1992
10529 2 2 10 1 2844 3644 1988
10530 2 2 10 1 3894 6418 3794
10531 2 2 10 1 5600 7797 5080
10532 2 2 10 1 664 666 665
10533 2 2 10 1 7826 7864 3587
10534 2 2 10 1 4479 6429 4478
10535 2 2 10 1 1280 1281 1104
10536 2 2 10 1 6149 7032 6030
10537 2 2 10 1 1814 1816 1815
10538 2 2 10 1 1396 6320 5813
10539 2 2 10 1 3071 6454 3271
10540 2 2 10 1 4003 6691 3625
10541 2 2 10 1 3258 6454 3069
10542 2 2 10 1 3627 6691 5668
10543 2 2 10 1 2134 2138 2135
10544 2 2 10 1 1670 6460 1583
10545 2 2 10 1 121 7731 5368
10546 2 2 10 1 1496 1498 1497
10547 2 2 10 1 1585 6460 2068
10548 2 2 10 1 5473 6942 6338
10549 2 2 10 1 1118 1129 1128
10550 2 2 10 1 2449 3673 2705
10551 2 2 10 1 3495 6456 6281
10552 2 2 10 1 2433 3650 2683
10553 2 2 10 1 3837 6836 4922
10554 2 2 10 1 1858 1859 1857
10555 2 2 10 1 5493 6584 5491
10556 2 2 10 1 7524 7549 3465
10557 2 2 10 1 3196 6405 3194
10558 2 2 10 1 4714 7605 829
10559 2 2 10 1 4399 4400 3632
10560 2 2 10 1 3348 3350 3349
10561 2 2 10 1 5270 7165 5269
10562 2 2 10 1 1940 1942 1941
10563 2 2 10 1 3985 6721 5159
10564 2 2 10 1 6059 6417 6289
10565 2 2 10 1 1132 1136 1135
10566 2 2 10 1 6078 7800 4403
10567 2 2 10 1 6281 6456 5818
10568 2 2 10 1 659 7023 2565
10569 2 2 10 1 1179 1183 1182
10570 2 2 10 1 3612 3862 2993
10571 2 2 10 1 1064 3642 1057
10572 2 2 10 1 3460 6375 2590
10573 2 2 10 1 1215 1217 1216
10574 2 2 10 1 1198 6337 1200
10575 2 2 10 1 2291 2563 2467
10576 2 2 10 1 1753 2208 1752
10577 2 2 10 1 6141 7524 3465
10578 2 2 10 1 1995 1996 1994
10579 2 2 10 1 7589 7944 7765
10580 2 2 10 1 1715 1723 1716
10581 2 2 10 1 4406 4407 4405
10582 2 2 10 1 5340 6722 5338
10583 2 2 10 1 1574 1576 1575
10584 2 2 10 1 2871 6389 4024
10585 2 2 10 1 4941 6503 3706
10586 2 2 10 1 1944 1950 1945
10587 2 2 10 1 5007 6696 3826
10588 2 2 10 1 7840 7842 3469
10589 2 2 10 1 2883 3709 2882
10590 2 2 10 1 5706 6394 546
10591 2 2 10 1 1280 1372 1295
10592 2 2 10 1 1286 3595 1365
10593 2 2 10 1 7680 7757 4945
10594 2 2 10 1 2458 6417 3604
10595 2 2 10 1 3936 6881 4492
10596 2 2 10 1 1911 1912 1910
10597 2 2 10 1 1995 6400 6329
10598 2 2 10 1 2216 3848 2375
10599 2 2 10 1 2145 2289 2146
10600 2 2 10 1 960 965 961
10601 2 2 10 1 4063 4452 3998
10602 2 2 10 1 612 6645 259
10603 2 2 10 1 258 6645 506
10604 2 2 10 1 1175 1178 1176
10605 2 2 10 1 2365 2591 2366
10606 2 2 10 1 5686 7576 3275
10607 2 2 10 1 4007 6405 6311
10608 2 2 10 1 965 1763 966
10609 2 2 10 1 1259 1263 1260
10610 2 2 10 1 529 6829 31
10611 2 2 10 1 1905 1906 1904
10612 2 2 10 1 3483 6399 5110
10613 2 2 10 1 3247 6487 6003
10614 2 2 10 1 2667 3886 3610
10615 2 2 10 1 3817 6447 3997
10616 2 2 10 1 2652 6692 6099
10617 2 2 10 1 1740 1867 1739
10618 2 2 10 1 6662 6826 2427
10619 2 2 10 1 4093 6548 6337
10620 2 2 10 1 1799 7856 2351
10621 2 2 10 1 1923 6464 2445
10622 2 2 10 1 2009 6448 1820
10623 2 2 10 1 6350 6804 5080
10624 2 2 10 1 4513 7232 4375
10625 2 2 10 1 727 6428 728
10626 2 2 10 1 5177 6408 2946
10627 2 2 10 1 5154 6714 2202
10628 2 2 10 1 6270 6399 3483
10629 2 2 10 1 666 668 667
10630 2 2 10 1 4319 6716 4497
10631 2 2 10 1 4328 6716 4321
10632 2 2 10 1 3989 6482 3012
10633 2 2 10 1 2611 3480 3478
10634 2 2 10 1 3014 6482 3337
10635 2 2 10 1 4962 7106 508
10636 2 2 10 1 2255 2257 2256
10637 2 2 10 1 1498 1526 1525
10638 2 2 10 1 3710 4766 3709
10639 2 2 10 1 3835 6486 4509
10640 2 2 10 1 4562 6486 3847
10641 2 2 10 1 5068 6439 1519
10642 2 2 10 1 3887 3888 2806
10643 2 2 10 1 2609 6336 2608
10644 2 2 10 1 2811 4226 2812
10645 2 2 10 1 2284 2587 2586
10646 2 2 10 1 4279 6495 4306
10647 2 2 10 1 1170 1173 1171
10648 2 2 10 1 3703 3704 1231
10649 2 2 10 1 136 6634 135
10650 2 2 10 1 2418 6430 1746
10651 2 2 10 1 6029 7515 2019
10652 2 2 10 1 282 6725 281
10653 2 2 10 1 1745 2284 2282
10654 2 2 10 1 1816 1818 1817
10655 2 2 10 1 4998 7679 4113
10656 2 2 10 1 30 6829 579
10657 2 2 10 1 2879 6378 2397
10658 2 2 10 1 2362 2365 2364
10659 2 2 10 1 1222 1225 1223
10660 2 2 10 1 3776 6674 3815
10661 2 2 10 1 3520 3521 2708
10662 2 2 10 1 9 6357 563
10663 2 2 10 1 1654 6427 6372
10664 2 2 10 1 1248 1249 1247
10665 2 2 10 1 2082 2084 2083
10666 2 2 10 1 4041 4042 3704
10667 2 2 10 1 5174 7909 528
10668 2 2 10 1 1576 1578 1577
10669 2 2 10 1 981 993 992
10670 2 2 10 1 1992 6400 1995
10671 2 2 10 1 1032 1034 1033
10672 2 2 10 1 3523 3675 2471
10673 2 2 10 1 2109 2110 2107
10674 2 2 10 1 2799 2979 2793
10675 2 2 10 1 1882 2429 1880
10676 2 2 10 1 5175 7714 3795
10677 2 2 10 1 1652 6427 1654
10678 2 2 10 1 4504 4505 4503
10679 2 2 10 1 2863 4395 4233
10680 2 2 10 1 2111 2112 2110
10681 2 2 10 1 2992 2993 2991
10682 2 2 10 1 1848 5296 1845
10683 2 2 10 1 6417 6581 3604
10684 2 2 10 1 1811 6508 6214
10685 2 2 10 1 2397 6378 2395
10686 2 2 10 1 2286 2933 2717
10687 2 2 10 1 5544 7544 498
10688 2 2 10 1 2615 2616 2613
10689 2 2 10 1 2249 2251 2250
10690 2 2 10 1 5227 6472 3887
10691 2 2 10 1 6727 6870 5709
10692 2 2 10 1 3749 4095 3747
10693 2 2 10 1 1455 1572 1571
10694 2 2 10 1 4078 6865 6323
10695 2 2 10 1 3484 6428 727
10696 2 2 10 1 6283 6401 2697
10697 2 2 10 1 4365 4548 3636
10698 2 2 10 1 692 2096 700
10699 2 2 10 1 6289 6417 2456
10700 2 2 10 1 5929 6403 5928
10701 2 2 10 1 6258 6402 3895
10702 2 2 10 1 1173 1175 1174
10703 2 2 10 1 1235 1238 1237
10704 2 2 10 1 1723 3745 1724
10705 2 2 10 1 4100 7109 6357
10706 2 2 10 1 4243 6458 4241
10707 2 2 10 1 1769 1771 1770
10708 2 2 10 1 787 3607 785
10709 2 2 10 1 2108 6409 2272
10710 2 2 10 1 2802 3676 2306
10711 2 2 10 1 5167 5168 5166
10712 2 2 10 1 1295 6356 1298
10713 2 2 10 1 5608 6668 5782
10714 2 2 10 1 1403 6397 1405
10715 2 2 10 1 5817 6655 543
10716 2 2 10 1 1823 2320 1824
10717 2 2 10 1 2196 6818 4857
10718 2 2 10 1 2935 6668 5768
10719 2 2 10 1 5098 5099 5096
10720 2 2 10 1 978 1863 979
10721 2 2 10 1 5105 7034 3205
10722 2 2 10 1 4066 7253 5144
10723 2 2 10 1 2456 6417 2458
10724 2 2 10 1 1721 1737 1722
10725 2 2 10 1 6273 7590 4102
10726 2 2 10 1 6358 6641 2270
10727 2 2 10 1 2105 3653 2039
10728 2 2 10 1 3470 6664 5870
10729 2 2 10 1 4549 6632 6537
10730 2 2 10 1 3936 3937 3838
10731 2 2 10 1 3640 6398 4012
10732 2 2 10 1 668 670 669
10733 2 2 10 1 688 690 689
10734 2 2 10 1 2689 3594 2857
10735 2 2 10 1 872 6667 2062
10736 2 2 10 1 1776 6560 1780
10737 2 2 10 1 610 7262 5943
10738 2 2 10 1 2637 6485 2635
10739 2 2 10 1 2592 2862 2861
10740 2 2 10 1 1868 2180 1867
10741 2 2 10 1 6229 6741 3637
10742 2 2 10 1 2818 6354 950
10743 2 2 10 1 5242 5243 5059
10744 2 2 10 1 1947 1954 1920
10745 2 2 10 1 2084 2087 2085
10746 2 2 10 1 1285 6319 1293
10747 2 2 10 1 2128 6615 5182
10748 2 2 10 1 1937 6522 1940
10749 2 2 10 1 996 1004 998
10750 2 2 10 1 4773 7443 6062
10751 2 2 10 1 3497 6419 4737
10752 2 2 10 1 4529 7937 2420
10753 2 2 10 1 880 6407 878
10754 2 2 10 1 7367 7416 6519
10755 2 2 10 1 508 7062 4962
10756 2 2 10 1 1228 6567 1271
10757 2 2 10 1 5487 6443 5482
10758 2 2 10 1 4314 4315 3675
10759 2 2 10 1 5189 7227 5188
10760 2 2 10 1 2274 2275 2273
10761 2 2 10 1 4505 6857 4688
10762 2 2 10 1 5155 6714 5154
10763 2 2 10 1 2920 5010 5008
10764 2 2 10 1 4019 4105 4104
10765 2 2 10 1 1766 2286 1768
10766 2 2 10 1 2674 6627 2679
10767 2 2 10 1 2113 2114 2112
10768 2 2 10 1 5130 5163 5132
10769 2 2 10 1 1970 1971 1969
10770 2 2 10 1 1401 1412 1403
10771 2 2 10 1 1860 2218 1859
10772 2 2 10 1 3675 6556 2471
10773 2 2 10 1 3801 6404 3799
10774 2 2 10 1 1263 1269 1264
10775 2 2 10 1 1771 1774 1773
10776 2 2 10 1 5773 6480 5249
10777 2 2 10 1 1705 6430 2843
10778 2 2 10 1 3624 4735 4726
10779 2 2 10 1 4654 7871 4859
10780 2 2 10 1 4511 4551 4512
10781 2 2 10 1 2461 2656 2655
10782 2 2 10 1 2154 2461 2460
10783 2 2 10 1 6678 6767 1000
10784 2 2 10 1 5094 5101 5093
10785 2 2 10 1 350 6462 349
10786 2 2 10 1 3934 5069 4676
10787 2 2 10 1 1137 1140 1139
10788 2 2 10 1 6352 6495 4281
10789 2 2 10 1 604 7358 7268
10790 2 2 10 1 2186 6700 5042
10791 2 2 10 1 5480 6975 6960
10792 2 2 10 1 391 6707 390
10793 2 2 10 1 7262 7323 5943
10794 2 2 10 1 3231 6708 5282
10795 2 2 10 1 3351 3477 3354
10796 2 2 10 1 3358 7145 5167
10797 2 2 10 1 643 6516 645
10798 2 2 10 1 2612 2614 2613
10799 2 2 10 1 2204 7179 2424
10800 2 2 10 1 2697 6627 2644
10801 2 2 10 1 2361 2612 2363
10802 2 2 10 1 2570 3837 2406
10803 2 2 10 1 2233 2236 2235
10804 2 2 10 1 4433 4556 4435
10805 2 2 10 1 1987 6433 5825
10806 2 2 10 1 5453 6744 5534
10807 2 2 10 1 3069 6454 3071
10808 2 2 10 1 3653 6528 2039
10809 2 2 10 1 3527 6426 3525
10810 2 2 10 1 1225 1228 1226
10811 2 2 10 1 670 672 671
10812 2 2 10 1 4847 7735 2379
10813 2 2 10 1 4375 7232 7217
10814 2 2 10 1 5590 6440 5586
10815 2 2 10 1 277 6470 276
10816 2 2 10 1 2276 2278 2275
10817 2 2 10 1 1034 1036 1035
10818 2 2 10 1 836 6654 6185
10819 2 2 10 1 1913 1915 1912
10820 2 2 10 1 1269 6583 1286
10821 2 2 10 1 1784 1787 1786
10822 2 2 10 1 1583 6460 1585
10823 2 2 10 1 1711 7063 2447
10824 2 2 10 1 1875 6464 1877
10825 2 2 10 1 2151 2302 2152
10826 2 2 10 1 3608 3609 3607
10827 2 2 10 1 2449 6609 3673
10828 2 2 10 1 2656 2658 2657
10829 2 2 10 1 4050 4052 4051
10830 2 2 10 1 2116 2117 2114
10831 2 2 10 1 2181 2293 2180
10832 2 2 10 1 2371 7063 1709
10833 2 2 10 1 6429 6758 4523
10834 2 2 10 1 711 969 727
10835 2 2 10 1 5751 6424 6161
10836 2 2 10 1 6297 7315 2053
10837 2 2 10 1 1650 6603 1673
10838 2 2 10 1 2087 2303 2088
10839 2 2 10 1 3389 6658 3391
10840 2 2 10 1 3635 3636 2580
10841 2 2 10 1 2978 3742 2589
10842 2 2 10 1 4672 4921 4673
10843 2 2 10 1 1942 1944 1943
10844 2 2 10 1 1890 1891 1888
10845 2 2 10 1 5113 6748 5003
10846 2 2 10 1 5201 7552 5199
10847 2 2 10 1 2081 2737 2086
10848 2 2 10 1 2032 7007 6969
10849 2 2 10 1 1284 6342 1285
10850 2 2 10 1 6174 6671 963
10851 2 2 10 1 5228 6472 5227
10852 2 2 10 1 2258 2261 2260
10853 2 2 10 1 1779 2095 1782
10854 2 2 10 1 1113 6383 1114
10855 2 2 10 1 1364 6342 1284
10856 2 2 10 1 1907 1908 1906
10857 2 2 10 1 1108 6654 834
10858 2 2 10 1 5935 6917 747
10859 2 2 10 1 2326 2724 2723
10860 2 2 10 1 1774 1776 1775
10861 2 2 10 1 531 7546 4819
10862 2 2 10 1 1737 2291 1738
10863 2 2 10 1 5813 6379 5812
10864 2 2 10 1 799 6476 2189
10865 2 2 10 1 713 7074 663
10866 2 2 10 1 421 7934 422
10867 2 2 10 1 2798 3856 3855
10868 2 2 10 1 2738 3857 3729
10869 2 2 10 1 543 6655 162
10870 2 2 10 1 161 6655 613
10871 2 2 10 1 1510 6573 2950
10872 2 2 10 1 2272 2273 2115
10873 2 2 10 1 1992 1995 1994
10874 2 2 10 1 4088 6510 5153
10875 2 2 10 1 7144 7651 4498
10876 2 2 10 1 2303 2339 2338
10877 2 2 10 1 5182 6590 2430
10878 2 2 10 1 1193 1197 1195
10879 2 2 10 1 950 6354 953
10880 2 2 10 1 3465 7549 6273
10881 2 2 10 1 2930 6577 3645
10882 2 2 10 1 4047 5240 2691
10883 2 2 10 1 1186 1190 1189
10884 2 2 10 1 5504 6679 5502
10885 2 2 10 1 5735 6956 6000
10886 2 2 10 1 3857 4050 3858
10887 2 2 10 1 1269 1284 1270
10888 2 2 10 1 1005 1088 1007
10889 2 2 10 1 4419 4420 3609
10890 2 2 10 1 2283 2439 2418
10891 2 2 10 1 2756 6444 2754
10892 2 2 10 1 3066 6626 3258
10893 2 2 10 1 672 674 673
10894 2 2 10 1 3796 6895 4126
10895 2 2 10 1 6482 6711 3337
10896 2 2 10 1 2774 4101 4100
10897 2 2 10 1 6356 6400 1298
10898 2 2 10 1 5538 6744 5454
10899 2 2 10 1 3216 6676 3214
10900 2 2 10 1 2118 2119 2117
10901 2 2 10 1 494 6984 5583
10902 2 2 10 1 4559 6571 4557
10903 2 2 10 1 4824 7499 540
10904 2 2 10 1 1129 1131 1130
10905 2 2 10 1 1923 2445 1925
10906 2 2 10 1 1040 1042 1041
10907 2 2 10 1 1239 1266 1241
10908 2 2 10 1 2077 2392 2079
10909 2 2 10 1 720 6461 1111
10910 2 2 10 1 1183 1872 1184
10911 2 2 10 1 5536 7151 3276
10912 2 2 10 1 6169 6697 6170
10913 2 2 10 1 2279 2280 2278
10914 2 2 10 1 6379 7129 2567
10915 2 2 10 1 2465 2466 2188
10916 2 2 10 1 604 7268 4798
10917 2 2 10 1 3999 6456 3495
10918 2 2 10 1 3489 4418 4017
10919 2 2 10 1 3938 3939 3937
10920 2 2 10 1 972 1089 943
10921 2 2 10 1 4014 6754 3656
10922 2 2 10 1 3658 6754 4786
10923 2 2 10 1 1763 6360 966
10924 2 2 10 1 4104 6826 6662
10925 2 2 10 1 4002 6478 3588
10926 2 2 10 1 2104 6501 4163
10927 2 2 10 1 2799 4406 4405
10928 2 2 10 1 4723 7940 4722
10929 2 2 10 1 3487 6600 3485
10930 2 2 10 1 2302 2426 2380
10931 2 2 10 1 2773 4764 2466
10932 2 2 10 1 5163 5165 5164
10933 2 2 10 1 2843 6466 1579
10934 2 2 10 1 3354 3356 3355
10935 2 2 10 1 1228 1232 1229
10936 2 2 10 1 6033 6752 5972
10937 2 2 10 1 4009 6757 3669
10938 2 2 10 1 3671 6757 4774
10939 2 2 10 1 1036 1038 1037
10940 2 2 10 1 5135 6625 780
10941 2 2 10 1 3350 6415 3353
10942 2 2 10 1 1776 1778 1777
10943 2 2 10 1 4216 4356 4214
10944 2 2 10 1 4373 7522 7505
10945 2 2 10 1 2099 2308 2100
10946 2 2 10 1 966 6360 968
10947 2 2 10 1 1293 6319 1385
10948 2 2 10 1 785 6476 786
10949 2 2 10 1 1311 1312 1310
10950 2 2 10 1 6343 6512 2294
10951 2 2 10 1 964 7800 6078
10952 2 2 10 1 4259 6475 4309
10953 2 2 10 1 3301 7459 5687
10954 2 2 10 1 1131 6436 1132
10955 2 2 10 1 4316 7676 5077
10956 2 2 10 1 1730 2170 1731
10957 2 2 10 1 674 676 675
10958 2 2 10 1 2288 6491 2147
10959 2 2 10 1 2126 2127 2125
10960 2 2 10 1 5133 6997 5129
10961 2 2 10 1 3807 3915 3521
10962 2 2 10 1 4372 6781 3435
10963 2 2 10 1 739 2178 753
10964 2 2 10 1 1266 7326 6432
10965 2 2 10 1 2558 6514 2560
10966 2 2 10 1 1148 1151 1150
10967 2 2 10 1 1280 1295 1281
10968 2 2 10 1 4991 7511 1948
10969 2 2 10 1 1042 1045 1043
10970 2 2 10 1 5073 6798 1593
10971 2 2 10 1 7525 7596 6294
10972 2 2 10 1 2389 6498 3654
10973 2 2 10 1 6059 6581 6417
10974 2 2 10 1 5101 7035 2268
10975 2 2 10 1 5265 6491 2940
10976 2 2 10 1 1306 6469 1304
10977 2 2 10 1 2628 6905 2847
10978 2 2 10 1 327 6474 487
10979 2 2 10 1 2195 7444 7282
10980 2 2 10 1 4621 7281 4623
10981 2 2 10 1 1818 6448 2216
10982 2 2 10 1 4433 4435 2840
10983 2 2 10 1 1380 2691 1279
10984 2 2 10 1 3806 6509 5211
10985 2 2 10 1 4461 7159 4379
10986 2 2 10 1 5262 6686 3634
10987 2 2 10 1 6054 6492 5307
10988 2 2 10 1 3884 4133 3757
10989 2 2 10 1 5274 7553 5273
10990 2 2 10 1 4427 7140 4426
10991 2 2 10 1 3940 4016 3939
10992 2 2 10 1 3012 6482 3014
10993 2 2 10 1 1750 6663 1646
10994 2 2 10 1 3847 6486 3835
10995 2 2 10 1 2170 2336 2171
10996 2 2 10 1 1627 6770 1759
10997 2 2 10 1 4614 6994 4616
10998 2 2 10 1 2222 6770 1629
10999 2 2 10 1 4799 7734 1366
11000 2 2 10 1 5480 6960 6384
11001 2 2 10 1 5079 7683 6418
11002 2 2 10 1 2812 6719 2450
11003 2 2 10 1 3697 3995 3698
11004 2 2 10 1 1916 2269 1915
11005 2 2 10 1 1308 1433 1306
11006 2 2 10 1 2426 2733 2710
11007 2 2 10 1 993 2267 994
11008 2 2 10 1 7435 7525 1395
11009 2 2 10 1 1886 2184 1884
11010 2 2 10 1 2210 6509 2451
11011 2 2 10 1 1241 6432 1243
11012 2 2 10 1 1437 6452 1439
11013 2 2 10 1 1790 2182 1792
11014 2 2 10 1 1090 1091 1089
11015 2 2 10 1 1038 1040 1039
11016 2 2 10 1 2592 2861 2591
11017 2 2 10 1 5008 6891 5009
11018 2 2 10 1 5438 7424 5437
11019 2 2 10 1 2695 2858 2470
11020 2 2 10 1 1383 7223 6297
11021 2 2 10 1 4162 5776 2912
11022 2 2 10 1 4281 6495 4279
11023 2 2 10 1 676 678 677
11024 2 2 10 1 442 6961 1133
11025 2 2 10 1 1853 2452 1851
11026 2 2 10 1 789 6678 1000
11027 2 2 10 1 1120 1301 1288
11028 2 2 10 1 2731 6514 3990
11029 2 2 10 1 3361 6631 3363
11030 2 2 10 1 2692 4047 2691
11031 2 2 10 1 440 7645 441
11032 2 2 10 1 5577 6711 5579
11033 2 2 10 1 2102 2232 2231
11034 2 2 10 1 5603 6515 3596
11035 2 2 10 1 4233 6976 4234
11036 2 2 10 1 3067 6669 3062
11037 2 2 10 1 1143 1147 1145
11038 2 2 10 1 2585 6640 3870
11039 2 2 10 1 498 7506 5544
11040 2 2 10 1 2864 4354 2865
11041 2 2 10 1 2942 5265 2940
11042 2 2 10 1 5206 7157 5203
11043 2 2 10 1 2261 2326 2325
11044 2 2 10 1 6101 7702 2013
11045 2 2 10 1 4529 7630 6561
11046 2 2 10 1 6100 6751 6101
11047 2 2 10 1 1055 1068 1058
11048 2 2 10 1 1301 1303 1302
11049 2 2 10 1 1092 1119 1091
11050 2 2 10 1 1084 6534 5185
11051 2 2 10 1 5613 6520 3602
11052 2 2 10 1 946 6585 949
11053 2 2 10 1 3717 6633 2281
11054 2 2 10 1 1051 2341 1053
11055 2 2 10 1 2289 6392 2146
11056 2 2 10 1 1045 1048 1046
11057 2 2 10 1 1009 2186 1011
11058 2 2 10 1 100 6690 620
11059 2 2 10 1 493 6690 101
11060 2 2 10 1 4809 4810 2858
11061 2 2 10 1 1589 1730 1590
11062 2 2 10 1 3496 6673 3999
11063 2 2 10 1 3920 4815 3921
11064 2 2 10 1 4815 4819 4816
11065 2 2 10 1 5059 6385 5057
11066 2 2 10 1 6617 6944 1772
11067 2 2 10 1 2336 2666 2649
11068 2 2 10 1 2060 6678 783
11069 2 2 10 1 2839 4432 2840
11070 2 2 10 1 3747 6398 3640
11071 2 2 10 1 1831 6593 3633
11072 2 2 10 1 1185 6604 1182
11073 2 2 10 1 1955 2433 1954
11074 2 2 10 1 2733 3920 2924
11075 2 2 10 1 4726 6726 2699
11076 2 2 10 1 2139 6517 2145
11077 2 2 10 1 2557 2799 2793
11078 2 2 10 1 2432 6590 2913
11079 2 2 10 1 7590 7619 4102
11080 2 2 10 1 4134 6477 2694
11081 2 2 10 1 5634 7031 4308
11082 2 2 10 1 1951 6526 2099
11083 2 2 10 1 4776 6792 6462
11084 2 2 10 1 1302 1384 1288
11085 2 2 10 1 3839 6848 3690
11086 2 2 10 1 1090 2473 1092
11087 2 2 10 1 1140 1988 1141
11088 2 2 10 1 5165 5167 5166
11089 2 2 10 1 1303 1305 1304
11090 2 2 10 1 528 7909 6339
11091 2 2 10 1 6752 7386 5972
11092 2 2 10 1 1425 1489 1437
11093 2 2 10 1 6332 6675 2029
11094 2 2 10 1 1120 1287 1119
11095 2 2 10 1 765 787 785
11096 2 2 10 1 2385 6593 1833
11097 2 2 10 1 2243 2435 2245
11098 2 2 10 1 2254 6661 2454
11099 2 2 10 1 2863 6643 4395
11100 2 2 10 1 2566 6386 2223
11101 2 2 10 1 800 6610 792
11102 2 2 10 1 1936 6522 1937
11103 2 2 10 1 1180 7888 449
11104 2 2 10 1 1963 2440 1961
11105 2 2 10 1 3007 6727 2758
11106 2 2 10 1 1249 1262 1251
11107 2 2 10 1 1190 2091 1191
11108 2 2 10 1 1787 2337 1788
11109 2 2 10 1 953 6354 960
11110 2 2 10 1 6320 6759 4473
11111 2 2 10 1 1973 2590 2589
11112 2 2 10 1 2069 7610 6074
11113 2 2 10 1 5761 6871 5762
11114 2 2 10 1 1590 6473 1492
11115 2 2 10 1 2799 4405 2979
11116 2 2 10 1 2019 7568 6029
11117 2 2 10 1 969 4170 3484
11118 2 2 10 1 3806 5211 4655
11119 2 2 10 1 2970 4053 2971
11120 2 2 10 1 999 6927 4565
11121 2 2 10 1 1305 1307 1306
11122 2 2 10 1 1309 1311 1310
11123 2 2 10 1 3694 3697 3696
11124 2 2 10 1 1307 1309 1308
11125 2 2 10 1 2736 6434 2839
11126 2 2 10 1 688 689 687
11127 2 2 10 1 4747 7667 1107
11128 2 2 10 1 4402 4504 4503
11129 2 2 10 1 3700 3701 2866
11130 2 2 10 1 5487 7001 6980
11131 2 2 10 1 2615 6361 2618
11132 2 2 10 1 4511 4512 4466
11133 2 2 10 1 594 7019 5891
11134 2 2 10 1 5721 6762 5722
11135 2 2 10 1 2666 3631 2716
11136 2 2 10 1 1441 1527 1450
11137 2 2 10 1 4095 6398 3747
11138 2 2 10 1 7015 7019 594
11139 2 2 10 1 1764 6651 5810
11140 2 2 10 1 1794 2011 1796
11141 2 2 10 1 1494 1495 1493
11142 2 2 10 1 1048 1057 1049
11143 2 2 10 1 1291 2076 1113
11144 2 2 10 1 3852 4114 2969
11145 2 2 10 1 5872 7101 4590
11146 2 2 10 1 2731 3990 2835
11147 2 2 10 1 1798 2185 1800
11148 2 2 10 1 3661 4039 2815
11149 2 2 10 1 3686 6793 4760
11150 2 2 10 1 4786 6793 3684
11151 2 2 10 1 5003 7199 5002
11152 2 2 10 1 2343 2806 2580
11153 2 2 10 1 7596 7660 2051
11154 2 2 10 1 3682 6797 4753
11155 2 2 10 1 2146 6392 2148
11156 2 2 10 1 4774 6797 3680
11157 2 2 10 1 1959 2390 1957
11158 2 2 10 1 1846 7078 1847
11159 2 2 10 1 4915 4917 4916
11160 2 2 10 1 3870 3871 3869
11161 2 2 10 1 2852 4448 2853
11162 2 2 10 1 5036 5219 5027
11163 2 2 10 1 2274 7132 5144
11164 2 2 10 1 5085 6665 1077
11165 2 2 10 1 1664 1725 1662
11166 2 2 10 1 1900 2190 1898
11167 2 2 10 1 2651 3718 3717
11168 2 2 10 1 2774 6543 4101
11169 2 2 10 1 1778 6512 1779
11170 2 2 10 1 1927 2690 1929
11171 2 2 10 1 3665 4358 3663
11172 2 2 10 1 2118 2187 2136
11173 2 2 10 1 182 6346 492
11174 2 2 10 1 628 6346 183
11175 2 2 10 1 492 6348 181
11176 2 2 10 1 178 6347 539
11177 2 2 10 1 627 6347 179
11178 2 2 10 1 184 6349 628
11179 2 2 10 1 186 6350 537
11180 2 2 10 1 537 6349 185
11181 2 2 10 1 180 6348 627
11182 2 2 10 1 1245 1248 1247
11183 2 2 10 1 2076 6383 1113
11184 2 2 10 1 6947 7486 4329
11185 2 2 10 1 4659 7754 3264
11186 2 2 10 1 1206 2200 1208
11187 2 2 10 1 4051 5816 3858
11188 2 2 10 1 2233 6493 2236
11189 2 2 10 1 1892 2090 1891
11190 2 2 10 1 2236 2471 2237
11191 2 2 10 1 1013 1073 1015
11192 2 2 10 1 6065 6785 5316
11193 2 2 10 1 4924 7292 4440
11194 2 2 10 1 3708 6575 2785
11195 2 2 10 1 1060 2197 1065
11196 2 2 10 1 1154 1172 1156
11197 2 2 10 1 1018 2201 1020
11198 2 2 10 1 3755 4531 3756
11199 2 2 10 1 1496 1497 1495
11200 2 2 10 1 3922 4746 3871
11201 2 2 10 1 3417 6702 3405
11202 2 2 10 1 1197 1231 1198
11203 2 2 10 1 530 7766 4746
11204 2 2 10 1 2196 6677 6554
11205 2 2 10 1 6542 6695 3491
11206 2 2 10 1 2985 4313 2983
11207 2 2 10 1 2000 2169 2002
11208 2 2 10 1 2223 6386 2224
11209 2 2 10 1 5583 7033 494
11210 2 2 10 1 968 6360 978
11211 2 2 10 1 2844 4066 3644
11212 2 2 10 1 1179 6532 1183
11213 2 2 10 1 3522 6493 4555
11214 2 2 10 1 1668 2098 1666
11215 2 2 10 1 4232 6361 2614
11216 2 2 10 1 2232 6493 2233
11217 2 2 10 1 3886 6364 3610
11218 2 2 10 1 3631 4399 3632
11219 2 2 10 1 2905 3524 2903
11220 2 2 10 1 2774 4099 2657
11221 2 2 10 1 1232 6504 1233
11222 2 2 10 1 4843 4848 4841
11223 2 2 10 1 2590 3836 2978
11224 2 2 10 1 4798 7271 604
11225 2 2 10 1 2053 7379 6296
11226 2 2 10 1 3635 4539 4365
11227 2 2 10 1 1118 6539 1129
11228 2 2 10 1 1574 1575 1573
11229 2 2 10 1 799 2189 827
11230 2 2 10 1 1823 1824 1820
11231 2 2 10 1 1950 6526 1951
11232 2 2 10 1 2187 2421 2188
11233 2 2 10 1 3701 4541 4540
11234 2 2 10 1 2475 6494 3700
11235 2 2 10 1 1202 1230 1204
11236 2 2 10 1 4856 7036 6069
11237 2 2 10 1 650 1562 652
11238 2 2 10 1 2614 2615 2613
11239 2 2 10 1 2738 3728 2086
11240 2 2 10 1 7019 7028 5891
11241 2 2 10 1 3745 6414 1724
11242 2 2 10 1 4840 6715 4842
11243 2 2 10 1 1681 1744 1679
11244 2 2 10 1 1572 1573 1571
11245 2 2 10 1 2077 2078 2076
11246 2 2 10 1 5920 6692 5919
11247 2 2 10 1 2338 6395 2667
11248 2 2 10 1 6468 6724 2189
11249 2 2 10 1 787 4350 3608
11250 2 2 10 1 5514 6737 5512
11251 2 2 10 1 2369 2373 1950
11252 2 2 10 1 1896 1914 1894
11253 2 2 10 1 2113 2137 2116
11254 2 2 10 1 936 972 943
11255 2 2 10 1 3354 3355 3352
11256 2 2 10 1 2981 4494 2938
11257 2 2 10 1 5891 7028 486
11258 2 2 10 1 944 6585 946
11259 2 2 10 1 4108 6457 2575
11260 2 2 10 1 2430 6590 2432
11261 2 2 10 1 2572 6504 1289
11262 2 2 10 1 1399 6499 1494
11263 2 2 10 1 5323 6940 5322
11264 2 2 10 1 2421 2882 2465
11265 2 2 10 1 1498 1525 1497
11266 2 2 10 1 883 6795 885
11267 2 2 10 1 6019 6542 6426
11268 2 2 10 1 2688 6964 5110
11269 2 2 10 1 2239 2428 2241
11270 2 2 10 1 2123 2126 2125
11271 2 2 10 1 1965 6442 1963
11272 2 2 10 1 1802 1822 1804
11273 2 2 10 1 2662 2663 2660
11274 2 2 10 1 1151 2039 1152
11275 2 2 10 1 4420 4754 4422
11276 2 2 10 1 1253 2215 1255
11277 2 2 10 1 4166 6750 4169
11278 2 2 10 1 4399 4520 4400
11279 2 2 10 1 6233 6535 3514
11280 2 2 10 1 3607 6476 785
11281 2 2 10 1 1518 1699 1540
11282 2 2 10 1 5742 6759 6320
11283 2 2 10 1 4100 4514 4099
11284 2 2 10 1 2359 2360 2358
11285 2 2 10 1 2079 2080 2078
11286 2 2 10 1 6776 7107 5518
11287 2 2 10 1 2172 6533 4077
11288 2 2 10 1 3836 4239 4238
11289 2 2 10 1 7006 7662 4639
11290 2 2 10 1 3981 4463 3667
11291 2 2 10 1 1181 6587 1176
11292 2 2 10 1 1576 1577 1575
11293 2 2 10 1 2257 6530 2258
11294 2 2 10 1 1573 2155 1571
11295 2 2 10 1 1147 6501 1148
11296 2 2 10 1 2635 6485 6215
11297 2 2 10 1 1455 1570 1454
11298 2 2 10 1 1764 1765 1763
11299 2 2 10 1 3704 6337 1231
11300 2 2 10 1 2284 2586 2282
11301 2 2 10 1 3703 4041 3704
11302 2 2 10 1 2689 2699 2373
11303 2 2 10 1 3480 6374 3478
11304 2 2 10 1 2140 2153 2138
11305 2 2 10 1 2863 2886 2563
11306 2 2 10 1 1158 2196 1161
11307 2 2 10 1 6307 6542 3491
11308 2 2 10 1 5538 6790 620
11309 2 2 10 1 3351 3352 3350
11310 2 2 10 1 3729 3730 3728
11311 2 2 10 1 675 6990 673
11312 2 2 10 1 2081 2082 2080
11313 2 2 10 1 1427 6573 1510
11314 2 2 10 1 1163 1167 1165
11315 2 2 10 1 3767 4160 3751
11316 2 2 10 1 2005 2317 2007
11317 2 2 10 1 4004 4005 2717
11318 2 2 10 1 2109 2111 2110
11319 2 2 10 1 4373 6564 4346
11320 2 2 10 1 1178 6532 1179
11321 2 2 10 1 506 6769 257
11322 2 2 10 1 5042 7327 4853
11323 2 2 10 1 1644 6720 1750
11324 2 2 10 1 1365 1454 1364
11325 2 2 10 1 1117 6539 1118
11326 2 2 10 1 656 970 658
11327 2 2 10 1 1691 2335 1689
11328 2 2 10 1 3409 6729 3415
11329 2 2 10 1 3523 4314 3675
11330 2 2 10 1 2587 3777 2586
11331 2 2 10 1 4527 4528 3708
11332 2 2 10 1 1151 2104 2039
11333 2 2 10 1 6866 6900 5616
11334 2 2 10 1 1766 1767 1765
11335 2 2 10 1 4239 5774 4489
11336 2 2 10 1 1724 6414 2611
11337 2 2 10 1 2339 6395 2338
11338 2 2 10 1 1577 1839 1575
11339 2 2 10 1 4018 4019 2289
11340 2 2 10 1 2933 4004 2717
11341 2 2 10 1 1070 1105 1074
11342 2 2 10 1 1932 2411 1934
11343 2 2 10 1 1857 2571 1855
11344 2 2 10 1 2857 3624 2699
11345 2 2 10 1 1833 6593 1831
11346 2 2 10 1 1525 1579 1497
11347 2 2 10 1 3703 4043 4041
11348 2 2 10 1 1768 1769 1767
11349 2 2 10 1 5498 6584 5493
11350 2 2 10 1 1211 1227 1213
11351 2 2 10 1 4041 4506 4042
11352 2 2 10 1 2127 2130 2129
11353 2 2 10 1 1819 6618 6229
11354 2 2 10 1 1578 1685 1577
11355 2 2 10 1 2361 2362 2360
11356 2 2 10 1 3337 6535 6233
11357 2 2 10 1 1286 1364 1284
11358 2 2 10 1 1136 6533 1137
11359 2 2 10 1 2839 2840 2665
11360 2 2 10 1 1694 2198 1683
11361 2 2 10 1 1022 1069 1024
11362 2 2 10 1 2111 2113 2112
11363 2 2 10 1 2785 6575 2431
11364 2 2 10 1 1940 6522 2179
11365 2 2 10 1 3060 6723 3067
11366 2 2 10 1 2989 4377 2987
11367 2 2 10 1 2236 3522 2471
11368 2 2 10 1 3609 6467 3607
11369 2 2 10 1 2043 6542 6307
11370 2 2 10 1 4125 6507 3436
11371 2 2 10 1 1197 3702 1231
11372 2 2 10 1 2090 4137 1891
11373 2 2 10 1 1114 6383 1117
11374 2 2 10 1 2286 2717 1768
11375 2 2 10 1 2138 6517 2139
11376 2 2 10 1 4773 7803 1443
11377 2 2 10 1 1706 6581 6059
11378 2 2 10 1 2154 2450 2153
11379 2 2 10 1 1819 1820 1818
11380 2 2 10 1 3631 4744 4399
11381 2 2 10 1 2590 6375 3836
11382 2 2 10 1 1085 1291 1113
11383 2 2 10 1 1231 6337 1198
11384 2 2 10 1 949 2819 2818
11385 2 2 10 1 2852 2853 2385
11386 2 2 10 1 2913 4686 4072
11387 2 2 10 1 4915 4916 4913
11388 2 2 10 1 4306 6728 4277
11389 2 2 10 1 660 2213 662
11390 2 2 10 1 1863 6621 979
11391 2 2 10 1 4275 6728 4545
11392 2 2 10 1 2253 2438 2255
11393 2 2 10 1 684 6411 692
11394 2 2 10 1 4233 4234 2886
11395 2 2 10 1 1973 2589 1971
11396 2 2 10 1 2460 2811 2450
11397 2 2 10 1 2461 2655 2460
11398 2 2 10 1 3353 6415 5130
11399 2 2 10 1 2343 2580 2218
11400 2 2 10 1 3814 4383 3769
11401 2 2 10 1 2216 6448 3848
11402 2 2 10 1 787 3608 3607
11403 2 2 10 1 1132 6436 1136
11404 2 2 10 1 6559 7880 4883
11405 2 2 10 1 3344 3770 3346
11406 2 2 10 1 1710 2309 1708
11407 2 2 10 1 1048 1063 1057
11408 2 2 10 1 3724 6840 5669
11409 2 2 10 1 4753 6840 3722
11410 2 2 10 1 2261 2378 2326
11411 2 2 10 1 1787 3752 2337
11412 2 2 10 1 1969 2370 1967
11413 2 2 10 1 1257 1261 1259
11414 2 2 10 1 2612 2613 2363
11415 2 2 10 1 2433 2575 1954
11416 2 2 10 1 3733 6842 4739
11417 2 2 10 1 4106 4455 4105
11418 2 2 10 1 2113 2116 2114
11419 2 2 10 1 1140 2172 1988
11420 2 2 10 1 1808 1821 1810
11421 2 2 10 1 2651 4220 3718
11422 2 2 10 1 4760 6842 3731
11423 2 2 10 1 1812 2191 1814
11424 2 2 10 1 3996 4689 3816
11425 2 2 10 1 2875 6519 4791
11426 2 2 10 1 1752 2214 1702
11427 2 2 10 1 2656 2657 2655
11428 2 2 10 1 196 6778 195
11429 2 2 10 1 1168 2207 1170
11430 2 2 10 1 1219 1224 1222
11431 2 2 10 1 2733 3994 3920
11432 2 2 10 1 1940 2179 1942
11433 2 2 10 1 3701 4540 2866
11434 2 2 10 1 2970 4054 4053
11435 2 2 10 1 1030 1067 1032
11436 2 2 10 1 2336 4112 2666
11437 2 2 10 1 2946 6408 3441
11438 2 2 10 1 6432 7326 4409
11439 2 2 10 1 4763 7601 939
11440 2 2 10 1 4810 4811 2858
11441 2 2 10 1 2177 2359 2358
11442 2 2 10 1 3222 6760 3220
11443 2 2 10 1 1215 2211 1217
11444 2 2 10 1 1433 6469 1306
11445 2 2 10 1 1906 1921 1904
11446 2 2 10 1 2269 2270 1915
11447 2 2 10 1 993 3693 2267
11448 2 2 10 1 664 780 666
11449 2 2 10 1 2099 3677 2308
11450 2 2 10 1 1026 2206 1028
11451 2 2 10 1 1038 1062 1040
11452 2 2 10 1 1912 1949 1910
11453 2 2 10 1 2134 2140 2138
11454 2 2 10 1 2582 6494 2295
11455 2 2 10 1 2104 2106 2105
11456 2 2 10 1 3485 6600 4552
11457 2 2 10 1 2249 2455 2251
11458 2 2 10 1 4371 7806 5284
11459 2 2 10 1 6574 6715 1227
11460 2 2 10 1 3348 3351 3350
11461 2 2 10 1 1715 4664 1723
11462 2 2 10 1 676 680 678
11463 2 2 10 1 2291 2863 2563
11464 2 2 10 1 5088 6740 1167
11465 2 2 10 1 1721 2316 1737
11466 2 2 10 1 2145 4018 2289
11467 2 2 10 1 2737 2738 2086
11468 2 2 10 1 4016 4080 3939
11469 2 2 10 1 2365 2592 2591
11470 2 2 10 1 3709 4519 2882
11471 2 2 10 1 1042 2194 1045
11472 2 2 10 1 1269 1286 1284
11473 2 2 10 1 1183 2298 1872
11474 2 2 10 1 2993 4647 2991
11475 2 2 10 1 1129 2399 1131
11476 2 2 10 1 3615 6717 3613
11477 2 2 10 1 1675 1705 1579
11478 2 2 10 1 4102 7619 6272
11479 2 2 10 1 2658 2774 2657
11480 2 2 10 1 5165 5166 5164
11481 2 2 10 1 1228 1271 1232
11482 2 2 10 1 717 6591 715
11483 2 2 10 1 3608 4419 3609
11484 2 2 10 1 3697 4225 3995
11485 2 2 10 1 5067 6703 1828
11486 2 2 10 1 1816 1819 1818
11487 2 2 10 1 4017 6600 3487
11488 2 2 10 1 2116 2118 2117
11489 2 2 10 1 1776 1780 1778
11490 2 2 10 1 1173 1177 1175
11491 2 2 10 1 1137 6533 1140
11492 2 2 10 1 2302 2427 2426
11493 2 2 10 1 2280 2281 2278
11494 2 2 10 1 5369 7470 614
11495 2 2 10 1 1648 6603 1650
11496 2 2 10 1 2106 2108 2107
11497 2 2 10 1 7379 7435 6296
11498 2 2 10 1 1034 2212 1036
11499 2 2 10 1 2180 2376 1867
11500 2 2 10 1 2084 2367 2087
11501 2 2 10 1 3857 3858 3729
11502 2 2 10 1 670 1742 672
11503 2 2 10 1 2303 2585 2339
11504 2 2 10 1 5093 6386 2566
11505 2 2 10 1 1769 1772 1771
11506 2 2 10 1 7759 7891 7662
11507 2 2 10 1 1730 2285 2170
11508 2 2 10 1 1745 1746 1705
11509 2 2 10 1 6031 7087 2921
11510 2 2 10 1 1233 6420 1235
11511 2 2 10 1 2275 2277 2273
11512 2 2 10 1 556 6856 6007
11513 2 2 10 1 2004 6538 1998
11514 2 2 10 1 2847 6905 5200
11515 2 2 10 1 4019 4106 4105
11516 2 2 10 1 2108 2115 2109
11517 2 2 10 1 2258 6530 2261
11518 2 2 10 1 965 1764 1763
11519 2 2 10 1 3649 6656 6360
11520 2 2 10 1 1320 7882 4713
11521 2 2 10 1 3492 6499 1290
11522 2 2 10 1 2811 4227 4226
11523 2 2 10 1 2585 2798 2339
11524 2 2 10 1 2283 2449 2439
11525 2 2 10 1 1944 2369 1950
11526 2 2 10 1 2282 2283 1746
11527 2 2 10 1 6019 6695 6542
11528 2 2 10 1 2449 2694 2439
11529 2 2 10 1 3635 4365 3636
11530 2 2 10 1 4050 4051 3858
11531 2 2 10 1 340 6772 527
11532 2 2 10 1 4750 7703 593
11533 2 2 10 1 2118 2136 2119
11534 2 2 10 1 2399 2604 1131
11535 2 2 10 1 2465 2773 2466
11536 2 2 10 1 3522 4554 3523
11537 2 2 10 1 5061 7834 5060
11538 2 2 10 1 1671 6734 1640
11539 2 2 10 1 5936 7701 5937
11540 2 2 10 1 5243 6385 5059
11541 2 2 10 1 678 6718 6437
11542 2 2 10 1 4073 7098 4074
11543 2 2 10 1 4552 6378 2879
11544 2 2 10 1 4761 7687 3289
11545 2 2 10 1 5457 6856 5538
11546 2 2 10 1 3742 6644 2589
11547 2 2 10 1 2280 2470 2281
11548 2 2 10 1 972 1090 1089
11549 2 2 10 1 4598 7827 4755
11550 2 2 10 1 1063 1076 1064
11551 2 2 10 1 2298 2299 1872
11552 2 2 10 1 6426 6542 2043
11553 2 2 10 1 3257 6738 3056
11554 2 2 10 1 3469 7842 6631
11555 2 2 10 1 5817 6722 6655
11556 2 2 10 1 3254 7581 6987
11557 2 2 10 1 5001 7414 7242
11558 2 2 10 1 2724 7141 6588
11559 2 2 10 1 5391 7570 5646
11560 2 2 10 1 2705 2706 2694
11561 2 2 10 1 1271 1289 1232
11562 2 2 10 1 5271 6511 2555
11563 2 2 10 1 1780 2294 1778
11564 2 2 10 1 3825 7110 2649
11565 2 2 10 1 2359 6595 5924
11566 2 2 10 1 1076 1103 1077
11567 2 2 10 1 979 6621 981
11568 2 2 10 1 3352 6415 3350
11569 2 2 10 1 1148 6501 1151
11570 2 2 10 1 3752 3754 3753
11571 2 2 10 1 5520 6776 5518
11572 2 2 10 1 3986 3987 2706
11573 2 2 10 1 6257 6681 2742
11574 2 2 10 1 2375 6446 2920
11575 2 2 10 1 4432 4433 2840
11576 2 2 10 1 3795 7909 5175
11577 2 2 10 1 1103 1279 1104
11578 2 2 10 1 3604 6581 6254
11579 2 2 10 1 2148 6392 2151
11580 2 2 10 1 2172 3932 2844
11581 2 2 10 1 4101 7109 4100
11582 2 2 10 1 5726 6762 5992
11583 2 2 10 1 3754 3757 3755
11584 2 2 10 1 3780 6699 4527
11585 2 2 10 1 2683 2711 2575
11586 2 2 10 1 2446 6877 5765
11587 2 2 10 1 3677 5605 2308
11588 2 2 10 1 4358 7583 6521
11589 2 2 10 1 5142 7157 5143
11590 2 2 10 1 4305 7266 6852
11591 2 2 10 1 4016 4488 4080
11592 2 2 10 1 1780 6560 2582
11593 2 2 10 1 1090 1092 1091
11594 2 2 10 1 5579 6711 6482
11595 2 2 10 1 5765 6831 1411
11596 2 2 10 1 2875 4118 2711
11597 2 2 10 1 1301 1302 1288
11598 2 2 10 1 1191 6445 1193
11599 2 2 10 1 2269 2468 2270
11600 2 2 10 1 2574 2809 2299
11601 2 2 10 1 3693 3694 2267
11602 2 2 10 1 680 681 678
11603 2 2 10 1 6737 7083 5512
11604 2 2 10 1 2994 4385 2809
11605 2 2 10 1 2295 2474 2294
11606 2 2 10 1 1290 1398 1289
11607 2 2 10 1 1334 6763 1368
11608 2 2 10 1 1307 6914 5745
11609 2 2 10 1 2475 2864 2474
11610 2 2 10 1 1399 1492 1398
11611 2 2 10 1 1493 1589 1492
11612 2 2 10 1 590 6772 341
11613 2 2 10 1 3693 3695 3694
11614 2 2 10 1 1303 1304 1302
11615 2 2 10 1 2468 2469 2270
11616 2 2 10 1 1092 1120 1119
11617 2 2 10 1 4818 7096 5257
11618 2 2 10 1 6800 6897 2269
11619 2 2 10 1 348 6792 519
11620 2 2 10 1 5487 6980 6443
11621 2 2 10 1 680 682 681
11622 2 2 10 1 569 6880 6038
11623 2 2 10 1 576 6813 5178
11624 2 2 10 1 510 7270 5679
11625 2 2 10 1 3064 6626 3066
11626 2 2 10 1 1412 6397 1403
11627 2 2 10 1 876 6598 874
11628 2 2 10 1 2969 2970 2469
11629 2 2 10 1 2014 6815 725
11630 2 2 10 1 682 686 683
11631 2 2 10 1 686 688 687
11632 2 2 10 1 1286 1365 1364
11633 2 2 10 1 2433 2683 2575
11634 2 2 10 1 1305 1306 1304
11635 2 2 10 1 5123 6689 5124
11636 2 2 10 1 1120 1288 1287
11637 2 2 10 1 2172 2844 1988
11638 2 2 10 1 6007 6856 5459
11639 2 2 10 1 2468 2969 2469
11640 2 2 10 1 682 683 681
11641 2 2 10 1 7868 7885 6016
11642 2 2 10 1 2590 2978 2589
11643 2 2 10 1 686 687 683
11644 2 2 10 1 1271 6567 3492
11645 2 2 10 1 3752 3753 2337
11646 2 2 10 1 1785 7361 1783
11647 2 2 10 1 6577 6685 3645
11648 2 2 10 1 2399 2816 2604
11649 2 2 10 1 1271 1290 1289
11650 2 2 10 1 1780 2295 2294
11651 2 2 10 1 1307 1308 1306
11652 2 2 10 1 2298 2574 2299
11653 2 2 10 1 1309 1310 1308
11654 2 2 10 1 1063 1064 1057
11655 2 2 10 1 4220 4445 3718
11656 2 2 10 1 1399 1493 1492
11657 2 2 10 1 1290 1399 1398
11658 2 2 10 1 1782 6449 1784
11659 2 2 10 1 2475 2866 2864
11660 2 2 10 1 2295 2475 2474
11661 2 2 10 1 2470 2651 2281
11662 2 2 10 1 2994 4496 4385
11663 2 2 10 1 2806 3635 2580
11664 2 2 10 1 2574 2994 2809
11665 2 2 10 1 1291 2077 2076
11666 2 2 10 1 3522 3523 2471
11667 2 2 10 1 2090 4467 4137
11668 2 2 10 1 2875 4790 4118
11669 2 2 10 1 2683 2875 2711
11670 2 2 10 1 4839 6438 6321
11671 2 2 10 1 4917 6489 4916
11672 2 2 10 1 4448 4449 2853
11673 2 2 10 1 5124 6944 6788
11674 2 2 10 1 3702 3703 1231
11675 2 2 10 1 2187 2188 2136
11676 2 2 10 1 259 6645 258
11677 2 2 10 1 1779 6512 2095
11678 2 2 10 1 2449 2705 2694
11679 2 2 10 1 3754 3755 3753
11680 2 2 10 1 3836 4238 2978
11681 2 2 10 1 2585 3869 2798
11682 2 2 10 1 1279 1280 1104
11683 2 2 10 1 2774 4100 4099
11684 2 2 10 1 1525 1675 1579
11685 2 2 10 1 2104 2105 2039
11686 2 2 10 1 1103 1104 1077
11687 2 2 10 1 1076 1077 1064
11688 2 2 10 1 3760 6876 5674
11689 2 2 10 1 2705 3986 2706
11690 2 2 10 1 2738 3729 3728
11691 2 2 10 1 2369 2689 2373
11692 2 2 10 1 7755 7767 2066
11693 2 2 10 1 2421 2465 2188
11694 2 2 10 1 4739 6876 3758
11695 2 2 10 1 2077 2079 2078
11696 2 2 10 1 2863 4233 2886
11697 2 2 10 1 5800 6545 5798
11698 2 2 10 1 3650 7367 6519
11699 2 2 10 1 2359 2361 2360
11700 2 2 10 1 1631 6878 2222
11701 2 2 10 1 2667 6395 3886
11702 2 2 10 1 2140 2154 2153
11703 2 2 10 1 4239 4489 4238
11704 2 2 10 1 4106 4457 4455
11705 2 2 10 1 1872 6465 1184
11706 2 2 10 1 2262 6878 1633
11707 2 2 10 1 3351 3354 3352
11708 2 2 10 1 1819 1823 1820
11709 2 2 10 1 2689 2857 2699
11710 2 2 10 1 2672 6875 6044
11711 2 2 10 1 2079 2081 2080
11712 2 2 10 1 1184 6465 1186
11713 2 2 10 1 1287 6441 2175
11714 2 2 10 1 700 6463 711
11715 2 2 10 1 2081 2086 2082
11716 2 2 10 1 4401 7306 5218
11717 2 2 10 1 2857 3985 3624
11718 2 2 10 1 1745 2282 1746
11719 2 2 10 1 1675 1745 1705
11720 2 2 10 1 2108 2109 2107
11721 2 2 10 1 2106 2107 2105
11722 2 2 10 1 2074 6763 1332
11723 2 2 10 1 1764 1766 1765
11724 2 2 10 1 3650 6519 2683
11725 2 2 10 1 1766 1768 1767
11726 2 2 10 1 2361 2363 2362
11727 2 2 10 1 2154 2460 2450
11728 2 2 10 1 4740 6883 4327
11729 2 2 10 1 3469 6631 3361
11730 2 2 10 1 4926 7930 2206
11731 2 2 10 1 4928 7883 2441
11732 2 2 10 1 4325 6883 5647
11733 2 2 10 1 7796 7853 6291
11734 2 2 10 1 1455 6562 1572
11735 2 2 10 1 2298 6532 4244
11736 2 2 10 1 1365 1455 1454
11737 2 2 10 1 4308 6986 5634
11738 2 2 10 1 2737 7092 6773
11739 2 2 10 1 1455 1571 1570
11740 2 2 10 1 723 6815 775
11741 2 2 10 1 677 6437 684
11742 2 2 10 1 2399 6539 4135
11743 2 2 10 1 274 6816 584
11744 2 2 10 1 4731 7689 4732
11745 2 2 10 1 5801 6905 2626
11746 2 2 10 1 1286 6583 3595
11747 2 2 10 1 5282 7498 6670
11748 2 2 10 1 1458 6718 681
11749 2 2 10 1 6773 7057 3857
11750 2 2 10 1 2614 6361 2615
11751 2 2 10 1 3690 6767 3688
11752 2 2 10 1 3280 7267 5537
11753 2 2 10 1 255 6828 557
11754 2 2 10 1 3773 6888 4679
11755 2 2 10 1 4062 6888 3771
11756 2 2 10 1 4590 6929 5872
11757 2 2 10 1 2110 6561 2107
11758 2 2 10 1 5241 6767 6678
11759 2 2 10 1 135 6634 499
11760 2 2 10 1 678 6437 677
11761 2 2 10 1 4418 6608 4017
11762 2 2 10 1 645 6516 648
11763 2 2 10 1 3991 7236 6072
11764 2 2 10 1 2644 6627 2674
11765 2 2 10 1 2604 6436 1131
11766 2 2 10 1 6598 6667 874
11767 2 2 10 1 3494 6688 6315
11768 2 2 10 1 1111 6774 722
11769 2 2 10 1 2248 6710 2246
11770 2 2 10 1 3441 6408 4672
11771 2 2 10 1 5426 7050 5582
11772 2 2 10 1 1998 6538 2000
11773 2 2 10 1 994 6459 996
11774 2 2 10 1 1746 6430 1705
11775 2 2 10 1 5064 6972 2423
11776 2 2 10 1 162 6655 161
11777 2 2 10 1 6956 7103 6000
11778 2 2 10 1 949 6585 2819
11779 2 2 10 1 1888 6455 1886
11780 2 2 10 1 2091 6445 1191
11781 2 2 10 1 5646 7571 5643
11782 2 2 10 1 2611 6414 3480
11783 2 2 10 1 1820 6448 1818
11784 2 2 10 1 6205 6705 1706
11785 2 2 10 1 2099 6526 3677
11786 2 2 10 1 1625 6660 1623
11787 2 2 10 1 1107 7644 4747
11788 2 2 10 1 3351 6613 3477
11789 2 2 10 1 485 6816 275
11790 2 2 10 1 3595 6562 1365
11791 2 2 10 1 4126 6683 4125
11792 2 2 10 1 5943 7323 509
11793 2 2 10 1 5690 6666 5743
11794 2 2 10 1 2140 6768 5072
11795 2 2 10 1 5782 6668 2935
11796 2 2 10 1 4373 7505 6564
11797 2 2 10 1 2913 6590 4686
11798 2 2 10 1 5870 6664 2453
11799 2 2 10 1 6296 7435 1395
11800 2 2 10 1 2267 6459 994
11801 2 2 10 1 98 6790 556
11802 2 2 10 1 620 6790 99
11803 2 2 10 1 2853 6593 2385
11804 2 2 10 1 2067 6780 1636
11805 2 2 10 1 3848 6446 2375
11806 2 2 10 1 1920 6457 1918
11807 2 2 10 1 692 6411 2096
11808 2 2 10 1 6597 6839 581
11809 2 2 10 1 1638 6780 1671
11810 2 2 10 1 5733 6887 5732
11811 2 2 10 1 538 7828 5284
11812 2 2 10 1 5178 7264 526
11813 2 2 10 1 2145 6517 4018
11814 2 2 10 1 2308 6502 2100
11815 2 2 10 1 3270 6783 3052
11816 2 2 10 1 4225 7343 3995
11817 2 2 10 1 3054 6783 3257
11818 2 2 10 1 1884 6497 1882
11819 2 2 10 1 7112 7146 4309
11820 2 2 10 1 669 7126 667
11821 2 2 10 1 834 6654 836
11822 2 2 10 1 5705 6882 478
11823 2 2 10 1 1851 6505 1848
11824 2 2 10 1 1788 6479 1790
11825 2 2 10 1 7597 7808 4543
11826 2 2 10 1 2756 6727 6444
11827 2 2 10 1 4414 6939 3876
11828 2 2 10 1 7323 7371 509
11829 2 2 10 1 1648 6663 6603
11830 2 2 10 1 1285 6342 6319
11831 2 2 10 1 2241 6541 2243
11832 2 2 10 1 2592 6483 4084
11833 2 2 10 1 5186 6777 2185
11834 2 2 10 1 2236 6493 3522
11835 2 2 10 1 2100 6502 2102
11836 2 2 10 1 2171 7110 2268
11837 2 2 10 1 5282 6670 3232
11838 2 2 10 1 5941 7099 2597
11839 2 2 10 1 1141 6488 1143
11840 2 2 10 1 3515 6802 3765
11841 2 2 10 1 3749 6563 4095
11842 2 2 10 1 1235 6420 1238
11843 2 2 10 1 1646 6663 1648
11844 2 2 10 1 5687 7495 3301
11845 2 2 10 1 4892 6908 3866
11846 2 2 10 1 1049 6490 1051
11847 2 2 10 1 4831 6693 4830
11848 2 2 10 1 5893 6657 6010
11849 2 2 10 1 1266 6432 1241
11850 2 2 10 1 6825 6956 5735
11851 2 2 10 1 133 6843 132
11852 2 2 10 1 6517 6719 4018
11853 2 2 10 1 2245 6527 2247
11854 2 2 10 1 1073 7036 4923
11855 2 2 10 1 4679 6910 3783
11856 2 2 10 1 3785 6910 5664
11857 2 2 10 1 7290 7551 1248
11858 2 2 10 1 1675 6701 5146
11859 2 2 10 1 581 6839 5851
11860 2 2 10 1 981 6621 993
11861 2 2 10 1 6074 7709 2069
11862 2 2 10 1 6526 6726 3677
11863 2 2 10 1 3751 6563 3749
11864 2 2 10 1 1280 6552 1372
11865 2 2 10 1 5284 7828 599
11866 2 2 10 1 4528 6575 3708
11867 2 2 10 1 1204 6500 1206
11868 2 2 10 1 3791 6918 4658
11869 2 2 10 1 1134 6809 6408
11870 2 2 10 1 6294 7596 2051
11871 2 2 10 1 3666 6687 3668
11872 2 2 10 1 4086 6918 3789
11873 2 2 10 1 2337 6479 1788
11874 2 2 10 1 3265 7646 4769
11875 2 2 10 1 5149 7176 4211
11876 2 2 10 1 1183 6532 2298
11877 2 2 10 1 6825 6873 2783
11878 2 2 10 1 3391 6658 3429
11879 2 2 10 1 6679 7059 5502
11880 2 2 10 1 1988 6488 1141
11881 2 2 10 1 2804 7460 4436
11882 2 2 10 1 2218 6537 1859
11883 2 2 10 1 3636 6537 2580
11884 2 2 10 1 7729 7796 1413
11885 2 2 10 1 3850 6952 3839
11886 2 2 10 1 2555 6511 2557
11887 2 2 10 1 4422 7335 4421
11888 2 2 10 1 1129 6539 2399
11889 2 2 10 1 6205 6743 6705
11890 2 2 10 1 4475 6935 5813
11891 2 2 10 1 3714 6616 3795
11892 2 2 10 1 1057 6490 1049
11893 2 2 10 1 753 6513 765
11894 2 2 10 1 3279 7411 4965
11895 2 2 10 1 2105 6561 3653
11896 2 2 10 1 5684 6817 5624
11897 2 2 10 1 5498 7037 7017
11898 2 2 10 1 3064 6669 6626
11899 2 2 10 1 3395 6835 3397
11900 2 2 10 1 963 6671 6016
11901 2 2 10 1 1957 6531 1955
11902 2 2 10 1 1064 6665 3642
11903 2 2 10 1 1405 6524 1425
11904 2 2 10 1 3062 6669 3064
11905 2 2 10 1 2096 6463 700
11906 2 2 10 1 4104 6662 6392
11907 2 2 10 1 1955 6531 2433
11908 2 2 10 1 1233 6504 6420
11909 2 2 10 1 1015 6523 1018
11910 2 2 10 1 3663 6521 3661
11911 2 2 10 1 6018 6850 6362
11912 2 2 10 1 3971 7276 5789
11913 2 2 10 1 595 7053 5888
11914 2 2 10 1 651 7464 1836
11915 2 2 10 1 2920 6446 5010
11916 2 2 10 1 1152 6528 1154
11917 2 2 10 1 2373 6726 6526
11918 2 2 10 1 4501 7405 4107
11919 2 2 10 1 1925 6544 1927
11920 2 2 10 1 5333 6991 5245
11921 2 2 10 1 3645 6685 3735
11922 2 2 10 1 1666 6529 1578
11923 2 2 10 1 7046 7053 595
11924 2 2 10 1 6976 7285 2387
11925 2 2 10 1 2373 6526 1950
11926 2 2 10 1 2983 6546 2981
11927 2 2 10 1 1963 6442 2440
11928 2 2 10 1 1058 6536 1060
11929 2 2 10 1 3870 6646 3922
11930 2 2 10 1 6046 6981 4015
11931 2 2 10 1 2936 6713 5264
11932 2 2 10 1 3772 6837 3727
11933 2 2 10 1 1593 6798 1594
11934 2 2 10 1 1193 6445 1197
11935 2 2 10 1 6802 6831 3765
11936 2 2 10 1 1848 6505 5296
11937 2 2 10 1 1796 6518 1798
11938 2 2 10 1 5326 7095 5325
11939 2 2 10 1 1894 6550 1892
11940 2 2 10 1 6619 6966 5180
11941 2 2 10 1 3754 6810 3884
11942 2 2 10 1 2660 6543 2658
11943 2 2 10 1 5298 6900 6866
11944 2 2 10 1 1718 6822 1632
11945 2 2 10 1 6430 7884 4424
11946 2 2 10 1 1634 6822 2067
11947 2 2 10 1 874 6667 872
11948 2 2 10 1 2237 6556 2239
11949 2 2 10 1 3253 6823 3048
11950 2 2 10 1 3050 6823 3270
11951 2 2 10 1 1784 6449 1787
11952 2 2 10 1 1200 6548 1202
11953 2 2 10 1 3810 6946 5673
11954 2 2 10 1 4658 6946 3808
11955 2 2 10 1 1489 6452 1437
11956 2 2 10 1 3972 7187 5792
11957 2 2 10 1 4713 7941 1320
11958 2 2 10 1 1011 6547 1013
11959 2 2 10 1 2090 6551 4467
11960 2 2 10 1 1882 6497 2429
11961 2 2 10 1 2095 6449 1782
11962 2 2 10 1 1161 6554 1163
11963 2 2 10 1 1251 6558 1253
11964 2 2 10 1 939 7632 4763
11965 2 2 10 1 1708 6555 1696
11966 2 2 10 1 3954 7349 5787
11967 2 2 10 1 4127 7005 6404
11968 2 2 10 1 3820 6951 5655
11969 2 2 10 1 1748 6914 1305
11970 2 2 10 1 4164 6951 3818
11971 2 2 10 1 3667 6553 3665
11972 2 2 10 1 1570 6572 1715
11973 2 2 10 1 4545 6832 4273
11974 2 2 10 1 5919 6692 2652
11975 2 2 10 1 2155 6736 6572
11976 2 2 10 1 4271 6832 4694
11977 2 2 10 1 5285 7767 7755
11978 2 2 10 1 2082 6481 2084
11979 2 2 10 1 1384 6441 1288
11980 2 2 10 1 4935 7661 4938
11981 2 2 10 1 3245 6676 3216
11982 2 2 10 1 726 7464 653
11983 2 2 10 1 4737 6673 3496
11984 2 2 10 1 1892 6550 2090
11985 2 2 10 1 5576 6616 3714
11986 2 2 10 1 2002 6565 2005
11987 2 2 10 1 5982 6870 5706
11988 2 2 10 1 6330 6758 6331
11989 2 2 10 1 3918 7165 4535
11990 2 2 10 1 1140 6533 2172
11991 2 2 10 1 4991 7101 5872
11992 2 2 10 1 711 6463 969
11993 2 2 10 1 2362 6483 2365
11994 2 2 10 1 2665 6568 2662
11995 2 2 10 1 2471 6556 2237
11996 2 2 10 1 4445 7454 5171
11997 2 2 10 1 5157 6637 5156
11998 2 2 10 1 1065 6569 1070
11999 2 2 10 1 5521 6679 5504
12000 2 2 10 1 1683 6570 1681
12001 2 2 10 1 2294 6512 1778
12002 2 2 10 1 2732 7847 5112
12003 2 2 10 1 7053 7059 5888
12004 2 2 10 1 1186 6465 1190
12005 2 2 10 1 3618 6684 3620
12006 2 2 10 1 1208 6574 1211
12007 2 2 10 1 5888 7059 484
12008 2 2 10 1 6394 6989 5842
12009 2 2 10 1 4456 6826 4105
12010 2 2 10 1 1020 6576 1022
12011 2 2 10 1 4696 6838 4172
12012 2 2 10 1 4418 7739 6608
12013 2 2 10 1 658 6557 660
12014 2 2 10 1 4460 6733 4461
12015 2 2 10 1 2039 6528 1152
12016 2 2 10 1 2987 6580 2985
12017 2 2 10 1 996 6459 1004
12018 2 2 10 1 4523 6758 6330
12019 2 2 10 1 1289 6504 1232
12020 2 2 10 1 747 6917 699
12021 2 2 10 1 1151 6501 2104
12022 2 2 10 1 1855 6589 1853
12023 2 2 10 1 6572 6736 4664
12024 2 2 10 1 3864 6984 4892
12025 2 2 10 1 5170 7772 7324
12026 2 2 10 1 6584 7028 5491
12027 2 2 10 1 4769 7629 3265
12028 2 2 10 1 2261 6530 2378
12029 2 2 10 1 1929 6596 1932
12030 2 2 10 1 1578 6529 1685
12031 2 2 10 1 1590 6884 6473
12032 2 2 10 1 3289 7682 4761
12033 2 2 10 1 1954 6457 1920
12034 2 2 10 1 1967 6601 1965
12035 2 2 10 1 4315 6649 3675
12036 2 2 10 1 1961 6549 1959
12037 2 2 10 1 5610 7309 566
12038 2 2 10 1 6075 6940 5319
12039 2 2 10 1 6710 6972 4636
12040 2 2 10 1 2153 6517 2138
12041 2 2 10 1 2153 6719 6517
12042 2 2 10 1 1891 6455 1888
12043 2 2 10 1 3855 6682 6395
12044 2 2 10 1 4389 7916 6290
12045 2 2 10 1 1288 6441 1287
12046 2 2 10 1 3242 6872 3241
12047 2 2 10 1 6108 6926 6109
12048 2 2 10 1 6337 6548 1200
12049 2 2 10 1 3625 6691 3627
12050 2 2 10 1 2155 6572 1571
12051 2 2 10 1 3624 6506 4735
12052 2 2 10 1 6397 6524 1405
12053 2 2 10 1 733 6869 954
12054 2 2 10 1 5240 6552 2691
12055 2 2 10 1 5714 6681 6257
12056 2 2 10 1 101 6690 100
12057 2 2 10 1 2051 7660 6292
12058 2 2 10 1 1341 6899 1503
12059 2 2 10 1 1520 6911 1345
12060 2 2 10 1 3769 6578 3767
12061 2 2 10 1 2841 6672 5234
12062 2 2 10 1 4010 7057 6773
12063 2 2 10 1 1449 7739 1440
12064 2 2 10 1 4749 6912 6463
12065 2 2 10 1 6437 6718 5103
12066 2 2 10 1 3832 6992 5670
12067 2 2 10 1 6535 6802 3514
12068 2 2 10 1 697 6917 1986
12069 2 2 10 1 4348 6992 3830
12070 2 2 10 1 4962 7000 4332
12071 2 2 10 1 133 7624 6843
12072 2 2 10 1 4330 7000 4740
12073 2 2 10 1 2658 6543 2774
12074 2 2 10 1 3850 7052 6952
12075 2 2 10 1 3046 6859 3253
12076 2 2 10 1 1395 7525 6294
12077 2 2 10 1 2070 6863 1628
12078 2 2 10 1 7916 7917 6290
12079 2 2 10 1 1630 6863 1718
12080 2 2 10 1 7623 7671 2184
12081 2 2 10 1 5644 7544 5546
12082 2 2 10 1 783 6678 789
12083 2 2 10 1 3415 6862 3412
12084 2 2 10 1 3679 6695 6019
12085 2 2 10 1 1898 6594 1896
12086 2 2 10 1 5206 7202 541
12087 2 2 10 1 4435 6568 2840
12088 2 2 10 1 282 7943 6725
12089 2 2 10 1 7660 7729 6292
12090 2 2 10 1 2295 6494 2475
12091 2 2 10 1 2243 6541 2435
12092 2 2 10 1 1028 6579 1030
12093 2 2 10 1 4483 6923 3913
12094 2 2 10 1 1290 6499 1399
12095 2 2 10 1 5787 7471 7380
12096 2 2 10 1 1702 6592 1691
12097 2 2 10 1 2000 6538 2169
12098 2 2 10 1 2445 6544 1925
12099 2 2 10 1 6443 6993 5479
12100 2 2 10 1 5590 7211 6440
12101 2 2 10 1 5871 6929 4572
12102 2 2 10 1 1790 6479 2182
12103 2 2 10 1 3420 6885 3423
12104 2 2 10 1 1706 6705 6581
12105 2 2 10 1 6550 6551 2090
12106 2 2 10 1 6397 6525 6524
12107 2 2 10 1 6462 6792 349
12108 2 2 10 1 2184 6497 1884
12109 2 2 10 1 3728 6481 2086
12110 2 2 10 1 6469 6628 1304
12111 2 2 10 1 4586 7384 4591
12112 2 2 10 1 6453 7361 4225
12113 2 2 10 1 2452 6505 1851
12114 2 2 10 1 557 6937 254
12115 2 2 10 1 253 6937 611
12116 2 2 10 1 3256 6879 3042
12117 2 2 10 1 2178 6513 753
12118 2 2 10 1 1007 6700 1009
12119 2 2 10 1 6671 7868 6016
12120 2 2 10 1 843 6913 2052
12121 2 2 10 1 7384 7883 4591
12122 2 2 10 1 4729 6739 4728
12123 2 2 10 1 1246 7764 1244
12124 2 2 10 1 2943 7149 6042
12125 2 2 10 1 5257 7096 5254
12126 2 2 10 1 1143 6488 1147
12127 2 2 10 1 6411 6437 5103
12128 2 2 10 1 4020 7201 5863
12129 2 2 10 1 2175 6595 2177
12130 2 2 10 1 1120 6629 1301
12131 2 2 10 1 4656 7814 3879
12132 2 2 10 1 1051 6490 2341
12133 2 2 10 1 2102 6502 2232
12134 2 2 10 1 2937 7810 4446
12135 2 2 10 1 1362 7890 1014
12136 2 2 10 1 684 6437 6411
12137 2 2 10 1 3260 6868 3259
12138 2 2 10 1 6384 6968 5472
12139 2 2 10 1 1886 6455 2184
12140 2 2 10 1 2799 6511 4406
12141 2 2 10 1 4384 7027 3846
12142 2 2 10 1 1696 6602 1694
12143 2 2 10 1 4321 6716 4319
12144 2 2 10 1 5883 6922 536
12145 2 2 10 1 2870 7777 4925
12146 2 2 10 1 7392 7448 3861
12147 2 2 10 1 5463 6948 5466
12148 2 2 10 1 556 6901 97
12149 2 2 10 1 2247 6612 2249
12150 2 2 10 1 2683 6519 2875
12151 2 2 10 1 7029 7872 6200
12152 2 2 10 1 2639 6916 2834
12153 2 2 10 1 5863 7201 562
12154 2 2 10 1 1068 6536 1058
12155 2 2 10 1 5914 6875 5913
12156 2 2 10 1 4766 7714 5175
12157 2 2 10 1 5681 7013 5939
12158 2 2 10 1 6581 6705 6254
12159 2 2 10 1 1637 7031 5634
12160 2 2 10 1 2103 7031 1639
12161 2 2 10 1 3300 7337 5685
12162 2 2 10 1 6475 7112 4309
12163 2 2 10 1 6007 6901 556
12164 2 2 10 1 1206 6500 2200
12165 2 2 10 1 5340 6764 6722
12166 2 2 10 1 6338 6948 5465
12167 2 2 10 1 4339 7521 7517
12168 2 2 10 1 662 6605 664
12169 2 2 10 1 2435 6527 2245
12170 2 2 10 1 3985 6587 6506
12171 2 2 10 1 6217 7020 6027
12172 2 2 10 1 1217 6599 1219
12173 2 2 10 1 3611 6779 4530
12174 2 2 10 1 6874 7519 507
12175 2 2 10 1 3839 6952 6848
12176 2 2 10 1 1213 6611 1215
12177 2 2 10 1 5292 6708 3231
12178 2 2 10 1 1571 6572 1570
12179 2 2 10 1 1526 6701 1525
12180 2 2 10 1 3405 6702 3407
12181 2 2 10 1 2086 6481 2082
12182 2 2 10 1 1088 6700 1007
12183 2 2 10 1 5272 7563 520
12184 2 2 10 1 1024 6614 1026
12185 2 2 10 1 6291 7853 2050
12186 2 2 10 1 2557 6511 2799
12187 2 2 10 1 5939 6924 1368
12188 2 2 10 1 6664 6752 2453
12189 2 2 10 1 1626 6896 2070
12190 2 2 10 1 6705 6743 3648
12191 2 2 10 1 1068 6635 6536
12192 2 2 10 1 6055 6999 984
12193 2 2 10 1 765 6513 787
12194 2 2 10 1 7041 7348 4844
12195 2 2 10 1 4160 6563 3751
12196 2 2 10 1 5637 7815 7051
12197 2 2 10 1 6315 6688 2074
12198 2 2 10 1 3346 6613 3348
12199 2 2 10 1 2773 6680 4764
12200 2 2 10 1 1739 7325 7164
12201 2 2 10 1 6473 7730 2572
12202 2 2 10 1 1707 7735 2371
12203 2 2 10 1 2363 6483 2362
12204 2 2 10 1 6362 6697 6169
12205 2 2 10 1 3797 6932 4940
12206 2 2 10 1 2390 6531 1957
12207 2 2 10 1 1338 6924 2055
12208 2 2 10 1 3985 6506 3624
12209 2 2 10 1 5470 6968 5473
12210 2 2 10 1 505 6942 94
12211 2 2 10 1 3491 6695 6287
12212 2 2 10 1 4059 7833 4743
12213 2 2 10 1 5338 6722 5817
12214 2 2 10 1 6714 7078 2202
12215 2 2 10 1 1490 6962 1487
12216 2 2 10 1 993 6621 3693
12217 2 2 10 1 2186 6547 1011
12218 2 2 10 1 1262 6558 1251
12219 2 2 10 1 2991 6620 2989
12220 2 2 10 1 5765 6877 6831
12221 2 2 10 1 1018 6523 2201
12222 2 2 10 1 5578 6802 6535
12223 2 2 10 1 4358 6521 3663
12224 2 2 10 1 2691 6552 1279
12225 2 2 10 1 6366 7160 1757
12226 2 2 10 1 3661 6521 4039
12227 2 2 10 1 1073 6523 1015
12228 2 2 10 1 390 6707 577
12229 2 2 10 1 1425 6524 1489
12230 2 2 10 1 1124 6913 841
12231 2 2 10 1 1154 6528 1172
12232 2 2 10 1 3269 6904 3038
12233 2 2 10 1 1853 6589 2452
12234 2 2 10 1 157 6922 626
12235 2 2 10 1 536 6922 158
12236 2 2 10 1 3040 6904 3256
12237 2 2 10 1 3205 7034 3207
12238 2 2 10 1 6254 6705 3648
12239 2 2 10 1 1814 6618 1816
12240 2 2 10 1 567 7061 4558
12241 2 2 10 1 2098 6529 1666
12242 2 2 10 1 6186 6765 3679
12243 2 2 10 1 4094 6694 4093
12244 2 2 10 1 4313 6546 2983
12245 2 2 10 1 1927 6544 2690
12246 2 2 10 1 1197 6445 3702
12247 2 2 10 1 1687 6906 1622
12248 2 2 10 1 2251 6607 2253
12249 2 2 10 1 3815 6761 3817
12250 2 2 10 1 847 7060 1265
12251 2 2 10 1 4882 6749 4881
12252 2 2 10 1 2015 6998 742
12253 2 2 10 1 2861 6704 2591
12254 2 2 10 1 1060 6536 2197
12255 2 2 10 1 4876 7785 4103
12256 2 2 10 1 787 6513 4350
12257 2 2 10 1 1642 6720 1644
12258 2 2 10 1 1077 6665 1064
12259 2 2 10 1 1798 6518 2185
12260 2 2 10 1 6148 6974 6149
12261 2 2 10 1 4471 7068 5286
12262 2 2 10 1 4680 6706 4585
12263 2 2 10 1 2011 6518 1796
12264 2 2 10 1 1302 6628 1384
12265 2 2 10 1 5816 6622 3858
12266 2 2 10 1 7552 7942 5199
12267 2 2 10 1 1230 6500 1204
12268 2 2 10 1 551 6960 91
12269 2 2 10 1 2473 6629 1092
12270 2 2 10 1 5271 6803 6511
12271 2 2 10 1 2858 6566 2470
12272 2 2 10 1 5277 7123 555
12273 2 2 10 1 1914 6550 1894
12274 2 2 10 1 1074 6712 1081
12275 2 2 10 1 2580 6537 2218
12276 2 2 10 1 3665 6553 4358
12277 2 2 10 1 2651 6566 4220
12278 2 2 10 1 3613 6717 3892
12279 2 2 10 1 5896 6981 5895
12280 2 2 10 1 5330 7221 5329
12281 2 2 10 1 5477 6993 5480
12282 2 2 10 1 2901 6893 5806
12283 2 2 10 1 2663 6543 2660
12284 2 2 10 1 6292 7729 1413
12285 2 2 10 1 2970 6586 4054
12286 2 2 10 1 2239 6556 2428
12287 2 2 10 1 6592 7127 4510
12288 2 2 10 1 2985 6580 4313
12289 2 2 10 1 1859 6632 1857
12290 2 2 10 1 4448 7813 4449
12291 2 2 10 1 1368 6924 1336
12292 2 2 10 1 1202 6548 1230
12293 2 2 10 1 1787 6449 3752
12294 2 2 10 1 2107 6561 2105
12295 2 2 10 1 2200 6574 1208
12296 2 2 10 1 4536 7181 5612
12297 2 2 10 1 2169 6565 2002
12298 2 2 10 1 6472 6588 3887
12299 2 2 10 1 541 7200 5206
12300 2 2 10 1 95 6934 505
12301 2 2 10 1 2197 6569 1065
12302 2 2 10 1 3660 6747 3662
12303 2 2 10 1 4519 6624 2882
12304 2 2 10 1 6323 6865 1004
12305 2 2 10 1 4137 6455 1891
12306 2 2 10 1 2201 6576 1020
12307 2 2 10 1 155 6941 494
12308 2 2 10 1 626 6941 156
12309 2 2 10 1 2118 6642 2187
12310 2 2 10 1 4578 7356 4576
12311 2 2 10 1 4755 7827 1506
12312 2 2 10 1 5618 7130 3874
12313 2 2 10 1 2196 6554 1161
12314 2 2 10 1 3058 6723 3060
12315 2 2 10 1 561 6973 359
12316 2 2 10 1 6511 6803 4406
12317 2 2 10 1 5110 6964 3863
12318 2 2 10 1 2428 6541 2241
12319 2 2 10 1 2690 6596 1929
12320 2 2 10 1 2011 6761 6518
12321 2 2 10 1 5583 6984 3865
12322 2 2 10 1 1163 6554 1167
12323 2 2 10 1 4218 6709 4216
12324 2 2 10 1 1013 6547 1073
12325 2 2 10 1 1959 6549 2390
12326 2 2 10 1 1769 6617 1772
12327 2 2 10 1 1253 6558 2215
12328 2 2 10 1 5498 7017 6584
12329 2 2 10 1 1009 6700 2186
12330 2 2 10 1 666 6625 668
12331 2 2 10 1 2738 6773 3857
12332 2 2 10 1 4326 6947 4329
12333 2 2 10 1 1681 6570 1744
12334 2 2 10 1 6106 7039 6107
12335 2 2 10 1 1365 6562 1455
12336 2 2 10 1 4216 6709 4356
12337 2 2 10 1 2379 7735 1695
12338 2 2 10 1 3005 6759 5742
12339 2 2 10 1 4463 6553 3667
12340 2 2 10 1 2662 6568 2663
12341 2 2 10 1 5914 7693 6875
12342 2 2 10 1 2084 6481 2367
12343 2 2 10 1 1279 6552 1280
12344 2 2 10 1 490 6980 88
12345 2 2 10 1 2283 6609 2449
12346 2 2 10 1 1715 6572 4664
12347 2 2 10 1 1170 6630 1173
12348 2 2 10 1 4694 6928 4269
12349 2 2 10 1 281 6725 483
12350 2 2 10 1 970 6557 658
12351 2 2 10 1 3576 6949 3578
12352 2 2 10 1 4239 7066 5775
12353 2 2 10 1 92 6957 551
12354 2 2 10 1 2882 6624 2465
12355 2 2 10 1 2005 6565 2317
12356 2 2 10 1 2981 6546 4494
12357 2 2 10 1 6518 6761 6674
12358 2 2 10 1 2575 6457 1954
12359 2 2 10 1 5089 6988 2136
12360 2 2 10 1 2365 6483 2592
12361 2 2 10 1 1965 6601 6442
12362 2 2 10 1 2309 6555 1708
12363 2 2 10 1 4277 6728 4275
12364 2 2 10 1 6030 7032 1349
12365 2 2 10 1 738 6998 788
12366 2 2 10 1 4114 6586 2969
12367 2 2 10 1 2811 6619 4227
12368 2 2 10 1 3036 6931 3269
12369 2 2 10 1 4629 7281 4621
12370 2 2 10 1 5828 7091 3775
12371 2 2 10 1 1070 6569 1105
12372 2 2 10 1 6558 6559 2215
12373 2 2 10 1 5537 7344 3280
12374 2 2 10 1 5484 7015 5487
12375 2 2 10 1 2840 6568 2665
12376 2 2 10 1 589 7539 5852
12377 2 2 10 1 7748 7841 2038
12378 2 2 10 1 2470 6566 2651
12379 2 2 10 1 2198 6570 1683
12380 2 2 10 1 1211 6574 1227
12381 2 2 10 1 3729 6622 3730
12382 2 2 10 1 2440 6549 1961
12383 2 2 10 1 1022 6576 1069
12384 2 2 10 1 1768 6617 1769
12385 2 2 10 1 660 6557 2213
12386 2 2 10 1 4377 6580 2987
12387 2 2 10 1 2969 6586 2970
12388 2 2 10 1 2571 6589 1855
12389 2 2 10 1 4965 7438 3279
12390 2 2 10 1 6702 6729 3407
12391 2 2 10 1 2065 6938 1618
12392 2 2 10 1 7374 7539 589
12393 2 2 10 1 1620 6938 1687
12394 2 2 10 1 4005 6617 2717
12395 2 2 10 1 2460 6619 2811
12396 2 2 10 1 4361 7386 6752
12397 2 2 10 1 3594 6721 2857
12398 2 2 10 1 1916 6800 2269
12399 2 2 10 1 5022 7887 6950
12400 2 2 10 1 3757 6597 3755
12401 2 2 10 1 3767 6578 4160
12402 2 2 10 1 5544 7424 5542
12403 2 2 10 1 2282 6609 2283
12404 2 2 10 1 2468 6897 3852
12405 2 2 10 1 2370 6601 1967
12406 2 2 10 1 3236 7034 5575
12407 2 2 10 1 3907 7007 3909
12408 2 2 10 1 3255 6943 3032
12409 2 2 10 1 2190 6594 1898
12410 2 2 10 1 4911 6730 5882
12411 2 2 10 1 3755 6597 4531
12412 2 2 10 1 1896 6594 1914
12413 2 2 10 1 4251 6970 4249
12414 2 2 10 1 6186 6819 6765
12415 2 2 10 1 4383 6578 3769
12416 2 2 10 1 4334 7106 4962
12417 2 2 10 1 4341 7106 4336
12418 2 2 10 1 89 6975 490
12419 2 2 10 1 2760 6989 3007
12420 2 2 10 1 7728 7900 7784
12421 2 2 10 1 2927 7580 5580
12422 2 2 10 1 5082 7277 173
12423 2 2 10 1 827 6724 936
12424 2 2 10 1 4811 6566 2858
12425 2 2 10 1 2893 7006 3804
12426 2 2 10 1 960 6651 965
12427 2 2 10 1 1691 6592 2335
12428 2 2 10 1 584 7005 273
12429 2 2 10 1 1030 6579 1067
12430 2 2 10 1 509 7371 5946
12431 2 2 10 1 2758 6727 2756
12432 2 2 10 1 505 6948 6338
12433 2 2 10 1 2278 6633 2275
12434 2 2 10 1 2418 7884 6430
12435 2 2 10 1 1641 7112 2103
12436 2 2 10 1 486 7017 83
12437 2 2 10 1 565 7336 5857
12438 2 2 10 1 175 6782 559
12439 2 2 10 1 2206 6579 1028
12440 2 2 10 1 1971 6644 1969
12441 2 2 10 1 4525 6979 3829
12442 2 2 10 1 2214 6592 1702
12443 2 2 10 1 5521 7067 7049
12444 2 2 10 1 4409 7326 4049
12445 2 2 10 1 6447 7104 3997
12446 2 2 10 1 2616 6775 2613
12447 2 2 10 1 6395 6682 3886
12448 2 2 10 1 1932 6596 2411
12449 2 2 10 1 5644 7571 618
12450 2 2 10 1 1219 6599 1224
12451 2 2 10 1 3838 6836 3837
12452 2 2 10 1 5118 7456 480
12453 2 2 10 1 3866 6908 5344
12454 2 2 10 1 2137 6642 2116
12455 2 2 10 1 5899 7128 5900
12456 2 2 10 1 2253 6607 2438
12457 2 2 10 1 1694 6602 2198
12458 2 2 10 1 1915 6641 1912
12459 2 2 10 1 2177 6595 2359
12460 2 2 10 1 3407 6729 3409
12461 2 2 10 1 2293 6639 2180
12462 2 2 10 1 1854 7481 1856
12463 2 2 10 1 2087 6640 2303
12464 2 2 10 1 2249 6612 2455
12465 2 2 10 1 5454 6744 5453
12466 2 2 10 1 5214 7274 609
12467 2 2 10 1 2980 7602 6477
12468 2 2 10 1 2586 6609 2282
12469 2 2 10 1 4651 6925 5584
12470 2 2 10 1 1839 6638 1575
12471 2 2 10 1 4127 7134 7005
12472 2 2 10 1 4005 6944 6617
12473 2 2 10 1 1227 6611 1213
12474 2 2 10 1 4339 7517 4342
12475 2 2 10 1 86 7001 594
12476 2 2 10 1 3886 6698 6364
12477 2 2 10 1 664 6605 780
12478 2 2 10 1 2213 6605 662
12479 2 2 10 1 1616 6967 2065
12480 2 2 10 1 1737 6643 2291
12481 2 2 10 1 1069 6614 1024
12482 2 2 10 1 2326 6623 2724
12483 2 2 10 1 5495 7046 5498
12484 2 2 10 1 4473 6759 4472
12485 2 2 10 1 1942 6650 1944
12486 2 2 10 1 5857 7849 565
12487 2 2 10 1 1215 6611 2211
12488 2 2 10 1 3030 6971 3255
12489 2 2 10 1 3348 6613 3351
12490 2 2 10 1 3770 6613 3346
12491 2 2 10 1 4647 6620 2991
12492 2 2 10 1 5126 7114 2929
12493 2 2 10 1 4579 6746 4578
12494 2 2 10 1 1642 6734 6720
12495 2 2 10 1 551 6968 6384
12496 2 2 10 1 2211 6599 1217
12497 2 2 10 1 2989 6620 4377
12498 2 2 10 1 1004 6865 1005
12499 2 2 10 1 596 7077 5878
12500 2 2 10 1 3612 6755 3862
12501 2 2 10 1 6219 7945 5488
12502 2 2 10 1 1640 6734 1642
12503 2 2 10 1 1816 6618 1819
12504 2 2 10 1 978 6656 1863
12505 2 2 10 1 1573 6638 2155
12506 2 2 10 1 3631 6653 4744
12507 2 2 10 1 1347 7032 1520
12508 2 2 10 1 584 6932 6404
12509 2 2 10 1 6026 6907 5228
12510 2 2 10 1 2191 6618 1814
12511 2 2 10 1 3634 6686 6207
12512 2 2 10 1 251 7062 508
12513 2 2 10 1 611 7062 252
12514 2 2 10 1 2655 6619 2460
12515 2 2 10 1 1105 6712 1074
12516 2 2 10 1 3342 6787 3344
12517 2 2 10 1 1704 6982 1612
12518 2 2 10 1 5537 7267 5515
12519 2 2 10 1 7072 7077 596
12520 2 2 10 1 3254 6987 3026
12521 2 2 10 1 6441 6595 2175
12522 2 2 10 1 1026 6614 2206
12523 2 2 10 1 1036 6647 1038
12524 2 2 10 1 1048 6652 1063
12525 2 2 10 1 484 7049 78
12526 2 2 10 1 1516 7056 1514
12527 2 2 10 1 2309 6758 6429
12528 2 2 10 1 1857 6632 2571
12529 2 2 10 1 5792 7187 5791
12530 2 2 10 1 2717 6617 1768
12531 2 2 10 1 560 6804 188
12532 2 2 10 1 187 6804 6350
12533 2 2 10 1 4265 6986 4308
12534 2 2 10 1 2938 6713 2936
12535 2 2 10 1 1662 6735 1526
12536 2 2 10 1 2591 6704 2593
12537 2 2 10 1 2270 6641 1915
12538 2 2 10 1 408 7061 407
12539 2 2 10 1 6098 7095 5324
12540 2 2 10 1 5523 6737 5514
12541 2 2 10 1 3058 6738 6723
12542 2 2 10 1 5866 7167 6316
12543 2 2 10 1 2281 6633 2278
12544 2 2 10 1 2733 6648 3994
12545 2 2 10 1 2868 7064 2643
12546 2 2 10 1 3056 6738 3058
12547 2 2 10 1 4954 7820 2734
12548 2 2 10 1 5286 7068 48
12549 2 2 10 1 6404 6932 3799
12550 2 2 10 1 7933 7943 586
12551 2 2 10 1 3858 6622 3729
12552 2 2 10 1 3511 7004 3867
12553 2 2 10 1 2189 6724 827
12554 2 2 10 1 1525 6701 1675
12555 2 2 10 1 5704 7108 545
12556 2 2 10 1 1038 6647 1062
12557 2 2 10 1 4698 7587 1044
12558 2 2 10 1 780 6625 666
12559 2 2 10 1 4174 6995 4696
12560 2 2 10 1 2465 6624 2773
12561 2 2 10 1 805 7081 746
12562 2 2 10 1 6518 6674 2185
12563 2 2 10 1 1173 6630 1177
12564 2 2 10 1 4712 6995 4176
12565 2 2 10 1 2426 6648 2733
12566 2 2 10 1 2207 6630 1170
12567 2 2 10 1 1413 7796 6291
12568 2 2 10 1 6338 6942 505
12569 2 2 10 1 936 6724 972
12570 2 2 10 1 2783 6873 2616
12571 2 2 10 1 6487 6787 3342
12572 2 2 10 1 490 6993 6443
12573 2 2 10 1 2378 6623 2326
12574 2 2 10 1 6354 6651 960
12575 2 2 10 1 1265 7143 849
12576 2 2 10 1 6042 7149 6041
12577 2 2 10 1 2303 6640 2585
12578 2 2 10 1 5785 7401 553
12579 2 2 10 1 1725 6735 1662
12580 2 2 10 1 2291 6643 2863
12581 2 2 10 1 4583 7071 4586
12582 2 2 10 1 1304 6628 1302
12583 2 2 10 1 1092 6629 1120
12584 2 2 10 1 5803 7635 1433
12585 2 2 10 1 81 7037 595
12586 2 2 10 1 2151 6662 2302
12587 2 2 10 1 5286 7093 4471
12588 2 2 10 1 2030 6743 6205
12589 2 2 10 1 1255 6732 1257
12590 2 2 10 1 6290 7917 4404
12591 2 2 10 1 2275 6633 2277
12592 2 2 10 1 1045 6652 1048
12593 2 2 10 1 7110 7189 5101
12594 2 2 10 1 192 6820 566
12595 2 2 10 1 633 6820 193
12596 2 2 10 1 2455 6607 2251
12597 2 2 10 1 851 7143 1977
12598 2 2 10 1 2217 7146 1645
12599 2 2 10 1 3705 6745 6465
12600 2 2 10 1 5598 7206 5417
12601 2 2 10 1 3790 7874 6071
12602 2 2 10 1 2341 6753 1053
12603 2 2 10 1 5714 6849 6681
12604 2 2 10 1 6933 7547 6267
12605 2 2 10 1 631 7616 5184
12606 2 2 10 1 5346 7363 5345
12607 2 2 10 1 1969 6644 2370
12608 2 2 10 1 4468 7706 4470
12609 2 2 10 1 542 6983 5275
12610 2 2 10 1 1610 7010 1704
12611 2 2 10 1 5506 7072 5521
12612 2 2 10 1 494 7033 154
12613 2 2 10 1 153 7033 617
12614 2 2 10 1 1912 6641 1949
12615 2 2 10 1 2052 7060 845
12616 2 2 10 1 2857 6721 3985
12617 2 2 10 1 4112 6653 2666
12618 2 2 10 1 2367 6640 2087
12619 2 2 10 1 2180 6639 2376
12620 2 2 10 1 6250 6871 2727
12621 2 2 10 1 2422 7892 2610
12622 2 2 10 1 5789 7276 5788
12623 2 2 10 1 2589 6644 1971
12624 2 2 10 1 2302 6662 2427
12625 2 2 10 1 4494 6713 2938
12626 2 2 10 1 4261 7080 6475
12627 2 2 10 1 6361 7048 3448
12628 2 2 10 1 2666 6653 3631
12629 2 2 10 1 965 6651 1764
12630 2 2 10 1 6409 7132 2272
12631 2 2 10 1 5878 7083 482
12632 2 2 10 1 2194 6652 1045
12633 2 2 10 1 2179 6650 1942
12634 2 2 10 1 2427 6648 2426
12635 2 2 10 1 482 7073 73
12636 2 2 10 1 2212 6647 1036
12637 2 2 10 1 3637 6741 3639
12638 2 2 10 1 7077 7083 5878
12639 2 2 10 1 5792 7234 3972
12640 2 2 10 1 1575 6638 1573
12641 2 2 10 1 2037 7022 1606
12642 2 2 10 1 1055 6753 1068
12643 2 2 10 1 1679 6742 1677
12644 2 2 10 1 6527 6612 2247
12645 2 2 10 1 47 7068 569
12646 2 2 10 1 6360 6656 978
12647 2 2 10 1 2316 6643 1737
12648 2 2 10 1 5677 7229 4258
12649 2 2 10 1 2215 6732 1255
12650 2 2 10 1 4623 7281 6814
12651 2 2 10 1 72 7086 71
12652 2 2 10 1 3656 6754 3658
12653 2 2 10 1 3428 7047 3474
12654 2 2 10 1 2116 6642 2118
12655 2 2 10 1 3829 6979 5600
12656 2 2 10 1 1944 6650 2369
12657 2 2 10 1 1744 6742 1679
12658 2 2 10 1 3007 6989 6394
12659 2 2 10 1 6208 6812 2030
12660 2 2 10 1 3423 7025 3422
12661 2 2 10 1 5642 7571 5644
12662 2 2 10 1 5678 7240 4264
12663 2 2 10 1 5789 7314 3971
12664 2 2 10 1 6506 6587 1181
12665 2 2 10 1 1553 7051 1555
12666 2 2 10 1 744 7081 2015
12667 2 2 10 1 2152 7839 2150
12668 2 2 10 1 1526 6735 6701
12669 2 2 10 1 2453 6752 6033
12670 2 2 10 1 7509 7521 4337
12671 2 2 10 1 2095 6810 6449
12672 2 2 10 1 5317 6785 6065
12673 2 2 10 1 4341 7198 5947
12674 2 2 10 1 2848 7098 4742
12675 2 2 10 1 1257 6732 1261
12676 2 2 10 1 486 7028 6584
12677 2 2 10 1 1175 6731 1178
12678 2 2 10 1 3669 6757 3671
12679 2 2 10 1 4469 7014 4471
12680 2 2 10 1 4055 7181 4493
12681 2 2 10 1 4756 7891 4628
12682 2 2 10 1 5646 7570 6634
12683 2 2 10 1 552 7094 70
12684 2 2 10 1 76 7067 596
12685 2 2 10 1 69 7100 68
12686 2 2 10 1 4168 6750 4166
12687 2 2 10 1 1664 6766 1725
12688 2 2 10 1 2552 6803 5271
12689 2 2 10 1 5992 6762 5721
12690 2 2 10 1 775 6751 6100
12691 2 2 10 1 5730 7158 5729
12692 2 2 10 1 5143 7192 5140
12693 2 2 10 1 3337 6711 6535
12694 2 2 10 1 6537 6632 1859
12695 2 2 10 1 2420 7937 2112
12696 2 2 10 1 5090 7721 3283
12697 2 2 10 1 5654 7255 4278
12698 2 2 10 1 1053 6753 1055
12699 2 2 10 1 5787 7380 3954
12700 2 2 10 1 3297 7945 6219
12701 2 2 10 1 3282 7431 5535
12702 2 2 10 1 6474 6784 487
12703 2 2 10 1 2878 7030 2876
12704 2 2 10 1 1177 6731 1175
12705 2 2 10 1 6555 6602 1696
12706 2 2 10 1 3612 6756 6755
12707 2 2 10 1 4446 7810 6551
12708 2 2 10 1 5676 7263 4288
12709 2 2 10 1 5679 7270 4298
12710 2 2 10 1 6404 7005 584
12711 2 2 10 1 6042 7196 2943
12712 2 2 10 1 3648 6743 6268
12713 2 2 10 1 1167 6740 1165
12714 2 2 10 1 5516 7107 5523
12715 2 2 10 1 4338 7198 4341
12716 2 2 10 1 6384 6960 551
12717 2 2 10 1 4036 7105 4033
12718 2 2 10 1 6314 6959 3460
12719 2 2 10 1 3603 6796 6383
12720 2 2 10 1 4058 7183 5663
12721 2 2 10 1 1165 6740 1168
12722 2 2 10 1 1168 6740 2207
12723 2 2 10 1 5420 7308 5421
12724 2 2 10 1 1320 7941 5051
12725 2 2 10 1 5433 7308 5429
12726 2 2 10 1 555 7123 52
12727 2 2 10 1 1033 7560 1031
12728 2 2 10 1 6208 6861 6812
12729 2 2 10 1 3448 7048 5803
12730 2 2 10 1 484 7059 6679
12731 2 2 10 1 2185 6777 1800
12732 2 2 10 1 6321 6715 4840
12733 2 2 10 1 6418 7683 560
12734 2 2 10 1 3975 7111 4096
12735 2 2 10 1 3881 7052 3850
12736 2 2 10 1 3917 7202 5206
12737 2 2 10 1 6989 7137 5842
12738 2 2 10 1 4752 7350 4603
12739 2 2 10 1 4250 7204 4499
12740 2 2 10 1 4493 7183 4056
12741 2 2 10 1 5419 7206 5424
12742 2 2 10 1 4487 7204 4248
12743 2 2 10 1 6392 6662 2151
12744 2 2 10 1 271 7134 488
12745 2 2 10 1 3243 6760 3222
12746 2 2 10 1 6551 7810 4467
12747 2 2 10 1 4021 6927 5859
12748 2 2 10 1 6436 7483 7208
12749 2 2 10 1 4254 7213 4453
12750 2 2 10 1 257 6769 256
12751 2 2 10 1 2699 6726 2373
12752 2 2 10 1 5787 7349 5786
12753 2 2 10 1 4499 7213 4252
12754 2 2 10 1 552 7107 6776
12755 2 2 10 1 2587 6853 3777
12756 2 2 10 1 1527 6748 1450
12757 2 2 10 1 1629 6770 1627
12758 2 2 10 1 482 7083 6737
12759 2 2 10 1 2450 6719 2153
12760 2 2 10 1 4030 7117 4032
12761 2 2 10 1 2933 6860 4004
12762 2 2 10 1 5077 7745 1978
12763 2 2 10 1 5947 7154 4341
12764 2 2 10 1 5082 7140 5081
12765 2 2 10 1 4122 7202 3890
12766 2 2 10 1 4260 7229 4431
12767 2 2 10 1 6000 7103 5733
12768 2 2 10 1 6781 6789 3674
12769 2 2 10 1 4312 7669 6146
12770 2 2 10 1 6146 7691 4312
12771 2 2 10 1 2755 7115 2943
12772 2 2 10 1 50 7119 471
12773 2 2 10 1 5810 7016 4228
12774 2 2 10 1 4503 7334 4502
12775 2 2 10 1 2016 7156 752
12776 2 2 10 1 3655 6736 4071
12777 2 2 10 1 4266 7240 4660
12778 2 2 10 1 6057 7185 4075
12779 2 2 10 1 5718 7180 5719
12780 2 2 10 1 4916 6730 4913
12781 2 2 10 1 2616 6873 6775
12782 2 2 10 1 5908 7039 5906
12783 2 2 10 1 1802 6777 1822
12784 2 2 10 1 6608 7739 1449
12785 2 2 10 1 4660 7245 4268
12786 2 2 10 1 3435 6781 3674
12787 2 2 10 1 6096 7178 6097
12788 2 2 10 1 4270 7245 4687
12789 2 2 10 1 613 6764 6093
12790 2 2 10 1 1677 6766 1664
12791 2 2 10 1 1850 6814 2442
12792 2 2 10 1 2921 7087 2751
12793 2 2 10 1 3688 6767 5241
12794 2 2 10 1 2134 6768 2140
12795 2 2 10 1 3679 6765 6695
12796 2 2 10 1 737 7102 2072
12797 2 2 10 1 4687 7250 4272
12798 2 2 10 1 4845 7058 4847
12799 2 2 10 1 4784 6974 6302
12800 2 2 10 1 855 7246 1125
12801 2 2 10 1 4274 7250 4380
12802 2 2 10 1 3699 7137 2764
12803 2 2 10 1 1977 7246 853
12804 2 2 10 1 4308 7080 4263
12805 2 2 10 1 5685 7369 3300
12806 2 2 10 1 4224 7097 3911
12807 2 2 10 1 3470 7870 6664
12808 2 2 10 1 249 7154 5947
12809 2 2 10 1 508 7154 250
12810 2 2 10 1 6503 6677 3706
12811 2 2 10 1 6396 7449 2561
12812 2 2 10 1 4650 6925 4649
12813 2 2 10 1 3272 7690 5083
12814 2 2 10 1 4280 7255 4741
12815 2 2 10 1 565 7124 367
12816 2 2 10 1 4284 7258 4357
12817 2 2 10 1 4294 7268 4310
12818 2 2 10 1 4290 7263 4798
12819 2 2 10 1 5924 7042 4231
12820 2 2 10 1 4741 7258 4282
12821 2 2 10 1 4300 7270 5214
12822 2 2 10 1 681 6718 678
12823 2 2 10 1 4798 7268 4292
12824 2 2 10 1 6501 6807 4163
12825 2 2 10 1 4085 6873 6825
12826 2 2 10 1 3461 6788 6786
12827 2 2 10 1 6045 7185 6046
12828 2 2 10 1 338 7150 589
12829 2 2 10 1 5685 7337 4205
12830 2 2 10 1 6682 6698 3886
12831 2 2 10 1 1224 6771 1222
12832 2 2 10 1 6765 6819 1542
12833 2 2 10 1 1332 6763 1334
12834 2 2 10 1 4519 7563 6624
12835 2 2 10 1 3005 6880 6759
12836 2 2 10 1 6072 7236 987
12837 2 2 10 1 5886 7291 5887
12838 2 2 10 1 6443 6980 490
12839 2 2 10 1 6725 7943 4518
12840 2 2 10 1 5292 7805 7738
12841 2 2 10 1 2424 7354 2205
12842 2 2 10 1 629 6778 196
12843 2 2 10 1 6695 6765 6287
12844 2 2 10 1 2903 6893 2901
12845 2 2 10 1 341 6772 340
12846 2 2 10 1 3730 7012 3728
12847 2 2 10 1 4913 6730 4911
12848 2 2 10 1 3821 7139 5979
12849 2 2 10 1 128 7144 127
12850 2 2 10 1 2852 6930 4448
12851 2 2 10 1 2260 7572 2259
12852 2 2 10 1 3766 6805 3768
12853 2 2 10 1 4471 7093 3980
12854 2 2 10 1 6357 7925 4514
12855 2 2 10 1 5620 7440 5619
12856 2 2 10 1 750 7156 805
12857 2 2 10 1 6287 6765 1542
12858 2 2 10 1 3674 6789 4972
12859 2 2 10 1 5529 6776 5520
12860 2 2 10 1 5517 7267 5522
12861 2 2 10 1 5225 7129 5223
12862 2 2 10 1 6466 6811 1495
12863 2 2 10 1 1636 6780 1638
12864 2 2 10 1 7392 7474 4439
12865 2 2 10 1 2103 7112 6475
12866 2 2 10 1 6653 7076 3471
12867 2 2 10 1 722 6774 724
12868 2 2 10 1 2330 7361 6453
12869 2 2 10 1 2425 7419 4349
12870 2 2 10 1 5094 7035 5101
12871 2 2 10 1 2929 7114 2926
12872 2 2 10 1 7570 7593 499
12873 2 2 10 1 954 7102 735
12874 2 2 10 1 1385 7044 1386
12875 2 2 10 1 3052 6783 3054
12876 2 2 10 1 5125 7724 3700
12877 2 2 10 1 4704 7116 4180
12878 2 2 10 1 1651 7304 2296
12879 2 2 10 1 4178 7116 4712
12880 2 2 10 1 4027 7045 6389
12881 2 2 10 1 6102 7221 5327
12882 2 2 10 1 2679 7069 6278
12883 2 2 10 1 5141 7192 5270
12884 2 2 10 1 5616 6900 2552
12885 2 2 10 1 3276 7151 3192
12886 2 2 10 1 1225 6771 6567
12887 2 2 10 1 1493 6811 1589
12888 2 2 10 1 2132 6768 2134
12889 2 2 10 1 1172 6818 1156
12890 2 2 10 1 516 7182 210
12891 2 2 10 1 211 7184 516
12892 2 2 10 1 603 7184 212
12893 2 2 10 1 5592 7665 5594
12894 2 2 10 1 7348 7668 4846
12895 2 2 10 1 2190 7912 6594
12896 2 2 10 1 3188 7186 3280
12897 2 2 10 1 5970 7289 2035
12898 2 2 10 1 4108 6897 6800
12899 2 2 10 1 3964 7167 3972
12900 2 2 10 1 208 7197 607
12901 2 2 10 1 1655 7288 1653
12902 2 2 10 1 3741 7679 4998
12903 2 2 10 1 885 6795 1110
12904 2 2 10 1 1800 6777 1802
12905 2 2 10 1 5361 7450 5585
12906 2 2 10 1 527 7150 339
12907 2 2 10 1 6449 6810 3752
12908 2 2 10 1 602 7200 203
12909 2 2 10 1 202 7200 541
12910 2 2 10 1 1450 6748 1456
12911 2 2 10 1 562 7233 5863
12912 2 2 10 1 6167 7011 6399
12913 2 2 10 1 1190 6745 2091
12914 2 2 10 1 607 7205 207
12915 2 2 10 1 206 7205 523
12916 2 2 10 1 5169 7172 808
12917 2 2 10 1 204 7207 602
12918 2 2 10 1 523 7207 205
12919 2 2 10 1 3823 7139 3821
12920 2 2 10 1 4797 7501 4795
12921 2 2 10 1 357 7226 540
12922 2 2 10 1 3994 6813 3920
12923 2 2 10 1 6104 6866 2562
12924 2 2 10 1 4337 7521 4339
12925 2 2 10 1 605 7210 217
12926 2 2 10 1 216 7210 515
12927 2 2 10 1 4834 7861 4835
12928 2 2 10 1 3735 7088 3736
12929 2 2 10 1 1222 6771 1225
12930 2 2 10 1 4207 7337 5602
12931 2 2 10 1 4929 6994 4592
12932 2 2 10 1 822 7241 759
12933 2 2 10 1 541 7215 201
12934 2 2 10 1 349 6792 348
12935 2 2 10 1 6769 6828 256
12936 2 2 10 1 1721 6798 2316
12937 2 2 10 1 3684 6793 3686
12938 2 2 10 1 2546 7301 2544
12939 2 2 10 1 617 7153 152
12940 2 2 10 1 5523 7107 7086
12941 2 2 10 1 3690 6848 6767
12942 2 2 10 1 3680 6797 3682
12943 2 2 10 1 5865 7187 5866
12944 2 2 10 1 5047 7120 3925
12945 2 2 10 1 859 7347 5656
12946 2 2 10 1 7036 7279 4923
12947 2 2 10 1 1125 7347 857
12948 2 2 10 1 6730 7113 2322
12949 2 2 10 1 5300 7928 5301
12950 2 2 10 1 5909 7904 4871
12951 2 2 10 1 1085 6833 1291
12952 2 2 10 1 1158 6818 2196
12953 2 2 10 1 199 7233 562
12954 2 2 10 1 4018 6845 4019
12955 2 2 10 1 3689 7168 3692
12956 2 2 10 1 2063 7613 6324
12957 2 2 10 1 99 6790 98
12958 2 2 10 1 5083 7677 3272
12959 2 2 10 1 6457 6800 1918
12960 2 2 10 1 6493 6808 4555
12961 2 2 10 1 1812 6827 2191
12962 2 2 10 1 4039 6853 2815
12963 2 2 10 1 6362 7069 6697
12964 2 2 10 1 2905 6844 3524
12965 2 2 10 1 7613 7684 6324
12966 2 2 10 1 2914 7474 3861
12967 2 2 10 1 4599 7533 7477
12968 2 2 10 1 5032 7535 5031
12969 2 2 10 1 6465 6745 1190
12970 2 2 10 1 513 7244 225
12971 2 2 10 1 224 7244 606
12972 2 2 10 1 3746 6834 3748
12973 2 2 10 1 4606 7243 4607
12974 2 2 10 1 4168 6838 6750
12975 2 2 10 1 3841 7029 6200
12976 2 2 10 1 1261 6821 1259
12977 2 2 10 1 2402 7395 2404
12978 2 2 10 1 6593 6801 3633
12979 2 2 10 1 2011 6886 6447
12980 2 2 10 1 226 7251 513
12981 2 2 10 1 608 7251 227
12982 2 2 10 1 670 6830 1742
12983 2 2 10 1 6475 7080 2103
12984 2 2 10 1 1042 6846 2194
12985 2 2 10 1 176 6782 175
12986 2 2 10 1 366 6794 365
12987 2 2 10 1 10 7925 6357
12988 2 2 10 1 2182 6886 1792
12989 2 2 10 1 3862 6996 5185
12990 2 2 10 1 3782 6819 6186
12991 2 2 10 1 150 7174 495
12992 2 2 10 1 3474 7152 3473
12993 2 2 10 1 696 7172 2063
12994 2 2 10 1 6483 6775 4084
12995 2 2 10 1 5291 7840 5292
12996 2 2 10 1 3958 7231 3971
12997 2 2 10 1 7134 7219 488
12998 2 2 10 1 231 7259 512
12999 2 2 10 1 601 7259 232
13000 2 2 10 1 3889 7614 4498
13001 2 2 10 1 6507 6844 3436
13002 2 2 10 1 6764 6824 6093
13003 2 2 10 1 4057 7235 4045
13004 2 2 10 1 1821 6827 1810
13005 2 2 10 1 5247 7766 388
13006 2 2 10 1 236 7271 511
13007 2 2 10 1 604 7271 237
13008 2 2 10 1 2761 7224 2962
13009 2 2 10 1 6927 7368 4565
13010 2 2 10 1 4455 7227 4456
13011 2 2 10 1 5687 7459 4195
13012 2 2 10 1 241 7274 510
13013 2 2 10 1 609 7274 242
13014 2 2 10 1 3805 6806 4001
13015 2 2 10 1 1117 6796 6539
13016 2 2 10 1 3807 6921 3915
13017 2 2 10 1 6675 7619 2029
13018 2 2 10 1 2304 7486 6947
13019 2 2 10 1 5723 7180 5991
13020 2 2 10 1 6375 7066 3836
13021 2 2 10 1 448 6799 1180
13022 2 2 10 1 4422 7468 7335
13023 2 2 10 1 757 7241 2016
13024 2 2 10 1 6107 7128 6004
13025 2 2 10 1 3284 7557 5597
13026 2 2 10 1 4771 6799 4081
13027 2 2 10 1 4108 6800 6457
13028 2 2 10 1 2030 6812 6743
13029 2 2 10 1 5436 7391 5432
13030 2 2 10 1 5535 7431 5509
13031 2 2 10 1 4998 7212 1146
13032 2 2 10 1 6187 6890 3782
13033 2 2 10 1 5912 7394 2034
13034 2 2 10 1 2130 6851 2129
13035 2 2 10 1 4520 6965 4400
13036 2 2 10 1 1822 6858 1804
13037 2 2 10 1 2876 7030 4896
13038 2 2 10 1 5521 7049 6679
13039 2 2 10 1 6162 7149 6032
13040 2 2 10 1 4720 6791 4719
13041 2 2 10 1 1263 6821 6583
13042 2 2 10 1 5654 7914 512
13043 2 2 10 1 6066 7362 6067
13044 2 2 10 1 6584 7017 486
13045 2 2 10 1 275 6816 274
13046 2 2 10 1 5255 7663 5257
13047 2 2 10 1 6174 7916 6671
13048 2 2 10 1 1062 6846 1040
13049 2 2 10 1 4201 7411 4370
13050 2 2 10 1 6217 7188 7020
13051 2 2 10 1 5430 7391 5433
13052 2 2 10 1 4965 7411 4199
13053 2 2 10 1 1918 6800 1916
13054 2 2 10 1 5876 7441 5877
13055 2 2 10 1 2943 7196 2757
13056 2 2 10 1 2971 6755 6358
13057 2 2 10 1 571 6915 5233
13058 2 2 10 1 3514 6802 3515
13059 2 2 10 1 4366 7203 4035
13060 2 2 10 1 6316 7167 3966
13061 2 2 10 1 5535 7493 3282
13062 2 2 10 1 3283 7711 5090
13063 2 2 10 1 808 7172 694
13064 2 2 10 1 2017 7330 764
13065 2 2 10 1 4506 6958 4042
13066 2 2 10 1 615 7603 7574
13067 2 2 10 1 7247 7287 4253
13068 2 2 10 1 1794 6886 2011
13069 2 2 10 1 3927 7135 3881
13070 2 2 10 1 4004 6786 4005
13071 2 2 10 1 1808 6867 1821
13072 2 2 10 1 380 7190 598
13073 2 2 10 1 3972 7234 3962
13074 2 2 10 1 136 7585 6634
13075 2 2 10 1 5841 7252 5705
13076 2 2 10 1 5602 7312 3298
13077 2 2 10 1 4669 7898 3979
13078 2 2 10 1 4309 7191 4257
13079 2 2 10 1 4693 7195 4184
13080 2 2 10 1 5686 7543 4189
13081 2 2 10 1 5601 7413 2600
13082 2 2 10 1 5578 6831 6802
13083 2 2 10 1 4061 7447 4381
13084 2 2 10 1 5377 7725 116
13085 2 2 10 1 4182 7195 4704
13086 2 2 10 1 5720 7466 2973
13087 2 2 10 1 2110 7937 6561
13088 2 2 10 1 2363 6775 6483
13089 2 2 10 1 1550 7409 1547
13090 2 2 10 1 1209 7297 4683
13091 2 2 10 1 6408 6809 4672
13092 2 2 10 1 2304 7437 1552
13093 2 2 10 1 6036 7582 1001
13094 2 2 10 1 6812 6861 3803
13095 2 2 10 1 690 7265 808
13096 2 2 10 1 539 7003 177
13097 2 2 10 1 4304 7238 4301
13098 2 2 10 1 6637 7482 5054
13099 2 2 10 1 1159 7872 7029
13100 2 2 10 1 1978 7713 5077
13101 2 2 10 1 6064 7408 4124
13102 2 2 10 1 1837 7633 5231
13103 2 2 10 1 3951 7313 3954
13104 2 2 10 1 5637 7756 3868
13105 2 2 10 1 495 7249 149
13106 2 2 10 1 1147 6807 6501
13107 2 2 10 1 2232 6808 6493
13108 2 2 10 1 725 6815 723
13109 2 2 10 1 6105 7363 5331
13110 2 2 10 1 4608 7239 6661
13111 2 2 10 1 6661 7239 2454
13112 2 2 10 1 5601 7516 4613
13113 2 2 10 1 6248 7219 3903
13114 2 2 10 1 4197 7459 4965
13115 2 2 10 1 6881 7475 4492
13116 2 2 10 1 5624 6817 5625
13117 2 2 10 1 2737 6773 2738
13118 2 2 10 1 865 7463 1975
13119 2 2 10 1 1121 7463 863
13120 2 2 10 1 5662 7591 869
13121 2 2 10 1 5231 7707 1837
13122 2 2 10 1 6069 7036 6547
13123 2 2 10 1 256 6828 255
13124 2 2 10 1 6187 6936 6890
13125 2 2 10 1 369 7336 368
13126 2 2 10 1 5511 7431 5524
13127 2 2 10 1 188 6804 187
13128 2 2 10 1 618 7565 5644
13129 2 2 10 1 6742 6766 1677
13130 2 2 10 1 1594 6798 1721
13131 2 2 10 1 1632 6822 1634
13132 2 2 10 1 2621 7286 2650
13133 2 2 10 1 6987 7581 4364
13134 2 2 10 1 3048 6823 3050
13135 2 2 10 1 7661 7765 4938
13136 2 2 10 1 5610 7835 4374
13137 2 2 10 1 6014 7365 7230
13138 2 2 10 1 5900 7178 5898
13139 2 2 10 1 582 7919 6220
13140 2 2 10 1 6034 7415 6035
13141 2 2 10 1 4231 7225 4232
13142 2 2 10 1 5597 7557 5505
13143 2 2 10 1 6268 6812 3803
13144 2 2 10 1 6807 7040 4163
13145 2 2 10 1 6743 6812 6268
13146 2 2 10 1 1411 6831 5578
13147 2 2 10 1 239 7358 238
13148 2 2 10 1 3804 7297 3805
13149 2 2 10 1 4600 7704 4596
13150 2 2 10 1 4517 7295 3611
13151 2 2 10 1 4099 6966 2657
13152 2 2 10 1 3262 7538 3143
13153 2 2 10 1 1748 7843 7716
13154 2 2 10 1 4795 7500 4121
13155 2 2 10 1 2287 7505 1595
13156 2 2 10 1 4934 7559 4935
13157 2 2 10 1 6722 6764 613
13158 2 2 10 1 147 7284 616
13159 2 2 10 1 6093 6824 536
13160 2 2 10 1 761 7330 822
13161 2 2 10 1 4080 6903 3939
13162 2 2 10 1 5834 7615 5701
13163 2 2 10 1 4019 6845 4106
13164 2 2 10 1 5196 7537 598
13165 2 2 10 1 6871 7905 2727
13166 2 2 10 1 5371 7470 5369
13167 2 2 10 1 1582 7522 2319
13168 2 2 10 1 6056 7408 6057
13169 2 2 10 1 4406 6803 4408
13170 2 2 10 1 1986 7389 6213
13171 2 2 10 1 5292 7738 6708
13172 2 2 10 1 3182 7382 3282
13173 2 2 10 1 4222 7601 4763
13174 2 2 10 1 4409 7290 6432
13175 2 2 10 1 4273 6832 4271
13176 2 2 10 1 1527 7858 5006
13177 2 2 10 1 234 7376 233
13178 2 2 10 1 838 7404 770
13179 2 2 10 1 3722 6840 3724
13180 2 2 10 1 743 7316 957
13181 2 2 10 1 567 7333 406
13182 2 2 10 1 3851 7320 3883
13183 2 2 10 1 3731 6842 3733
13184 2 2 10 1 4191 7543 4482
13185 2 2 10 1 4112 7076 6653
13186 2 2 10 1 2853 6801 6593
13187 2 2 10 1 3971 7314 3956
13188 2 2 10 1 6792 7020 519
13189 2 2 10 1 4907 7832 4919
13190 2 2 10 1 3265 7588 3139
13191 2 2 10 1 1156 6818 1158
13192 2 2 10 1 2028 7427 930
13193 2 2 10 1 6774 6869 724
13194 2 2 10 1 6028 7515 6029
13195 2 2 10 1 3947 7380 5783
13196 2 2 10 1 2136 6988 2119
13197 2 2 10 1 1542 6819 6285
13198 2 2 10 1 3702 7070 3703
13199 2 2 10 1 5543 7544 5544
13200 2 2 10 1 3280 7344 3186
13201 2 2 10 1 6843 7624 5388
13202 2 2 10 1 5099 7035 5096
13203 2 2 10 1 6040 7499 4824
13204 2 2 10 1 2111 7300 5084
13205 2 2 10 1 3397 6835 3416
13206 2 2 10 1 370 7501 369
13207 2 2 10 1 2625 7385 2623
13208 2 2 10 1 5932 7548 2012
13209 2 2 10 1 193 6820 192
13210 2 2 10 1 1599 7600 5635
13211 2 2 10 1 3927 7216 7135
13212 2 2 10 1 4335 7509 4337
13213 2 2 10 1 2896 7812 4692
13214 2 2 10 1 5384 7603 5388
13215 2 2 10 1 3643 6841 4451
13216 2 2 10 1 6153 7741 4353
13217 2 2 10 1 553 7401 64
13218 2 2 10 1 2 7616 168
13219 2 2 10 1 2127 6977 2130
13220 2 2 10 1 544 7925 11
13221 2 2 10 1 3277 7690 3131
13222 2 2 10 1 553 7447 5785
13223 2 2 10 1 3757 6839 6597
13224 2 2 10 1 871 7591 1107
13225 2 2 10 1 4353 7715 6153
13226 2 2 10 1 3272 7646 3135
13227 2 2 10 1 3920 6813 4815
13228 2 2 10 1 4255 7247 4253
13229 2 2 10 1 2673 7351 2868
13230 2 2 10 1 4579 7907 5304
13231 2 2 10 1 4097 7536 4367
13232 2 2 10 1 4185 7608 4642
13233 2 2 10 1 169 7616 2
13234 2 2 10 1 6144 7276 5793
13235 2 2 10 1 441 6961 442
13236 2 2 10 1 4695 7608 4183
13237 2 2 10 1 4410 7305 4188
13238 2 2 10 1 4546 6837 3772
13239 2 2 10 1 5527 7769 5496
13240 2 2 10 1 4186 7305 4693
13241 2 2 10 1 3692 7298 3691
13242 2 2 10 1 538 7372 373
13243 2 2 10 1 5715 6849 5714
13244 2 2 10 1 597 7530 5816
13245 2 2 10 1 3298 7312 3083
13246 2 2 10 1 5638 7758 5636
13247 2 2 10 1 3085 7312 3300
13248 2 2 10 1 1717 6861 6208
13249 2 2 10 1 3699 7252 7137
13250 2 2 10 1 6664 7870 4476
13251 2 2 10 1 5507 7557 5535
13252 2 2 10 1 3344 6787 3770
13253 2 2 10 1 2562 6866 5616
13254 2 2 10 1 4228 7193 4229
13255 2 2 10 1 6959 7664 3460
13256 2 2 10 1 31 6829 30
13257 2 2 10 1 1259 6821 1263
13258 2 2 10 1 5223 7129 5224
13259 2 2 10 1 6755 6996 3862
13260 2 2 10 1 5388 7593 5385
13261 2 2 10 1 4402 6965 4504
13262 2 2 10 1 4181 7650 4695
13263 2 2 10 1 4761 7650 4179
13264 2 2 10 1 6344 6808 6502
13265 2 2 10 1 3145 7538 3264
13266 2 2 10 1 3872 6898 4890
13267 2 2 10 1 928 7402 926
13268 2 2 10 1 132 6843 615
13269 2 2 10 1 4672 6809 4921
13270 2 2 10 1 6961 7771 1133
13271 2 2 10 1 2967 7642 4110
13272 2 2 10 1 1485 7054 2032
13273 2 2 10 1 875 7667 1978
13274 2 2 10 1 2019 7479 774
13275 2 2 10 1 6173 7280 6043
13276 2 2 10 1 1107 7667 873
13277 2 2 10 1 2072 7316 741
13278 2 2 10 1 145 7360 496
13279 2 2 10 1 616 7360 146
13280 2 2 10 1 5459 6856 5457
13281 2 2 10 1 4172 6838 4168
13282 2 2 10 1 5946 6852 5945
13283 2 2 10 1 6209 6919 1717
13284 2 2 10 1 6679 7049 484
13285 2 2 10 1 1810 6827 1812
13286 2 2 10 1 4173 7721 5090
13287 2 2 10 1 4177 7687 4761
13288 2 2 10 1 6379 6935 5224
13289 2 2 10 1 5090 7687 4175
13290 2 2 10 1 768 7404 2017
13291 2 2 10 1 3252 7440 5346
13292 2 2 10 1 6719 6845 4018
13293 2 2 10 1 229 7453 228
13294 2 2 10 1 1112 7920 6121
13295 2 2 10 1 6712 6833 1081
13296 2 2 10 1 1081 6833 1085
13297 2 2 10 1 7242 7414 2609
13298 2 2 10 1 6099 7653 5915
13299 2 2 10 1 2552 6900 6803
13300 2 2 10 1 5716 7606 5717
13301 2 2 10 1 5301 7842 3235
13302 2 2 10 1 3954 7380 3949
13303 2 2 10 1 2964 7383 2967
13304 2 2 10 1 62 7388 477
13305 2 2 10 1 2613 6775 2363
13306 2 2 10 1 5930 7636 5933
13307 2 2 10 1 2973 7466 2677
13308 2 2 10 1 2973 7606 5720
13309 2 2 10 1 2012 7548 705
13310 2 2 10 1 480 7456 67
13311 2 2 10 1 1503 6850 6018
13312 2 2 10 1 7230 7484 6014
13313 2 2 10 1 879 7745 1122
13314 2 2 10 1 1978 7745 877
13315 2 2 10 1 6074 7610 4355
13316 2 2 10 1 5051 7941 4407
13317 2 2 10 1 5920 7702 6692
13318 2 2 10 1 3621 7366 3619
13319 2 2 10 1 6044 7712 5907
13320 2 2 10 1 6539 6796 4135
13321 2 2 10 1 3178 7493 3284
13322 2 2 10 1 5980 7769 5527
13323 2 2 10 1 6383 6796 1117
13324 2 2 10 1 5155 7413 4612
13325 2 2 10 1 7101 7670 4590
13326 2 2 10 1 6954 6990 679
13327 2 2 10 1 5103 6921 3807
13328 2 2 10 1 6025 7748 2038
13329 2 2 10 1 6625 6830 668
13330 2 2 10 1 4885 7866 4886
13331 2 2 10 1 3141 7588 3262
13332 2 2 10 1 3644 6807 6488
13333 2 2 10 1 4649 6925 4651
13334 2 2 10 1 5963 7452 5283
13335 2 2 10 1 6097 7291 5971
13336 2 2 10 1 1495 6811 1493
13337 2 2 10 1 4390 7849 5857
13338 2 2 10 1 6775 6873 4084
13339 2 2 10 1 4119 7418 7386
13340 2 2 10 1 3881 7135 7052
13341 2 2 10 1 4857 7248 3780
13342 2 2 10 1 2766 7400 3699
13343 2 2 10 1 191 7309 190
13344 2 2 10 1 3928 7417 4109
13345 2 2 10 1 6209 6969 6919
13346 2 2 10 1 5892 7806 4371
13347 2 2 10 1 1090 7084 2473
13348 2 2 10 1 453 6855 454
13349 2 2 10 1 3300 7369 3087
13350 2 2 10 1 4726 6854 6726
13351 2 2 10 1 4476 7790 4360
13352 2 2 10 1 5203 7157 5142
13353 2 2 10 1 5927 7636 5930
13354 2 2 10 1 5913 6875 2672
13355 2 2 10 1 7175 7612 2442
13356 2 2 10 1 939 7568 779
13357 2 2 10 1 3436 6844 2905
13358 2 2 10 1 532 7469 4812
13359 2 2 10 1 4449 6801 2853
13360 2 2 10 1 3880 7516 2712
13361 2 2 10 1 3935 6881 3936
13362 2 2 10 1 3137 7646 3265
13363 2 2 10 1 3861 6902 3860
13364 2 2 10 1 3875 6895 3796
13365 2 2 10 1 3987 7482 6637
13366 2 2 10 1 5501 7718 5525
13367 2 2 10 1 6755 6756 6358
13368 2 2 10 1 6634 7570 499
13369 2 2 10 1 2812 6845 6719
13370 2 2 10 1 5494 7860 5527
13371 2 2 10 1 4692 7895 2896
13372 2 2 10 1 5597 7611 3284
13373 2 2 10 1 6545 7804 1433
13374 2 2 10 1 3044 6859 3046
13375 2 2 10 1 4455 7722 7227
13376 2 2 10 1 668 6830 670
13377 2 2 10 1 372 7372 5969
13378 2 2 10 1 2815 6853 2587
13379 2 2 10 1 2770 7503 2768
13380 2 2 10 1 6272 7619 6675
13381 2 2 10 1 6401 7011 6167
13382 2 2 10 1 4118 6985 2711
13383 2 2 10 1 2313 7071 6706
13384 2 2 10 1 6706 7071 4585
13385 2 2 10 1 1044 6994 4614
13386 2 2 10 1 5940 7602 4060
13387 2 2 10 1 1628 6863 1630
13388 2 2 10 1 3644 7040 6807
13389 2 2 10 1 3133 7690 3272
13390 2 2 10 1 405 7333 6327
13391 2 2 10 1 3091 7390 3279
13392 2 2 10 1 4190 7387 4410
13393 2 2 10 1 6160 7349 5790
13394 2 2 10 1 6063 7610 6064
13395 2 2 10 1 772 7479 838
13396 2 2 10 1 1318 7552 1316
13397 2 2 10 1 1000 6848 6309
13398 2 2 10 1 2961 7812 2670
13399 2 2 10 1 4396 7396 4247
13400 2 2 10 1 6153 7691 942
13401 2 2 10 1 6697 7069 2679
13402 2 2 10 1 496 7433 144
13403 2 2 10 1 65 7458 553
13404 2 2 10 1 1699 7021 1540
13405 2 2 10 1 4474 7425 4475
13406 2 2 10 1 6016 7864 6015
13407 2 2 10 1 2020 7632 784
13408 2 2 10 1 222 7577 221
13409 2 2 10 1 703 7548 747
13410 2 2 10 1 4229 6860 2933
13411 2 2 10 1 3752 6810 3754
13412 2 2 10 1 529 7899 6553
13413 2 2 10 1 3758 6876 3760
13414 2 2 10 1 4602 7621 4605
13415 2 2 10 1 3282 7493 3180
13416 2 2 10 1 1633 6878 1631
13417 2 2 10 1 121 7529 120
13418 2 2 10 1 1747 7633 1837
13419 2 2 10 1 5887 7362 5885
13420 2 2 10 1 5948 7530 597
13421 2 2 10 1 2607 7516 5601
13422 2 2 10 1 3172 7666 3290
13423 2 2 10 1 4068 7497 4140
13424 2 2 10 1 3854 7605 3880
13425 2 2 10 1 5589 7863 5593
13426 2 2 10 1 3412 6862 3414
13427 2 2 10 1 6875 7693 6109
13428 2 2 10 1 2794 7783 2805
13429 2 2 10 1 2689 7311 3594
13430 2 2 10 1 353 7703 489
13431 2 2 10 1 4327 6883 4325
13432 2 2 10 1 4105 6826 4104
13433 2 2 10 1 2835 7148 4136
13434 2 2 10 1 3782 6890 6819
13435 2 2 10 1 6038 6880 3005
13436 2 2 10 1 598 7537 379
13437 2 2 10 1 6803 6900 4408
13438 2 2 10 1 3360 7772 3357
13439 2 2 10 1 4386 7707 5231
13440 2 2 10 1 2129 6851 2132
13441 2 2 10 1 219 7628 218
13442 2 2 10 1 4634 7911 4993
13443 2 2 10 1 2123 7026 2126
13444 2 2 10 1 4657 7426 4194
13445 2 2 10 1 3883 7417 3882
13446 2 2 10 1 3287 7626 3288
13447 2 2 10 1 749 7514 2069
13448 2 2 10 1 6759 6880 4472
13449 2 2 10 1 4000 6907 6026
13450 2 2 10 1 142 7480 624
13451 2 2 10 1 5247 7142 3871
13452 2 2 10 1 3166 7819 3292
13453 2 2 10 1 6446 7138 3439
13454 2 2 10 1 4436 7460 7070
13455 2 2 10 1 3803 6861 6266
13456 2 2 10 1 2626 6905 2628
13457 2 2 10 1 7026 7465 2126
13458 2 2 10 1 3279 7438 3093
13459 2 2 10 1 3095 7438 3301
13460 2 2 10 1 4119 7386 4361
13461 2 2 10 1 2880 7795 3490
13462 2 2 10 1 2838 7494 2787
13463 2 2 10 1 4133 6839 3757
13464 2 2 10 1 1040 6846 1042
13465 2 2 10 1 4670 7671 7623
13466 2 2 10 1 230 7914 229
13467 2 2 10 1 6189 7741 2022
13468 2 2 10 1 3937 6836 3838
13469 2 2 10 1 4511 6857 4551
13470 2 2 10 1 4575 7907 4579
13471 2 2 10 1 6671 7916 4389
13472 2 2 10 1 4412 7922 4750
13473 2 2 10 1 1804 6858 1806
13474 2 2 10 1 777 7568 2019
13475 2 2 10 1 140 7506 498
13476 2 2 10 1 624 7506 141
13477 2 2 10 1 1316 7528 1314
13478 2 2 10 1 724 6869 733
13479 2 2 10 1 7863 7877 2581
13480 2 2 10 1 6073 7800 6074
13481 2 2 10 1 6831 6877 3765
13482 2 2 10 1 478 6882 5840
13483 2 2 10 1 4324 7457 4417
13484 2 2 10 1 5208 6959 5238
13485 2 2 10 1 215 7695 214
13486 2 2 10 1 3042 6879 3044
13487 2 2 10 1 4689 7002 3816
13488 2 2 10 1 3129 7727 3277
13489 2 2 10 1 214 7700 213
13490 2 2 10 1 4060 7602 2855
13491 2 2 10 1 7038 7814 4656
13492 2 2 10 1 6151 7359 654
13493 2 2 10 1 4071 7407 5236
13494 2 2 10 1 2415 6909 5150
13495 2 2 10 1 1731 6884 1590
13496 2 2 10 1 5709 6870 5982
13497 2 2 10 1 4143 7575 4711
13498 2 2 10 1 4459 7256 6060
13499 2 2 10 1 2255 7065 2257
13500 2 2 10 1 3659 7508 3657
13501 2 2 10 1 7574 7617 6087
13502 2 2 10 1 3044 6879 6859
13503 2 2 10 1 7016 7193 4228
13504 2 2 10 1 5762 6871 6250
13505 2 2 10 1 3771 6888 3773
13506 2 2 10 1 6463 6912 969
13507 2 2 10 1 4001 7875 6920
13508 2 2 10 1 220 7780 219
13509 2 2 10 1 2631 7678 2629
13510 2 2 10 1 5283 7452 6159
13511 2 2 10 1 223 7816 222
13512 2 2 10 1 5732 6887 5999
13513 2 2 10 1 3277 7727 6103
13514 2 2 10 1 2351 7856 7412
13515 2 2 10 1 3814 7002 4383
13516 2 2 10 1 5591 7877 7863
13517 2 2 10 1 5011 6891 5008
13518 2 2 10 1 3284 7611 3176
13519 2 2 10 1 3301 7495 3097
13520 2 2 10 1 6145 7691 6146
13521 2 2 10 1 4000 6920 6907
13522 2 2 10 1 2214 7127 6592
13523 2 2 10 1 586 7943 283
13524 2 2 10 1 5975 7771 5957
13525 2 2 10 1 498 7565 139
13526 2 2 10 1 138 7565 618
13527 2 2 10 1 3765 6877 3853
13528 2 2 10 1 4025 7342 6248
13529 2 2 10 1 5950 7043 522
13530 2 2 10 1 2464 7633 2193
13531 2 2 10 1 4084 6873 4085
13532 2 2 10 1 4148 7629 4769
13533 2 2 10 1 1806 6867 1808
13534 2 2 10 1 782 7632 939
13535 2 2 10 1 6109 7693 2014
13536 2 2 10 1 2971 6996 6755
13537 2 2 10 1 3526 7669 4312
13538 2 2 10 1 6631 7901 3363
13539 2 2 10 1 5858 6894 593
13540 2 2 10 1 2479 7652 4950
13541 2 2 10 1 4026 7513 4437
13542 2 2 10 1 6060 7256 6221
13543 2 2 10 1 6152 7741 6153
13544 2 2 10 1 4109 7497 3993
13545 2 2 10 1 2829 7776 2827
13546 2 2 10 1 4196 7520 4657
13547 2 2 10 1 5393 7504 2307
13548 2 2 10 1 6862 6885 3414
13549 2 2 10 1 618 7585 137
13550 2 2 10 1 6737 7073 482
13551 2 2 10 1 3101 7526 3275
13552 2 2 10 1 6067 7441 5923
13553 2 2 10 1 7716 7843 4754
13554 2 2 10 1 2071 7829 7824
13555 2 2 10 1 3548 7868 4389
13556 2 2 10 1 5162 7118 1863
13557 2 2 10 1 2576 7550 2873
13558 2 2 10 1 4567 7752 6909
13559 2 2 10 1 116 7725 115
13560 2 2 10 1 6634 7585 5646
13561 2 2 10 1 5304 7907 4745
13562 2 2 10 1 3530 7715 4353
13563 2 2 10 1 4152 7677 5083
13564 2 2 10 1 1315 7882 1320
13565 2 2 10 1 378 7537 497
13566 2 2 10 1 599 7828 375
13567 2 2 10 1 957 7514 745
13568 2 2 10 1 2561 7867 2548
13569 2 2 10 1 4001 6920 4000
13570 2 2 10 1 3534 7763 4359
13571 2 2 10 1 2429 7837 6393
13572 2 2 10 1 5961 7746 7324
13573 2 2 10 1 4993 7911 4974
13574 2 2 10 1 593 7703 354
13575 2 2 10 1 499 7624 134
13576 2 2 10 1 6850 7091 5828
13577 2 2 10 1 2132 6851 6768
13578 2 2 10 1 5720 7606 5989
13579 2 2 10 1 6564 7505 2287
13580 2 2 10 1 756 7709 964
13581 2 2 10 1 473 7848 303
13582 2 2 10 1 4547 7566 4200
13583 2 2 10 1 4544 6945 4215
13584 2 2 10 1 5702 7817 491
13585 2 2 10 1 1133 6889 443
13586 2 2 10 1 5980 7819 3168
13587 2 2 10 1 3275 7576 3103
13588 2 2 10 1 500 7651 129
13589 2 2 10 1 419 6892 420
13590 2 2 10 1 1249 7166 1262
13591 2 2 10 1 3414 6885 3420
13592 2 2 10 1 6681 7753 2742
13593 2 2 10 1 2627 7694 2704
13594 2 2 10 1 5176 7303 4766
13595 2 2 10 1 4012 7188 6217
13596 2 2 10 1 3593 7584 3926
13597 2 2 10 1 1624 6896 1626
13598 2 2 10 1 5527 7819 5980
13599 2 2 10 1 3764 6936 6187
13600 2 2 10 1 6890 6936 2047
13601 2 2 10 1 6156 7786 6189
13602 2 2 10 1 2597 7636 5926
13603 2 2 10 1 3107 7594 3294
13604 2 2 10 1 4359 7763 6189
13605 2 2 10 1 6103 7719 3277
13606 2 2 10 1 3365 7901 3482
13607 2 2 10 1 4156 7719 6103
13608 2 2 10 1 5877 7515 5875
13609 2 2 10 1 4659 7575 4141
13610 2 2 10 1 6189 7786 4359
13611 2 2 10 1 1792 6886 1794
13612 2 2 10 1 6188 7018 3764
13613 2 2 10 1 622 7731 122
13614 2 2 10 1 4397 7484 4495
13615 2 2 10 1 2740 7753 2973
13616 2 2 10 1 685 6954 679
13617 2 2 10 1 97 6901 96
13618 2 2 10 1 1343 6899 1341
13619 2 2 10 1 7042 7225 4231
13620 2 2 10 1 2307 7490 5379
13621 2 2 10 1 6343 7222 6953
13622 2 2 10 1 5813 6935 6379
13623 2 2 10 1 2825 7774 3859
13624 2 2 10 1 4397 7487 7484
13625 2 2 10 1 3294 7640 3109
13626 2 2 10 1 3111 7640 3291
13627 2 2 10 1 4747 7644 4204
13628 2 2 10 1 6786 6788 4005
13629 2 2 10 1 3359 7805 3469
13630 2 2 10 1 3288 6868 3260
13631 2 2 10 1 4202 7644 4547
13632 2 2 10 1 1443 7803 1311
13633 2 2 10 1 1717 6919 6861
13634 2 2 10 1 1005 6865 1088
13635 2 2 10 1 3693 7118 3695
13636 2 2 10 1 6285 6890 2047
13637 2 2 10 1 623 7614 7604
13638 2 2 10 1 3623 7654 4040
13639 2 2 10 1 4120 7500 5969
13640 2 2 10 1 4711 7629 4146
13641 2 2 10 1 4588 7670 4680
13642 2 2 10 1 6819 6890 6285
13643 2 2 10 1 3992 7216 3927
13644 2 2 10 1 3580 7862 3582
13645 2 2 10 1 3792 7874 3790
13646 2 2 10 1 3291 7682 3113
13647 2 2 10 1 3115 7682 3289
13648 2 2 10 1 6488 6807 1147
13649 2 2 10 1 4046 7485 6251
13650 2 2 10 1 6622 7530 5949
13651 2 2 10 1 6733 7354 2424
13652 2 2 10 1 6629 7468 5688
13653 2 2 10 1 2692 7357 4047
13654 2 2 10 1 1343 6911 6899
13655 2 2 10 1 3289 7711 3117
13656 2 2 10 1 3119 7711 3283
13657 2 2 10 1 4 7643 364
13658 2 2 10 1 4221 7669 2808
13659 2 2 10 1 3259 6872 3242
13660 2 2 10 1 5077 7713 4208
13661 2 2 10 1 3710 7714 4766
13662 2 2 10 1 3038 6904 3040
13663 2 2 10 1 6002 6963 2178
13664 2 2 10 1 5322 6940 6075
13665 2 2 10 1 4206 7713 4747
13666 2 2 10 1 6502 6808 2232
13667 2 2 10 1 4916 7113 6730
13668 2 2 10 1 172 7277 568
13669 2 2 10 1 3783 6910 3785
13670 2 2 10 1 4769 7677 4150
13671 2 2 10 1 365 7643 4
13672 2 2 10 1 3278 7743 3125
13673 2 2 10 1 4312 7715 3528
13674 2 2 10 1 3584 7845 4230
13675 2 2 10 1 3587 7885 3544
13676 2 2 10 1 5269 7165 3918
13677 2 2 10 1 1557 7815 1684
13678 2 2 10 1 4398 7487 4397
13679 2 2 10 1 1501 7162 1743
13680 2 2 10 1 387 7766 530
13681 2 2 10 1 4458 7744 4165
13682 2 2 10 1 4915 7279 4917
13683 2 2 10 1 4353 7763 3532
13684 2 2 10 1 374 7828 538
13685 2 2 10 1 2838 7818 4705
13686 2 2 10 1 5083 7719 4154
13687 2 2 10 1 1622 6906 1624
13688 2 2 10 1 4408 6900 5298
13689 2 2 10 1 1739 7164 1710
13690 2 2 10 1 6029 7601 5990
13691 2 2 10 1 2069 7709 751
13692 2 2 10 1 5108 7090 1126
13693 2 2 10 1 6776 7094 552
13694 2 2 10 1 3789 6918 3791
13695 2 2 10 1 3873 7679 3741
13696 2 2 10 1 569 7014 6880
13697 2 2 10 1 680 7696 682
13698 2 2 10 1 1624 6906 6896
13699 2 2 10 1 5523 7073 6737
13700 2 2 10 1 1239 7283 1266
13701 2 2 10 1 5594 7449 3915
13702 2 2 10 1 5006 7858 6452
13703 2 2 10 1 3653 6847 6528
13704 2 2 10 1 5821 7532 1659
13705 2 2 10 1 195 7658 3
13706 2 2 10 1 3986 6874 3987
13707 2 2 10 1 2224 7461 2209
13708 2 2 10 1 4512 7147 4466
13709 2 2 10 1 6347 6950 539
13710 2 2 10 1 1345 6911 1343
13711 2 2 10 1 2655 6966 6619
13712 2 2 10 1 190 7625 189
13713 2 2 10 1 5032 7726 7535
13714 2 2 10 1 699 6917 697
13715 2 2 10 1 6845 7089 4106
13716 2 2 10 1 5872 6929 5871
13717 2 2 10 1 3913 6923 4073
13718 2 2 10 1 4253 7287 4251
13719 2 2 10 1 990 7938 6246
13720 2 2 10 1 5238 6959 2739
13721 2 2 10 1 4139 7936 4138
13722 2 2 10 1 2098 7876 4967
13723 2 2 10 1 6547 7036 1073
13724 2 2 10 1 4426 7926 4428
13725 2 2 10 1 3 7658 194
13726 2 2 10 1 2641 6916 2639
13727 2 2 10 1 4025 7429 7342
13728 2 2 10 1 158 6922 157
13729 2 2 10 1 5054 7482 5055
13730 2 2 10 1 841 6913 843
13731 2 2 10 1 6919 6969 3905
13732 2 2 10 1 5275 6983 5274
13733 2 2 10 1 4967 7876 2335
13734 2 2 10 1 3876 6939 4411
13735 2 2 10 1 520 7303 5176
13736 2 2 10 1 6412 7341 3888
13737 2 2 10 1 5717 7753 6681
13738 2 2 10 1 4746 7510 530
13739 2 2 10 1 679 6990 675
13740 2 2 10 1 6248 7342 7219
13741 2 2 10 1 6767 6848 1000
13742 2 2 10 1 4409 7551 7290
13743 2 2 10 1 7416 7560 4791
13744 2 2 10 1 4939 7886 2285
13745 2 2 10 1 4589 6929 4590
13746 2 2 10 1 3635 7341 4539
13747 2 2 10 1 5246 7550 7488
13748 2 2 10 1 6541 7476 7467
13749 2 2 10 1 6117 6927 4021
13750 2 2 10 1 6901 6934 96
13751 2 2 10 1 6631 7842 5301
13752 2 2 10 1 96 6934 95
13753 2 2 10 1 4269 6928 4267
13754 2 2 10 1 2071 7824 6237
13755 2 2 10 1 1172 7248 6818
13756 2 2 10 1 6692 7702 6101
13757 2 2 10 1 4653 7905 6871
13758 2 2 10 1 2323 7870 6252
13759 2 2 10 1 254 6937 253
13760 2 2 10 1 2032 6969 6209
13761 2 2 10 1 6718 6921 5103
13762 2 2 10 1 3034 6931 3036
13763 2 2 10 1 6266 6919 3905
13764 2 2 10 1 1774 7161 6560
13765 2 2 10 1 6188 7075 7018
13766 2 2 10 1 788 6926 6108
13767 2 2 10 1 3914 6950 5618
13768 2 2 10 1 6724 7084 972
13769 2 2 10 1 4986 7472 4985
13770 2 2 10 1 3700 7724 3701
13771 2 2 10 1 94 6942 93
13772 2 2 10 1 3799 6932 3797
13773 2 2 10 1 1336 6924 1338
13774 2 2 10 1 7324 7746 5169
13775 2 2 10 1 4024 7451 7418
13776 2 2 10 1 1305 6914 1307
13777 2 2 10 1 4996 6976 2387
13778 2 2 10 1 6861 6919 6266
13779 2 2 10 1 2427 6978 6648
13780 2 2 10 1 4697 7894 1209
13781 2 2 10 1 5682 7013 5681
13782 2 2 10 1 4398 7540 7487
13783 2 2 10 1 6324 7684 938
13784 2 2 10 1 6222 7634 2037
13785 2 2 10 1 7531 7560 1033
13786 2 2 10 1 517 7846 5850
13787 2 2 10 1 6432 7290 1243
13788 2 2 10 1 3524 6893 2903
13789 2 2 10 1 3808 6946 3810
13790 2 2 10 1 7811 7829 6234
13791 2 2 10 1 4112 7886 4939
13792 2 2 10 1 1221 7891 4756
13793 2 2 10 1 4226 7089 2812
13794 2 2 10 1 1618 6938 1620
13795 2 2 10 1 6674 6761 3815
13796 2 2 10 1 4819 7546 4816
13797 2 2 10 1 661 7074 7023
13798 2 2 10 1 156 6941 155
13799 2 2 10 1 5785 7447 6317
13800 2 2 10 1 6218 7429 4025
13801 2 2 10 1 5465 6948 5463
13802 2 2 10 1 5362 7802 5368
13803 2 2 10 1 3939 6903 3937
13804 2 2 10 1 5129 6997 5128
13805 2 2 10 1 6858 6867 1806
13806 2 2 10 1 4378 7893 4460
13807 2 2 10 1 6864 7448 7392
13808 2 2 10 1 3818 6951 3820
13809 2 2 10 1 5301 7901 6631
13810 2 2 10 1 6751 7653 6099
13811 2 2 10 1 7765 7944 4938
13812 2 2 10 1 4356 7282 4214
13813 2 2 10 1 1772 7161 1771
13814 2 2 10 1 5802 7804 5800
13815 2 2 10 1 3032 6943 3034
13816 2 2 10 1 4024 7418 4119
13817 2 2 10 1 4212 7444 4016
13818 2 2 10 1 3677 6854 5605
13819 2 2 10 1 93 6957 92
13820 2 2 10 1 5224 6935 6450
13821 2 2 10 1 6002 7492 6963
13822 2 2 10 1 4875 7781 4504
13823 2 2 10 1 4474 7626 7425
13824 2 2 10 1 7243 7875 4001
13825 2 2 10 1 2269 6897 2468
13826 2 2 10 1 366 7124 6794
13827 2 2 10 1 1742 7169 672
13828 2 2 10 1 6810 6953 3884
13829 2 2 10 1 5964 6956 2783
13830 2 2 10 1 1904 7352 1902
13831 2 2 10 1 4067 7331 3992
13832 2 2 10 1 3034 6943 6931
13833 2 2 10 1 4417 6947 4326
13834 2 2 10 1 91 6960 90
13835 2 2 10 1 3867 6933 6267
13836 2 2 10 1 667 7085 665
13837 2 2 10 1 6848 6952 6309
13838 2 2 10 1 3888 7341 2806
13839 2 2 10 1 6921 7211 3915
13840 2 2 10 1 2047 6936 6284
13841 2 2 10 1 4597 7533 4599
13842 2 2 10 1 2077 7747 2392
13843 2 2 10 1 654 7359 656
13844 2 2 10 1 2299 7562 3705
13845 2 2 10 1 6953 7222 3884
13846 2 2 10 1 1743 6962 1490
13847 2 2 10 1 359 6973 358
13848 2 2 10 1 176 7003 6782
13849 2 2 10 1 3355 7145 3358
13850 2 2 10 1 3578 6949 3824
13851 2 2 10 1 6942 6957 93
13852 2 2 10 1 4041 7177 4506
13853 2 2 10 1 775 7653 6751
13854 2 2 10 1 2307 7504 7490
13855 2 2 10 1 4225 7338 6453
13856 2 2 10 1 6466 7293 6811
13857 2 2 10 1 4405 7941 4713
13858 2 2 10 1 3863 6964 5070
13859 2 2 10 1 6630 6864 1177
13860 2 2 10 1 5198 7942 5071
13861 2 2 10 1 5472 6968 5470
13862 2 2 10 1 6354 7016 6651
13863 2 2 10 1 4017 7310 6600
13864 2 2 10 1 6528 6847 1172
13865 2 2 10 1 3865 6984 3864
13866 2 2 10 1 676 7322 680
13867 2 2 10 1 3764 7018 6936
13868 2 2 10 1 5245 6991 5246
13869 2 2 10 1 969 6912 4170
13870 2 2 10 1 2844 7253 4066
13871 2 2 10 1 1245 7290 1248
13872 2 2 10 1 3697 7338 4225
13873 2 2 10 1 4415 6961 4533
13874 2 2 10 1 4766 7303 3709
13875 2 2 10 1 5093 7189 6386
13876 2 2 10 1 4015 6981 5896
13877 2 2 10 1 6651 7016 5810
13878 2 2 10 1 4636 6972 4637
13879 2 2 10 1 1487 7054 1485
13880 2 2 10 1 6868 7898 4669
13881 2 2 10 1 90 6975 89
13882 2 2 10 1 4765 7895 4170
13883 2 2 10 1 6928 6986 4267
13884 2 2 10 1 1614 6967 1616
13885 2 2 10 1 4483 7934 6923
13886 2 2 10 1 3843 7029 3841
13887 2 2 10 1 6309 6952 2059
13888 2 2 10 1 88 6980 87
13889 2 2 10 1 6436 7208 1136
13890 2 2 10 1 7096 7546 531
13891 2 2 10 1 4218 7147 6709
13892 2 2 10 1 3028 6971 3030
13893 2 2 10 1 4249 6970 4396
13894 2 2 10 1 4047 7488 5240
13895 2 2 10 1 6375 7664 5237
13896 2 2 10 1 661 7023 659
13897 2 2 10 1 4067 7403 7331
13898 2 2 10 1 6960 6975 90
13899 2 2 10 1 3937 6903 6836
13900 2 2 10 1 6418 7625 5611
13901 2 2 10 1 5682 7079 7013
13902 2 2 10 1 5081 7140 4427
13903 2 2 10 1 4511 7127 6857
13904 2 2 10 1 7684 7789 938
13905 2 2 10 1 4594 7799 4600
13906 2 2 10 1 7789 7857 6322
13907 2 2 10 1 3830 6992 3832
13908 2 2 10 1 7161 7534 6560
13909 2 2 10 1 1458 6921 6718
13910 2 2 10 1 6343 6953 6512
13911 2 2 10 1 5379 7486 2304
13912 2 2 10 1 2783 6956 6825
13913 2 2 10 1 2376 7325 1867
13914 2 2 10 1 4389 7868 6671
13915 2 2 10 1 6510 7340 1908
13916 2 2 10 1 4042 6958 4094
13917 2 2 10 1 2739 6959 6314
13918 2 2 10 1 4400 6965 4402
13919 2 2 10 1 3981 7328 4463
13920 2 2 10 1 4010 7092 4011
13921 2 2 10 1 4332 7000 4330
13922 2 2 10 1 3905 6969 3907
13923 2 2 10 1 5479 6993 5477
13924 2 2 10 1 6952 7052 2059
13925 2 2 10 1 1401 7597 1412
13926 2 2 10 1 5199 7942 5198
13927 2 2 10 1 4434 6983 4432
13928 2 2 10 1 1612 6982 1614
13929 2 2 10 1 984 6999 6115
13930 2 2 10 1 2109 7300 2111
13931 2 2 10 1 4267 6986 4265
13932 2 2 10 1 3026 6987 3028
13933 2 2 10 1 6218 7555 7429
13934 2 2 10 1 6683 7179 4125
13935 2 2 10 1 5254 7096 5251
13936 2 2 10 1 7098 7649 4074
13937 2 2 10 1 1614 6982 6967
13938 2 2 10 1 6689 7161 1772
13939 2 2 10 1 87 7001 86
13940 2 2 10 1 4012 7410 7188
13941 2 2 10 1 7604 7614 5358
13942 2 2 10 1 5405 7008 5400
13943 2 2 10 1 273 7005 272
13944 2 2 10 1 3028 6987 6971
13945 2 2 10 1 3695 7338 3694
13946 2 2 10 1 2277 7381 2273
13947 2 2 10 1 1908 7340 1906
13948 2 2 10 1 2641 7064 6916
13949 2 2 10 1 6650 7311 2369
13950 2 2 10 1 5529 7094 6776
13951 2 2 10 1 4176 6995 4174
13952 2 2 10 1 2178 6963 6513
13953 2 2 10 1 6037 7075 6188
13954 2 2 10 1 6980 7001 87
13955 2 2 10 1 6302 6974 6148
13956 2 2 10 1 2762 6989 2760
13957 2 2 10 1 5542 7424 5438
13958 2 2 10 1 6826 6978 2427
13959 2 2 10 1 4082 7006 2893
13960 2 2 10 1 7138 7357 3439
13961 2 2 10 1 3909 7007 4224
13962 2 2 10 1 6519 7416 4791
13963 2 2 10 1 7131 7872 1159
13964 2 2 10 1 4565 7368 4567
13965 2 2 10 1 742 6998 738
13966 2 2 10 1 3992 7331 7216
13967 2 2 10 1 6726 6854 3677
13968 2 2 10 1 6037 7121 7075
13969 2 2 10 1 2225 7057 4010
13970 2 2 10 1 3513 7004 3511
13971 2 2 10 1 6962 7097 4224
13972 2 2 10 1 5486 7015 5484
13973 2 2 10 1 83 7017 82
13974 2 2 10 1 3795 7714 3712
13975 2 2 10 1 5934 7099 5936
13976 2 2 10 1 6278 7069 5828
13977 2 2 10 1 6234 7829 2071
13978 2 2 10 1 3471 7076 2687
13979 2 2 10 1 4776 7020 6792
13980 2 2 10 1 4163 7040 6409
13981 2 2 10 1 6027 7020 4776
13982 2 2 10 1 5489 7019 5486
13983 2 2 10 1 1608 7010 1610
13984 2 2 10 1 4414 7642 6939
13985 2 2 10 1 450 7888 7131
13986 2 2 10 1 3996 7374 4689
13987 2 2 10 1 5193 7791 3777
13988 2 2 10 1 4472 7014 4469
13989 2 2 10 1 3902 7465 4708
13990 2 2 10 1 6452 7858 1439
13991 2 2 10 1 6531 7155 3650
13992 2 2 10 1 3846 7027 4115
13993 2 2 10 1 2119 6988 2121
13994 2 2 10 1 2812 7089 6845
13995 2 2 10 1 5040 7367 4936
13996 2 2 10 1 6397 7299 6525
13997 2 2 10 1 5486 7019 7015
13998 2 2 10 1 3480 6930 6374
13999 2 2 10 1 3477 7738 3354
14000 2 2 10 1 5388 7603 6843
14001 2 2 10 1 3358 7518 6415
14002 2 2 10 1 5851 7009 517
14003 2 2 10 1 5379 7490 7486
14004 2 2 10 1 6386 7260 2224
14005 2 2 10 1 2650 7286 6887
14006 2 2 10 1 5491 7028 5489
14007 2 2 10 1 6811 7293 4757
14008 2 2 10 1 1639 7031 1637
14009 2 2 10 1 4113 7355 2878
14010 2 2 10 1 5489 7028 7019
14011 2 2 10 1 3207 7034 3236
14012 2 2 10 1 3925 7120 7024
14013 2 2 10 1 1606 7022 1608
14014 2 2 10 1 2126 6977 2127
14015 2 2 10 1 5096 7035 5094
14016 2 2 10 1 6782 7003 4428
14017 2 2 10 1 5906 7039 6106
14018 2 2 10 1 5000 7414 5001
14019 2 2 10 1 5727 7923 2791
14020 2 2 10 1 177 7003 176
14021 2 2 10 1 6806 7297 1209
14022 2 2 10 1 1709 7063 1711
14023 2 2 10 1 938 7789 6322
14024 2 2 10 1 82 7037 81
14025 2 2 10 1 2705 7578 3986
14026 2 2 10 1 6051 7736 6050
14027 2 2 10 1 4344 7567 4373
14028 2 2 10 1 4456 6978 6826
14029 2 2 10 1 1608 7022 7010
14030 2 2 10 1 6513 6963 4350
14031 2 2 10 1 6855 7936 1187
14032 2 2 10 1 6121 7920 6949
14033 2 2 10 1 3357 7145 3355
14034 2 2 10 1 3877 7121 6037
14035 2 2 10 1 7017 7037 82
14036 2 2 10 1 6512 6953 2095
14037 2 2 10 1 7164 7325 6331
14038 2 2 10 1 2818 7016 6354
14039 2 2 10 1 5933 7099 5934
14040 2 2 10 1 4788 7775 2316
14041 2 2 10 1 154 7033 153
14042 2 2 10 1 2296 7304 6970
14043 2 2 10 1 2657 6966 2655
14044 2 2 10 1 6284 7018 6154
14045 2 2 10 1 5087 7428 568
14046 2 2 10 1 3422 7025 3426
14047 2 2 10 1 1839 7475 6881
14048 2 2 10 1 4411 7446 5333
14049 2 2 10 1 6926 7712 6044
14050 2 2 10 1 1159 7029 4630
14051 2 2 10 1 1349 7032 1347
14052 2 2 10 1 4877 7384 2313
14053 2 2 10 1 6852 7266 5945
14054 2 2 10 1 6936 7018 6284
14055 2 2 10 1 560 7625 6418
14056 2 2 10 1 3925 7024 6110
14057 2 2 10 1 6833 7747 1291
14058 2 2 10 1 7844 7889 6520
14059 2 2 10 1 4110 7642 6894
14060 2 2 10 1 78 7049 77
14061 2 2 10 1 4757 7293 4441
14062 2 2 10 1 2978 7681 3742
14063 2 2 10 1 1863 7118 6621
14064 2 2 10 1 5497 7046 5495
14065 2 2 10 1 7559 7661 4935
14066 2 2 10 1 6192 7171 3877
14067 2 2 10 1 663 7074 661
14068 2 2 10 1 5964 7103 6956
14069 2 2 10 1 615 7574 6087
14070 2 2 10 1 593 7761 4750
14071 2 2 10 1 2202 7078 1846
14072 2 2 10 1 4992 7101 4991
14073 2 2 10 1 6558 7038 6559
14074 2 2 10 1 2367 7012 6646
14075 2 2 10 1 4617 7114 5126
14076 2 2 10 1 6909 7704 4600
14077 2 2 10 1 2415 7704 6909
14078 2 2 10 1 5500 7053 5497
14079 2 2 10 1 6399 7011 5110
14080 2 2 10 1 6441 7042 6595
14081 2 2 10 1 2336 7886 4112
14082 2 2 10 1 4858 7125 1758
14083 2 2 10 1 2121 7026 2123
14084 2 2 10 1 3699 7400 6882
14085 2 2 10 1 5611 7309 5610
14086 2 2 10 1 4936 7393 4934
14087 2 2 10 1 5217 7778 6915
14088 2 2 10 1 5130 7518 5163
14089 2 2 10 1 5497 7053 7046
14090 2 2 10 1 7018 7075 6154
14091 2 2 10 1 1540 7021 1593
14092 2 2 10 1 2021 7056 1516
14093 2 2 10 1 4069 7403 4067
14094 2 2 10 1 7025 7047 3426
14095 2 2 10 1 6468 7084 6724
14096 2 2 10 1 1685 7475 1577
14097 2 2 10 1 4437 7045 4027
14098 2 2 10 1 6791 7329 4719
14099 2 2 10 1 4053 6996 2971
14100 2 2 10 1 6788 6944 4005
14101 2 2 10 1 6947 7437 2304
14102 2 2 10 1 6339 7909 3795
14103 2 2 10 1 5502 7059 5500
14104 2 2 10 1 5816 7773 597
14105 2 2 10 1 4492 7927 4792
14106 2 2 10 1 2886 7720 2887
14107 2 2 10 1 6849 7848 473
14108 2 2 10 1 4558 7061 5194
14109 2 2 10 1 5500 7059 7053
14110 2 2 10 1 6192 7220 7171
14111 2 2 10 1 1697 7051 1553
14112 2 2 10 1 3816 7002 3814
14113 2 2 10 1 2410 7881 5262
14114 2 2 10 1 252 7062 251
14115 2 2 10 1 1684 7815 7758
14116 2 2 10 1 7208 7483 6779
14117 2 2 10 1 3426 7047 3428
14118 2 2 10 1 5163 7518 5165
14119 2 2 10 1 7051 7756 5637
14120 2 2 10 1 4210 7176 5149
14121 2 2 10 1 1668 7876 2098
14122 2 2 10 1 2208 7673 1752
14123 2 2 10 1 77 7067 76
14124 2 2 10 1 6389 7451 4024
14125 2 2 10 1 845 7060 847
14126 2 2 10 1 3848 7138 6446
14127 2 2 10 1 1441 7858 1527
14128 2 2 10 1 5699 7311 6650
14129 2 2 10 1 5803 7804 5802
14130 2 2 10 1 7049 7067 77
14131 2 2 10 1 48 7068 47
14132 2 2 10 1 5325 7095 6098
14133 2 2 10 1 577 7142 5247
14134 2 2 10 1 4861 7912 4654
14135 2 2 10 1 5039 7460 2804
14136 2 2 10 1 2095 6953 6810
14137 2 2 10 1 2059 7052 6308
14138 2 2 10 1 6600 7310 1713
14139 2 2 10 1 2195 7126 669
14140 2 2 10 1 597 7773 5950
14141 2 2 10 1 2335 7876 1689
14142 2 2 10 1 4364 7581 4087
14143 2 2 10 1 2643 7064 2641
14144 2 2 10 1 4417 7457 7409
14145 2 2 10 1 73 7073 72
14146 2 2 10 1 3997 7104 4063
14147 2 2 10 1 5262 7489 6686
14148 2 2 10 1 5208 7664 6959
14149 2 2 10 1 6347 7915 6950
14150 2 2 10 1 6753 7689 1068
14151 2 2 10 1 5508 7072 5506
14152 2 2 10 1 7005 7134 272
14153 2 2 10 1 407 7061 567
14154 2 2 10 1 6758 7164 6331
14155 2 2 10 1 2711 6985 4108
14156 2 2 10 1 4585 7071 4583
14157 2 2 10 1 2424 7179 6683
14158 2 2 10 1 4315 7641 6649
14159 2 2 10 1 7189 7260 6386
14160 2 2 10 1 1684 7811 6234
14161 2 2 10 1 7125 7296 1758
14162 2 2 10 1 6708 7738 3477
14163 2 2 10 1 4995 7343 1785
14164 2 2 10 1 6897 6985 3852
14165 2 2 10 1 5510 7077 5508
14166 2 2 10 1 2967 7383 6939
14167 2 2 10 1 1723 7836 3745
14168 2 2 10 1 6357 7109 563
14169 2 2 10 1 6595 7042 5924
14170 2 2 10 1 4232 7048 6361
14171 2 2 10 1 2762 7137 6989
14172 2 2 10 1 2926 7114 2927
14173 2 2 10 1 3857 7057 4050
14174 2 2 10 1 5508 7077 7072
14175 2 2 10 1 5683 7079 5682
14176 2 2 10 1 7140 7926 4426
14177 2 2 10 1 1386 7044 1400
14178 2 2 10 1 1514 7162 1501
14179 2 2 10 1 542 7798 6983
14180 2 2 10 1 7383 7446 4411
14181 2 2 10 1 4846 7058 4845
14182 2 2 10 1 5512 7083 5510
14183 2 2 10 1 1465 7082 5799
14184 2 2 10 1 6852 7749 4305
14185 2 2 10 1 7481 7561 2564
14186 2 2 10 1 6191 7496 4069
14187 2 2 10 1 6533 7208 4077
14188 2 2 10 1 4379 7159 4543
14189 2 2 10 1 4263 7080 4261
14190 2 2 10 1 5510 7083 7077
14191 2 2 10 1 1670 7844 6520
14192 2 2 10 1 4505 7686 6857
14193 2 2 10 1 3836 7066 4239
14194 2 2 10 1 3775 7091 4028
14195 2 2 10 1 4662 7133 4788
14196 2 2 10 1 70 7094 69
14197 2 2 10 1 3673 7791 5193
14198 2 2 10 1 6588 7141 3888
14199 2 2 10 1 7056 7203 4366
14200 2 2 10 1 746 7081 744
14201 2 2 10 1 3915 7449 3521
14202 2 2 10 1 6262 7321 2225
14203 2 2 10 1 5061 7946 2690
14204 2 2 10 1 2387 7285 2810
14205 2 2 10 1 6818 7248 4857
14206 2 2 10 1 6136 7138 3848
14207 2 2 10 1 5213 7574 5389
14208 2 2 10 1 1931 7785 4876
14209 2 2 10 1 3980 7093 3977
14210 2 2 10 1 2309 7164 6758
14211 2 2 10 1 6398 7410 4012
14212 2 2 10 1 6988 7026 2121
14213 2 2 10 1 3608 7913 4419
14214 2 2 10 1 4232 7455 7048
14215 2 2 10 1 4336 7106 4334
14216 2 2 10 1 6973 7226 358
14217 2 2 10 1 6154 7075 1543
14218 2 2 10 1 7701 7877 7430
14219 2 2 10 1 2285 7886 2170
14220 2 2 10 1 6709 7147 713
14221 2 2 10 1 3462 7098 2848
14222 2 2 10 1 4087 7631 4236
14223 2 2 10 1 4498 7614 7144
14224 2 2 10 1 4489 7825 4238
14225 2 2 10 1 4066 7040 3644
14226 2 2 10 1 7075 7121 1543
14227 2 2 10 1 2266 7742 4891
14228 2 2 10 1 1643 7112 1641
14229 2 2 10 1 6481 7012 2367
14230 2 2 10 1 4428 7926 6782
14231 2 2 10 1 2649 7110 2171
14232 2 2 10 1 3703 7070 4043
14233 2 2 10 1 7527 7579 6745
14234 2 2 10 1 2272 7132 2274
14235 2 2 10 1 2818 7193 7016
14236 2 2 10 1 2751 7087 2753
14237 2 2 10 1 4908 7930 4926
14238 2 2 10 1 4034 7555 6218
14239 2 2 10 1 3852 7627 4114
14240 2 2 10 1 4352 7105 4036
14241 2 2 10 1 6398 7573 7410
14242 2 2 10 1 4315 7734 7641
14243 2 2 10 1 5518 7107 5516
14244 2 2 10 1 71 7086 552
14245 2 2 10 1 4612 7413 4611
14246 2 2 10 1 7455 7635 7048
14247 2 2 10 1 545 7108 5838
14248 2 2 10 1 5697 7136 5683
14249 2 2 10 1 5532 7209 5528
14250 2 2 10 1 5190 7228 574
14251 2 2 10 1 3777 7791 2586
14252 2 2 10 1 5304 7278 4579
14253 2 2 10 1 2097 7439 5334
14254 2 2 10 1 3977 7111 3975
14255 2 2 10 1 7093 7111 3977
14256 2 2 10 1 7045 7427 2028
14257 2 2 10 1 3877 7171 7121
14258 2 2 10 1 2564 7561 4807
14259 2 2 10 1 5218 7260 3825
14260 2 2 10 1 4032 7117 4366
14261 2 2 10 1 1067 7821 4919
14262 2 2 10 1 6950 7887 539
14263 2 2 10 1 3911 7097 4030
14264 2 2 10 1 5002 7199 5005
14265 2 2 10 1 2650 7103 5964
14266 2 2 10 1 7288 7396 4396
14267 2 2 10 1 51 7119 50
14268 2 2 10 1 3874 7130 4210
14269 2 2 10 1 2032 7054 7007
14270 2 2 10 1 1643 7146 7112
14271 2 2 10 1 7581 7631 4087
14272 2 2 10 1 6579 7930 7821
14273 2 2 10 1 5697 7223 7136
14274 2 2 10 1 2438 7065 2255
14275 2 2 10 1 5095 7173 5097
14276 2 2 10 1 7087 7115 2753
14277 2 2 10 1 3728 7012 6481
14278 2 2 10 1 4708 7465 7026
14279 2 2 10 1 630 7918 6
14280 2 2 10 1 1503 7091 6850
14281 2 2 10 1 6571 7353 2663
14282 2 2 10 1 52 7123 51
14283 2 2 10 1 735 7102 737
14284 2 2 10 1 6566 6955 4220
14285 2 2 10 1 68 7100 480
14286 2 2 10 1 4180 7116 4178
14287 2 2 10 1 7626 7706 3288
14288 2 2 10 1 3736 7088 4103
14289 2 2 10 1 7536 7651 500
14290 2 2 10 1 6193 7294 3906
14291 2 2 10 1 5839 7647 5704
14292 2 2 10 1 2572 7569 6504
14293 2 2 10 1 4475 7425 6935
14294 2 2 10 1 4510 7127 4511
14295 2 2 10 1 2452 7865 7760
14296 2 2 10 1 7311 7535 3594
14297 2 2 10 1 367 7124 366
14298 2 2 10 1 51 7123 7119
14299 2 2 10 1 6596 7946 5035
14300 2 2 10 1 6414 7831 7809
14301 2 2 10 1 6715 7041 4842
14302 2 2 10 1 6114 7929 6116
14303 2 2 10 1 4568 7365 4569
14304 2 2 10 1 6864 7292 1177
14305 2 2 10 1 2753 7115 2755
14306 2 2 10 1 7468 7843 5688
14307 2 2 10 1 2404 7512 2599
14308 2 2 10 1 3906 7220 6192
14309 2 2 10 1 6191 7598 7496
14310 2 2 10 1 3653 7630 6847
14311 2 2 10 1 272 7134 271
14312 2 2 10 1 4897 7533 2479
14313 2 2 10 1 4437 7513 7402
14314 2 2 10 1 4811 6955 6566
14315 2 2 10 1 4667 7277 5082
14316 2 2 10 1 673 7607 671
14317 2 2 10 1 450 7131 451
14318 2 2 10 1 1458 7211 6921
14319 2 2 10 1 2873 7550 6991
14320 2 2 10 1 6479 7375 2182
14321 2 2 10 1 6193 7346 7294
14322 2 2 10 1 1262 7038 6558
14323 2 2 10 1 4543 7808 4893
14324 2 2 10 1 6004 7128 5899
14325 2 2 10 1 5256 7201 4020
14326 2 2 10 1 1748 7716 6914
14327 2 2 10 1 7852 7865 6589
14328 2 2 10 1 7076 7910 3617
14329 2 2 10 1 1543 7121 6282
14330 2 2 10 1 4133 7009 6839
14331 2 2 10 1 4069 7496 7403
14332 2 2 10 1 2038 7841 6055
14333 2 2 10 1 568 7428 171
14334 2 2 10 1 6624 7553 2773
14335 2 2 10 1 4966 7356 1946
14336 2 2 10 1 4230 7845 6999
14337 2 2 10 1 2455 7757 6607
14338 2 2 10 1 7889 7908 3602
14339 2 2 10 1 7086 7107 552
14340 2 2 10 1 6929 7697 4572
14341 2 2 10 1 6843 7603 615
14342 2 2 10 1 4115 7710 4369
14343 2 2 10 1 7665 7867 2561
14344 2 2 10 1 7084 7335 2473
14345 2 2 10 1 7020 7188 519
14346 2 2 10 1 1384 7042 6441
14347 2 2 10 1 4957 7242 4958
14348 2 2 10 1 7747 7904 2392
14349 2 2 10 1 849 7143 851
14350 2 2 10 1 1645 7146 1643
14351 2 2 10 1 4899 7638 1838
14352 2 2 10 1 5683 7136 7079
14353 2 2 10 1 229 7914 7254
14354 2 2 10 1 6950 7915 5618
14355 2 2 10 1 7272 7358 239
14356 2 2 10 1 7105 7817 5702
14357 2 2 10 1 6211 7257 2021
14358 2 2 10 1 5853 7851 4160
14359 2 2 10 1 6041 7149 6162
14360 2 2 10 1 4514 7507 4099
14361 2 2 10 1 3192 7151 3190
14362 2 2 10 1 4050 7321 4052
14363 2 2 10 1 7279 7412 4917
14364 2 2 10 1 7460 7554 4043
14365 2 2 10 1 4369 7740 4563
14366 2 2 10 1 7052 7135 6308
14367 2 2 10 1 4812 7469 4810
14368 2 2 10 1 6117 7368 6927
14369 2 2 10 1 4718 7190 4720
14370 2 2 10 1 4106 7089 4457
14371 2 2 10 1 972 7084 1090
14372 2 2 10 1 4237 7139 3823
14373 2 2 10 1 250 7154 249
14374 2 2 10 1 526 7264 5189
14375 2 2 10 1 1384 7225 7042
14376 2 2 10 1 2764 7137 2762
14377 2 2 10 1 5729 7158 5997
14378 2 2 10 1 5593 7863 7301
14379 2 2 10 1 6880 7014 4472
14380 2 2 10 1 7273 7339 2329
14381 2 2 10 1 6414 7809 3480
14382 2 2 10 1 3602 7908 3513
14383 2 2 10 1 6963 7830 4350
14384 2 2 10 1 4391 7214 4392
14385 2 2 10 1 6636 7906 4826
14386 2 2 10 1 6574 7041 6715
14387 2 2 10 1 4779 7855 1921
14388 2 2 10 1 6847 7630 6699
14389 2 2 10 1 152 7153 151
14390 2 2 10 1 6308 7135 1079
14391 2 2 10 1 1838 7762 5108
14392 2 2 10 1 127 7144 623
14393 2 2 10 1 614 7897 5369
14394 2 2 10 1 4127 7219 7134
14395 2 2 10 1 4883 7880 4889
14396 2 2 10 1 2021 7257 7203
14397 2 2 10 1 6731 7655 1178
14398 2 2 10 1 339 7150 338
14399 2 2 10 1 7135 7216 1079
14400 2 2 10 1 7339 7343 4995
14401 2 2 10 1 4850 7273 2329
14402 2 2 10 1 3288 7898 6868
14403 2 2 10 1 7419 7488 4047
14404 2 2 10 1 752 7156 750
14405 2 2 10 1 3859 7774 7108
14406 2 2 10 1 6190 7905 4652
14407 2 2 10 1 7710 7740 4369
14408 2 2 10 1 6477 7602 5940
14409 2 2 10 1 5635 7600 7238
14410 2 2 10 1 5167 7145 5170
14411 2 2 10 1 5188 7227 573
14412 2 2 10 1 6909 7752 5150
14413 2 2 10 1 5969 7500 558
14414 2 2 10 1 3473 7152 3476
14415 2 2 10 1 6917 7389 1986
14416 2 2 10 1 6609 7791 3673
14417 2 2 10 1 6489 7113 4916
14418 2 2 10 1 5663 7194 4487
14419 2 2 10 1 4628 7891 7759
14420 2 2 10 1 3966 7167 3964
14421 2 2 10 1 4033 7751 4031
14422 2 2 10 1 7071 7384 4586
14423 2 2 10 1 170 7428 5184
14424 2 2 10 1 2663 7353 6543
14425 2 2 10 1 3742 7302 6644
14426 2 2 10 1 4466 7147 4218
14427 2 2 10 1 5334 7432 2271
14428 2 2 10 1 7151 7186 3190
14429 2 2 10 1 5898 7178 6096
14430 2 2 10 1 2980 7160 6366
14431 2 2 10 1 2097 7457 7439
14432 2 2 10 1 4873 7747 6833
14433 2 2 10 1 5612 7181 4055
14434 2 2 10 1 7171 7220 2046
14435 2 2 10 1 2200 7041 6574
14436 2 2 10 1 6709 7085 4356
14437 2 2 10 1 222 7816 7237
14438 2 2 10 1 4681 7175 4626
14439 2 2 10 1 5205 7722 4457
14440 2 2 10 1 2155 7407 6736
14441 2 2 10 1 4805 7586 4803
14442 2 2 10 1 5991 7180 5718
14443 2 2 10 1 7152 7168 3476
14444 2 2 10 1 4311 7921 5412
14445 2 2 10 1 7225 7455 4232
14446 2 2 10 1 7153 7174 151
14447 2 2 10 1 5570 7327 1088
14448 2 2 10 1 7634 7710 4115
14449 2 2 10 1 4056 7183 4058
14450 2 2 10 1 5140 7192 5141
14451 2 2 10 1 5224 7129 6379
14452 2 2 10 1 5329 7221 6102
14453 2 2 10 1 2037 7634 7027
14454 2 2 10 1 151 7174 150
14455 2 2 10 1 7366 7582 6036
14456 2 2 10 1 3906 7294 7220
14457 2 2 10 1 5998 7542 5730
14458 2 2 10 1 219 7780 7218
14459 2 2 10 1 3476 7168 3689
14460 2 2 10 1 6211 7307 7257
14461 2 2 10 1 4340 7198 4338
14462 2 2 10 1 4387 7688 5615
14463 2 2 10 1 6923 7934 977
14464 2 2 10 1 1266 7283 7173
14465 2 2 10 1 2704 7694 7158
14466 2 2 10 1 6821 7866 6583
14467 2 2 10 1 4049 7326 5100
14468 2 2 10 1 6194 7397 3988
14469 2 2 10 1 7857 7931 2075
14470 2 2 10 1 4077 7208 6779
14471 2 2 10 1 7230 7365 4568
14472 2 2 10 1 4877 7883 7384
14473 2 2 10 1 7194 7700 214
14474 2 2 10 1 3190 7186 3188
14475 2 2 10 1 6282 7171 2046
14476 2 2 10 1 214 7695 7194
14477 2 2 10 1 3890 7202 3917
14478 2 2 10 1 4974 7911 4139
14479 2 2 10 1 210 7182 209
14480 2 2 10 1 381 7190 380
14481 2 2 10 1 7492 7812 2961
14482 2 2 10 1 4248 7204 4250
14483 2 2 10 1 4989 7472 4986
14484 2 2 10 1 212 7184 211
14485 2 2 10 1 5417 7206 5419
14486 2 2 10 1 694 7172 696
14487 2 2 10 1 5791 7187 5865
14488 2 2 10 1 7182 7197 209
14489 2 2 10 1 4145 7598 6191
14490 2 2 10 1 209 7197 208
14491 2 2 10 1 4605 7239 4608
14492 2 2 10 1 4950 7704 2415
14493 2 2 10 1 3988 7346 6193
14494 2 2 10 1 4252 7213 4254
14495 2 2 10 1 1044 7587 6994
14496 2 2 10 1 7121 7171 6282
14497 2 2 10 1 3990 7148 2835
14498 2 2 10 1 4340 7262 7198
14499 2 2 10 1 203 7200 202
14500 2 2 10 1 2271 7421 5744
14501 2 2 10 1 7261 7376 234
14502 2 2 10 1 5429 7308 5420
14503 2 2 10 1 6194 7436 7397
14504 2 2 10 1 4732 7689 6753
14505 2 2 10 1 4453 7218 5677
14506 2 2 10 1 6322 7857 2075
14507 2 2 10 1 5694 7223 5697
14508 2 2 10 1 4075 7185 6045
14509 2 2 10 1 7218 7628 219
14510 2 2 10 1 4394 7841 7748
14511 2 2 10 1 207 7205 206
14512 2 2 10 1 7137 7252 5842
14513 2 2 10 1 6126 7698 4145
14514 2 2 10 1 4495 7484 7230
14515 2 2 10 1 3871 7142 3869
14516 2 2 10 1 205 7207 204
14517 2 2 10 1 6212 7345 2174
14518 2 2 10 1 4257 7191 4255
14519 2 2 10 1 4184 7195 4182
14520 2 2 10 1 6440 7211 1458
14521 2 2 10 1 358 7226 357
14522 2 2 10 1 7237 7577 222
14523 2 2 10 1 2174 7307 6211
14524 2 2 10 1 4258 7229 4260
14525 2 2 10 1 2454 7239 5063
14526 2 2 10 1 4502 7306 4401
14527 2 2 10 1 5744 7398 2226
14528 2 2 10 1 217 7210 216
14529 2 2 10 1 7254 7453 229
14530 2 2 10 1 6520 7889 3602
14531 2 2 10 1 5944 7217 629
14532 2 2 10 1 5528 7209 5529
14533 2 2 10 1 4431 7237 5678
14534 2 2 10 1 201 7215 200
14535 2 2 10 1 632 7214 5942
14536 2 2 10 1 5380 7287 7247
14537 2 2 10 1 2757 7196 2759
14538 2 2 10 1 7269 7936 4139
14539 2 2 10 1 1758 7296 4898
14540 2 2 10 1 987 7236 5953
14541 2 2 10 1 1248 7166 1249
14542 2 2 10 1 5694 7315 7223
14543 2 2 10 1 5358 7614 3889
14544 2 2 10 1 6689 7534 7161
14545 2 2 10 1 519 7188 5856
14546 2 2 10 1 4264 7240 4266
14547 2 2 10 1 5334 7439 7432
14548 2 2 10 1 7215 7233 200
14549 2 2 10 1 5695 7315 5694
14550 2 2 10 1 6087 7617 500
14551 2 2 10 1 1771 7161 1774
14552 2 2 10 1 2174 7345 7307
14553 2 2 10 1 6532 7655 4244
14554 2 2 10 1 6771 7861 6567
14555 2 2 10 1 2296 7287 5380
14556 2 2 10 1 4415 7771 6961
14557 2 2 10 1 1710 7164 2309
14558 2 2 10 1 7600 7637 4302
14559 2 2 10 1 4035 7203 4089
14560 2 2 10 1 4268 7245 4270
14561 2 2 10 1 6643 7775 4395
14562 2 2 10 1 3960 7231 3958
14563 2 2 10 1 1146 7212 5152
14564 2 2 10 1 4220 7454 4445
14565 2 2 10 1 200 7233 199
14566 2 2 10 1 3962 7234 3960
14567 2 2 10 1 5097 7378 5098
14568 2 2 10 1 5380 7247 2217
14569 2 2 10 1 5000 7462 7414
14570 2 2 10 1 5688 7843 1748
14571 2 2 10 1 4045 7235 4044
14572 2 2 10 1 6670 7498 3770
14573 2 2 10 1 4272 7250 4274
14574 2 2 10 1 7477 7533 4897
14575 2 2 10 1 7196 7224 2759
14576 2 2 10 1 6839 7009 5851
14577 2 2 10 1 853 7246 855
14578 2 2 10 1 7488 7550 2950
14579 2 2 10 1 4861 7935 7912
14580 2 2 10 1 3903 7219 4127
14581 2 2 10 1 4380 7254 5654
14582 2 2 10 1 3960 7234 7231
14583 2 2 10 1 672 7169 674
14584 2 2 10 1 4278 7255 4280
14585 2 2 10 1 5515 7267 5517
14586 2 2 10 1 5628 7423 2290
14587 2 2 10 1 4282 7258 4284
14588 2 2 10 1 225 7244 224
14589 2 2 10 1 4229 7881 6860
14590 2 2 10 1 7217 7232 629
14591 2 2 10 1 4609 7243 4606
14592 2 2 10 1 829 7230 4568
14593 2 2 10 1 4099 7507 6966
14594 2 2 10 1 4688 7334 4503
14595 2 2 10 1 4440 7292 6864
14596 2 2 10 1 4357 7261 5676
14597 2 2 10 1 2759 7224 2761
14598 2 2 10 1 4343 7262 4340
14599 2 2 10 1 522 7043 6791
14600 2 2 10 1 4288 7263 4290
14601 2 2 10 1 1783 7361 2330
14602 2 2 10 1 7228 7583 574
14603 2 2 10 1 4292 7268 4294
14604 2 2 10 1 227 7251 226
14605 2 2 10 1 1079 7216 6306
14606 2 2 10 1 4310 7272 5679
14607 2 2 10 1 4301 7238 4302
14608 2 2 10 1 2046 7220 6280
14609 2 2 10 1 4298 7270 4300
14610 2 2 10 1 4947 7680 4945
14611 2 2 10 1 759 7241 757
14612 2 2 10 1 4803 7467 4802
14613 2 2 10 1 2205 7354 2386
14614 2 2 10 1 5171 7454 578
14615 2 2 10 1 1743 7162 7117
14616 2 2 10 1 149 7249 148
14617 2 2 10 1 7203 7257 4089
14618 2 2 10 1 6621 7118 3693
14619 2 2 10 1 5945 7266 609
14620 2 2 10 1 232 7259 231
14621 2 2 10 1 2690 7834 5061
14622 2 2 10 1 2271 7432 7421
14623 2 2 10 1 4048 7551 4409
14624 2 2 10 1 6524 7445 1489
14625 2 2 10 1 4343 7323 7262
14626 2 2 10 1 6126 7793 7698
14627 2 2 10 1 6212 7377 7345
14628 2 2 10 1 7176 7902 4211
14629 2 2 10 1 5961 7324 3382
14630 2 2 10 1 7467 7476 4802
14631 2 2 10 1 237 7271 236
14632 2 2 10 1 4043 7177 4041
14633 2 2 10 1 2329 7339 4995
14634 2 2 10 1 5695 7379 7315
14635 2 2 10 1 1465 7528 7082
14636 2 2 10 1 6047 7319 7280
14637 2 2 10 1 5101 7189 5093
14638 2 2 10 1 7821 7930 4908
14639 2 2 10 1 242 7274 241
14640 2 2 10 1 5439 7787 4132
14641 2 2 10 1 3745 7831 6414
14642 2 2 10 1 5842 7252 5841
14643 2 2 10 1 5040 7416 7367
14644 2 2 10 1 5788 7276 6144
14645 2 2 10 1 7306 7461 2224
14646 2 2 10 1 3926 7584 7415
14647 2 2 10 1 6047 7280 6173
14648 2 2 10 1 2035 7289 6071
14649 2 2 10 1 6895 7445 4126
14650 2 2 10 1 2290 7288 1655
14651 2 2 10 1 4599 7278 4598
14652 2 2 10 1 4439 7599 2942
14653 2 2 10 1 7193 7489 4229
14654 2 2 10 1 4126 7445 6525
14655 2 2 10 1 6195 7502 4029
14656 2 2 10 1 4089 7257 4091
14657 2 2 10 1 6935 7425 6450
14658 2 2 10 1 7126 7282 4356
14659 2 2 10 1 3988 7397 7346
14660 2 2 10 1 171 7428 170
14661 2 2 10 1 2207 7448 6630
14662 2 2 10 1 671 7607 2195
14663 2 2 10 1 6606 7831 3745
14664 2 2 10 1 2428 7476 6541
14665 2 2 10 1 4125 7179 6507
14666 2 2 10 1 5213 7617 7574
14667 2 2 10 1 7249 7284 148
14668 2 2 10 1 4108 6985 6897
14669 2 2 10 1 6773 7092 4010
14670 2 2 10 1 6736 7407 4071
14671 2 2 10 1 4440 7392 4439
14672 2 2 10 1 3922 7510 4746
14673 2 2 10 1 6445 7564 3702
14674 2 2 10 1 5631 7637 7600
14675 2 2 10 1 2226 7377 6212
14676 2 2 10 1 4518 7943 7933
14677 2 2 10 1 148 7284 147
14678 2 2 10 1 6221 7256 3298
14679 2 2 10 1 1653 7304 1651
14680 2 2 10 1 7235 7317 4044
14681 2 2 10 1 7227 7722 573
14682 2 2 10 1 1126 7879 4790
14683 2 2 10 1 1003 7523 5881
14684 2 2 10 1 2544 7301 2581
14685 2 2 10 1 3861 7448 6902
14686 2 2 10 1 4925 7655 6731
14687 2 2 10 1 2819 7193 2818
14688 2 2 10 1 6195 7556 7502
14689 2 2 10 1 3884 7222 4133
14690 2 2 10 1 4029 7436 6194
14691 2 2 10 1 2290 7423 7396
14692 2 2 10 1 4886 7866 6821
14693 2 2 10 1 7294 7346 1587
14694 2 2 10 1 4145 7698 7598
14695 2 2 10 1 4391 7434 7214
14696 2 2 10 1 688 7265 690
14697 2 2 10 1 5744 7421 7398
14698 2 2 10 1 4345 7323 4343
14699 2 2 10 1 2623 7286 2621
14700 2 2 10 1 4835 7861 6771
14701 2 2 10 1 5971 7291 5886
14702 2 2 10 1 7257 7307 4091
14703 2 2 10 1 3953 7313 3951
14704 2 2 10 1 6882 7400 5840
14705 2 2 10 1 2226 7398 7377
14706 2 2 10 1 4923 7279 4915
14707 2 2 10 1 5038 7554 5039
14708 2 2 10 1 2452 7760 6505
14709 2 2 10 1 173 7277 172
14710 2 2 10 1 2599 7512 2609
14711 2 2 10 1 3956 7314 3953
14712 2 2 10 1 2390 7155 6531
14713 2 2 10 1 7450 7731 622
14714 2 2 10 1 5189 7685 6978
14715 2 2 10 1 5216 7519 5217
14716 2 2 10 1 2865 7222 6343
14717 2 2 10 1 1136 7208 6533
14718 2 2 10 1 5999 7542 5998
14719 2 2 10 1 4853 7674 4851
14720 2 2 10 1 4702 7852 6413
14721 2 2 10 1 4388 7595 4304
14722 2 2 10 1 4421 7335 6468
14723 2 2 10 1 3691 7298 3840
14724 2 2 10 1 5783 7471 5784
14725 2 2 10 1 4188 7305 4186
14726 2 2 10 1 3953 7314 7313
14727 2 2 10 1 4345 7371 7323
14728 2 2 10 1 6280 7294 1587
14729 2 2 10 1 3083 7312 3085
14730 2 2 10 1 4214 7282 4212
14731 2 2 10 1 5345 7363 6105
14732 2 2 10 1 1412 7597 7159
14733 2 2 10 1 4205 7337 4207
14734 2 2 10 1 2075 7931 6318
14735 2 2 10 1 1238 7283 1239
14736 2 2 10 1 6920 7875 2327
14737 2 2 10 1 6745 7579 2091
14738 2 2 10 1 1586 7319 6047
14739 2 2 10 1 406 7333 405
14740 2 2 10 1 6455 7623 2184
14741 2 2 10 1 6733 7163 4461
14742 2 2 10 1 7574 7603 5389
14743 2 2 10 1 4091 7307 4128
14744 2 2 10 1 4040 7654 7394
14745 2 2 10 1 6887 7286 5999
14746 2 2 10 1 4044 7317 4046
14747 2 2 10 1 1276 7416 5040
14748 2 2 10 1 4653 7332 4650
14749 2 2 10 1 7298 7320 3840
14750 2 2 10 1 6939 7642 2967
14751 2 2 10 1 857 7347 859
14752 2 2 10 1 7188 7410 5856
14753 2 2 10 1 741 7316 743
14754 2 2 10 1 7220 7294 6280
14755 2 2 10 1 7583 7899 5187
14756 2 2 10 1 6553 7899 4358
14757 2 2 10 1 3770 7498 6613
14758 2 2 10 1 6814 7281 2442
14759 2 2 10 1 1243 7290 1245
14760 2 2 10 1 2200 7348 7041
14761 2 2 10 1 7214 7434 5942
14762 2 2 10 1 4702 7865 7852
14763 2 2 10 1 6564 7869 4346
14764 2 2 10 1 3186 7344 3184
14765 2 2 10 1 4077 7295 3932
14766 2 2 10 1 3840 7320 3851
14767 2 2 10 1 4060 7884 5940
14768 2 2 10 1 764 7330 761
14769 2 2 10 1 4235 7793 6126
14770 2 2 10 1 5715 7848 6849
14771 2 2 10 1 5881 7541 2033
14772 2 2 10 1 1948 7511 4966
14773 2 2 10 1 7375 7592 4063
14774 2 2 10 1 1586 7364 7319
14775 2 2 10 1 4424 7884 4060
14776 2 2 10 1 3932 7253 2844
14777 2 2 10 1 4107 7405 5576
14778 2 2 10 1 6129 7873 4235
14779 2 2 10 1 7307 7345 4128
14780 2 2 10 1 5885 7362 6066
14781 2 2 10 1 5786 7349 6160
14782 2 2 10 1 4719 7329 4721
14783 2 2 10 1 4226 7373 7089
14784 2 2 10 1 7540 7618 4418
14785 2 2 10 1 1276 7560 7416
14786 2 2 10 1 6983 7798 4432
14787 2 2 10 1 5194 7442 630
14788 2 2 10 1 7425 7626 3321
14789 2 2 10 1 5071 7942 1508
14790 2 2 10 1 7331 7403 2058
14791 2 2 10 1 6939 7383 4411
14792 2 2 10 1 1743 7097 6962
14793 2 2 10 1 4347 7371 4345
14794 2 2 10 1 5263 7708 4723
14795 2 2 10 1 7216 7331 6306
14796 2 2 10 1 6197 7364 1586
14797 2 2 10 1 6062 7443 3990
14798 2 2 10 1 6198 7609 4064
14799 2 2 10 1 368 7336 565
14800 2 2 10 1 6306 7331 2058
14801 2 2 10 1 4417 7437 6947
14802 2 2 10 1 4643 7355 3873
14803 2 2 10 1 1659 7532 7317
14804 2 2 10 1 238 7358 604
14805 2 2 10 1 2372 7477 4897
14806 2 2 10 1 7513 7523 1003
14807 2 2 10 1 7172 7746 2063
14808 2 2 10 1 5822 7452 497
14809 2 2 10 1 6820 7835 566
14810 2 2 10 1 5112 7830 2961
14811 2 2 10 1 2675 7351 2673
14812 2 2 10 1 4128 7345 4130
14813 2 2 10 1 488 7342 5835
14814 2 2 10 1 5937 7389 5935
14815 2 2 10 1 373 7372 372
14816 2 2 10 1 7344 7382 3184
14817 2 2 10 1 2066 7767 6230
14818 2 2 10 1 4998 7833 3741
14819 2 2 10 1 146 7360 145
14820 2 2 10 1 1587 7346 6279
14821 2 2 10 1 4029 7502 7436
14822 2 2 10 1 5240 7488 2950
14823 2 2 10 1 1685 7927 7475
14824 2 2 10 1 3490 7365 6014
14825 2 2 10 1 653 7464 651
14826 2 2 10 1 6198 7656 7609
14827 2 2 10 1 7386 7418 1078
14828 2 2 10 1 6525 7299 7163
14829 2 2 10 1 4395 7285 4233
14830 2 2 10 1 1209 7894 6806
14831 2 2 10 1 5210 7649 3462
14832 2 2 10 1 4064 7556 6195
14833 2 2 10 1 2700 7368 6117
14834 2 2 10 1 565 7849 7124
14835 2 2 10 1 6902 7448 2207
14836 2 2 10 1 566 7309 191
14837 2 2 10 1 233 7376 601
14838 2 2 10 1 5039 7554 7460
14839 2 2 10 1 5285 7755 4111
14840 2 2 10 1 3949 7380 3947
14841 2 2 10 1 5972 7386 1078
14842 2 2 10 1 2704 7385 2625
14843 2 2 10 1 4652 7905 4653
14844 2 2 10 1 4650 7332 6925
14845 2 2 10 1 3184 7382 3182
14846 2 2 10 1 2225 7321 7057
14847 2 2 10 1 3087 7369 3089
14848 2 2 10 1 5432 7391 5430
14849 2 2 10 1 2182 7375 7104
14850 2 2 10 1 4040 7366 3621
14851 2 2 10 1 7169 7322 674
14852 2 2 10 1 4095 7573 6398
14853 2 2 10 1 6628 7225 1384
14854 2 2 10 1 2874 7383 2964
14855 2 2 10 1 5696 7379 5695
14856 2 2 10 1 6380 7375 6479
14857 2 2 10 1 6994 7587 4592
14858 2 2 10 1 6633 7932 2277
14859 2 2 10 1 5231 7688 4387
14860 2 2 10 1 5741 7525 7435
14861 2 2 10 1 2034 7394 6051
14862 2 2 10 1 7219 7342 488
14863 2 2 10 1 3983 7328 3981
14864 2 2 10 1 5741 7435 5696
14865 2 2 10 1 7345 7377 4130
14866 2 2 10 1 4504 7781 4505
14867 2 2 10 1 7534 7648 2582
14868 2 2 10 1 1856 7481 2564
14869 2 2 10 1 4076 7527 5021
14870 2 2 10 1 63 7388 62
14871 2 2 10 1 2115 7300 2109
14872 2 2 10 1 7523 7541 5881
14873 2 2 10 1 6930 7809 7699
14874 2 2 10 1 788 7712 6926
14875 2 2 10 1 3700 7838 5125
14876 2 2 10 1 4095 7750 7573
14877 2 2 10 1 3709 7303 4519
14878 2 2 10 1 5856 7410 591
14879 2 2 10 1 5619 7440 3252
14880 2 2 10 1 2600 7413 5155
14881 2 2 10 1 5368 7802 7529
14882 2 2 10 1 926 7402 1003
14883 2 2 10 1 6608 7310 4017
14884 2 2 10 1 3439 7357 2692
14885 2 2 10 1 6949 7920 3824
14886 2 2 10 1 1547 7409 2097
14887 2 2 10 1 674 7322 676
14888 2 2 10 1 64 7401 63
14889 2 2 10 1 6197 7406 7364
14890 2 2 10 1 6325 7434 4391
14891 2 2 10 1 4130 7377 4240
14892 2 2 10 1 1489 7445 6895
14893 2 2 10 1 4199 7411 4201
14894 2 2 10 1 7397 7436 2045
14895 2 2 10 1 2369 7311 2689
14896 2 2 10 1 1867 7325 1739
14897 2 2 10 1 5050 7892 2422
14898 2 2 10 1 7007 7054 4224
14899 2 2 10 1 4436 7579 4076
14900 2 2 10 1 7369 7390 3089
14901 2 2 10 1 6035 7415 6036
14902 2 2 10 1 2033 7545 6034
14903 2 2 10 1 4802 7641 4800
14904 2 2 10 1 3932 7318 7253
14905 2 2 10 1 578 7454 6955
14906 2 2 10 1 5997 7923 5996
14907 2 2 10 1 4192 7387 4190
14908 2 2 10 1 1852 7612 1854
14909 2 2 10 1 63 7401 7388
14910 2 2 10 1 3089 7390 3091
14911 2 2 10 1 5187 7899 529
14912 2 2 10 1 2734 7395 2402
14913 2 2 10 1 1078 7418 5864
14914 2 2 10 1 6930 7699 4448
14915 2 2 10 1 4855 7412 4856
14916 2 2 10 1 4354 7422 2865
14917 2 2 10 1 5509 7431 5511
14918 2 2 10 1 7342 7429 5835
14919 2 2 10 1 4673 7807 4671
14920 2 2 10 1 5273 7563 5272
14921 2 2 10 1 2874 7446 7383
14922 2 2 10 1 4247 7396 4245
14923 2 2 10 1 573 7722 5205
14924 2 2 10 1 4240 7398 4242
14925 2 2 10 1 6159 7452 5822
14926 2 2 10 1 7377 7398 4240
14927 2 2 10 1 5835 7429 583
14928 2 2 10 1 3694 7338 3697
14929 2 2 10 1 770 7404 768
14930 2 2 10 1 2675 7466 7351
14931 2 2 10 1 6049 7420 7406
14932 2 2 10 1 2768 7400 2766
14933 2 2 10 1 4422 7843 7468
14934 2 2 10 1 2327 7572 2260
14935 2 2 10 1 5246 7419 2425
14936 2 2 10 1 1921 7352 1904
14937 2 2 10 1 5966 7692 4083
14938 2 2 10 1 4124 7408 6056
14939 2 2 10 1 5615 7532 5821
14940 2 2 10 1 6279 7397 2045
14941 2 2 10 1 7418 7451 5864
14942 2 2 10 1 4846 7668 6694
14943 2 2 10 1 3460 7664 6375
14944 2 2 10 1 6543 7353 4101
14945 2 2 10 1 1906 7340 1921
14946 2 2 10 1 4859 7871 4860
14947 2 2 10 1 1552 7437 1550
14948 2 2 10 1 1686 7739 7618
14949 2 2 10 1 2843 7293 6466
14950 2 2 10 1 4111 7733 5966
14951 2 2 10 1 6380 7592 7375
14952 2 2 10 1 2806 7341 3635
14953 2 2 10 1 2192 7509 5393
14954 2 2 10 1 4800 7734 4799
14955 2 2 10 1 4235 7873 7793
14956 2 2 10 1 5180 7507 544
14957 2 2 10 1 6049 7406 6197
14958 2 2 10 1 4985 7825 1362
14959 2 2 10 1 7324 7772 3382
14960 2 2 10 1 4939 7910 4112
14961 2 2 10 1 530 7510 5949
14962 2 2 10 1 2058 7403 6303
14963 2 2 10 1 6220 7919 4352
14964 2 2 10 1 1672 7420 6049
14965 2 2 10 1 4192 7426 7387
14966 2 2 10 1 5368 7450 5361
14967 2 2 10 1 1412 7299 6397
14968 2 2 10 1 2390 7393 7155
14969 2 2 10 1 5864 7451 2028
14970 2 2 10 1 7398 7421 4242
14971 2 2 10 1 2319 7517 5440
14972 2 2 10 1 6213 7430 5591
14973 2 2 10 1 7396 7423 4245
14974 2 2 10 1 3882 7417 3928
14975 2 2 10 1 4530 7622 5046
14976 2 2 10 1 1686 7618 5000
14977 2 2 10 1 4242 7421 4318
14978 2 2 10 1 7346 7397 6279
14979 2 2 10 1 4064 7609 7556
14980 2 2 10 1 930 7427 928
14981 2 2 10 1 5942 7434 600
14982 2 2 10 1 5184 7428 5087
14983 2 2 10 1 4245 7423 4057
14984 2 2 10 1 144 7433 143
14985 2 2 10 1 4194 7426 4192
14986 2 2 10 1 1031 7560 1276
14987 2 2 10 1 6970 7304 4396
14988 2 2 10 1 4083 7656 6198
14989 2 2 10 1 4195 7459 4197
14990 2 2 10 1 656 7359 970
14991 2 2 10 1 2192 7521 7509
14992 2 2 10 1 863 7463 865
14993 2 2 10 1 2873 7446 2874
14994 2 2 10 1 4352 7919 7817
14995 2 2 10 1 6857 7686 4551
14996 2 2 10 1 6146 7801 2020
14997 2 2 10 1 574 7583 5187
14998 2 2 10 1 67 7456 66
14999 2 2 10 1 4118 7627 6985
15000 2 2 10 1 1672 7473 7420
15001 2 2 10 1 4318 7432 4320
15002 2 2 10 1 6694 7668 1230
15003 2 2 10 1 6327 7798 542
15004 2 2 10 1 7517 7521 5440
15005 2 2 10 1 3998 7374 3996
15006 2 2 10 1 228 7453 608
15007 2 2 10 1 6468 7335 7084
15008 2 2 10 1 66 7458 65
15009 2 2 10 1 5116 7878 2381
15010 2 2 10 1 5923 7441 5876
15011 2 2 10 1 5377 7470 5371
15012 2 2 10 1 5696 7435 7379
15013 2 2 10 1 5949 7530 5948
15014 2 2 10 1 7421 7432 4318
15015 2 2 10 1 2115 7381 7300
15016 2 2 10 1 3093 7438 3095
15017 2 2 10 1 6201 7473 1672
15018 2 2 10 1 4114 7627 7090
15019 2 2 10 1 5840 7647 5839
15020 2 2 10 1 7410 7573 591
15021 2 2 10 1 4320 7439 4322
15022 2 2 10 1 7429 7555 583
15023 2 2 10 1 3440 7783 2794
15024 2 2 10 1 1506 7827 5304
15025 2 2 10 1 4342 7567 4344
15026 2 2 10 1 5357 7604 5358
15027 2 2 10 1 4891 7675 1931
15028 2 2 10 1 6991 7550 5246
15029 2 2 10 1 6331 7663 5255
15030 2 2 10 1 2400 7813 7699
15031 2 2 10 1 7432 7439 4320
15032 2 2 10 1 4121 7500 4120
15033 2 2 10 1 5739 7596 5738
15034 2 2 10 1 7456 7458 66
15035 2 2 10 1 6778 7658 195
15036 2 2 10 1 2273 7381 2115
15037 2 2 10 1 2045 7436 6277
15038 2 2 10 1 497 7452 5963
15039 2 2 10 1 5060 7834 6544
15040 2 2 10 1 629 7232 6778
15041 2 2 10 1 4072 7474 2914
15042 2 2 10 1 4110 7499 6040
15043 2 2 10 1 4322 7457 4324
15044 2 2 10 1 477 7471 5787
15045 2 2 10 1 4988 7944 4989
15046 2 2 10 1 5618 7915 7130
15047 2 2 10 1 7505 7522 1584
15048 2 2 10 1 7439 7457 4322
15049 2 2 10 1 7433 7480 143
15050 2 2 10 1 4063 7592 4452
15051 2 2 10 1 5161 7939 5004
15052 2 2 10 1 2400 7699 4362
15053 2 2 10 1 4671 7671 4670
15054 2 2 10 1 4428 7887 5022
15055 2 2 10 1 1440 7739 1686
15056 2 2 10 1 2677 7466 2675
15057 2 2 10 1 4945 7757 4946
15058 2 2 10 1 1177 7292 6731
15059 2 2 10 1 2209 7461 2208
15060 2 2 10 1 1595 7505 1584
15061 2 2 10 1 5237 7664 5208
15062 2 2 10 1 4589 7697 6929
15063 2 2 10 1 1238 7378 7283
15064 2 2 10 1 3180 7493 3178
15065 2 2 10 1 5193 7778 3673
15066 2 2 10 1 2787 7494 2789
15067 2 2 10 1 7334 7673 2208
15068 2 2 10 1 143 7480 142
15069 2 2 10 1 5875 7515 6028
15070 2 2 10 1 7484 7487 3488
15071 2 2 10 1 5738 7596 7525
15072 2 2 10 1 3859 7503 2770
15073 2 2 10 1 3488 7487 3489
15074 2 2 10 1 6014 7484 3488
15075 2 2 10 1 5123 7648 7534
15076 2 2 10 1 2381 7878 7839
15077 2 2 10 1 6914 7716 4136
15078 2 2 10 1 5440 7521 2192
15079 2 2 10 1 5966 7733 7692
15080 2 2 10 1 6563 7851 7750
15081 2 2 10 1 6525 7445 6524
15082 2 2 10 1 774 7479 772
15083 2 2 10 1 7541 7545 2033
15084 2 2 10 1 4083 7692 7656
15085 2 2 10 1 2609 7414 6336
15086 2 2 10 1 1584 7522 1582
15087 2 2 10 1 6251 7485 2464
15088 2 2 10 1 5738 7525 5741
15089 2 2 10 1 4622 7491 4620
15090 2 2 10 1 7502 7556 1660
15091 2 2 10 1 3521 7449 6396
15092 2 2 10 1 7057 7321 4050
15093 2 2 10 1 4433 7798 6327
15094 2 2 10 1 3825 7260 7189
15095 2 2 10 1 1244 7764 1361
15096 2 2 10 1 7393 7559 4934
15097 2 2 10 1 3143 7538 3145
15098 2 2 10 1 6966 7507 5180
15099 2 2 10 1 2565 7781 4875
15100 2 2 10 1 4329 7486 4331
15101 2 2 10 1 4498 7536 4097
15102 2 2 10 1 4170 7895 4692
15103 2 2 10 1 5739 7660 7596
15104 2 2 10 1 4446 7935 4861
15105 2 2 10 1 7335 7468 2473
15106 2 2 10 1 4331 7490 4333
15107 2 2 10 1 5631 7600 1599
15108 2 2 10 1 6644 7302 2370
15109 2 2 10 1 6317 7447 4061
15110 2 2 10 1 7222 7422 4133
15111 2 2 10 1 2712 7516 2607
15112 2 2 10 1 1088 7327 6700
15113 2 2 10 1 6201 7524 7473
15114 2 2 10 1 141 7506 140
15115 2 2 10 1 7293 7723 4441
15116 2 2 10 1 2865 7422 7222
15117 2 2 10 1 558 7501 370
15118 2 2 10 1 5546 7544 5543
15119 2 2 10 1 3097 7495 3099
15120 2 2 10 1 4016 7444 4488
15121 2 2 10 1 6500 7348 2200
15122 2 2 10 1 5505 7557 5507
15123 2 2 10 1 6336 7462 4398
15124 2 2 10 1 2690 7946 6596
15125 2 2 10 1 5122 7648 5123
15126 2 2 10 1 4189 7543 4191
15127 2 2 10 1 6999 7845 6115
15128 2 2 10 1 5355 7620 5357
15129 2 2 10 1 4111 7755 7733
15130 2 2 10 1 7486 7490 4331
15131 2 2 10 1 4333 7504 4335
15132 2 2 10 1 379 7537 378
15133 2 2 10 1 6667 7547 2062
15134 2 2 10 1 6325 7672 7434
15135 2 2 10 1 3993 7497 4068
15136 2 2 10 1 3879 7814 5107
15137 2 2 10 1 7496 7598 1083
15138 2 2 10 1 4023 7508 3659
15139 2 2 10 1 6420 7378 1238
15140 2 2 10 1 7027 7634 4115
15141 2 2 10 1 1508 7552 1318
15142 2 2 10 1 7487 7540 3489
15143 2 2 10 1 5630 7637 5631
15144 2 2 10 1 7490 7504 4333
15145 2 2 10 1 817 7813 2400
15146 2 2 10 1 1366 7768 5048
15147 2 2 10 1 2670 7812 2896
15148 2 2 10 1 6053 7549 7524
15149 2 2 10 1 5635 7595 2287
15150 2 2 10 1 5175 7909 5174
15151 2 2 10 1 5080 7683 5079
15152 2 2 10 1 5643 7571 5642
15153 2 2 10 1 6277 7502 1660
15154 2 2 10 1 4593 7799 4594
15155 2 2 10 1 4198 7520 4196
15156 2 2 10 1 6303 7496 1083
15157 2 2 10 1 745 7514 749
15158 2 2 10 1 5580 7580 4616
15159 2 2 10 1 5031 7535 5699
15160 2 2 10 1 5387 7570 5391
15161 2 2 10 1 7495 7526 3099
15162 2 2 10 1 1314 7528 1465
15163 2 2 10 1 3099 7526 3101
15164 2 2 10 1 2805 7810 2937
15165 2 2 10 1 5387 7593 7570
15166 2 2 10 1 4705 7818 4640
15167 2 2 10 1 4116 7855 4779
15168 2 2 10 1 4703 7865 4702
15169 2 2 10 1 120 7529 502
15170 2 2 10 1 7403 7496 6303
15171 2 2 10 1 5234 7777 2870
15172 2 2 10 1 2381 7839 2152
15173 2 2 10 1 6393 7837 2977
15174 2 2 10 1 4919 7821 4908
15175 2 2 10 1 705 7548 703
15176 2 2 10 1 5937 7701 7430
15177 2 2 10 1 4031 7751 4034
15178 2 2 10 1 5576 7932 3717
15179 2 2 10 1 6228 7513 4026
15180 2 2 10 1 1698 7549 6053
15181 2 2 10 1 628 7770 6346
15182 2 2 10 1 6053 7524 6201
15183 2 2 10 1 3139 7588 3141
15184 2 2 10 1 7561 7759 4807
15185 2 2 10 1 5354 7639 5355
15186 2 2 10 1 5935 7389 6917
15187 2 2 10 1 2441 7883 4877
15188 2 2 10 1 3647 7847 2732
15189 2 2 10 1 1695 7735 1707
15190 2 2 10 1 5816 7530 6622
15191 2 2 10 1 1001 7582 5912
15192 2 2 10 1 1014 7890 1012
15193 2 2 10 1 4441 7723 4424
15194 2 2 10 1 7436 7502 6277
15195 2 2 10 1 6648 7685 3994
15196 2 2 10 1 869 7591 871
15197 2 2 10 1 5385 7593 5387
15198 2 2 10 1 6649 7476 2428
15199 2 2 10 1 5389 7603 5384
15200 2 2 10 1 1698 7590 7549
15201 2 2 10 1 139 7565 138
15202 2 2 10 1 2950 7550 2576
15203 2 2 10 1 4198 7566 7520
15204 2 2 10 1 6204 7590 1698
15205 2 2 10 1 4457 7722 4455
15206 2 2 10 1 4038 7523 6228
15207 2 2 10 1 5357 7620 7604
15208 2 2 10 1 221 7577 514
15209 2 2 10 1 2021 7203 7056
15210 2 2 10 1 1002 7822 5938
15211 2 2 10 1 2036 7903 5954
15212 2 2 10 1 779 7568 777
15213 2 2 10 1 4038 7541 7523
15214 2 2 10 1 5959 7613 5961
15215 2 2 10 1 4200 7566 4198
15216 2 2 10 1 6052 7779 1002
15217 2 2 10 1 5954 7938 990
15218 2 2 10 1 4692 7492 6002
15219 2 2 10 1 5996 7923 5727
15220 2 2 10 1 5989 7606 5716
15221 2 2 10 1 5938 7859 2036
15222 2 2 10 1 6847 7248 1172
15223 2 2 10 1 4183 7608 4185
15224 2 2 10 1 7434 7672 600
15225 2 2 10 1 7508 7736 6051
15226 2 2 10 1 583 7555 5834
15227 2 2 10 1 5150 7752 5151
15228 2 2 10 1 1660 7556 6276
15229 2 2 10 1 6746 7477 2372
15230 2 2 10 1 4367 7617 5213
15231 2 2 10 1 6228 7523 7513
15232 2 2 10 1 7100 7209 480
15233 2 2 10 1 4592 7587 4587
15234 2 2 10 1 5701 7615 5702
15235 2 2 10 1 3103 7576 3105
15236 2 2 10 1 6050 7736 6052
15237 2 2 10 1 5750 7796 7729
15238 2 2 10 1 7155 7393 4936
15239 2 2 10 1 3489 7540 4418
15240 2 2 10 1 6245 7541 4038
15241 2 2 10 1 1989 7850 5633
15242 2 2 10 1 3805 7297 6806
15243 2 2 10 1 4076 7579 7527
15244 2 2 10 1 137 7585 136
15245 2 2 10 1 4132 7767 5285
15246 2 2 10 1 7412 7856 4917
15247 2 2 10 1 3926 7545 6245
15248 2 2 10 1 4013 7818 2838
15249 2 2 10 1 7609 7656 2044
15250 2 2 10 1 5987 7857 7789
15251 2 2 10 1 3176 7611 3174
15252 2 2 10 1 4141 7575 4143
15253 2 2 10 1 4495 7605 3854
15254 2 2 10 1 7414 7462 6336
15255 2 2 10 1 4816 7546 4818
15256 2 2 10 1 7089 7373 4457
15257 2 2 10 1 3135 7646 3137
15258 2 2 10 1 5585 7657 5354
15259 2 2 10 1 1751 7659 5630
15260 2 2 10 1 591 7573 5855
15261 2 2 10 1 3619 7584 3593
15262 2 2 10 1 2572 7730 7569
15263 2 2 10 1 5959 7684 7613
15264 2 2 10 1 2327 7875 7572
15265 2 2 10 1 3321 7626 3287
15266 2 2 10 1 364 7643 632
15267 2 2 10 1 4810 7469 4811
15268 2 2 10 1 5632 7705 1751
15269 2 2 10 1 4460 7354 6733
15270 2 2 10 1 1577 7475 1839
15271 2 2 10 1 5926 7636 5927
15272 2 2 10 1 6204 7619 7590
15273 2 2 10 1 3868 7756 5439
15274 2 2 10 1 5750 7729 5740
15275 2 2 10 1 3105 7594 3107
15276 2 2 10 1 2371 7794 6958
15277 2 2 10 1 682 7696 1423
15278 2 2 10 1 7576 7594 3105
15279 2 2 10 1 6334 7581 3254
15280 2 2 10 1 4603 7621 4602
15281 2 2 10 1 5748 7853 5747
15282 2 2 10 1 4179 7650 4181
15283 2 2 10 1 5990 7601 4222
15284 2 2 10 1 7494 7795 2789
15285 2 2 10 1 218 7628 605
15286 2 2 10 1 5355 7639 7620
15287 2 2 10 1 4513 7835 6820
15288 2 2 10 1 2193 7633 1747
15289 2 2 10 1 4437 7427 7045
15290 2 2 10 1 4355 7610 6063
15291 2 2 10 1 6450 7425 3321
15292 2 2 10 1 6560 7534 2582
15293 2 2 10 1 4346 7869 4347
15294 2 2 10 1 6245 7545 7541
15295 2 2 10 1 134 7624 133
15296 2 2 10 1 5593 7665 5592
15297 2 2 10 1 623 7604 6095
15298 2 2 10 1 6549 7393 2390
15299 2 2 10 1 3998 7539 7374
15300 2 2 10 1 7611 7666 3174
15301 2 2 10 1 6334 7631 7581
15302 2 2 10 1 7283 7378 5097
15303 2 2 10 1 4791 7531 4790
15304 2 2 10 1 873 7667 875
15305 2 2 10 1 5915 7653 5916
15306 2 2 10 1 5549 7697 4589
15307 2 2 10 1 5987 7789 5960
15308 2 2 10 1 7604 7620 6095
15309 2 2 10 1 4596 7652 4597
15310 2 2 10 1 4424 7723 6430
15311 2 2 10 1 2855 7602 2980
15312 2 2 10 1 6613 7498 3477
15313 2 2 10 1 1083 7598 6301
15314 2 2 10 1 6276 7609 2044
15315 2 2 10 1 2809 7562 2299
15316 2 2 10 1 3131 7690 3133
15317 2 2 10 1 4470 7706 4474
15318 2 2 10 1 784 7632 782
15319 2 2 10 1 4590 7670 4588
15320 2 2 10 1 6638 7407 2155
15321 2 2 10 1 4317 7811 5638
15322 2 2 10 1 6095 7620 501
15323 2 2 10 1 7302 7589 2370
15324 2 2 10 1 2791 7678 2631
15325 2 2 10 1 6563 7750 4095
15326 2 2 10 1 3174 7666 3172
15327 2 2 10 1 3990 7443 7148
15328 2 2 10 1 7760 7865 4703
15329 2 2 10 1 4175 7687 4177
15330 2 2 10 1 4645 7824 5411
15331 2 2 10 1 5699 7535 7311
15332 2 2 10 1 4146 7629 4148
15333 2 2 10 1 129 7651 128
15334 2 2 10 1 2029 7619 6204
15335 2 2 10 1 7620 7639 501
15336 2 2 10 1 3109 7640 3111
15337 2 2 10 1 5633 7792 5632
15338 2 2 10 1 4204 7644 4202
15339 2 2 10 1 168 7616 631
15340 2 2 10 1 5499 7718 5501
15341 2 2 10 1 1087 7645 440
15342 2 2 10 1 5740 7660 5739
15343 2 2 10 1 6006 7707 4386
15344 2 2 10 1 6469 7455 6628
15345 2 2 10 1 6415 7518 5130
15346 2 2 10 1 6199 7634 6222
15347 2 2 10 1 4452 7539 3998
15348 2 2 10 1 6686 7489 2819
15349 2 2 10 1 501 7639 6092
15350 2 2 10 1 4171 7737 7721
15351 2 2 10 1 5965 7701 2584
15352 2 2 10 1 6700 7327 5042
15353 2 2 10 1 5499 7769 7718
15354 2 2 10 1 354 7703 353
15355 2 2 10 1 1433 7635 6469
15356 2 2 10 1 7442 7918 630
15357 2 2 10 1 4750 7761 4414
15358 2 2 10 1 5960 7684 5959
15359 2 2 10 1 5354 7657 7639
15360 2 2 10 1 3657 7654 3623
15361 2 2 10 1 3462 7649 7098
15362 2 2 10 1 2843 7723 7293
15363 2 2 10 1 7903 7938 5954
15364 2 2 10 1 7639 7657 6092
15365 2 2 10 1 6413 7852 2571
15366 2 2 10 1 4805 7728 7586
15367 2 2 10 1 5000 7618 7462
15368 2 2 10 1 5412 7921 1989
15369 2 2 10 1 7822 7859 5938
15370 2 2 10 1 4317 7829 7811
15371 2 2 10 1 4856 7412 7279
15372 2 2 10 1 4171 7721 4173
15373 2 2 10 1 1400 7597 1401
15374 2 2 10 1 6586 7638 4054
15375 2 2 10 1 7573 7750 5855
15376 2 2 10 1 3701 7724 4542
15377 2 2 10 1 6092 7657 622
15378 2 2 10 1 6955 7454 4220
15379 2 2 10 1 5747 7853 7796
15380 2 2 10 1 515 7695 215
15381 2 2 10 1 7556 7609 6276
15382 2 2 10 1 7824 7829 5411
15383 2 2 10 1 5907 7712 5908
15384 2 2 10 1 2604 7483 6436
15385 2 2 10 1 5855 7750 525
15386 2 2 10 1 5636 7758 5637
15387 2 2 10 1 5366 7854 5364
15388 2 2 10 1 2044 7656 6176
15389 2 2 10 1 6541 7467 2435
15390 2 2 10 1 213 7700 603
15391 2 2 10 1 6430 7723 2843
15392 2 2 10 1 7462 7540 4398
15393 2 2 10 1 3673 7578 2705
15394 2 2 10 1 877 7745 879
15395 2 2 10 1 5496 7769 5499
15396 2 2 10 1 2808 7669 3526
15397 2 2 10 1 5364 7802 5362
15398 2 2 10 1 4302 7637 6225
15399 2 2 10 1 6199 7710 7634
15400 2 2 10 1 3113 7682 3115
15401 2 2 10 1 5967 7675 4065
15402 2 2 10 1 6699 7630 4529
15403 2 2 10 1 600 7672 5861
15404 2 2 10 1 7698 7793 2056
15405 2 2 10 1 4234 7720 2886
15406 2 2 10 1 7378 7569 5098
15407 2 2 10 1 3382 7772 3360
15408 2 2 10 1 4140 7754 4659
15409 2 2 10 1 2473 7468 6629
15410 2 2 10 1 3979 7898 4468
15411 2 2 10 1 4150 7677 4152
15412 2 2 10 1 5290 7842 7840
15413 2 2 10 1 5369 7897 5366
15414 2 2 10 1 1697 7756 7051
15415 2 2 10 1 4946 7900 4948
15416 2 2 10 1 6589 7865 2452
15417 2 2 10 1 3518 7631 6334
15418 2 2 10 1 4167 7737 4171
15419 2 2 10 1 2629 7694 2627
15420 2 2 10 1 6006 7790 7707
15421 2 2 10 1 1262 7814 7038
15422 2 2 10 1 2091 7564 6445
15423 2 2 10 1 5916 7693 5914
15424 2 2 10 1 7117 7162 4366
15425 2 2 10 1 5290 7840 5291
15426 2 2 10 1 3127 7727 3129
15427 2 2 10 1 942 7691 6145
15428 2 2 10 1 6225 7659 4685
15429 2 2 10 1 3930 7776 2829
15430 2 2 10 1 2582 7648 6494
15431 2 2 10 1 6024 7748 6025
15432 2 2 10 1 4305 7749 4388
15433 2 2 10 1 5922 7702 5920
15434 2 2 10 1 122 7731 121
15435 2 2 10 1 4561 7806 5892
15436 2 2 10 1 6158 7788 955
15437 2 2 10 1 7750 7851 525
15438 2 2 10 1 6115 7929 6114
15439 2 2 10 1 7122 7510 3922
15440 2 2 10 1 3117 7711 3119
15441 2 2 10 1 4803 7586 7467
15442 2 2 10 1 4918 7940 7832
15443 2 2 10 1 4208 7713 4206
15444 2 2 10 1 1 7918 409
15445 2 2 10 1 7859 7903 2036
15446 2 2 10 1 4807 7759 4082
15447 2 2 10 1 7535 7726 3594
15448 2 2 10 1 2809 7717 7562
15449 2 2 10 1 5747 7796 5750
15450 2 2 10 1 5986 7931 7857
15451 2 2 10 1 115 7725 503
15452 2 2 10 1 7659 7705 4685
15453 2 2 10 1 7779 7822 1002
15454 2 2 10 1 751 7709 756
15455 2 2 10 1 4167 7744 7737
15456 2 2 10 1 3235 7842 5290
15457 2 2 10 1 4826 7672 6325
15458 2 2 10 1 3528 7715 3530
15459 2 2 10 1 3712 7714 3710
15460 2 2 10 1 1508 7942 7552
15461 2 2 10 1 3264 7754 5620
15462 2 2 10 1 5630 7659 7637
15463 2 2 10 1 5299 7928 5300
15464 2 2 10 1 6301 7698 2056
15465 2 2 10 1 3510 7740 7710
15466 2 2 10 1 4065 7742 4643
15467 2 2 10 1 5957 7771 4415
15468 2 2 10 1 7637 7659 6225
15469 2 2 10 1 11 7925 10
15470 2 2 10 1 2604 7622 7483
15471 2 2 10 1 4079 7674 5570
15472 2 2 10 1 5411 7829 4317
15473 2 2 10 1 189 7625 560
15474 2 2 10 1 4154 7719 4156
15475 2 2 10 1 388 7766 387
15476 2 2 10 1 2313 7384 7071
15477 2 2 10 1 6 7918 1
15478 2 2 10 1 7784 7900 4946
15479 2 2 10 1 5986 7857 5987
15480 2 2 10 1 7044 7808 1400
15481 2 2 10 1 5940 7884 2418
15482 2 2 10 1 7692 7733 1674
15483 2 2 10 1 4645 7889 7844
15484 2 2 10 1 3127 7743 7727
15485 2 2 10 1 514 7780 220
15486 2 2 10 1 5492 7896 7860
15487 2 2 10 1 5492 7860 5494
15488 2 2 10 1 2789 7795 2880
15489 2 2 10 1 7656 7692 6176
15490 2 2 10 1 6176 7692 1674
15491 2 2 10 1 4374 7835 4513
15492 2 2 10 1 6163 7826 2023
15493 2 2 10 1 2742 7753 2740
15494 2 2 10 1 3125 7743 3127
15495 2 2 10 1 3510 7710 6199
15496 2 2 10 1 3756 7592 6380
15497 2 2 10 1 3513 7275 7004
15498 2 2 10 1 5740 7729 7660
15499 2 2 10 1 5490 7945 7896
15500 2 2 10 1 6504 7569 6420
15501 2 2 10 1 4392 7849 4390
15502 2 2 10 1 7672 7906 5861
15503 2 2 10 1 5960 7789 7684
15504 2 2 10 1 955 7788 7786
15505 2 2 10 1 5490 7896 5492
15506 2 2 10 1 1751 7705 7659
15507 2 2 10 1 2022 7741 6152
15508 2 2 10 1 4165 7744 4167
15509 2 2 10 1 4563 7547 6667
15510 2 2 10 1 6505 7760 5297
15511 2 2 10 1 6420 7569 7378
15512 2 2 10 1 5488 7945 5490
15513 2 2 10 1 7736 7779 6052
15514 2 2 10 1 3168 7819 3166
15515 2 2 10 1 4360 7790 6006
15516 2 2 10 1 4685 7705 6226
15517 2 2 10 1 7155 7367 3650
15518 2 2 10 1 303 7848 302
15519 2 2 10 1 5833 7919 582
15520 2 2 10 1 5984 7931 5986
15521 2 2 10 1 2827 7774 2825
15522 2 2 10 1 7598 7698 6301
15523 2 2 10 1 375 7828 374
15524 2 2 10 1 4644 7889 4645
15525 2 2 10 1 3532 7763 3534
15526 2 2 10 1 2112 7937 2110
15527 2 2 10 1 7675 7742 4065
15528 2 2 10 1 6158 7823 7788
15529 2 2 10 1 6267 7740 3510
15530 2 2 10 1 4518 7933 4372
15531 2 2 10 1 5125 7838 5122
15532 2 2 10 1 4826 7906 7672
15533 2 2 10 1 606 7816 223
15534 2 2 10 1 4644 7908 7889
15535 2 2 10 1 7467 7586 2435
15536 2 2 10 1 194 7658 633
15537 2 2 10 1 5861 7906 561
15538 2 2 10 1 7738 7805 3356
15539 2 2 10 1 1674 7733 6231
15540 2 2 10 1 3741 7833 4059
15541 2 2 10 1 2773 7553 6680
15542 2 2 10 1 6177 7917 2025
15543 2 2 10 1 2023 7826 7823
15544 2 2 10 1 2548 7867 2546
15545 2 2 10 1 5366 7897 7854
15546 2 2 10 1 4403 7800 6073
15547 2 2 10 1 283 7943 282
15548 2 2 10 1 4082 7759 7662
15549 2 2 10 1 4918 7832 4907
15550 2 2 10 1 4743 7833 4998
15551 2 2 10 1 955 7786 6156
15552 2 2 10 1 5098 7730 5099
15553 2 2 10 1 4763 7801 4221
15554 2 2 10 1 3354 7738 3356
15555 2 2 10 1 6231 7755 2066
15556 2 2 10 1 5965 7877 7701
15557 2 2 10 1 5591 7863 5589
15558 2 2 10 1 5633 7850 7792
15559 2 2 10 1 6350 7797 537
15560 2 2 10 1 1555 7815 1557
15561 2 2 10 1 6163 7864 7826
15562 2 2 10 1 6138 7908 4644
15563 2 2 10 1 2056 7793 6300
15564 2 2 10 1 4871 7904 4873
15565 2 2 10 1 4385 7717 2809
15566 2 2 10 1 4989 7589 7302
15567 2 2 10 1 6628 7455 7225
15568 2 2 10 1 4573 7907 4575
15569 2 2 10 1 6116 7920 1112
15570 2 2 10 1 512 7914 230
15571 2 2 10 1 4395 7775 7133
15572 2 2 10 1 3356 7805 3359
15573 2 2 10 1 491 7817 5833
15574 2 2 10 1 2816 7622 2604
15575 2 2 10 1 6249 7779 4023
15576 2 2 10 1 4413 7922 4412
15577 2 2 10 1 3582 7845 3584
15578 2 2 10 1 6252 7870 3470
15579 2 2 10 1 2025 7917 7916
15580 2 2 10 1 2023 7823 6158
15581 2 2 10 1 1311 7803 1313
15582 2 2 10 1 2206 7930 6579
15583 2 2 10 1 7733 7755 6231
15584 2 2 10 1 449 7888 450
15585 2 2 10 1 5529 7209 7100
15586 2 2 10 1 4238 7681 2978
15587 2 2 10 1 4230 7841 4394
15588 2 2 10 1 6561 7630 3653
15589 2 2 10 1 6230 7787 1697
15590 2 2 10 1 5967 7785 7675
15591 2 2 10 1 7705 7792 6226
15592 2 2 10 1 6226 7792 4307
15593 2 2 10 1 3824 7862 3580
15594 2 2 10 1 5632 7792 7705
15595 2 2 10 1 7803 7882 1313
15596 2 2 10 1 7817 7919 5833
15597 2 2 10 1 4936 7367 7155
15598 2 2 10 1 6200 7872 4351
15599 2 2 10 1 502 7854 6091
15600 2 2 10 1 2438 7680 7478
15601 2 2 10 1 3991 7874 3792
15602 2 2 10 1 525 7851 5853
15603 2 2 10 1 3546 7868 3548
15604 2 2 10 1 560 7683 6804
15605 2 2 10 1 7792 7850 4307
15606 2 2 10 1 2581 7877 5965
15607 2 2 10 1 7070 7460 4043
15608 2 2 10 1 6015 7864 6163
15609 2 2 10 1 3546 7885 7868
15610 2 2 10 1 7854 7897 6091
15611 2 2 10 1 3544 7885 3546
15612 2 2 10 1 1752 7673 2214
15613 2 2 10 1 977 7934 421
15614 2 2 10 1 1313 7882 1315
15615 2 2 10 1 6374 7893 4378
15616 2 2 10 1 1989 7921 7850
15617 2 2 10 1 2440 7559 6549
15618 2 2 10 1 4103 7785 5967
15619 2 2 10 1 6091 7897 614
15620 2 2 10 1 4123 7859 7822
15621 2 2 10 1 6300 7873 1093
15622 2 2 10 1 4123 7822 6249
15623 2 2 10 1 6979 7797 5600
15624 2 2 10 1 4023 7779 7736
15625 2 2 10 1 633 7658 6778
15626 2 2 10 1 7483 7622 4530
15627 2 2 10 1 5123 7534 6689
15628 2 2 10 1 6779 7483 4530
15629 2 2 10 1 5950 7773 7043
15630 2 2 10 1 2025 7916 6174
15631 2 2 10 1 3363 7901 3365
15632 2 2 10 1 4407 7941 4405
15633 2 2 10 1 6237 7844 1670
15634 2 2 10 1 6346 7902 492
15635 2 2 10 1 2819 7489 7193
15636 2 2 10 1 2376 7663 7325
15637 2 2 10 1 4137 7732 7623
15638 2 2 10 1 4307 7850 6235
15639 2 2 10 1 6249 7822 7779
15640 2 2 10 1 4347 7749 6852
15641 2 2 10 1 4818 7546 7096
15642 2 2 10 1 6985 7627 3852
15643 2 2 10 1 6247 7859 4123
15644 2 2 10 1 3717 7932 6633
15645 2 2 10 1 6630 7448 6864
15646 2 2 10 1 2734 7820 7395
15647 2 2 10 1 1178 7655 6532
15648 2 2 10 1 5364 7854 7802
15649 2 2 10 1 4223 7938 7903
15650 2 2 10 1 2440 7661 7559
15651 2 2 10 1 4891 7742 7675
15652 2 2 10 1 2435 7586 6527
15653 2 2 10 1 6864 7392 4440
15654 2 2 10 1 6958 7794 4094
15655 2 2 10 1 2277 7932 7405
15656 2 2 10 1 1291 7747 2077
15657 2 2 10 1 2727 7905 6190
15658 2 2 10 1 4223 7903 6247
15659 2 2 10 1 7191 7247 4255
15660 2 2 10 1 6235 7921 4311
15661 2 2 10 1 7104 7375 4063
15662 2 2 10 1 4467 7732 4137
15663 2 2 10 1 6246 7938 4223
15664 2 2 10 1 1068 7689 6635
15665 2 2 10 1 6500 7668 7348
15666 2 2 10 1 7793 7873 6300
15667 2 2 10 1 4725 7924 6344
15668 2 2 10 1 7809 7831 4362
15669 2 2 10 1 4051 7773 5816
15670 2 2 10 1 7802 7854 502
15671 2 2 10 1 7850 7921 6235
15672 2 2 10 1 6247 7903 7859
15673 2 2 10 1 2370 7589 6601
15674 2 2 10 1 1439 7858 1441
15675 2 2 10 1 7648 7838 6494
15676 2 2 10 1 2217 7247 7191
15677 2 2 10 1 6494 7838 3700
15678 2 2 10 1 6549 7559 7393
15679 2 2 10 1 4791 7560 7531
15680 2 2 10 1 6442 7661 2440
15681 2 2 10 1 7409 7457 2097
15682 2 2 10 1 7675 7785 1931
15683 2 2 10 1 2195 7282 7126
15684 2 2 10 1 4432 7798 4433
15685 2 2 10 1 561 7906 6636
15686 2 2 10 1 4137 7623 6455
15687 2 2 10 1 7173 7283 5097
15688 2 2 10 1 2184 7671 6497
15689 2 2 10 1 6841 7933 586
15690 2 2 10 1 4754 7843 4422
15691 2 2 10 1 539 7887 7003
15692 2 2 10 1 1689 7876 1668
15693 2 2 10 1 2290 7396 7288
15694 2 2 10 1 6808 7924 4555
15695 2 2 10 1 6874 7482 3987
15696 2 2 10 1 6540 7708 5263
15697 2 2 10 1 7478 7680 4947
15698 2 2 10 1 3705 7527 6745
15699 2 2 10 1 1230 7668 6500
15700 2 2 10 1 7641 7734 4800
15701 2 2 10 1 4664 7836 1723
15702 2 2 10 1 6469 7635 7455
15703 2 2 10 1 2609 7512 7242
15704 2 2 10 1 3594 7726 6721
15705 2 2 10 1 5122 7838 7648
15706 2 2 10 1 6607 7680 2438
15707 2 2 10 1 4917 7856 6489
15708 2 2 10 1 4133 7422 7009
15709 2 2 10 1 3986 7519 6874
15710 2 2 10 1 4094 7794 7058
15711 2 2 10 1 2170 7886 2336
15712 2 2 10 1 5800 7804 6545
15713 2 2 10 1 6782 7926 559
15714 2 2 10 1 5615 7688 7485
15715 2 2 10 1 4160 7851 6563
15716 2 2 10 1 4805 7900 7728
15717 2 2 10 1 5246 7488 7419
15718 2 2 10 1 627 7915 6347
15719 2 2 10 1 4790 7879 4118
15720 2 2 10 1 7108 7774 5838
15721 2 2 10 1 4352 7817 7105
15722 2 2 10 1 6442 7765 7661
15723 2 2 10 1 4873 7904 7747
15724 2 2 10 1 7055 7770 628
15725 2 2 10 1 4310 7358 7272
15726 2 2 10 1 4350 7913 3608
15727 2 2 10 1 632 7643 6794
15728 2 2 10 1 7144 7614 623
15729 2 2 10 1 2126 7465 6977
15730 2 2 10 1 6497 7807 2429
15731 2 2 10 1 4114 7762 6586
15732 2 2 10 1 6527 7728 6612
15733 2 2 10 1 3742 7472 7302
15734 2 2 10 1 6804 7683 5080
15735 2 2 10 1 7163 7299 4461
15736 2 2 10 1 7586 7728 6527
15737 2 2 10 1 6794 7643 365
15738 2 2 10 1 6806 7894 4607
15739 2 2 10 1 6601 7765 6442
15740 2 2 10 1 7295 7318 3932
15741 2 2 10 1 7124 7849 4392
15742 2 2 10 1 7302 7472 4989
15743 2 2 10 1 4118 7879 7627
15744 2 2 10 1 2316 7775 6643
15745 2 2 10 1 2586 7791 6609
15746 2 2 10 1 7159 7597 4543
15747 2 2 10 1 3994 7685 7264
15748 2 2 10 1 6567 7861 3492
15749 2 2 10 1 2062 7547 6933
15750 2 2 10 1 6612 7784 2455
15751 2 2 10 1 6583 7866 3595
15752 2 2 10 1 5169 7746 7172
15753 2 2 10 1 7402 7513 1003
15754 2 2 10 1 7385 7542 5999
15755 2 2 10 1 7474 7599 4439
15756 2 2 10 1 559 7926 7140
15757 2 2 10 1 6544 7834 2690
15758 2 2 10 1 4474 7706 7626
15759 2 2 10 1 6579 7821 1067
15760 2 2 10 1 7475 7927 4492
15761 2 2 10 1 5663 7700 7194
15762 2 2 10 1 7003 7887 4428
15763 2 2 10 1 7194 7695 4487
15764 2 2 10 1 7627 7879 7090
15765 2 2 10 1 2438 7478 7065
15766 2 2 10 1 2571 7852 6589
15767 2 2 10 1 7589 7765 6601
15768 2 2 10 1 4357 7376 7261
15769 2 2 10 1 7133 7775 4788
15770 2 2 10 1 4453 7628 7218
15771 2 2 10 1 4517 7318 7295
15772 2 2 10 1 4431 7577 7237
15773 2 2 10 1 2195 7607 7444
15774 2 2 10 1 4380 7453 7254
15775 2 2 10 1 7158 7694 5997
15776 2 2 10 1 7671 7807 6497
15777 2 2 10 1 4671 7807 7671
15778 2 2 10 1 7043 7773 4051
15779 2 2 10 1 7218 7780 5677
15780 2 2 10 1 4372 7933 6841
15781 2 2 10 1 6915 7778 5193
15782 2 2 10 1 537 7797 6979
15783 2 2 10 1 7728 7784 6612
15784 2 2 10 1 7758 7815 5637
15785 2 2 10 1 4112 7910 7076
15786 2 2 10 1 7238 7600 4302
15787 2 2 10 1 4498 7651 7536
15788 2 2 10 1 7237 7816 5678
15789 2 2 10 1 5949 7510 7122
15790 2 2 10 1 6978 7685 6648
15791 2 2 10 1 5304 7827 7278
15792 2 2 10 1 4082 7662 7006
15793 2 2 10 1 6894 7761 593
15794 2 2 10 1 4502 7461 7306
15795 2 2 10 1 4989 7944 7589
15796 2 2 10 1 1248 7551 7166
15797 2 2 10 1 7699 7809 4362
15798 2 2 10 1 7642 7761 6894
15799 2 2 10 1 4043 7554 7177
15800 2 2 10 1 4139 7911 7269
15801 2 2 10 1 7254 7914 5654
15802 2 2 10 1 7048 7635 5803
15803 2 2 10 1 7242 7512 4958
15804 2 2 10 1 4414 7761 7642
15805 2 2 10 1 7678 7923 5997
15806 2 2 10 1 3480 7809 6930
15807 2 2 10 1 7569 7730 5098
15808 2 2 10 1 4681 7612 7175
15809 2 2 10 1 6586 7762 7638
15810 2 2 10 1 2091 7579 7564
15811 2 2 10 1 7130 7915 627
15812 2 2 10 1 4351 7872 7131
15813 2 2 10 1 4138 7936 6855
15814 2 2 10 1 7317 7532 4046
15815 2 2 10 1 7058 7794 4847
15816 2 2 10 1 7578 7778 5217
15817 2 2 10 1 7503 7647 5840
15818 2 2 10 1 7301 7863 2581
15819 2 2 10 1 6344 7924 6808
15820 2 2 10 1 7517 7567 4342
15821 2 2 10 1 7415 7584 6036
15822 2 2 10 1 4688 7673 7334
15823 2 2 10 1 7638 7762 1838
15824 2 2 10 1 7564 7579 4436
15825 2 2 10 1 2704 7542 7385
15826 2 2 10 1 492 7902 7176
15827 2 2 10 1 7476 7641 4802
15828 2 2 10 1 7325 7663 6331
15829 2 2 10 1 4040 7582 7366
15830 2 2 10 1 4597 7652 7533
15831 2 2 10 1 7533 7652 2479
15832 2 2 10 1 7009 7846 517
15833 2 2 10 1 7430 7877 5591
15834 2 2 10 1 7090 7879 1126
15835 2 2 10 1 7662 7891 1221
15836 2 2 10 1 4113 7679 7355
15837 2 2 10 1 7394 7654 6051
15838 2 2 10 1 1187 7936 7269
15839 2 2 10 1 7264 7685 5189
15840 2 2 10 1 4354 7846 7422
15841 2 2 10 1 4034 7751 7615
15842 2 2 10 1 2319 7567 7517
15843 2 2 10 1 7767 7787 6230
15844 2 2 10 1 7444 7607 4488
15845 2 2 10 1 4132 7787 7767
15846 2 2 10 1 7355 7679 3873
15847 2 2 10 1 4555 7924 7782
15848 2 2 10 1 4072 7599 7474
15849 2 2 10 1 7613 7746 5961
15850 2 2 10 1 6649 7641 7476
15851 2 2 10 1 7405 7932 5576
15852 2 2 10 1 3859 7647 7503
15853 2 2 10 1 7422 7846 7009
15854 2 2 10 1 5593 7867 7665
15855 2 2 10 1 7681 7825 4985
15856 2 2 10 1 7278 7827 4598
15857 2 2 10 1 7485 7688 2464
15858 2 2 10 1 5368 7731 7450
15859 2 2 10 1 7558 7720 4234
15860 2 2 10 1 4609 7875 7243
15861 2 2 10 1 3673 7778 7578
15862 2 2 10 1 4023 7736 7508
15863 2 2 10 1 5775 7720 7558
15864 2 2 10 1 4347 7869 7749
15865 2 2 10 1 7269 7911 4634
15866 2 2 10 1 1921 7855 7352
15867 2 2 10 1 7732 7783 3440
15868 2 2 10 1 2063 7746 7613
15869 2 2 10 1 7615 7751 5702
15870 2 2 10 1 7770 7902 6346
15871 2 2 10 1 7529 7802 502
15872 2 2 10 1 4692 7812 7492
15873 2 2 10 1 4211 7902 7770
15874 2 2 10 1 7572 7875 4609
15875 2 2 10 1 4505 7781 7686
15876 2 2 10 1 2455 7784 7757
15877 2 2 10 1 7686 7781 2565
15878 2 2 10 1 5004 7939 7370
15879 2 2 10 1 4467 7783 7732
15880 2 2 10 1 7370 7939 4162
15881 2 2 10 1 409 7918 7442
15882 2 2 10 1 4238 7825 7681
15883 2 2 10 1 7757 7784 4946
15884 2 2 10 1 7862 7929 6115
15885 2 2 10 1 7749 7869 4388
15886 2 2 10 1 7824 7844 6237
15887 2 2 10 1 7782 7924 4725
15888 2 2 10 1 4645 7844 7824
15889 2 2 10 1 2791 7923 7678
15890 2 2 10 1 7830 7913 4350
15891 2 2 10 1 5112 7913 7830
15892 2 2 10 1 3824 7929 7862
$EndElements
