$MeshFormat
2.2 0 8
$EndMeshFormat
$PhysicalNames
5
1 1 "bottom"
1 2 "right"
1 3 "top"
1 4 "left"
2 10 "fluid_domain"
$EndPhysicalNames
$Nodes
5563
1 0 0 0
2 5 0 0
3 5 1 0
4 0 1 0
5 0.03246753246753254 0 0
6 0.06493506493506508 0 0
7 0.09740259740259763 0 0
8 0.1298701298701302 0 0
9 0.1623376623376627 0 0
10 0.1948051948051953 0 0
11 0.2272727272727278 0 0
12 0.2597402597402603 0 0
13 0.2922077922077929 0 0
14 0.3246753246753254 0 0
15 0.3571428571428579 0 0
16 0.3896103896103905 0 0
17 0.422077922077923 0 0
18 0.4545454545454556 0 0
19 0.4870129870129881 0 0
20 0.5194805194805207 0 0
21 0.5519480519480532 0 0
22 0.5844155844155858 0 0
23 0.6168831168831184 0 0
24 0.649350649350651 0 0
25 0.6818181818181835 0 0
26 0.7142857142857161 0 0
27 0.7467532467532487 0 0
28 0.7792207792207814 0 0
29 0.8116883116883139 0 0
30 0.8441558441558464 0 0
31 0.8766233766233791 0 0
32 0.9090909090909116 0 0
33 0.9415584415584443 0 0
34 0.9740259740259768 0 0
35 1.006493506493509 0 0
36 1.038961038961042 0 0
37 1.071428571428575 0 0
38 1.103896103896107 0 0
39 1.13636363636364 0 0
40 1.168831168831172 0 0
41 1.201298701298705 0 0
42 1.233766233766238 0 0
43 1.26623376623377 0 0
44 1.298701298701303 0 0
45 1.331168831168835 0 0
46 1.363636363636368 0 0
47 1.3961038961039 0 0
48 1.428571428571433 0 0
49 1.461038961038966 0 0
50 1.493506493506498 0 0
51 1.525974025974031 0 0
52 1.558441558441563 0 0
53 1.590909090909096 0 0
54 1.623376623376629 0 0
55 1.655844155844161 0 0
56 1.688311688311694 0 0
57 1.720779220779226 0 0
58 1.753246753246759 0 0
59 1.785714285714291 0 0
60 1.818181818181824 0 0
61 1.850649350649357 0 0
62 1.883116883116889 0 0
63 1.915584415584422 0 0
64 1.948051948051954 0 0
65 1.980519480519487 0 0
66 2.012987012987019 0 0
67 2.045454545454552 0 0
68 2.077922077922085 0 0
69 2.110389610389617 0 0
70 2.142857142857149 0 0
71 2.175324675324682 0 0
72 2.207792207792214 0 0
73 2.240259740259747 0 0
74 2.272727272727279 0 0
75 2.305194805194811 0 0
76 2.337662337662344 0 0
77 2.370129870129877 0 0
78 2.402597402597408 0 0
79 2.435064935064941 0 0
80 2.467532467532473 0 0
81 2.500000000000006 0 0
82 2.532467532467538 0 0
83 2.56493506493507 0 0
84 2.597402597402603 0 0
85 2.629870129870135 0 0
86 2.662337662337668 0 0
87 2.6948051948052 0 0
88 2.727272727272732 0 0
89 2.759740259740265 0 0
90 2.792207792207797 0 0
91 2.82467532467533 0 0
92 2.857142857142862 0 0
93 2.889610389610394 0 0
94 2.922077922077927 0 0
95 2.954545454545459 0 0
96 2.987012987012992 0 0
97 3.019480519480524 0 0
98 3.051948051948056 0 0
99 3.084415584415589 0 0
100 3.116883116883121 0 0
101 3.149350649350653 0 0
102 3.181818181818186 0 0
103 3.214285714285718 0 0
104 3.246753246753251 0 0
105 3.279220779220783 0 0
106 3.311688311688315 0 0
107 3.344155844155848 0 0
108 3.37662337662338 0 0
109 3.409090909090913 0 0
110 3.441558441558445 0 0
111 3.474025974025978 0 0
112 3.50649350649351 0 0
113 3.538961038961042 0 0
114 3.571428571428575 0 0
115 3.603896103896107 0 0
116 3.636363636363639 0 0
117 3.668831168831172 0 0
118 3.701298701298704 0 0
119 3.733766233766236 0 0
120 3.766233766233769 0 0
121 3.798701298701301 0 0
122 3.831168831168834 0 0
123 3.863636363636366 0 0
124 3.896103896103898 0 0
125 3.928571428571431 0 0
126 3.961038961038963 0 0
127 3.993506493506496 0 0
128 4.025974025974028 0 0
129 4.058441558441561 0 0
130 4.090909090909093 0 0
131 4.123376623376625 0 0
132 4.155844155844157 0 0
133 4.18831168831169 0 0
134 4.220779220779223 0 0
135 4.253246753246755 0 0
136 4.285714285714287 0 0
137 4.31818181818182 0 0
138 4.350649350649353 0 0
139 4.383116883116886 0 0
140 4.415584415584417 0 0
141 4.448051948051949 0 0
142 4.480519480519482 0 0
143 4.512987012987014 0 0
144 4.545454545454547 0 0
145 4.57792207792208 0 0
146 4.610389610389612 0 0
147 4.642857142857143 0 0
148 4.675324675324676 0 0
149 4.707792207792209 0 0
150 4.740259740259742 0 0
151 4.772727272727273 0 0
152 4.805194805194806 0 0
153 4.837662337662339 0 0
154 4.870129870129871 0 0
155 4.902597402597403 0 0
156 4.935064935064935 0 0
157 4.967532467532468 0 0
158 5 0.03225806451612909 0
159 5 0.06451612903225817 0
160 5 0.09677419354838723 0
161 5 0.1290322580645163 0
162 5 0.1612903225806453 0
163 5 0.1935483870967744 0
164 5 0.2258064516129035 0
165 5 0.2580645161290325 0
166 5 0.2903225806451617 0
167 5 0.3225806451612908 0
168 5 0.35483870967742 0
169 5 0.3870967741935492 0
170 5 0.4193548387096784 0
171 5 0.4516129032258075 0
172 5 0.4838709677419368 0
173 5 0.5161290322580659 0
174 5 0.5483870967741948 0
175 5 0.5806451612903238 0
176 5 0.6129032258064527 0
177 5 0.6451612903225816 0
178 5 0.6774193548387106 0
179 5 0.7096774193548395 0
180 5 0.7419354838709684 0
181 5 0.7741935483870974 0
182 5 0.8064516129032263 0
183 5 0.8387096774193553 0
184 5 0.8709677419354842 0
185 5 0.9032258064516131 0
186 5 0.9354838709677421 0
187 5 0.9677419354838711 0
188 4.967532467532467 1 0
189 4.935064935064934 1 0
190 4.902597402597403 1 0
191 4.87012987012987 1 0
192 4.837662337662337 1 0
193 4.805194805194804 1 0
194 4.772727272727272 1 0
195 4.74025974025974 1 0
196 4.707792207792207 1 0
197 4.675324675324674 1 0
198 4.642857142857142 1 0
199 4.61038961038961 1 0
200 4.577922077922077 1 0
201 4.545454545454544 1 0
202 4.512987012987012 1 0
203 4.480519480519479 1 0
204 4.448051948051947 1 0
205 4.415584415584414 1 0
206 4.383116883116882 1 0
207 4.350649350649349 1 0
208 4.318181818181817 1 0
209 4.285714285714284 1 0
210 4.253246753246751 1 0
211 4.220779220779218 1 0
212 4.188311688311686 1 0
213 4.155844155844154 1 0
214 4.123376623376621 1 0
215 4.090909090909088 1 0
216 4.058441558441555 1 0
217 4.025974025974024 1 0
218 3.993506493506491 1 0
219 3.961038961038958 1 0
220 3.928571428571425 1 0
221 3.896103896103893 1 0
222 3.86363636363636 1 0
223 3.831168831168828 1 0
224 3.798701298701295 1 0
225 3.766233766233762 1 0
226 3.73376623376623 1 0
227 3.701298701298697 1 0
228 3.668831168831165 1 0
229 3.636363636363632 1 0
230 3.603896103896099 1 0
231 3.571428571428567 1 0
232 3.538961038961034 1 0
233 3.506493506493502 1 0
234 3.474025974025969 1 0
235 3.441558441558437 1 0
236 3.409090909090904 1 0
237 3.376623376623371 1 0
238 3.344155844155839 1 0
239 3.311688311688306 1 0
240 3.279220779220774 1 0
241 3.246753246753241 1 0
242 3.214285714285709 1 0
243 3.181818181818176 1 0
244 3.149350649350644 1 0
245 3.116883116883111 1 0
246 3.084415584415578 1 0
247 3.051948051948046 1 0
248 3.019480519480513 1 0
249 2.987012987012981 1 0
250 2.954545454545448 1 0
251 2.922077922077915 1 0
252 2.889610389610383 1 0
253 2.857142857142851 1 0
254 2.824675324675318 1 0
255 2.792207792207786 1 0
256 2.759740259740253 1 0
257 2.727272727272721 1 0
258 2.694805194805189 1 0
259 2.662337662337656 1 0
260 2.629870129870123 1 0
261 2.597402597402592 1 0
262 2.564935064935059 1 0
263 2.532467532467527 1 0
264 2.499999999999994 1 0
265 2.467532467532462 1 0
266 2.43506493506493 1 0
267 2.402597402597397 1 0
268 2.370129870129865 1 0
269 2.337662337662332 1 0
270 2.3051948051948 1 0
271 2.272727272727268 1 0
272 2.240259740259735 1 0
273 2.207792207792203 1 0
274 2.17532467532467 1 0
275 2.142857142857138 1 0
276 2.110389610389606 1 0
277 2.077922077922073 1 0
278 2.045454545454541 1 0
279 2.012987012987008 1 0
280 1.980519480519476 1 0
281 1.948051948051944 1 0
282 1.915584415584411 1 0
283 1.883116883116879 1 0
284 1.850649350649347 1 0
285 1.818181818181814 1 0
286 1.785714285714282 1 0
287 1.753246753246749 1 0
288 1.720779220779217 1 0
289 1.688311688311685 1 0
290 1.655844155844152 1 0
291 1.62337662337662 1 0
292 1.590909090909087 1 0
293 1.558441558441555 1 0
294 1.525974025974022 1 0
295 1.49350649350649 1 0
296 1.461038961038958 1 0
297 1.428571428571425 1 0
298 1.396103896103893 1 0
299 1.363636363636361 1 0
300 1.331168831168828 1 0
301 1.298701298701296 1 0
302 1.266233766233764 1 0
303 1.233766233766231 1 0
304 1.201298701298699 1 0
305 1.168831168831166 1 0
306 1.136363636363634 1 0
307 1.103896103896102 1 0
308 1.071428571428569 1 0
309 1.038961038961037 1 0
310 1.006493506493504 1 0
311 0.974025974025972 1 0
312 0.9415584415584393 1 0
313 0.9090909090909074 1 0
314 0.8766233766233746 1 0
315 0.8441558441558428 1 0
316 0.81168831168831 1 0
317 0.7792207792207773 1 0
318 0.7467532467532445 1 0
319 0.7142857142857126 1 0
320 0.6818181818181799 1 0
321 0.6493506493506471 1 0
322 0.6168831168831144 1 0
323 0.5844155844155834 1 0
324 0.5519480519480506 1 0
325 0.5194805194805179 1 0
326 0.487012987012986 1 0
327 0.4545454545454533 1 0
328 0.4220779220779205 1 0
329 0.3896103896103877 1 0
330 0.3571428571428568 1 0
331 0.324675324675324 1 0
332 0.2922077922077913 1 0
333 0.2597402597402585 1 0
334 0.2272727272727266 1 0
335 0.1948051948051939 1 0
336 0.1623376623376611 1 0
337 0.1298701298701292 1 0
338 0.09740259740259738 1 0
339 0.06493506493506462 1 0
340 0.03246753246753187 1 0
341 0 0.9677419354838709 0
342 0 0.9354838709677418 0
343 0 0.9032258064516128 0
344 0 0.8709677419354838 0
345 0 0.8387096774193546 0
346 0 0.8064516129032255 0
347 0 0.7741935483870965 0
348 0 0.7419354838709675 0
349 0 0.7096774193548383 0
350 0 0.6774193548387092 0
351 0 0.64516129032258 0
352 0 0.6129032258064508 0
353 0 0.5806451612903216 0
354 0 0.5483870967741924 0
355 0 0.5161290322580632 0
356 0 0.4838709677419341 0
357 0 0.4516129032258052 0
358 0 0.4193548387096762 0
359 0 0.3870967741935473 0
360 0 0.3548387096774184 0
361 0 0.3225806451612894 0
362 0 0.2903225806451605 0
363 0 0.2580645161290316 0
364 0 0.2258064516129026 0
365 0 0.1935483870967737 0
366 0 0.1612903225806447 0
367 0 0.1290322580645158 0
368 0 0.0967741935483869 0
369 0 0.0645161290322579 0
370 0 0.03225806451612889 0
371 4.973255821074163 0.4989471895123765 0
372 0.02605025193591803 0.4994385520520895 0
373 4.397230196493226 0.02717864383963708 0
374 0.6006169318596219 0.9718358430155198 0
375 3.360831221932509 0.02609533457630686 0
376 2.388213940198228 0.02590335816550726 0
377 2.610474039197219 0.02708091136489499 0
378 4.044450889547935 0.02710364086267769 0
379 1.638819478814532 0.9745676309993181 0
380 3.717746013059605 0.02748198944478225 0
381 2.126623376623383 0.02811770791507867 0
382 2.873376623376617 0.9718822920849213 0
383 0.8605603376663911 0.9721713458452201 0
384 1.1525974025974 0.9718822920849213 0
385 1.412337662337659 0.9718822920849213 0
386 3.132972733904607 0.02610437463736304 0
387 1.931818181818188 0.02811770791507906 0
388 4.204545454545452 0.9718822920849213 0
389 3.555373923034292 0.9706747238215043 0
390 3.885956083409785 0.9691478270539466 0
391 2.259306578516951 0.972832804563868 0
392 0.9910928804585655 0.02595254779305683 0
393 0.7305194805194828 0.02811770791507928 0
394 1.284917685227256 0.02657254607780546 0
395 2.514604382439877 0.971866651804693 0
396 2.029202977632643 0.9760882384957572 0
397 1.833152004653673 0.9771202898477314 0
398 3.230519480519475 0.9718822920849209 0
399 1.513308533165484 0.0269401608281169 0
400 1.733455372868165 0.02732839611141857 0
401 2.936665923124127 0.02555442138301467 0
402 0.5335561508126716 0.03198029515937606 0
403 4.464118845124908 0.9724425740346577 0
404 4.240192193051834 0.02620125745496416 0
405 3.881398866395224 0.02582721265106275 0
406 4.041174615241834 0.9749260758119799 0
407 3.031896547832821 0.9724978714199098 0
408 3.523085489749986 0.02574328517773283 0
409 2.710988688300946 0.9715558977481988 0
410 3.71793195080198 0.9689127251103632 0
411 3.392857142857138 0.9718822920849209 0
412 2.774897683449461 0.02615687241393994 0
413 4.565540035962941 0.02540657703761567 0
414 0.4383116883116869 0.9718822920849206 0
415 4.627931279471446 0.9728283741576182 0
416 0.3717734208048591 0.03199689441331444 0
417 0.02613994984222412 0.6641166900087343 0
418 4.972415046097862 0.3411004509834203 0
419 0.02830350790329828 0.3362616359151005 0
420 4.974036761858401 0.663468626158733 0
421 0.7305194805194779 0.9720559688128712 0
422 2.257703926668245 0.02580385052546796 0
423 1.28246753246753 0.9718822920849213 0
424 4.334415584415583 0.9718822920849206 0
425 2.389886956049196 0.9747657172340265 0
426 1.02272727272727 0.9718822920849209 0
427 1.121834554304328 0.02633050885210952 0
428 0.8603896103896125 0.02811770791507923 0
429 4.691285049825956 0.02744195194475707 0
430 0.3129953144871371 0.9728236349542354 0
431 4.758717591783658 0.9724440857947064 0
432 0.2412372027385934 0.02625229485122627 0
433 0.02576979240569788 0.7880882050119972 0
434 4.972669072318121 0.2093630580289955 0
435 0.02697337923538168 0.2085998446418181 0
436 4.973410969844447 0.790747078082085 0
437 4.142315892347487 0.02610013458919624 0
438 1.509740259740256 0.9718822920849213 0
439 3.262787246422456 0.02750419333960674 0
440 2.480103455590769 0.02708533614240682 0
441 1.736219665244278 0.9715407073531945 0
442 2.029220779220786 0.02811770791507934 0
443 3.034388789552869 0.02558237102779753 0
444 1.643697126180399 0.02394097999824596 0
445 3.129871942380755 0.9719191492136345 0
446 2.127551030992734 0.9753568777652 0
447 0.6326022566040561 0.03128583104725619 0
448 1.931168917100508 0.9766072947367597 0
449 3.620809371717378 0.02575968796012151 0
450 1.83441558441559 0.02811770791507923 0
451 2.613397201706463 0.971716310156195 0
452 1.38294724333343 0.02536157579101211 0
453 0.2146901302953106 0.9726040355943881 0
454 4.788961038961039 0.02811770791507906 0
455 0.1487133126897029 0.02744028255626862 0
456 4.856643865988878 0.9747133543453802 0
457 4.887237091978166 0.02667180415745751 0
458 0.1165141705892441 0.9722375627119995 0
459 4.972747854428231 0.8858316036142047 0
460 0.02570993572956581 0.1134272554915818 0
461 4.972063696652115 0.1129032258064517 0
462 0.0265477095662412 0.8911801546675893 0
463 4.561249777336443 0.9738302494822946 0
464 4.625695178186472 0.02723797604144668 0
465 4.337983523099489 0.02386170861729264 0
466 3.782823850728911 0.02628884551213279 0
467 4.39935064935065 0.9718822920849213 0
468 3.979425704564448 0.0260589827199475 0
469 0.3733766233766231 0.9718822920849222 0
470 0.5371214753785292 0.9732314979904517 0
471 2.840918445756565 0.024436659706915 0
472 3.652563539356688 0.9705165049185627 0
473 0.9257873774094851 0.9723701143892338 0
474 2.322958743682134 0.02585263312370201 0
475 3.425324675324679 0.02811770791507906 0
476 4.461054495061533 0.02740665850965868 0
477 2.192194832249991 0.0264314919385617 0
478 2.675660239156108 0.02574235853789086 0
479 1.574597002677528 0.9727291090099188 0
480 1.217532467532465 0.9718822920849209 0
481 2.808441558441552 0.9718822920849209 0
482 0.9253246753246773 0.02811770791507923 0
483 1.057044302332752 0.02653166906986337 0
484 3.327922077922073 0.9718822920849209 0
485 0.436204831724933 0.03241313400762563 0
486 4.137116910363107 0.9705522874376578 0
487 3.974011336325528 0.9717532155538986 0
488 0.7954545454545452 0.9718822920849206 0
489 0.6652616005507168 0.9720648086432268 0
490 4.268710671795239 0.9739598577850728 0
491 1.347402597402595 0.9718822920849209 0
492 3.198051948051952 0.02811770791507906 0
493 2.449215830250289 0.9722912158699791 0
494 2.324587850950992 0.9726488104976014 0
495 2.545288464235265 0.02710403066141959 0
496 1.448127874261673 0.02689493605953108 0
497 3.814638652501794 0.9687970483912461 0
498 3.490368551894425 0.9717258396108268 0
499 1.578489297212028 0.02698107425482421 0
500 1.087662337662335 0.9718822920849209 0
501 1.218715398799101 0.02450609879820265 0
502 2.933932760666924 0.973067013387716 0
503 0.3072735195464023 0.02831967284853165 0
504 2.194028020069421 0.9730257274230401 0
505 0.7954545454545481 0.02811770791507923 0
506 4.693500492329128 0.972563283484058 0
507 4.97312959013149 0.5678908178353081 0
508 0.02688212827691583 0.5688749211206819 0
509 4.972105128609428 0.2707561211042861 0
510 0.02619325042053466 0.7264376357335023 0
511 4.972063696652114 0.4032258064516138 0
512 0.02540054035093986 0.4365181366405299 0
513 0.02731038914785477 0.2771594452647025 0
514 4.97329963366048 0.7258064516129039 0
515 4.919243932207526 0.9740964334808979 0
516 0.07751978572853213 0.02668366195022542 0
517 4.948663004434723 0.02743582886639095 0
518 0.05014958732346519 0.9689481281934399 0
519 4.969053690871712 0.9499858773564835 0
520 0.0258009604258751 0.04674789876680951 0
521 0.6330818102606175 0.9718355746534109 0
522 0.6168775039511343 0.9435891466369187 0
523 0.5842210716772158 0.9436524530858106 0
524 0.6004441208686253 0.9152658947979152 0
525 0.6332491630585737 0.9152370592504164 0
526 0.6166185440912135 0.886673594388349 0
527 0.5838993363723404 0.8868790061619328 0
528 0.6002791509649126 0.858266259786805 0
529 0.6331877163704238 0.8581642945993078 0
530 0.6167554744900876 0.8296045525148252 0
531 0.6496138991984486 0.8293495947465015 0
532 0.6332299994349246 0.8007363831184473 0
533 0.6660593830235058 0.8003988995057506 0
534 0.6502852964004089 0.7720575069670628 0
535 0.6832954920105849 0.7717887962916942 0
536 0.6670802410031986 0.7430796558017845 0
537 0.6996633962815566 0.742444843445746 0
538 0.6832457805825325 0.7136076033228853 0
539 0.7168775922971697 0.7134967963223171 0
540 0.6500019659400511 0.7154551426671647 0
541 0.6664093266343343 0.6846381907259237 0
542 0.632405987364697 0.6862320056397959 0
543 0.6493478533104895 0.6554623641917189 0
544 0.615255315608378 0.6554637188535323 0
545 0.6322926905503636 0.6255248605132522 0
546 0.5980539316605185 0.625670442662949 0
547 0.6151615656514751 0.5959150251730785 0
548 0.6496843380718953 0.5967238000850748 0
549 0.5807855827509236 0.5960215765337137 0
550 0.59798609340478 0.5661662178376479 0
551 0.5634483841171702 0.566281648522326 0
552 0.580744952352739 0.5362932881187378 0
553 0.5461339213769256 0.5364035502840175 0
554 0.5289727787311562 0.5664227958132133 0
555 0.51155499054394 0.5365356736471648 0
556 0.4944097698098147 0.56654474478686 0
557 0.5633666907794301 0.506331207407785 0
558 0.4769669651337582 0.5366870589573038 0
559 0.4598807566103362 0.5666909732037236 0
560 0.4424043964575293 0.5368613629568006 0
561 0.425334598962047 0.5668189370320936 0
562 0.407908537541454 0.5370310940267461 0
563 0.4249776564849332 0.5071003092530166 0
564 0.3908618682494409 0.566935526634838 0
565 0.3905759350479521 0.5072819654851203 0
566 0.4075986219266534 0.4774133007189569 0
567 0.4082151498656206 0.5966709727174866 0
568 0.3732760193600408 0.477385340811545 0
569 0.3902612738969768 0.447762677363177 0
570 0.373839802145524 0.5967660167540159 0
571 0.3560218965899216 0.4477285530853424 0
572 0.3729559357312935 0.4182121676002881 0
573 0.3910753336610009 0.6264043832117306 0
574 0.3563488264849539 0.6261704904569532 0
575 0.5980711764798499 0.5062656011336228 0
576 0.5806825552874675 0.4762176258342899 0
577 0.6152455218358941 0.476085692385631 0
578 0.5980366233073287 0.4461559941601805 0
579 0.6325925495269662 0.4460602294882275 0
580 0.6153643139175859 0.4162004032303219 0
581 0.6496924694119608 0.4160918929227199 0
582 0.6326003718869315 0.3863439674242166 0
583 0.6669660758696159 0.3863105518889862 0
584 0.6838309403283991 0.4163627591804686 0
585 0.7012897815618513 0.3863333192083644 0
586 0.7182665305898639 0.4164205284619182 0
587 0.7356933786346858 0.3861882707789485 0
588 0.7529369702981237 0.4161746418306019 0
589 0.7700580311662972 0.3861299373052814 0
590 0.7873693551168097 0.4160474255710149 0
591 0.8044543525689769 0.3861039506189858 0
592 0.8216486411541586 0.4157441240126377 0
593 0.8387461397199121 0.3859872799325467 0
594 0.8560009821831804 0.4156815681724705 0
595 0.8730895038030575 0.3859052294903348 0
596 0.8903527981774202 0.4156049286249576 0
597 0.9074981201598662 0.3858361959859656 0
598 0.9247151175466211 0.4155281025325737 0
599 0.941862018657682 0.3857596900245477 0
600 0.9590714395861819 0.4154499635156769 0
601 0.9761287984364122 0.385645718131051 0
602 0.993422164217816 0.4153373191753902 0
603 0.9763048841726034 0.4452361408087304 0
604 1.010782040569391 0.4451310315357485 0
605 1.027895189682059 0.4152052564475618 0
606 1.045273849507754 0.4450060346144479 0
607 1.062419194953693 0.4150763474723265 0
608 1.07977308990447 0.4448265935278126 0
609 1.098370221561908 0.414496193316119 0
610 1.114510646342449 0.4446055475396434 0
611 1.132289294002107 0.4147308025702248 0
612 1.148929940122325 0.4445450239856114 0
613 1.166772675147956 0.4150351984938874 0
614 1.183250576224053 0.4444276566262166 0
615 1.200523558661809 0.4147715521642724 0
616 1.217727966007387 0.4444911812405715 0
617 1.234889172455417 0.4146444019520134 0
618 1.252235106520573 0.4442390592340342 0
619 1.26936168422633 0.4144701131742637 0
620 1.286725257366798 0.4440736505222566 0
621 1.303848813689963 0.414319735287496 0
622 1.321214194989012 0.4438619012512544 0
623 1.338316741810742 0.4139874962963321 0
624 1.355589145922421 0.4438043443495138 0
625 1.372783648322845 0.4139750832112184 0
626 1.390091916973132 0.4437297988009732 0
627 1.407290944619485 0.4138656545065901 0
628 1.42465949220552 0.4435108688184018 0
629 1.441914237230336 0.4136291064234315 0
630 1.459182739407072 0.4433407348556704 0
631 1.476429914250374 0.4134676573557219 0
632 1.493680242927561 0.443191374263283 0
633 1.510779221332795 0.4132425312535301 0
634 1.528145225397384 0.4430241882926604 0
635 1.54531609095196 0.4131380765840587 0
636 1.562635645906277 0.4428949994322544 0
637 1.579830698464558 0.4130042947160966 0
638 1.597126056376327 0.4427570227685264 0
639 1.614287402026747 0.4128461765388548 0
640 1.631606282041653 0.4426028811585935 0
641 1.648765707649586 0.4127004252643985 0
642 1.666088013407242 0.4424688918327008 0
643 1.68316362159454 0.4125353158082813 0
644 1.700576333537624 0.4423098050528966 0
645 1.683441461832849 0.4723389527895444 0
646 1.71804286780217 0.4721747844592113 0
647 1.735072870771226 0.4421257514055741 0
648 1.752650400824603 0.4719866103508201 0
649 1.769698202929585 0.4419226484143065 0
650 1.787272272275821 0.471784802612892 0
651 1.804302327235255 0.4417593854827872 0
652 1.821891816519806 0.4715769276954253 0
653 1.838921229738155 0.4415618285598084 0
654 1.856512880339896 0.4713830979235858 0
655 1.873646702718719 0.4413103127139291 0
656 1.891151256581779 0.4711725372414008 0
657 1.908288697611428 0.4412708438404263 0
658 1.925777908964937 0.4709838632641125 0
659 1.942913177322632 0.4410971852755497 0
660 1.960399186717559 0.4707973857865468 0
661 1.977532201997922 0.4407283490582046 0
662 1.9950179815484 0.4705684052857476 0
663 2.012151670291322 0.4407244020949783 0
664 2.029635827896643 0.4703931988256371 0
665 2.046769078692966 0.4405589759935757 0
666 2.064252549300791 0.4702002278508577 0
667 2.081385498659779 0.4403977978588962 0
668 2.098868190756896 0.4699942247552213 0
669 2.116000665657483 0.4402010531744379 0
670 2.133482873050376 0.4698010014421881 0
671 2.150613192267324 0.4397351110107992 0
672 2.168096193591391 0.4695546908847085 0
673 2.18522773762993 0.4397904186856565 0
674 2.202708932636054 0.4693863672724204 0
675 2.219840014523275 0.4396359750969349 0
676 2.237320513929629 0.4691960983097305 0
677 2.254451188319065 0.4394677794228601 0
678 2.271931043169638 0.4689998390709192 0
679 2.289061184450747 0.4392713836221001 0
680 2.306540533631261 0.4687978967398834 0
681 2.323668179477556 0.4387348293530372 0
682 2.341148691095796 0.4685382729660414 0
683 2.358277912977321 0.4388313812437842 0
684 2.375756431186676 0.4683745685519142 0
685 2.392885236736991 0.4386844663609044 0
686 2.410363055921117 0.4681862312422373 0
687 2.427489184135567 0.4381278970525887 0
688 2.444968295907032 0.467925527885355 0
689 2.462096134638076 0.4382430915262278 0
690 2.479573176912917 0.4677646820156198 0
691 2.496700620292361 0.4380996896009486 0
692 2.514176966595901 0.4675773947670836 0
693 2.531303957207819 0.4379189813690221 0
694 2.548779769648488 0.4673794402953357 0
695 2.565906267670775 0.4377200299153134 0
696 2.583381632922113 0.4671768549225203 0
697 2.600507688182601 0.4375237947959475 0
698 2.61798251051826 0.466963346726019 0
699 2.635108117233369 0.437319700456861 0
700 2.652582493584314 0.4667672487351554 0
701 2.669707568383489 0.4371200035794651 0
702 2.687181383033782 0.4665648008309325 0
703 2.704305952813821 0.4369172515892671 0
704 2.721779143004917 0.4663502265761582 0
705 2.738880555474373 0.4363066169324063 0
706 2.756372177572608 0.4660862947245494 0
707 2.773474809796448 0.4364290666569607 0
708 2.790966951891835 0.4659261235220871 0
709 2.808089885665559 0.436285801086663 0
710 2.825564806933198 0.465739016373338 0
711 2.842687911618555 0.4360886271150487 0
712 2.860159661836501 0.4655384398306078 0
713 2.877281966535257 0.4358867105167908 0
714 2.894752691000375 0.4653348839621306 0
715 2.911851726364531 0.4352873582284282 0
716 2.929340711453738 0.4650647839232339 0
717 2.94644086003282 0.4353876892068869 0
718 2.963930414597195 0.4648895708752752 0
719 2.981050945164392 0.4352383828378957 0
720 2.99852337242204 0.4647094054881278 0
721 3.015621524974738 0.434668330621802 0
722 3.033109594516335 0.4644479900081392 0
723 3.050208437355828 0.4347501621662613 0
724 3.067696791036025 0.4642817349423692 0
725 3.084815851168082 0.4345993558267257 0
726 3.102286950335318 0.4640927472748243 0
727 3.119383798872912 0.4340524993266738 0
728 3.136870352713881 0.463823273510335 0
729 3.153967758266114 0.43410374098741 0
730 3.171454803348756 0.4636609986235031 0
731 3.188572353436201 0.433948603547861 0
732 3.206042149783342 0.4634720087364891 0
733 3.223137622369846 0.43343425123742 0
734 3.240622671608802 0.4632079135048587 0
735 3.257718348579571 0.4334503615739649 0
736 3.275204053569555 0.4630405509200822 0
737 3.292319754537209 0.4332884888616432 0
738 3.309788272908995 0.4628493311671605 0
739 3.326882123101859 0.4328140878494905 0
740 3.344365774654645 0.4626020073509701 0
741 3.361459506535298 0.4327899280807778 0
742 3.378943982770396 0.4624203880545228 0
743 3.396057777925892 0.4326188588040545 0
744 3.413525120573648 0.4622251943070002 0
745 3.430638828230324 0.4323846036275776 0
746 3.44810321594227 0.4620174109343284 0
747 3.465216064176464 0.4321753502859341 0
748 3.482679451209468 0.4618010394676615 0
749 3.499770269965158 0.4317761297715069 0
750 3.517251013364622 0.4615722418783929 0
751 3.53446996135504 0.4315993129928809 0
752 3.551845344203287 0.4613682030619375 0
753 3.569088038025573 0.4313988815890077 0
754 3.586429234987028 0.4611643135018141 0
755 3.603625473054767 0.4311705213074515 0
756 3.620997321821545 0.4609559869572714 0
757 3.638190591250291 0.4309620454968896 0
758 3.655566708526885 0.4607396582403738 0
759 3.67271346002903 0.4307056371314566 0
760 3.690115246781963 0.4605172766661646 0
761 3.707292066301599 0.4304914806775151 0
762 3.724690432107495 0.4603191240340251 0
763 3.741824932042905 0.4302987503334628 0
764 3.759259406136223 0.4601235589731306 0
765 3.776343304486167 0.430100049844671 0
766 3.793818655928255 0.4599212464161654 0
767 3.810900601406014 0.4298975772174849 0
768 3.828382051337404 0.4597172438640083 0
769 3.845420427708959 0.4297199682688568 0
770 3.862947444548069 0.459502565054642 0
771 3.879977586999922 0.4295189940910341 0
772 3.897502194798961 0.4593113533271959 0
773 3.914496368636078 0.4293427457243346 0
774 3.93205634390454 0.4591138313933089 0
775 3.949050109569093 0.4291448985080454 0
776 3.966615479080644 0.4589010730694639 0
777 3.983720059153948 0.4290387720263258 0
778 4.001194265682776 0.4587217734628011 0
779 4.018301760599704 0.4288556890815955 0
780 4.035760896217167 0.4585249919758076 0
781 4.052866291060377 0.4286946484159855 0
782 4.070321983864316 0.4583290252976114 0
783 4.087426162151961 0.4284996750265883 0
784 4.104880724341008 0.4581277280846304 0
785 4.121984421576334 0.4283322578923536 0
786 4.139438101590139 0.4579194971532169 0
787 4.156541348045335 0.4281342170079319 0
788 4.173994519539126 0.457725853632225 0
789 4.191095949276245 0.4277103273420945 0
790 4.208549704459175 0.4574868721683423 0
791 4.225652222579605 0.427731872593478 0
792 4.243104281113743 0.4573039042108176 0
793 4.260206485030102 0.4275695939850837 0
794 4.277657933801756 0.457120558354373 0
795 4.294759794006662 0.4274015202547132 0
796 4.312210602287766 0.4569258317768961 0
797 4.329312001913203 0.427205733957467 0
798 4.346762271650038 0.4567245522644511 0
799 4.363863286325348 0.4270254248546294 0
800 4.381312936269798 0.4565247480887299 0
801 4.398413408522224 0.4268267446170085 0
802 4.415862536722321 0.456322090924151 0
803 4.432962566356585 0.4266420194652596 0
804 4.450409094514676 0.455780772534345 0
805 4.467510263627114 0.426385642136455 0
806 4.484956228401275 0.455511555523693 0
807 4.502055184472188 0.4258316505072721 0
808 1.476513361330388 0.4732055982651492 0
809 1.303906789235568 0.4742377763991105 0
810 0.99361555323661 0.4751337770560654 0
811 1.131636059013404 0.4749952997110394 0
812 4.087774069513659 0.4870560759875522 0
813 4.433313652589576 0.4861065608186362 0
814 4.293433044687572 0.4857071601742764 0
815 3.914964366010067 0.488041163241804 0
816 3.603868581842186 0.4898449943375177 0
817 3.775649360103523 0.4882898139698536 0
818 4.519516833038317 0.4555712914532428 0
819 3.430986932591272 0.4908605866428885 0
820 3.085138218349129 0.492894494286964 0
821 3.292572003539723 0.4923051383841375 0
822 2.566457015186085 0.4965409143434014 0
823 2.773838899878631 0.4945846518017256 0
824 2.912273579958394 0.4944837339791051 0
825 1.977872015501442 0.4988625007184543 0
826 2.29067438956799 0.4963338079210662 0
827 2.428564041966726 0.4962204845072674 0
828 2.152481967305979 0.4971428431151693 0
829 1.771513349315722 0.5062604751559272 0
830 4.536580003739008 0.4256168020834296 0
831 4.554054536224887 0.4553891179763458 0
832 4.571096739453788 0.4254329120574049 0
833 4.588753667197525 0.4547110467296794 0
834 4.571533113277493 0.485064986384284 0
835 4.605799594395059 0.4243983882662941 0
836 4.606329009344901 0.4835967399451176 0
837 4.588981641553559 0.514596511068762 0
838 1.88977325642907 0.4112964836199851 0
839 2.06191544412235 0.4106557933544382 0
840 2.440520921852132 0.4078195102159418 0
841 2.72142556462707 0.4063790302549306 0
842 2.899130972623762 0.405097387492991 0
843 2.234025985757472 0.4097388629638017 0
844 2.578172728727181 0.407810671432762 0
845 3.309437165269672 0.4029337136166046 0
846 3.105515055765641 0.4039168818771065 0
847 3.482326759156138 0.4019202148973541 0
848 3.8280339194427 0.399891204637856 0
849 3.655191977061371 0.4009056823442286 0
850 4.623477184710366 0.5136017953221133 0
851 4.606344971522922 0.5442292977421592 0
852 4.102571347648409 0.3984826654997253 0
853 4.274389493403508 0.3975648282671309 0
854 4.519416365931098 0.3917602937206554 0
855 3.964962240078406 0.3991215816278771 0
856 1.185593661600746 0.3848590095591282 0
857 1.320970275886266 0.3841869619714569 0
858 4.641140009837317 0.5431623924855582 0
859 4.623741148463312 0.5737625648768745 0
860 1.665833623655616 0.3827860108783729 0
861 1.493410615759087 0.3834863526958743 0
862 3.002326880368917 0.4045018747441799 0
863 3.205691125129588 0.4035413287327634 0
864 4.411826301469439 0.3968121154136412 0
865 2.337275918012554 0.4084583759561271 0
866 1.083045504861039 0.384320578725265 0
867 1.874006323122687 0.4994132625521847 0
868 2.670047988347677 0.495161076693253 0
869 3.188922366522174 0.4922717067220131 0
870 1.579990678828571 0.4727296261908718 0
871 4.191444576340998 0.4864556733713614 0
872 4.658432396636691 0.5109720545120185 0
873 4.659220886852447 0.5706237837203106 0
874 4.641772832736884 0.6019541753920641 0
875 4.606888288081434 0.6034351734299731 0
876 4.624064743708553 0.6332399655452513 0
877 4.589874312331439 0.6334561798707783 0
878 4.658927855842396 0.6305741143544346 0
879 0.684184506853831 0.3566152275167151 0
880 0.3387102025308053 0.4181800726446018 0
881 0.3557096937422028 0.3887550530611392 0
882 0.958957973083399 0.3560347807713523 0
883 0.8215617275970135 0.3563740739432535 0
884 0.3739437695193208 0.6559817436821989 0
885 0.3393162366767082 0.6557390037320476 0
886 0.3215695926396962 0.4470490468120205 0
887 0.3214784121046126 0.3885897475959749 0
888 0.338494819639346 0.3593068311448167 0
889 0.8389332143507886 0.4457950541424833 0
890 4.641569182076021 0.6622429430170904 0
891 4.675593282065669 0.660720070224304 0
892 0.3725807099605865 0.3591297910339978 0
893 0.3553180008268342 0.3297547991240283 0
894 0.3893064588969359 0.3295374489210645 0
895 0.3213420914914336 0.329935078667586 0
896 0.7324899735328492 0.7429002815986036 0
897 0.750449940896051 0.7138106396511482 0
898 0.7660734107093397 0.7434237622800797 0
899 0.7844153639593756 0.7135402841496798 0
900 0.801032547414869 0.7428461065425154 0
901 0.8181060184469828 0.7138546207051598 0
902 0.83494212173935 0.7428034265989453 0
903 0.8518738495162603 0.71372180766703 0
904 0.8687329942626398 0.7427655364868545 0
905 0.8856079749920189 0.7138751823360265 0
906 0.9024728926363874 0.742765227365047 0
907 0.9193413724908557 0.7139213911856758 0
908 0.9362044945753634 0.7427687862600624 0
909 0.9530732654446683 0.7139320484665019 0
910 0.9698849195184875 0.7428469484321734 0
911 0.9867963760807084 0.7139529541690144 0
912 1.003637920725033 0.7428317869693222 0
913 1.020534858898796 0.7137531973802638 0
914 1.037392761869363 0.7427843321547476 0
915 1.054266727860296 0.7139113831243195 0
916 1.071130875277081 0.7427829369501262 0
917 1.087999446416153 0.7139400180938431 0
918 1.10484261273149 0.7428259907626396 0
919 1.121727910132101 0.7139542985819828 0
920 1.138609993156578 0.7428378878811447 0
921 1.155464939998278 0.7139495529248938 0
922 1.172348457070561 0.7428414036601376 0
923 1.189198577267887 0.7139516682293994 0
924 1.206081536829769 0.7428446677537381 0
925 1.2229307545851 0.7139375109794841 0
926 1.239813476950864 0.7428451650539937 0
927 1.25666249794703 0.7139375425579604 0
928 1.273579360838654 0.7428792480021551 0
929 1.29039983047783 0.7139223036322579 0
930 1.30733089129059 0.7428789911900933 0
931 1.324124681633813 0.7137502486803811 0
932 1.341042223404119 0.7428506640034445 0
933 1.357862797181963 0.7138763125426995 0
934 1.374777870661105 0.7428792017148711 0
935 1.391596160377425 0.7138732903589631 0
936 1.408502449831077 0.7428721151541433 0
937 1.425326886747998 0.7138738838001439 0
938 1.442234989457659 0.7428926248677752 0
939 1.459058507924905 0.7138420794430229 0
940 1.475941187829585 0.7428533174624112 0
941 1.492780666825992 0.7137167773540501 0
942 1.509650920810888 0.7428280521892742 0
943 1.526512286690232 0.7137904966077003 0
944 1.543394983970289 0.7428384976155915 0
945 1.560245991462579 0.7137592755430313 0
946 1.577129040820893 0.7428372925876727 0
947 0.5672976471582087 0.8583846846649116 0
948 0.3569189098343597 0.6854987111553955 0
949 0.3229350762270009 0.6856248093440322 0
950 0.3050708669984621 0.6560501139134641 0
951 1.593975412916897 0.7137134117394742 0
952 1.610841023231068 0.7416453170354546 0
953 4.658741355889788 0.691577418268525 0
954 4.692682221232361 0.6912732968724019 0
955 4.709416108304449 0.6606456259412257 0
956 0.2890124544411812 0.6857999470539712 0
957 0.3380869339696737 0.3004393942175499 0
958 0.3042064959548956 0.3006362710544975 0
959 1.627706358369333 0.7135359754521411 0
960 1.644568230987714 0.7428415532191325 0
961 1.661437115021512 0.7136696021121192 0
962 1.67829995206417 0.741600628043244 0
963 1.695168555171837 0.7135454696995969 0
964 1.712031368524286 0.742605446585188 0
965 1.728900048950851 0.71363764478231 0
966 1.745734693546503 0.7427845975929188 0
967 1.762628176850578 0.713625701878627 0
968 1.77946089629561 0.7428147328892842 0
969 1.796356844838786 0.7136248903093008 0
970 1.813310702090915 0.7429384237272562 0
971 1.830107423502144 0.7145963940919999 0
972 1.847109399896052 0.7431826077234163 0
973 1.863832876162201 0.7141987228113127 0
974 1.880759397883539 0.7430487239564892 0
975 1.897569997522465 0.7147087105059697 0
976 1.914413916646687 0.7430531929087868 0
977 1.931289462026799 0.7147780766591729 0
978 1.948130417420338 0.7430677958844827 0
979 1.965016288710301 0.714794402513961 0
980 1.981832858268937 0.7431149938528654 0
981 1.998741976508782 0.7147934718822715 0
982 2.01550719321079 0.7431578916617773 0
983 2.032462765981111 0.7148028085262103 0
984 2.049272546000648 0.7431303062711179 0
985 2.066197889067463 0.7147664015277866 0
986 2.083020845893377 0.7432603519262378 0
987 2.09994123956922 0.7141889780135559 0
988 2.116706410239925 0.7432176169041953 0
989 2.133658072289416 0.7146618694829447 0
990 2.150467842208776 0.7431203753298837 0
991 2.167391816121681 0.714688263154528 0
992 2.184235010742689 0.7430802427849086 0
993 2.201129309397958 0.7146883433454523 0
994 2.217973110730779 0.7430759125577088 0
995 2.234862565848088 0.7146456745492917 0
996 2.251680036170331 0.7431102317860012 0
997 2.268589895254469 0.7146466641544785 0
998 2.285406359857939 0.7431184738225027 0
999 2.302319454199999 0.7146005252997756 0
1000 2.319161871068817 0.7430747052735509 0
1001 2.336054224188805 0.7145879331525948 0
1002 2.352897492003575 0.7430676811433299 0
1003 2.369786535876663 0.7145070210198126 0
1004 2.386603761684692 0.7430952317419492 0
1005 2.403513518265545 0.7145005310947731 0
1006 2.42027869727601 0.7431339701234974 0
1007 2.437234438833788 0.7138686481209418 0
1008 2.454043932638428 0.7429988462512637 0
1009 2.470969312172559 0.7137432285781492 0
1010 2.487812453515172 0.7429237736668672 0
1011 2.504715315545049 0.7137185417047176 0
1012 2.52157754929937 0.7429320188106384 0
1013 2.538446033701562 0.713711912383213 0
1014 2.555328057670499 0.7429122149326108 0
1015 2.572180030733858 0.7137099313637609 0
1016 2.589434452542774 0.7431407951472702 0
1017 2.605973871082487 0.7137501354341621 0
1018 2.623433516611637 0.7432751669749325 0
1019 2.639759737870355 0.7141668385728936 0
1020 2.656826406039464 0.7431408397981717 0
1021 2.673674801665187 0.7143599968730654 0
1022 2.690316389569665 0.7430647014948253 0
1023 2.707396076638923 0.7139865610748526 0
1024 2.724025111923407 0.742990985702023 0
1025 2.740889919499548 0.7137810605484519 0
1026 2.757732365859346 0.7429481090141098 0
1027 2.774566482285247 0.7137456934330396 0
1028 2.791467601542485 0.7429501393376603 0
1029 2.808299437213252 0.7137390383554978 0
1030 2.825219097444383 0.7429505897700125 0
1031 2.842024636874325 0.7137513105528626 0
1032 2.858914798822156 0.7429437713846179 0
1033 2.875757636583087 0.7137438661525306 0
1034 2.892657470888361 0.7429564816016452 0
1035 2.909490546815589 0.7137472325394032 0
1036 2.926410153151211 0.7429603903245774 0
1037 2.943219053731654 0.7137584414506516 0
1038 2.960106560188221 0.7429540019074609 0
1039 2.976949518545615 0.7137542356982307 0
1040 2.993848885924406 0.7429673399550474 0
1041 3.010681849353067 0.714274050845912 0
1042 3.027601371186205 0.7430574362380021 0
1043 3.044416228436989 0.7143782144188946 0
1044 3.061298683909256 0.7430809357475094 0
1045 3.078141737026193 0.7144306671945079 0
1046 3.095040295981141 0.7431087146029905 0
1047 3.111873141244607 0.714446562295606 0
1048 3.128792468033274 0.7431172392049852 0
1049 3.14560727291261 0.7144758121608724 0
1050 3.162489650241375 0.7431146887952943 0
1051 3.179327145775724 0.7141234507904886 0
1052 3.196230265577697 0.7430706733765583 0
1053 3.213062947276561 0.7144228835323407 0
1054 3.22998296742424 0.7431144967959902 0
1055 3.24679786549485 0.7145016586404691 0
1056 3.263680335039904 0.7431261147983057 0
1057 3.280523405562974 0.7145192761640581 0
1058 3.297364707061134 0.7431335213668853 0
1059 3.314245204807701 0.7145336368330816 0
1060 3.331085871001169 0.7431396964101591 0
1061 3.347972503385879 0.7145396230364907 0
1062 3.364788443252616 0.7431843159213292 0
1063 3.381697609358499 0.7145523418639588 0
1064 3.398462048724016 0.7432291953320993 0
1065 3.41543177064234 0.7141711476196525 0
1066 3.432228873088312 0.7431369511173798 0
1067 3.449154452934493 0.7144853766184012 0
1068 3.465995218493346 0.7431424577371647 0
1069 3.482889391084478 0.7145356194189483 0
1070 3.499732186721924 0.7431543276389686 0
1071 3.516621466624168 0.7145485641761287 0
1072 3.533438140263713 0.7432011213409686 0
1073 3.550347887863572 0.7145556340816582 0
1074 3.567110050892873 0.7432440145729452 0
1075 3.584082334020518 0.7141789056792777 0
1076 3.600876597854667 0.7431521986625794 0
1077 3.617804585319819 0.7144749503278727 0
1078 3.634645219619087 0.7431561976583561 0
1079 3.651539792537096 0.7145058891397308 0
1080 3.668382572484036 0.7431646302694226 0
1081 3.685271938280669 0.7145150728921568 0
1082 3.702114197758448 0.7431701751250417 0
1083 3.71900261531603 0.7144927074131088 0
1084 3.735844615952755 0.7431699938978046 0
1085 3.752732837033879 0.7144915832037816 0
1086 3.769574751905203 0.7431723977038868 0
1087 3.786462932078832 0.7144717861941494 0
1088 3.8033048126252 0.7431721336378313 0
1089 3.820192985305258 0.7144710880077276 0
1090 3.83709202080456 0.7431872159283777 0
1091 3.853932555889549 0.7144295001786003 0
1092 3.870852948671971 0.7431841059965703 0
1093 3.887660986238826 0.7141309886095544 0
1094 3.90455046241798 0.7431252195426739 0
1095 3.921393660894208 0.7143434019008802 0
1096 3.938235924529417 0.7431534577536546 0
1097 3.955116696414434 0.7143388048055238 0
1098 3.971957338080621 0.7431600643258716 0
1099 3.988844107771204 0.7143418145307909 0
1100 4.005742635690131 0.7431769378359289 0
1101 4.022582898033055 0.714294836771893 0
1102 4.039503089996642 0.7431732427099917 0
1103 4.05631943461568 0.7142890779415775 0
1104 4.073201858606263 0.7431631038009044 0
1105 4.090045316861072 0.7142423154142752 0
1106 4.106886385907011 0.7431563016369751 0
1107 4.123767041550935 0.7142360864792257 0
1108 4.140607408378457 0.7431568279126965 0
1109 4.157494162498052 0.7141599777451617 0
1110 4.174359526168558 0.7431191735107467 0
1111 4.191227673219235 0.7141208129532253 0
1112 4.208089493287709 0.7431232252947446 0
1113 4.224957920529135 0.7141085219610995 0
1114 4.241819457623379 0.7431272865264281 0
1115 4.258687945632934 0.7140406389774711 0
1116 4.27554221193126 0.7431309571802203 0
1117 4.292416722519333 0.7140326652031286 0
1118 4.309258203367824 0.7431322652658241 0
1119 4.32614417524351 0.7139355151565951 0
1120 4.342985415099347 0.7431190280240917 0
1121 0.2718812017244021 0.6565893719680118 0
1122 1.786257766106713 0.4119326630814137 0
1123 4.726531340847851 0.6909899984461521 0
1124 0.3401510975854749 0.7150181878047703 0
1125 4.709827307198092 0.7206329782687159 0
1126 0.3902162514119816 0.6859883051625155 0
1127 4.743206241475734 0.661594301274725 0
1128 4.743606997421271 0.7203798447851146 0
1129 0.3209429584905603 0.2712479599060798 0
1130 0.2871352628169812 0.2714974688693508 0
1131 0.2703946474378034 0.3008149619089079 0
1132 4.359873264801118 0.7139198575067318 0
1133 4.376735903486138 0.7431255670889563 0
1134 0.2552982714114895 0.6859247421464361 0
1135 0.2533673678771167 0.2716247149636905 0
1136 0.8026332836411756 0.6850944554131235 0
1137 0.9045680135389362 0.6850059404484072 0
1138 0.238297567236315 0.6567543209055857 0
1139 1.210258169949844 0.6844271882361053 0
1140 0.5981376591129004 0.6864728280200919 0
1141 1.374721194694982 0.6843274764594232 0
1142 4.727004117924638 0.7497394022418797 0
1143 4.760652654769308 0.7495070418729215 0
1144 0.2366729326572359 0.3007027173532505 0
1145 4.0031131449127 0.6854113626073142 0
1146 1.074407574784908 0.6847015951386466 0
1147 0.2701547857199151 0.2424073140189273 0
1148 0.2364154653368393 0.2425320238958012 0
1149 0.5982446758382909 0.3863912444776609 0
1150 2.994794105804417 0.6861404007947183 0
1151 3.697424857997235 0.6858771256104693 0
1152 1.644574111931609 0.6843546567257033 0
1153 1.543379219329408 0.6843444395207177 0
1154 3.533495702570321 0.6845608643086097 0
1155 4.090034111500694 0.7707182387682524 0
1156 4.392426005243938 0.7132119441858922 0
1157 4.411983009370521 0.7412259127686666 0
1158 3.280512609802046 0.7714684472948101 0
1159 1.459142703502049 0.7719924931385886 0
1160 3.17936318515558 0.7721531071905805 0
1161 3.078127783724273 0.7721427715500054 0
1162 1.696325298025887 0.7698343194482838 0
1163 2.572625950643967 0.7723042423008375 0
1164 3.921383882065461 0.7707764451051957 0
1165 3.449065696216176 0.7712863923507176 0
1166 4.37650253022408 0.6845079124520657 0
1167 3.369261604476983 0.6861697609095595 0
1168 2.976981199833466 0.77209420889009 0
1169 1.796369843957832 0.7721146265629502 0
1170 2.673680459535246 0.7721526882479736 0
1171 0.221658723307971 0.6860099408662226 0
1172 0.2385812170196839 0.7150831312576953 0
1173 2.065822528289199 0.772470881493302 0
1174 0.9867078896820702 0.7715241809669222 0
1175 3.833307971555233 0.6857433051975699 0
1176 3.752663930956062 0.7709323927276763 0
1177 1.897681304797793 0.7721342736735799 0
1178 3.617810866907056 0.7722040227152188 0
1179 2.774600216835516 0.7720757006915322 0
1180 1.121724514728575 0.7712620397442387 0
1181 4.138997412104953 0.6852054640062856 0
1182 1.256651629233457 0.7719527100208317 0
1183 4.241067583376394 0.6850443214152578 0
1184 0.8854751205333515 0.7719247902132078 0
1185 4.361091002839768 0.7715511720221269 0
1186 2.16740039507635 0.7720449599557304 0
1187 2.05089214177898 0.6837206504875509 0
1188 1.59556749299375 0.7678107136725532 0
1189 2.470879485283204 0.771437433815826 0
1190 4.22495096559231 0.7722759104295185 0
1191 2.302304392525944 0.7720807807418407 0
1192 0.7817293631287123 0.7731706256875768 0
1193 1.357996121301439 0.7720193590699799 0
1194 2.214568307110284 0.6872467351440485 0
1195 2.875789868613361 0.7720833350590468 0
1196 2.350408431086121 0.6869830821314959 0
1197 0.2547300350524853 0.627652909266824 0
1198 0.2213200378379634 0.6277319399997019 0
1199 2.48785239141723 0.6847389876979593 0
1200 2.858890207596534 0.6846955652373078 0
1201 2.724043542040077 0.6846805712934722 0
1202 4.744132955348494 0.7787507111507833 0
1203 4.710563845757648 0.7790405610230222 0
1204 4.77770249096546 0.77838938836653 0
1205 3.131525723680574 0.6862703853262804 0
1206 3.233442070086325 0.6862243559068344 0
1207 2.622864848325329 0.6851638542704809 0
1208 0.2050317264763568 0.7151892068981138 0
1209 0.2218466968816792 0.7440843432472309 0
1210 4.794212631063195 0.7492898751477237 0
1211 0.2379081388959623 0.5985894332146671 0
1212 0.2044284419539739 0.598786016608259 0
1213 0.2209669438545006 0.5696986483658378 0
1214 4.409164999686663 0.6837914536182592 0
1215 0.2529875000218014 0.2134665938704798 0
1216 0.2195002433846605 0.2136689828804929 0
1217 1.813231668468378 0.6843720335643271 0
1218 1.9144993626658 0.684237917979952 0
1219 0.7352922880471384 0.4469253778383833 0
1220 0.4251252964409726 0.4471443011576802 0
1221 0.1875985382265233 0.5698746515341382 0
1222 0.2040551163664595 0.54087847110274 0
1223 4.811154818533718 0.7781385282468822 0
1224 4.794671779624132 0.8072173966852864 0
1225 4.393324460706983 0.6550539597789851 0
1226 0.681083645444502 0.8306924819220375 0
1227 0.1884180093059431 0.7441208275974667 0
1228 0.205200918470748 0.7730155963137639 0
1229 0.2386289862857787 0.7729956615387197 0
1230 0.2220732301777515 0.8019212831652776 0
1231 0.2553764972627728 0.8019172012183918 0
1232 0.1885470549689572 0.8016601053654993 0
1233 4.425619120979855 0.6540426543277134 0
1234 4.828004055446819 0.8068717185007566 0
1235 0.1710085076114671 0.5989283586365973 0
1236 0.236009552011109 0.1846286370313334 0
1237 0.269495518539681 0.1843464097069383 0
1238 0.2026202711589358 0.1848745775765034 0
1239 0.1860975994533733 0.2138558856960631 0
1240 0.1692873569045084 0.1850702173618177 0
1241 0.171637220828976 0.7153677972749082 0
1242 4.827593799562202 0.749061414223242 0
1243 0.17076619285517 0.5410540562284 0
1244 0.1871751938704658 0.5121320408628507 0
1245 4.811659035852249 0.8358831879268481 0
1246 4.588207301023285 0.3954167519454103 0
1247 4.622556759488676 0.3950496841276738 0
1248 4.605236242455151 0.3657157859117532 0
1249 4.639459492019762 0.3655161318184978 0
1250 4.622227404546198 0.3361039276203599 0
1251 4.656333660619525 0.3359193547639261 0
1252 4.639168140566797 0.3065342208344546 0
1253 4.67314277562553 0.306414476055991 0
1254 4.69031318770352 0.3356830395503191 0
1255 4.70705673368205 0.3062274125278784 0
1256 4.724189809191657 0.3354559136123095 0
1257 4.608374609059419 0.3046725820507283 0
1258 4.656346587582053 0.2772157434504837 0
1259 4.74084269026616 0.3060690301877524 0
1260 4.757888092220291 0.3351559520307258 0
1261 4.774531476836863 0.3059476888733037 0
1262 4.757537373275541 0.2768723822515091 0
1263 4.79112822902482 0.2767814949369242 0
1264 4.774222008811916 0.2478031847236569 0
1265 4.791504993831099 0.3349486668898772 0
1266 4.774945370680126 0.3640698758099071 0
1267 4.807674721994615 0.2476803982401823 0
1268 4.79081810838303 0.2187887384477386 0
1269 4.808425074372325 0.3637946333133729 0
1270 4.791971203812945 0.3928312526805759 0
1271 4.757383693677951 0.2188917674576742 0
1272 4.77394291499253 0.1899097418361214 0
1273 4.740617399968417 0.1900063623091481 0
1274 4.807387720078292 0.1897529954574036 0
1275 4.825375695783479 0.3925416081554896 0
1276 4.808932474652128 0.4215435585514561 0
1277 4.842212808141575 0.421323005440983 0
1278 4.825839482956143 0.450219369201418 0
1279 4.775661051340585 0.4218252594627243 0
1280 0.5637335838024029 0.4459121048987396 0
1281 0.354715324833756 0.2709978007068887 0
1282 0.4250498937416243 0.6264084292755863 0
1283 1.993061804389856 0.4106321404305606 0
1284 4.20819745074386 0.3976627764219113 0
1285 4.343109951486312 0.3971921449196589 0
1286 1.42596156004437 0.3837401657878817 0
1287 2.16518144407564 0.4095362106432276 0
1288 4.033836081676227 0.3988392036850507 0
1289 1.526569471600688 0.770826900280432 0
1290 1.254346786681181 0.3844540847886241 0
1291 1.596866665528065 0.3830662461152781 0
1292 2.825212966717292 0.4057705726819092 0
1293 0.8903336844236072 0.3561963711047486 0
1294 3.415052789588706 0.402578147007726 0
1295 1.189255627701236 0.7711728156663056 0
1296 3.897163614928183 0.3994858307469854 0
1297 1.964962975212287 0.7720542407845353 0
1298 1.054201473812836 0.7713512395425381 0
1299 2.234811205928831 0.7720788331160201 0
1300 2.652228738345131 0.4067847892484187 0
1301 3.758859480494512 0.4001754030810973 0
1302 2.369734835235525 0.7720898152265986 0
1303 3.586048726368273 0.4013116207161079 0
1304 2.509351006880097 0.4082041865798802 0
1305 3.347933450862362 0.7721876416123883 0
1306 3.516583957704855 0.7722065831054852 0
1307 3.685203405897253 0.7710001588711666 0
1308 3.820208573336901 0.770878066038079 0
1309 3.988841181856012 0.7722475759973422 0
1310 4.157491047437663 0.7722677655270218 0
1311 4.292711264831919 0.7701723653758323 0
1312 0.7529761560686938 0.3565006839152209 0
1313 4.824559189012885 0.2764769765253803 0
1314 0.3558890740419223 0.5063009030238 0
1315 4.624735313641694 0.6922615220197673 0
1316 4.727820977862366 0.8078582946864981 0
1317 4.694260629571312 0.8082020192251139 0
1318 0.2388677328184876 0.8307703255883643 0
1319 0.2720741134994036 0.8307828774392108 0
1320 0.6154202668602848 0.3566765338832766 0
1321 0.5812243171508358 0.3566701486095217 0
1322 0.5982549075227417 0.3271473050994331 0
1323 0.5642432119266729 0.3271058944988366 0
1324 0.5811972438445916 0.297711881689883 0
1325 0.5472355898439083 0.2976578076324908 0
1326 0.5642079718129778 0.2683613076355459 0
1327 0.5980304777647767 0.2683785880198314 0
1328 0.5811477630197965 0.2391703097281179 0
1329 0.6147796924080033 0.2391402743556895 0
1330 0.5473389767532575 0.2391720416836466 0
1331 0.5979789378317857 0.2101030153487196 0
1332 0.6314680658708762 0.2100580151711418 0
1333 0.6146988576460213 0.1811576510381211 0
1334 0.6480022866638038 0.1811239006896099 0
1335 0.6648554168831335 0.2099167489023657 0
1336 0.6813916662688413 0.1810405524362446 0
1337 0.6982248412481247 0.2098265735281744 0
1338 0.7148430678497248 0.1817716495996529 0
1339 0.7316031181686351 0.2098212442518689 0
1340 0.7482229384739352 0.181841892871529 0
1341 0.7649709516219341 0.2097809890107134 0
1342 0.7815889743647375 0.181818435897364 0
1343 0.7983349577309284 0.2096483590189118 0
1344 0.8149517656960004 0.1817416962454114 0
1345 0.8316964579562778 0.2095688521418175 0
1346 0.8483133895547095 0.1816837365307192 0
1347 0.8650575778893579 0.2094386184810569 0
1348 0.881674462452017 0.1816016645257779 0
1349 0.8984184210464734 0.2093522074699716 0
1350 0.9150351815177937 0.181538182520236 0
1351 0.9317788133666438 0.2092342403116796 0
1352 0.94839548282894 0.1814572533886299 0
1353 0.9651389077898682 0.209150084791191 0
1354 0.9817554422833239 0.18139083755632 0
1355 0.9984973127101853 0.2084913654813061 0
1356 1.015114788946495 0.1812193129539791 0
1357 1.03185642064076 0.2083020059950379 0
1358 1.048473921351257 0.1811167487214466 0
1359 1.065216401597817 0.2086555936722407 0
1360 1.081832898774862 0.1811079360949442 0
1361 1.098575217261845 0.2086620913596205 0
1362 1.115191420142244 0.1810616056631225 0
1363 1.131933584261033 0.2086337022750862 0
1364 1.148549535440314 0.1809985214386693 0
1365 1.165291743986377 0.2086465253270769 0
1366 1.181885697754516 0.1800490495076593 0
1367 1.198645502357244 0.2083739318982127 0
1368 1.215240862513208 0.1806867969464538 0
1369 1.23200175225656 0.2084209546028422 0
1370 1.248616907196838 0.1807491096864157 0
1371 1.265362881794801 0.2084441921276743 0
1372 1.281977418591246 0.1807083658199425 0
1373 1.298719404588929 0.208350015100926 0
1374 1.315334342347337 0.1806352953382231 0
1375 1.332075695612456 0.208314294242572 0
1376 1.348668793785497 0.1796801455524011 0
1377 1.36542786325916 0.2080982674212537 0
1378 1.382020167067574 0.1794343847298641 0
1379 1.398782023844759 0.2080139795434076 0
1380 1.415398808483974 0.1793489745630284 0
1381 1.432141634621236 0.2080715953736633 0
1382 1.448748505983666 0.1792732054404499 0
1383 1.46549531042419 0.2079000422568522 0
1384 1.482108088048689 0.1791971508384448 0
1385 1.498850396497285 0.2078608645713397 0
1386 1.515462192676529 0.1791212606554782 0
1387 1.532204446660359 0.2077908571041002 0
1388 1.548815942033597 0.1790453849317513 0
1389 1.565558148654746 0.2077681625094944 0
1390 1.582162177212266 0.1789698246113519 0
1391 1.598910161730787 0.2076908126527908 0
1392 1.615522702952043 0.1796808595682092 0
1393 1.632264325937722 0.20786050743164 0
1394 1.649555418991446 0.1801575442912211 0
1395 1.665730315200881 0.2078872274388063 0
1396 1.683038220215404 0.179403323095523 0
1397 1.699122922201862 0.2076261714528316 0
1398 1.715741842107089 0.179553616477777 0
1399 1.732373498556087 0.2075973322727052 0
1400 1.749590104899312 0.1798709583743816 0
1401 1.765790658420084 0.2075093670590892 0
1402 1.783033415500399 0.1791083755349371 0
1403 1.799023580956677 0.2073596410889957 0
1404 1.815757756506782 0.1792687810676805 0
1405 1.832394619310992 0.2072391649775788 0
1406 1.848964240600642 0.1789306291371189 0
1407 1.865724199551718 0.2070250710241384 0
1408 1.882253435415488 0.1790673828493388 0
1409 1.899070950886151 0.2070050031742287 0
1410 1.915650384335384 0.1783422002036825 0
1411 1.932417584157696 0.2067605415984577 0
1412 1.94903364199827 0.1781360053664031 0
1413 1.965771898414719 0.2065574005649007 0
1414 1.981956448763835 0.178635165002764 0
1415 1.999103946738147 0.2067045849367136 0
1416 2.015233483867664 0.1795931174022268 0
1417 2.032384551933049 0.2066660323423214 0
1418 2.048984786287374 0.1790713004895487 0
1419 2.065788557653301 0.2064581018652866 0
1420 2.081726087149507 0.1785806959517267 0
1421 2.099044718071318 0.2062910286801248 0
1422 2.114959758136578 0.1794129668393503 0
1423 2.132357960157392 0.2062999054199984 0
1424 2.148963806844807 0.1789208132825787 0
1425 2.16584879004062 0.2062856686336461 0
1426 2.182422542501905 0.1777948717750544 0
1427 2.199198481271738 0.2059000961973079 0
1428 2.215818114304543 0.1775309114540528 0
1429 2.232553624685417 0.2056865073654437 0
1430 2.249144541225664 0.1773627031504105 0
1431 2.265898057289282 0.2055722766764276 0
1432 2.282487092365622 0.1772653214035811 0
1433 2.29924310439978 0.2054557278344505 0
1434 2.315832217027196 0.1771793546075482 0
1435 2.332593038623125 0.2057692184856172 0
1436 2.349178366124148 0.1771669856095161 0
1437 2.365934679670689 0.2053474399658127 0
1438 2.382523087219256 0.1770443360842326 0
1439 2.399278952816811 0.205168776078802 0
1440 2.415867773656454 0.1769438539447856 0
1441 2.432628164458527 0.2055112327009276 0
1442 2.449213010950536 0.1769339299840789 0
1443 2.465968684966851 0.2050685795514864 0
1444 2.482556617382813 0.1768082331982102 0
1445 2.499311849071274 0.20490256130185 0
1446 2.515900123263052 0.1767093505918502 0
1447 2.532655216125062 0.2048077812782483 0
1448 2.549243378150744 0.176626787177019 0
1449 2.56599826526724 0.2047093536291001 0
1450 2.582608949190373 0.1779232886632335 0
1451 2.599344755775141 0.2048583849232966 0
1452 2.615955867813488 0.1781139049176721 0
1453 2.632688420609746 0.2048540591473487 0
1454 2.649299026429995 0.1781319645344455 0
1455 2.666031434493481 0.2050348689572217 0
1456 2.682641098532319 0.1781147837900993 0
1457 2.69937250260182 0.204776139697253 0
1458 2.715979193439413 0.1766031555375078 0
1459 2.732713012975982 0.2044268022314882 0
1460 2.749322796812074 0.1777075513303017 0
1461 2.766054093611148 0.2045019523396074 0
1462 2.782663828438881 0.1778537866165106 0
1463 2.799394593473563 0.2044954013150363 0
1464 2.816004138334708 0.1778553782279646 0
1465 2.83273517014111 0.204660426198185 0
1466 2.849344012269178 0.1778327716534782 0
1467 2.866074277471623 0.2044153883396226 0
1468 2.88267991946157 0.1762441989388966 0
1469 2.899412818864314 0.2040704116889487 0
1470 2.915998640060868 0.1758726414126832 0
1471 2.932748116109646 0.2039002499765989 0
1472 2.949336750875287 0.1772722780884604 0
1473 2.966085876288364 0.2040684843979841 0
1474 2.982694306226431 0.1774820755374845 0
1475 2.999426944500858 0.2040574706012873 0
1476 3.016012781927514 0.1759255658189622 0
1477 3.032763538107719 0.2044875103841297 0
1478 3.049350353117854 0.1772533464128833 0
1479 3.066099064717237 0.2040486036883405 0
1480 3.082706672784846 0.177349926035486 0
1481 3.099581347057152 0.2038480492421034 0
1482 3.116070792225064 0.1772946702094166 0
1483 3.132899585609935 0.2044199757797661 0
1484 3.149408585480714 0.1773303120771138 0
1485 3.166114046169745 0.20424636928061 0
1486 3.182701295665843 0.1756794923150403 0
1487 3.199170010723799 0.2037532140577294 0
1488 3.215982966334861 0.1752716717751476 0
1489 3.23300028347006 0.2038778088889571 0
1490 3.249391595884629 0.1751739789713688 0
1491 3.265680295397391 0.2037168916353947 0
1492 3.282629422021619 0.175080364246376 0
1493 3.299412096059002 0.2037957401285767 0
1494 3.316036945553593 0.1765914219860381 0
1495 3.332788686132625 0.203865641640591 0
1496 3.349390823964994 0.1758544783120299 0
1497 3.36572936343962 0.20372333694599 0
1498 3.382661638128128 0.1766352613909159 0
1499 3.399455901244791 0.2037132453486901 0
1500 3.416026733535371 0.1751211761145149 0
1501 3.43330990189325 0.2033946244778355 0
1502 3.449389433273074 0.1747318644595505 0
1503 3.465901672347683 0.2033546787116898 0
1504 3.482688724017331 0.1761717707009193 0
1505 3.499754694500517 0.203150684179811 0
1506 3.517460680723866 0.1770990181111238 0
1507 3.533720143191354 0.2034061108391911 0
1508 3.5511344907121 0.1757155931454827 0
1509 3.566117419554496 0.2033319864284184 0
1510 3.583011990524914 0.176156116020902 0
1511 3.599280867642134 0.2025448395790714 0
1512 3.617369503920575 0.1767840135910185 0
1513 3.632969671182393 0.2026004584648801 0
1514 3.650927451446897 0.1753413831052963 0
1515 3.66639968868333 0.2031940749088356 0
1516 3.683018789764399 0.1758928395152092 0
1517 3.699539892893395 0.2033339525243014 0
1518 3.717341729186254 0.1766559506544946 0
1519 3.733003486934555 0.2034334868863351 0
1520 3.750855710476798 0.1752691547599421 0
1521 3.766385912250575 0.2031679543692729 0
1522 3.782973753979985 0.1742458124603384 0
1523 3.799452547863581 0.2028247918070989 0
1524 3.816026456522335 0.173895802517597 0
1525 3.832760820398964 0.2027356181542188 0
1526 3.849358853687157 0.1752744490317976 0
1527 3.866083809067281 0.2017795204021801 0
1528 3.882865881387978 0.1751424448977794 0
1529 3.899413035553913 0.2025682878459508 0
1530 3.916395936159919 0.175111834530072 0
1531 3.932802142791509 0.2015950097713906 0
1532 3.949393068555413 0.1737038806720276 0
1533 3.966084466635964 0.2010955033538697 0
1534 3.982657582516698 0.1733352168284711 0
1535 3.999393441819393 0.2008997440989344 0
1536 4.015993564488555 0.1745685754678503 0
1537 4.032718471296663 0.2009937583330218 0
1538 4.049306232666407 0.1740732413639115 0
1539 4.066042123215819 0.2008757855226279 0
1540 4.0825922333419 0.1745598554052193 0
1541 4.099360792816814 0.2008535308766515 0
1542 4.115789132463802 0.1745588808321654 0
1543 4.132663626911123 0.2007985510217897 0
1544 4.149221344822398 0.1741702172467118 0
1545 4.166002747719983 0.2006467736442473 0
1546 4.182607675436063 0.174510816412871 0
1547 4.199345675461997 0.2012110989603593 0
1548 4.215538275001271 0.1744024235218831 0
1549 4.23260186386554 0.2006326273336529 0
1550 4.248926209095382 0.1749779526941362 0
1551 4.265925185122256 0.2005714576535484 0
1552 4.28252737209004 0.1745716052696044 0
1553 4.299295030171685 0.2004423735603926 0
1554 4.315881717418465 0.1728628506544198 0
1555 4.332631238938086 0.2000731725305221 0
1556 4.34921222052515 0.1724656350204624 0
1557 4.365957671722819 0.19989424898943 0
1558 4.382536899277209 0.1723187240104067 0
1559 4.399281266303694 0.1997831039470281 0
1560 4.415859908054095 0.1722247995324551 0
1561 4.432603901211928 0.1996977152064405 0
1562 4.449182259268195 0.1721440006716445 0
1563 2.118896535688276 0.2342398969044998 0
1564 1.951058894407868 0.2349663358308934 0
1565 3.049292842258836 0.2313566202978691 0
1566 2.286826227946869 0.2333867330741773 0
1567 1.850317728484595 0.2355099131796808 0
1568 2.946856956736577 0.2309728504225789 0
1569 3.148453688400438 0.2318939261560592 0
1570 2.382678873392201 0.2349703226746094 0
1571 1.74946924417483 0.2359632801403934 0
1572 2.779030269392362 0.2315905309690801 0
1573 3.248942644122898 0.2314734918604555 0
1574 3.349460354102022 0.2311998278876792 0
1575 2.616358889514587 0.2348507823098887 0
1576 4.14942778915752 0.2309143531073067 0
1577 3.718774315546587 0.23140831290413 0
1578 2.482712484729046 0.234741827672141 0
1579 4.465929112481181 0.2009513419508777 0
1580 4.482504705806678 0.1722885311796899 0
1581 3.550872157575852 0.2306233246995381 0
1582 3.450221847501128 0.2308704148421307 0
1583 4.445368076668094 0.2263720184983643 0
1584 4.317108762746005 0.2287680966387335 0
1585 3.852910010344099 0.2285947739505766 0
1586 4.014670770089085 0.2300125299659357 0
1587 1.548457603944471 0.2363790039069165 0
1588 1.380583173727111 0.2366667578835673 0
1589 1.112244662909675 0.2370709047791855 0
1590 4.499251480456364 0.2011331344130615 0
1591 4.515850304059319 0.1741670505879948 0
1592 1.212853385038438 0.2369016519662355 0
1593 0.5302670286569708 0.327034774691461 0
1594 0.5813486029023733 0.1811347386431769 0
1595 0.5133558186445857 0.297588085666488 0
1596 0.5117577824859552 0.5963533384163949 0
1597 4.554517626851657 0.5150723882135017 0
1598 1.64905154523691 0.2365683683355225 0
1599 1.700842367350524 0.5022976130312883 0
1600 4.443528035974493 0.6844832984713289 0
1601 0.5986644578254228 0.8026638213546184 0
1602 0.7342420215607004 0.6851349063407906 0
1603 3.706602353626057 0.4886279713365043 0
1604 2.048842034141931 0.4977598111372711 0
1605 4.384316344055189 0.2284232737366079 0
1606 4.249401704711593 0.2306835219220916 0
1607 2.497504524992913 0.4963256103768216 0
1608 4.081873396265551 0.2297644066037283 0
1609 3.53452583178648 0.4909329065803621 0
1610 3.844692125005531 0.4879446276961024 0
1611 1.062882150571841 0.4749607358057461 0
1612 2.359764382298632 0.4959117838494007 0
1613 3.947398226650349 0.2303502005060112 0
1614 4.308920512188666 0.6848433178446631 0
1615 3.361705742762959 0.4919125827507707 0
1616 2.843117572919997 0.4948966596746908 0
1617 2.221582190464191 0.4967390412553249 0
1618 3.785872098662702 0.2312116120694322 0
1619 4.071047585403438 0.6853003606953136 0
1620 4.017294385650208 0.487091767968192 0
1621 3.9351826764665 0.6855186154100429 0
1622 3.651664150194612 0.2304186824038623 0
1623 3.765354466013074 0.6858005629816929 0
1624 4.362485512537702 0.4853636248404586 0
1625 3.63468605191304 0.6845726436073077 0
1626 1.044931682160208 0.235802843167309 0
1627 3.466035407814163 0.6845530536523405 0
1628 3.015999423283937 0.4938698892262205 0
1629 1.235112848175946 0.4744103346743693 0
1630 3.301338166672753 0.6862076024860084 0
1631 1.313481705653547 0.2368030925942375 0
1632 3.063600419637184 0.6862744687661405 0
1633 0.9076020161439458 0.4453610521792022 0
1634 2.926351368133899 0.6847255839912341 0
1635 1.407412554217704 0.4736925234959033 0
1636 1.481186288370115 0.236542773733519 0
1637 2.791429441784569 0.6846624117021916 0
1638 2.55531466367488 0.68470789721396 0
1639 2.419308605263915 0.6866148685567877 0
1640 2.879756186403406 0.2312376503746515 0
1641 2.282486944738561 0.6871353726266118 0
1642 2.146646082764178 0.6873405319256463 0
1643 0.9724734215569897 0.6849035182567146 0
1644 2.711922056528644 0.2318118514728981 0
1645 1.982120535599564 0.6842311436876956 0
1646 1.142317174936938 0.6845734409407811 0
1647 1.278199932236511 0.6842726015646136 0
1648 1.743993691834845 0.6838678570177126 0
1649 2.051738214626448 0.2345589738532693 0
1650 2.549516963690246 0.2350175898957172 0
1651 1.442184387499808 0.6843342896904128 0
1652 2.21965138529636 0.2336720423689877 0
1653 4.757114297894526 0.1611171951172704 0
1654 4.723912915454167 0.1612139332832654 0
1655 4.841008588256232 0.2475719728825416 0
1656 0.1528112458605908 0.2139288128820901 0
1657 4.844852240851039 0.83560179390749 0
1658 0.1857420603830944 0.1561821676043099 0
1659 1.334550024229371 0.1523318543575211 0
1660 4.841791272338062 0.3635390107322188 0
1661 4.711344710311221 0.8369451095682787 0
1662 4.678165581286821 0.8372918324477745 0
1663 4.66097131265872 0.8085922440926721 0
1664 4.644633624995665 0.8376018409709216 0
1665 4.627647132335889 0.8090065276992864 0
1666 4.611311141687273 0.8379739411013809 0
1667 4.59435988988355 0.8094009075837763 0
1668 4.57801457508047 0.8383445398019186 0
1669 4.561083625909124 0.8097422589689525 0
1670 4.544741182898843 0.8387150077446035 0
1671 4.410108583588583 0.6255680693506391 0
1672 4.444789173985356 0.625741022524727 0
1673 4.376304191929592 0.6256719231310475 0
1674 0.155106688653456 0.7441736892511195 0
1675 1.16863319906795 0.1524922434213336 0
1676 4.532573959152354 0.2000999225139681 0
1677 4.547972244988337 0.1753762060708519 0
1678 4.512453399876099 0.2276617870350635 0
1679 2.429450217918378 0.1492462480962142 0
1680 0.1539109053506023 0.5123480873719929 0
1681 0.1703337595136385 0.4834178102394215 0
1682 0.1525223362493797 0.156391128718195 0
1683 4.527822495850445 0.8101313024149781 0
1684 4.511552994868113 0.8391315829218734 0
1685 4.544131510071733 0.7810394593992349 0
1686 3.834406008202252 0.149997601658963 0
1687 2.732907877388401 0.1475230479533717 0
1688 0.5980159742004179 0.1523132175109339 0
1689 0.5648185376471542 0.1522746668847972 0
1690 3.670000413848967 0.1512268444045775 0
1691 1.700237520060814 0.1520631210444133 0
1692 0.6964948657531858 0.1531592179309488 0
1693 3.932587315279366 0.1481858090827897 0
1694 3.570471482164336 0.1514687048053096 0
1695 0.7648409329666779 0.1519999774309101 0
1696 1.80036681703679 0.1527204787188982 0
1697 2.064115315953696 0.1532356562625972 0
1698 2.899283600481507 0.1471712378716118 0
1699 0.8315645878431022 0.151848316863613 0
1700 3.468629215362532 0.1445043025549822 0
1701 1.965153566451489 0.1517804170748269 0
1702 1.898296925962999 0.1513440354822612 0
1703 0.8982867354390356 0.1516967096034922 0
1704 0.2524727303579981 0.1556524985944491 0
1705 0.2857286972872846 0.1553807581043962 0
1706 2.999298675208153 0.1469450995030573 0
1707 0.9638045318137334 0.1507882841753285 0
1708 4.098960570073767 0.1448144259030036 0
1709 3.302484762901959 0.144844724004134 0
1710 1.03007247967127 0.1507162467337972 0
1711 3.098761415931604 0.1483875483273541 0
1712 0.255557931530161 0.8595415534589455 0
1713 0.2887417363440052 0.8595490128357204 0
1714 0.2223576941689047 0.859331327143845 0
1715 0.305260230797527 0.8307972995551245 0
1716 0.3219071083580696 0.8595394248876272 0
1717 0.3384373476583939 0.8308851153958037 0
1718 0.3550508390119873 0.8595061050494377 0
1719 0.371602581278184 0.8308875183897972 0
1720 0.3882141956320648 0.8594942685347924 0
1721 0.4047692770725106 0.8307758642062517 0
1722 0.4213566155715136 0.8594870949473836 0
1723 0.4379328557304141 0.8307493244504698 0
1724 1.102289581243687 0.1544455961544193 0
1725 4.19819512181817 0.1449660610163083 0
1726 1.600288312231342 0.1525979440114781 0
1727 3.164540176719207 0.1470903159575355 0
1728 1.533622955353216 0.1511081716220161 0
1729 2.163714981266064 0.1520332180919625 0
1730 1.467259164661352 0.1511441997880949 0
1731 4.857787247256614 0.2761857144953433 0
1732 1.40089224615963 0.1511894272939975 0
1733 1.268207289334151 0.1542721348448718 0
1734 3.232653669175251 0.1464168629257649 0
1735 4.297267128367357 0.1494940109841586 0
1736 2.230391239468806 0.1498060507298508 0
1737 4.859036083688656 0.4498731999437446 0
1738 4.84270696512521 0.4788067335075863 0
1739 4.809484146464881 0.479141973981853 0
1740 4.826385600220692 0.507822319044345 0
1741 4.793082758369118 0.5081149644976872 0
1742 4.810026020860524 0.5378430171813667 0
1743 4.843295209329034 0.5366578334770715 0
1744 4.827408292505238 0.566898711117819 0
1745 4.776644547688697 0.5383876490592031 0
1746 2.296741731955879 0.1495943002083931 0
1747 4.497684491252016 0.1425828410667229 0
1748 0.2031649703736909 0.4816912683572306 0
1749 0.1865849586542803 0.4543261659777531 0
1750 0.1534421420488798 0.4547498012991228 0
1751 0.1698039747627842 0.4258145873913333 0
1752 0.2029116417615824 0.4234007798867566 0
1753 0.1383623938321072 0.7154997009561797 0
1754 0.2374812269023101 0.5406002854739059 0
1755 2.363096280382669 0.1494252094777336 0
1756 2.799564622917417 0.1483804403863406 0
1757 4.430683039779176 0.1459778250200896 0
1758 3.4007378181935 0.1504420100545373 0
1759 4.36434907218615 0.1462050265780216 0
1760 0.4545246815791129 0.8594770963994105 0
1761 2.634443795485092 0.1501180407486994 0
1762 4.740424502324593 0.132441203071925 0
1763 4.707263006521565 0.1325573123810779 0
1764 4.690751651883378 0.1612918061681374 0
1765 4.773514352785016 0.1322894108459187 0
1766 4.674091168838935 0.1326359450974278 0
1767 2.568163828193491 0.147593550881969 0
1768 0.1366530084821265 0.426127138944679 0
1769 0.1529688881760762 0.3972700620269916 0
1770 4.656930653678882 0.3940742240419748 0
1771 0.7159962359407701 0.2388024319768773 0
1772 2.495803470605146 0.14906974514956 0
1773 4.860244299097593 0.5653234714209918 0
1774 4.843919455950111 0.5939655738723059 0
1775 0.4711500577856178 0.8307253568637736 0
1776 0.4545095552762115 0.801932187142729 0
1777 0.7817203744688219 0.2386389073720334 0
1778 0.4878385882849403 0.8019180567743338 0
1779 0.47114132182719 0.773016744180302 0
1780 0.8508466961425563 0.2384336055499885 0
1781 4.000430098913166 0.1496578469705088 0
1782 0.918387457687764 0.2382344810821402 0
1783 0.5052965123483921 0.7737971672716426 0
1784 0.4879526589156917 0.7441138221058725 0
1785 3.768879009556973 0.1482716075904348 0
1786 0.9868582143850988 0.2364004106779348 0
1787 4.565899110197129 0.2010359046145119 0
1788 4.87706377427736 0.5936018576551798 0
1789 4.862477552995101 0.6214335837962167 0
1790 4.861214866410761 0.8067604059962602 0
1791 0.1376268953437125 0.5415652092428512 0
1792 4.528446971313613 0.8676487398811236 0
1793 4.495306629938424 0.8680408976916381 0
1794 4.478389368390188 0.8395709475557414 0
1795 4.462181763492696 0.868463339182049 0
1796 0.5818503232143033 0.1238385932404853 0
1797 0.5497400582419139 0.1231574443186538 0
1798 0.5319602365194434 0.1521423680355406 0
1799 0.5164344026622554 0.122747614330841 0
1800 0.4988694823649951 0.151947238494815 0
1801 0.4823854989510612 0.1232935646433784 0
1802 0.4656229249593755 0.1519596168533021 0
1803 0.449121385418207 0.1233181513563479 0
1804 0.4324814527718166 0.151820835568158 0
1805 0.4472188539409458 0.1808840819144316 0
1806 0.4159746323648821 0.123288806081079 0
1807 0.3993770012431472 0.151746762675337 0
1808 0.382890095871848 0.1232200447355284 0
1809 4.594875509413616 0.8669037996984383 0
1810 4.66213005302235 0.8662367261692527 0
1811 4.828505915772373 0.8644808646436616 0
1812 4.861614071603023 0.8642020477631736 0
1813 0.4963318996024082 0.3269348845289818 0
1814 0.4794718987472271 0.2975104748919105 0
1815 4.393307739611698 0.5961250177762537 0
1816 4.359170860374451 0.5961033578213139 0
1817 4.759649184348193 0.5085566488409479 0
1818 0.1198830171496836 0.39756545650346 0
1819 0.1344520455841947 0.3697828157398994 0
1820 4.445262155447907 0.8400080315186697 0
1821 4.429098273647185 0.8688966887941402 0
1822 4.795388477698133 0.8647948297997091 0
1823 0.6145341151134252 0.1235514850314506 0
1824 4.810736648247865 0.7203254233464803 0
1825 4.849054866622177 0.7150790634419442 0
1826 4.726425863069331 0.6287513836451718 0
1827 0.3376313563641085 0.2419242045096409 0
1828 1.700140198650782 0.38265671056852 0
1829 1.682959121108194 0.3530600789505017 0
1830 1.717100853344344 0.3529137419909766 0
1831 0.9931180546359801 0.3559256414947798 0
1832 0.1695790600974796 0.2427056992217278 0
1833 0.1363926310680479 0.2427735904938856 0
1834 0.2536709784233953 0.3299842327208253 0
1835 0.3395833219247408 0.5969845555192824 0
1836 0.494069429545791 0.5066359424105067 0
1837 0.6323658339271212 0.5064959916482533 0
1838 0.5132039056408551 0.3564390304617374 0
1839 0.4791747246587046 0.3563603341306087 0
1840 4.510737411129771 0.7814339915353762 0
1841 4.527112315062867 0.7523229901483548 0
1842 4.572529407475249 0.603914825220274 0
1843 4.555599258932563 0.6336881918502685 0
1844 4.538240548692428 0.604165377164427 0
1845 0.6322852002962065 0.2683284069812361 0
1846 0.5509110547550611 0.8870682978588885 0
1847 0.4380952211636533 0.7732778517002766 0
1848 4.874177277254721 0.247449093899429 0
1849 1.666181358633393 0.5024563294209032 0
1850 1.683563119554299 0.5324489990704515 0
1851 1.648887246592067 0.5325819928292683 0
1852 1.666285901009113 0.5625732947661957 0
1853 1.631649243303132 0.5626265928734439 0
1854 1.700891948827672 0.5624387226306097 0
1855 0.4961283188832057 0.3859690089988739 0
1856 0.1219490020105312 0.7443042321235852 0
1857 1.699878870064008 0.3234710611886008 0
1858 1.733913731917395 0.3233028129093138 0
1859 1.665874340439557 0.3235675597774533 0
1860 0.2688854813933839 0.1268253763057557 0
1861 0.1689541917005206 0.127613898284646 0
1862 0.1358469908829036 0.1278447854274619 0
1863 0.1194282199021242 0.1565245311930172 0
1864 4.876462082559879 0.5361080511192282 0
1865 0.1203532774662719 0.4550574320156404 0
1866 4.875368444433635 0.4211257934677443 0
1867 1.683647417901705 0.5923810694479297 0
1868 1.717511755247008 0.5919714828102007 0
1869 4.657601790467721 0.1613326084710816 0
1870 4.641012295666605 0.132676529041188 0
1871 0.1480602996978142 0.2765111267019019 0
1872 0.1187243977460133 0.2658502098873683 0
1873 4.51220345345242 0.8964559172719647 0
1874 0.371293217188029 0.2417684282757961 0
1875 0.524010586421114 0.7456886463305257 0
1876 0.5066258121196672 0.7150989960568205 0
1877 0.2721594365105098 0.8882377530432994 0
1878 4.892115652966282 0.4495433798726959 0
1879 4.812198279195183 0.8932426399060951 0
1880 4.779151280444669 0.8935730712930547 0
1881 0.4047796568270705 0.8881153170006293 0
1882 4.828568226531891 0.6239573192090211 0
1883 0.1673486875873649 0.3613726042172353 0
1884 0.3385853905867058 0.8881898908980723 0
1885 4.743181747938358 0.5377787888305687 0
1886 0.1548467403961045 0.6867071767562267 0
1887 0.1217135845379151 0.6869074444347492 0
1888 4.674212398549317 0.1900624662269412 0
1889 4.413081143500925 0.8409646591213914 0
1890 4.39614178153775 0.8694184415281617 0
1891 0.3221635749278837 0.8022427158685534 0
1892 4.643605334397193 0.7798317225438918 0
1893 4.894110800312314 0.6219158575498538 0
1894 4.890862356065769 0.2759715919935439 0
1895 4.560513699026908 0.7519605094207313 0
1896 4.5426976735511 0.7228729898141013 0
1897 0.9771071313469832 0.3254671682342828 0
1898 1.010072248147358 0.3263217107639459 0
1899 4.756875880206885 0.1037460130671926 0
1900 4.789841652358188 0.1035657156241145 0
1901 0.3005616958527884 0.1274322364476305 0
1902 0.3188606337614472 0.155071205745481 0
1903 4.493597016889465 0.7527439173877855 0
1904 4.657502535299743 0.1040580821497096 0
1905 4.62449164027445 0.1041079100601903 0
1906 0.4712695595172072 0.7149269431136926 0
1907 0.4881258502959498 0.6858250944605511 0
1908 0.1031272702831827 0.2420347644561737 0
1909 0.1028638340710435 0.3692157375564505 0
1910 4.521332768446088 0.633918246926311 0
1911 0.4998724284397165 0.09406147160751577 0
1912 4.380167737198817 0.8431099089577281 0
1913 4.362846512932603 0.8697966997099906 0
1914 4.34612208060033 0.8432907294337258 0
1915 4.329785947952397 0.8705362270667448 0
1916 4.312841025862664 0.8421393300612858 0
1917 4.296654133585904 0.870757553072482 0
1918 4.27969807175969 0.8422762293199852 0
1919 4.26353494002138 0.8711072720718218 0
1920 4.246576406054542 0.8426476878637816 0
1921 4.230422860507463 0.871517455840025 0
1922 4.213471527292699 0.8430714153453304 0
1923 4.197316222436132 0.8719464780238368 0
1924 4.180366511511997 0.8435054359768379 0
1925 4.164237337044911 0.8724645708502108 0
1926 4.147262949435942 0.8439576261051938 0
1927 4.131085355764958 0.8728449707640866 0
1928 4.114547636916583 0.8446039476629353 0
1929 4.098103612817583 0.8733241071631013 0
1930 4.080260129029186 0.8458495197205085 0
1931 4.064793698123609 0.8738707818104765 0
1932 4.046540231908727 0.8462127635801199 0
1933 4.031558812096221 0.8743125388301956 0
1934 4.014591263774587 0.8458830176025858 0
1935 3.998658419414659 0.874705542376979 0
1936 3.981721917094794 0.8461855423576219 0
1937 3.965606884942255 0.8750227560415119 0
1938 3.948759883299924 0.8466275707248325 0
1939 3.932583351744695 0.8754748856023201 0
1940 3.915722386882805 0.8484581448922303 0
1941 3.899482046716148 0.8761145907830243 0
1942 3.882557782936189 0.84910496883522 0
1943 3.866381591449059 0.8766191989670693 0
1944 3.849457328471606 0.8495261136491181 0
1945 3.831747766683328 0.8777826536269131 0
1946 3.816114234919169 0.8500822505677792 0
1947 3.800181825076618 0.8772010895862588 0
1948 3.783242619632193 0.8503096897470955 0
1949 3.767073242020586 0.8758689931590505 0
1950 3.750194665620582 0.8504176430043124 0
1951 3.734068638316587 0.8779422305334329 0
1952 3.717135093571666 0.8510014548361573 0
1953 3.701008790548965 0.8786753584621771 0
1954 3.684066706456164 0.8515130356156861 0
1955 3.667913403570311 0.8791887175629095 0
1956 3.650991280367384 0.8518983775004656 0
1957 3.634838537746408 0.8796288323935271 0
1958 3.617906445922004 0.8515960128283939 0
1959 3.601792297540655 0.8799806730354098 0
1960 3.584853747751174 0.8525883122624008 0
1961 3.568728300921891 0.8802037797989393 0
1962 3.55179022554899 0.8530027477168618 0
1963 3.535619949140739 0.8805631979735651 0
1964 3.518708918016799 0.8528182899733356 0
1965 3.502570581088313 0.8811726831582193 0
1966 3.485657144102699 0.8537355064709664 0
1967 3.46951410720463 0.8817175904651264 0
1968 3.452599020340843 0.8541876806026479 0
1969 3.436349127038698 0.882284550554217 0
1970 3.419524191889023 0.854649762917255 0
1971 3.403229518696957 0.8828049627422266 0
1972 3.386454075436943 0.8550005076833882 0
1973 3.370250509632016 0.883131803345403 0
1974 3.35341601358582 0.8548899004375266 0
1975 3.337275372592446 0.8833984985372709 0
1976 3.320374269794671 0.8556689032637117 0
1977 3.304239556474373 0.8838633843886841 0
1978 3.287327585954859 0.8560647896352309 0
1979 3.27121937918461 0.8843363381041618 0
1980 3.254285354337682 0.8565019285453164 0
1981 3.238228673529812 0.8848097946271312 0
1982 3.221248562285219 0.8568298354115875 0
1983 3.205150439013933 0.8851965757843021 0
1984 3.188188439852508 0.8570232449443909 0
1985 3.172035698901175 0.8854858462670734 0
1986 3.155144455370535 0.8575629467098579 0
1987 3.138995717554759 0.8859220070044556 0
1988 3.122103533910286 0.8578933672530932 0
1989 3.106012046369846 0.8864282430564543 0
1990 3.089070478716354 0.8582778487811911 0
1991 3.07292252854238 0.8867940798764622 0
1992 3.056032255018305 0.8586891746705246 0
1993 3.039889303712599 0.8872299930486532 0
1994 3.022997805992626 0.8589900354760456 0
1995 3.006911079308477 0.8877002205214746 0
1996 2.989977252137461 0.8594754127737148 0
1997 2.973868782597994 0.8881325717602955 0
1998 2.956947367383693 0.8598005955190235 0
1999 2.940802997508252 0.8885372382451822 0
2000 2.924047664133447 0.8602332983889721 0
2001 2.907853750139101 0.8889954398626203 0
2002 2.891334309995854 0.8603237269049138 0
2003 2.8748626443448 0.8893460076066824 0
2004 2.858236686274966 0.8606051148839533 0
2005 2.841835077683883 0.8897412288178987 0
2006 2.824927616882031 0.861369495998706 0
2007 2.808767636474503 0.8902243858641685 0
2008 2.79185433019575 0.8618691048425655 0
2009 2.775734289924331 0.8906779677711321 0
2010 2.758819543133513 0.8617104256962813 0
2011 2.742739947308613 0.891055304183937 0
2012 2.725807017697872 0.8620384272698487 0
2013 2.709678316572774 0.8915845835880361 0
2014 2.69281626063185 0.8630927988719188 0
2015 2.676722940681589 0.8920105676027106 0
2016 2.659897423989043 0.86293391485349 0
2017 2.64366202784439 0.8924545085926925 0
2018 2.626877299084582 0.863252028072802 0
2019 2.610657047756706 0.892889347024344 0
2020 2.592991526160287 0.8633525537217095 0
2021 2.577576273853832 0.8931376043775689 0
2022 2.559509109224859 0.8639025807417333 0
2023 2.54444857178921 0.8935296384313443 0
2024 2.527210684516051 0.865364074346971 0
2025 2.511545558878073 0.8941279193610444 0
2026 2.494541626092308 0.865117871965422 0
2027 2.47861957207182 0.894475962474189 0
2028 2.461638248455743 0.8673675059293937 0
2029 2.445652075963364 0.8951981625128778 0
2030 2.428789517364554 0.8688337402231948 0
2031 2.41268809834829 0.8958521611985668 0
2032 2.395790274346501 0.8666981718037303 0
2033 2.379680062747141 0.8959309092147782 0
2034 2.362796553453208 0.8666462184259898 0
2035 2.346708743581282 0.8961880041442638 0
2036 2.329822282751864 0.867819738743894 0
2037 2.313712988292204 0.8967686852190523 0
2038 2.296837407952007 0.8684028258387455 0
2039 2.280741120114837 0.8971985005458245 0
2040 2.263852099443846 0.868885801581188 0
2041 2.24776026272504 0.8976395735431824 0
2042 2.230874416422536 0.8693069468217809 0
2043 2.214780448124687 0.8980722240657557 0
2044 2.199120058503826 0.8704235655695197 0
2045 2.18200602738289 0.8986192416784808 0
2046 2.166554195869527 0.86644061024872 0
2047 2.149132084361177 0.8983353159308033 0
2048 2.132286258641956 0.8714025871384975 0
2049 2.115995740223048 0.8994151026055608 0
2050 2.100015559325556 0.8717235780109682 0
2051 2.083094372660014 0.8999381343561107 0
2052 2.067191342255218 0.87351860530127 0
2053 2.116720966390278 0.8418272675580887 0
2054 4.081812798928594 0.9021001875493488 0
2055 2.04995187641221 0.9003555127211063 0
2056 2.033252942407782 0.8736290825688502 0
2057 2.017021840322765 0.9009891588100215 0
2058 2.000889506125604 0.8731238313532861 0
2059 2.017901700020357 0.8489281637457708 0
2060 1.984021285412833 0.9011961787629531 0
2061 1.968036951528885 0.8746712086304261 0
2062 1.950987614025974 0.9015702157607475 0
2063 1.934304943887295 0.874838699008321 0
2064 1.918111323727228 0.9022597864871711 0
2065 1.901213494669733 0.8739762165367163 0
2066 1.885125242566891 0.902520947289672 0
2067 1.868229066691006 0.8741668690185849 0
2068 2.414097170569637 0.8353051496521582 0
2069 1.852110343363465 0.9028717769529786 0
2070 1.835665614318399 0.8747746596014847 0
2071 1.819279651058496 0.9033329398909564 0
2072 1.801710302943123 0.8759103142003157 0
2073 1.851140444890743 0.8480783293177401 0
2074 1.786161431540681 0.9038892816851706 0
2075 1.768157441832023 0.8762465146918431 0
2076 3.916350539180693 0.9042694463493667 0
2077 2.759710385306768 0.9194487105945383 0
2078 2.508424767881063 0.833961541948774 0
2079 4.879641683696308 0.6496437644195039 0
2080 1.700862129700859 0.6220652319814591 0
2081 1.753065817719472 0.9043150066328687 0
2082 1.73617120075158 0.8760074566989291 0
2083 1.720303691521821 0.9046079542103398 0
2084 1.70341541724308 0.8763173536955995 0
2085 1.751875913122917 0.8487510768204556 0
2086 1.687370239480755 0.9050249787084816 0
2087 1.670503929410374 0.8767200105152549 0
2088 0.5984758632464606 0.09528212008655956 0
2089 0.6313512136823556 0.09389140507640714 0
2090 0.5262744283591685 0.6856096089555108 0
2091 2.990869633169252 0.9164763213057632 0
2092 3.56770158130821 0.8230400754583186 0
2093 2.660676871735667 0.9207964302491558 0
2094 1.654492234227551 0.9054961886446893 0
2095 1.637558082675783 0.8771927204671063 0
2096 1.653661734994851 0.8483298139311571 0
2097 1.620599688553925 0.8487876690221207 0
2098 1.604584176789555 0.8777144199529832 0
2099 1.587540278044437 0.8492780721581055 0
2100 1.571505142212733 0.8781960074321012 0
2101 1.554484339763845 0.8508669966110785 0
2102 1.538383917865933 0.8788325488778055 0
2103 1.521407495979478 0.8515698844117194 0
2104 1.505304322719753 0.8793854672751038 0
2105 1.488334664974184 0.8520423319143863 0
2106 1.472214532895848 0.8798872661069435 0
2107 1.455251410735305 0.8518616136672157 0
2108 1.439161599598641 0.8802699113879623 0
2109 1.422197611260896 0.8528692648833467 0
2110 1.406101914152231 0.8808314088463179 0
2111 1.389136543449783 0.8533894945455851 0
2112 1.373066975282211 0.8814254241099462 0
2113 1.356064840044571 0.8532900944718076 0
2114 1.339969302244276 0.8816921053126572 0
2115 1.32301409895636 0.8542179742106295 0
2116 1.306864502899771 0.8822955743107002 0
2117 1.289950382620457 0.8547153658230511 0
2118 1.273800661210804 0.8828086303909493 0
2119 1.256892408637261 0.8546981308566333 0
2120 1.24080440452868 0.883207629152434 0
2121 1.223851048719875 0.8555638966844967 0
2122 1.207765406932302 0.883747902003321 0
2123 1.190804315447037 0.8560342628570204 0
2124 1.174719915781998 0.8842457942330226 0
2125 1.157758543204434 0.8565270318475011 0
2126 1.141675017298932 0.8847402526009118 0
2127 1.12471307804742 0.8569212720487679 0
2128 1.108631944767829 0.885217654364889 0
2129 1.091671132451192 0.857398023566198 0
2130 1.07559143818314 0.8857059963374186 0
2131 1.058630281894314 0.8577841396537829 0
2132 1.042553212679056 0.8861810181374884 0
2133 1.025593253703661 0.8582591587709447 0
2134 1.009491638207451 0.8865877550440884 0
2135 0.9925531159306016 0.8586368864471736 0
2136 0.9764586803042903 0.8870822543463152 0
2137 0.959520394585575 0.859113769726832 0
2138 0.943448721058016 0.8876200041282863 0
2139 0.926492525601593 0.8594904854178428 0
2140 0.9104001891161269 0.8880713184997826 0
2141 0.8934648821292013 0.8601158723932241 0
2142 0.8773952460573082 0.8886106209860352 0
2143 0.8604405542286657 0.8604237533911384 0
2144 0.8443515324873836 0.8890604790395935 0
2145 0.8274134023585931 0.8607608889332614 0
2146 0.8113506009694837 0.8895418173727332 0
2147 0.7943963439324129 0.8612288659636687 0
2148 0.7783360528132537 0.89002951284633 0
2149 1.45610005086423 0.9084820903401336 0
2150 0.7613730490452486 0.8616903796160238 0
2151 0.7453547049294147 0.8905368141667902 0
2152 1.3062983495205 0.8244404781447698 0
2153 0.9461806308878198 0.8304644087250377 0
2154 0.8434914482290248 0.8318045373871406 0
2155 0.102815546271585 0.1280297665118545 0
2156 0.08648388907175342 0.1566610462416717 0
2157 0.1191492902785241 0.09939332590766736 0
2158 3.40699068247261 0.8278580070306187 0
2159 3.089962300553309 0.9151761414659535 0
2160 4.445978789830027 0.897341043982182 0
2161 2.608021512368469 0.8320283938596423 0
2162 3.754435710984437 0.906850895831232 0
2163 3.189072866450269 0.9138841558199853 0
2164 4.379825684569976 0.8981662012822204 0
2165 4.376378424193607 0.5663184641535121 0
2166 4.342002157820426 0.5663479978175607 0
2167 4.32483136099634 0.596182178296174 0
2168 4.307580933671463 0.5664078391616113 0
2169 4.290436551093332 0.5962723452440211 0
2170 4.273151185812798 0.5664847842873293 0
2171 4.256021032298362 0.5963375541817115 0
2172 4.238719879555901 0.5676790123012464 0
2173 4.221587100787682 0.5965995200235827 0
2174 4.203877828282065 0.56821919348184 0
2175 4.187108156906532 0.5968259652348754 0
2176 4.169362670895018 0.5672708185942823 0
2177 4.152702498564757 0.5967911448661702 0
2178 4.135324814850743 0.5680610512898345 0
2179 4.118290091724184 0.5969297462001633 0
2180 4.100511958794313 0.5685369416788515 0
2181 4.083762023542109 0.5970495816914407 0
2182 4.065994177588278 0.5675419564572337 0
2183 4.049296180838285 0.5969558919094762 0
2184 4.411726646745008 0.5678561444471447 0
2185 4.031984713942047 0.5671546945658407 0
2186 4.014934857609475 0.5969120921930502 0
2187 3.99763170297879 0.5671353499523231 0
2188 3.980515525694234 0.5969695911811242 0
2189 3.963214649444994 0.5683583298236534 0
2190 3.94608526877057 0.5972352179571184 0
2191 3.928267155370929 0.5689678547673229 0
2192 3.911565004319402 0.5974333389859121 0
2193 3.893729285936486 0.56798056975051 0
2194 3.877124491357628 0.5973949853284118 0
2195 3.859791396138499 0.5675635683577974 0
2196 3.842789623952721 0.5973554519508276 0
2197 3.825455793477465 0.5675400671282751 0
2198 3.808375227336033 0.5974069614981037 0
2199 3.791033660555959 0.5676003992922594 0
2200 3.773914019203738 0.5974431715822965 0
2201 3.756604093643194 0.5676660639722763 0
2202 3.739476101328215 0.5975123582242589 0
2203 3.722170235603744 0.5677411478903135 0
2204 3.70504165158915 0.5975886105568923 0
2205 3.68773653498662 0.5678189302148424 0
2206 3.670608095213685 0.5976664551839248 0
2207 3.65330605144401 0.5691018796409967 0
2208 3.636175513189367 0.5979454293625236 0
2209 3.618227431605125 0.5697994573151046 0
2210 3.601635345822916 0.5981603270959661 0
2211 3.583666719682793 0.5687892226723186 0
2212 3.56719009669331 0.5981207110951989 0
2213 3.549857579652798 0.5682923475714599 0
2214 3.532853157269586 0.5980097680649604 0
2215 3.515545630460125 0.5682434827863234 0
2216 3.498438040196691 0.598068079467817 0
2217 3.481139893331515 0.5695182642627582 0
2218 3.464052207185198 0.5983539261915433 0
2219 3.445998631230658 0.5702595032117659 0
2220 3.429490470398739 0.5985784459801808 0
2221 3.411425142407088 0.5692416526998367 0
2222 3.394996524508635 0.5984854237736715 0
2223 3.377682894714483 0.5686905487008944 0
2224 3.360699988729684 0.5984008298355861 0
2225 3.343390058036591 0.5686369180510887 0
2226 3.326286134130731 0.5984590875332653 0
2227 3.308986131428737 0.5686900078717865 0
2228 3.291863778661973 0.598529639651026 0
2229 3.274562495013931 0.5687628867837168 0
2230 3.257436942717025 0.5986055431204391 0
2231 3.240137853542161 0.5700754587818282 0
2232 3.223047625748874 0.5989005926274498 0
2233 3.204884228621093 0.5708882742471775 0
2234 3.188468147967201 0.5991383960974158 0
2235 3.170290584625439 0.5698696069584052 0
2236 3.153969442541498 0.5990473177791599 0
2237 3.136658780332188 0.5704933048139021 0
2238 3.119662767814477 0.5991879991761041 0
2239 3.101503177075624 0.5711937717079746 0
2240 3.085134419117527 0.5993800840398444 0
2241 3.066935188345862 0.5701457818560431 0
2242 3.050667376902426 0.5992893733587022 0
2243 3.033359580277238 0.5694979069763073 0
2244 3.016420153505363 0.5991810407395409 0
2245 2.999105217047835 0.5694346471861914 0
2246 2.982008884275118 0.5992415988897262 0
2247 2.964710617778127 0.5694761858145495 0
2248 2.947591093820389 0.5993105971787447 0
2249 2.930291854915119 0.5695469533967196 0
2250 2.913168462190132 0.5993859213399029 0
2251 2.895868524606805 0.5696236868344156 0
2252 2.878744522634866 0.5994632917113579 0
2253 2.861444475922617 0.5697017457782007 0
2254 2.844320507182062 0.5995412718359804 0
2255 2.827020550053468 0.5697801676492862 0
2256 2.809896747889057 0.599619411858896 0
2257 2.793476986620439 0.5703629670673988 0
2258 2.775620009060675 0.5997816893672502 0
2259 2.75795544603874 0.5647354945146341 0
2260 2.741038347306208 0.5989229424423271 0
2261 2.723745667371146 0.5700341739608369 0
2262 2.706624731646551 0.5997150981337019 0
2263 2.690189816041698 0.5705687853225283 0
2264 2.672348336279376 0.599988391090974 0
2265 2.65454983858201 0.5650355504016176 0
2266 2.637785854823728 0.5991754131661429 0
2267 2.620479034514695 0.5702700361652261 0
2268 2.603379076161433 0.5999659220534607 0
2269 2.58606466114208 0.5703128990869587 0
2270 2.568943408108834 0.6001442196745818 0
2271 2.551642240785256 0.5704023000261921 0
2272 2.534519774695219 0.6002411193907925 0
2273 2.517220688670173 0.5704858811301713 0
2274 2.50009848705034 0.6003234814859857 0
2275 2.482799890270143 0.5705661286765761 0
2276 2.46567796173552 0.6004028318168844 0
2277 2.448379630083979 0.5706453635894703 0
2278 2.431257952412853 0.6004815081105528 0
2279 2.413959861150989 0.5707242644725573 0
2280 2.396838389678512 0.6005599565215634 0
2281 3.584594994933324 0.6276731836597498 0
2282 2.379540547878912 0.5708030733740086 0
2283 2.362419275982247 0.6006383536504435 0
2284 2.345121676745682 0.5708818100955217 0
2285 2.328000595459199 0.6007166945300849 0
2286 2.310703236920068 0.5709605251303004 0
2287 2.293582345595629 0.6007950254046147 0
2288 2.276285220230989 0.571039186988935 0
2289 2.2591645106878 0.6008733099106593 0
2290 2.241867616902871 0.5711178319687478 0
2291 2.224747088328384 0.6009515870594776 0
2292 2.20745041897778 0.571196425356955 0
2293 2.190330063584671 0.6010298186624985 0
2294 2.173033616686127 0.5712749285285492 0
2295 2.155913433482172 0.6011080310191064 0
2296 2.138612103069698 0.5713719477200693 0
2297 2.121496333879374 0.6011892905698587 0
2298 2.104200174914343 0.5714356071187254 0
2299 2.087107236745068 0.6013061972039848 0
2300 2.069780404846325 0.5715289576895541 0
2301 2.052640492994877 0.6013728302196322 0
2302 2.035365128341433 0.5715970552791604 0
2303 2.018277653237641 0.601461726229802 0
2304 2.001660311511722 0.5720774642483649 0
2305 1.983957858629588 0.6015739329020201 0
2306 1.965154305165173 0.5670720423633693 0
2307 1.949210661617344 0.6008103721640458 0
2308 1.932121272299784 0.5718425771453602 0
2309 1.914971280147224 0.6015301803699141 0
2310 1.898375650213892 0.5722686310315352 0
2311 1.880697980115502 0.6017731014100109 0
2312 1.861737507513783 0.5673640810926113 0
2313 1.845937148600981 0.6010481115486297 0
2314 1.828880378571248 0.5720774452925511 0
2315 1.81172544963382 0.6017647367311026 0
2316 1.863428913383038 0.6313680808072575 0
2317 3.412411933649819 0.6280647998106055 0
2318 1.795537782105527 0.5714702155096223 0
2319 4.641170942726407 0.1902509045983911 0
2320 1.406831739779262 0.8231111502682928 0
2321 4.313600656654989 0.8990803543964729 0
2322 3.288105504610519 0.9125352303506902 0
2323 4.24735215663863 0.8998881784108622 0
2324 4.760232076434073 0.5663953825806299 0
2325 4.18132961726838 0.9008833052631084 0
2326 3.453775813221794 0.9106226802774011 0
2327 3.240697206895547 0.8288824406998001 0
2328 3.894504024795409 0.6269689987382105 0
2329 4.015777082806697 0.9030935180642194 0
2330 3.618722197921326 0.9082153712224514 0
2331 2.561529793937631 0.9220192484629682 0
2332 3.685297724342083 0.9083817369330867 0
2333 3.847652182149372 0.9069601471779654 0
2334 1.917660180879868 0.8472027379482807 0
2335 0.2849896891071091 0.09826375119639968 0
2336 0.2519947880041058 0.09839022506967365 0
2337 0.3182467392298225 0.09783099853516347 0
2338 2.104474376821997 0.6310050784108661 0
2339 4.907182970298125 0.2472906945278526 0
2340 4.890577290027 0.2188254360771155 0
2341 3.140873022754413 0.8294989153073861 0
2342 2.708496704421249 0.832101153017299 0
2343 0.4066676961283688 0.3589190099340502 0
2344 3.041066644923123 0.8301217482971824 0
2345 0.5264955810149818 0.8079623199639572 0
2346 3.171403160193644 0.628623232849141 0
2347 0.3994943184491753 0.09468015358909598 0
2348 2.940492940009278 0.8311752300980534 0
2349 2.841797551766494 0.8314890436558318 0
2350 2.215079203842357 0.8438871132526111 0
2351 2.280910229078925 0.8430856616962592 0
2352 2.345936759615396 0.8391678459601472 0
2353 3.868011825571231 0.8211770759278016 0
2354 3.520730507968203 0.909845516966632 0
2355 4.726001868734623 0.5088804989790272 0
2356 4.204478122743378 0.6262884159887256 0
2357 0.1380884877960118 0.6581501227841722 0
2358 0.1050652020830061 0.6583357486128409 0
2359 0.08872878548664298 0.6870110624930267 0
2360 0.9604056822245939 0.9158515579621207 0
2361 0.4619662792314694 0.3858966429570346 0
2362 0.4785552705061225 0.4159038337888049 0
2363 4.874541379162461 0.3046695418587935 0
2364 4.907541569455391 0.30444046290831 0
2365 4.609533721088217 0.1317986238864012 0
2366 4.591784987595751 0.1039692697599985 0
2367 0.3525379528153305 0.2138453695391821 0
2368 4.429808034318406 0.8081914655872598 0
2369 0.08685569856774711 0.3978272747618906 0
2370 1.735241430567365 0.6229487337321078 0
2371 0.1214119404321523 0.629648226874453 0
2372 0.08845708130586072 0.6298420531586707 0
2373 0.104843286886716 0.6006365230466102 0
2374 4.891297160566291 0.3338784116058748 0
2375 4.545205091925054 0.8960851514486826 0
2376 0.9421044260545366 0.3263536207910624 0
2377 4.861642919653367 0.7480449411739583 0
2378 4.878610174642011 0.7255762144440339 0
2379 4.894255611964505 0.7494203789525108 0
2380 4.569391710417109 0.3615086076396027 0
2381 0.4964078162396897 0.2682579517288318 0
2382 0.4615180572625626 0.2685610828421835 0
2383 0.1207479753332676 0.5126289722225704 0
2384 0.104448646788375 0.5415601211206994 0
2385 1.75116931069177 0.3526956987875172 0
2386 1.767979565680763 0.3231088132873933 0
2387 0.138576437638549 0.772889076147832 0
2388 0.1055242097087108 0.7729753905972805 0
2389 0.122068432497473 0.8015063679930956 0
2390 1.636841398939578 0.8198900798189599 0
2391 0.6326731703314481 0.3270953344212794 0
2392 4.726661125121569 0.5668383435354001 0
2393 4.806552895563476 0.1320576081746428 0
2394 4.822833422252717 0.1033184138847122 0
2395 4.839525323757851 0.1317871312803394 0
2396 4.85580155957357 0.1031250388980144 0
2397 4.87261189227439 0.1317202592269506 0
2398 4.888785465767402 0.1029533924512853 0
2399 4.905766740522111 0.1318558265234893 0
2400 4.839130203035093 0.07475171413764636 0
2401 0.3884589650071897 0.27074362387383 0
2402 0.4065597926669366 0.2409925121528292 0
2403 0.5637666120786633 0.625786955125248 0
2404 1.666632332056774 0.6222572387298464 0
2405 0.2714654735743198 0.5979035409582919 0
2406 4.707686719852079 0.3646094090408156 0
2407 4.795890325444966 0.9210367002507693 0
2408 4.504089853897785 0.6042913772977384 0
2409 4.760366043703773 0.6304530228999159 0
2410 4.776250168618647 0.6619524116518344 0
2411 1.614252131260926 0.5327426675156834 0
2412 1.597113054241837 0.5627755561625682 0
2413 1.61445766509625 0.5925669917429296 0
2414 1.579977434110766 0.5927239039984875 0
2415 1.56261125060669 0.56296002415396 0
2416 1.545517548656833 0.5929069651014991 0
2417 1.528136472763819 0.5631761676071689 0
2418 1.511082064219887 0.5931374568544743 0
2419 1.493681973635532 0.5634324298902602 0
2420 1.476647694484648 0.5933200554101493 0
2421 1.459231199854517 0.5636286125326586 0
2422 1.442197907803629 0.5935158659122337 0
2423 1.424778965452489 0.5637897854072844 0
2424 1.407745975393907 0.5937080330929055 0
2425 1.390327028794763 0.5639822545067825 0
2426 1.373332692840274 0.593916467235619 0
2427 1.355870705745654 0.5641985453695481 0
2428 1.338867327227049 0.594121158019314 0
2429 1.321428860386487 0.5644014997486279 0
2430 1.304398588709752 0.594308982765393 0
2431 1.286971324837615 0.5645988522130292 0
2432 1.269945353953547 0.5945059363358843 0
2433 1.252527459179355 0.5647844603010733 0
2434 1.235497639446371 0.5947024484459922 0
2435 1.218080976641116 0.5649817873617049 0
2436 1.201051068849505 0.5949008856468102 0
2437 1.183634900250375 0.5651811883852309 0
2438 1.166605402209969 0.595099984062531 0
2439 1.149185873851379 0.5653988654490067 0
2440 1.132160042962077 0.5953022843275979 0
2441 1.11474022767201 0.5655999699327741 0
2442 1.097715931618579 0.5955023510843582 0
2443 1.08030107850335 0.5657856438378022 0
2444 1.063311978588539 0.5957110079996955 0
2445 1.045865880174349 0.5659850685499518 0
2446 1.028857558004661 0.5959132208072713 0
2447 1.01138808279238 0.5659670397039177 0
2448 0.994390437186127 0.5960640109932868 0
2449 0.9769224889732653 0.5661418306485735 0
2450 0.9599418717647863 0.5962512147069801 0
2451 0.9425127081135685 0.5665442138714489 0
2452 0.9255063037917599 0.5964824149370086 0
2453 0.9080943287757857 0.5667826703517561 0
2454 0.8911102963965285 0.5967050815521028 0
2455 0.8736669618626545 0.5669855624125998 0
2456 0.8566615606391788 0.5969103742972527 0
2457 0.8392197115115017 0.5672028416708178 0
2458 0.8222034873987472 0.59710101697141 0
2459 0.8047886028557938 0.5673891487257555 0
2460 0.787765208004205 0.5972968010309103 0
2461 0.7703487358061059 0.5676038492090064 0
2462 0.787399050822251 0.5375851578634694 0
2463 0.7528298176884929 0.5378012071941487 0
2464 0.7533526665831798 0.5975285637596311 0
2465 0.8562642108390386 0.5372180580941793 0
2466 0.9249903752313287 0.5366238149929363 0
2467 1.494024736785643 0.622967263707117 0
2468 1.321811536787108 0.6239675401913258 0
2469 1.597332367455768 0.6224084479023455 0
2470 1.011803699080343 0.6257476824054575 0
2471 0.8396109911740908 0.6267481968009337 0
2472 0.7699392830827461 0.5074340321260401 0
2473 0.7352438620547868 0.5076212187219377 0
2474 0.7181519903276938 0.5380174656528579 0
2475 1.028502274886721 0.5358594170406175 0
2476 1.200679082199178 0.5352059690789063 0
2477 1.097556852453524 0.5357065024660311 0
2478 1.372922637665097 0.5342004136348113 0
2479 1.545190384857655 0.5331950218495117 0
2480 1.269704862778934 0.5347930176135354 0
2481 1.442025066186383 0.5338070596820508 0
2482 4.502839756171353 0.4852311670514092 0
2483 0.2721704245652332 0.7731745335307711 0
2484 4.72394096480998 0.2188832410741221 0
2485 0.5147609731092107 0.1809400331571175 0
2486 1.785216486209576 0.3524673359744191 0
2487 1.802043108004065 0.3229132769264743 0
2488 1.819267059182719 0.3522594392629364 0
2489 1.836056232780829 0.3226984298517761 0
2490 1.853308963433955 0.3520044910981135 0
2491 1.870116640183305 0.3224825904529901 0
2492 1.784840302171669 0.2936111247994061 0
2493 1.555308954045369 0.9070021286525951 0
2494 0.4860833406063083 0.8602374756917635 0
2495 0.4708550902976016 0.8882244538790602 0
2496 4.910064584602969 0.5932902604498127 0
2497 0.5640019970645784 0.3862591916663219 0
2498 0.6835950232359571 0.6557823738955824 0
2499 4.520900541426166 0.5745683491055514 0
2500 4.486668846598265 0.574657069933344 0
2501 0.9590955249918307 0.47518588942409 0
2502 0.804531579662999 0.5074696145084798 0
2503 0.3885509608781339 0.8021988241902882 0
2504 0.1173441820988885 0.3415483187793018 0
2505 1.682800108531168 0.2941949771502412 0
2506 0.08930290194671464 0.8016917253282335 0
2507 0.1056171388244511 0.8300723461567725 0
2508 0.07297015939957996 0.8302577950097773 0
2509 0.08925697895067675 0.8585941302420855 0
2510 0.1221151009459227 0.8585306756459388 0
2511 0.1057361210514465 0.8870659502137972 0
2512 0.1386927707686563 0.8870508293112113 0
2513 0.1550593622435708 0.8584901863922756 0
2514 0.1719333431050156 0.8872325903486726 0
2515 0.1552765641581706 0.9155827752319791 0
2516 4.742672961795943 0.4795791838457936 0
2517 4.708826249125696 0.4798489148848722 0
2518 4.725664172634806 0.4506165081473342 0
2519 4.856679590293634 0.1608348098124887 0
2520 1.887363688745076 0.3517981068284449 0
2521 1.904184235560334 0.3222886100178689 0
2522 1.921407437611193 0.3515628260137829 0
2523 1.938258689683511 0.3220731786403974 0
2524 1.955456479599317 0.3513088643561519 0
2525 1.972264782595209 0.321853741405758 0
2526 1.886968091317671 0.2929898327006043 0
2527 3.354044213738884 0.9117655553821378 0
2528 1.648963323372326 0.2943807531668305 0
2529 1.631945753183112 0.3236543711477953 0
2530 1.615021813887235 0.2943897467790026 0
2531 1.597993047653896 0.323650506273615 0
2532 4.826422039430398 0.6891727736121864 0
2533 1.390186634986125 0.9096243919853801 0
2534 1.581181434392209 0.2944429709176889 0
2535 1.564114359576049 0.3237388406978411 0
2536 1.547287659034181 0.2945038730857747 0
2537 1.530211511993349 0.3237626398280423 0
2538 0.479602242609416 0.2390059039703218 0
2539 1.989499986674593 0.3511643258880756 0
2540 2.006319501830095 0.3216695432904799 0
2541 1.989104892754255 0.2923752802935747 0
2542 2.02353913728142 0.3508816034193206 0
2543 2.040388615635189 0.3214595997247099 0
2544 1.323795715133338 0.9105679437712721 0
2545 1.513209141116076 0.2947014446943637 0
2546 1.496260127581647 0.3238191032932228 0
2547 1.479243252065226 0.2947822613114809 0
2548 1.462348569503434 0.323875362131974 0
2549 1.445322064156027 0.2946073772179707 0
2550 1.428432879269003 0.3238747180561887 0
2551 2.057584589493908 0.3506262814074166 0
2552 2.074391716433833 0.3212291754049819 0
2553 2.091619656886569 0.3504083311473626 0
2554 2.108470328506211 0.3210506675551503 0
2555 2.125664734429646 0.3501728127920254 0
2556 2.142509724078425 0.320846237360129 0
2557 1.257696232471518 0.9114566521511112 0
2558 4.908401151606261 0.42087455436271 0
2559 4.925041800674462 0.449251427958403 0
2560 4.908862039828572 0.4778625877626841 0
2561 4.573100657183103 0.6630585006553608 0
2562 4.273513175076751 0.6259530425323427 0
2563 0.7006831866219074 0.5079992789086184 0
2564 1.191645168432536 0.9124254904364341 0
2565 4.026832345763567 0.8191218434190964 0
2566 4.907800941909643 0.7203915831855379 0
2567 2.159705527298488 0.3500889994374889 0
2568 2.176501881189945 0.3206017066909517 0
2569 2.159215923012225 0.2913121777116535 0
2570 2.193734931639585 0.3497560297478363 0
2571 2.210585610793035 0.3204374483469496 0
2572 1.12555421052522 0.913410590314363 0
2573 1.411428206929784 0.2949182532980519 0
2574 1.39452310786168 0.3239640133904783 0
2575 1.377519306535589 0.2950222806141337 0
2576 1.360611565165469 0.3240053829844572 0
2577 0.6839355730615102 0.5378058209928468 0
2578 0.7015231289962602 0.5679787498511417 0
2579 2.227778019526889 0.3495093326786469 0
2580 2.244569667394654 0.3201705712539396 0
2581 2.26180629817239 0.3492868357600704 0
2582 2.278657647828386 0.3200287539679413 0
2583 2.295848652405726 0.3490660221515149 0
2584 2.31269223124784 0.3198244420662408 0
2585 1.059537403495041 0.9142431236398708 0
2586 4.691896571503214 0.4506995484259311 0
2587 2.32988529282717 0.3490270073517829 0
2588 2.346679569496666 0.3195741323975494 0
2589 2.363909742095859 0.3486630128409026 0
2590 2.380758544829159 0.3194158884398367 0
2591 2.329396221586185 0.2902937056505549 0
2592 2.397948092317506 0.3484214641192035 0
2593 2.414737780826298 0.3191388074888432 0
2594 0.8937289987269468 0.9166789226092369 0
2595 1.343607468757268 0.2951253783693856 0
2596 1.326699317329711 0.3241005686551885 0
2597 1.309674868929871 0.2951969199321567 0
2598 1.292782798829729 0.3241246765966922 0
2599 1.275757199864175 0.2949047166370764 0
2600 1.258868067252387 0.3240982618742755 0
2601 0.8282522815889348 0.9176398980575994 0
2602 2.431979500999134 0.3483935641141124 0
2603 2.448831822545372 0.3189861269691828 0
2604 2.431602854599997 0.2896896882490107 0
2605 2.466012442186409 0.3480238636260737 0
2606 2.482872658658866 0.3187630905002693 0
2607 2.500044003411282 0.3477761401332613 0
2608 2.516863638153962 0.3185486708803195 0
2609 2.53406644293969 0.3475622999950297 0
2610 2.550884221041842 0.3183413503679913 0
2611 2.568091566786955 0.3473468657830524 0
2612 2.584909506587515 0.3181349592760915 0
2613 2.602117280281556 0.3471397142471833 0
2614 2.618960425895666 0.3179867168396214 0
2615 2.636146647279522 0.3469389584069777 0
2616 2.652985217832357 0.3177825738717708 0
2617 2.670171610839364 0.3467346129094188 0
2618 2.686988490688625 0.3175319117492222 0
2619 2.669784974047798 0.2883001083322904 0
2620 2.704191563774484 0.3465209765515863 0
2621 2.721007261663026 0.3173185414671665 0
2622 2.738217453450833 0.3465314947013885 0
2623 2.755053431580011 0.3171700571207774 0
2624 2.772238497689596 0.34615449604846 0
2625 2.78907412592018 0.3169658554529118 0
2626 2.806258691345055 0.345924857774715 0
2627 2.823093803657291 0.3167616390098495 0
2628 2.840277873444615 0.3457156483172176 0
2629 2.857092014122908 0.3165119295485437 0
2630 2.839891042052303 0.287283695002402 0
2631 2.874292685176189 0.3455106018386969 0
2632 2.891105699602267 0.3163000980470165 0
2633 2.908313436346997 0.3455149178253265 0
2634 2.925146768058337 0.3161489006349967 0
2635 2.942329481003358 0.3451478729594734 0
2636 2.959162410116763 0.3159446246976563 0
2637 2.976344702301018 0.3449301263202417 0
2638 2.993177050864649 0.3157403337893656 0
2639 3.010360176023911 0.3449139739921639 0
2640 3.027190693316206 0.3155360278715667 0
2641 3.044372287601871 0.344556400607521 0
2642 3.061203340471053 0.3153317069058977 0
2643 3.010932136507123 0.2865007867656819 0
2644 3.078384400250215 0.3443463713279902 0
2645 3.095214995314285 0.3151273708541925 0
2646 3.11239676740804 0.3443148220112939 0
2647 3.129225660816554 0.314923019678478 0
2648 3.146406004387422 0.3439734755621732 0
2649 3.163235339934134 0.3147186533409759 0
2650 3.111972420219711 0.2863698397441018 0
2651 3.180415207177391 0.3437722952414877 0
2652 3.197244035608993 0.3145142718041013 0
2653 3.214424495731616 0.3437203321099818 0
2654 3.231251750768867 0.314309875030461 0
2655 3.248430912349367 0.3433995969173469 0
2656 3.265258488327331 0.3141054629828542 0
2657 3.28243723595729 0.3432079325899057 0
2658 3.299244833029385 0.31388490390832 0
2659 3.316442599062788 0.3431297742906582 0
2660 3.33326904222392 0.3136965929178852 0
2661 3.350446949772814 0.3428345728727061 0
2662 3.367272864319008 0.3134921348270736 0
2663 3.384450541365463 0.3426531987125145 0
2664 3.401275720326742 0.313287661315392 0
2665 3.418452968212927 0.342451854548295 0
2666 3.435277613090927 0.3130831723465871 0
2667 3.452454639637662 0.342286895555879 0
2668 3.469240601236508 0.3128645925292678 0
2669 3.486453231665463 0.3421310595636216 0
2670 3.503251736834379 0.3126786007041038 0
2671 3.520449985561592 0.3419093047684268 0
2672 3.537277540154384 0.3124696123377071 0
2673 3.554452842760228 0.3417494806380135 0
2674 3.571237615844056 0.3122640720213947 0
2675 3.588444833445221 0.3415515084784639 0
2676 3.605245264380524 0.3120731915871372 0
2677 3.622448478602632 0.3414000320998223 0
2678 3.639206628107792 0.3118686259424137 0
2679 3.656400791797441 0.3412286077940565 0
2680 3.673208759629452 0.3116683065417251 0
2681 3.690438961576733 0.3409892020063932 0
2682 3.707229228788484 0.3114713511049989 0
2683 3.72442782689345 0.3407979431901201 0
2684 3.741226114497151 0.3112703459101268 0
2685 3.758425686198696 0.3405783183279333 0
2686 3.775219941300351 0.3110639417548719 0
2687 3.792413477017295 0.3403871217497471 0
2688 3.809210921514883 0.3108614110760428 0
2689 3.826403633596624 0.340184338185868 0
2690 3.843201128727739 0.3106576011012384 0
2691 3.860393353875048 0.3399794475715037 0
2692 3.8771904513988 0.3104532664800855 0
2693 3.89438196041247 0.3397408051718848 0
2694 3.911152694819455 0.3102030264812488 0
2695 3.893891474340229 0.2809412280472819 0
2696 3.928365379885864 0.3395222349176396 0
2697 3.945191114076995 0.3100144873108489 0
2698 3.962359679703067 0.3392737174862572 0
2699 3.979125276656945 0.3097857456328768 0
2700 3.99633799443618 0.339057119827181 0
2701 4.01313236165875 0.3096094841615974 0
2702 4.030324874020598 0.338814726559556 0
2703 4.047137299404026 0.3094019480068357 0
2704 4.064312382152503 0.3386027189943785 0
2705 4.081118757755918 0.3091970494165943 0
2706 4.098295183440833 0.3383600630714836 0
2707 4.115112273945302 0.3089921582323095 0
2708 4.132278750150101 0.3381484874702771 0
2709 4.149093443811022 0.3087877620775732 0
2710 4.166259514605544 0.3379097293898501 0
2711 4.183073599623548 0.3085833889751062 0
2712 4.200240635701612 0.3379082960921148 0
2713 4.217006700126747 0.308360875775581 0
2714 4.199750314858853 0.2791039725144787 0
2715 4.234210269424362 0.3375098259384975 0
2716 4.250975665250702 0.3081213261504024 0
2717 4.268184693860864 0.3372396691325122 0
2718 4.285008010876311 0.3079704072655773 0
2719 4.302169973642788 0.3370325916948813 0
2720 4.31898413853848 0.307766125657318 0
2721 4.336146886309721 0.3368039544953902 0
2722 4.35295926610697 0.3075618667447702 0
2723 4.370121712480059 0.3365949410882845 0
2724 4.386933396330903 0.3073576304571551 0
2725 4.404095244126784 0.3363697371801561 0
2726 4.420906531945289 0.307153416723869 0
2727 4.43806785012511 0.3361613373902375 0
2728 4.454878675671097 0.3069492254744862 0
2729 4.472039381904946 0.3359399653879246 0
2730 4.488849830215313 0.3067450566387509 0
2731 3.588014598407458 0.2836906314875601 0
2732 4.506011146665859 0.3358976772846662 0
2733 4.522819998271015 0.3065409101465921 0
2734 0.08654195617403726 0.09941123847547834 0
2735 2.689593221558277 0.6292298121883204 0
2736 0.1880872320238129 0.9155262377638091 0
2737 1.241863224759721 0.2952889629531221 0
2738 1.224957406044027 0.3241955404103992 0
2739 1.207933236454453 0.2954077495593543 0
2740 1.191041201164027 0.3242536628130424 0
2741 1.174015378012629 0.2950735093387511 0
2742 1.157125946783214 0.324245248807376 0
2743 3.213999631961389 0.285704093258185 0
2744 0.7623147383539708 0.918484467868681 0
2745 3.486018653084992 0.2841837827885215 0
2746 1.140120849260512 0.2955013452793539 0
2747 1.122456730253143 0.324940936578679 0
2748 1.106083760614751 0.2957259837905231 0
2749 1.085742683864754 0.3251014342358154 0
2750 2.758195515932362 0.6289052846971337 0
2751 0.7707649410516024 0.6267350710545454 0
2752 4.255783832352883 0.5392120212756289 0
2753 1.069829849338465 0.2952716349333446 0
2754 0.0889557687342819 0.7443869017518198 0
2755 4.152623666676535 0.5404917083704277 0
2756 4.101173438578073 0.626224413662689 0
2757 2.82651449085555 0.6287931126640823 0
2758 3.383941270674811 0.2846313972783218 0
2759 0.4538807860202341 0.6856269228474303 0
2760 0.4379919142830966 0.7153891429689473 0
2761 4.910632964798157 0.6504834607517453 0
2762 0.9429428178717605 0.6257392174499352 0
2763 3.316013164856791 0.2850310969197297 0
2764 4.03226813916184 0.6262022173541107 0
2765 2.894900200983164 0.6287851418876681 0
2766 3.980152774435052 0.5400324594778367 0
2767 2.58719255801523 0.6292901226167957 0
2768 0.9602473600467554 0.2962245699807439 0
2769 0.9251867978796988 0.2972476384081983 0
2770 0.442457977639509 0.2987200714169047 0
2771 0.2207273640741692 0.3293969932954398 0
2772 0.2370738632025873 0.3590697995955779 0
2773 1.115152164164155 0.6247667993962525 0
2774 0.7295973094664951 0.9185883947652241 0
2775 0.712481739412852 0.8909608819820247 0
2776 0.6969376544479 0.9184530276306513 0
2777 2.066849910973329 0.9271755595156022 0
2778 2.963284952926041 0.6287675126860632 0
2779 3.963414043561121 0.626312354266768 0
2780 1.184041945977333 0.6243831008359055 0
2781 0.08799827061037879 0.513046025981385 0
2782 1.252935363125174 0.6240072448988808 0
2783 2.518789360653596 0.6295450828479666 0
2784 3.033729921848257 0.628289494101677 0
2785 1.012736455491757 0.8299254494232439 0
2786 1.42518655102829 0.6230926683888756 0
2787 0.09242216587781638 0.2685980030370192 0
2788 1.733531780023448 0.5625084199043717 0
2789 2.091194683664797 0.2923039886789626 0
2790 3.670196886263408 0.540096866718812 0
2791 3.102583660634802 0.6281771948860775 0
2792 2.450408214175573 0.6297809459409163 0
2793 0.08640644108750717 0.3406184110491735 0
2794 0.4727417222612971 0.6562819310516745 0
2795 4.528363314725905 0.9244070392946856 0
2796 0.7787158323071395 0.8323235056465423 0
2797 0.7449528389936464 0.8334237495669578 0
2798 2.774912182025676 0.8315440914318117 0
2799 1.810600246769043 0.5456111090792026 0
2800 3.497975306889082 0.5405683258090497 0
2801 3.791261732823731 0.6266318279200095 0
2802 1.079277612388654 0.8294083135755518 0
2803 1.967909843093266 0.928399431769377 0
2804 2.379738583910623 0.6295281002856821 0
2805 1.913111659195227 0.5465025589680292 0
2806 3.274761121812615 0.6276425338462548 0
2807 3.722368838892908 0.6266954588371186 0
2808 3.307179619455896 0.8284412417034259 0
2809 4.828873640542502 0.9206233820735849 0
2810 2.08692012200271 0.5416225423132495 0
2811 4.891707743377483 0.3924707960627501 0
2812 3.343614323814336 0.6274885173612047 0
2813 2.261380187127386 0.2913673612274032 0
2814 2.310901192716561 0.6296773539326876 0
2815 2.907903181023804 0.2876992368690232 0
2816 3.653501787486423 0.6268600287506547 0
2817 3.256731226743507 0.5421214369056747 0
2818 1.140788619001942 0.8273141168305981 0
2819 0.787319293523735 0.4767935024052172 0
2820 4.495899328561734 0.9243009978997825 0
2821 2.891746206429207 0.9170722269715299 0
2822 1.377617188879449 0.3534473700490122 0
2823 2.242065389707903 0.629786409799473 0
2824 4.149448816460158 0.3677050120772571 0
2825 0.9764555701274147 0.5054321046130539 0
2826 3.515775894936035 0.6271594028990602 0
2827 4.762353328555996 0.8651613759365471 0
2828 4.746144850330131 0.8939322412184666 0
2829 3.152218336818959 0.5442957288046876 0
2830 3.262849358564936 0.3730074900071541 0
2831 3.365439835281694 0.3724618443646262 0
2832 2.602627494807312 0.5422771556560743 0
2833 0.103055138305753 0.1853299120001123 0
2834 0.6476129916184701 0.1233763646436236 0
2835 0.6625138855958075 0.09199123394688591 0
2836 0.2020508508637318 0.1273510166469443 0
2837 0.1853837403401366 0.09880232611034256 0
2838 0.07222855857802291 0.6009885485744678 0
2839 0.3201777987543792 0.2131045210546404 0
2840 2.111095608473385 0.3799196264383529 0
2841 1.02842350938209 0.3552154113382914 0
2842 0.1711972626101033 0.6578985250148706 0
2843 4.925216986513329 0.745764512296778 0
2844 4.910362148460973 0.777123221407095 0
2845 2.706129891350657 0.5440403844904562 0
2846 3.536846775118969 0.3714832999277594 0
2847 2.737807400865411 0.2887248659957424 0
2848 1.869026870826099 0.9296501565235346 0
2849 1.546725964033907 0.353311769143499 0
2850 3.707401595242067 0.370634804642783 0
2851 0.1854850640541823 0.2722692310416991 0
2852 0.1704636676704903 0.3025498554351741 0
2853 0.7360531978211271 0.6270956904033673 0
2854 0.2706432462056356 0.3591812072316135 0
2855 0.2538443247260735 0.388265284175043 0
2856 1.138518581698528 0.3546955710872418 0
2857 1.939927113735418 0.3810763121373661 0
2858 2.173231217800189 0.6299010977168311 0
2859 2.947433197130718 0.5396484291644901 0
2860 4.393654199770719 0.5364530482051436 0
2861 1.837107298665344 0.3817285847752909 0
2862 3.050308417248757 0.5405594499257196 0
2863 4.642096684245079 0.7213480072554077 0
2864 1.206881407023251 0.8263169456455781 0
2865 4.324749529870411 0.536495971205871 0
2866 3.690084437969326 0.2821701301506427 0
2867 2.82567642725963 0.9177895146269384 0
2868 4.657678466365984 0.2189577482349833 0
2869 4.625929147019279 0.2179677466190562 0
2870 0.6803446960698154 0.8897605301288232 0
2871 3.326134668879384 0.5387829008753191 0
2872 3.3943744293455 0.5414606259270195 0
2873 4.04938231776545 0.5393825159676315 0
2874 3.566742896375513 0.5409160883974999 0
2875 3.877011070727392 0.5399300833968417 0
2876 3.808182750624304 0.5376779135779861 0
2877 3.739313664195183 0.5378362353639683 0
2878 2.567681811060901 0.2897048300996712 0
2879 2.499694808887586 0.2900872524005429 0
2880 4.478471338502553 0.7825556934027164 0
2881 1.260984392419864 0.2657878663081882 0
2882 2.878583571439645 0.5398061528580153 0
2883 4.503682133134986 0.54504428649593 0
2884 4.468696887942325 0.5434775041918368 0
2885 3.758071110122757 0.2817624072878161 0
2886 1.429620504425013 0.2655666301731459 0
2887 2.282239261656017 0.3787968766695319 0
2888 1.598389046057422 0.2652955188071074 0
2889 0.5133364904141062 0.415667929099965 0
2890 0.4947386333261634 0.446117427675264 0
2891 3.467688947450653 0.8236201590335792 0
2892 3.160249897953058 0.3735644997041355 0
2893 2.810341471818052 0.5422417747261652 0
2894 2.001195749774045 0.6302839941841938 0
2895 4.920755591870249 0.1022480111322188 0
2896 1.159799046971032 0.2659282750619338 0
2897 1.770117547062682 0.9309330109554873 0
2898 1.500737097243375 0.8259098168885396 0
2899 3.826054024870077 0.2813549500565156 0
2900 1.669690564368743 0.8217608561283279 0
2901 1.567304846286181 0.8239078839961212 0
2902 4.608656874957997 0.7221515456426841 0
2903 1.932282334735413 0.63019881113636 0
2904 4.561020546548738 0.923270206508636 0
2905 4.708699781968209 0.422026236016705 0
2906 0.07050036941974858 0.2429747049421646 0
2907 2.495550355624742 0.9217727062916899 0
2908 0.168584734550477 0.9440986889831 0
2909 2.429585649753815 0.9226930571038845 0
2910 1.683866658837669 0.6518747955374751 0
2911 1.703152548599775 0.9326520799890208 0
2912 2.363560956862107 0.9246550799258588 0
2913 2.384914419130437 0.3781457742518738 0
2914 2.534357478488929 0.5405958355482342 0
2915 2.29758755969867 0.9255195594536318 0
2916 2.231622007996107 0.926383768274744 0
2917 3.057641710545637 0.3741331028086018 0
2918 2.165664177086142 0.9272476467911117 0
2919 4.459204853207961 0.3657707865663555 0
2920 2.465516186381945 0.5407540268710074 0
2921 4.329663423496179 0.8169467114632482 0
2922 3.995908888930901 0.2815860100782423 0
2923 2.396676711032712 0.5409123048246506 0
2924 3.667789468902466 0.8224252395849474 0
2925 4.26150277891755 0.8159227362928942 0
2926 3.734497778895002 0.8219572014468102 0
2927 4.19487162735378 0.8165317125245126 0
2928 3.801188579930111 0.8216116742015586 0
2929 4.128701091124447 0.8174747704236005 0
2930 2.327839027808948 0.5410704262117501 0
2931 4.47168780951927 0.2774891501508739 0
2932 4.92347609036497 0.391601888446032 0
2933 3.961798366885821 0.8189179280322644 0
2934 4.608056607869425 0.07685198178297925 0
2935 4.575136426218876 0.07704452344321233 0
2936 4.558681818330884 0.1042992750358744 0
2937 4.542236988843294 0.07711004024412771 0
2938 4.063906198637591 0.2812688628039521 0
2939 2.259003052191364 0.5412283805408622 0
2940 4.403692443214629 0.2793268149248817 0
2941 2.955024792490992 0.3747131838726898 0
2942 4.335744096952099 0.2797249195657047 0
2943 2.190168713726332 0.5413861688391156 0
2944 4.131874264735822 0.2808909187641103 0
2945 4.267768182316028 0.280063622841485 0
2946 4.810030002722881 0.9467941803802341 0
2947 4.904877648813653 0.07565537015129575 0
2948 4.936068022905713 0.07598401167590718 0
2949 4.773224996120829 0.07645358980385697 0
2950 4.740365115290338 0.07551190771814736 0
2951 0.2685598399771068 0.06970660213112595 0
2952 0.3679047385560485 0.09384171603180391 0
2953 4.922331013668021 0.2193703975169926 0
2954 4.906971141218952 0.1902698593557517 0
2955 2.018007574452998 0.5453880371535667 0
2956 4.45773749269208 0.7557421176944745 0
2957 4.476048421676037 0.724720206466979 0
2958 0.07355661009171222 0.54346507743078 0
2959 0.2357099857567504 0.069949277590305 0
2960 4.922873917317831 0.3330407651038958 0
2961 0.1024521668502199 0.07101784831835795 0
2962 0.07224080420309598 0.1873249600311566 0
2963 0.05351721125591924 0.1589658966375713 0
2964 4.52720912895472 0.1034895186349583 0
2965 4.509607174802865 0.07572514221709187 0
2966 0.3697304049630947 0.1546833982893496 0
2967 2.789429234519405 0.3759525081442565 0
2968 0.5006112701285446 0.8879447674591727 0
2969 0.4870229652886673 0.9166203138106661 0
2970 0.4547443095355512 0.9166926573442484 0
2971 0.5204219893452753 0.9191590881363957 0
2972 1.650192941039635 0.7933111253421081 0
2973 0.0685089640722758 0.07574934467109629 0
2974 0.5391744507312222 0.8594743509467948 0
2975 4.576156924888455 0.1676495311564222 0
2976 4.511446789878519 0.9498362594360903 0
2977 0.1353949169265078 0.07161900126546616 0
2978 2.687364022876455 0.3765705214076777 0
2979 0.07456202429301406 0.8860470847351967 0
2980 0.08922374184857507 0.9154988339343508 0
2981 0.05593326886490058 0.9131068509204907 0
2982 0.4712199449403505 0.945111711961248 0
2983 2.624456565272403 0.3766511302551208 0
2984 2.852418811392087 0.3752958017157037 0
2985 1.780109746420724 0.5983655629145465 0
2986 1.792311921348149 0.6327234806774824 0
2987 4.5246168515101 0.0506816929941673 0
2988 4.49506176299984 0.1072201720569754 0
2989 4.476906449429618 0.07731855879052024 0
2990 4.460474699678843 0.1012799783485156 0
2991 4.443788796558284 0.07656615648420545 0
2992 4.427213982901579 0.102927609346409 0
2993 4.410822663500192 0.07668275323597695 0
2994 4.394336762847098 0.102983265886937 0
2995 4.377945642531415 0.07668333164625091 0
2996 4.361479955760805 0.102965233719413 0
2997 4.345086795237712 0.07664552943742303 0
2998 4.328624714335399 0.1029425341058107 0
2999 4.312231188088866 0.07660728518396809 0
3000 4.295009987500541 0.1017649034946928 0
3001 4.27924969963383 0.07635999230260426 0
3002 4.262005593180115 0.1031060815867774 0
3003 4.246477659362762 0.07585734186445509 0
3004 4.23101629260808 0.1030164902824015 0
3005 4.213819822444809 0.07639003853308263 0
3006 4.292429086964258 0.05171490866189304 0
3007 4.197740642498689 0.108623550995308 0
3008 4.180928783650678 0.07735911610303825 0
3009 4.164353391826035 0.1035491753482586 0
3010 4.147967306148418 0.07579401009807785 0
3011 4.132507284178743 0.1030583888073568 0
3012 4.115277706444513 0.07628404286337576 0
3013 4.194230895264798 0.05174392737067873 0
3014 4.098934571981322 0.1085356749555554 0
3015 4.082332747979668 0.07721248231077932 0
3016 4.065796861160112 0.1034234361354152 0
3017 4.049409426364808 0.07565406377388612 0
3018 4.033841777760758 0.1029937604112192 0
3019 4.016593890357473 0.07553146632767516 0
3020 4.095976412584728 0.05158580717481709 0
3021 4.001147790542363 0.1015170028703031 0
3022 3.983751286477038 0.0754195896520708 0
3023 3.967311778757333 0.1022300531996352 0
3024 3.95087173355943 0.07590347157189514 0
3025 3.933364343878446 0.1012814957744917 0
3026 3.917833763046997 0.07574776791466453 0
3027 3.900298344757631 0.1024532115595646 0
3028 3.884061828793587 0.07649409281111463 0
3029 3.869015770207164 0.1029403717097335 0
3030 3.851320862172608 0.07558233748474485 0
3031 3.932166358844641 0.05108351388247567 0
3032 3.836447229140463 0.1013978418136257 0
3033 3.819389420359988 0.07559717629624102 0
3034 3.803018299194878 0.1023069348911256 0
3035 3.78593288411932 0.07638660263056851 0
3036 3.833826047116714 0.05092449787656833 0
3037 3.770117458759244 0.1023362713589414 0
3038 3.75237521913968 0.07612414452398841 0
3039 3.7370626542372 0.1016975401957977 0
3040 3.719504364779694 0.07599092243811317 0
3041 3.704701128770635 0.1027014784722762 0
3042 3.68733265247357 0.07542646562024302 0
3043 3.672048072077382 0.1012410130485041 0
3044 3.655160602704202 0.07534893492878147 0
3045 3.63881724929258 0.1012711336729078 0
3046 3.62211670571905 0.07561244426564562 0
3047 3.606286469983159 0.1025510359327723 0
3048 3.589192792379971 0.0753258842796431 0
3049 3.670370140796743 0.05080931183901516 0
3050 3.573479857323397 0.101157525507399 0
3051 3.556677667987893 0.07519925995457605 0
3052 3.540277322339932 0.1011270895041675 0
3053 3.523761742980864 0.07491926911115887 0
3054 3.507661315978415 0.1023959256968573 0
3055 3.49085632048829 0.07517732893064 0
3056 3.472693541864462 0.1079895123304436 0
3057 3.457758624838154 0.07617266108477055 0
3058 3.438272462892036 0.1024549866698078 0
3059 3.425038366249364 0.07494914192811319 0
3060 3.406478844399779 0.1005621945037887 0
3061 3.392311562692495 0.07471794879701482 0
3062 3.375377602337594 0.1008867196237084 0
3063 3.359561726468076 0.07495606994985859 0
3064 3.343131653152998 0.1023351523474762 0
3065 3.326723894937292 0.07515381297218005 0
3066 3.307649606138324 0.10809002625544 0
3067 3.29372325478276 0.07598436106284517 0
3068 3.273124647090015 0.102504362922855 0
3069 3.260975599207063 0.0749970578932293 0
3070 3.239852185521072 0.1014158374154542 0
3071 3.228173342867775 0.07453292361441649 0
3072 3.208312999542589 0.1004565630888243 0
3073 3.195502393565204 0.07459730367710959 0
3074 3.177754796230329 0.0993176064873606 0
3075 3.163351062248777 0.0750255992133857 0
3076 3.145991491720084 0.100453322599966 0
3077 3.13032222619922 0.07558288399235269 0
3078 3.113295725071094 0.1007188989239375 0
3079 3.09693016957481 0.07493592752785128 0
3080 3.080384089692036 0.1006278466407406 0
3081 3.064710156451984 0.0744067018508171 0
3082 3.04763186476335 0.1005113885473929 0
3083 3.031983186527415 0.0754234884130015 0
3084 3.014696643342933 0.1013425550903018 0
3085 2.998416596581939 0.07498692062928497 0
3086 2.981841235595934 0.100680547786563 0
3087 2.966368014881368 0.07430210570245482 0
3088 2.950703552759011 0.1010246385592833 0
3089 2.933938658097955 0.07542436153828569 0
3090 2.920911599054649 0.1007650653335609 0
3091 2.899729582700295 0.07353423999346081 0
3092 2.883270671397926 0.1019582313512016 0
3093 2.868001084157245 0.07414986502890519 0
3094 2.849025888219435 0.1011191210057844 0
3095 2.836279081718486 0.07471851207774605 0
3096 2.817721690374601 0.1005296500355676 0
3097 2.80399430727245 0.07467273827903725 0
3098 2.785226375264451 0.1003956357209238 0
3099 2.770128406892442 0.07527610295396503 0
3100 2.752268975466066 0.1004762269600256 0
3101 2.735860728320501 0.07473747261961194 0
3102 2.719075817362621 0.101026492588841 0
3103 2.702720399175511 0.07477408697924925 0
3104 2.686215759969205 0.100457767324549 0
3105 2.669814596937926 0.07396601697722599 0
3106 2.653358577017779 0.1002360026818206 0
3107 2.636967642123353 0.07319781918091794 0
3108 2.62051206896564 0.100042909692579 0
3109 2.604123836504784 0.0731560525056047 0
3110 2.58766811373564 0.1000150429636005 0
3111 2.57128049432817 0.07311440160556737 0
3112 2.554823927019131 0.1007929210792586 0
3113 2.538437587373736 0.07307286526950058 0
3114 2.521981265736146 0.1007977794122431 0
3115 2.50559508725163 0.07303144225401093 0
3116 2.489139043338306 0.10076977072261 0
3117 2.472752965413437 0.0729901312780547 0
3118 2.456297185518563 0.1007407975023489 0
3119 2.439909600428153 0.07428957709652478 0
3120 2.423455592153738 0.1007706116815176 0
3121 2.407067830195763 0.07451798274726062 0
3122 2.390614355837139 0.1007569626343722 0
3123 2.374226605804775 0.07452661551608147 0
3124 2.357773408295558 0.1007325508030421 0
3125 2.341385675071194 0.07451534546353678 0
3126 2.32493270923369 0.1007072517364027 0
3127 2.30854499674058 0.0744822201490577 0
3128 2.292092228136784 0.100681615574599 0
3129 2.27570451486411 0.07446184629220221 0
3130 2.259251934681411 0.1006569554390747 0
3131 2.242864217389459 0.07442743552358189 0
3132 2.226411799903878 0.1006323704370995 0
3133 2.21002405838292 0.0744050774778317 0
3134 2.193571793844173 0.1006087428440549 0
3135 2.177184022502084 0.07437062913581388 0
3136 2.160422781456156 0.1000727131524727 0
3137 2.144292550393626 0.07426107118149317 0
3138 2.127521606555173 0.1009523048766731 0
3139 2.111415901858296 0.07436281327799743 0
3140 2.095742584672994 0.1008269640938425 0
3141 2.07874857655293 0.072803997482359 0
3142 2.062728091080504 0.1002896695027697 0
3143 2.045924420552899 0.07397076380167666 0
3144 2.029094188151979 0.1008193523372338 0
3145 2.012954790113881 0.07422700410188349 0
3146 1.997146993262834 0.1007607311261565 0
3147 1.980243917746858 0.07269080023878949 0
3148 1.964478442938363 0.09969308548406797 0
3149 1.947452419333154 0.07378290727157633 0
3150 1.930965149820982 0.09973113604406986 0
3151 1.914508886637347 0.07394485466147727 0
3152 1.897549656629421 0.09980629427046661 0
3153 1.881558466802073 0.07240542648096771 0
3154 1.864595353816568 0.1002807836612252 0
3155 1.848680258889093 0.07375889127805924 0
3156 1.832716336640595 0.1005580200406402 0
3157 1.815995426351452 0.07400402360673963 0
3158 1.800064600496774 0.09992608215988885 0
3159 1.783216143202053 0.07235529765972815 0
3160 1.766773093874846 0.09981314102921846 0
3161 1.848691066137469 0.127192810469533 0
3162 1.750310886616752 0.07359291216636515 0
3163 1.734237751137101 0.10043160214962 0
3164 1.717512747951122 0.07387534692215619 0
3165 1.701458365654863 0.09981362541122374 0
3166 1.684718819867431 0.07223888839591586 0
3167 1.668248383234362 0.09964456671445804 0
3168 1.750873361515549 0.1264825499224146 0
3169 1.651825171028928 0.07346491421547763 0
3170 1.635623080307593 0.10036143433342 0
3171 1.618944866606339 0.07281902354889586 0
3172 1.602815446852297 0.09956490033679 0
3173 1.651778953830306 0.1265592931456338 0
3174 2.013763572662128 0.1273422713808118 0
3175 1.5861078578278 0.07271785394548469 0
3176 1.569655684672648 0.09991413420692496 0
3177 1.553257569250653 0.0726896388338088 0
3178 1.536803544447927 0.1002777568595677 0
3179 2.112705724823114 0.1273717633687528 0
3180 1.520420142971359 0.07266482385336959 0
3181 1.503967351027944 0.1002366117503434 0
3182 1.487584032437731 0.07262220399556679 0
3183 1.471131215416733 0.1001953552411711 0
3184 1.454748020897381 0.07257841268490195 0
3185 1.438295108660182 0.1001539856011426 0
3186 1.421912027857196 0.07253416891995451 0
3187 1.405459001832585 0.1001125011252383 0
3188 1.389076022152405 0.07248950119388375 0
3189 1.372622866047539 0.1000709001356517 0
3190 1.356238860879941 0.07329203856143124 0
3191 1.33978667246875 0.1000291809830699 0
3192 1.32340260865828 0.07333638700333539 0
3193 1.306951076612303 0.0994554038066281 0
3194 1.290567629050998 0.07235986791737897 0
3195 1.274115011629 0.09916256765704867 0
3196 1.257731338426002 0.07227288467275161 0
3197 1.241278541021198 0.0990710810381234 0
3198 1.223612073774285 0.07367761724618588 0
3199 1.208228202802552 0.09925725524101014 0
3200 1.190528163929172 0.07242277328284119 0
3201 1.175604552187291 0.09981840414364412 0
3202 1.158966271147559 0.07296573034268156 0
3203 1.142727178490051 0.09920847712779612 0
3204 1.221575446086051 0.1253585894476708 0
3205 1.126387620510501 0.07131836428871952 0
3206 1.109927875080057 0.09880701304849238 0
3207 1.093552608708315 0.07127648943293097 0
3208 1.077099199579039 0.09870503371000194 0
3209 1.060718091669596 0.07123473555494997 0
3210 1.044266007205739 0.09865959704577687 0
3211 1.027884039964952 0.07119310136635171 0
3212 1.011432447427551 0.09861719531559893 0
3213 0.9942749835275908 0.07332761425071799 0
3214 0.9784699110135706 0.09894815147046637 0
3215 0.9605797766495783 0.0732149831991068 0
3216 0.9454717923223526 0.09895684546943384 0
3217 0.9276975387558597 0.07321107338715133 0
3218 0.9129324216529433 0.09948212317888405 0
3219 0.8950273611790691 0.07331251208148215 0
3220 0.8798471368561853 0.09902059990799283 0
3221 0.8623016386478075 0.07326817538261454 0
3222 0.8472682825703453 0.09939947407820277 0
3223 0.8296511508789894 0.07334074505450267 0
3224 0.8142315025810936 0.09897393723380954 0
3225 0.7972567407970037 0.07261559230222492 0
3226 0.7814387343708122 0.09877556337638693 0
3227 0.7647561106052851 0.07203808598151762 0
3228 0.7486690938336176 0.09861912372117665 0
3229 0.7322048113070125 0.07140777609458254 0
3230 0.7159429804223141 0.09923580709167729 0
3231 0.7057805339624106 0.07423752682580459 0
3232 3.572345598550109 0.05074536612594793 0
3233 3.474179904487224 0.05084503701453824 0
3234 2.722111502772178 0.05047684249545892 0
3235 3.310874254387362 0.05077676015710109 0
3236 2.885993865400042 0.04821620278490824 0
3237 2.984080747631752 0.05036441996331587 0
3238 3.082144253548954 0.0504004358882042 0
3239 2.421764534239533 0.04696215925247732 0
3240 2.668383008719549 0.1283533541633387 0
3241 3.355975922563951 0.1278952356355098 0
3242 1.33668720420449 0.04956895201922562 0
3243 4.894455225311692 0.6791805908933648 0
3244 4.927355748990504 0.6788193643340142 0
3245 0.384758606608953 0.1791443348730809 0
3246 4.937303394349882 0.3047515855018783 0
3247 1.171412136561886 0.04841625563402813 0
3248 2.555211590097803 0.3771720995314536 0
3249 3.522901989279672 0.1268498567598826 0
3250 0.1026371441756915 0.3119676734858433 0
3251 0.07167734961646 0.3179787212164501 0
3252 0.6146579626174091 0.06587120927884005 0
3253 0.5818403538639003 0.06580239781490099 0
3254 0.7979853575514479 0.1278302523905425 0
3255 3.621992582873069 0.1267658210247088 0
3256 4.48099405023748 0.6349364357271612 0
3257 4.503510625472703 0.6635424464813691 0
3258 1.701056434750803 0.04366653491422956 0
3259 2.486837797573579 0.3776014492970633 0
3260 0.7369312978441991 0.1262001141023913 0
3261 3.720993913825779 0.1267331828340729 0
3262 0.05781652117762004 0.6287502880076192 0
3263 4.942145335829069 0.2512129378397214 0
3264 0.8637850866543051 0.1282671749258603 0
3265 4.541277294680563 0.3393712923255913 0
3266 4.55458888494038 0.3054414482686911 0
3267 4.539210409715721 0.278363365379209 0
3268 4.57253315119609 0.2764401748898017 0
3269 4.557599538384721 0.2516979573887578 0
3270 4.587286058200996 0.2478546272392904 0
3271 3.88414394580566 0.1280381511177686 0
3272 3.064313794777096 0.1292902468793951 0
3273 0.5506714236798533 0.8297960059642537 0
3274 4.45200305645113 0.5750761203825747 0
3275 1.798767247808997 0.04850086908187845 0
3276 2.833966113654274 0.1303967374152407 0
3277 4.049399109536662 0.1282275350320809 0
3278 0.2200752267321375 0.3907333293217409 0
3279 0.4428429112463368 0.2400276888330035 0
3280 4.390261877835585 0.366265233989178 0
3281 1.046980850453843 0.3251525778213459 0
3282 1.035031205346291 0.2927849218910938 0
3283 0.999726565365787 0.2910712186015937 0
3284 4.14851464129805 0.1282793115674463 0
3285 4.430837373694315 0.5401013943497938 0
3286 0.9301132582782654 0.129115592059464 0
3287 0.7628766104540006 0.8033761813072924 0
3288 0.7292472886797581 0.8027772837388928 0
3289 4.943024594958855 0.1300564561255819 0
3290 4.247342464975379 0.1281846256085474 0
3291 1.777071550918506 0.5423225019970912 0
3292 0.04271240650514185 0.5997447601273209 0
3293 4.54498367762705 0.1287877045248856 0
3294 4.321992486077122 0.3667001070512018 0
3295 4.94363483198603 0.1924640645701488 0
3296 2.965348009466442 0.1305645234757301 0
3297 0.9393473360681925 0.2679346806914423 0
3298 1.016414760607766 0.2609263031365449 0
3299 4.743720242575361 0.5977096854702334 0
3300 4.777965775693622 0.6007880809669796 0
3301 4.710068536687372 0.5960931712337786 0
3302 1.902064188458439 0.04561338209717974 0
3303 0.384580674480826 0.06503307554181048 0
3304 0.3538914316881545 0.06308255736795809 0
3305 0.4180288695433827 0.06460534646850891 0
3306 4.756649831609858 0.04677545639274655 0
3307 0.5988801063667912 0.03490120333370522 0
3308 0.6473113906978261 0.06174711865905291 0
3309 0.9960183218625074 0.1288427001255804 0
3310 1.208051085285027 0.3537306265291839 0
3311 4.253716813242335 0.3671443922359235 0
3312 2.062281072503274 0.04410431649703478 0
3313 2.213294572882734 0.3793330066159319 0
3314 1.275878458659692 0.3536172974336672 0
3315 1.091764103098112 0.2666360624408197 0
3316 2.000306995862654 0.04571325575683965 0
3317 4.674983468352763 0.4804148963665184 0
3318 4.657916406514767 0.4514759783568877 0
3319 1.056306627886804 0.125146079369205 0
3320 4.443690626007013 0.7238405560344849 0
3321 0.1357572252334065 0.9438943902100483 0
3322 4.945007562510175 0.480724686103668 0
3323 4.925597680935868 0.5061162479205532 0
3324 4.959540013522501 0.4501391127744673 0
3325 0.4241572015006194 0.3289482159667605 0
3326 0.07280372455142103 0.9438632070704603 0
3327 4.71843323399286 0.05007016121102692 0
3328 4.706298436270535 0.0772695143303001 0
3329 4.081485545054739 0.3681172588193323 0
3330 1.123233673248515 0.1258743499645568 0
3331 3.435633159056328 0.372036370869596 0
3332 2.042300680976446 0.3804513510834109 0
3333 4.593101477309269 0.04810145333815707 0
3334 0.4432894913781986 0.4166001773426367 0
3335 2.767991454678782 0.1294978019795037 0
3336 4.013518195236841 0.3685296175299899 0
3337 0.6643026277624839 0.02956443451846391 0
3338 4.85963147586123 0.6761508213394555 0
3339 4.832651412286802 0.6573834899627837 0
3340 1.445441480069486 0.3533341791655122 0
3341 4.919656178727426 0.04703155731342223 0
3342 2.160628348289989 0.04494875070342114 0
3343 0.1373298275469037 0.3152769343833847 0
3344 0.161696275541682 0.3324808227338052 0
3345 0.08871865102794851 0.5714887863510926 0
3346 0.1213758484542113 0.5713340593846081 0
3347 3.945546744035542 0.368942088988996 0
3348 0.2369289118469 0.4180072570419235 0
3349 0.2706231034048399 0.4174846058809997 0
3350 0.2533756327400551 0.4476467570604276 0
3351 0.6963985706450075 0.861546590333935 0
3352 4.90755966035066 0.3631223902976307 0
3353 4.942598134521049 0.3594281154088503 0
3354 0.7177529584578672 0.4775092437594611 0
3355 0.6831869309059777 0.4776327106672326 0
3356 0.4246028677302958 0.2698261963395993 0
3357 0.4237751775925651 0.2110876485682144 0
3358 4.873725600548873 0.1899277601393509 0
3359 1.065184223347322 0.3552618724068545 0
3360 1.102966102213104 0.3544579120760275 0
3361 1.361927035661022 0.2661808883484591 0
3362 2.225679026437386 0.04671827712665605 0
3363 3.605244797971687 0.3710988060271413 0
3364 4.693739919606442 0.5679762900460567 0
3365 3.877898326718972 0.3694675244645691 0
3366 4.692699987054247 0.6274688073829916 0
3367 3.130330887937636 0.1287731220387583 0
3368 4.923762046569953 0.161503411434738 0
3369 4.951959383076176 0.1613784779385588 0
3370 0.8218454152342494 0.4769793996612455 0
3371 4.858187662001962 0.3343199022832448 0
3372 4.42845953239799 0.0482261597347996 0
3373 4.64097753224021 0.4815116329787593 0
3374 0.1888285298323704 0.8590196729737821 0
3375 0.08697634022141765 0.2147471713642255 0
3376 4.889919501904652 0.1610186544154616 0
3377 0.7007864944003743 0.446732785621017 0
3378 3.809591441033629 0.369767370519835 0
3379 4.793987527728213 0.5698559742751146 0
3380 4.793416190808822 0.6914070518483688 0
3381 2.29116787020024 0.0466614240470779 0
3382 4.69268637806099 0.5094968802671785 0
3383 4.626297592877409 0.7511218965979199 0
3384 4.892661299447612 0.5069746252953321 0
3385 0.3361258748088582 0.1843522859966156 0
3386 1.011095929826122 0.5054221394863452 0
3387 0.9416201163348505 0.5052641596152323 0
3388 1.614929176486419 0.3531010404628765 0
3389 1.288146392932017 0.1259577987702081 0
3390 4.729144224515174 0.8655509447631159 0
3391 4.713171203076156 0.8943593554601228 0
3392 4.729988203763421 0.9226683731262264 0
3393 4.697105213462893 0.9230319002397755 0
3394 4.679694637932798 0.8947127144125255 0
3395 4.664245220862577 0.9234589330914362 0
3396 0.3402335315469163 0.03121040700579514 0
3397 0.2187212212470393 0.09853558383850064 0
3398 0.2024660565737983 0.07154549856498943 0
3399 0.168896547556395 0.07242716799350712 0
3400 0.1832750784693289 0.04569053886328406 0
3401 1.768378966942077 0.3821342163862141 0
3402 0.6779179502535118 0.1232559893181266 0
3403 1.631684427360834 0.6223288300393858 0
3404 1.614626482778571 0.6520475642942767 0
3405 1.580432416842427 0.6521747248529457 0
3406 4.745099694662287 0.8365507771268752 0
3407 0.5134876146641341 0.2391288298381232 0
3408 0.4974021958023371 0.209992019641398 0
3409 2.60259243940069 0.1282880379469067 0
3410 0.747667768540238 0.7725928561797974 0
3411 0.1041118974692949 0.484002395723638 0
3412 0.07268451451786317 0.4841524136181951 0
3413 4.590972756925224 0.6926619203977021 0
3414 4.57809091965663 0.8958607934933009 0
3415 4.595434822138888 0.9224678980284025 0
3416 0.9077222476641582 0.3266032947160896 0
3417 0.8903771284357034 0.2975383472401379 0
3418 0.2355416928236211 0.1270863336732879 0
3419 4.364030471392463 0.04770224143896296 0
3420 0.2874086199733643 0.4468746445692947 0
3421 0.2705762153997013 0.4759763365640872 0
3422 0.2368697821257779 0.4769287496822982 0
3423 0.2539586787446257 0.5054872292520658 0
3424 0.2875429240066425 0.5050601803650037 0
3425 0.2708094895431867 0.5346398958550277 0
3426 0.3045220932007933 0.5340762276016185 0
3427 0.287766208833852 0.5641330471424835 0
3428 0.321772047023702 0.5645897267700335 0
3429 0.3214090401724423 0.5054170729517634 0
3430 4.840475949585633 0.1897676496626545 0
3431 1.046217292307992 0.3850803511237535 0
3432 4.824919941386836 0.3345876836561247 0
3433 4.808008433074668 0.3056151144579052 0
3434 4.760205837960781 0.6909648162358248 0
3435 0.3732137570826444 0.5365230574801205 0
3436 0.2190877811642391 0.155905613682071 0
3437 4.53865074180265 0.6633186598087468 0
3438 4.523064534503832 0.6930078947239693 0
3439 3.321182487380897 0.9120903707904451 0
3440 3.30503312367337 0.9407385949630618 0
3441 3.272222626983933 0.9412554686299457 0
3442 3.338375064066221 0.9406437702295626 0
3443 3.371209571262596 0.9403612282473457 0
3444 3.3869673504416 0.9115675127605122 0
3445 3.406564048205825 0.9399846252177575 0
3446 3.425126811394873 0.9688531566732782 0
3447 3.421742208179763 0.9111865141950122 0
3448 3.458185575187917 0.9706089358831819 0
3449 3.473260022346884 0.9411015875711222 0
3450 3.506362648111381 0.9419874308441859 0
3451 3.255194986377334 0.9129077546424768 0
3452 3.22209661161969 0.9133111580258781 0
3453 3.20581687432534 0.9421364098051443 0
3454 3.172999740190871 0.9425165287895522 0
3455 3.487118844512503 0.9105018265599704 0
3456 3.539548145391797 0.9374774366599056 0
3457 3.791943465476512 0.2815669570245687 0
3458 3.859999003732514 0.2823481082443793 0
3459 3.87383335254762 0.2545046200377032 0
3460 3.912344049019066 0.2505946917458592 0
3461 3.928148351319811 0.2817826743561814 0
3462 3.961971095045699 0.2821434666092351 0
3463 3.980020577616177 0.2521826183986163 0
3464 3.651924325968933 0.9083590758874184 0
3465 3.635691479251062 0.9369546324201334 0
3466 3.602793846642238 0.9369265192103222 0
3467 3.619750961652284 0.9672243430085271 0
3468 3.669472122284136 0.9410808019958344 0
3469 3.70173913189534 0.9384287483933688 0
3470 3.585976073102247 0.9094332955587385 0
3471 3.723958656749152 0.2819746308757068 0
3472 2.858696403158034 0.9171971874564221 0
3473 2.84254961244512 0.9467903828482311 0
3474 4.46334909367183 0.1461321427854413 0
3475 4.02993566807088 0.2818665127552282 0
3476 4.047627077367112 0.2519324675041056 0
3477 0.8051758248116343 0.6264954985278453 0
3478 0.8212197551724172 0.6559014131517549 0
3479 0.8550736147909557 0.6559179747297053 0
3480 4.397008144747295 0.1468584344048819 0
3481 4.097912492775295 0.2815136928920695 0
3482 4.114972377237098 0.2511305309927659 0
3483 4.330651524815421 0.1476855547515252 0
3484 4.16586348978233 0.2809108041625445 0
3485 4.177149922898037 0.2536336638319131 0
3486 4.215631340114694 0.2493934248956828 0
3487 4.233644370109847 0.2804614233656216 0
3488 3.756789954301289 0.6264535073433376 0
3489 3.743275610366763 0.6556183697200246 0
3490 2.415427377807417 0.6298061832969775 0
3491 2.485114335555594 0.6295086096750498 0
3492 0.9773609442017279 0.6254573578222482 0
3493 0.9924292440431453 0.6551954136746125 0
3494 1.025926230654682 0.6553425317029657 0
3495 4.301787406730345 0.280388611394212 0
3496 4.284389336283363 0.2500024535340612 0
3497 0.3716651156545048 0.888119731660578 0
3498 0.3551818723086426 0.9161390703830589 0
3499 0.3220363012041556 0.916116108907308 0
3500 0.3387215118309697 0.9451867126677881 0
3501 0.3881999151761031 0.9160061317180412 0
3502 0.4213919174155576 0.9159717693828326 0
3503 0.4047135923523082 0.9451305594628642 0
3504 0.305354878975117 0.8880835824369833 0
3505 0.2888287788100539 0.9160661761399351 0
3506 0.2558031337963764 0.9166389585851717 0
3507 0.2681652807816572 0.9449263998721705 0
3508 0.2349597706083979 0.9445855548845011 0
3509 0.2215301527827522 0.9158396549999086 0
3510 3.349950454007724 0.285230589353936 0
3511 3.687917213264309 0.6265631696474827 0
3512 3.670784974876441 0.6570831247461726 0
3513 4.328106610153421 0.7698010610125536 0
3514 2.553346692196768 0.6292339380072511 0
3515 2.345301793942348 0.6293711466152067 0
3516 2.330353285442119 0.6576322213406782 0
3517 4.369741694103912 0.2800032587944808 0
3518 4.351635721504948 0.2505526707256691 0
3519 4.258600818029701 0.7713249425519103 0
3520 4.191102330295598 0.7722635874313635 0
3521 2.792644755641295 0.9180998442862688 0
3522 2.781662530331922 0.9461235862597742 0
3523 2.743740324731581 0.948164685170666 0
3524 2.726723601750233 0.9190394243932266 0
3525 2.693637732478869 0.9193240523616275 0
3526 2.677403736561768 0.9490485922596031 0
3527 2.639505435868756 0.9473740765125767 0
3528 3.928940254132981 0.6263683804279299 0
3529 3.914506510957574 0.6560838081895688 0
3530 3.88130027685456 0.6564306985582182 0
3531 3.860797758385388 0.6265224674774141 0
3532 3.825802398472013 0.626412326872168 0
3533 3.811820777085851 0.6556027175572796 0
3534 4.437696529909315 0.2793620664178229 0
3535 4.418307598016229 0.2499289755675251 0
3536 4.123642397649265 0.7722555048734998 0
3537 3.619026334015407 0.6268953118496472 0
3538 3.607221577734885 0.6563468179155056 0
3539 3.56773535950841 0.6574014627821058 0
3540 3.550182017096353 0.6269887494818903 0
3541 2.276465123925555 0.6294656362371598 0
3542 2.261898414250269 0.6576927456545455 0
3543 4.505538745919068 0.2772933277559428 0
3544 3.99782529832005 0.6261074418024709 0
3545 3.982950413399362 0.6553941294750301 0
3546 3.954992488207408 0.772235471160561 0
3547 1.149578318293504 0.6244293730058211 0
3548 1.163703982835653 0.6540459378065967 0
3549 3.966584100248708 0.1486759658609756 0
3550 2.207630105391243 0.6295599958832961 0
3551 2.193445113523526 0.6577530176863551 0
3552 2.723928682553444 0.6287898620825574 0
3553 3.786425285753983 0.7704302205481902 0
3554 3.768611451535236 0.7999398056102783 0
3555 4.06667797116577 0.6261170413957685 0
3556 4.051425458068243 0.6553607036995096 0
3557 3.718950917425563 0.7705155628405773 0
3558 3.701552697713771 0.8002619028015028 0
3559 1.218469922261487 0.6240523056709607 0
3560 1.232199780784112 0.6537828657942795 0
3561 3.651500172915217 0.7707959240411362 0
3562 3.640121222065948 0.7982374776293237 0
3563 3.60114776464105 0.8012338460752533 0
3564 2.792181686215005 0.6286129974218918 0
3565 2.138809173623695 0.6298263448937087 0
3566 2.125052333871048 0.658945039160614 0
3567 2.08703722893038 0.6614820094322383 0
3568 2.070017809629707 0.6302881199765926 0
3569 2.035585009939401 0.6299208559703251 0
3570 2.01749048554294 0.6611973235107739 0
3571 2.125260930169175 0.2922134187536551 0
3572 2.139431531806077 0.2629263359227237 0
3573 2.172265501264645 0.2624787019624701 0
3574 2.192612282128777 0.2918197323766383 0
3575 2.227236893891018 0.2917648101046036 0
3576 2.240969850281846 0.2631810682114228 0
3577 3.80137070574977 0.1486937597359335 0
3578 3.482838654386675 0.7710961693771577 0
3579 3.494686462323279 0.7988784587268349 0
3580 3.53317323311064 0.8013025438591213 0
3581 3.5501684702731 0.7712016494640896 0
3582 1.287362598496706 0.6237402378847465 0
3583 1.304767036871499 0.6537472904600194 0
3584 1.33895277672646 0.6535563299103055 0
3585 1.735890366669743 0.9362495806616816 0
3586 2.860377515699711 0.6286287811283557 0
3587 3.882509893634371 0.9060353040399636 0
3588 3.90010321152572 0.9342014288936649 0
3589 3.933068273071373 0.9325315346927527 0
3590 3.920766101734403 0.9604184417341854 0
3591 3.865854487013151 0.9361446979165449 0
3592 3.830117867896168 0.938379499008015 0
3593 4.239117706813111 0.626044897396165 0
3594 4.22294600533089 0.655724531514511 0
3595 4.18887018290087 0.6557641571997851 0
3596 4.17034828686515 0.6261103386931057 0
3597 4.135660801852712 0.6261039185405828 0
3598 4.119969187552343 0.6553886906204223 0
3599 3.377988900662802 0.6273304193918412 0
3600 3.39143574847281 0.6568730298123995 0
3601 3.429485702362111 0.6576337246896257 0
3602 3.314208349810023 0.7713620536453003 0
3603 3.327954455369177 0.800088062768181 0
3604 3.360299911964352 0.8002052878090818 0
3605 3.38081757433075 0.7712376511067679 0
3606 3.415196431649645 0.7710734345042691 0
3607 3.434135543076776 0.8022146349778272 0
3608 2.873906841036401 0.2880373261751248 0
3609 2.8594510506463 0.2594135999928276 0
3610 2.826521543774329 0.259325075421255 0
3611 4.628377187751248 0.8665262616147072 0
3612 4.645960795249577 0.8951728802140966 0
3613 4.630428614732226 0.9233138071073812 0
3614 4.612194641490364 0.8950409066927212 0
3615 2.928608655012795 0.6286629146465587 0
3616 1.459609378031792 0.6228381226248125 0
3617 1.477025859176202 0.6527600651105552 0
3618 1.511216684783017 0.6525684841442327 0
3619 2.295445930355416 0.2913286087756761 0
3620 2.308664169163829 0.2620718598521993 0
3621 2.346062978408272 0.2608412824216845 0
3622 2.363391435120453 0.2907982549021941 0
3623 2.3975180972562 0.2907360729898374 0
3624 2.409371650423369 0.2618804215446451 0
3625 2.448251418959964 0.2602724107982965 0
3626 2.465639185197133 0.2904164594695743 0
3627 3.309169622095221 0.6273333937745617 0
3628 3.323026820420385 0.6561786722975431 0
3629 1.966705259078164 0.6298218467819829 0
3630 1.94898721112432 0.661244818194726 0
3631 2.998159055789414 0.6286796882775639 0
3632 3.013694119199755 0.6572916980450854 0
3633 1.828612415330915 0.6305500809553615 0
3634 1.840776143170787 0.6587907784627356 0
3635 1.880494028763707 0.661123021068071 0
3636 2.703805979192831 0.2890641517719996 0
3637 2.690292658255627 0.2602580855632124 0
3638 2.652839517917458 0.2590948363929799 0
3639 3.068102656480851 0.6280794362296487 0
3640 3.083369922201557 0.6566567946331028 0
3641 3.136971274683506 0.6279858579579167 0
3642 3.151789400129656 0.6572782580839078 0
3643 3.18520972614624 0.6574560180181741 0
3644 0.8558683048249058 0.3562989600538414 0
3645 0.8386144213761839 0.3267659997739846 0
3646 0.8045118335367274 0.3268336673543163 0
3647 0.8214744055624166 0.2976106671207702 0
3648 0.7875139863843801 0.2976613219660544 0
3649 0.8024515440359097 0.2683605672739 0
3650 0.8558036801097786 0.2976380840616104 0
3651 0.7702628748391169 0.3269588640668799 0
3652 0.7529715409301383 0.2977783744336244 0
3653 0.8731199111390562 0.3268401761584021 0
3654 0.8708613423267626 0.2682807164595064 0
3655 2.533686350122864 0.2901751572109018 0
3656 2.516473395882719 0.2599099606519047 0
3657 3.433094067962932 0.1486784437008374 0
3658 0.7952427997474998 0.9178450162939403 0
3659 1.368552900807884 0.1516164028355944 0
3660 1.434804925018601 0.151389956595171 0
3661 3.26648878094069 0.1493452946535076 0
3662 2.336013988072814 0.7720817533685238 0
3663 2.317046565911748 0.7985596395542091 0
3664 2.283987538687019 0.7975177935719857 0
3665 2.351874199963518 0.8056085787857944 0
3666 2.386340085067717 0.8011765519733212 0
3667 2.403281523195738 0.7721899949256117 0
3668 2.423134881464576 0.8006739536750663 0
3669 2.443092090878676 0.8239672843188143 0
3670 2.437620106987579 0.7712813612307349 0
3671 1.501054635111064 0.1513869423669405 0
3672 4.048747150631876 0.9025662999234144 0
3673 4.067140014745751 0.9298499999385583 0
3674 4.098699766943515 0.9300962719816903 0
3675 4.085053180314318 0.9548771539370572 0
3676 4.036002846801023 0.9292508032823423 0
3677 4.003535681731788 0.9296455229447783 0
3678 3.983415076790584 0.9032062150653148 0
3679 3.969374238872277 0.9365294977204672 0
3680 3.200585510981789 0.1491691979781403 0
3681 2.201092949228518 0.7720716405686436 0
3682 2.183675985039264 0.7997505514206023 0
3683 2.151126172673625 0.8005893199481827 0
3684 2.167783314839421 0.8303677238488205 0
3685 2.216450871325334 0.7982874119761951 0
3686 2.25040516468233 0.796843958730404 0
3687 2.268263152781079 0.7718979907308858 0
3688 1.02047929804088 0.7713039993551782 0
3689 1.033967211790889 0.8000257858567049 0
3690 1.567351629802963 0.1516475180894181 0
3691 0.8609219405500812 0.91687556859899 0
3692 1.087960263249572 0.77115328198585 0
3693 1.104791062781891 0.8009641817814105 0
3694 1.155494114187811 0.7710276249420641 0
3695 1.172373127365723 0.8009712769956118 0
3696 1.222959122352566 0.7710492199873622 0
3697 1.239836378706822 0.80097829793604 0
3698 1.279020586877084 0.799231053270676 0
3699 1.931268120320472 0.7720603548034213 0
3700 1.949116170986363 0.8004578712795658 0
3701 1.98174890068852 0.7996883812930955 0
3702 1.967464288538344 0.8245757477298725 0
3703 1.916194621091986 0.7993623496046438 0
3704 1.882274771816497 0.7989462927021336 0
3705 1.864347362689939 0.7719128717209677 0
3706 1.847997752133778 0.7985806077257473 0
3707 1.830344651581357 0.7716822284557077 0
3708 1.813355604326382 0.7992591710668269 0
3709 1.780443353243421 0.8000538625451906 0
3710 1.798822284278771 0.8242612578085396 0
3711 1.998540148816415 0.7719292904893653 0
3712 2.016197153094724 0.7990369047600864 0
3713 2.032315194672361 0.7718685763196289 0
3714 2.049967458187254 0.8003944800446596 0
3715 2.082477862869993 0.8001605631007758 0
3716 2.067673037934635 0.824459327467006 0
3717 2.099511695565337 0.7722987001979416 0
3718 2.11726119624716 0.8051805538570445 0
3719 1.49282751764508 0.7706417646276702 0
3720 1.479386063195068 0.7987522722316945 0
3721 1.442480287095764 0.8010809334195379 0
3722 1.425492208854179 0.7710165476096998 0
3723 1.391695157799334 0.7708296463533992 0
3724 1.379776939391022 0.798582143225738 0
3725 1.341193677028648 0.801031679609106 0
3726 1.560541417314905 0.7698788631833287 0
3727 0.9269015257139848 0.9162575943507424 0
3728 0.9428483291361083 0.9443885793764351 0
3729 0.9759139407704231 0.9439964336712507 0
3730 1.931630395611969 0.1515014132952794 0
3731 4.21433328615837 0.9003411094199134 0
3732 4.23301980121942 0.9268805620374045 0
3733 4.265525931041759 0.9257103096089366 0
3734 4.20053821131693 0.9270439623146811 0
3735 4.167823303422765 0.9275780097801813 0
3736 4.148723383232801 0.90103547185613 0
3737 4.133762291478281 0.9344546016162205 0
3738 2.528836478802267 0.1490924386095587 0
3739 2.528484921082943 0.9211301214290781 0
3740 2.540650807360548 0.9479705743426761 0
3741 2.578205013416657 0.9502488925444179 0
3742 2.196572381904704 0.1506696021402702 0
3743 2.461593823254879 0.1494985044811722 0
3744 2.262868794261402 0.1500567476797738 0
3745 2.395351859326046 0.1496685742998926 0
3746 2.329109787850608 0.149862928120865 0
3747 2.133745618668529 0.772741921032163 0
3748 4.346781676649205 0.8986255459888481 0
3749 4.364613034436402 0.9251952529544416 0
3750 4.397598072596453 0.9245649200244841 0
3751 4.33195214083657 0.9253566549698854 0
3752 4.298485185568873 0.9247821181538385 0
3753 1.423142147736272 0.9089982160811421 0
3754 1.437772751789743 0.9437211080224763 0
3755 1.472859614513137 0.9366964003993434 0
3756 1.45687387237062 0.9652761255394994 0
3757 1.406118742932631 0.9384694507432627 0
3758 1.372863565994429 0.9390537424152606 0
3759 1.356732600312315 0.9102125664413451 0
3760 1.339660028321466 0.9393089934886459 0
3761 1.306806070118777 0.9394672753254159 0
3762 0.1035580006518142 0.4264455545063325 0
3763 0.07221251826013209 0.4257781684826427 0
3764 0.05577823568380325 0.3979075106533711 0
3765 0.08731587632033744 0.4551549671997605 0
3766 0.05384605355769878 0.4533115999506756 0
3767 0.07109152592706991 0.3697282031766476 0
3768 1.09254866611572 0.9137314377621878 0
3769 1.109512390811853 0.9420928605368906 0
3770 4.893294589431259 0.5646536157463761 0
3771 4.924552810112336 0.5635489147103174 0
3772 4.945234413609702 0.5886924302971107 0
3773 4.909254940041415 0.5356510752360817 0
3774 4.938652150641646 0.5346929877568649 0
3775 4.926901772026682 0.6213174199724942 0
3776 4.960843812510311 0.6174488732684338 0
3777 2.46254176252052 0.9218026991190915 0
3778 2.480634365002833 0.9508321786570905 0
3779 0.7185364418424163 0.3565722895311844 0
3780 0.7013174756395741 0.3270444584008871 0
3781 0.6670868212980563 0.3270597733956464 0
3782 0.6840945191793439 0.2976793895698119 0
3783 0.7182444964200274 0.2976169147472632 0
3784 0.6497471950744851 0.2976845035339101 0
3785 0.6660809614244936 0.2682875515832711 0
3786 0.6498278153081272 0.3566275501540135 0
3787 1.158714512486422 0.9129133402391724 0
3788 1.175601213567466 0.9411127861583918 0
3789 3.584009957685103 0.7709838821231089 0
3790 0.07424614883056746 0.6572463336669975 0
3791 0.05540262332821477 0.684951508541392 0
3792 0.07370981658688525 0.7145977890720122 0
3793 2.396563659758667 0.9228628010957081 0
3794 2.415837132352744 0.9517234835265885 0
3795 1.224809854411335 0.9119278907956014 0
3796 1.241698871436432 0.9401316622039697 0
3797 1.273728408326754 0.9399891992804076 0
3798 2.330688795499444 0.9250822686795537 0
3799 2.198757402386302 0.9268114050750871 0
3800 2.264719185835107 0.925946984186413 0
3801 3.950066394100312 0.9045057225786222 0
3802 4.115230274090678 0.9018454589987985 0
3803 1.897838897295673 0.6301874832130442 0
3804 0.4449830351943622 0.3561940374063999 0
3805 4.872074994138099 0.07614523444666965 0
3806 4.860575531406676 0.0497393870576705 0
3807 4.822654681270447 0.04641391070527384 0
3808 4.280555367095486 0.8994925950914614 0
3809 4.413012481420942 0.8974460352274085 0
3810 4.430151612899496 0.9247388102307875 0
3811 4.463020129172011 0.9242612000122035 0
3812 1.546474082625492 0.7968125432276758 0
3813 3.848562047604347 0.9687448453949586 0
3814 3.796319309955406 0.9412825933791877 0
3815 3.809289000218083 0.9081745475541996 0
3816 3.781675616681542 0.9708535629453872 0
3817 3.765928837642865 0.9402416009956069 0
3818 1.530954807893179 0.2656091225606387 0
3819 4.806207237550412 0.07649158352825913 0
3820 0.5462255896440114 0.4760914558490289 0
3821 4.62622118092543 0.2751119821275604 0
3822 0.07406235340592637 0.7733187254651639 0
3823 0.05503516210870707 0.7430454049542556 0
3824 0.3734932656018173 0.7152344762275733 0
3825 0.356925628337688 0.7442133050961108 0
3826 0.3231612494217142 0.7443624566702647 0
3827 0.3899381829623709 0.7445162971641479 0
3828 0.339276621544176 0.7733300833811068 0
3829 0.3063186048457953 0.7152431480178409 0
3830 0.2723923489283111 0.715097170761531 0
3831 0.3562432990576347 0.5663398885943661 0
3832 0.3048631118192895 0.5953608244990889 0
3833 0.3220980143301384 0.6263783686424054 0
3834 3.156054016892274 0.9139956728100418 0
3835 3.122964700531202 0.9143745585810131 0
3836 3.109566868085172 0.943384946104132 0
3837 3.077719782756289 0.9439471712746144 0
3838 3.05757820512093 0.9151735861954423 0
3839 3.023961727575178 0.9155045200396059 0
3840 3.010948760275293 0.9443152268839192 0
3841 2.979269972389588 0.9448957094343555 0
3842 2.9586019617944 0.9162833754285973 0
3843 2.92489245443763 0.9165157523278382 0
3844 2.908531444639314 0.9460205966426813 0
3845 1.324307564243831 0.7711203908689906 0
3846 1.291410865401025 0.7706440960859715 0
3847 4.762883538308893 0.9217728745659041 0
3848 2.626833798405342 0.9198969749985921 0
3849 2.594408889477711 0.9203759876978175 0
3850 1.723115433858001 0.6534116832792025 0
3851 1.716570560138298 0.2940670864257247 0
3852 1.699409497244896 0.2650180549095934 0
3853 1.750627883634774 0.2937128479230339 0
3854 0.07166956620084353 0.1286697629317103 0
3855 0.5019999192132736 0.9409385391352214 0
3856 0.2963342303652419 0.07464553228376258 0
3857 4.479077459656382 0.8965952923922977 0
3858 4.675995867557351 0.7209721789233374 0
3859 4.874865771057064 0.3633279633069006 0
3860 3.724496377680544 0.4003921975018943 0
3861 3.690097358530345 0.4006484774409979 0
3862 4.944954050941989 0.4189443810993509 0
3863 0.1878420828781415 0.6281501671730655 0
3864 0.2047413804582128 0.6571718851138816 0
3865 0.1197209584803667 0.2139793721707205 0
3866 4.922195408564445 0.2773955386477795 0
3867 1.026532290680116 0.9146616140952417 0
3868 1.041835327922385 0.9429297917440591 0
3869 0.9932263031187858 0.9151027962265748 0
3870 1.522353204960962 0.9074894142543677 0
3871 1.539683117844429 0.9341159745876101 0
3872 1.57262447604735 0.9326507675631948 0
3873 1.506276385059679 0.9392784101421443 0
3874 0.4773244413335722 0.5962304629218702 0
3875 0.4926260896419983 0.6262148712623707 0
3876 0.5276001322476807 0.6262892971756019 0
3877 2.131589717435789 0.9255493543077362 0
3878 2.098415927310664 0.926878125151936 0
3879 2.079715578515585 0.9514938527423156 0
3880 2.032649456872796 0.9267732876778174 0
3881 1.999469505155199 0.9281934889122518 0
3882 1.981153919203986 0.9524416225232526 0
3883 4.307869888571155 0.6258981009673714 0
3884 4.291238106765965 0.6555090693594821 0
3885 4.342237550619663 0.6257489297974563 0
3886 1.933754998793082 0.9279994341065263 0
3887 1.900597638048039 0.9294805927684104 0
3888 1.882632078023246 0.9533842849503699 0
3889 1.834917506127976 0.9292185277545058 0
3890 1.801749261274333 0.9307522036171867 0
3891 1.7841267860335 0.9543236688836987 0
3892 3.139967532310996 0.4039079180952508 0
3893 3.036782340323877 0.4045180935442747 0
3894 2.601676521234501 0.2896409755202022 0
3895 2.584349728181317 0.2591792517775549 0
3896 2.635775981127354 0.2894845824455109 0
3897 2.933588886693328 0.4051310600161146 0
3898 2.023096561575061 0.2926618365145008 0
3899 2.003757739136788 0.2634432423304446 0
3900 1.969832290906478 0.2637432070564357 0
3901 2.057152782234305 0.2926345391668903 0
3902 2.071757153630414 0.2639236117022693 0
3903 3.24264341458252 0.403333124371571 0
3904 1.390778367841575 0.6232255555037013 0
3905 1.40811916008676 0.6531549773503874 0
3906 1.356263849658311 0.6233987359829208 0
3907 2.771797782286449 0.2886544226233913 0
3908 2.757874115225518 0.2608750118188922 0
3909 2.806483646036003 0.2886945886119474 0
3910 1.920963521163369 0.2931769324012237 0
3911 1.902318742701496 0.2640173527041464 0
3912 1.868391358695084 0.2642671748295156 0
3913 1.954685039482491 0.2931486157254546 0
3914 1.671217844897551 0.9320255098987374 0
3915 1.638604503625204 0.932484415558585 0
3916 1.687125791598865 0.9617768225885273 0
3917 1.621629203429039 0.9057424063217818 0
3918 1.605702535589761 0.9318033750368744 0
3919 1.588714128125142 0.9062907552581232 0
3920 1.355337965421718 0.3840541529648758 0
3921 2.761539670873342 0.4062408465538926 0
3922 2.941888391570342 0.2876135731311893 0
3923 2.927023619570188 0.2600117456586329 0
3924 2.976090388469093 0.2874777327531418 0
3925 2.996233398237613 0.2594662957390061 0
3926 1.527775175622854 0.383353389214763 0
3927 3.343895277542133 0.4027385204782439 0
3928 3.045838808723099 0.2867028560331738 0
3929 3.078677136285527 0.2862645345337929 0
3930 3.097411451234292 0.2589767903378224 0
3931 3.146567167780662 0.2866576670672489 0
3932 3.180695509971489 0.2859435296354889 0
3933 3.198203407915422 0.2587869454261963 0
3934 3.248169705383277 0.2857421139685537 0
3935 3.282305388061697 0.2853947309073176 0
3936 3.299345973233436 0.2583382684898919 0
3937 3.240376120152959 0.6276680657862406 0
3938 3.254601511345317 0.6563259100454569 0
3939 3.205307982551684 0.6276760703958933 0
3940 3.516779958351761 0.4017252332187233 0
3941 1.080752571099746 0.6249057277699819 0
3942 1.095254799530206 0.6543343973178468 0
3943 1.045744679211224 0.6250798068061825 0
3944 1.818814492580535 0.2936840407983296 0
3945 1.80088287020053 0.2646083085113093 0
3946 1.852648123895698 0.2936237961323144 0
3947 1.958586832461843 0.4109360864590419 0
3948 2.130712030933109 0.4099090529381884 0
3949 4.173642010850676 0.3978652490779589 0
3950 3.417685136267979 0.2844669746182193 0
3951 3.400102036684703 0.2578410942306745 0
3952 3.451663969225836 0.2851704076495332 0
3953 1.855150756167431 0.4114759736298395 0
3954 4.483380048651341 0.3957757343853182 0
3955 3.481383214644216 0.6271265132424271 0
3956 3.498610764109991 0.6574714643758646 0
3957 3.446862256976093 0.6272389110116041 0
3958 3.519359135313556 0.2838227305211937 0
3959 3.501371138798511 0.257474022405899 0
3960 3.553273272804378 0.2846288775998742 0
3961 2.93625368820257 0.1485417252793534 0
3962 0.9085487082815944 0.6258957574962074 0
3963 0.9240348308493633 0.6550346018791071 0
3964 0.8737702234351479 0.6260077372924564 0
3965 3.037670115240395 0.1511873907787233 0
3966 3.621986984057401 0.2837196778594795 0
3967 3.602890818446898 0.2572478544231768 0
3968 3.655863323138422 0.2823065735059898 0
3969 2.694737668740268 0.1514405915907764 0
3970 2.302811774183205 0.4088841676982792 0
3971 2.862538216372758 0.1486373958234964 0
3972 1.729013434210355 0.7715485811157352 0
3973 1.715768347193015 0.7986791760684284 0
3974 1.748759506535155 0.7990316116332952 0
3975 1.193583144895586 0.2661260039511044 0
3976 1.201869144572444 0.153012891213241 0
3977 0.8176132513593748 0.7719609299571146 0
3978 0.800348957853446 0.8012756865511739 0
3979 0.8517305424421457 0.7717500238681839 0
3980 0.8686696608689417 0.8009392813543517 0
3981 0.902158490246795 0.8010253624024257 0
3982 0.9191680121172294 0.7716269298828902 0
3983 0.9529744692416808 0.7714961607928847 0
3984 0.9668395416651652 0.8004796454399877 0
3985 2.406059859634953 0.4082683660720209 0
3986 1.294767882301154 0.265953718403483 0
3987 2.538558626853466 0.7720767624828824 0
3988 2.555991973023947 0.8023951658559193 0
3989 2.590159097516585 0.8022650807070231 0
3990 2.522887784245853 0.8032260884480737 0
3991 2.57477448078029 0.8336148540138595 0
3992 2.624422397732743 0.8024278931848082 0
3993 2.642040497715064 0.8327378960994999 0
3994 2.606813127873969 0.7726718220372433 0
3995 2.504917217273682 0.7722834298394554 0
3996 2.48829240129306 0.8013159182751091 0
3997 2.470736197424937 0.8340698412517612 0
3998 1.463403349573446 0.26563971845051 0
3999 2.740889392170404 0.7720606297351109 0
4000 2.757738669442585 0.8011329598322343 0
4001 2.791465566344749 0.80211567646668 0
4002 2.724359451122203 0.8014718472539193 0
4003 2.707240368640053 0.7721444422594039 0
4004 2.69113355613905 0.8022758795674754 0
4005 2.842072245984783 0.772328272529943 0
4006 2.858895808708509 0.8012702570642373 0
4007 2.892248211902674 0.8015285374626471 0
4008 2.8756574957781 0.8300560032266864 0
4009 2.825070749826584 0.8026666657131933 0
4010 2.808315912996417 0.7725145074181702 0
4011 2.943157204452544 0.7721174989448916 0
4012 2.960121272010306 0.8011547448739806 0
4013 2.993593890392087 0.8011652479292557 0
4014 2.909314446714076 0.7721659053881947 0
4015 3.044499082123011 0.7718977135057576 0
4016 3.059737630422501 0.8010178592744697 0
4017 3.092718004560134 0.8009982037434207 0
4018 3.010714557339351 0.7718196289396394 0
4019 2.655581928346923 0.6292765191437764 0
4020 2.672938819010407 0.6584580183695258 0
4021 2.621725964547297 0.6289147084371555 0
4022 3.145697071206356 0.7717410379092207 0
4023 3.160361969569351 0.8006715725134358 0
4024 3.193134604308591 0.8006900827987788 0
4025 3.111554528051318 0.7716295942098972 0
4026 3.246880523588149 0.7714646097045701 0
4027 3.261001038817622 0.799498561828858 0
4028 3.21262194791951 0.77135958570395 0
4029 0.5644531515387601 0.210100521662187 0
4030 3.887749944362624 0.7705914936199144 0
4031 3.902483954412323 0.7990567310195564 0
4032 3.854002081282351 0.7703261590541726 0
4033 3.835754635333171 0.7996347419894239 0
4034 4.05639991904413 0.7704730971097353 0
4035 4.074830662983989 0.7939604438240456 0
4036 4.022758165762883 0.7714338417712938 0
4037 2.376916412283792 0.8351767571568817 0
4038 4.39402715788225 0.7701676024546651 0
4039 4.379837153731451 0.7945861447410832 0
4040 4.427089659715019 0.77163778134439 0
4041 0.4659485176069715 0.09464674286014096 0
4042 0.4830835800590219 0.06445292350997189 0
4043 0.5157324155797181 0.06520970401797432 0
4044 0.5000740065163733 0.03469154023987586 0
4045 0.549516620525238 0.06134527671721496 0
4046 0.5331227140375185 0.09381588557339071 0
4047 0.4508899452545156 0.06301001897032776 0
4048 0.4043216764605111 0.03300348767422534 0
4049 0.4326266647278585 0.09459329707526598 0
4050 4.845351039961692 0.892972684345519 0
4051 4.878302942500434 0.8926601976322612 0
4052 4.894614164393488 0.8639850762610168 0
4053 4.910924980638147 0.8925720492905551 0
4054 4.925706260171459 0.8651153108929777 0
4055 4.910595448984038 0.8356402265721303 0
4056 4.894102502363861 0.9206007534044545 0
4057 4.944712629642671 0.8374496219012832 0
4058 4.923185452215172 0.9218589444673272 0
4059 4.925944582945153 0.8067457215770244 0
4060 4.861818150952889 0.9202117148130859 0
4061 4.875184811240254 0.9472820372751727 0
4062 4.690499859653837 0.1043114135413159 0
4063 4.673905846215316 0.07717016637257357 0
4064 4.640973656753927 0.07732848227915889 0
4065 4.658010395866061 0.04848339687052228 0
4066 0.1551249937005439 0.801484460310218 0
4067 4.489767109898564 0.04774000053560423 0
4068 1.528412618461956 0.622562307062857 0
4069 1.562915213884724 0.6223268915003175 0
4070 1.960780683753025 0.04587358074364783 0
4071 0.1217244219905602 0.9151586389673397 0
4072 1.489184685168935 0.9085365080863392 0
4073 0.7356124759791063 0.3269424703784538 0
4074 0.7344264551735609 0.2683573933804277 0
4075 2.356620884238079 0.04669786091955813 0
4076 2.100195751544735 0.04863968362408844 0
4077 0.4379420452044012 0.8879947314922607 0
4078 1.862517119389856 0.04576675505909517 0
4079 1.762292958161679 0.04281744460248704 0
4080 4.554763591073314 0.3953540083318457 0
4081 4.591713322271708 0.3331031906952786 0
4082 0.5303389646597592 0.2683610040308544 0
4083 1.649059497787968 0.5924556695999551 0
4084 0.1522804247979166 0.0994637858981901 0
4085 4.859567771261572 0.5074319011333365 0
4086 4.844472866860881 0.7776795300906574 0
4087 0.2032479174460047 0.3002638772724999 0
4088 0.1378610903777435 0.6004425961685458 0
4089 0.3038933051916395 0.2421660183238977 0
4090 0.2865512824771361 0.213223904068665 0
4091 0.7190078117753611 0.5977474408515467 0
4092 4.690061479046152 0.2770992365772803 0
4093 4.723814172302049 0.2770007402975633 0
4094 0.5460552120685918 0.5961926019310829 0
4095 0.5445097665985532 0.6559199092872907 0
4096 0.7525906708685217 0.4769294909140042 0
4097 0.7700313589891736 0.4463874363579268 0
4098 4.693252378514005 0.7500989253292345 0
4099 0.407045827772742 0.6566194171906492 0
4100 3.793273590547904 0.4000333227098646 0
4101 0.1055698918647279 0.7154511884718955 0
4102 0.3500176622904565 0.1215143130257496 0
4103 1.717531460779512 0.4123104101848235 0
4104 0.4426826380794151 0.596279955958306 0
4105 1.290564674244734 0.9110213196389821 0
4106 4.893936302426772 0.8066266389912922 0
4107 0.3044511845023785 0.3592013639382409 0
4108 4.741543595684169 0.3643113901032798 0
4109 0.1371512779313684 0.4836828668619984 0
4110 4.877647452629543 0.7776091861019623 0
4111 0.5807270336314907 0.6555458463680671 0
4112 0.5639421603540562 0.6849782514022386 0
4113 0.5815319295135177 0.7141802513063538 0
4114 0.5459701064351226 0.7150850297830622 0
4115 0.5572713519469219 0.7482470160471162 0
4116 0.595560663632722 0.7472000427288734 0
4117 0.6156109386189317 0.7156940060944682 0
4118 0.57960229926403 0.7756475419160929 0
4119 4.824269497035068 0.2187565982626519 0
4120 1.766805835449118 0.2647028334718122 0
4121 1.763296954631479 0.7713913353898957 0
4122 1.717224131882646 0.5319152085234491 0
4123 4.673586776886834 0.3648474323585168 0
4124 0.05893302092684216 0.8572036100238047 0
4125 0.03975171108971765 0.8331995840011854 0
4126 0.2034192382296927 0.3593310410488448 0
4127 0.7358690251961826 0.5677795460863888 0
4128 0.6844574687923823 0.5973182238273155 0
4129 4.494736828368641 0.8106589625926803 0
4130 0.4594929340766694 0.5068593656240425 0
4131 0.4767445698274986 0.4767103078764403 0
4132 4.794649609738209 0.6321262102273644 0
4133 1.631399415460083 0.5026311812845604 0
4134 4.607386160977672 0.6628201719176584 0
4135 4.561530884070013 0.8672517230946233 0
4136 0.9247957479951276 0.3561338255870439 0
4137 0.7873041626294712 0.3564835295339897 0
4138 4.790296808471759 0.1609245993388947 0
4139 1.664791193625016 0.04753106643638366 0
4140 0.3719441976822715 0.3002308776270344 0
4141 0.6311882714728367 0.1522915177766723 0
4142 0.5810858289669993 0.416077540029359 0
4143 0.615364699139042 0.2977243366242622 0
4144 4.723922519233177 0.1038812002199909 0
4145 1.010529779516056 0.3854022671499316 0
4146 4.359485942671034 0.6552233905315092 0
4147 3.587645059408232 0.9710054595007895 0
4148 0.6482817084511903 0.2389564768448862 0
4149 0.4620649741916614 0.3269409879491275 0
4150 4.626464012533044 0.1604665501308541 0
4151 1.631592877666964 0.3830025725750553 0
4152 0.5017212669535982 0.8334645309572561 0
4153 0.1361375426171207 0.1852039957209922 0
4154 4.707146380620089 0.2479547712932889 0
4155 0.615143705218993 0.5363873633479141 0
4156 4.44982268989942 0.513717786337481 0
4157 0.3904828078575209 0.3881287955588775 0
4158 0.4270732539240951 0.3862896173282996 0
4159 0.5691947851795838 0.914467579254553 0
4160 4.761372234134838 0.8074626575173266 0
4161 4.572045113096198 0.5445838971604844 0
4162 4.777196865496013 0.7203952592283264 0
4163 0.4068212780761371 0.2996677390241989 0
4164 0.2389818876209309 0.8879982282494465 0
4165 1.208650751164371 0.9403853386933082 0
4166 2.74168892797385 0.8316664840835657 0
4167 2.400169157685757 0.6581080342836622 0
4168 4.366883116883111 0.9718822920849209 0
4169 4.726794202912552 0.9726828274055883 0
4170 3.750048457805149 0.02688723640401591 0
4171 1.416604192271046 0.02620754577838591 0
4172 1.612396527650971 0.02611436309526777 0
4173 1.250669307916976 0.971560884908427 0
4174 0.2728847866458741 0.02617839579388009 0
4175 3.230519480519484 0.02811770791507845 0
4176 2.161955995787116 0.9738953737305728 0
4177 0.8929627144174066 0.9723714917741085 0
4178 3.360389610389604 0.9718822920849228 0
4179 1.02490170632349 0.02586925675835783 0
4180 1.547129271545988 0.0265754577504615 0
4181 2.358343326645914 0.9731684481638223 0
4182 1.606915431673978 0.9737480170007982 0
4183 1.542207792207788 0.9718822920849214 0
4184 0.1096939157527053 0.02649613961584285 0
4185 2.576785318493924 0.02675123235784094 0
4186 2.642054804007063 0.02649913781116359 0
4187 3.392876302041813 0.02758043037113189 0
4188 1.481866687543564 0.02651803621117094 0
4189 3.294862199372535 0.9716535420395305 0
4190 4.0127537325683 0.02667858690306629 0
4191 0.9578428115457869 0.02701138997007274 0
4192 0.7629870129870089 0.9722821055171819 0
4193 2.808263727162046 0.02469718263580578 0
4194 3.165578161713972 0.02749482957647614 0
4195 4.301049896315225 0.9741491574543781 0
4196 2.292942310117386 0.9730259425475249 0
4197 2.227547448272363 0.9732771821396363 0
4198 1.253191271772912 0.02587356061825741 0
4199 2.51151661872352 0.02677306289361975 0
4200 1.379870129870129 0.9718822920849216 0
4201 1.314935064935059 0.9718822920849262 0
4202 4.661552286693495 0.9729375059221967 0
4203 4.171865891529682 0.9732728343046678 0
4204 4.009024498421399 0.9759252676652121 0
4205 1.090226524667015 0.02600563682866602 0
4206 0.7629870129870089 0.02811770791507234 0
4207 0.5683511469079523 0.9720708180302948 0
4208 0.8279220779220806 0.02811770791507923 0
4209 0.8928571428571486 0.02811770791507529 0
4210 0.6976511977316588 0.9725302605539766 0
4211 4.237012987012991 0.9718822920849325 0
4212 3.685306102411334 0.9698231300696881 0
4213 0.8281212597449925 0.972248212369033 0
4214 4.594629834576859 0.9736369364628192 0
4215 4.43181818181818 0.971882292084925 0
4216 3.718139669896645 0.9067723208899794 0
4217 4.877804515778187 0.8354693649152272 0
4218 0.03386993715515896 0.3702821998336 0
4219 0.287451440669257 0.3299588525869452 0
4220 4.537029380964656 0.4853844474620471 0
4221 0.2027801373764957 0.2427322008144543 0
4222 0.1881326088787834 0.6864864167238434 0
4223 4.858553622521883 0.3923880295276811 0
4224 4.87582496871965 0.4784154045858967 0
4225 4.841333975315904 0.305309155546132 0
4226 0.171829017123033 0.7728906258309832 0
4227 0.4081980098715099 0.4173562893918266 0
4228 0.4600676187476505 0.4466134756382222 0
4229 4.857372367117921 0.2187164184872906 0
4230 0.1860879428749396 0.3929870673154838 0
4231 3.673376704204387 0.3707939711641925 0
4232 4.792617108784242 0.4505014748194712 0
4233 0.4423344495840631 0.4769735100447265 0
4234 0.2204539020930527 0.5110635469107241 0
4235 0.2544278799771145 0.5694501207119073 0
4236 0.1545103152589693 0.6290341074038168 0
4237 0.138519090138419 0.8300138146083924 0
4238 0.9938506211702693 0.5353615245141556 0
4239 1.045828096201622 0.5055064496186406 0
4240 4.589454374472189 0.5740692229377438 0
4241 0.664265403594883 0.1522264877462949 0
4242 4.740674098916254 0.2479010145163024 0
4243 0.7290168886959891 0.8622326784305536 0
4244 0.5309464458676803 0.2100479764020567 0
4245 4.577198059033972 0.1346484681846271 0
4246 1.579712037576716 0.532929239754743 0
4247 1.562220037182088 0.5030356169231592 0
4248 1.528036022652518 0.5030009309336466 0
4249 0.7522635473573771 0.6560005678246786 0
4250 1.735530653075601 0.5020586761965034 0
4251 1.807169883206951 0.4998875791593417 0
4252 1.909593615519288 0.4976138516257189 0
4253 1.840842703944677 0.4996280800403602 0
4254 1.859702580824789 0.528909269658062 0
4255 1.601610968452611 0.8212338560419263 0
4256 0.5287246652970257 0.5065212423971754 0
4257 1.028246269985557 0.4751933613528322 0
4258 1.080167672449974 0.5055231787629765 0
4259 4.778424091754605 0.8361783708320988 0
4260 1.944370052369486 0.498756623994511 0
4261 1.963265871502277 0.5284570073516872 0
4262 1.719549534431 0.8475392407379951 0
4263 4.577293036884953 0.7808465498043667 0
4264 2.083678074701855 0.4971423430954046 0
4265 1.686601990421084 0.8495090255995148 0
4266 3.741535094157038 0.3704152771085957 0
4267 0.4215482842186926 0.8021454342996805 0
4268 2.808154174582661 0.8324549971158837 0
4269 2.601045684640943 0.4962589416535275 0
4270 2.013666603463861 0.4966901655791665 0
4271 4.477667803326596 0.228202996053552 0
4272 3.775683128241512 0.3702261355828456 0
4273 3.637493724047649 0.4900697457291403 0
4274 3.61865131232074 0.5161699420600694 0
4275 2.70474171110294 0.4952626313178041 0
4276 3.843765376636627 0.3696307495731142 0
4277 0.8218679690815951 0.5373955947223664 0
4278 3.740787371530937 0.487896754107036 0
4279 3.464620922678092 0.4911096796164935 0
4280 3.445944399096428 0.5170264899327909 0
4281 3.948580662428757 0.4882306605359498 0
4282 3.929488535613998 0.5146397646728628 0
4283 1.166203140071153 0.5354360055862619 0
4284 1.183289081597816 0.5051291965129192 0
4285 1.217899073312827 0.5048560944199872 0
4286 1.148937938107656 0.5053430489818226 0
4287 1.200426234923086 0.4749782317343907 0
4288 1.252370295084813 0.5047449745675799 0
4289 2.635802738110717 0.4952036067174053 0
4290 2.653769484180605 0.5257243596587974 0
4291 2.499936825352145 0.5407364485523038 0
4292 3.222576840907188 0.4925495264619869 0
4293 3.204140743710179 0.5182220206775859 0
4294 1.33844182778843 0.5344326019188758 0
4295 1.355548091465328 0.504157860240522 0
4296 1.390126675837154 0.5039515511483724 0
4297 1.321176179305941 0.5044093759481063 0
4298 1.372854776769131 0.4738116979763822 0
4299 1.424876191439777 0.5035145122513858 0
4300 3.809800461764116 0.4875788682978506 0
4301 0.8906499492597155 0.5370154299066581 0
4302 0.8733352924185529 0.5065961110259639 0
4303 1.884364399983679 0.8476895117504812 0
4304 3.67126154881912 0.4887309147566628 0
4305 3.842612170771237 0.5383604778243632 0
4306 2.532132014475144 0.4959385554357297 0
4307 2.946851965802226 0.4942043824329332 0
4308 2.73949301114639 0.4945205849849338 0
4309 2.757327979865781 0.5252883348530335 0
4310 3.879606251314749 0.4869802750851345 0
4311 4.121396575564587 0.4872285647339494 0
4312 4.102165699813323 0.5137985856507991 0
4313 3.993771633388819 0.8191172296057749 0
4314 3.773748094837093 0.5378188692275677 0
4315 2.463264679011536 0.4956453464389174 0
4316 2.431096357341675 0.5408949784846524 0
4317 3.568986099916709 0.4894891447724682 0
4318 2.568778717859321 0.540578484949092 0
4319 1.61447470485934 0.4725256245605931 0
4320 2.808536550705071 0.4942184543404347 0
4321 1.063036975778257 0.5357277100460033 0
4322 2.394618124502649 0.4950194267295162 0
4323 3.704870974525508 0.5386651991141918 0
4324 3.820452362615844 0.2305283816693288 0
4325 3.49864444595431 0.4898980342777433 0
4326 2.362257793288526 0.5410533283049427 0
4327 3.982085482324592 0.4870953697751354 0
4328 4.225070852711871 0.486614523109995 0
4329 4.205765310415354 0.5132913181504237 0
4330 3.753297425755388 0.2311928431582519 0
4331 2.32561912092389 0.4953051743760769 0
4332 2.877701327472326 0.4945942198718953 0
4333 3.118827054009715 0.4931725715314722 0
4334 3.100471393579307 0.5187551246257689 0
4335 4.014773882652122 0.5403336146492297 0
4336 2.293420972906967 0.541211509123614 0
4337 3.686024609525138 0.2310594060737994 0
4338 4.05227826496014 0.4861128847365536 0
4339 3.396195257727223 0.4904338225218609 0
4340 2.256570695284135 0.4957239201077523 0
4341 1.510904173665549 0.4729644072036747 0
4342 4.290303682693943 0.5372968492621585 0
4343 1.235210291532704 0.5348943838904645 0
4344 2.155752277806384 0.5415269266247172 0
4345 3.016284594147288 0.5395529682060063 0
4346 2.224585824862158 0.5413695223532597 0
4347 3.327128966182367 0.4920186252725892 0
4348 2.98143831683894 0.4937000203296796 0
4349 2.18751969080906 0.4961204107186009 0
4350 3.532615844039102 0.5406359719146839 0
4351 4.161010158825746 0.8174953848410191 0
4352 4.155774076599025 0.4858035959284864 0
4353 2.844187756032845 0.5407245194351309 0
4354 3.256797100069425 0.4912016192774313 0
4355 4.396715411622503 0.4850255984268241 0
4356 2.118521648726518 0.4964713322404947 0
4357 1.269521274232646 0.4745175620643959 0
4358 3.050562944183107 0.4932610136554469 0
4359 1.648958249852982 0.4723828527438249 0
4360 2.121336084597307 0.5416062303066449 0
4361 4.327391700702866 0.4851605491121534 0
4362 1.407374748867413 0.534062355365755 0
4363 1.459214688113082 0.5033672566062825 0
4364 2.913008327219051 0.539789744010051 0
4365 4.227700162992599 0.8168975388685266 0
4366 3.153238073772801 0.4915896987505406 0
4367 4.258358526500436 0.4856441356044378 0
4368 2.981858759394533 0.5396322041347091 0
4369 2.052503378176575 0.5428527843227399 0
4370 1.545321963938731 0.4729416281627112 0
4371 2.960247095348608 0.6857248645073433 0
4372 3.360530527706813 0.539510560326148 0
4373 2.892620954203663 0.6847698239052162 0
4374 4.295218166349435 0.8170727075151248 0
4375 2.825159896323668 0.6847365987506817 0
4376 2.757706950784275 0.6847717646139611 0
4377 0.9419173047351355 0.4453035212064868 0
4378 1.441976504452257 0.4734385823821322 0
4379 3.291674602409839 0.5399777111213451 0
4380 0.873243282594294 0.4454886220709565 0
4381 0.8904248488505153 0.4758389607094605 0
4382 2.589054807345665 0.68487995973847 0
4383 1.615543075216403 0.2364817068302159 0
4384 2.521583712216284 0.6848987101025787 0
4385 2.453935744073718 0.6860575389731769 0
4386 2.312951107400988 0.839667046704772 0
4387 2.248262740226712 0.8443429865272291 0
4388 1.777698271528126 0.6851602713663509 0
4389 1.76210068910425 0.654267065670843 0
4390 1.510812043385646 0.5332078214108744 0
4391 1.580825803690384 0.3532147741185034 0
4392 0.6490311574540539 0.9443791165006391 0
4393 4.677068444690777 0.7793715688176608 0
4394 0.2887152014646346 0.8020873441458041 0
4395 4.707390959034355 0.1900090410051465 0
4396 1.734286557691842 0.3823672665722019 0
4397 0.5481399612596682 0.1810321190800098 0
4398 1.648855815423311 0.3531952722986759 0
4399 0.5471700391367598 0.3565613786561153 0
4400 4.461812598796731 0.8111533817962328 0
4401 0.2890906313197052 0.744249125845144 0
4402 1.596860953954949 0.5028708914740474 0
4403 0.583752279136057 0.8297677390429692 0
4404 0.4548532081058729 0.7443060161719096 0
4405 0.6155616904512016 0.773821510381604 0
4406 0.02607045308243539 0.5325176647570671 0
4407 0.02625860775642819 0.3070119307124406 0
4408 0.03414152464421072 0.2427641124761638 0
4409 0.02548724487868181 0.1768523547293603 0
4410 4.973591004511961 0.758486716184551 0
4411 4.973704724436761 0.8542860470200061 0
4412 4.972352438309762 0.9162739599978744 0
4413 4.973952168845127 0.6939114376931229 0
4414 4.940400895842674 0.7100216775576417 0
4415 0.0326046719241444 0.07830597170849191 0
4416 4.968349286938879 0.07879500359376324 0
4417 4.972714591371799 0.2396392014434007 0
4418 4.272751350606462 0.02549628996206266 0
4419 1.751870970870159 0.4121321593407556 0
4420 0.6325024727512627 0.5666485687687413 0
4421 4.359238391056975 0.5365413722912682 0
4422 0.7002001854272994 0.6848683813260577 0
4423 4.758778616745312 0.393072555222776 0
4424 0.1543728454781386 0.5705331551991901 0
4425 2.925623771276308 0.8013491889363608 0
4426 4.776170888061182 0.4794544003118725 0
4427 0.2554517175000655 0.7441139943635153 0
4428 4.342789724108298 0.6846331351192999 0
4429 0.5117070416394607 0.4761830266054646 0
4430 4.659757167245782 0.7504639406920306 0
4431 3.862196109654088 0.3998614551646569 0
4432 1.131886905436877 0.5356629005095774 0
4433 1.304083400684931 0.5346724874051999 0
4434 0.2052864732556312 0.8874912852465773 0
4435 4.823486381291774 0.1608541322877374 0
4436 2.447948850717816 0.02546747165881347 0
4437 4.555164453950877 0.5743660241141484 0
4438 0.3028233009381314 0.1842465141127894 0
4439 0.2196614807913124 0.2716874608902326 0
4440 1.18506493506493 0.9720335655433141 0
4441 1.562825070423612 0.383397564624674 0
4442 3.015553259422149 0.2311294988210325 0
4443 3.639255659784244 0.3709187888738232 0
4444 4.695818662275974 0.8659460724972636 0
4445 0.9593919799917829 0.5358946080425667 0
4446 4.972573035041112 0.3716459773108318 0
4447 2.658018924539732 0.8028541683468505 0
4448 1.166059602823398 0.4747322702047154 0
4449 0.2873724526064869 0.3882994395588255 0
4450 4.791288937792111 0.9735782168114429 0
4451 4.690857851556068 0.2186683867054467 0
4452 3.621130420625141 0.4013377326235626 0
4453 2.675400561239331 0.8326659684594222 0
4454 0.5501868247099189 0.9402397591048288 0
4455 0.8111885765326396 0.8321852414828748 0
4456 0.8045245463948194 0.4462911570250875 0
4457 3.522851302314405 0.9703109051560703 0
4458 0.530162421835219 0.3860738067709905 0
4459 1.80286064192488 0.3820800483743041 0
4460 4.610367751416588 0.7804326238365049 0
4461 3.262326354448437 0.9718348057515652 0
4462 1.682497064207026 0.2363945314552604 0
4463 3.911778271304452 0.3690366460205561 0
4464 0.856131118707731 0.4763678158469344 0
4465 1.141979498947775 0.9413651795806468 0
4466 1.476418293754839 0.5333331575276007 0
4467 1.665844214053605 0.2653201845682675 0
4468 0.2053234421105126 0.8304471280700945 0
4469 1.097277836457946 0.475234060998131 0
4470 1.512766756478559 0.3531890185427231 0
4471 4.537781601605483 0.5447971181394422 0
4472 1.338381529614567 0.4740471593608149 0
4473 0.9246970103267382 0.4757164807518827 0
4474 0.8389959309906945 0.5070044323098616 0
4475 0.171900412165729 0.8301858946200437 0
4476 0.4812375217301446 0.180994230177775 0
4477 1.82081512839293 0.4118140244929481 0
4478 1.70979040070692 0.6838629295142034 0
4479 4.968434748925441 0.3054697529563943 0
4480 0.3045270638766344 0.4177462595102862 0
4481 4.471735862939187 0.6710226362572457 0
4482 1.479081604498333 0.3530955110905025 0
4483 3.930862689501837 0.3994492681405614 0
4484 4.673661059533925 0.2480271478157805 0
4485 3.571077573445814 0.3711793948455184 0
4486 4.759229787688277 0.4506546895521758 0
4487 3.750010799018107 0.9689250837328969 0
4488 1.63213550297065 0.2654060464144911 0
4489 4.325423620820796 0.6553093239366303 0
4490 2.973823711590657 0.8309314391076662 0
4491 4.944218266928137 0.7756468297592116 0
4492 4.710048092030792 0.5383070879037114 0
4493 0.6823139603017259 0.2390674685709763 0
4494 3.570834502933798 0.9402806902815594 0
4495 0.6969341625771825 0.02717334799754079 0
4496 1.45983252740944 0.3838408824608809 0
4497 0.7010380833760379 0.6268095563517747 0
4498 4.520526265817047 0.5152509983499138 0
4499 1.120617173575478 0.9720505561002009 0
4500 1.650275246476168 0.6515340324040021 0
4501 0.4620131504869578 0.2103319288508575 0
4502 1.677233106657479 0.6843725955234921 0
4503 4.64251734447666 0.2467104990460066 0
4504 0.7003161149769341 0.2684552478323687 0
4505 3.552251570072927 0.4018953985374468 0
4506 0.3879012309373704 0.2080133831030307 0
4507 1.870771871371006 0.3811804138324627 0
4508 3.980596774613768 0.3691183645116689 0
4509 4.556996850172789 0.6927532974008219 0
4510 0.5470453280918952 0.4157527952467593 0
4511 1.410321346277337 0.3538574636131086 0
4512 0.907591785070436 0.5065099619412514 0
4513 1.715912547068997 0.2362708564849872 0
4514 0.3057629505405579 0.773241043240274 0
4515 0.8349501058892144 0.8001061785986299 0
4516 0.5669872953953434 0.03105673993449642 0
4517 0.6497134759107961 0.5371691353409862 0
4518 1.075922442354539 0.9420309991911088 0
4519 1.389951861540036 0.3847843352295783 0
4520 4.509166499815464 0.7234679601200749 0
4521 4.742592543512905 0.4219513107258589 0
4522 4.491207787915387 0.6962335237427409 0
4523 3.999641549692985 0.3991654495625971 0
4524 1.617479762317284 0.7925657518901414 0
4525 0.3045841519291219 0.476153568111712 0
4526 1.905779481256909 0.3814998629061256 0
4527 3.239115830021449 0.9409322574762298 0
4528 4.174944133893474 0.02545547805570736 0
4529 4.274945548830043 0.6847868095509704 0
4530 3.502523593789465 0.3714874070147228 0
4531 1.733132594618485 0.2649558265592575 0
4532 3.927622855579913 0.8220967637193057 0
4533 1.609687120959356 0.6846296154580704 0
4534 0.3555317424802338 0.8020696834620449 0
4535 1.582070756458736 0.2364103803143666 0
4536 0.02569986582498185 0.7579183943485144 0
4537 1.343023518266381 0.3531489888202531 0
4538 3.008203703268814 0.8300699517839247 0
4539 1.286793800220472 0.504562532332988 0
4540 1.056422831842689 0.9714542291841682 0
4541 1.308693188798407 0.3534640126916025 0
4542 0.3726091618989722 0.7733777912336277 0
4543 4.048908958036331 0.3687518358296895 0
4544 0.3388507406252463 0.476635760782813 0
4545 1.92421142646955 0.4111961290397491 0
4546 1.117995857877921 0.3849958549746869 0
4547 3.468364242222097 0.3718652769222596 0
4548 1.575847163108599 0.6846490177608699 0
4549 0.7498770937810382 0.239131869960587 0
4550 1.493649763817004 0.5031798619912047 0
4551 4.974084371902298 0.8224223219924226 0
4552 0.6665488595361289 0.4464100044288965 0
4553 1.288174107001394 0.3844619308554117 0
4554 4.468129084721762 0.6030189225247136 0
4555 1.5647235512967 0.2654401449320822 0
4556 4.257138021032192 0.6555104452947882 0
4557 4.068456951644409 0.3988622930728527 0
4558 0.649447604015722 0.4767606332816224 0
4559 1.240513973152425 0.3538818690768923 0
4560 3.449029796328647 0.4024819725356761 0
4561 0.5294644444863401 0.4459541232292036 0
4562 1.973097109030634 0.3802894731479111 0
4563 1.545818897780592 0.6511850000837707 0
4564 1.219753091571355 0.3847894833615906 0
4565 0.6665143850608946 0.6263157451990219 0
4566 1.11457721065323 0.5054108319049296 0
4567 3.328092115228396 0.1285498959277562 0
4568 0.6665554340738389 0.5073105951399266 0
4569 2.640532472055465 0.7727537630983299 0
4570 0.4135201596671685 0.1802442192995092 0
4571 3.197301944512285 0.972506013180181 0
4572 0.9912514147225353 0.9718884198903432 0
4573 0.8773361680381868 0.8319360249933203 0
4574 1.172742939397447 0.3542655774661849 0
4575 4.947065708091516 0.6495283031588275 0
4576 1.009145233048039 0.9431322067963605 0
4577 4.691358731516183 0.3935274858872585 0
4578 4.117195525551629 0.3683700672795627 0
4579 2.908234065515944 0.8307776641696055 0
4580 2.008464982155011 0.3808740164212198 0
4581 3.399605581414267 0.3726832827503896 0
4582 0.3388415517631902 0.5355411460702837 0
4583 1.514636492807673 0.236789606412441 0
4584 1.782955729193395 0.2358650529919461 0
4585 4.139093510555534 0.3994069167393006 0
4586 1.508300210121296 0.6849801117114525 0
4587 0.05312047493776761 0.8020035957204306 0
4588 4.207484184192364 0.685284167643452 0
4589 0.7688416690861739 0.2686267908855321 0
4590 4.725109998213142 0.3932497311661157 0
4591 2.027443943437992 0.4106494465630306 0
4592 3.115003314671394 0.231468926363069 0
4593 3.37944480708976 0.4032686972826018 0
4594 0.6671459617534357 0.567423720212632 0
4595 0.9585642462704942 0.9721072578878771 0
4596 1.497105555304286 0.2656774878604923 0
4597 4.184312134895708 0.3667584235258003 0
4598 4.427970976734213 0.5975105202621125 0
4599 0.8172376001476438 0.2390186564830388 0
4600 1.475883053887629 0.6886656890093575 0
4601 4.604092459857794 0.1871645440760932 0
4602 3.163703821247078 0.9722054580012437 0
4603 3.026302584744815 0.8010153582883716 0
4604 4.077130115784046 0.0255654216107552 0
4605 0.9098087203378833 0.9444955548559754 0
4606 2.077173458019323 0.3806142981346473 0
4607 1.44242506716457 0.6472360246330087 0
4608 1.816852742660492 0.2360337981516969 0
4609 0.4588867938549246 0.6260586755897383 0
4610 4.674443204459245 0.4225096587680622 0
4611 3.331661210349921 0.3722608176405504 0
4612 4.219666628616313 0.3672049201355187 0
4613 0.4055683973417037 0.7734379652583979 0
4614 0.8364458780541779 0.2682237161581357 0
4615 4.172859458381371 0.6848210747933514 0
4616 4.593119388148656 0.7518612563618275 0
4617 0.5074980277686501 0.6564413411399463 0
4618 2.096380450977572 0.4102829369831602 0
4619 4.240304848935954 0.3974797306065077 0
4620 3.296282282371756 0.3732273021599405 0
4621 1.44817771279743 0.2363510981474942 0
4622 0.9116185422210985 0.8312213813438973 0
4623 0.8771938199192091 0.9444916246581518 0
4624 0.05481300355783914 0.5145549861367327 0
4625 4.639979887758705 0.4232581552287028 0
4626 4.969170977311503 0.5338043926135596 0
4627 3.276875053984277 0.4032067467651464 0
4628 0.8446631487997192 0.9446383209267362 0
4629 1.408389557881395 0.689912783531866 0
4630 0.2878882366208115 0.6272971783974151 0
4631 2.143592333998497 0.3788717100867271 0
4632 4.288720333280862 0.3674151482503338 0
4633 1.834651219419489 0.2646211719338078 0
4634 1.413955914971805 0.2369676844394512 0
4635 4.308714010027945 0.3972465804500843 0
4636 0.5430360821119686 0.7766710380860508 0
4637 1.373767069801618 0.6475326150413476 0
4638 4.575492873797112 0.7223769198396447 0
4639 2.179645950926121 0.3798112539090442 0
4640 3.948405028961754 0.9568622891027871 0
4641 4.154450888276233 0.6555656073089221 0
4642 0.8852558833137674 0.2389071545322713 0
4643 0.6484270700155828 0.8860441831377497 0
4644 3.229460004189609 0.3727450678775647 0
4645 3.734649313547239 0.9369801960695123 0
4646 0.8117865193581468 0.9449494837111982 0
4647 4.623292682908527 0.4531586569175735 0
4648 3.553572913243112 0.9096339862065566 0
4649 3.073097958765177 0.8305071895785667 0
4650 4.357100757593804 0.367014688776644 0
4651 2.199535950965862 0.4096409546524328 0
4652 1.395839023708388 0.2658870824594682 0
4653 3.142526848221225 0.9430660522499362 0
4654 0.7791730500741352 0.9451466701438735 0
4655 4.377429263872118 0.3968560587617934 0
4656 1.340583859523405 0.6903012302019798 0
4657 3.193559841822466 0.3738373192516016 0
4658 3.584369886414051 0.2299086461426018 0
4659 2.741168785907782 0.02493536292084031 0
4660 0.4688671552367989 0.03097671720105821 0
4661 0.7178986764630833 0.6559485793570419 0
4662 3.173668084819737 0.4038172350531704 0
4663 0.7686902657141006 0.6846926673384006 0
4664 2.248455631695371 0.3796150282902804 0
4665 4.425587737666915 0.3666018813433991 0
4666 1.265876563453959 0.6542797495443197 0
4667 1.308710411987897 0.6857170499009773 0
4668 4.44769529632705 0.3968744244476681 0
4669 0.9049026576186483 0.2680238364022828 0
4670 2.690657131117776 0.685728859717933 0
4671 2.268507504343646 0.4092956831111422 0
4672 4.48556949837364 0.5144195173019754 0
4673 1.346683506476554 0.2372600231457761 0
4674 0.9331566143966314 0.8010523147645205 0
4675 4.104636751666515 0.6847359080763276 0
4676 3.128517909517161 0.3726870591758659 0
4677 1.883605720997649 0.2353274773739671 0
4678 4.493869293747127 0.3647950295273707 0
4679 0.9528812970164031 0.2384413335236575 0
4680 0.7867912696247179 0.6558199455517247 0
4681 0.9758123339634257 0.2685155102534678 0
4682 1.196834217379037 0.6544861562816737 0
4683 2.314063652410209 0.3775572677646495 0
4684 4.521948713884767 0.3615375942311717 0
4685 3.091636181476945 0.3743142454998526 0
4686 0.08457754228081615 0.9711513254797586 0
4687 1.24435461649276 0.6841062431127938 0
4688 1.328357077963236 0.2660866701322497 0
4689 4.085821732072397 0.6555211863583384 0
4690 3.071099929439335 0.4043719736204704 0
4691 2.35091084271285 0.3787417807930878 0
4692 3.440859073580232 0.9402391557739112 0
4693 3.107802423918182 0.829307520485403 0
4694 3.09918191942542 0.9729446805394468 0
4695 1.128479130389737 0.6547395223077122 0
4696 1.317648246232205 0.02455419019917704 0
4697 0.8706258836297396 0.6847596158707994 0
4698 2.371720698200851 0.4085216907796331 0
4699 0.8365887341995886 0.6848749812562621 0
4700 1.917692992157164 0.2356243442061719 0
4701 1.176296177061273 0.6842389907365749 0
4702 0.1034334710823375 0.9436339930623262 0
4703 3.026307217808559 0.3731720091567887 0
4704 2.707007886823221 0.6573209160657343 0
4705 0.9575752835697822 0.6554353975421119 0
4706 2.740885924659344 0.6570383727425972 0
4707 2.41681588595492 0.3770523169276998 0
4708 2.988993211308443 0.3749126213418897 0
4709 1.280846615032179 0.2364445028218083 0
4710 2.967904262676482 0.4049808020032761 0
4711 4.950373705178182 0.9748083487343071 0
4712 0.04620971270885921 0.02488747251330031 0
4713 1.040437505941926 0.684479864475801 0
4714 1.108364339365007 0.6843738787301353 0
4715 0.8894368790876228 0.6554369379527805 0
4716 0.9385110312417662 0.6847054829630863 0
4717 4.467818486658324 0.4851278932612566 0
4718 0.664791325949857 0.8586766823760636 0
4719 2.453566655570032 0.3781690287881572 0
4720 1.060420560203782 0.6548073205352374 0
4721 4.036601210332471 0.684753622204038 0
4722 3.215774495499151 0.231618275853915 0
4723 2.474845522801046 0.4080228260013698 0
4724 1.006432939529375 0.6846045799432287 0
4725 0.02523351879112878 0.4679156970600656 0
4726 0.0263916359051275 0.9219770506941327 0
4727 0.7464795509477993 0.9454181501183905 0
4728 0.02548617120059937 0.9511152449469503 0
4729 4.973453295210961 0.04748966198787513 0
4730 0.4221934228238138 0.7447104912607021 0
4731 0.1478910359287737 0.9727969727604979 0
4732 2.923527171230494 0.3739489658031369 0
4733 0.05822075185413089 0.5726982421255175 0
4734 1.246152482753395 0.2373328786930874 0
4735 0.1821497640426779 0.9718594603002779 0
4736 2.542861275220507 0.4073873761171448 0
4737 2.864700874567542 0.4052284851229224 0
4738 1.936091913469811 0.2641127979873876 0
4739 2.52139535268716 0.3776172586089722 0
4740 2.888323599497737 0.374565774608928 0
4741 0.9802396774994182 0.8294992520525029 0
4742 0.02593935579997053 0.6949786804648124 0
4743 1.618113012444431 0.1263318784205349 0
4744 2.61262507444901 0.4068543437159015 0
4745 2.791549313514409 0.4121357590247364 0
4746 0.2016669640505717 0.9440856054209974 0
4747 0.05506344872617852 0.1043169805744211 0
4748 2.77479097930987 0.6568937182739116 0
4749 3.064345565661418 0.9718519677761417 0
4750 2.590112467602485 0.3771624708275789 0
4751 2.687006369409194 0.4127543192159518 0
4752 2.822719515483691 0.3697318777267604 0
4753 3.914108575327564 0.02522547992634117 0
4754 4.017363944032445 0.6555382461904122 0
4755 1.227228311053576 0.2661408522385154 0
4756 2.75204440105257 0.375356129146402 0
4757 2.654073516922575 0.3707360024455227 0
4758 2.720648601156283 0.3702716304123971 0
4759 3.482726318652883 0.2309685858069161 0
4760 3.494245861662448 0.1273462696055705 0
4761 2.808675849988802 0.6568701345535075 0
4762 4.675877947170779 0.5400897481558057 0
4763 1.180443283938932 0.2364870416202065 0
4764 3.126501170009959 0.8006411406947939 0
4765 2.145647860688367 0.1264610089063742 0
4766 3.968575332836136 0.6847877508288467 0
4767 1.000161679028364 0.80045971884909 0
4768 4.943886362038466 0.8973651912166246 0
4769 2.541466466612011 0.8337440508925551 0
4770 2.656674042251341 0.6862283162781482 0
4771 0.207434220822234 0.02351644701748573 0
4772 1.145472644479242 0.2375362930228805 0
4773 1.984230395070191 0.2347868548098633 0
4774 0.02500999835339535 0.1449843996119736 0
4775 2.903983955821709 0.02448702758500171 0
4776 0.7134869480072483 0.9453592156910609 0
4777 2.842570787927124 0.6568986820827826 0
4778 1.125914177888887 0.2663998107291161 0
4779 3.948928205225612 0.6557441730996977 0
4780 2.639639780121903 0.6577470080034848 0
4781 3.044408431536988 0.9438817239316055 0
4782 0.4059134107117242 0.7157445604844319 0
4783 2.018505958127179 0.23530088306214 0
4784 1.078346280636694 0.2374505572519875 0
4785 4.112355001248414 0.9542585616423656 0
4786 2.876466621108348 0.6569297402279903 0
4787 3.903138719065525 0.6864179538320836 0
4788 3.173000892081373 0.8297574700690917 0
4789 0.02545732125783617 0.6290322580645153 0
4790 0.7129708490838267 0.8316260915086613 0
4791 2.037668068221699 0.2637538477715857 0
4792 2.605569575718337 0.6574514273321775 0
4793 3.813850471678786 0.02656673128044706 0
4794 0.5668271287271756 0.09546265710450585 0
4795 2.91036915989317 0.6569668453865048 0
4796 1.046879309239139 0.8288560250690624 0
4797 0.4224547502229838 0.6868799598572393 0
4798 4.676798245129336 0.5986357621372088 0
4799 3.001538206332625 0.9736451270524158 0
4800 3.867081744315629 0.6851389824329779 0
4801 2.046380810644615 0.1274064788168566 0
4802 4.096528385063246 0.8182322424646947 0
4803 0.6813914883607834 0.9452041744290276 0
4804 2.944293766212238 0.6571483964444279 0
4805 1.15438954132209 0.02427762197589911 0
4806 4.187889865348104 0.5406364529555031 0
4807 3.382566189506908 0.2310206065382118 0
4808 1.717257523218257 0.126268725313459 0
4809 3.004360810252188 0.0264102280965684 0
4810 3.846685154444779 0.6559750830159379 0
4811 4.975841563250301 0.5935161016995258 0
4812 2.085884676401666 0.2351832425542809 0
4813 3.315646104270518 0.2311730546700731 0
4814 2.979078849213412 0.6572920934592004 0
4815 3.207734974481006 0.8284746030468119 0
4816 1.817438098804397 0.8488145439455864 0
4817 2.571694839032985 0.6574960958482923 0
4818 4.811083148024547 0.5979319782781007 0
4819 1.057345616792505 0.2678758480927494 0
4820 1.069425690868758 0.799039341314949 0
4821 2.966352957843845 0.9722989144484844 0
4822 4.592327437293465 0.2168431474979919 0
4823 2.105404251893401 0.2634650824193986 0
4824 0.02926420283924847 0.862048640893156 0
4825 3.588028330918634 0.1264451035664583 0
4826 3.798534278792501 0.6849333237800758 0
4827 3.777839469897201 0.6558400515504033 0
4828 0.2458592594152327 0.9734124660612041 0
4829 0.4380762905110913 0.9389577980472228 0
4830 0.4397728765486764 0.6570476235985124 0
4831 0.3011202021813353 0.9450042974598566 0
4832 0.3720387030089296 0.9388689532633349 0
4833 0.2788602108513212 0.9733265480559468 0
4834 2.537582994852079 0.657385033548001 0
4835 4.084462734802246 0.5407769721081445 0
4836 0.5022431442928856 0.9690140933773198 0
4837 3.029704223323764 0.6855496369329734 0
4838 0.3413823263025821 0.9779785279413892 0
4839 0.4706666438206719 0.9772016194846977 0
4840 0.4056180431457856 0.9777790287265413 0
4841 3.048700210448561 0.6570235881181046 0
4842 3.730498053042371 0.6849609481232017 0
4843 0.6648968715677852 0.9165130151795511 0
4844 3.706990615139198 0.6548362035706492 0
4845 0.6973379278066061 0.799854535533099 0
4846 2.151141768295008 0.2335525531101472 0
4847 3.332781739740426 0.2582188671007752 0
4848 0.02641242488507833 0.4047613036898767 0
4849 2.062838293820863 0.976098864718115 0
4850 3.116873720836928 0.6573678319930891 0
4851 3.097564110771174 0.6859077850347878 0
4852 3.227011716001738 0.8000616472971281 0
4853 0.2199726495837151 0.4503334963343983 0
4854 2.944279241720108 0.9440865345272713 0
4855 3.667941523120897 0.6913107711991675 0
4856 3.101703781064936 0.02617313298269192 0
4857 1.10824830093422 0.8344011815605052 0
4858 3.637044145205239 0.6503515853738575 0
4859 2.503965591224579 0.6577232866672907 0
4860 2.186349095373975 0.2345423514779014 0
4861 3.282552512542572 0.2311479492092842 0
4862 0.05688828866346674 0.2167548240235342 0
4863 3.779710381068081 0.9171867203441298 0
4864 3.164942087631835 0.6862685730318329 0
4865 3.366467007452766 0.2580237303982664 0
4866 3.596459221255158 0.6858519221060544 0
4867 3.199887848669645 0.6854608997127682 0
4868 3.533159947644222 0.6507163887695061 0
4869 2.469763784136822 0.6577696718581714 0
4870 0.634151256009251 0.7445867991478783 0
4871 3.287758503216 0.6569695699630491 0
4872 3.219804209825362 0.656801886644228 0
4873 3.356073606068629 0.6570372016845617 0
4874 2.206514168039437 0.262909784417004 0
4875 3.566424101043596 0.6913097577915411 0
4876 3.651293556124532 0.02612836004204128 0
4877 1.139034287613188 0.7943078480587846 0
4878 2.455625860555339 0.8004576320945519 0
4879 1.881444449915668 0.1261787406253258 0
4880 3.912037801817048 0.5413900040193315 0
4881 3.267410253729703 0.6857913955343127 0
4882 0.06018166248629919 0.27049453116776 0
4883 3.499530546440624 0.6911339131863784 0
4884 3.464475469181314 0.6508047333943724 0
4885 2.90550582807423 0.9781939804230637 0
4886 1.816187949531618 0.1265282770475855 0
4887 3.431736395206364 0.6918088294464252 0
4888 3.265364129380031 0.2586150509416313 0
4889 3.335319650972055 0.6857777495412074 0
4890 3.400921664119432 0.687520892817836 0
4891 3.274634800943054 0.8277393888324033 0
4892 0.7149503078085988 0.7720597661313056 0
4893 3.231492683489202 0.2589244016932406 0
4894 2.254028918778097 0.2344716857803704 0
4895 2.274552547275574 0.2626345528202082 0
4896 2.434835480523867 0.658022873818282 0
4897 3.416421221466021 0.230744399035367 0
4898 2.874980058009658 0.9397925372007572 0
4899 3.687036804993435 0.1264199089305404 0
4900 2.384293324124307 0.6860453076868018 0
4901 0.05683422582837405 0.3428115098180148 0
4902 2.320452339922174 0.2330927742671643 0
4903 3.29424847903297 0.7997662926788298 0
4904 3.182334058341294 0.2314237655630818 0
4905 1.173721202408477 0.8334327268352619 0
4906 3.1641830276639 0.2592064694899093 0
4907 1.832311145881853 0.1536370491178413 0
4908 3.130097317922407 0.2595062831639911 0
4909 3.434164095142488 0.2579818008693113 0
4910 1.766518926653244 0.1529033915281524 0
4911 2.349544382003292 0.2280042075629776 0
4912 1.749385706394109 0.5951418347776778 0
4913 2.841237195216292 0.9781109934036146 0
4914 3.554132564403695 0.02587147582189908 0
4915 2.365044096031879 0.6579446487239211 0
4916 2.379804606920099 0.2678452709065941 0
4917 1.20626113262992 0.7940977112461796 0
4918 3.468280144075781 0.2582757397823457 0
4919 1.86532687731902 0.1527251079469032 0
4920 1.78346412485147 0.1263956534010264 0
4921 3.082083750955008 0.2314192125086023 0
4922 3.03049415515666 0.2589953904631954 0
4923 2.420261275444692 0.2330558632464557 0
4924 3.338881038947215 0.8287961103914427 0
4925 2.449964405711816 0.2277299827938614 0
4926 1.733369879742377 0.1528570604434331 0
4927 2.48255425873129 0.2670855821984919 0
4928 2.810194976823904 0.9401371240212266 0
4929 2.315893080220028 0.6860562486484898 0
4930 3.328254684839895 0.02574503718438231 0
4931 1.964887569039769 0.9765579539790779 0
4932 1.749886898813698 0.5339103270750074 0
4933 2.550341649787609 0.26679735792715 0
4934 0.1906398876599109 0.3270093129705582 0
4935 1.666882039091095 0.1529091401230636 0
4936 4.544870547605409 0.949378058074809 0
4937 2.51613398189967 0.2278759441599723 0
4938 3.06429439410859 0.2589136295795521 0
4939 3.601665292661466 0.5425039471072187 0
4940 2.296333006882182 0.6579432630733622 0
4941 2.98046118784995 0.2319539111785631 0
4942 1.152452151518895 0.385480927038945 0
4943 2.894030097871048 0.2592688022683259 0
4944 2.961425657072294 0.259582684813852 0
4945 4.806286917310403 0.6635706365356361 0
4946 1.684375527451948 0.1257249921671749 0
4947 1.240103186890149 0.8335260906607684 0
4948 1.633690073256777 0.1530394432600235 0
4949 2.583113720485706 0.2277230725071115 0
4950 2.618200127595043 0.2664500856892273 0
4951 1.914434719697737 0.1249701534531797 0
4952 2.725190477856199 0.2600377049017266 0
4953 2.91330463259253 0.2315769517316228 0
4954 4.49646170476194 0.9746100082250595 0
4955 2.771549826493263 0.9737990702296753 0
4956 1.884759389231567 0.5462698506587478 0
4957 3.374056648725052 0.8271653225635238 0
4958 2.650135336233609 0.2267001935681791 0
4959 2.812611059904669 0.2320910213602184 0
4960 3.453944210083336 0.02589606540201972 0
4961 2.846191548056906 0.2318571936144601 0
4962 3.517798570100159 0.2302862306117834 0
4963 2.679668298898726 0.2308184983490524 0
4964 2.792386402769888 0.2602051084674641 0
4965 2.247884409201754 0.6861066068523241 0
4966 2.745464004264976 0.2322073089556155 0
4967 0.7302104911277909 0.1555383579349232 0
4968 4.612364184419496 0.9469122119077009 0
4969 2.227915289864163 0.6580242518366737 0
4970 1.948456382162998 0.1257737868542554 0
4971 3.535594040128798 0.2576184468952177 0
4972 1.585236022061136 0.1256784849226255 0
4973 4.578261618770972 0.9482492600774437 0
4974 0.7659730833133507 0.1206850062042815 0
4975 1.980905743779929 0.1263835549095779 0
4976 1.988456903938104 0.545902081329083 0
4977 0.7981863236843931 0.1590477357655682 0
4978 1.268683548875379 0.8279315694486564 0
4979 2.742658365307753 0.9787039306297081 0
4980 1.552819921468034 0.1245292676326409 0
4981 3.569660796739313 0.2577403536341918 0
4982 4.528745063003978 0.9746090958697089 0
4983 1.520080431113326 0.1242714910057562 0
4984 2.179874469119174 0.6861496062793738 0
4985 3.396742708426277 0.7981385170816002 0
4986 0.8309669634400587 0.1212638310984057 0
4987 0.8647248523886339 0.1590195204898925 0
4988 4.936490982624793 0.9494991582797241 0
4989 3.429235240544516 0.5431197116597409 0
4990 2.159509731783635 0.6583192729437548 0
4991 1.486693259633201 0.1247781190992351 0
4992 0.9311270379755536 0.1589192043494301 0
4993 1.453997261567117 0.1244959812523031 0
4994 0.8969929277761468 0.1215164399351387 0
4995 0.5637036871720524 0.803751411054657 0
4996 3.489709323696149 0.02557613267161707 0
4997 1.420820640909426 0.124720519425396 0
4998 0.9973531129154658 0.1585914763090011 0
4999 1.308446208614218 0.7932935395959029 0
5000 1.998227624676504 0.1530443084402188 0
5001 0.9627755630580856 0.1213303146600546 0
5002 1.388199578371812 0.1244048981901556 0
5003 3.851563314112063 0.1264835865478496 0
5004 4.778588974775756 0.9460628714722329 0
5005 4.887840745731451 0.9746599448608345 0
5006 1.068743632877069 0.1526055194243649 0
5007 4.975560679421369 0.4730589718716512 0
5008 2.112569370839156 0.6877208691297843 0
5009 4.84232984047933 0.947767070294004 0
5010 1.301925692212661 0.1528896764223276 0
5011 2.710498816764679 0.9414265303866645 0
5012 1.354508454627867 0.1253143076508653 0
5013 1.027619176810774 0.1203963637179917 0
5014 1.136175639299102 0.1530066986610565 0
5015 1.32165251894088 0.1252638672093212 0
5016 1.235529234299131 0.1528982719213587 0
5017 1.089600098319195 0.1259305986118401 0
5018 1.254808652550258 0.1261200739465469 0
5019 1.158149867654338 0.1240541656491473 0
5020 2.03111759901533 0.15328218879871 0
5021 4.823858298306723 0.9738088036385101 0
5022 1.189862143458197 0.1249608403813446 0
5023 3.436187677045981 0.8325060489123857 0
5024 1.015711678100804 0.2299845856916266 0
5025 2.083327574037039 0.6923757817181833 0
5026 4.480309631184964 0.9488265546286759 0
5027 3.617702848376647 0.2292929087229245 0
5028 2.67832783562189 0.979579702104173 0
5029 1.339761597303813 0.832476805011563 0
5030 2.052204535164281 0.6533217918754961 0
5031 4.746288095880591 0.9457970507612468 0
5032 3.440889448345612 0.0511851939808563 0
5033 3.465683060690712 0.7934191628932233 0
5034 3.409000911321955 0.05117584583519919 0
5035 1.983299848223806 0.6533558252718744 0
5036 4.279947265927986 0.1264406470813277 0
5037 4.974604636649412 0.1407602531482773 0
5038 1.866949608202254 0.977004397328429 0
5039 3.294064101964466 0.02568403945319619 0
5040 3.587756153428685 0.02550584235538111 0
5041 2.016341581082275 0.6917490796189004 0
5042 3.638318980189708 0.2584434883748555 0
5043 4.713304151091256 0.9461994975856257 0
5044 1.983800143590114 0.8492636624328751 0
5045 2.079437004267406 0.1269332556492384 0
5046 4.906231380676324 0.9475762087746151 0
5047 2.650140333661109 0.9746197801720913 0
5048 1.914820366916983 0.6533984103184307 0
5049 1.948382572025357 0.6918572718071014 0
5050 3.376292659252415 0.0509966868368632 0
5051 3.506975926037299 0.05065325758828698 0
5052 3.67251493088739 0.2585455966725401 0
5053 1.812443984026823 0.6533808809617108 0
5054 4.680970144262901 0.9459399290233439 0
5055 1.36879422283285 0.8269802278553486 0
5056 2.140211942304454 0.82578208430289 0
5057 1.880671748194948 0.6928796197127217 0
5058 3.539871817404801 0.05107864211684043 0
5059 3.187687951880045 0.5443177385371141 0
5060 2.097557044939311 0.1533982485009947 0
5061 3.343471259584148 0.05102904529495744 0
5062 1.851518981377027 0.6876600949518613 0
5063 3.505807712808657 0.8266160788096579 0
5064 2.130591529449707 0.1529330031650022 0
5065 4.974521043517072 0.1806398638302248 0
5066 2.610470067774985 0.94192244838192 0
5067 1.409255266583912 0.7929240841753336 0
5068 3.687505527971929 0.02554859679268595 0
5069 2.678086423928351 0.5442571126219183 0
5070 3.706888351724795 0.2589935324552458 0
5071 3.637716583043613 0.05108925774873363 0
5072 3.604989534139801 0.05067308045591223 0
5073 2.580528235232413 0.9799734263268971 0
5074 3.740466038730489 0.2585661586359097 0
5075 2.782083706235163 0.5440316206666946 0
5076 3.278478305800188 0.05079821048467442 0
5077 4.175158087105015 0.1281134890030991 0
5078 3.084434173866808 0.5440310836722571 0
5079 3.535436334158659 0.8313559471634591 0
5080 1.439639665125069 0.8314928834545083 0
5081 4.44750046929733 0.9486706864987979 0
5082 4.412734021380878 0.5125273802840364 0
5083 4.647463983785412 0.9469422641743438 0
5084 3.246302584217807 0.05072455425725242 0
5085 2.551898505975347 0.9750099241697807 0
5086 2.178315587053708 0.1255361574852923 0
5087 3.70270415547463 0.05092188589810087 0
5088 1.483382597704857 0.9688555380276513 0
5089 3.774876233082524 0.2589523466747842 0
5090 1.467638198061461 0.8268566419293137 0
5091 3.801118046323524 0.05144796267099994 0
5092 3.734482254468035 0.05098272466996756 0
5093 4.377111865267014 0.5122241288762841 0
5094 3.213649243491206 0.05081566356309741 0
5095 4.342296531339329 0.5126373162807418 0
5096 3.136010844180448 0.5184496838939657 0
5097 2.511984966302188 0.9427144465050455 0
5098 3.567240201403621 0.7935523993959783 0
5099 2.211344456879421 0.1250766348109411 0
5100 3.808377377248852 0.2584458255827626 0
5101 4.17126680835589 0.5135210620238742 0
5102 3.239598650901835 0.5178114565321525 0
5103 3.76779678543077 0.05135291940194547 0
5104 4.238577337370131 0.5137563412117682 0
5105 4.01684505524636 0.1264929157829432 0
5106 4.273075311926684 0.5132659184143179 0
5107 1.513929425989151 0.7984831170886135 0
5108 4.30772225426233 0.5128282500427236 0
5109 4.136095443252103 0.5142101098243367 0
5110 3.181356818511439 0.05057764476163007 0
5111 4.414922644846498 0.9486412691798373 0
5112 3.479233766470465 0.5174936692842216 0
5113 4.067997655235621 0.513541293080413 0
5114 3.96264206406827 0.5151003575612194 0
5115 3.65187827794377 0.5165973453335887 0
5116 3.850327256153946 0.02526970067663359 0
5117 3.898867629649682 0.05072335035874243 0
5118 0.6830350202963149 0.06126168759597878 0
5119 3.601149922425315 0.8314407075487438 0
5120 3.11490785443793 0.05094907488856593 0
5121 2.243885940534419 0.1244083939290307 0
5122 4.39731700466169 0.8162694023105828 0
5123 1.769198370049328 0.97642324711795 0
5124 4.221769008887406 0.5404657232294017 0
5125 3.148444097078275 0.05068206219279153 0
5126 4.076195676178988 0.1281051569224716 0
5127 2.482397409045091 0.9789980092663525 0
5128 3.842186079497407 0.2581189336922439 0
5129 3.866633748380293 0.05080353197647786 0
5130 3.895475026842832 0.5142749547135871 0
5131 3.066290889222306 0.02518863477064326 0
5132 4.11853071969821 0.5409792281537323 0
5133 4.382336144793743 0.9487690915677027 0
5134 3.997568942232491 0.5141759438999493 0
5135 2.44756294797604 0.9438685268553269 0
5136 2.277220895058191 0.1247251447888099 0
5137 4.948647719011786 0.09912306753884748 0
5138 1.534056214647921 0.8245917070372912 0
5139 4.032846461361595 0.5136342569021763 0
5140 1.763829898766919 0.6206893355545315 0
5141 3.946446398317586 0.02468202144109555 0
5142 3.629851017387361 0.8261386101945213 0
5143 3.886785251012209 0.2270916037118671 0
5144 2.083216791970056 0.847484655811266 0
5145 3.96636926445602 0.05217725142675617 0
5146 1.581496428331704 0.7953682686686244 0
5147 3.945967163458381 0.5414147950537045 0
5148 3.825388759069321 0.5147187059861628 0
5149 0.3203975605620761 0.06228357018094421 0
5150 4.06530232713139 0.05301865670332756 0
5151 3.860280621142499 0.5141751128237884 0
5152 2.033191545853931 0.8243554806641247 0
5153 1.6293526002981 0.766483864315159 0
5154 3.999607972224426 0.0527340648440634 0
5155 3.0167227109659 0.05091583802929955 0
5156 3.756519331443246 0.5149294645547036 0
5157 3.669233393498931 0.7925441405856153 0
5158 2.309736442969031 0.1242282092278396 0
5159 3.584959008406123 0.5157531352368876 0
5160 3.790871819140666 0.5148815718548114 0
5161 1.934687967453207 0.82513192018759 0
5162 4.033008213509333 0.05350242396347998 0
5163 3.687651829650299 0.515135835689161 0
5164 2.418520451262911 0.9797560833261187 0
5165 3.049373331044904 0.05031957832996059 0
5166 3.915748541005409 0.2224399587162158 0
5167 3.722320135765404 0.5144569106108673 0
5168 3.412403753614293 0.5164952846684906 0
5169 2.343135826610497 0.1246125287088322 0
5170 4.349730306591205 0.9489783129150829 0
5171 3.515472510409928 0.5158539337687686 0
5172 4.163785495392232 0.05323268321310148 0
5173 4.109335104340921 0.02476324877690572 0
5174 2.37947796949638 0.9472828985581909 0
5175 3.63565420870642 0.542378239695965 0
5176 3.550550365155642 0.5155968634451118 0
5177 4.130311725419656 0.05250706166753488 0
5178 3.94597645993022 0.2594107303231806 0
5179 3.343338948284615 0.5161010503190043 0
5180 3.274480792281248 0.5162795470655848 0
5181 1.662742805868356 0.7666156564706513 0
5182 2.967563851107612 0.02497773996906927 0
5183 3.378091443240233 0.5159856544188823 0
5184 3.463254539593777 0.5429976606933878 0
5185 4.121593320123294 0.1279256309287479 0
5186 3.308827330164928 0.5162522199540982 0
5187 4.207082226161377 0.02477336825943477 0
5188 4.261966864812899 0.05315402664721264 0
5189 3.170369719480767 0.5181910962309845 0
5190 4.228680347938809 0.05265555691005575 0
5191 2.73397270950823 0.5443529667933048 0
5192 2.375592665539931 0.1240897924002639 0
5193 2.919141291035018 0.04941551675841704 0
5194 3.033330111199889 0.5168621330868294 0
5195 3.067805275854529 0.5167836059968876 0
5196 3.701008349107814 0.8294317668570208 0
5197 3.222196775899803 0.5439060642802555 0
5198 4.013632596414831 0.2595160277404256 0
5199 3.118549450975555 0.544536449586426 0
5200 3.981513496562194 0.2229081192646734 0
5201 4.305957899081168 0.02588287812696261 0
5202 2.346266172918059 0.94708233982568 0
5203 4.327462413623056 0.05227439403271594 0
5204 2.951293080979639 0.05000642755242629 0
5205 2.998924443727361 0.5168225057237734 0
5206 4.366602084950284 0.0197485187791786 0
5207 4.395697701263057 0.05529462597912554 0
5208 3.735255355305127 0.7927213730853691 0
5209 2.409052272352978 0.1245062978385665 0
5210 4.459995276669198 0.05545150681095756 0
5211 1.764253910779336 0.5672864770297195 0
5212 4.430573850175068 0.02066969400078811 0
5213 4.509764886770796 0.02878821113385133 0
5214 4.316121385555011 0.9489028394342923 0
5215 4.557948048482552 0.0534735973599455 0
5216 4.625167463197031 0.05560065806245279 0
5217 2.314413980901383 0.9461781671121522 0
5218 4.689586592434146 0.05608703814583604 0
5219 1.713386765331622 0.9566204090004595 0
5220 4.594529675954075 0.02014920128344388 0
5221 4.975311552223321 0.4286554084521836 0
5222 4.048586367646846 0.2227157895858838 0
5223 1.832724463123769 0.8238968946197296 0
5224 2.964439367285896 0.5169166440674404 0
5225 3.917099386695726 0.1259161328156639 0
5226 1.702610258734762 0.8256234241972947 0
5227 4.08125830845653 0.2591219921593243 0
5228 4.450983824804958 0.7858560879650147 0
5229 2.441449670779837 0.1239527579935219 0
5230 4.658634488412062 0.02063266497134514 0
5231 1.765754691539348 0.8247970236077138 0
5232 2.929965313491025 0.5171334002710705 0
5233 2.630339849787555 0.5445161398448093 0
5234 2.872732428102756 0.0233140506772237 0
5235 1.682888369205067 0.7959707596091824 0
5236 2.280940563744084 0.9469845839479964 0
5237 1.735274726283915 0.8255559111973475 0
5238 2.474969333928326 0.1243907266714712 0
5239 4.115659596477621 0.2226922745204484 0
5240 2.854766704968404 0.04894662855749687 0
5241 1.665139808036557 0.977846820700268 0
5242 4.147857568762162 0.2594960541717281 0
5243 4.728485594995689 0.02414308916184793 0
5244 1.900472587236313 0.8239322283616634 0
5245 3.767547019122625 0.8288472028020111 0
5246 1.866495736530796 0.8235206440795825 0
5247 0.715114682821437 0.05041207340833909 0
5248 2.248442072714778 0.946736370101838 0
5249 2.895468918609789 0.5172847222888294 0
5250 1.818115048909545 0.953847875848909 0
5251 3.80243770517788 0.7924989016775059 0
5252 4.75741669571072 0.01980725069393469 0
5253 2.822738343180958 0.04936946731361636 0
5254 2.75606248325836 0.05005462267141886 0
5255 2.861079938376333 0.5176708881433425 0
5256 2.508184142489689 0.1243938123737972 0
5257 4.789539557102517 0.05485044966904312 0
5258 4.187269456476988 0.2264444473517669 0
5259 0.7467532467532503 0.04879935285476622 0
5260 4.283856637253808 0.9498717239915748 0
5261 4.250166986707105 0.2581208893117884 0
5262 4.951133001504247 0.3889692337433358 0
5263 2.790164720537432 0.04966847435322091 0
5264 4.318133064843352 0.2578873503716761 0
5265 2.215028245661753 0.9475517955899042 0
5266 0.779220779220773 0.04869967695585786 0
5267 1.782520545520024 0.8500278772698842 0
5268 2.542201300583152 0.1241351953161438 0
5269 4.216850008126162 0.2216730240927107 0
5270 2.000050621964332 0.8243080567709709 0
5271 4.52245416703389 0.2562664408274739 0
5272 4.385538760178981 0.257646998749833 0
5273 4.821673793396947 0.01896189819837302 0
5274 1.950992412646285 0.8492806626562275 0
5275 4.220591467094271 0.1277565087308686 0
5276 4.455545390638016 0.2547883964047764 0
5277 1.916530363987496 0.9529994137308204 0
5278 4.490205696097005 0.25441418965595 0
5279 2.826429989447517 0.5178803047486676 0
5280 4.28322400380698 0.2220935806617655 0
5281 2.182478283901685 0.9473215896193263 0
5282 0.8116883116883145 0.04860331413491226 0
5283 4.54383348334972 0.227724013342917 0
5284 2.791779072078941 0.5180964811910218 0
5285 4.950047071453989 0.2225187606466827 0
5286 3.834105320845057 0.8284063712671363 0
5287 4.350329947793409 0.2215422925241926 0
5288 4.888884289012804 0.05504867062530311 0
5289 4.851902624514114 0.02198873681791536 0
5290 2.571089921786421 0.1201649496375757 0
5291 2.708782403143603 0.02413986934528572 0
5292 4.415975437251027 0.2208410173911932 0
5293 2.014967974143727 0.9521340415993818 0
5294 0.8441558441558501 0.0485102522032172 0
5295 0.6910350546628614 0.09539547092524969 0
5296 2.600009910325824 0.1562649838617379 0
5297 4.032692562919934 0.1523732645521641 0
5298 2.687167861913532 0.05205188147950141 0
5299 4.065422108406554 0.1520486796968248 0
5300 3.86960048819234 0.7921572403221738 0
5301 4.346924528052948 0.7954481940262654 0
5302 2.11348748666461 0.9511810679666188 0
5303 2.148284726543527 0.9489047503586376 0
5304 4.918831168831174 0.02014494736222705 0
5305 0.87662337662338 0.04842048004921168 0
5306 2.653924977283347 0.05246542605963028 0
5307 4.420158535256526 0.7093106330157264 0
5308 2.047704031993157 0.9516273074581648 0
5309 3.735182429289963 0.1506456355975022 0
5310 3.983749831773902 0.124531273546708 0
5311 0.9090909090909096 0.04833398763216379 0
5312 2.050404560073663 0.8487292192597146 0
5313 2.63585797791775 0.1214076690466689 0
5314 2.72302362982503 0.519065843921204 0
5315 2.620571262829078 0.05310616508195787 0
5316 2.665900919581444 0.1572317469654718 0
5317 0.7071073758653061 0.1242771506306327 0
5318 4.25278794830531 0.9512922298439768 0
5319 2.687985559273874 0.5185349955208584 0
5320 0.9417845207980948 0.04862193742370413 0
5321 3.939129400340008 0.7943129386676132 0
5322 2.588237464700907 0.05260261992753057 0
5323 4.951890983254001 0.7419354838709684 0
5324 3.899279761076492 0.8279787368788228 0
5325 3.95011612610558 0.1251367883800441 0
5326 3.867291208958275 0.1511643991099393 0
5327 0.9761778867776765 0.04990625606743582 0
5328 2.095317346384245 0.9756884438653749 0
5329 2.554884227384626 0.05317856484347677 0
5330 1.142830816806577 0.05145826808978765 0
5331 3.901059056666563 0.1516708838093864 0
5332 2.706126618205143 0.125100495920087 0
5333 1.011045640279036 0.05086726232877514 0
5334 2.522591164626722 0.05265216989802246 0
5335 4.132011359872467 0.1518470080208591 0
5336 1.949234268536351 0.9525008584743022 0
5337 3.971909647591439 0.7923397263269025 0
5338 1.044013672409098 0.05093178738319326 0
5339 2.45694419571937 0.05235588498319543 0
5340 2.735674148620202 0.1207248130803658 0
5341 2.095914799761932 0.8229755148743653 0
5342 2.18919201614462 0.8466744498051184 0
5343 2.489198896825795 0.05323880726300961 0
5344 2.765944619297946 0.1562619433164314 0
5345 4.535123941493516 0.02405394085577728 0
5346 1.077160431208652 0.05153233866975288 0
5347 4.220265418910691 0.9513865025638082 0
5348 2.619746208924907 0.5196157682384662 0
5349 4.005776259222708 0.7922553198961788 0
5350 4.165488427484462 0.1524250491333623 0
5351 3.63579604804185 0.1511863847168502 0
5352 3.702262346818133 0.1512623936560661 0
5353 1.109995184831672 0.05163930438026981 0
5354 2.585677658922607 0.5194525442832898 0
5355 1.997286488921102 0.9762036427662448 0
5356 2.418831168831175 0.01956224995398637 0
5357 2.801131498937009 0.1217026087728267 0
5358 3.819137803460982 0.1241410076428845 0
5359 1.20511197410611 0.0484198899589211 0
5360 2.832283420709667 0.1566205447013041 0
5361 2.389578758935275 0.05372159532017695 0
5362 1.306375303843708 0.05139194958590942 0
5363 4.952677907489909 0.80688989462858 0
5364 4.106839222579615 0.7922059439717593 0
5365 1.850798852790466 0.9533709220422466 0
5366 3.602778323073896 0.1514676906208746 0
5367 1.186626486819844 0.0242699777278419 0
5368 4.039965374791208 0.7930990221013542 0
5369 4.976196878858209 0.02374753882133068 0
5370 0.0238031211417904 0.9762524611786694 0
5371 2.35389610389611 0.01944422013436753 0
5372 3.786412549322712 0.1233031332982046 0
5373 2.324135633986446 0.0536418967405865 0
5374 2.551261203232684 0.5194592175731418 0
5375 2.883340689105319 0.1293675640725671 0
5376 1.239494213642823 0.05020988379116365 0
5377 3.753395858923084 0.1241307647591615 0
5378 4.187765788512099 0.9517519750238365 0
5379 2.288961038961045 0.01933874069724606 0
5380 1.899330377669132 0.9766658984577298 0
5381 0.04673752973661571 0.7728748651000723 0
5382 1.273399473596341 0.05127160907989886 0
5383 2.516791227796352 0.5195667941514661 0
5384 3.502994771479923 0.1517046433889093 0
5385 2.258623911111888 0.05361456670299719 0
5386 0.02363528563041628 0.02357861346897422 0
5387 4.976364714369584 0.9764213865310258 0
5388 2.913295233480451 0.1265257950401197 0
5389 4.059588605530262 0.8198451198734276 0
5390 2.966586285995776 0.1561611403768171 0
5391 4.948989709811414 0.3282498134935188 0
5392 2.22402597402598 0.01924580978692514 0
5393 2.193629829802819 0.053360005998357 0
5394 1.349825910036078 0.02356907323948193 0
5395 4.952584460579594 0.6780500133451819 0
5396 1.371723459242586 0.05131427334973293 0
5397 0.05373075594768695 0.05192338398400986 0
5398 3.538035647147141 0.1506936900072384 0
5399 1.756575427549313 0.9528985686810452 0
5400 1.80141471892369 0.9769525136163815 0
5401 4.95198808793785 0.8701769920884188 0
5402 1.404760291147393 0.05158836375199582 0
5403 3.654281861854547 0.1263518509663482 0
5404 2.159090909090915 0.01916544062761361 0
5405 2.128631185742006 0.05406600534041572 0
5406 2.482285737809363 0.5195486786909097 0
5407 4.140559662593919 0.7917524200295285 0
5408 1.438355292797281 0.05253155730834808 0
5409 2.998446970809852 0.1202105542481184 0
5410 1.709164626253133 0.9779875877884363 0
5411 3.334010097970741 0.1541189218394321 0
5412 3.066560470370359 0.1566936916867683 0
5413 1.470651552749977 0.05209069351491713 0
5414 2.089850033445235 0.02332170250076948 0
5415 4.231075757028366 0.1513513330759608 0
5416 2.146404425778593 0.8490162187089922 0
5417 2.447820159260306 0.519647297587896 0
5418 1.504027089736808 0.052670477160697 0
5419 4.264514366247418 0.1508366957856226 0
5420 2.030137611650699 0.05322660961450276 0
5421 3.02816413823663 0.1239446838060528 0
5422 0.04742960548148778 0.5478756123770567 0
5423 2.060945701709187 0.01910874538257673 0
5424 1.53628446281759 0.05221126965595752 0
5425 4.174299110934394 0.7917503439864422 0
5426 1.569699144187784 0.05279643944197909 0
5427 3.132668211328336 0.1561143284815639 0
5428 1.980203876015198 0.02506493926678677 0
5429 1.601919162186096 0.05229973233334362 0
5430 1.931324872000031 0.05346648653779207 0
5431 3.555532438195518 0.1262903283584093 0
5432 1.634238544028409 0.0516165843081603 0
5433 3.096741369201982 0.121516159998045 0
5434 1.881686164683718 0.02499150738219413 0
5435 4.208019612460386 0.7915947146907174 0
5436 1.83100381308255 0.05159012448280781 0
5437 1.733881927165819 0.05305520393491331 0
5438 1.782688064776288 0.02383925142729126 0
5439 4.950174777223424 0.5114104494358345 0
5440 1.676374342209589 0.02234894172448609 0
5441 3.448306409179554 0.1266653635367583 0
5442 3.217056094227715 0.1266781697724156 0
5443 1.703995411783895 0.01866877455002686 0
5444 3.366012759320838 0.1556736968404921 0
5445 3.281832772342706 0.1270461210848818 0
5446 3.162074385747748 0.119759994403004 0
5447 0.04610426690221336 0.4827420227493592 0
5448 2.413269416038731 0.5194058828304512 0
5449 4.241759025876636 0.791616966493923 0
5450 3.418610161757641 0.1256816511451614 0
5451 3.25055551994767 0.1264100356748942 0
5452 4.156839231129721 0.9524952700614313 0
5453 4.276248157898912 0.7924086400500321 0
5454 2.378827107707299 0.5194333777963386 0
5455 4.311478691797135 0.7936416132405094 0
5456 0.0475319651443793 0.711773619904279 0
5457 0.342091626465312 0.08771063102832383 0
5458 4.406985232023504 0.7919758059063695 0
5459 4.614420791164283 0.2437587576868686 0
5460 0.2200935431938262 0.04891088796135556 0
5461 4.102472760370119 0.9760940209832958 0
5462 2.34414261530557 0.5189956569284091 0
5463 4.363338654623568 0.8182751818221056 0
5464 1.654806811384642 0.954153775181354 0
5465 2.309649742309423 0.5190630945668198 0
5466 0.08591051482021816 0.05249483949310801 0
5467 0.1510054019293965 0.05390700887479621 0
5468 4.312588122148931 0.1244122944576845 0
5469 0.04702138564730873 0.1896995760126881 0
5470 4.948136825388437 0.2807059591153709 0
5471 3.387198851428884 0.1268569179671997 0
5472 0.1221950381614589 0.05049585335397333 0
5473 0.2529632205916283 0.04999041920660774 0
5474 2.275172093248345 0.5191955755849309 0
5475 4.345929305227049 0.1244139148034515 0
5476 0.2848515905574844 0.05115566242522612 0
5477 0.04534559825620477 0.1303383101681675 0
5478 2.240713615345301 0.5193551183342801 0
5479 4.465242146902423 0.7000600441945559 0
5480 1.941106051817501 0.5474480795612748 0
5481 4.435228098748746 0.7483188021739057 0
5482 2.199557429966869 0.8231884213746433 0
5483 0.3261397890107913 0.1323448806158003 0
5484 1.622325426879478 0.9531987230670627 0
5485 0.04691444624006147 0.9395143300038721 0
5486 2.206241843340362 0.5194992521868356 0
5487 4.378661739156829 0.123694296425307 0
5488 4.519482077656776 0.1273593922710519 0
5489 2.171777375979895 0.5196609219962015 0
5490 0.1785714285714195 0.01809140782798746 0
5491 4.072743940978432 0.9766313955698286 0
5492 4.948981065899475 0.05387357787698971 0
5493 4.411579317249695 0.1235192706090523 0
5494 2.137331396344806 0.5198109841375737 0
5495 1.837582572454109 0.547590812189265 0
5496 2.102903597928056 0.5198828569476492 0
5497 0.5240213199186474 0.9486153304501773 0
5498 1.99742647008978 0.5213785656512253 0
5499 3.188387327241563 0.1237453079478801 0
5500 0.3435668572742507 0.1562484123160163 0
5501 2.233055136748106 0.8208390941805284 0
5502 4.055747438271455 0.9534626334702695 0
5503 4.598062817135318 0.273054997229546 0
5504 4.977091704309331 0.6377410227876611 0
5505 1.590101071884942 0.9531238044644192 0
5506 1.78884372483311 0.6610193122344691 0
5507 4.444289189867024 0.1228020709506507 0
5508 2.068721166790348 0.5210128444605264 0
5509 1.436761606482544 0.9768193981390836 0
5510 4.948993785211981 0.9269966262636068 0
5511 0.0471120482139904 0.3206780536215036 0
5512 0.05309735015014372 0.2981000209914215 0
5513 4.474266038483597 0.1229450421645566 0
5514 0.5436242397508613 0.9085175730195345 0
5515 2.033792774814546 0.5214343541210226 0
5516 4.581160779047526 0.3014413423851016 0
5517 4.599966915168031 0.1560865368787833 0
5518 0.02278541630178177 0.8136590470933902 0
5519 0.04685654219762014 0.4229234043396914 0
5520 1.893536284853576 0.5218391924493359 0
5521 4.023967766227579 0.9533308827651865 0
5522 1.808461802329924 0.02534132548450951 0
5523 2.265480349187075 0.8208602261094929 0
5524 0.527638475928061 0.8877318069221337 0
5525 4.530753072490695 0.1497283405891482 0
5526 1.929642510594015 0.5234019298421279 0
5527 4.565338158776157 0.3293354671454151 0
5528 4.544778530715607 0.3710383499086506 0
5529 1.904530875087014 0.02059079804685693 0
5530 2.939590161204298 0.1232184691937311 0
5531 2.862428315749942 0.1222958099336581 0
5532 4.557403932525771 0.1505127386240979 0
5533 1.557531247772677 0.9532505494439577 0
5534 3.99415107149723 0.9543418452183178 0
5535 4.949153315934012 0.5585967698739078 0
5536 4.911093511421088 0.6961252326290976 0
5537 2.000647628921029 0.01977918058774114 0
5538 0.51303712256879 0.86175171168853 0
5539 3.942789833422417 0.9808863305600041 0
5540 1.827322731900789 0.5241022102507241 0
5541 2.296989889532433 0.8217412100161831 0
5542 1.796563824556927 0.5239539018152199 0
5543 0.3612228584113608 0.187042662986626 0
5544 1.960274834031571 0.01981124558510272 0
5545 4.881937715159756 0.7004462916931137 0
5546 0.08604404367982887 0.295277443965672 0
5547 1.525974025974022 0.9550013489536826 0
5548 0.5272941599053016 0.8364389354651567 0
5549 4.570678072408759 0.2293009770343427 0
5550 2.444352186343191 0.8476700561721779 0
5551 4.854678155275996 0.6452721584666468 0
5552 0.04955916714883113 0.6524794941899501 0
5553 0.01778914172408452 0.5975220872899535 0
5554 4.45227661966093 0.6516619301197091 0
5555 0.115557718635757 0.2906819822336152 0
5556 2.328087086594399 0.8220840295657017 0
5557 3.783412251836569 0.8947824101232452 0
5558 1.862477020451082 0.01977519407127371 0
5559 0.05035277545268935 0.8810310773115182 0
5560 4.814985961041945 0.6430926320337951 0
5561 4.488779812616704 0.0215222220015695 0
5562 0.1421220272572987 0.346064689778891 0
5563 3.912337662337659 0.9836556675140173 0
$EndNodes
$Elements
11124
1 1 2 1 1 1 5
2 1 2 1 1 5 6
3 1 2 1 1 6 7
4 1 2 1 1 7 8
5 1 2 1 1 8 9
6 1 2 1 1 9 10
7 1 2 1 1 10 11
8 1 2 1 1 11 12
9 1 2 1 1 12 13
10 1 2 1 1 13 14
11 1 2 1 1 14 15
12 1 2 1 1 15 16
13 1 2 1 1 16 17
14 1 2 1 1 17 18
15 1 2 1 1 18 19
16 1 2 1 1 19 20
17 1 2 1 1 20 21
18 1 2 1 1 21 22
19 1 2 1 1 22 23
20 1 2 1 1 23 24
21 1 2 1 1 24 25
22 1 2 1 1 25 26
23 1 2 1 1 26 27
24 1 2 1 1 27 28
25 1 2 1 1 28 29
26 1 2 1 1 29 30
27 1 2 1 1 30 31
28 1 2 1 1 31 32
29 1 2 1 1 32 33
30 1 2 1 1 33 34
31 1 2 1 1 34 35
32 1 2 1 1 35 36
33 1 2 1 1 36 37
34 1 2 1 1 37 38
35 1 2 1 1 38 39
36 1 2 1 1 39 40
37 1 2 1 1 40 41
38 1 2 1 1 41 42
39 1 2 1 1 42 43
40 1 2 1 1 43 44
41 1 2 1 1 44 45
42 1 2 1 1 45 46
43 1 2 1 1 46 47
44 1 2 1 1 47 48
45 1 2 1 1 48 49
46 1 2 1 1 49 50
47 1 2 1 1 50 51
48 1 2 1 1 51 52
49 1 2 1 1 52 53
50 1 2 1 1 53 54
51 1 2 1 1 54 55
52 1 2 1 1 55 56
53 1 2 1 1 56 57
54 1 2 1 1 57 58
55 1 2 1 1 58 59
56 1 2 1 1 59 60
57 1 2 1 1 60 61
58 1 2 1 1 61 62
59 1 2 1 1 62 63
60 1 2 1 1 63 64
61 1 2 1 1 64 65
62 1 2 1 1 65 66
63 1 2 1 1 66 67
64 1 2 1 1 67 68
65 1 2 1 1 68 69
66 1 2 1 1 69 70
67 1 2 1 1 70 71
68 1 2 1 1 71 72
69 1 2 1 1 72 73
70 1 2 1 1 73 74
71 1 2 1 1 74 75
72 1 2 1 1 75 76
73 1 2 1 1 76 77
74 1 2 1 1 77 78
75 1 2 1 1 78 79
76 1 2 1 1 79 80
77 1 2 1 1 80 81
78 1 2 1 1 81 82
79 1 2 1 1 82 83
80 1 2 1 1 83 84
81 1 2 1 1 84 85
82 1 2 1 1 85 86
83 1 2 1 1 86 87
84 1 2 1 1 87 88
85 1 2 1 1 88 89
86 1 2 1 1 89 90
87 1 2 1 1 90 91
88 1 2 1 1 91 92
89 1 2 1 1 92 93
90 1 2 1 1 93 94
91 1 2 1 1 94 95
92 1 2 1 1 95 96
93 1 2 1 1 96 97
94 1 2 1 1 97 98
95 1 2 1 1 98 99
96 1 2 1 1 99 100
97 1 2 1 1 100 101
98 1 2 1 1 101 102
99 1 2 1 1 102 103
100 1 2 1 1 103 104
101 1 2 1 1 104 105
102 1 2 1 1 105 106
103 1 2 1 1 106 107
104 1 2 1 1 107 108
105 1 2 1 1 108 109
106 1 2 1 1 109 110
107 1 2 1 1 110 111
108 1 2 1 1 111 112
109 1 2 1 1 112 113
110 1 2 1 1 113 114
111 1 2 1 1 114 115
112 1 2 1 1 115 116
113 1 2 1 1 116 117
114 1 2 1 1 117 118
115 1 2 1 1 118 119
116 1 2 1 1 119 120
117 1 2 1 1 120 121
118 1 2 1 1 121 122
119 1 2 1 1 122 123
120 1 2 1 1 123 124
121 1 2 1 1 124 125
122 1 2 1 1 125 126
123 1 2 1 1 126 127
124 1 2 1 1 127 128
125 1 2 1 1 128 129
126 1 2 1 1 129 130
127 1 2 1 1 130 131
128 1 2 1 1 131 132
129 1 2 1 1 132 133
130 1 2 1 1 133 134
131 1 2 1 1 134 135
132 1 2 1 1 135 136
133 1 2 1 1 136 137
134 1 2 1 1 137 138
135 1 2 1 1 138 139
136 1 2 1 1 139 140
137 1 2 1 1 140 141
138 1 2 1 1 141 142
139 1 2 1 1 142 143
140 1 2 1 1 143 144
141 1 2 1 1 144 145
142 1 2 1 1 145 146
143 1 2 1 1 146 147
144 1 2 1 1 147 148
145 1 2 1 1 148 149
146 1 2 1 1 149 150
147 1 2 1 1 150 151
148 1 2 1 1 151 152
149 1 2 1 1 152 153
150 1 2 1 1 153 154
151 1 2 1 1 154 155
152 1 2 1 1 155 156
153 1 2 1 1 156 157
154 1 2 1 1 157 2
155 1 2 2 2 2 158
156 1 2 2 2 158 159
157 1 2 2 2 159 160
158 1 2 2 2 160 161
159 1 2 2 2 161 162
160 1 2 2 2 162 163
161 1 2 2 2 163 164
162 1 2 2 2 164 165
163 1 2 2 2 165 166
164 1 2 2 2 166 167
165 1 2 2 2 167 168
166 1 2 2 2 168 169
167 1 2 2 2 169 170
168 1 2 2 2 170 171
169 1 2 2 2 171 172
170 1 2 2 2 172 173
171 1 2 2 2 173 174
172 1 2 2 2 174 175
173 1 2 2 2 175 176
174 1 2 2 2 176 177
175 1 2 2 2 177 178
176 1 2 2 2 178 179
177 1 2 2 2 179 180
178 1 2 2 2 180 181
179 1 2 2 2 181 182
180 1 2 2 2 182 183
181 1 2 2 2 183 184
182 1 2 2 2 184 185
183 1 2 2 2 185 186
184 1 2 2 2 186 187
185 1 2 2 2 187 3
186 1 2 3 3 3 188
187 1 2 3 3 188 189
188 1 2 3 3 189 190
189 1 2 3 3 190 191
190 1 2 3 3 191 192
191 1 2 3 3 192 193
192 1 2 3 3 193 194
193 1 2 3 3 194 195
194 1 2 3 3 195 196
195 1 2 3 3 196 197
196 1 2 3 3 197 198
197 1 2 3 3 198 199
198 1 2 3 3 199 200
199 1 2 3 3 200 201
200 1 2 3 3 201 202
201 1 2 3 3 202 203
202 1 2 3 3 203 204
203 1 2 3 3 204 205
204 1 2 3 3 205 206
205 1 2 3 3 206 207
206 1 2 3 3 207 208
207 1 2 3 3 208 209
208 1 2 3 3 209 210
209 1 2 3 3 210 211
210 1 2 3 3 211 212
211 1 2 3 3 212 213
212 1 2 3 3 213 214
213 1 2 3 3 214 215
214 1 2 3 3 215 216
215 1 2 3 3 216 217
216 1 2 3 3 217 218
217 1 2 3 3 218 219
218 1 2 3 3 219 220
219 1 2 3 3 220 221
220 1 2 3 3 221 222
221 1 2 3 3 222 223
222 1 2 3 3 223 224
223 1 2 3 3 224 225
224 1 2 3 3 225 226
225 1 2 3 3 226 227
226 1 2 3 3 227 228
227 1 2 3 3 228 229
228 1 2 3 3 229 230
229 1 2 3 3 230 231
230 1 2 3 3 231 232
231 1 2 3 3 232 233
232 1 2 3 3 233 234
233 1 2 3 3 234 235
234 1 2 3 3 235 236
235 1 2 3 3 236 237
236 1 2 3 3 237 238
237 1 2 3 3 238 239
238 1 2 3 3 239 240
239 1 2 3 3 240 241
240 1 2 3 3 241 242
241 1 2 3 3 242 243
242 1 2 3 3 243 244
243 1 2 3 3 244 245
244 1 2 3 3 245 246
245 1 2 3 3 246 247
246 1 2 3 3 247 248
247 1 2 3 3 248 249
248 1 2 3 3 249 250
249 1 2 3 3 250 251
250 1 2 3 3 251 252
251 1 2 3 3 252 253
252 1 2 3 3 253 254
253 1 2 3 3 254 255
254 1 2 3 3 255 256
255 1 2 3 3 256 257
256 1 2 3 3 257 258
257 1 2 3 3 258 259
258 1 2 3 3 259 260
259 1 2 3 3 260 261
260 1 2 3 3 261 262
261 1 2 3 3 262 263
262 1 2 3 3 263 264
263 1 2 3 3 264 265
264 1 2 3 3 265 266
265 1 2 3 3 266 267
266 1 2 3 3 267 268
267 1 2 3 3 268 269
268 1 2 3 3 269 270
269 1 2 3 3 270 271
270 1 2 3 3 271 272
271 1 2 3 3 272 273
272 1 2 3 3 273 274
273 1 2 3 3 274 275
274 1 2 3 3 275 276
275 1 2 3 3 276 277
276 1 2 3 3 277 278
277 1 2 3 3 278 279
278 1 2 3 3 279 280
279 1 2 3 3 280 281
280 1 2 3 3 281 282
281 1 2 3 3 282 283
282 1 2 3 3 283 284
283 1 2 3 3 284 285
284 1 2 3 3 285 286
285 1 2 3 3 286 287
286 1 2 3 3 287 288
287 1 2 3 3 288 289
288 1 2 3 3 289 290
289 1 2 3 3 290 291
290 1 2 3 3 291 292
291 1 2 3 3 292 293
292 1 2 3 3 293 294
293 1 2 3 3 294 295
294 1 2 3 3 295 296
295 1 2 3 3 296 297
296 1 2 3 3 297 298
297 1 2 3 3 298 299
298 1 2 3 3 299 300
299 1 2 3 3 300 301
300 1 2 3 3 301 302
301 1 2 3 3 302 303
302 1 2 3 3 303 304
303 1 2 3 3 304 305
304 1 2 3 3 305 306
305 1 2 3 3 306 307
306 1 2 3 3 307 308
307 1 2 3 3 308 309
308 1 2 3 3 309 310
309 1 2 3 3 310 311
310 1 2 3 3 311 312
311 1 2 3 3 312 313
312 1 2 3 3 313 314
313 1 2 3 3 314 315
314 1 2 3 3 315 316
315 1 2 3 3 316 317
316 1 2 3 3 317 318
317 1 2 3 3 318 319
318 1 2 3 3 319 320
319 1 2 3 3 320 321
320 1 2 3 3 321 322
321 1 2 3 3 322 323
322 1 2 3 3 323 324
323 1 2 3 3 324 325
324 1 2 3 3 325 326
325 1 2 3 3 326 327
326 1 2 3 3 327 328
327 1 2 3 3 328 329
328 1 2 3 3 329 330
329 1 2 3 3 330 331
330 1 2 3 3 331 332
331 1 2 3 3 332 333
332 1 2 3 3 333 334
333 1 2 3 3 334 335
334 1 2 3 3 335 336
335 1 2 3 3 336 337
336 1 2 3 3 337 338
337 1 2 3 3 338 339
338 1 2 3 3 339 340
339 1 2 3 3 340 4
340 1 2 4 4 4 341
341 1 2 4 4 341 342
342 1 2 4 4 342 343
343 1 2 4 4 343 344
344 1 2 4 4 344 345
345 1 2 4 4 345 346
346 1 2 4 4 346 347
347 1 2 4 4 347 348
348 1 2 4 4 348 349
349 1 2 4 4 349 350
350 1 2 4 4 350 351
351 1 2 4 4 351 352
352 1 2 4 4 352 353
353 1 2 4 4 353 354
354 1 2 4 4 354 355
355 1 2 4 4 355 356
356 1 2 4 4 356 357
357 1 2 4 4 357 358
358 1 2 4 4 358 359
359 1 2 4 4 359 360
360 1 2 4 4 360 361
361 1 2 4 4 361 362
362 1 2 4 4 362 363
363 1 2 4 4 363 364
364 1 2 4 4 364 365
365 1 2 4 4 365 366
366 1 2 4 4 366 367
367 1 2 4 4 367 368
368 1 2 4 4 368 369
369 1 2 4 4 369 370
370 1 2 4 4 370 1
371 2 2 10 1 296 5088 295
372 2 2 10 1 4047 4660 4042
373 2 2 10 1 1883 4934 4126
374 2 2 10 1 485 4047 3305
375 2 2 10 1 58 4079 400
376 2 2 10 1 58 5438 4079
377 2 2 10 1 3303 3304 416
378 2 2 10 1 3344 4934 1883
379 2 2 10 1 2345 4995 3273
380 2 2 10 1 2749 3281 2753
381 2 2 10 1 20 4044 19
382 2 2 10 1 4636 4995 2345
383 2 2 10 1 2370 4389 3850
384 2 2 10 1 3850 4389 1648
385 2 2 10 1 2333 3815 1945
386 2 2 10 1 3588 3590 390
387 2 2 10 1 1141 4656 3584
388 2 2 10 1 23 3307 22
389 2 2 10 1 390 3591 3588
390 2 2 10 1 3584 4637 1141
391 2 2 10 1 485 4660 4047
392 2 2 10 1 3617 4600 1651
393 2 2 10 1 410 4645 4487
394 2 2 10 1 2184 3285 3274
395 2 2 10 1 1651 4607 3617
396 2 2 10 1 3666 3668 2068
397 2 2 10 1 3298 4681 1786
398 2 2 10 1 4744 4750 2983
399 2 2 10 1 4043 4044 402
400 2 2 10 1 3274 3285 2884
401 2 2 10 1 402 4044 20
402 2 2 10 1 844 4750 4744
403 2 2 10 1 360 4218 359
404 2 2 10 1 2984 4740 4737
405 2 2 10 1 3756 5088 296
406 2 2 10 1 385 3757 3754
407 2 2 10 1 841 4758 4756
408 2 2 10 1 4737 4740 842
409 2 2 10 1 841 4756 3921
410 2 2 10 1 3754 5509 385
411 2 2 10 1 3066 4567 1709
412 2 2 10 1 3304 3396 416
413 2 2 10 1 1709 5445 3066
414 2 2 10 1 2906 4882 4408
415 2 2 10 1 3305 4048 485
416 2 2 10 1 2068 4037 3666
417 2 2 10 1 1153 4563 4548
418 2 2 10 1 4548 4563 3405
419 2 2 10 1 1651 4629 3905
420 2 2 10 1 3905 4607 1651
421 2 2 10 1 2967 4752 1292
422 2 2 10 1 4586 4600 3617
423 2 2 10 1 1292 4745 2967
424 2 2 10 1 3618 4586 3617
425 2 2 10 1 447 3308 3252
426 2 2 10 1 2532 3338 1825
427 2 2 10 1 1898 3283 3282
428 2 2 10 1 866 4546 609
429 2 2 10 1 385 4200 3757
430 2 2 10 1 4831 4833 3507
431 2 2 10 1 430 4833 4831
432 2 2 10 1 3338 5545 1825
433 2 2 10 1 2768 3283 1897
434 2 2 10 1 1151 4844 4842
435 2 2 10 1 3757 4200 3758
436 2 2 10 1 4736 4739 3248
437 2 2 10 1 1300 4757 2978
438 2 2 10 1 4842 4844 3489
439 2 2 10 1 1304 4739 4736
440 2 2 10 1 402 4045 4043
441 2 2 10 1 2978 4751 1300
442 2 2 10 1 1647 4687 4666
443 2 2 10 1 4666 4687 3560
444 2 2 10 1 542 4117 1140
445 2 2 10 1 2852 3343 1871
446 2 2 10 1 2749 3359 3281
447 2 2 10 1 3252 3307 447
448 2 2 10 1 3905 4629 1141
449 2 2 10 1 3343 5555 1871
450 2 2 10 1 1141 4637 3905
451 2 2 10 1 447 3307 23
452 2 2 10 1 4796 4820 2802
453 2 2 10 1 3689 4820 4796
454 2 2 10 1 3469 4645 410
455 2 2 10 1 1876 4114 1875
456 2 2 10 1 2818 4857 3693
457 2 2 10 1 3855 4836 2982
458 2 2 10 1 3500 4832 469
459 2 2 10 1 4836 4839 2982
460 2 2 10 1 1192 3410 898
461 2 2 10 1 491 3760 3758
462 2 2 10 1 2078 3996 3990
463 2 2 10 1 469 4838 3500
464 2 2 10 1 3693 4877 2818
465 2 2 10 1 4408 4862 2906
466 2 2 10 1 4255 5146 4524
467 2 2 10 1 497 3814 3592
468 2 2 10 1 1167 4889 4873
469 2 2 10 1 2090 4114 1876
470 2 2 10 1 4656 4667 3584
471 2 2 10 1 4873 4889 3628
472 2 2 10 1 3592 3813 497
473 2 2 10 1 3618 4563 1153
474 2 2 10 1 382 4898 3844
475 2 2 10 1 4821 4854 3841
476 2 2 10 1 3844 4885 382
477 2 2 10 1 1627 4887 3601
478 2 2 10 1 3601 4884 1627
479 2 2 10 1 4494 4648 3470
480 2 2 10 1 3584 4667 3583
481 2 2 10 1 502 4854 4821
482 2 2 10 1 3512 4855 1625
483 2 2 10 1 4708 4710 2941
484 2 2 10 1 3988 4769 3990
485 2 2 10 1 3621 4911 1570
486 2 2 10 1 1625 4858 3512
487 2 2 10 1 3056 4760 1700
488 2 2 10 1 1192 3978 3287
489 2 2 10 1 4113 4116 4115
490 2 2 10 1 862 4710 4708
491 2 2 10 1 1153 4586 3618
492 2 2 10 1 3287 3410 1192
493 2 2 10 1 1700 5441 3056
494 2 2 10 1 3758 4200 491
495 2 2 10 1 1570 4916 3621
496 2 2 10 1 4045 4516 3253
497 2 2 10 1 4957 4985 2158
498 2 2 10 1 3665 4037 2352
499 2 2 10 1 3604 4985 4957
500 2 2 10 1 4866 4875 3539
501 2 2 10 1 1898 3282 3281
502 2 2 10 1 3259 4723 4719
503 2 2 10 1 4506 4570 3357
504 2 2 10 1 3287 3978 2796
505 2 2 10 1 1644 4966 4952
506 2 2 10 1 3538 4866 3539
507 2 2 10 1 4719 4723 840
508 2 2 10 1 2975 4601 1787
509 2 2 10 1 3319 5017 5006
510 2 2 10 1 4952 4966 3908
511 2 2 10 1 1826 3299 2409
512 2 2 10 1 5006 5017 1724
513 2 2 10 1 3697 4978 4947
514 2 2 10 1 4112 4114 2090
515 2 2 10 1 1566 4895 4894
516 2 2 10 1 3698 4978 3697
517 2 2 10 1 410 4212 3469
518 2 2 10 1 1623 4827 4826
519 2 2 10 1 4095 4112 2090
520 2 2 10 1 4894 4895 3576
521 2 2 10 1 3404 4533 3405
522 2 2 10 1 4095 4617 3876
523 2 2 10 1 4533 4548 3405
524 2 2 10 1 4826 4827 3533
525 2 2 10 1 841 4751 2978
526 2 2 10 1 2978 4758 841
527 2 2 10 1 2910 4502 4500
528 2 2 10 1 1139 4701 4682
529 2 2 10 1 3592 3815 2333
530 2 2 10 1 2566 4414 2843
531 2 2 10 1 4682 4701 3548
532 2 2 10 1 3567 5025 1187
533 2 2 10 1 2967 4745 3921
534 2 2 10 1 1930 5389 4802
535 2 2 10 1 1826 3301 3299
536 2 2 10 1 4500 4502 1152
537 2 2 10 1 3921 4756 2967
538 2 2 10 1 389 4457 3456
539 2 2 10 1 1187 5030 3567
540 2 2 10 1 4601 4822 1787
541 2 2 10 1 416 4048 3303
542 2 2 10 1 3503 4829 414
543 2 2 10 1 3638 4950 1575
544 2 2 10 1 3245 4570 4506
545 2 2 10 1 1575 4958 3638
546 2 2 10 1 3279 3356 2402
547 2 2 10 1 4415 5397 2973
548 2 2 10 1 414 4840 3503
549 2 2 10 1 4116 4870 4405
550 2 2 10 1 3309 5013 1710
551 2 2 10 1 3984 4767 4741
552 2 2 10 1 4741 4767 2785
553 2 2 10 1 1710 4998 3309
554 2 2 10 1 4802 5389 4035
555 2 2 10 1 2973 4747 4415
556 2 2 10 1 2020 3991 2161
557 2 2 10 1 842 4740 4732
558 2 2 10 1 1911 4046 1799
559 2 2 10 1 842 4732 3897
560 2 2 10 1 3404 4500 1152
561 2 2 10 1 5118 5295 2835
562 2 2 10 1 236 3446 235
563 2 2 10 1 3997 4878 3996
564 2 2 10 1 2078 3997 3996
565 2 2 10 1 3522 4955 3523
566 2 2 10 1 5107 5138 2898
567 2 2 10 1 4955 4979 3523
568 2 2 10 1 2382 3356 3279
569 2 2 10 1 2089 3308 2835
570 2 2 10 1 3812 5138 5107
571 2 2 10 1 2090 4617 4095
572 2 2 10 1 1630 4881 4871
573 2 2 10 1 4871 4881 3938
574 2 2 10 1 2161 3991 3989
575 2 2 10 1 3281 3282 2753
576 2 2 10 1 1152 4533 3404
577 2 2 10 1 3359 3431 2841
578 2 2 10 1 2919 4668 4665
579 2 2 10 1 230 3467 229
580 2 2 10 1 4665 4668 864
581 2 2 10 1 891 3366 955
582 2 2 10 1 4113 4115 4114
583 2 2 10 1 414 4829 2982
584 2 2 10 1 1897 3283 1898
585 2 2 10 1 3460 5166 1613
586 2 2 10 1 3760 4201 3761
587 2 2 10 1 5057 5062 3635
588 2 2 10 1 1642 4990 4984
589 2 2 10 1 5201 5203 3006
590 2 2 10 1 465 5203 5201
591 2 2 10 1 4984 4990 3551
592 2 2 10 1 4923 4925 3625
593 2 2 10 1 3330 5019 5014
594 2 2 10 1 3447 4692 3445
595 2 2 10 1 491 4201 3760
596 2 2 10 1 1613 5178 3460
597 2 2 10 1 3990 4769 2078
598 2 2 10 1 1805 4501 3357
599 2 2 10 1 1672 4598 4554
600 2 2 10 1 4117 4870 4116
601 2 2 10 1 3635 5062 3634
602 2 2 10 1 5014 5019 1675
603 2 2 10 1 3624 4923 3625
604 2 2 10 1 3956 4868 1154
605 2 2 10 1 1300 4744 2983
606 2 2 10 1 3721 5080 2320
607 2 2 10 1 3794 5135 493
608 2 2 10 1 2320 5067 3721
609 2 2 10 1 1154 4883 3956
610 2 2 10 1 493 5164 3794
611 2 2 10 1 2982 4839 414
612 2 2 10 1 4685 4690 2917
613 2 2 10 1 846 4690 4685
614 2 2 10 1 3360 4546 866
615 2 2 10 1 3610 4964 4959
616 2 2 10 1 2983 4757 1300
617 2 2 10 1 4749 4781 3837
618 2 2 10 1 4554 4598 3274
619 2 2 10 1 4959 4964 1572
620 2 2 10 1 481 4928 3473
621 2 2 10 1 3253 4794 4045
622 2 2 10 1 3263 4417 509
623 2 2 10 1 407 4781 4749
624 2 2 10 1 171 5007 3324
625 2 2 10 1 4218 4848 359
626 2 2 10 1 2984 4737 1292
627 2 2 10 1 2402 3357 3279
628 2 2 10 1 4118 4405 1601
629 2 2 10 1 17 4048 16
630 2 2 10 1 423 3797 3761
631 2 2 10 1 3473 4913 481
632 2 2 10 1 1647 4666 3583
633 2 2 10 1 2022 3991 2020
634 2 2 10 1 3324 5221 171
635 2 2 10 1 2072 5267 4816
636 2 2 10 1 3761 4201 423
637 2 2 10 1 1292 4752 2984
638 2 2 10 1 4691 4698 865
639 2 2 10 1 2913 4698 4691
640 2 2 10 1 3300 4818 4132
641 2 2 10 1 162 5065 5037
642 2 2 10 1 1678 5283 5271
643 2 2 10 1 4116 4405 4118
644 2 2 10 1 5271 5283 3269
645 2 2 10 1 3583 4667 1647
646 2 2 10 1 4695 4714 3942
647 2 2 10 1 1646 4714 4695
648 2 2 10 1 1945 3815 1947
649 2 2 10 1 5149 5457 2337
650 2 2 10 1 3286 5001 1707
651 2 2 10 1 1707 4992 3286
652 2 2 10 1 3669 4878 3997
653 2 2 10 1 1154 4868 3539
654 2 2 10 1 2891 5023 3607
655 2 2 10 1 3607 5033 2891
656 2 2 10 1 3587 3591 2333
657 2 2 10 1 373 5207 3419
658 2 2 10 1 3450 3455 2354
659 2 2 10 1 3850 4478 2910
660 2 2 10 1 3419 5206 373
661 2 2 10 1 4027 4903 4891
662 2 2 10 1 486 4785 3737
663 2 2 10 1 15 3396 14
664 2 2 10 1 3954 4678 854
665 2 2 10 1 3283 4681 3298
666 2 2 10 1 4891 4903 2808
667 2 2 10 1 3526 5047 3527
668 2 2 10 1 540 4117 542
669 2 2 10 1 4800 4810 3530
670 2 2 10 1 5028 5047 3526
671 2 2 10 1 3989 3992 2161
672 2 2 10 1 4478 4502 2910
673 2 2 10 1 3539 4875 1154
674 2 2 10 1 3695 4917 2864
675 2 2 10 1 4678 4684 854
676 2 2 10 1 4126 4230 1883
677 2 2 10 1 3325 4163 2770
678 2 2 10 1 4860 4874 3573
679 2 2 10 1 4679 4681 3297
680 2 2 10 1 3563 5142 5119
681 2 2 10 1 2864 4905 3695
682 2 2 10 1 1786 4681 4679
683 2 2 10 1 1175 4810 4800
684 2 2 10 1 874 4798 878
685 2 2 10 1 2332 3468 3464
686 2 2 10 1 3278 4230 4126
687 2 2 10 1 1652 4874 4860
688 2 2 10 1 4524 5146 1188
689 2 2 10 1 3400 5467 455
690 2 2 10 1 3778 5097 395
691 2 2 10 1 1742 3379 1745
692 2 2 10 1 3562 5142 3563
693 2 2 10 1 4414 5323 2843
694 2 2 10 1 3469 4212 3468
695 2 2 10 1 3895 4933 1650
696 2 2 10 1 4809 5182 96
697 2 2 10 1 395 5127 3778
698 2 2 10 1 3350 4853 3348
699 2 2 10 1 4650 4655 1285
700 2 2 10 1 3280 4655 4650
701 2 2 10 1 1875 4636 1783
702 2 2 10 1 3981 4674 4622
703 2 2 10 1 4856 5131 99
704 2 2 10 1 1650 4949 3895
705 2 2 10 1 455 5490 3400
706 2 2 10 1 3643 4872 4867
707 2 2 10 1 4031 5324 2353
708 2 2 10 1 1786 5024 3298
709 2 2 10 1 844 4736 3248
710 2 2 10 1 4887 4890 3601
711 2 2 10 1 3856 5149 2337
712 2 2 10 1 3601 4890 3600
713 2 2 10 1 1578 4927 3625
714 2 2 10 1 862 4703 3893
715 2 2 10 1 509 5470 3263
716 2 2 10 1 2353 5300 4031
717 2 2 10 1 862 4708 4703
718 2 2 10 1 2908 4746 4735
719 2 2 10 1 4622 4674 2153
720 2 2 10 1 3666 4037 3665
721 2 2 10 1 3465 3468 472
722 2 2 10 1 4487 4645 3817
723 2 2 10 1 3737 5452 486
724 2 2 10 1 3248 4750 844
725 2 2 10 1 4930 5039 106
726 2 2 10 1 4132 4818 1882
727 2 2 10 1 3252 3308 2089
728 2 2 10 1 4735 4746 453
729 2 2 10 1 4867 4872 1206
730 2 2 10 1 1672 4554 3256
731 2 2 10 1 3299 3300 2409
732 2 2 10 1 3625 4925 1578
733 2 2 10 1 3308 5118 2835
734 2 2 10 1 3449 3455 3450
735 2 2 10 1 3253 4516 3307
736 2 2 10 1 1645 5035 3570
737 2 2 10 1 111 4996 4960
738 2 2 10 1 3327 5243 3306
739 2 2 10 1 5243 5252 3306
740 2 2 10 1 5258 5269 3486
741 2 2 10 1 3985 4707 840
742 2 2 10 1 3570 5041 1645
743 2 2 10 1 1648 4478 3850
744 2 2 10 1 2152 4999 3725
745 2 2 10 1 4156 5082 813
746 2 2 10 1 3776 4811 176
747 2 2 10 1 3741 5066 451
748 2 2 10 1 3725 5029 2152
749 2 2 10 1 4707 4719 840
750 2 2 10 1 1752 4230 3278
751 2 2 10 1 114 5040 4914
752 2 2 10 1 3485 5258 3486
753 2 2 10 1 5187 5190 3013
754 2 2 10 1 3588 3591 3587
755 2 2 10 1 858 4762 873
756 2 2 10 1 4965 4969 3542
757 2 2 10 1 5394 5396 3242
758 2 2 10 1 4642 4669 3654
759 2 2 10 1 404 5190 5187
760 2 2 10 1 452 5396 5394
761 2 2 10 1 4045 4794 4046
762 2 2 10 1 423 4173 3797
763 2 2 10 1 1194 4969 4965
764 2 2 10 1 419 4218 360
765 2 2 10 1 117 5068 4876
766 2 2 10 1 1703 4987 3264
767 2 2 10 1 5149 5476 503
768 2 2 10 1 469 4832 3503
769 2 2 10 1 2941 4710 3897
770 2 2 10 1 4042 4660 4044
771 2 2 10 1 3494 4720 4713
772 2 2 10 1 3231 5295 5118
773 2 2 10 1 3278 3348 1752
774 2 2 10 1 476 5210 3372
775 2 2 10 1 3456 4648 4494
776 2 2 10 1 3797 4173 3796
777 2 2 10 1 3264 4994 1703
778 2 2 10 1 4024 4852 4815
779 2 2 10 1 1767 5290 3409
780 2 2 10 1 3372 5212 476
781 2 2 10 1 3409 5296 1767
782 2 2 10 1 451 5073 3741
783 2 2 10 1 863 4662 4657
784 2 2 10 1 3507 4828 3508
785 2 2 10 1 2326 3455 3449
786 2 2 10 1 122 5116 4793
787 2 2 10 1 4657 4662 2892
788 2 2 10 1 5037 5065 3369
789 2 2 10 1 4602 4653 3454
790 2 2 10 1 3897 4732 2941
791 2 2 10 1 2770 4149 3325
792 2 2 10 1 3503 4840 469
793 2 2 10 1 3507 4833 4828
794 2 2 10 1 3256 5554 1672
795 2 2 10 1 4713 4720 1146
796 2 2 10 1 1626 4819 3298
797 2 2 10 1 5016 5018 1733
798 2 2 10 1 2770 3356 2382
799 2 2 10 1 1139 4682 3560
800 2 2 10 1 3204 5018 5016
801 2 2 10 1 3307 4516 22
802 2 2 10 1 1692 5317 4967
803 2 2 10 1 4816 5267 3710
804 2 2 10 1 3856 5476 5149
805 2 2 10 1 3538 4858 1625
806 2 2 10 1 1140 4117 4113
807 2 2 10 1 4967 5317 3260
808 2 2 10 1 4309 5075 2259
809 2 2 10 1 215 5491 5461
810 2 2 10 1 445 4653 4602
811 2 2 10 1 4815 4852 2327
812 2 2 10 1 2324 3300 3299
813 2 2 10 1 1782 4669 4642
814 2 2 10 1 4664 4671 843
815 2 2 10 1 4632 4635 853
816 2 2 10 1 3840 4799 3841
817 2 2 10 1 176 5504 3776
818 2 2 10 1 2887 4671 4664
819 2 2 10 1 3265 5527 2380
820 2 2 10 1 2259 5191 4309
821 2 2 10 1 1304 4723 3259
822 2 2 10 1 3294 4635 4632
823 2 2 10 1 4125 4824 345
824 2 2 10 1 3580 5063 3579
825 2 2 10 1 3580 5079 5063
826 2 2 10 1 3560 4687 1139
827 2 2 10 1 3725 5055 5029
828 2 2 10 1 1625 4866 3538
829 2 2 10 1 5461 5491 3675
830 2 2 10 1 3925 4922 2643
831 2 2 10 1 3456 4457 3450
832 2 2 10 1 3724 5055 3725
833 2 2 10 1 4799 4821 3841
834 2 2 10 1 3620 4902 3621
835 2 2 10 1 2380 5528 3265
836 2 2 10 1 480 4165 3796
837 2 2 10 1 2928 5251 4033
838 2 2 10 1 487 4640 3679
839 2 2 10 1 5444 5471 1758
840 2 2 10 1 4902 4911 3621
841 2 2 10 1 3656 4927 1578
842 2 2 10 1 3259 4739 1304
843 2 2 10 1 4004 4453 4447
844 2 2 10 1 3241 5471 5444
845 2 2 10 1 898 3410 896
846 2 2 10 1 1799 4046 1797
847 2 2 10 1 2370 5140 4389
848 2 2 10 1 3357 4501 3279
849 2 2 10 1 4033 5286 2928
850 2 2 10 1 1578 4937 3656
851 2 2 10 1 3490 4896 4167
852 2 2 10 1 1586 5198 3463
853 2 2 10 1 2896 4778 4772
854 2 2 10 1 2864 4917 3697
855 2 2 10 1 2324 3379 3300
856 2 2 10 1 3796 4173 480
857 2 2 10 1 3463 5200 1586
858 2 2 10 1 4454 5497 2971
859 2 2 10 1 1627 4884 3956
860 2 2 10 1 4772 4778 1589
861 2 2 10 1 3234 5298 5291
862 2 2 10 1 4290 5069 2265
863 2 2 10 1 2342 4004 4002
864 2 2 10 1 472 3467 3465
865 2 2 10 1 3249 5398 5384
866 2 2 10 1 2034 4037 2032
867 2 2 10 1 3978 4515 4455
868 2 2 10 1 2971 5514 4454
869 2 2 10 1 4766 4779 3545
870 2 2 10 1 5291 5298 478
871 2 2 10 1 2856 3360 2747
872 2 2 10 1 4943 4953 3923
873 2 2 10 1 5384 5398 1506
874 2 2 10 1 3956 4883 1627
875 2 2 10 1 430 4831 3500
876 2 2 10 1 4114 4115 1875
877 2 2 10 1 1699 4977 3254
878 2 2 10 1 3954 4668 2919
879 2 2 10 1 223 3813 222
880 2 2 10 1 846 4676 3892
881 2 2 10 1 4812 4823 3902
882 2 2 10 1 3090 5388 3092
883 2 2 10 1 3526 5011 409
884 2 2 10 1 2265 5233 4290
885 2 2 10 1 1640 4953 4943
886 2 2 10 1 3697 4947 2864
887 2 2 10 1 1825 5545 2378
888 2 2 10 1 2770 4163 3356
889 2 2 10 1 3638 4963 3637
890 2 2 10 1 4958 4963 3638
891 2 2 10 1 1621 4779 4766
892 2 2 10 1 846 4685 4676
893 2 2 10 1 3092 5388 5375
894 2 2 10 1 872 3373 3317
895 2 2 10 1 3254 4986 1699
896 2 2 10 1 418 4446 3353
897 2 2 10 1 4455 4515 2154
898 2 2 10 1 1826 3366 3301
899 2 2 10 1 1563 4823 4812
900 2 2 10 1 3326 4702 4686
901 2 2 10 1 345 5518 4125
902 2 2 10 1 3632 4814 3631
903 2 2 10 1 1871 5555 1872
904 2 2 10 1 4408 4882 513
905 2 2 10 1 3445 4692 3446
906 2 2 10 1 4932 5211 2788
907 2 2 10 1 2919 4678 3954
908 2 2 10 1 850 3373 872
909 2 2 10 1 2818 4877 3695
910 2 2 10 1 3535 5272 1605
911 2 2 10 1 3142 5045 4801
912 2 2 10 1 4686 4702 458
913 2 2 10 1 3836 4694 3837
914 2 2 10 1 1218 5048 3630
915 2 2 10 1 4165 4440 3788
916 2 2 10 1 3970 4683 865
917 2 2 10 1 3464 3468 3465
918 2 2 10 1 3281 3359 2841
919 2 2 10 1 3285 5082 4156
920 2 2 10 1 1605 5292 3535
921 2 2 10 1 480 4440 4165
922 2 2 10 1 2917 4690 3893
923 2 2 10 1 3254 4977 1695
924 2 2 10 1 409 5028 3526
925 2 2 10 1 3500 4838 430
926 2 2 10 1 4574 4942 2856
927 2 2 10 1 1650 4933 3656
928 2 2 10 1 3274 4598 2184
929 2 2 10 1 229 3467 472
930 2 2 10 1 2981 4726 462
931 2 2 10 1 3630 5049 1218
932 2 2 10 1 5173 5177 3020
933 2 2 10 1 4929 4940 3516
934 2 2 10 1 2342 4453 4004
935 2 2 10 1 3443 3445 411
936 2 2 10 1 4683 4691 865
937 2 2 10 1 507 4811 3772
938 2 2 10 1 501 5376 5359
939 2 2 10 1 3237 5182 4809
940 2 2 10 1 453 4746 3508
941 2 2 10 1 3446 3448 235
942 2 2 10 1 4694 4749 3837
943 2 2 10 1 409 5011 3523
944 2 2 10 1 1695 4974 3254
945 2 2 10 1 4639 4651 1287
946 2 2 10 1 4612 4619 1284
947 2 2 10 1 5359 5376 3198
948 2 2 10 1 5010 5015 1659
949 2 2 10 1 3512 4844 1151
950 2 2 10 1 4461 4527 3441
951 2 2 10 1 437 5177 5173
952 2 2 10 1 4044 4660 19
953 2 2 10 1 3285 4156 2884
954 2 2 10 1 1512 5366 5351
955 2 2 10 1 3422 4234 1748
956 2 2 10 1 3981 4573 3980
957 2 2 10 1 3238 5131 4856
958 2 2 10 1 3389 5015 5010
959 2 2 10 1 3695 4905 2818
960 2 2 10 1 2332 3469 3468
961 2 2 10 1 3313 4651 4639
962 2 2 10 1 3311 4619 4612
963 2 2 10 1 609 4546 611
964 2 2 10 1 3353 5391 418
965 2 2 10 1 1641 4940 4929
966 2 2 10 1 3656 4937 1650
967 2 2 10 1 3772 5535 507
968 2 2 10 1 955 3366 1826
969 2 2 10 1 3443 4178 3442
970 2 2 10 1 3423 4234 3422
971 2 2 10 1 412 5263 5254
972 2 2 10 1 3239 5361 376
973 2 2 10 1 461 5037 3289
974 2 2 10 1 5351 5366 3255
975 2 2 10 1 3807 5289 3806
976 2 2 10 1 3893 4703 2917
977 2 2 10 1 3523 4979 409
978 2 2 10 1 5273 5289 3807
979 2 2 10 1 3240 5316 1761
980 2 2 10 1 1708 5126 3014
981 2 2 10 1 2802 4820 3693
982 2 2 10 1 411 4178 3443
983 2 2 10 1 3303 4048 3305
984 2 2 10 1 1761 5313 3240
985 2 2 10 1 5254 5263 3099
986 2 2 10 1 376 5356 3239
987 2 2 10 1 845 4627 4620
988 2 2 10 1 3014 5185 1708
989 2 2 10 1 3522 4928 481
990 2 2 10 1 1151 4855 3512
991 2 2 10 1 3981 4622 4573
992 2 2 10 1 2154 4515 3980
993 2 2 10 1 1646 4695 3548
994 2 2 10 1 878 3366 891
995 2 2 10 1 4158 4227 4157
996 2 2 10 1 3877 5303 5302
997 2 2 10 1 4620 4627 2830
998 2 2 10 1 4412 5510 4768
999 2 2 10 1 2153 4674 3984
1000 2 2 10 1 4850 4851 3640
1001 2 2 10 1 3235 5039 4930
1002 2 2 10 1 398 4527 4461
1003 2 2 10 1 3985 4698 2913
1004 2 2 10 1 3348 4853 1752
1005 2 2 10 1 3741 5085 3740
1006 2 2 10 1 864 4655 3280
1007 2 2 10 1 2785 4767 3689
1008 2 2 10 1 2926 5208 3554
1009 2 2 10 1 3453 4571 3454
1010 2 2 10 1 5073 5085 3741
1011 2 2 10 1 1290 4564 4559
1012 2 2 10 1 3880 5308 5293
1013 2 2 10 1 4017 4764 4693
1014 2 2 10 1 1695 4967 3260
1015 2 2 10 1 3440 3442 484
1016 2 2 10 1 411 3446 236
1017 2 2 10 1 5302 5303 446
1018 2 2 10 1 1205 4851 4850
1019 2 2 10 1 5009 5021 2946
1020 2 2 10 1 4559 4564 3310
1021 2 2 10 1 4115 4636 1875
1022 2 2 10 1 866 3431 3359
1023 2 2 10 1 3442 4178 484
1024 2 2 10 1 4043 4046 1911
1025 2 2 10 1 456 5021 5009
1026 2 2 10 1 3693 4857 2802
1027 2 2 10 1 3978 4455 2796
1028 2 2 10 1 1725 5077 3007
1029 2 2 10 1 3554 5245 2926
1030 2 2 10 1 481 4955 3522
1031 2 2 10 1 4412 4768 459
1032 2 2 10 1 3473 4898 382
1033 2 2 10 1 3580 5098 2092
1034 2 2 10 1 2018 3993 2016
1035 2 2 10 1 4960 4996 3233
1036 2 2 10 1 3312 5414 4076
1037 2 2 10 1 3886 5336 5277
1038 2 2 10 1 3548 4701 1646
1039 2 2 10 1 3260 4974 1695
1040 2 2 10 1 2913 4707 3985
1041 2 2 10 1 3312 5423 5414
1042 2 2 10 1 1518 5352 5309
1043 2 2 10 1 3453 4527 398
1044 2 2 10 1 4571 4602 3454
1045 2 2 10 1 3280 4665 864
1046 2 2 10 1 3844 4854 502
1047 2 2 10 1 873 4762 3364
1048 2 2 10 1 878 4798 3366
1049 2 2 10 1 2768 4681 3283
1050 2 2 10 1 2028 3997 2026
1051 2 2 10 1 3698 4999 2152
1052 2 2 10 1 1754 4234 3423
1053 2 2 10 1 2092 5079 3580
1054 2 2 10 1 16 4048 416
1055 2 2 10 1 485 4048 17
1056 2 2 10 1 3334 4227 4158
1057 2 2 10 1 3679 5534 487
1058 2 2 10 1 4721 4754 3556
1059 2 2 10 1 3624 4916 1570
1060 2 2 10 1 3689 4796 2785
1061 2 2 10 1 3925 4944 4941
1062 2 2 10 1 4914 5040 3232
1063 2 2 10 1 3591 3592 2333
1064 2 2 10 1 2908 4731 3321
1065 2 2 10 1 3007 5275 1725
1066 2 2 10 1 3980 4573 2154
1067 2 2 10 1 4784 4819 1626
1068 2 2 10 1 3836 4653 445
1069 2 2 10 1 4705 4716 3963
1070 2 2 10 1 3668 3669 2068
1071 2 2 10 1 5293 5308 396
1072 2 2 10 1 3840 4781 407
1073 2 2 10 1 484 4189 3440
1074 2 2 10 1 5309 5352 3261
1075 2 2 10 1 384 4465 3788
1076 2 2 10 1 3889 5365 5250
1077 2 2 10 1 230 4147 3467
1078 2 2 10 1 1744 3379 1742
1079 2 2 10 1 3423 3425 1754
1080 2 2 10 1 464 5216 3333
1081 2 2 10 1 863 4644 3903
1082 2 2 10 1 382 4913 3473
1083 2 2 10 1 2908 4735 4731
1084 2 2 10 1 3984 4741 2153
1085 2 2 10 1 2881 4755 4734
1086 2 2 10 1 3440 4189 3441
1087 2 2 10 1 5250 5365 397
1088 2 2 10 1 462 5559 2981
1089 2 2 10 1 1643 4716 4705
1090 2 2 10 1 5277 5336 448
1091 2 2 10 1 4876 5068 3049
1092 2 2 10 1 1608 5227 3476
1093 2 2 10 1 4693 4764 2341
1094 2 2 10 1 4465 4499 3769
1095 2 2 10 1 1145 4754 4721
1096 2 2 10 1 2337 5457 4102
1097 2 2 10 1 4941 4944 1568
1098 2 2 10 1 4734 4755 1592
1099 2 2 10 1 863 4657 4644
1100 2 2 10 1 3427 3832 2405
1101 2 2 10 1 416 3396 15
1102 2 2 10 1 14 3396 503
1103 2 2 10 1 384 4499 4465
1104 2 2 10 1 2892 4662 3892
1105 2 2 10 1 3489 4827 1623
1106 2 2 10 1 1745 3379 2324
1107 2 2 10 1 3415 3614 3613
1108 2 2 10 1 3456 4494 389
1109 2 2 10 1 2152 4978 3698
1110 2 2 10 1 3476 5222 1608
1111 2 2 10 1 3333 5220 464
1112 2 2 10 1 4102 5483 2337
1113 2 2 10 1 4783 4791 3899
1114 2 2 10 1 3635 5048 1218
1115 2 2 10 1 1570 4923 3624
1116 2 2 10 1 1505 4962 4759
1117 2 2 10 1 885 3833 574
1118 2 2 10 1 1285 4635 3294
1119 2 2 10 1 5409 5421 1706
1120 2 2 10 1 3264 4987 1699
1121 2 2 10 1 502 4885 3844
1122 2 2 10 1 3788 4440 384
1123 2 2 10 1 508 4733 3292
1124 2 2 10 1 4075 5373 474
1125 2 2 10 1 1706 5421 3965
1126 2 2 10 1 4189 4461 3441
1127 2 2 10 1 1649 4791 4783
1128 2 2 10 1 3518 5264 1584
1129 2 2 10 1 4000 4001 2798
1130 2 2 10 1 398 4571 3453
1131 2 2 10 1 4793 5116 3036
1132 2 2 10 1 3529 4787 3530
1133 2 2 10 1 3357 4570 1805
1134 2 2 10 1 2924 5157 3558
1135 2 2 10 1 1220 4227 3334
1136 2 2 10 1 4599 4614 3649
1137 2 2 10 1 4447 4453 3993
1138 2 2 10 1 3604 4924 3603
1139 2 2 10 1 1226 4845 4790
1140 2 2 10 1 3291 5211 4932
1141 2 2 10 1 474 5371 4075
1142 2 2 10 1 1699 4986 3264
1143 2 2 10 1 3591 3813 3592
1144 2 2 10 1 1623 4842 3489
1145 2 2 10 1 857 4553 4541
1146 2 2 10 1 1167 4873 3600
1147 2 2 10 1 2012 4166 2010
1148 2 2 10 1 407 4799 3840
1149 2 2 10 1 3425 4235 1754
1150 2 2 10 1 3297 4669 1782
1151 2 2 10 1 3315 4819 4784
1152 2 2 10 1 4609 4830 1282
1153 2 2 10 1 4787 4800 3530
1154 2 2 10 1 1499 4897 4807
1155 2 2 10 1 3892 4676 2892
1156 2 2 10 1 1584 5287 3518
1157 2 2 10 1 445 4694 3836
1158 2 2 10 1 1780 4614 4599
1159 2 2 10 1 4900 4915 4167
1160 2 2 10 1 4495 5247 5118
1161 2 2 10 1 3317 3382 872
1162 2 2 10 1 4578 4585 852
1163 2 2 10 1 3756 5509 3754
1164 2 2 10 1 3566 5008 3567
1165 2 2 10 1 3294 4650 1285
1166 2 2 10 1 1218 5057 3635
1167 2 2 10 1 4606 4618 839
1168 2 2 10 1 836 3373 850
1169 2 2 10 1 3467 4147 3466
1170 2 2 10 1 4541 4553 3314
1171 2 2 10 1 3604 4957 4924
1172 2 2 10 1 3427 4235 3425
1173 2 2 10 1 3558 5196 2924
1174 2 2 10 1 1575 4950 3895
1175 2 2 10 1 3310 4564 856
1176 2 2 10 1 3298 4819 3282
1177 2 2 10 1 5008 5025 3567
1178 2 2 10 1 2354 3456 3450
1179 2 2 10 1 3970 4671 2887
1180 2 2 10 1 4790 4845 3288
1181 2 2 10 1 2824 4585 4578
1182 2 2 10 1 2840 4618 4606
1183 2 2 10 1 3684 5342 2046
1184 2 2 10 1 3325 4149 3804
1185 2 2 10 1 3817 4645 2162
1186 2 2 10 1 3508 4828 453
1187 2 2 10 1 3466 4494 3470
1188 2 2 10 1 1294 4593 4581
1189 2 2 10 1 4813 4861 1493
1190 2 2 10 1 3632 4841 4837
1191 2 2 10 1 1782 4679 3297
1192 2 2 10 1 2046 5416 3684
1193 2 2 10 1 3600 4890 1167
1194 2 2 10 1 3832 4630 2405
1195 2 2 10 1 1196 4915 4900
1196 2 2 10 1 3428 3831 1835
1197 2 2 10 1 3895 4949 1575
1198 2 2 10 1 402 4516 4045
1199 2 2 10 1 3949 4597 1284
1200 2 2 10 1 4549 4589 4074
1201 2 2 10 1 3479 4715 4697
1202 2 2 10 1 1146 4720 3942
1203 2 2 10 1 4581 4593 2831
1204 2 2 10 1 3494 4724 3493
1205 2 2 10 1 4001 4268 2798
1206 2 2 10 1 3831 4582 3435
1207 2 2 10 1 295 5088 438
1208 2 2 10 1 3533 4810 1175
1209 2 2 10 1 4837 4841 1632
1210 2 2 10 1 856 4574 3310
1211 2 2 10 1 2988 5488 1747
1212 2 2 10 1 853 4619 3311
1213 2 2 10 1 2887 4683 3970
1214 2 2 10 1 3449 4692 2326
1215 2 2 10 1 1162 5235 5181
1216 2 2 10 1 3718 5056 2053
1217 2 2 10 1 2838 3345 2373
1218 2 2 10 1 4013 4603 4538
1219 2 2 10 1 3876 4617 3875
1220 2 2 10 1 5152 5270 3712
1221 2 2 10 1 4713 4724 3494
1222 2 2 10 1 4675 4689 3598
1223 2 2 10 1 2092 5098 3563
1224 2 2 10 1 3572 4846 3573
1225 2 2 10 1 4245 5517 2975
1226 2 2 10 1 3273 5548 2345
1227 2 2 10 1 4147 4494 3466
1228 2 2 10 1 3948 4631 1287
1229 2 2 10 1 4722 4904 1487
1230 2 2 10 1 4597 4612 1284
1231 2 2 10 1 3341 5288 457
1232 2 2 10 1 429 5218 4065
1233 2 2 10 1 2987 5345 5215
1234 2 2 10 1 4261 4976 2306
1235 2 2 10 1 3942 4714 1146
1236 2 2 10 1 4520 4522 3438
1237 2 2 10 1 3991 4769 3988
1238 2 2 10 1 3295 5065 434
1239 2 2 10 1 4518 4540 3868
1240 2 2 10 1 2830 4627 3903
1241 2 2 10 1 4167 4896 1639
1242 2 2 10 1 845 4611 3927
1243 2 2 10 1 1217 5053 3634
1244 2 2 10 1 3654 4614 1780
1245 2 2 10 1 4846 4860 3573
1246 2 2 10 1 2405 4235 3427
1247 2 2 10 1 1619 4689 4675
1248 2 2 10 1 1016 3994 1163
1249 2 2 10 1 4442 4922 3925
1250 2 2 10 1 500 4540 4518
1251 2 2 10 1 25 3337 24
1252 2 2 10 1 2957 4522 4520
1253 2 2 10 1 1150 4814 3632
1254 2 2 10 1 2747 3360 2749
1255 2 2 10 1 4631 4639 1287
1256 2 2 10 1 3381 5385 422
1257 2 2 10 1 4882 5546 5512
1258 2 2 10 1 1835 3832 3428
1259 2 2 10 1 3311 4632 853
1260 2 2 10 1 441 5219 3585
1261 2 2 10 1 2896 4763 3975
1262 2 2 10 1 5181 5235 2972
1263 2 2 10 1 4697 4715 1137
1264 2 2 10 1 457 5304 3341
1265 2 2 10 1 458 4702 3321
1266 2 2 10 1 845 4620 4611
1267 2 2 10 1 843 4651 3313
1268 2 2 10 1 3720 5090 3721
1269 2 2 10 1 3721 5090 5080
1270 2 2 10 1 400 5437 3258
1271 2 2 10 1 833 4647 836
1272 2 2 10 1 1727 5427 3367
1273 2 2 10 1 1747 5513 2988
1274 2 2 10 1 3335 5344 1687
1275 2 2 10 1 3620 4895 1566
1276 2 2 10 1 5141 5145 3031
1277 2 2 10 1 2352 4037 2034
1278 2 2 10 1 3314 4553 1290
1279 2 2 10 1 2032 4037 2068
1280 2 2 10 1 4254 4956 2312
1281 2 2 10 1 3325 3804 2343
1282 2 2 10 1 3291 4932 829
1283 2 2 10 1 3361 4688 4673
1284 2 2 10 1 4009 4268 4001
1285 2 2 10 1 2975 5532 4245
1286 2 2 10 1 4543 4557 1288
1287 2 2 10 1 2890 4228 2362
1288 2 2 10 1 4580 4591 1283
1289 2 2 10 1 222 3813 390
1290 2 2 10 1 497 3813 223
1291 2 2 10 1 3634 5062 1217
1292 2 2 10 1 2896 4772 4763
1293 2 2 10 1 3286 4992 1703
1294 2 2 10 1 422 5379 3381
1295 2 2 10 1 1175 4826 3533
1296 2 2 10 1 2026 3997 2078
1297 2 2 10 1 4065 5230 429
1298 2 2 10 1 3367 5446 1727
1299 2 2 10 1 3289 5037 3369
1300 2 2 10 1 1687 5340 3335
1301 2 2 10 1 468 5145 5141
1302 2 2 10 1 500 4518 3769
1303 2 2 10 1 2053 5341 3718
1304 2 2 10 1 3563 5119 2092
1305 2 2 10 1 3258 5443 400
1306 2 2 10 1 3413 4638 4509
1307 2 2 10 1 4673 4688 1631
1308 2 2 10 1 3329 4557 4543
1309 2 2 10 1 3903 4644 2830
1310 2 2 10 1 2960 3353 3352
1311 2 2 10 1 2532 3339 3338
1312 2 2 10 1 3332 4591 4580
1313 2 2 10 1 5215 5345 413
1314 2 2 10 1 2161 3993 2018
1315 2 2 10 1 2566 5545 5536
1316 2 2 10 1 4006 4008 2349
1317 2 2 10 1 1777 4589 4549
1318 2 2 10 1 435 4862 4408
1319 2 2 10 1 847 4560 4547
1320 2 2 10 1 4538 4603 2344
1321 2 2 10 1 2059 5270 5152
1322 2 2 10 1 1576 5242 3482
1323 2 2 10 1 3283 3298 3282
1324 2 2 10 1 3496 5261 1606
1325 2 2 10 1 3791 4742 417
1326 2 2 10 1 1630 4871 3628
1327 2 2 10 1 1703 4994 3286
1328 2 2 10 1 3313 4664 843
1329 2 2 10 1 4643 4843 525
1330 2 2 10 1 3833 4630 3832
1331 2 2 10 1 3804 4158 2343
1332 2 2 10 1 2960 3352 2374
1333 2 2 10 1 2378 5545 2566
1334 2 2 10 1 3025 5325 5225
1335 2 2 10 1 3585 5399 441
1336 2 2 10 1 1566 4902 3620
1337 2 2 10 1 1290 4559 3314
1338 2 2 10 1 3630 5035 1645
1339 2 2 10 1 4801 5045 1697
1340 2 2 10 1 857 4537 3920
1341 2 2 10 1 4131 4228 2890
1342 2 2 10 1 4547 4560 3331
1343 2 2 10 1 3289 3369 3368
1344 2 2 10 1 447 3337 3308
1345 2 2 10 1 1286 4519 4511
1346 2 2 10 1 2852 3344 3343
1347 2 2 10 1 4024 4788 4023
1348 2 2 10 1 2787 5555 5546
1349 2 2 10 1 856 4942 4574
1350 2 2 10 1 4002 4166 2342
1351 2 2 10 1 3643 4864 3642
1352 2 2 10 1 950 3833 885
1353 2 2 10 1 2306 5480 4261
1354 2 2 10 1 3949 4585 2824
1355 2 2 10 1 3769 4499 500
1356 2 2 10 1 3729 4576 4572
1357 2 2 10 1 3321 4731 458
1358 2 2 10 1 1606 5280 3496
1359 2 2 10 1 3482 5239 1576
1360 2 2 10 1 2326 4692 3447
1361 2 2 10 1 1783 4636 2345
1362 2 2 10 1 857 4541 4537
1363 2 2 10 1 2402 4506 3357
1364 2 2 10 1 4511 4519 2822
1365 2 2 10 1 451 5066 3527
1366 2 2 10 1 3969 5332 1687
1367 2 2 10 1 4700 4738 3911
1368 2 2 10 1 1872 5555 2787
1369 2 2 10 1 1791 3346 2384
1370 2 2 10 1 3374 4434 2514
1371 2 2 10 1 4643 4718 2870
1372 2 2 10 1 3289 3368 2399
1373 2 2 10 1 3352 3859 2374
1374 2 2 10 1 3643 4867 4864
1375 2 2 10 1 2349 4009 4006
1376 2 2 10 1 2349 4008 2004
1377 2 2 10 1 59 5438 58
1378 2 2 10 1 4116 4118 4115
1379 2 2 10 1 2831 4593 3927
1380 2 2 10 1 3428 4582 3831
1381 2 2 10 1 5027 5042 3967
1382 2 2 10 1 2348 4425 4012
1383 2 2 10 1 5332 5340 1687
1384 2 2 10 1 3576 4874 1652
1385 2 2 10 1 4024 4815 4788
1386 2 2 10 1 1645 5049 3630
1387 2 2 10 1 3628 4889 1630
1388 2 2 10 1 3345 3346 2373
1389 2 2 10 1 3807 5257 454
1390 2 2 10 1 2343 4158 4157
1391 2 2 10 1 1780 4642 3654
1392 2 2 10 1 2162 4863 3817
1393 2 2 10 1 1564 4738 4700
1394 2 2 10 1 3289 5137 461
1395 2 2 10 1 2794 4609 3875
1396 2 2 10 1 2374 3859 3371
1397 2 2 10 1 3527 5047 451
1398 2 2 10 1 3728 4605 3727
1399 2 2 10 1 1589 4778 3315
1400 2 2 10 1 1622 5042 5027
1401 2 2 10 1 3529 4779 1621
1402 2 2 10 1 3362 5393 477
1403 2 2 10 1 3610 4961 3609
1404 2 2 10 1 1675 5022 3976
1405 2 2 10 1 390 3813 3591
1406 2 2 10 1 2822 4519 3920
1407 2 2 10 1 4113 4117 4116
1408 2 2 10 1 2312 5495 4254
1409 2 2 10 1 4508 4523 855
1410 2 2 10 1 3948 4618 2840
1411 2 2 10 1 3814 3815 3592
1412 2 2 10 1 2824 4597 3949
1413 2 2 10 1 2870 4718 3351
1414 2 2 10 1 3395 3612 3394
1415 2 2 10 1 24 3337 447
1416 2 2 10 1 2886 4652 4634
1417 2 2 10 1 4615 4641 3595
1418 2 2 10 1 4249 4661 2853
1419 2 2 10 1 5019 5022 1675
1420 2 2 10 1 1219 3377 586
1421 2 2 10 1 2891 5033 3579
1422 2 2 10 1 2856 4546 3360
1423 2 2 10 1 4959 4961 3610
1424 2 2 10 1 3368 3376 2399
1425 2 2 10 1 4425 4579 4007
1426 2 2 10 1 3394 3612 1810
1427 2 2 10 1 401 5204 5193
1428 2 2 10 1 3590 5563 390
1429 2 2 10 1 2004 4008 2002
1430 2 2 10 1 1711 5412 3272
1431 2 2 10 1 3354 3377 1219
1432 2 2 10 1 4572 4576 426
1433 2 2 10 1 497 3816 3814
1434 2 2 10 1 2798 4166 4000
1435 2 2 10 1 3292 5553 508
1436 2 2 10 1 836 4647 3373
1437 2 2 10 1 3718 3747 3683
1438 2 2 10 1 3334 4228 1220
1439 2 2 10 1 852 4557 3329
1440 2 2 10 1 3336 4523 4508
1441 2 2 10 1 586 3377 584
1442 2 2 10 1 4017 4649 4016
1443 2 2 10 1 2881 4709 3986
1444 2 2 10 1 477 5392 3362
1445 2 2 10 1 2052 5312 5144
1446 2 2 10 1 5193 5204 3089
1447 2 2 10 1 4074 4504 1771
1448 2 2 10 1 371 5439 3322
1449 2 2 10 1 4634 4652 1588
1450 2 2 10 1 3326 4686 518
1451 2 2 10 1 3371 3859 1660
1452 2 2 10 1 3875 4617 2794
1453 2 2 10 1 454 5273 3807
1454 2 2 10 1 574 3833 1835
1455 2 2 10 1 3927 4611 2831
1456 2 2 10 1 2819 4456 3370
1457 2 2 10 1 3340 4496 1286
1458 2 2 10 1 3315 4784 1589
1459 2 2 10 1 1643 4705 3493
1460 2 2 10 1 3438 4509 1896
1461 2 2 10 1 1644 4952 3637
1462 2 2 10 1 3322 5007 371
1463 2 2 10 1 289 5241 3916
1464 2 2 10 1 3272 5433 1711
1465 2 2 10 1 3309 4998 1707
1466 2 2 10 1 2158 4985 3607
1467 2 2 10 1 3993 4453 2016
1468 2 2 10 1 2342 4166 2012
1469 2 2 10 1 2010 4166 2798
1470 2 2 10 1 5117 5129 405
1471 2 2 10 1 2881 4734 4709
1472 2 2 10 1 3276 5360 1756
1473 2 2 10 1 3320 5307 1600
1474 2 2 10 1 1652 4894 3576
1475 2 2 10 1 3570 5030 1187
1476 2 2 10 1 5225 5325 1693
1477 2 2 10 1 1181 4641 4615
1478 2 2 10 1 3331 4560 1294
1479 2 2 10 1 2846 4505 3940
1480 2 2 10 1 3649 4589 1777
1481 2 2 10 1 2840 4631 3948
1482 2 2 10 1 4040 5228 2368
1483 2 2 10 1 1714 4434 3374
1484 2 2 10 1 1621 4787 3529
1485 2 2 10 1 5123 5400 286
1486 2 2 10 1 4526 4545 838
1487 2 2 10 1 3359 3360 866
1488 2 2 10 1 1163 3994 3989
1489 2 2 10 1 3579 5063 2891
1490 2 2 10 1 1845 4148 3785
1491 2 2 10 1 4017 4693 4649
1492 2 2 10 1 3920 4537 2822
1493 2 2 10 1 1912 5463 5122
1494 2 2 10 1 3028 5129 5117
1495 2 2 10 1 1662 4444 1810
1496 2 2 10 1 2519 3376 3358
1497 2 2 10 1 2384 3346 3345
1498 2 2 10 1 3992 3993 2161
1499 2 2 10 1 3399 4084 2977
1500 2 2 10 1 839 4591 3332
1501 2 2 10 1 5101 5109 4352
1502 2 2 10 1 3947 4562 1283
1503 2 2 10 1 1756 5357 3276
1504 2 2 10 1 4013 4490 4012
1505 2 2 10 1 4059 4106 2844
1506 2 2 10 1 3329 4578 852
1507 2 2 10 1 811 4566 4469
1508 2 2 10 1 3298 5024 1626
1509 2 2 10 1 1707 5001 3309
1510 2 2 10 1 3613 3614 3612
1511 2 2 10 1 4473 4512 4381
1512 2 2 10 1 4009 4010 4005
1513 2 2 10 1 847 4530 3940
1514 2 2 10 1 3545 4754 1145
1515 2 2 10 1 4302 4474 4464
1516 2 2 10 1 2857 4545 4526
1517 2 2 10 1 3562 5157 2924
1518 2 2 10 1 1018 3994 1016
1519 2 2 10 1 417 5552 3791
1520 2 2 10 1 2844 4491 4059
1521 2 2 10 1 1288 4523 3336
1522 2 2 10 1 855 4483 3347
1523 2 2 10 1 5105 5310 3021
1524 2 2 10 1 1845 3785 3784
1525 2 2 10 1 1592 4755 3975
1526 2 2 10 1 1206 4872 3938
1527 2 2 10 1 3637 4963 1644
1528 2 2 10 1 1810 4444 3394
1529 2 2 10 1 4249 4680 4663
1530 2 2 10 1 3900 4773 3899
1531 2 2 10 1 3650 3654 3417
1532 2 2 10 1 3417 3653 3650
1533 2 2 10 1 3327 5218 429
1534 2 2 10 1 3323 3774 3773
1535 2 2 10 1 4366 5189 5096
1536 2 2 10 1 3468 4212 472
1537 2 2 10 1 3493 4724 1643
1538 2 2 10 1 434 5285 3295
1539 2 2 10 1 1777 4599 3649
1540 2 2 10 1 3370 4456 889
1541 2 2 10 1 1896 4520 3438
1542 2 2 10 1 873 4798 874
1543 2 2 10 1 2362 4228 3334
1544 2 2 10 1 847 4547 4530
1545 2 2 10 1 2794 4830 4609
1546 2 2 10 1 2344 4603 4016
1547 2 2 10 1 3989 3994 3992
1548 2 2 10 1 1294 4581 3331
1549 2 2 10 1 3342 5405 381
1550 2 2 10 1 3828 4514 3826
1551 2 2 10 1 5118 5247 3231
1552 2 2 10 1 2808 4903 3603
1553 2 2 10 1 4562 4580 1283
1554 2 2 10 1 4429 4561 3820
1555 2 2 10 1 3916 5410 289
1556 2 2 10 1 426 4576 3868
1557 2 2 10 1 3724 5067 2320
1558 2 2 10 1 4088 4424 1235
1559 2 2 10 1 4759 4962 3959
1560 2 2 10 1 1581 4981 4971
1561 2 2 10 1 4302 4464 4381
1562 2 2 10 1 1187 5041 3570
1563 2 2 10 1 4013 4538 4490
1564 2 2 10 1 4012 4490 2348
1565 2 2 10 1 3783 4074 3652
1566 2 2 10 1 4773 4783 3899
1567 2 2 10 1 3607 5023 2158
1568 2 2 10 1 1219 4096 3354
1569 2 2 10 1 872 4762 858
1570 2 2 10 1 2924 5142 3562
1571 2 2 10 1 5078 5199 2239
1572 2 2 10 1 473 4605 3728
1573 2 2 10 1 3572 4823 1563
1574 2 2 10 1 3652 4073 3783
1575 2 2 10 1 3358 3430 2519
1576 2 2 10 1 1394 4948 4935
1577 2 2 10 1 3674 3802 3737
1578 2 2 10 1 3589 3801 3679
1579 2 2 10 1 3332 4606 839
1580 2 2 10 1 3938 4881 1206
1581 2 2 10 1 4663 4680 1136
1582 2 2 10 1 2368 5458 4040
1583 2 2 10 1 4845 4892 3288
1584 2 2 10 1 2825 4445 3387
1585 2 2 10 1 2327 4852 4027
1586 2 2 10 1 4106 4110 2844
1587 2 2 10 1 2849 4441 3926
1588 2 2 10 1 3363 4452 1303
1589 2 2 10 1 3784 4143 1845
1590 2 2 10 1 5122 5463 4039
1591 2 2 10 1 2839 4438 3385
1592 2 2 10 1 2341 4764 4023
1593 2 2 10 1 4381 4512 4302
1594 2 2 10 1 886 4480 880
1595 2 2 10 1 2485 4244 3408
1596 2 2 10 1 829 5542 3291
1597 2 2 10 1 3346 4424 4088
1598 2 2 10 1 3395 3613 3612
1599 2 2 10 1 3336 4543 1288
1600 2 2 10 1 381 5404 3342
1601 2 2 10 1 2473 4096 2472
1602 2 2 10 1 2755 5109 5101
1603 2 2 10 1 4968 5083 415
1604 2 2 10 1 4006 4009 4005
1605 2 2 10 1 1145 4766 3545
1606 2 2 10 1 4906 4908 1569
1607 2 2 10 1 3783 4504 4074
1608 2 2 10 1 2022 4769 3991
1609 2 2 10 1 4807 4897 3951
1610 2 2 10 1 3868 4540 426
1611 2 2 10 1 1296 4431 3365
1612 2 2 10 1 4482 4496 3340
1613 2 2 10 1 3485 5242 1576
1614 2 2 10 1 3975 4763 1592
1615 2 2 10 1 1286 4511 3340
1616 2 2 10 1 2736 4434 3509
1617 2 2 10 1 2833 3375 2962
1618 2 2 10 1 3556 4689 1619
1619 2 2 10 1 454 5257 3306
1620 2 2 10 1 5301 5455 3513
1621 2 2 10 1 1606 5261 3486
1622 2 2 10 1 2391 4143 3784
1623 2 2 10 1 3863 4236 1235
1624 2 2 10 1 3385 4438 1902
1625 2 2 10 1 4608 4633 3945
1626 2 2 10 1 3891 5400 5123
1627 2 2 10 1 4139 5440 3258
1628 2 2 10 1 2349 4268 4009
1629 2 2 10 1 3818 4596 4583
1630 2 2 10 1 4001 4010 4009
1631 2 2 10 1 4672 4717 2482
1632 2 2 10 1 3300 4132 2409
1633 2 2 10 1 2837 3399 3398
1634 2 2 10 1 809 4539 4357
1635 2 2 10 1 3853 4531 4120
1636 2 2 10 1 988 3717 986
1637 2 2 10 1 3947 4545 2857
1638 2 2 10 1 4509 4638 1896
1639 2 2 10 1 1400 4926 4910
1640 2 2 10 1 4271 5278 5276
1641 2 2 10 1 3387 4445 2466
1642 2 2 10 1 5144 5312 3716
1643 2 2 10 1 1791 4424 3346
1644 2 2 10 1 3459 5143 3460
1645 2 2 10 1 5059 5197 2233
1646 2 2 10 1 3323 3773 3384
1647 2 2 10 1 861 4470 3926
1648 2 2 10 1 5440 5443 3258
1649 2 2 10 1 4912 5140 2370
1650 2 2 10 1 4012 4425 4011
1651 2 2 10 1 2514 4434 2736
1652 2 2 10 1 3288 4892 3410
1653 2 2 10 1 2890 4429 4131
1654 2 2 10 1 3384 3773 1864
1655 2 2 10 1 1809 3614 3414
1656 2 2 10 1 1316 3406 1661
1657 2 2 10 1 3733 3808 3752
1658 2 2 10 1 3593 4556 3594
1659 2 2 10 1 429 5243 3327
1660 2 2 10 1 2336 3397 2959
1661 2 2 10 1 3594 4556 1183
1662 2 2 10 1 3414 3614 3415
1663 2 2 10 1 4016 4649 2344
1664 2 2 10 1 2449 4238 2447
1665 2 2 10 1 3811 3857 2820
1666 2 2 10 1 3936 4861 4813
1667 2 2 10 1 1661 3406 3390
1668 2 2 10 1 3319 5006 1710
1669 2 2 10 1 2320 5055 3724
1670 2 2 10 1 2477 4321 4258
1671 2 2 10 1 4097 4456 2819
1672 2 2 10 1 2332 4216 3469
1673 2 2 10 1 4971 4981 3960
1674 2 2 10 1 3953 4477 2861
1675 2 2 10 1 3603 4924 2808
1676 2 2 10 1 3717 3747 3718
1677 2 2 10 1 3422 4853 3350
1678 2 2 10 1 3902 4791 1649
1679 2 2 10 1 3765 3766 3763
1680 2 2 10 1 4485 4505 2846
1681 2 2 10 1 2326 3447 1969
1682 2 2 10 1 861 4496 4482
1683 2 2 10 1 970 3707 1169
1684 2 2 10 1 1567 4633 4608
1685 2 2 10 1 3416 3653 3417
1686 2 2 10 1 225 3816 224
1687 2 2 10 1 1631 4688 3986
1688 2 2 10 1 1891 4514 3828
1689 2 2 10 1 2355 3382 2517
1690 2 2 10 1 4583 4596 1636
1691 2 2 10 1 5143 5166 3460
1692 2 2 10 1 4045 4046 4043
1693 2 2 10 1 4324 5128 5100
1694 2 2 10 1 3953 4507 838
1695 2 2 10 1 3931 4908 4906
1696 2 2 10 1 1563 4846 3572
1697 2 2 10 1 2956 5228 4040
1698 2 2 10 1 2397 3376 2519
1699 2 2 10 1 3940 4530 2846
1700 2 2 10 1 1602 4661 4249
1701 2 2 10 1 4271 5276 1583
1702 2 2 10 1 2837 4084 3399
1703 2 2 10 1 1293 3653 3416
1704 2 2 10 1 4027 4891 2327
1705 2 2 10 1 4935 4948 3173
1706 2 2 10 1 3306 5252 454
1707 2 2 10 1 3598 4641 1181
1708 2 2 10 1 1137 4715 3963
1709 2 2 10 1 387 5430 3302
1710 2 2 10 1 2399 3376 2397
1711 2 2 10 1 25 4495 3337
1712 2 2 10 1 1706 5390 3296
1713 2 2 10 1 4286 4448 4284
1714 2 2 10 1 2517 3382 3317
1715 2 2 10 1 3347 4483 4463
1716 2 2 10 1 861 4482 4470
1717 2 2 10 1 2954 3376 3368
1718 2 2 10 1 1576 5258 3485
1719 2 2 10 1 4181 5202 5174
1720 2 2 10 1 3383 4430 1892
1721 2 2 10 1 3428 3832 3427
1722 2 2 10 1 3479 4699 3478
1723 2 2 10 1 4023 4788 2341
1724 2 2 10 1 3347 4508 855
1725 2 2 10 1 3706 3708 3707
1726 2 2 10 1 2837 3398 3397
1727 2 2 10 1 3651 4073 3652
1728 2 2 10 1 3445 3446 411
1729 2 2 10 1 1235 4236 4088
1730 2 2 10 1 224 3816 497
1731 2 2 10 1 3883 4489 3884
1732 2 2 10 1 2061 5274 5044
1733 2 2 10 1 590 4097 588
1734 2 2 10 1 3148 4975 4970
1735 2 2 10 1 3933 4904 4722
1736 2 2 10 1 3408 4244 3407
1737 2 2 10 1 1660 3432 3371
1738 2 2 10 1 2754 3823 3792
1739 2 2 10 1 3302 5529 387
1740 2 2 10 1 2336 3418 3397
1741 2 2 10 1 4062 4063 3328
1742 2 2 10 1 2348 4579 4425
1743 2 2 10 1 1312 4073 3651
1744 2 2 10 1 4517 4594 4420
1745 2 2 10 1 848 4100 3378
1746 2 2 10 1 3070 5451 5442
1747 2 2 10 1 5038 5380 283
1748 2 2 10 1 3358 3376 2954
1749 2 2 10 1 3420 4480 886
1750 2 2 10 1 3345 4733 2958
1751 2 2 10 1 3818 4555 2536
1752 2 2 10 1 1572 4964 3908
1753 2 2 10 1 1173 3714 3713
1754 2 2 10 1 3179 5064 5060
1755 2 2 10 1 2960 5391 3353
1756 2 2 10 1 1771 4549 4074
1757 2 2 10 1 3412 3765 3411
1758 2 2 10 1 2749 3360 3359
1759 2 2 10 1 1303 4505 4485
1760 2 2 10 1 1314 4544 568
1761 2 2 10 1 3758 3760 3759
1762 2 2 10 1 4464 4474 3370
1763 2 2 10 1 1173 3715 3714
1764 2 2 10 1 1710 5013 3319
1765 2 2 10 1 2966 5543 5500
1766 2 2 10 1 2391 3784 3781
1767 2 2 10 1 972 3707 970
1768 2 2 10 1 4466 4550 4390
1769 2 2 10 1 1969 3447 1971
1770 2 2 10 1 3000 5468 5036
1771 2 2 10 1 4239 4257 1611
1772 2 2 10 1 4697 4699 3479
1773 2 2 10 1 3940 4505 751
1774 2 2 10 1 1692 4241 3402
1775 2 2 10 1 2771 4087 1144
1776 2 2 10 1 4181 5174 425
1777 2 2 10 1 1771 4504 4493
1778 2 2 10 1 4258 4321 4239
1779 2 2 10 1 4463 4483 1296
1780 2 2 10 1 3755 4072 3873
1781 2 2 10 1 988 3747 3717
1782 2 2 10 1 2857 4562 3947
1783 2 2 10 1 3435 4582 1314
1784 2 2 10 1 1619 4721 3556
1785 2 2 10 1 3900 4738 1564
1786 2 2 10 1 811 4448 4286
1787 2 2 10 1 3070 5442 3072
1788 2 2 10 1 3388 4151 1291
1789 2 2 10 1 1908 3865 1833
1790 2 2 10 1 1122 4419 3401
1791 2 2 10 1 520 5397 4415
1792 2 2 10 1 3429 4544 1314
1793 2 2 10 1 3729 4595 3728
1794 2 2 10 1 2833 3865 3375
1795 2 2 10 1 2886 4621 3998
1796 2 2 10 1 3912 4677 3911
1797 2 2 10 1 3863 3864 2842
1798 2 2 10 1 2904 4973 4936
1799 2 2 10 1 3355 4552 3377
1800 2 2 10 1 4558 4568 1837
1801 2 2 10 1 3707 3708 1169
1802 2 2 10 1 3296 5409 1706
1803 2 2 10 1 3486 5269 1606
1804 2 2 10 1 4954 4982 202
1805 2 2 10 1 3380 3434 2410
1806 2 2 10 1 3594 4588 3595
1807 2 2 10 1 4297 4472 4295
1808 2 2 10 1 3411 3765 1865
1809 2 2 10 1 4507 4526 838
1810 2 2 10 1 1585 5128 4324
1811 2 2 10 1 5005 5046 515
1812 2 2 10 1 4172 5432 5429
1813 2 2 10 1 3884 4489 1614
1814 2 2 10 1 849 4231 3861
1815 2 2 10 1 2472 4096 2819
1816 2 2 10 1 4120 4531 1571
1817 2 2 10 1 2114 3759 2544
1818 2 2 10 1 2379 4110 2377
1819 2 2 10 1 3412 3766 3765
1820 2 2 10 1 2100 3919 2493
1821 2 2 10 1 4468 4475 1232
1822 2 2 10 1 1215 4090 1147
1823 2 2 10 1 3502 4077 2970
1824 2 2 10 1 3354 4096 2473
1825 2 2 10 1 2842 4236 3863
1826 2 2 10 1 1020 4569 1018
1827 2 2 10 1 5520 5526 2805
1828 2 2 10 1 3386 4239 2475
1829 2 2 10 1 3872 3919 3918
1830 2 2 10 1 1274 4435 3430
1831 2 2 10 1 3397 3398 2959
1832 2 2 10 1 4572 4595 3729
1833 2 2 10 1 235 3448 234
1834 2 2 10 1 2863 4430 3383
1835 2 2 10 1 2870 4843 4643
1836 2 2 10 1 1301 4272 4100
1837 2 2 10 1 4476 4501 1805
1838 2 2 10 1 3963 4716 1137
1839 2 2 10 1 3860 4266 1301
1840 2 2 10 1 3403 4083 2404
1841 2 2 10 1 4354 5180 5102
1842 2 2 10 1 1286 4496 629
1843 2 2 10 1 3994 4569 3992
1844 2 2 10 1 3990 3996 3995
1845 2 2 10 1 4002 4004 4003
1846 2 2 10 1 1303 4485 3363
1847 2 2 10 1 3566 4990 1642
1848 2 2 10 1 616 4287 614
1849 2 2 10 1 3387 4512 4473
1850 2 2 10 1 1935 3678 1937
1851 2 2 10 1 1925 3736 1927
1852 2 2 10 1 2112 3759 2114
1853 2 2 10 1 1336 4241 1692
1854 2 2 10 1 511 5221 3862
1855 2 2 10 1 3386 4257 4239
1856 2 2 10 1 1171 4222 3864
1857 2 2 10 1 5060 5064 1422
1858 2 2 10 1 3355 4558 4552
1859 2 2 10 1 4389 5140 2986
1860 2 2 10 1 3738 5268 1767
1861 2 2 10 1 3328 4144 4062
1862 2 2 10 1 2498 4565 4497
1863 2 2 10 1 2787 5546 4882
1864 2 2 10 1 1316 4160 3406
1865 2 2 10 1 1864 4085 3384
1866 2 2 10 1 3926 4470 2849
1867 2 2 10 1 775 4483 855
1868 2 2 10 1 3365 4463 1296
1869 2 2 10 1 3351 4718 1226
1870 2 2 10 1 4711 4988 519
1871 2 2 10 1 649 4419 1122
1872 2 2 10 1 436 4491 4410
1873 2 2 10 1 2890 4561 4429
1874 2 2 10 1 4047 4049 3305
1875 2 2 10 1 3432 4225 3371
1876 2 2 10 1 4497 4565 4128
1877 2 2 10 1 443 5165 5155
1878 2 2 10 1 1237 4090 1215
1879 2 2 10 1 2403 4095 3876
1880 2 2 10 1 4286 4566 811
1881 2 2 10 1 1600 5479 3320
1882 2 2 10 1 653 4477 3953
1883 2 2 10 1 3374 4468 1714
1884 2 2 10 1 4056 4060 4051
1885 2 2 10 1 3686 3687 3664
1886 2 2 10 1 3908 4966 1572
1887 2 2 10 1 3365 4431 4276
1888 2 2 10 1 444 5432 4172
1889 2 2 10 1 3926 4441 635
1890 2 2 10 1 4276 4431 848
1891 2 2 10 1 4252 5526 5520
1892 2 2 10 1 3860 3861 2850
1893 2 2 10 1 4443 4452 3363
1894 2 2 10 1 1989 3835 2159
1895 2 2 10 1 3781 3786 2391
1896 2 2 10 1 1178 3789 1076
1897 2 2 10 1 3986 4709 1631
1898 2 2 10 1 2001 3843 2821
1899 2 2 10 1 1939 3801 2076
1900 2 2 10 1 1995 3839 2091
1901 2 2 10 1 928 3846 1182
1902 2 2 10 1 1929 3802 2054
1903 2 2 10 1 2021 3849 2331
1904 2 2 10 1 1140 4113 4112
1905 2 2 10 1 3430 4435 2519
1906 2 2 10 1 4401 4427 3830
1907 2 2 10 1 1983 3452 2163
1908 2 2 10 1 2699 3462 2922
1909 2 2 10 1 3414 4135 1809
1910 2 2 10 1 2198 3532 2801
1911 2 2 10 1 2179 3597 2756
1912 2 2 10 1 2580 3575 2813
1913 2 2 10 1 3416 4136 1293
1914 2 2 10 1 3651 4137 1312
1915 2 2 10 1 2303 3569 2894
1916 2 2 10 1 1165 3606 1066
1917 2 2 10 1 2593 3623 2604
1918 2 2 10 1 2015 3525 2093
1919 2 2 10 1 3374 4475 4468
1920 2 2 10 1 1189 3670 1008
1921 2 2 10 1 1174 3983 910
1922 2 2 10 1 1173 3713 984
1923 2 2 10 1 934 3723 1193
1924 2 2 10 1 2447 4238 2475
1925 2 2 10 1 1661 4444 1662
1926 2 2 10 1 1781 5310 5105
1927 2 2 10 1 234 3448 498
1928 2 2 10 1 2716 3487 2945
1929 2 2 10 1 2214 3540 2826
1930 2 2 10 1 588 4097 1219
1931 2 2 10 1 1191 3687 998
1932 2 2 10 1 1186 3747 990
1933 2 2 10 1 4056 4061 4060
1934 2 2 10 1 2561 4134 3413
1935 2 2 10 1 1588 4652 3361
1936 2 2 10 1 2886 4634 4621
1937 2 2 10 1 1205 4850 3642
1938 2 2 10 1 1618 5100 5089
1939 2 2 10 1 3679 3801 3678
1940 2 2 10 1 3737 3802 3736
1941 2 2 10 1 3413 4509 2561
1942 2 2 10 1 849 4452 4443
1943 2 2 10 1 1313 3433 1263
1944 2 2 10 1 1738 4224 4085
1945 2 2 10 1 4989 5184 2219
1946 2 2 10 1 4493 4504 3785
1947 2 2 10 1 2948 5492 4416
1948 2 2 10 1 1144 4439 1135
1949 2 2 10 1 877 4134 2561
1950 2 2 10 1 4677 4700 3911
1951 2 2 10 1 986 3717 1173
1952 2 2 10 1 3434 4162 1128
1953 2 2 10 1 1713 3504 1877
1954 2 2 10 1 1865 4109 3411
1955 2 2 10 1 1303 4452 755
1956 2 2 10 1 3835 3836 2159
1957 2 2 10 1 3843 3844 2821
1958 2 2 10 1 5271 5278 1678
1959 2 2 10 1 3839 3840 2091
1960 2 2 10 1 3433 4225 3432
1961 2 2 10 1 3623 3624 2604
1962 2 2 10 1 3575 3576 2813
1963 2 2 10 1 3569 3570 2894
1964 2 2 10 1 1174 3984 3983
1965 2 2 10 1 3723 3724 1193
1966 2 2 10 1 3597 3598 2756
1967 2 2 10 1 3462 3463 2922
1968 2 2 10 1 1165 3607 3606
1969 2 2 10 1 3532 3533 2801
1970 2 2 10 1 3525 3526 2093
1971 2 2 10 1 3678 3801 1937
1972 2 2 10 1 3736 3802 1927
1973 2 2 10 1 5003 5358 3032
1974 2 2 10 1 3452 3453 2163
1975 2 2 10 1 5155 5165 3083
1976 2 2 10 1 2493 3919 3872
1977 2 2 10 1 4391 4441 2849
1978 2 2 10 1 1587 4555 3818
1979 2 2 10 1 605 4145 3431
1980 2 2 10 1 3375 3865 1908
1981 2 2 10 1 3407 4244 1330
1982 2 2 10 1 1330 4082 3407
1983 2 2 10 1 2160 3811 3810
1984 2 2 10 1 3312 5420 442
1985 2 2 10 1 3974 4121 3709
1986 2 2 10 1 3759 3760 2544
1987 2 2 10 1 1971 3447 3444
1988 2 2 10 1 1790 4110 4106
1989 2 2 10 1 974 3705 972
1990 2 2 10 1 3705 3707 972
1991 2 2 10 1 1971 3444 1973
1992 2 2 10 1 2160 3857 3811
1993 2 2 10 1 395 5097 3740
1994 2 2 10 1 3499 3505 3504
1995 2 2 10 1 4588 4615 3595
1996 2 2 10 1 3508 4746 3509
1997 2 2 10 1 1649 4812 3902
1998 2 2 10 1 3764 4848 4218
1999 2 2 10 1 3864 4222 2842
2000 2 2 10 1 2483 4427 4401
2001 2 2 10 1 771 4431 1296
2002 2 2 10 1 1325 4082 1326
2003 2 2 10 1 2352 5556 3665
2004 2 2 10 1 3408 4501 4476
2005 2 2 10 1 4062 4144 1763
2006 2 2 10 1 3631 4814 2778
2007 2 2 10 1 2888 4488 2530
2008 2 2 10 1 1147 4090 4089
2009 2 2 10 1 3792 4101 2754
2010 2 2 10 1 2475 4238 3386
2011 2 2 10 1 4002 4003 3999
2012 2 2 10 1 3990 3995 3987
2013 2 2 10 1 1629 4288 4285
2014 2 2 10 1 2844 4110 2379
2015 2 2 10 1 3773 3774 3771
2016 2 2 10 1 1887 4101 2359
2017 2 2 10 1 4000 4166 4002
2018 2 2 10 1 392 5333 5327
2019 2 2 10 1 3431 4145 2841
2020 2 2 10 1 1182 3846 3698
2021 2 2 10 1 2544 4105 2116
2022 2 2 10 1 3901 3902 2789
2023 2 2 10 1 3924 3925 2643
2024 2 2 10 1 3929 3930 2650
2025 2 2 10 1 3932 3933 2743
2026 2 2 10 1 3935 3936 2763
2027 2 2 10 1 3563 3789 1178
2028 2 2 10 1 2331 3849 3741
2029 2 2 10 1 3275 5522 5436
2030 2 2 10 1 1263 3433 1261
2031 2 2 10 1 1140 4112 4111
2032 2 2 10 1 4363 4378 808
2033 2 2 10 1 2076 3801 3589
2034 2 2 10 1 2054 3802 3674
2035 2 2 10 1 3504 3505 1877
2036 2 2 10 1 849 3861 759
2037 2 2 10 1 2680 3968 2866
2038 2 2 10 1 2674 3960 2731
2039 2 2 10 1 2456 3964 2471
2040 2 2 10 1 2668 3952 2745
2041 2 2 10 1 2446 3943 2470
2042 2 2 10 1 2658 3935 2763
2043 2 2 10 1 2525 3913 2541
2044 2 2 10 1 2491 3946 2526
2045 2 2 10 1 2652 3932 2743
2046 2 2 10 1 2268 4021 2767
2047 2 2 10 1 2552 3901 2789
2048 2 2 10 1 1234 4086 1790
2049 2 2 10 1 2645 3929 2650
2050 2 2 10 1 1100 4036 1309
2051 2 2 10 1 1090 4032 1308
2052 2 2 10 1 2638 3924 2643
2053 2 2 10 1 2220 3957 2317
2054 2 2 10 1 2428 3906 2468
2055 2 2 10 1 2627 3909 2630
2056 2 2 10 1 1052 4028 1160
2057 2 2 10 1 1046 4025 1161
2058 2 2 10 1 2074 3890 2897
2059 2 2 10 1 1040 4018 1168
2060 2 2 10 1 2616 3896 2619
2061 2 2 10 1 1034 4014 1195
2062 2 2 10 1 2234 3939 2346
2063 2 2 10 1 1028 4010 1179
2064 2 2 10 1 2066 3887 2848
2065 2 2 10 1 2136 3869 2360
2066 2 2 10 1 2060 3881 2803
2067 2 2 10 1 3683 3747 1186
2068 2 2 10 1 2051 3878 2777
2069 2 2 10 1 440 5343 5339
2070 2 2 10 1 3380 4162 3434
2071 2 2 10 1 1291 4441 4391
2072 2 2 10 1 3878 3879 2777
2073 2 2 10 1 809 4472 4297
2074 2 2 10 1 3881 3882 2803
2075 2 2 10 1 438 5088 3873
2076 2 2 10 1 2480 4343 4288
2077 2 2 10 1 3482 5227 1608
2078 2 2 10 1 3887 3888 2848
2079 2 2 10 1 1160 4028 4024
2080 2 2 10 1 1161 4025 4017
2081 2 2 10 1 2471 3964 3479
2082 2 2 10 1 1168 4018 4013
2083 2 2 10 1 1195 4014 4007
2084 2 2 10 1 1179 4010 4001
2085 2 2 10 1 2317 3957 3601
2086 2 2 10 1 5268 5290 1767
2087 2 2 10 1 2470 3943 3494
2088 2 2 10 1 2526 3946 3912
2089 2 2 10 1 2541 3913 3900
2090 2 2 10 1 2346 3939 3643
2091 2 2 10 1 889 4464 3370
2092 2 2 10 1 2468 3906 3584
2093 2 2 10 1 3890 3891 2897
2094 2 2 10 1 2630 3909 3610
2095 2 2 10 1 2619 3896 3638
2096 2 2 10 1 2360 3869 3729
2097 2 2 10 1 3999 4003 1024
2098 2 2 10 1 3987 3995 1012
2099 2 2 10 1 1611 4258 4239
2100 2 2 10 1 1953 4216 2332
2101 2 2 10 1 2386 3853 2492
2102 2 2 10 1 5096 5189 2829
2103 2 2 10 1 3378 4276 848
2104 2 2 10 1 2406 4590 4577
2105 2 2 10 1 3451 3452 1981
2106 2 2 10 1 3625 3626 2604
2107 2 2 10 1 3461 3462 2697
2108 2 2 10 1 3531 3532 2196
2109 2 2 10 1 499 5429 5426
2110 2 2 10 1 1064 3606 3605
2111 2 2 10 1 3596 3597 2177
2112 2 2 10 1 3568 3569 2301
2113 2 2 10 1 3524 3525 2013
2114 2 2 10 1 3574 3575 2571
2115 2 2 10 1 4288 4343 4285
2116 2 2 10 1 3346 4088 2373
2117 2 2 10 1 3622 3623 2590
2118 2 2 10 1 3399 3400 3398
2119 2 2 10 1 1006 3670 3667
2120 2 2 10 1 908 3983 3982
2121 2 2 10 1 3397 3418 2836
2122 2 2 10 1 3912 4633 1567
2123 2 2 10 1 982 3713 3711
2124 2 2 10 1 3722 3723 936
2125 2 2 10 1 549 4094 551
2126 2 2 10 1 3752 3808 2321
2127 2 2 10 1 2160 3810 3809
2128 2 2 10 1 5445 5451 3068
2129 2 2 10 1 3876 4094 2403
2130 2 2 10 1 1660 4223 1275
2131 2 2 10 1 1326 4082 1330
2132 2 2 10 1 1635 4298 626
2133 2 2 10 1 3859 4223 1660
2134 2 2 10 1 4534 4542 2503
2135 2 2 10 1 4087 4439 1144
2136 2 2 10 1 3770 3773 3771
2137 2 2 10 1 3762 3765 3763
2138 2 2 10 1 2963 5469 4409
2139 2 2 10 1 4100 4272 3378
2140 2 2 10 1 1074 3789 3581
2141 2 2 10 1 4296 4298 1635
2142 2 2 10 1 3664 3687 1191
2143 2 2 10 1 4297 4539 809
2144 2 2 10 1 544 4111 546
2145 2 2 10 1 4266 4272 1301
2146 2 2 10 1 1291 4151 639
2147 2 2 10 1 4238 4445 2825
2148 2 2 10 1 1629 4287 616
2149 2 2 10 1 561 4104 567
2150 2 2 10 1 4090 4438 2839
2151 2 2 10 1 1833 3865 1656
2152 2 2 10 1 4032 4033 1308
2153 2 2 10 1 2098 3919 2100
2154 2 2 10 1 1704 3418 1860
2155 2 2 10 1 1809 4135 1668
2156 2 2 10 1 3650 3653 3645
2157 2 2 10 1 3853 4120 2492
2158 2 2 10 1 3829 3830 956
2159 2 2 10 1 1312 4137 589
2160 2 2 10 1 1293 4136 597
2161 2 2 10 1 3816 3817 3814
2162 2 2 10 1 2404 4083 1867
2163 2 2 10 1 1979 3451 1981
2164 2 2 10 1 2694 3461 2697
2165 2 2 10 1 2194 3531 2196
2166 2 2 10 1 2713 3487 2716
2167 2 2 10 1 2212 3540 2214
2168 2 2 10 1 1074 3581 1072
2169 2 2 10 1 2299 3568 2301
2170 2 2 10 1 1064 3605 1062
2171 2 2 10 1 494 5217 5202
2172 2 2 10 1 1959 3470 1961
2173 2 2 10 1 2175 3596 2177
2174 2 2 10 1 2568 3574 2571
2175 2 2 10 1 1716 3504 1713
2176 2 2 10 1 2316 3803 3635
2177 2 2 10 1 2588 3622 2590
2178 2 2 10 1 2011 3524 2013
2179 2 2 10 1 908 3982 906
2180 2 2 10 1 1006 3667 1004
2181 2 2 10 1 998 3687 996
2182 2 2 10 1 982 3711 980
2183 2 2 10 1 938 3722 936
2184 2 2 10 1 1134 3830 1172
2185 2 2 10 1 3437 3438 3257
2186 2 2 10 1 5091 5103 466
2187 2 2 10 1 1320 3786 582
2188 2 2 10 1 2323 3808 3733
2189 2 2 10 1 2164 3809 3750
2190 2 2 10 1 3619 3620 2591
2191 2 2 10 1 3571 3572 2569
2192 2 2 10 1 3629 3630 2903
2193 2 2 10 1 3565 3566 2338
2194 2 2 10 1 3719 3720 1159
2195 2 2 10 1 3593 3594 2356
2196 2 2 10 1 4285 4287 1629
2197 2 2 10 1 1180 3693 3692
2198 2 2 10 1 3550 3551 2858
2199 2 2 10 1 1298 3689 3688
2200 2 2 10 1 3484 3485 2714
2201 2 2 10 1 1297 3700 3699
2202 2 2 10 1 1184 3980 3979
2203 2 2 10 1 1299 3685 3681
2204 2 2 10 1 3541 3542 2823
2205 2 2 10 1 3481 3482 2944
2206 2 2 10 1 1302 3665 3662
2207 2 2 10 1 3537 3538 2281
2208 2 2 10 1 3475 3476 2938
2209 2 2 10 1 3515 3516 2814
2210 2 2 10 1 3511 3512 2816
2211 2 2 10 1 3555 3556 2764
2212 2 2 10 1 3488 3489 2807
2213 2 2 10 1 3544 3545 2779
2214 2 2 10 1 3458 3459 2695
2215 2 2 10 1 1305 3603 3602
2216 2 2 10 1 3528 3529 2328
2217 2 2 10 1 1306 3579 3578
2218 2 2 10 1 3521 3522 2077
2219 2 2 10 1 1656 4153 1240
2220 2 2 10 1 3472 3473 2867
2221 2 2 10 1 3764 3767 2369
2222 2 2 10 1 2861 4477 4459
2223 2 2 10 1 3772 3775 2496
2224 2 2 10 1 4065 5216 464
2225 2 2 10 1 3464 3465 2330
2226 2 2 10 1 3873 4072 3870
2227 2 2 10 1 3748 3751 2321
2228 2 2 10 1 879 3780 3779
2229 2 2 10 1 3731 3734 2325
2230 2 2 10 1 2850 4266 3860
2231 2 2 10 1 3672 3676 2329
2232 2 2 10 1 3497 3498 1884
2233 2 2 10 1 3753 3757 2533
2234 2 2 10 1 1810 3612 3611
2235 2 2 10 1 565 3435 1314
2236 2 2 10 1 2511 4071 2980
2237 2 2 10 1 3439 3440 2322
2238 2 2 10 1 4074 4589 3652
2239 2 2 10 1 2474 4127 2578
2240 2 2 10 1 3644 3653 1293
2241 2 2 10 1 4085 4224 3384
2242 2 2 10 1 3358 4229 3430
2243 2 2 10 1 3992 4569 4447
2244 2 2 10 1 3838 3839 1993
2245 2 2 10 1 3726 3812 1289
2246 2 2 10 1 4011 4425 4014
2247 2 2 10 1 3842 3843 1999
2248 2 2 10 1 5188 5190 404
2249 2 2 10 1 3770 3771 2496
2250 2 2 10 1 3762 3763 2369
2251 2 2 10 1 4007 4579 4008
2252 2 2 10 1 1788 3770 2496
2253 2 2 10 1 1818 3762 2369
2254 2 2 10 1 2372 3790 3262
2255 2 2 10 1 626 4298 624
2256 2 2 10 1 1169 4121 968
2257 2 2 10 1 4051 4060 4050
2258 2 2 10 1 3834 3835 1987
2259 2 2 10 1 956 3830 1134
2260 2 2 10 1 2013 3525 2015
2261 2 2 10 1 516 5466 5397
2262 2 2 10 1 2590 3623 2593
2263 2 2 10 1 2571 3575 2580
2264 2 2 10 1 3783 4073 3780
2265 2 2 10 1 2697 3462 2699
2266 2 2 10 1 2301 3569 2303
2267 2 2 10 1 2177 3597 2179
2268 2 2 10 1 2196 3532 2198
2269 2 2 10 1 910 3983 908
2270 2 2 10 1 984 3713 982
2271 2 2 10 1 936 3723 934
2272 2 2 10 1 1008 3670 1006
2273 2 2 10 1 1066 3606 1064
2274 2 2 10 1 1981 3452 1983
2275 2 2 10 1 3681 3685 3682
2276 2 2 10 1 3662 3665 3663
2277 2 2 10 1 4299 4378 4363
2278 2 2 10 1 2347 4049 1806
2279 2 2 10 1 3715 3716 3714
2280 2 2 10 1 3645 3653 3644
2281 2 2 10 1 4057 4551 4411
2282 2 2 10 1 1181 4675 3598
2283 2 2 10 1 3848 3849 2019
2284 2 2 10 1 2400 3819 3807
2285 2 2 10 1 1860 3418 2336
2286 2 2 10 1 3772 3776 3775
2287 2 2 10 1 3845 3846 930
2288 2 2 10 1 1678 5278 4271
2289 2 2 10 1 2934 4064 1905
2290 2 2 10 1 767 4100 848
2291 2 2 10 1 3780 4073 3779
2292 2 2 10 1 1202 4160 1316
2293 2 2 10 1 3430 4229 4119
2294 2 2 10 1 1076 3789 1074
2295 2 2 10 1 3497 3501 3498
2296 2 2 10 1 1937 3801 1939
2297 2 2 10 1 1927 3802 1929
2298 2 2 10 1 1993 3839 1995
2299 2 2 10 1 3713 3714 3712
2300 2 2 10 1 1999 3843 2001
2301 2 2 10 1 3797 4105 3761
2302 2 2 10 1 1910 3437 3257
2303 2 2 10 1 2019 3849 2021
2304 2 2 10 1 1987 3835 1989
2305 2 2 10 1 930 3846 928
2306 2 2 10 1 1977 3439 2322
2307 2 2 10 1 1967 3455 2326
2308 2 2 10 1 1957 3464 2330
2309 2 2 10 1 2005 3472 2867
2310 2 2 10 1 2688 3457 2899
2311 2 2 10 1 2692 3458 2695
2312 2 2 10 1 2684 3471 2885
2313 2 2 10 1 2703 3475 2938
2314 2 2 10 1 2460 3477 2751
2315 2 2 10 1 1580 3474 1747
2316 2 2 10 1 949 3829 956
2317 2 2 10 1 2707 3481 2944
2318 2 2 10 1 1560 3480 1757
2319 2 2 10 1 2009 3521 2077
2320 2 2 10 1 2711 3484 2714
2321 2 2 10 1 1556 3483 1759
2322 2 2 10 1 2450 3492 2762
2323 2 2 10 1 1718 3497 1884
2324 2 2 10 1 2662 3510 2758
2325 2 2 10 1 2720 3495 2942
2326 2 2 10 1 2083 3585 2911
2327 2 2 10 1 2202 3488 2807
2328 2 2 10 1 2276 3491 2792
2329 2 2 10 1 2280 3490 2804
2330 2 2 10 1 2724 3517 2940
2331 2 2 10 1 2272 3514 2783
2332 2 2 10 1 2206 3511 2816
2333 2 2 10 1 2728 3534 2931
2334 2 2 10 1 582 3786 583
2335 2 2 10 1 1185 3513 1120
2336 2 2 10 1 1943 3587 2333
2337 2 2 10 1 2285 3515 2814
2338 2 2 10 1 2192 3528 2328
2339 2 2 10 1 1311 3519 1116
2340 2 2 10 1 3418 3436 2836
2341 2 2 10 1 2440 3547 2773
2342 2 2 10 1 2733 3543 3267
2343 2 2 10 1 1190 3520 1112
2344 2 2 10 1 1810 3611 1664
2345 2 2 10 1 2210 3537 2281
2346 2 2 10 1 1310 3536 1108
2347 2 2 10 1 3709 4121 1169
2348 2 2 10 1 2188 3544 2779
2349 2 2 10 1 2289 3541 2823
2350 2 2 10 1 1534 3549 1781
2351 2 2 10 1 2436 3559 2780
2352 2 2 10 1 2262 3552 2735
2353 2 2 10 1 1309 3546 1098
2354 2 2 10 1 2183 3555 2764
2355 2 2 10 1 2293 3550 2858
2356 2 2 10 1 2556 3571 2569
2357 2 2 10 1 1308 3553 1088
2358 2 2 10 1 2148 3658 2744
2359 2 2 10 1 2432 3582 2782
2360 2 2 10 1 2258 3564 2750
2361 2 2 10 1 1176 3557 1084
2362 2 2 10 1 1524 3577 1686
2363 2 2 10 1 1307 3561 1080
2364 2 2 10 1 2297 3565 2338
2365 2 2 10 1 2632 3608 2815
2366 2 2 10 1 2254 3586 2757
2367 2 2 10 1 1306 3578 1070
2368 2 2 10 1 2173 3593 2356
2369 2 2 10 1 2584 3619 2591
2370 2 2 10 1 2250 3615 2765
2371 2 2 10 1 2224 3599 2812
2372 2 2 10 1 2422 3616 2786
2373 2 2 10 1 1305 3602 1060
2374 2 2 10 1 2621 3636 2847
2375 2 2 10 1 2246 3631 2778
2376 2 2 10 1 2144 3691 2601
2377 2 2 10 1 2228 3627 2806
2378 2 2 10 1 1933 3672 2329
2379 2 2 10 1 2307 3629 2903
2380 2 2 10 1 2242 3639 2784
2381 2 2 10 1 2377 4110 4086
2382 2 2 10 1 1502 3657 1700
2383 2 2 10 1 2610 3655 2878
2384 2 2 10 1 2238 3641 2791
2385 2 2 10 1 2311 3803 2316
2386 2 2 10 1 2604 3626 2603
2387 2 2 10 1 2315 3633 2986
2388 2 2 10 1 595 3644 1293
2389 2 2 10 1 1378 3659 1732
2390 2 2 10 1 1492 3661 1709
2391 2 2 10 1 2140 3727 2594
2392 2 2 10 1 1382 3660 1730
2393 2 2 10 1 1488 3680 1734
2394 2 2 10 1 1386 3671 1728
2395 2 2 10 1 1184 3979 904
2396 2 2 10 1 1302 3662 1002
2397 2 2 10 1 1390 3690 1726
2398 2 2 10 1 1299 3681 994
2399 2 2 10 1 4469 4566 4258
2400 2 2 10 1 1298 3688 914
2401 2 2 10 1 1180 3692 918
2402 2 2 10 1 920 3694 1180
2403 2 2 10 1 1923 3731 2325
2404 2 2 10 1 924 3696 1295
2405 2 2 10 1 1297 3699 978
2406 2 2 10 1 990 3747 988
2407 2 2 10 1 940 3719 1159
2408 2 2 10 1 944 3726 1289
2409 2 2 10 1 1919 3808 2323
2410 2 2 10 1 2025 3739 2907
2411 2 2 10 1 3870 4072 2104
2412 2 2 10 1 1412 3730 1701
2413 2 2 10 1 879 3779 585
2414 2 2 10 1 1915 3748 2321
2415 2 2 10 1 2110 3753 2533
2416 2 2 10 1 2130 3768 2585
2417 2 2 10 1 1448 3738 1767
2418 2 2 10 1 1444 3743 1772
2419 2 2 10 1 1428 3742 1736
2420 2 2 10 1 1440 3745 1679
2421 2 2 10 1 1432 3744 1746
2422 2 2 10 1 2029 3777 2909
2423 2 2 10 1 1436 3746 1755
2424 2 2 10 1 2126 3787 2572
2425 2 2 10 1 3408 4476 2485
2426 2 2 10 1 1890 3809 2164
2427 2 2 10 1 3405 4069 2469
2428 2 2 10 1 2033 3793 2912
2429 2 2 10 1 1171 3864 1138
2430 2 2 10 1 2122 3795 2564
2431 2 2 10 1 548 4594 4128
2432 2 2 10 1 2045 3799 2918
2433 2 2 10 1 2037 3798 2915
2434 2 2 10 1 567 4104 1282
2435 2 2 10 1 2820 3857 1873
2436 2 2 10 1 2041 3800 2916
2437 2 2 10 1 1835 3831 570
2438 2 2 10 1 4324 5100 1618
2439 2 2 10 1 2861 4507 3953
2440 2 2 10 1 4148 4493 3785
2441 2 2 10 1 3761 4105 2544
2442 2 2 10 1 3821 4503 1258
2443 2 2 10 1 1140 4111 544
2444 2 2 10 1 2962 5469 2963
2445 2 2 10 1 4066 4226 1232
2446 2 2 10 1 5161 5244 3703
2447 2 2 10 1 5327 5333 3213
2448 2 2 10 1 1147 4089 1130
2449 2 2 10 1 2963 3854 2156
2450 2 2 10 1 3330 5014 1724
2451 2 2 10 1 1991 3838 1993
2452 2 2 10 1 3263 3866 2339
2453 2 2 10 1 1238 3436 1236
2454 2 2 10 1 440 5339 4436
2455 2 2 10 1 1997 3842 1999
2456 2 2 10 1 2407 3847 1880
2457 2 2 10 1 3667 3670 3668
2458 2 2 10 1 2578 4127 4091
2459 2 2 10 1 2469 4069 2414
2460 2 2 10 1 3711 3713 3712
2461 2 2 10 1 2359 4101 3792
2462 2 2 10 1 1232 4226 1228
2463 2 2 10 1 1873 3857 1793
2464 2 2 10 1 3809 3810 3750
2465 2 2 10 1 1867 4083 1852
2466 2 2 10 1 3824 3825 1124
2467 2 2 10 1 1246 4080 2380
2468 2 2 10 1 3861 4231 2850
2469 2 2 10 1 1658 3436 1238
2470 2 2 10 1 1018 4569 3994
2471 2 2 10 1 3751 3752 2321
2472 2 2 10 1 2484 4242 4154
2473 2 2 10 1 2977 4084 2157
2474 2 2 10 1 1331 4029 1594
2475 2 2 10 1 3757 3758 2533
2476 2 2 10 1 3734 3735 2325
2477 2 2 10 1 1985 3834 1987
2478 2 2 10 1 3676 3677 2329
2479 2 2 10 1 2559 3862 3324
2480 2 2 10 1 2157 4084 1862
2481 2 2 10 1 4330 5089 5074
2482 2 2 10 1 1806 4049 1803
2483 2 2 10 1 932 3845 930
2484 2 2 10 1 2017 3848 2019
2485 2 2 10 1 1879 4050 2809
2486 2 2 10 1 1123 3434 1128
2487 2 2 10 1 2854 4219 4107
2488 2 2 10 1 3679 4640 3589
2489 2 2 10 1 1249 4123 1770
2490 2 2 10 1 1642 5008 3566
2491 2 2 10 1 1753 4101 1887
2492 2 2 10 1 1223 4086 1234
2493 2 2 10 1 2398 3805 2947
2494 2 2 10 1 1236 3436 1704
2495 2 2 10 1 3703 3704 1177
2496 2 2 10 1 3068 5451 3070
2497 2 2 10 1 4172 5429 499
2498 2 2 10 1 2403 4094 549
2499 2 2 10 1 849 4443 4231
2500 2 2 10 1 3708 3709 1169
2501 2 2 10 1 2970 4077 2495
2502 2 2 10 1 1881 4077 3502
2503 2 2 10 1 2449 4445 4238
2504 2 2 10 1 2527 3443 3442
2505 2 2 10 1 1704 3436 3418
2506 2 2 10 1 2467 4068 3618
2507 2 2 10 1 2394 3819 2400
2508 2 2 10 1 3883 3884 2562
2509 2 2 10 1 2149 4072 3755
2510 2 2 10 1 3035 5103 5091
2511 2 2 10 1 4107 4219 895
2512 2 2 10 1 3972 3973 1162
2513 2 2 10 1 3977 3978 1192
2514 2 2 10 1 4128 4565 548
2515 2 2 10 1 4038 4039 1185
2516 2 2 10 1 1738 4085 1740
2517 2 2 10 1 1250 4081 1257
2518 2 2 10 1 442 5423 3312
2519 2 2 10 1 4041 4042 1911
2520 2 2 10 1 876 4134 877
2521 2 2 10 1 3558 5208 2926
2522 2 2 10 1 832 4080 1246
2523 2 2 10 1 3822 3823 2754
2524 2 2 10 1 4151 4398 860
2525 2 2 10 1 2901 5146 4255
2526 2 2 10 1 2329 3678 1935
2527 2 2 10 1 2391 3786 1320
2528 2 2 10 1 2325 3736 1925
2529 2 2 10 1 2095 3917 2098
2530 2 2 10 1 4086 4110 1790
2531 2 2 10 1 1636 4596 3998
2532 2 2 10 1 2533 3759 2112
2533 2 2 10 1 1803 4049 4041
2534 2 2 10 1 1835 3833 3832
2535 2 2 10 1 2383 4109 1680
2536 2 2 10 1 1252 3821 1258
2537 2 2 10 1 2969 3855 2982
2538 2 2 10 1 4050 4060 2809
2539 2 2 10 1 1203 4098 1142
2540 2 2 10 1 948 3824 1124
2541 2 2 10 1 3305 4049 2347
2542 2 2 10 1 551 4094 554
2543 2 2 10 1 3650 4614 3654
2544 2 2 10 1 1328 4029 1331
2545 2 2 10 1 2080 3850 2910
2546 2 2 10 1 1595 4082 1325
2547 2 2 10 1 3411 4109 2383
2548 2 2 10 1 1125 3858 954
2549 2 2 10 1 1291 4391 3388
2550 2 2 10 1 2564 4165 3788
2551 2 2 10 1 583 3786 879
2552 2 2 10 1 3430 4119 1274
2553 2 2 10 1 3390 4444 1661
2554 2 2 10 1 1259 4093 1262
2555 2 2 10 1 4113 4114 4112
2556 2 2 10 1 1811 4050 1879
2557 2 2 10 1 3699 3703 1177
2558 2 2 10 1 884 4099 1126
2559 2 2 10 1 1790 4217 1657
2560 2 2 10 1 2527 3442 3439
2561 2 2 10 1 3296 5390 3961
2562 2 2 10 1 3611 3614 1809
2563 2 2 10 1 3796 4165 3795
2564 2 2 10 1 5334 5343 4199
2565 2 2 10 1 4910 4926 3168
2566 2 2 10 1 2495 4077 1760
2567 2 2 10 1 1722 4077 1881
2568 2 2 10 1 4118 4995 4636
2569 2 2 10 1 1659 5012 3659
2570 2 2 10 1 562 3435 565
2571 2 2 10 1 1801 4041 1911
2572 2 2 10 1 1133 4038 1185
2573 2 2 10 1 2485 4397 4244
2574 2 2 10 1 687 3985 840
2575 2 2 10 1 681 3970 865
2576 2 2 10 1 1125 4098 3858
2577 2 2 10 1 655 3953 838
2578 2 2 10 1 2169 3883 2562
2579 2 2 10 1 807 3954 854
2580 2 2 10 1 789 3949 1284
2581 2 2 10 1 4195 5260 5214
2582 2 2 10 1 661 3947 1283
2583 2 2 10 1 671 3948 1287
2584 2 2 10 1 1212 3863 1235
2585 2 2 10 1 2369 3767 1909
2586 2 2 10 1 2388 3822 2754
2587 2 2 10 1 2496 3775 1893
2588 2 2 10 1 2418 4068 2467
2589 2 2 10 1 900 3977 1192
2590 2 2 10 1 2364 3866 3246
2591 2 2 10 1 964 3972 1162
2592 2 2 10 1 1468 3971 1698
2593 2 2 10 1 1458 3969 1687
2594 2 2 10 1 1773 3770 1788
2595 2 2 10 1 1768 3762 1818
2596 2 2 10 1 4106 4217 1790
2597 2 2 10 1 2106 4072 2149
2598 2 2 10 1 2358 3790 2372
2599 2 2 10 1 4284 4448 4287
2600 2 2 10 1 1673 3885 1816
2601 2 2 10 1 3624 3625 2604
2602 2 2 10 1 3526 3527 2093
2603 2 2 10 1 3724 3725 1193
2604 2 2 10 1 5501 5523 4387
2605 2 2 10 1 3840 3841 2091
2606 2 2 10 1 3836 3837 2159
2607 2 2 10 1 2134 3869 2136
2608 2 2 10 1 1274 4119 1268
2609 2 2 10 1 2049 3878 2051
2610 2 2 10 1 4244 4397 4029
2611 2 2 10 1 2057 3881 2060
2612 2 2 10 1 2116 4105 2118
2613 2 2 10 1 2064 3887 2066
2614 2 2 10 1 2071 3890 2074
2615 2 2 10 1 2614 3896 2616
2616 2 2 10 1 2426 3906 2428
2617 2 2 10 1 2625 3909 2627
2618 2 2 10 1 2543 3901 2552
2619 2 2 10 1 2523 3913 2525
2620 2 2 10 1 2636 3924 2638
2621 2 2 10 1 2642 3929 2645
2622 2 2 10 1 3771 3772 2496
2623 2 2 10 1 3763 3764 2369
2624 2 2 10 1 2489 3946 2491
2625 2 2 10 1 2649 3932 2652
2626 2 2 10 1 2656 3935 2658
2627 2 2 10 1 2444 3943 2446
2628 2 2 10 1 2666 3952 2668
2629 2 2 10 1 2232 3939 2234
2630 2 2 10 1 2672 3960 2674
2631 2 2 10 1 1892 4460 3383
2632 2 2 10 1 2454 3964 2456
2633 2 2 10 1 2678 3968 2680
2634 2 2 10 1 2218 3957 2220
2635 2 2 10 1 1266 4108 1260
2636 2 2 10 1 3727 4605 2594
2637 2 2 10 1 3760 3761 2544
2638 2 2 10 1 1030 4010 1028
2639 2 2 10 1 2266 4021 2268
2640 2 2 10 1 1036 4014 1034
2641 2 2 10 1 1042 4018 1040
2642 2 2 10 1 1048 4025 1046
2643 2 2 10 1 1054 4028 1052
2644 2 2 10 1 759 3861 761
2645 2 2 10 1 1092 4032 1090
2646 2 2 10 1 1102 4036 1100
2647 2 2 10 1 2965 4067 2987
2648 2 2 10 1 3355 4568 4558
2649 2 2 10 1 2558 3862 2559
2650 2 2 10 1 1248 4081 1250
2651 2 2 10 1 3453 3454 2163
2652 2 2 10 1 2986 5506 4389
2653 2 2 10 1 2339 3866 1894
2654 2 2 10 1 3448 3449 498
2655 2 2 10 1 3379 4818 3300
2656 2 2 10 1 4459 4477 1122
2657 2 2 10 1 835 4647 833
2658 2 2 10 1 4248 4370 4247
2659 2 2 10 1 570 3831 564
2660 2 2 10 1 3446 4692 3448
2661 2 2 10 1 4091 4128 2578
2662 2 2 10 1 4096 4097 2819
2663 2 2 10 1 1858 3853 2386
2664 2 2 10 1 3708 3710 3709
2665 2 2 10 1 2512 4071 2511
2666 2 2 10 1 2156 3854 2155
2667 2 2 10 1 602 4145 605
2668 2 2 10 1 1750 4109 1865
2669 2 2 10 1 3505 3506 1877
2670 2 2 10 1 3147 4070 3316
2671 2 2 10 1 1260 4108 1256
2672 2 2 10 1 4418 5188 404
2673 2 2 10 1 894 4163 3325
2674 2 2 10 1 3153 4078 3302
2675 2 2 10 1 1255 4093 1259
2676 2 2 10 1 559 4104 561
2677 2 2 10 1 546 4111 2403
2678 2 2 10 1 4041 4049 4047
2679 2 2 10 1 3159 4079 3275
2680 2 2 10 1 2921 5455 5301
2681 2 2 10 1 3388 4398 4151
2682 2 2 10 1 548 4565 545
2683 2 2 10 1 1261 3433 1265
2684 2 2 10 1 3851 3853 1858
2685 2 2 10 1 4089 4090 2839
2686 2 2 10 1 880 4480 887
2687 2 2 10 1 3654 4669 3417
2688 2 2 10 1 3865 4153 1656
2689 2 2 10 1 3505 3507 3506
2690 2 2 10 1 1973 3444 2527
2691 2 2 10 1 1850 4122 1854
2692 2 2 10 1 494 5202 4181
2693 2 2 10 1 3361 4673 1588
2694 2 2 10 1 1635 4299 4296
2695 2 2 10 1 3498 3500 3499
2696 2 2 10 1 3720 3721 1159
2697 2 2 10 1 3620 3621 2591
2698 2 2 10 1 1297 3701 3700
2699 2 2 10 1 3781 3782 3780
2700 2 2 10 1 3700 3703 3699
2701 2 2 10 1 3572 3573 2569
2702 2 2 10 1 3701 3702 3700
2703 2 2 10 1 1299 3686 3685
2704 2 2 10 1 1184 3981 3980
2705 2 2 10 1 1302 3666 3665
2706 2 2 10 1 3522 3523 2077
2707 2 2 10 1 3594 3595 2356
2708 2 2 10 1 3566 3567 2338
2709 2 2 10 1 1177 3705 974
2710 2 2 10 1 3485 3486 2714
2711 2 2 10 1 3538 3539 2281
2712 2 2 10 1 879 3781 3780
2713 2 2 10 1 1305 3604 3603
2714 2 2 10 1 3972 4121 3974
2715 2 2 10 1 1306 3580 3579
2716 2 2 10 1 4939 5175 2209
2717 2 2 10 1 3529 3530 2328
2718 2 2 10 1 3459 3460 2695
2719 2 2 10 1 1142 4098 1125
2720 2 2 10 1 3465 3466 2330
2721 2 2 10 1 3612 3614 3611
2722 2 2 10 1 3825 3828 3826
2723 2 2 10 1 3498 3499 1884
2724 2 2 10 1 1854 4122 2788
2725 2 2 10 1 1905 4064 1904
2726 2 2 10 1 2413 4083 3403
2727 2 2 10 1 3440 3441 2322
2728 2 2 10 1 1130 4089 1129
2729 2 2 10 1 3914 3915 2094
2730 2 2 10 1 3439 3442 3440
2731 2 2 10 1 1226 4790 3351
2732 2 2 10 1 3889 3890 2071
2733 2 2 10 1 3966 3968 2678
2734 2 2 10 1 3958 3960 2672
2735 2 2 10 1 3950 3952 2666
2736 2 2 10 1 3962 3964 2454
2737 2 2 10 1 3867 3869 2134
2738 2 2 10 1 3886 3887 2064
2739 2 2 10 1 573 4099 884
2740 2 2 10 1 1848 1894 1731
2741 2 2 10 1 3934 3935 2656
2742 2 2 10 1 2558 2559 1878
2743 2 2 10 1 3941 3943 2444
2744 2 2 10 1 3910 3913 2523
2745 2 2 10 1 4886 4920 3158
2746 2 2 10 1 3944 3946 2489
2747 2 2 10 1 1261 1265 1260
2748 2 2 10 1 3931 3932 2649
2749 2 2 10 1 2566 2843 2379
2750 2 2 10 1 2384 2781 2383
2751 2 2 10 1 3898 3901 2543
2752 2 2 10 1 3928 3929 2642
2753 2 2 10 1 3922 3924 2636
2754 2 2 10 1 1848 2339 1894
2755 2 2 10 1 1674 1856 1753
2756 2 2 10 1 3904 3906 2426
2757 2 2 10 1 2384 2958 2781
2758 2 2 10 1 3907 3909 2625
2759 2 2 10 1 1655 1848 1731
2760 2 2 10 1 3880 3881 2057
2761 2 2 10 1 2378 2566 2379
2762 2 2 10 1 1655 1731 1313
2763 2 2 10 1 2378 2379 2377
2764 2 2 10 1 4019 4021 2266
2765 2 2 10 1 1134 1171 1138
2766 2 2 10 1 2787 2906 1908
2767 2 2 10 1 3894 3896 2614
2768 2 2 10 1 1674 1753 1241
2769 2 2 10 1 3955 3957 2218
2770 2 2 10 1 3784 3785 3782
2771 2 2 10 1 4034 4036 1102
2772 2 2 10 1 1827 4089 2839
2773 2 2 10 1 4030 4032 1092
2774 2 2 10 1 1791 2384 2383
2775 2 2 10 1 2359 3791 3790
2776 2 2 10 1 1865 3765 3762
2777 2 2 10 1 3877 3878 2049
2778 2 2 10 1 1866 2558 1878
2779 2 2 10 1 1259 1261 1260
2780 2 2 10 1 1864 3773 3770
2781 2 2 10 1 1857 3851 1858
2782 2 2 10 1 3377 4552 584
2783 2 2 10 1 1134 1138 1121
2784 2 2 10 1 1704 1860 1705
2785 2 2 10 1 3937 3939 2232
2786 2 2 10 1 564 3831 3435
2787 2 2 10 1 4026 4028 1054
2788 2 2 10 1 2969 2982 2970
2789 2 2 10 1 4022 4025 1048
2790 2 2 10 1 4015 4018 1042
2791 2 2 10 1 4011 4014 1036
2792 2 2 10 1 761 3861 3860
2793 2 2 10 1 2971 3855 2969
2794 2 2 10 1 4005 4010 1030
2795 2 2 10 1 2336 2951 2335
2796 2 2 10 1 1879 2407 1880
2797 2 2 10 1 3502 3503 3501
2798 2 2 10 1 2080 2910 2404
2799 2 2 10 1 3648 3649 3647
2800 2 2 10 1 1321 1322 1320
2801 2 2 10 1 1325 1326 1324
2802 2 2 10 1 1328 1331 1329
2803 2 2 10 1 1330 4029 1328
2804 2 2 10 1 2769 3297 2768
2805 2 2 10 1 1594 1688 1333
2806 2 2 10 1 1829 1857 1830
2807 2 2 10 1 2505 3852 3851
2808 2 2 10 1 2863 3383 2902
2809 2 2 10 1 1796 2088 1823
2810 2 2 10 1 2370 3850 2080
2811 2 2 10 1 1713 1877 1712
2812 2 2 10 1 1149 1320 582
2813 2 2 10 1 1323 1324 1322
2814 2 2 10 1 1859 2505 1857
2815 2 2 10 1 580 582 581
2816 2 2 10 1 1326 1328 1327
2817 2 2 10 1 3403 3404 2469
2818 2 2 10 1 2839 3385 2367
2819 2 2 10 1 2375 2795 1873
2820 2 2 10 1 2564 3788 3787
2821 2 2 10 1 2538 3408 3407
2822 2 2 10 1 1762 1899 1765
2823 2 2 10 1 1868 2080 1867
2824 2 2 10 1 1827 2367 1874
2825 2 2 10 1 3740 5085 395
2826 2 2 10 1 1331 1333 1332
2827 2 2 10 1 2572 3769 3768
2828 2 2 10 1 2401 4163 4140
2829 2 2 10 1 1899 2949 1900
2830 2 2 10 1 2164 3749 3748
2831 2 2 10 1 2557 3796 3795
2832 2 2 10 1 4007 4008 4006
2833 2 2 10 1 2376 2768 1897
2834 2 2 10 1 2585 3868 3867
2835 2 2 10 1 3989 3991 3988
2836 2 2 10 1 3646 3647 3645
2837 2 2 10 1 2149 3754 3753
2838 2 2 10 1 2323 3732 3731
2839 2 2 10 1 1689 1796 1688
2840 2 2 10 1 3682 3684 3683
2841 2 2 10 1 2493 3871 3870
2842 2 2 10 1 1316 1661 1317
2843 2 2 10 1 1854 1867 1852
2844 2 2 10 1 1252 1258 1253
2845 2 2 10 1 2360 3728 3727
2846 2 2 10 1 2054 3673 3672
2847 2 2 10 1 1129 1827 1281
2848 2 2 10 1 1866 1878 1737
2849 2 2 10 1 1864 3770 1773
2850 2 2 10 1 2878 3895 3894
2851 2 2 10 1 2879 3656 3655
2852 2 2 10 1 2619 3637 3636
2853 2 2 10 1 2786 3905 3904
2854 2 2 10 1 2847 3908 3907
2855 2 2 10 1 2630 3609 3608
2856 2 2 10 1 2467 3617 3616
2857 2 2 10 1 2468 3583 3582
2858 2 2 10 1 2815 3923 3922
2859 2 2 10 1 2782 3560 3559
2860 2 2 10 1 2359 3790 2358
2861 2 2 10 1 1791 2383 1680
2862 2 2 10 1 2780 3548 3547
2863 2 2 10 1 1865 3762 1768
2864 2 2 10 1 1257 3821 1252
2865 2 2 10 1 1654 1762 1653
2866 2 2 10 1 860 1829 1828
2867 2 2 10 1 2773 3942 3941
2868 2 2 10 1 2541 3899 3898
2869 2 2 10 1 3267 3269 3268
2870 2 2 10 1 2346 3642 3641
2871 2 2 10 1 2791 3640 3639
2872 2 2 10 1 882 1897 1831
2873 2 2 10 1 883 3645 3644
2874 2 2 10 1 2784 3632 3631
2875 2 2 10 1 2316 3634 3633
2876 2 2 10 1 2526 3911 3910
2877 2 2 10 1 2470 3493 3492
2878 2 2 10 1 2088 3252 2089
2879 2 2 10 1 2940 3535 3534
2880 2 2 10 1 1596 3875 3874
2881 2 2 10 1 2806 3938 3937
2882 2 2 10 1 2413 2469 2414
2883 2 2 10 1 2758 3951 3950
2884 2 2 10 1 2942 3518 3517
2885 2 2 10 1 2812 3628 3627
2886 2 2 10 1 2492 3945 3944
2887 2 2 10 1 1182 3697 3696
2888 2 2 10 1 2762 3963 3962
2889 2 2 10 1 1295 3695 3694
2890 2 2 10 1 3681 3682 1186
2891 2 2 10 1 1259 1260 1256
2892 2 2 10 1 2317 3600 3599
2893 2 2 10 1 2945 3496 3495
2894 2 2 10 1 3662 3663 1191
2895 2 2 10 1 2745 3959 3958
2896 2 2 10 1 3995 3996 1189
2897 2 2 10 1 2826 3956 3955
2898 2 2 10 1 2471 3478 3477
2899 2 2 10 1 2076 3588 3587
2900 2 2 10 1 2731 3967 3966
2901 2 2 10 1 1163 3988 3987
2902 2 2 10 1 4003 4004 1170
2903 2 2 10 1 2735 4020 4019
2904 2 2 10 1 1179 4000 3999
2905 2 2 10 1 1195 4006 4005
2906 2 2 10 1 2382 2538 2381
2907 2 2 10 1 2836 3436 1658
2908 2 2 10 1 1825 2378 2377
2909 2 2 10 1 1168 4012 4011
2910 2 2 10 1 1227 1674 1241
2911 2 2 10 1 1161 4016 4015
2912 2 2 10 1 1160 4023 4022
2913 2 2 10 1 1158 4027 4026
2914 2 2 10 1 1267 1655 1313
2915 2 2 10 1 3561 3562 1178
2916 2 2 10 1 3557 3558 1307
2917 2 2 10 1 3553 3554 1176
2918 2 2 10 1 1236 1704 1237
2919 2 2 10 1 1860 2335 1901
2920 2 2 10 1 1872 2787 1908
2921 2 2 10 1 1164 4031 4030
2922 2 2 10 1 1155 4035 4034
2923 2 2 10 1 1319 1712 1318
2924 2 2 10 1 1904 4063 4062
2925 2 2 10 1 2331 3740 3739
2926 2 2 10 1 2736 2908 2515
2927 2 2 10 1 564 3435 562
2928 2 2 10 1 1792 1873 1793
2929 2 2 10 1 578 580 579
2930 2 2 10 1 1881 3501 3497
2931 2 2 10 1 2335 3856 2337
2932 2 2 10 1 955 1127 1123
2933 2 2 10 1 2968 2969 2495
2934 2 2 10 1 2952 3303 2347
2935 2 2 10 1 2809 2946 2407
2936 2 2 10 1 1126 3824 948
2937 2 2 10 1 879 3786 3781
2938 2 2 10 1 956 1134 1121
2939 2 2 10 1 1210 1242 1223
2940 2 2 10 1 1862 4084 1861
2941 2 2 10 1 2907 3778 3777
2942 2 2 10 1 1861 2837 2836
2943 2 2 10 1 1173 3717 3715
2944 2 2 10 1 2795 2976 2820
2945 2 2 10 1 3917 3919 2098
2946 2 2 10 1 2909 3794 3793
2947 2 2 10 1 1202 1316 1203
2948 2 2 10 1 1811 1879 1822
2949 2 2 10 1 4064 4065 4063
2950 2 2 10 1 3779 4073 1312
2951 2 2 10 1 2950 3306 2949
2952 2 2 10 1 953 2863 1315
2953 2 2 10 1 2935 3333 2934
2954 2 2 10 1 3825 3826 1124
2955 2 2 10 1 2953 3263 2339
2956 2 2 10 1 3824 3827 3825
2957 2 2 10 1 2932 3862 2558
2958 2 2 10 1 2388 2754 1856
2959 2 2 10 1 2409 2410 1127
2960 2 2 10 1 1825 2377 1242
2961 2 2 10 1 1850 1852 1851
2962 2 2 10 1 1894 3866 2364
2963 2 2 10 1 2962 2963 2156
2964 2 2 10 1 1772 5256 3738
2965 2 2 10 1 948 1124 949
2966 2 2 10 1 1267 1313 1263
2967 2 2 10 1 1872 1908 1833
2968 2 2 10 1 1227 1241 1208
2969 2 2 10 1 2506 3822 2388
2970 2 2 10 1 1273 1653 1272
2971 2 2 10 1 2372 3262 2838
2972 2 2 10 1 571 886 880
2973 2 2 10 1 1198 3863 1212
2974 2 2 10 1 1269 1660 1275
2975 2 2 10 1 1887 2359 2358
2976 2 2 10 1 565 1314 568
2977 2 2 10 1 1212 1235 1221
2978 2 2 10 1 850 872 858
2979 2 2 10 1 1243 1791 1680
2980 2 2 10 1 2364 3246 2960
2981 2 2 10 1 1909 3767 2793
2982 2 2 10 1 576 3820 1280
2983 2 2 10 1 1277 1866 1737
2984 2 2 10 1 1818 2369 1909
2985 2 2 10 1 1788 2496 1893
2986 2 2 10 1 1893 3775 2761
2987 2 2 10 1 2400 3806 3805
2988 2 2 10 1 1750 1865 1768
2989 2 2 10 1 1743 1864 1773
2990 2 2 10 1 1255 1259 1256
2991 2 2 10 1 4341 4370 4248
2992 2 2 10 1 1224 4259 4160
2993 2 2 10 1 1250 1252 1251
2994 2 2 10 1 2403 4111 4095
2995 2 2 10 1 3972 3974 3973
2996 2 2 10 1 1334 4241 1336
2997 2 2 10 1 4154 4242 4093
2998 2 2 10 1 1216 1236 1215
2999 2 2 10 1 561 564 562
3000 2 2 10 1 955 1123 954
3001 2 2 10 1 1210 1223 1204
3002 2 2 10 1 1231 1318 1230
3003 2 2 10 1 4042 4043 1911
3004 2 2 10 1 1662 1810 1664
3005 2 2 10 1 4041 4047 4042
3006 2 2 10 1 1313 4225 3433
3007 2 2 10 1 1983 2163 1985
3008 2 2 10 1 1853 2413 2412
3009 2 2 10 1 1977 2322 1979
3010 2 2 10 1 1989 2159 1991
3011 2 2 10 1 2828 3392 3391
3012 2 2 10 1 1973 2527 1975
3013 2 2 10 1 583 879 585
3014 2 2 10 1 1967 2326 1969
3015 2 2 10 1 1995 2091 1997
3016 2 2 10 1 1670 1792 1684
3017 2 2 10 1 1963 2354 1965
3018 2 2 10 1 1666 1809 1668
3019 2 2 10 1 1957 2330 1959
3020 2 2 10 1 2001 2821 2003
3021 2 2 10 1 1953 2332 1955
3022 2 2 10 1 2688 2899 2690
3023 2 2 10 1 2684 2885 2686
3024 2 2 10 1 2692 2695 2694
3025 2 2 10 1 2005 2867 2007
3026 2 2 10 1 1949 2162 1951
3027 2 2 10 1 2680 2866 2682
3028 2 2 10 1 763 1301 765
3029 2 2 10 1 2699 2922 2701
3030 2 2 10 1 2460 2751 2464
3031 2 2 10 1 699 1300 701
3032 2 2 10 1 2703 2938 2705
3033 2 2 10 1 2674 2731 2676
3034 2 2 10 1 767 848 769
3035 2 2 10 1 2456 2471 2458
3036 2 2 10 1 2494 2495 1760
3037 2 2 10 1 1808 2347 1806
3038 2 2 10 1 703 841 705
3039 2 2 10 1 2707 2944 2709
3040 2 2 10 1 695 844 697
3041 2 2 10 1 1580 1747 1591
3042 2 2 10 1 2386 2492 2487
3043 2 2 10 1 2668 2745 2670
3044 2 2 10 1 1760 4077 1722
3045 2 2 10 1 2083 2911 2086
3046 2 2 10 1 771 1296 773
3047 2 2 10 1 2711 2714 2713
3048 2 2 10 1 1560 1757 1562
3049 2 2 10 1 757 849 759
3050 2 2 10 1 1718 1884 1716
3051 2 2 10 1 1722 1881 1720
3052 2 2 10 1 691 1304 693
3053 2 2 10 1 2450 2762 2452
3054 2 2 10 1 2716 2945 2718
3055 2 2 10 1 2662 2758 2664
3056 2 2 10 1 1556 1759 1558
3057 2 2 10 1 1801 1911 1799
3058 2 2 10 1 709 1292 711
3059 2 2 10 1 753 1303 755
3060 2 2 10 1 775 855 777
3061 2 2 10 1 1803 4041 1801
3062 2 2 10 1 2446 2470 2448
3063 2 2 10 1 2720 2942 2722
3064 2 2 10 1 687 840 689
3065 2 2 10 1 2658 2763 2660
3066 2 2 10 1 1552 1735 1554
3067 2 2 10 1 2198 2801 2200
3068 2 2 10 1 1943 2333 1945
3069 2 2 10 1 2009 2077 2011
3070 2 2 10 1 2276 2792 2278
3071 2 2 10 1 685 3985 687
3072 2 2 10 1 2491 2526 2521
3073 2 2 10 1 2724 2940 2726
3074 2 2 10 1 713 842 715
3075 2 2 10 1 1910 3257 3256
3076 2 2 10 1 779 1288 781
3077 2 2 10 1 2202 2807 2204
3078 2 2 10 1 1546 1725 1548
3079 2 2 10 1 2652 2743 2654
3080 2 2 10 1 649 1122 651
3081 2 2 10 1 2280 2804 2283
3082 2 2 10 1 2272 2783 2274
3083 2 2 10 1 747 847 749
3084 2 2 10 1 2728 2931 2730
3085 2 2 10 1 607 866 609
3086 2 2 10 1 2440 2773 2442
3087 2 2 10 1 681 865 683
3088 2 2 10 1 2192 2328 2194
3089 2 2 10 1 2525 2541 2540
3090 2 2 10 1 2474 2578 2577
3091 2 2 10 1 2268 2767 2270
3092 2 2 10 1 2206 2816 2208
3093 2 2 10 1 679 3970 681
3094 2 2 10 1 653 3953 655
3095 2 2 10 1 2733 3267 3266
3096 2 2 10 1 1540 1708 1542
3097 2 2 10 1 783 852 785
3098 2 2 10 1 1157 4038 1133
3099 2 2 10 1 2285 2814 2287
3100 2 2 10 1 2645 2650 2647
3101 2 2 10 1 2394 2400 2396
3102 2 2 10 1 743 1294 745
3103 2 2 10 1 1133 1185 1120
3104 2 2 10 1 2436 2780 2438
3105 2 2 10 1 1118 1311 1116
3106 2 2 10 1 1336 1692 1338
3107 2 2 10 1 2148 2744 2151
3108 2 2 10 1 2188 2779 2190
3109 2 2 10 1 1814 2381 1595
3110 2 2 10 1 655 838 657
3111 2 2 10 1 719 862 721
3112 2 2 10 1 1939 2076 1941
3113 2 2 10 1 613 856 615
3114 2 2 10 1 1114 1190 1112
3115 2 2 10 1 2552 2789 2554
3116 2 2 10 1 2210 2281 2212
3117 2 2 10 1 807 854 830
3118 2 2 10 1 675 843 677
3119 2 2 10 1 1534 1781 1536
3120 2 2 10 1 1110 1310 1108
3121 2 2 10 1 2289 2823 2291
3122 2 2 10 1 2262 2735 2264
3123 2 2 10 1 2074 2897 2081
3124 2 2 10 1 2638 2643 2640
3125 2 2 10 1 787 3949 789
3126 2 2 10 1 2432 2782 2434
3127 2 2 10 1 1106 1155 1104
3128 2 2 10 1 2183 2764 2186
3129 2 2 10 1 805 3954 807
3130 2 2 10 1 2556 2569 2568
3131 2 2 10 1 1530 1693 1532
3132 2 2 10 1 617 1290 619
3133 2 2 10 1 737 845 739
3134 2 2 10 1 1100 1309 1098
3135 2 2 10 1 1863 2156 2155
3136 2 2 10 1 659 3947 661
3137 2 2 10 1 789 1284 791
3138 2 2 10 1 2258 2750 2260
3139 2 2 10 1 2214 2826 2216
3140 2 2 10 1 1096 1164 1094
3141 2 2 10 1 671 1287 673
3142 2 2 10 1 2293 2858 2295
3143 2 2 10 1 2179 2756 2181
3144 2 2 10 1 2632 2815 2634
3145 2 2 10 1 2428 2468 2430
3146 2 2 10 1 1340 1695 1342
3147 2 2 10 1 2366 2934 1905
3148 2 2 10 1 661 1283 663
3149 2 2 10 1 725 846 727
3150 2 2 10 1 1090 1308 1088
3151 2 2 10 1 801 864 803
3152 2 2 10 1 669 3948 671
3153 2 2 10 1 1524 1686 1526
3154 2 2 10 1 1086 1176 1084
3155 2 2 10 1 2254 2757 2256
3156 2 2 10 1 621 857 623
3157 2 2 10 1 2580 2813 2582
3158 2 2 10 1 1344 1699 1346
3159 2 2 10 1 956 1121 950
3160 2 2 10 1 2627 2630 2629
3161 2 2 10 1 1082 1307 1080
3162 2 2 10 1 793 853 795
3163 2 2 10 1 641 860 643
3164 2 2 10 1 2297 2338 2299
3165 2 2 10 1 1078 1178 1076
3166 2 2 10 1 731 863 733
3167 2 2 10 1 1520 1785 1522
3168 2 2 10 1 2173 2356 2175
3169 2 2 10 1 2220 2317 2222
3170 2 2 10 1 1348 1703 1350
3171 2 2 10 1 797 1285 799
3172 2 2 10 1 2250 2765 2252
3173 2 2 10 1 2584 2591 2588
3174 2 2 10 1 2418 2467 2420
3175 2 2 10 1 2144 2601 2146
3176 2 2 10 1 1072 1306 1070
3177 2 2 10 1 2422 2786 2424
3178 2 2 10 1 665 839 667
3179 2 2 10 1 637 1291 639
3180 2 2 10 1 1068 1165 1066
3181 2 2 10 1 1352 1707 1354
3182 2 2 10 1 2621 2847 2623
3183 2 2 10 1 1933 2329 1935
3184 2 2 10 1 1514 1690 1516
3185 2 2 10 1 2246 2778 2248
3186 2 2 10 1 2224 2812 2226
3187 2 2 10 1 627 1286 629
3188 2 2 10 1 1062 1305 1060
3189 2 2 10 1 2015 2093 2017
3190 2 2 10 1 2169 2562 2171
3191 2 2 10 1 2303 2894 2305
3192 2 2 10 1 1356 1710 1358
3193 2 2 10 1 2593 2604 2603
3194 2 2 10 1 1058 1158 1056
3195 2 2 10 1 2616 2619 2618
3196 2 2 10 1 1052 1160 1050
3197 2 2 10 1 1360 1724 1362
3198 2 2 10 1 1508 1694 1510
3199 2 2 10 1 2242 2784 2244
3200 2 2 10 1 2895 3289 2399
3201 2 2 10 1 2228 2806 2230
3202 2 2 10 1 2307 2903 2309
3203 2 2 10 1 2606 2879 2608
3204 2 2 10 1 1046 1161 1044
3205 2 2 10 1 554 1596 556
3206 2 2 10 1 631 861 633
3207 2 2 10 1 1364 1675 1366
3208 2 2 10 1 599 882 601
3209 2 2 10 1 2610 2878 2612
3210 2 2 10 1 587 1312 589
3211 2 2 10 1 1040 1168 1038
3212 2 2 10 1 2238 2791 2240
3213 2 2 10 1 1502 1700 1504
3214 2 2 10 1 1929 2054 1931
3215 2 2 10 1 1870 1904 1766
3216 2 2 10 1 1034 1195 1032
3217 2 2 10 1 2311 2316 2313
3218 2 2 10 1 2140 2594 2142
3219 2 2 10 1 2315 2986 2985
3220 2 2 10 1 1370 1733 1372
3221 2 2 10 1 595 1293 597
3222 2 2 10 1 1498 1758 1500
3223 2 2 10 1 1028 1179 1026
3224 2 2 10 1 591 883 593
3225 2 2 10 1 2234 2346 2236
3226 2 2 10 1 2416 4068 2418
3227 2 2 10 1 2380 4081 1248
3228 2 2 10 1 2066 2848 2069
3229 2 2 10 1 1374 1659 1376
3230 2 2 10 1 1022 1170 1020
3231 2 2 10 1 1492 1709 1494
3232 2 2 10 1 1016 1163 1014
3233 2 2 10 1 1378 1732 1380
3234 2 2 10 1 2100 2493 2102
3235 2 2 10 1 1010 1189 1008
3236 2 2 10 1 2534 2888 2530
3237 2 2 10 1 1488 1734 1490
3238 2 2 10 1 1382 1730 1384
3239 2 2 10 1 1004 1302 1002
3240 2 2 10 1 902 3977 900
3241 2 2 10 1 2167 3883 2169
3242 2 2 10 1 900 1192 898
3243 2 2 10 1 1484 1727 1486
3244 2 2 10 1 1386 1728 1388
3245 2 2 10 1 1000 1191 998
3246 2 2 10 1 906 1184 904
3247 2 2 10 1 1923 2325 1925
3248 2 2 10 1 996 1299 994
3249 2 2 10 1 2136 2360 2138
3250 2 2 10 1 912 1174 910
3251 2 2 10 1 1390 1726 1392
3252 2 2 10 1 992 1186 990
3253 2 2 10 1 1480 1711 1482
3254 2 2 10 1 916 1298 914
3255 2 2 10 1 2545 3818 2536
3256 2 2 10 1 986 1173 984
3257 2 2 10 1 920 1180 918
3258 2 2 10 1 2021 2331 2023
3259 2 2 10 1 924 1295 922
3260 2 2 10 1 1396 1691 1398
3261 2 2 10 1 980 1297 978
3262 2 2 10 1 1474 1706 1476
3263 2 2 10 1 2573 2886 2549
3264 2 2 10 1 928 1182 926
3265 2 2 10 1 2753 3315 2748
3266 2 2 10 1 976 1177 974
3267 2 2 10 1 2595 3361 2575
3268 2 2 10 1 1919 2323 1921
3269 2 2 10 1 934 1193 932
3270 2 2 10 1 970 1169 968
3271 2 2 10 1 2746 2896 2741
3272 2 2 10 1 1402 1696 1404
3273 2 2 10 1 1468 1698 1470
3274 2 2 10 1 966 3972 964
3275 2 2 10 1 940 1159 938
3276 2 2 10 1 964 1162 962
3277 2 2 10 1 1466 3971 1468
3278 2 2 10 1 2737 2881 2599
3279 2 2 10 1 944 1289 942
3280 2 2 10 1 2106 2149 2108
3281 2 2 10 1 952 1188 946
3282 2 2 10 1 1408 1702 1410
3283 2 2 10 1 1462 1756 1464
3284 2 2 10 1 2060 2803 2062
3285 2 2 10 1 1458 1687 1460
3286 2 2 10 1 1412 1701 1414
3287 2 2 10 1 958 1129 957
3288 2 2 10 1 1915 2321 1917
3289 2 2 10 1 2130 2585 2132
3290 2 2 10 1 1456 3969 1458
3291 2 2 10 1 1452 1761 1454
3292 2 2 10 1 1418 1697 1420
3293 2 2 10 1 2025 2907 2027
3294 2 2 10 1 1448 1767 1450
3295 2 2 10 1 1424 1729 1426
3296 2 2 10 1 1444 1772 1446
3297 2 2 10 1 2110 2533 2112
3298 2 2 10 1 1428 1736 1430
3299 2 2 10 1 1440 1679 1442
3300 2 2 10 1 2126 2572 2128
3301 2 2 10 1 1890 2164 1913
3302 2 2 10 1 1432 1746 1434
3303 2 2 10 1 1436 1755 1438
3304 2 2 10 1 2051 2777 2055
3305 2 2 10 1 2029 2909 2031
3306 2 2 10 1 2114 2544 2116
3307 2 2 10 1 1795 2160 1821
3308 2 2 10 1 2122 2564 2124
3309 2 2 10 1 2118 2557 2120
3310 2 2 10 1 1183 4556 4529
3311 2 2 10 1 2033 2912 2035
3312 2 2 10 1 2045 2918 2047
3313 2 2 10 1 877 2561 1843
3314 2 2 10 1 2037 2915 2039
3315 2 2 10 1 2104 4072 2106
3316 2 2 10 1 2041 2916 2043
3317 2 2 10 1 1812 4050 1811
3318 2 2 10 1 1843 3437 1910
3319 2 2 10 1 3674 3675 3673
3320 2 2 10 1 2128 3768 2130
3321 2 2 10 1 2124 3787 2126
3322 2 2 10 1 2132 3867 2134
3323 2 2 10 1 1816 3885 2167
3324 2 2 10 1 2138 3727 2140
3325 2 2 10 1 1913 3748 1915
3326 2 2 10 1 2142 3691 2144
3327 2 2 10 1 1917 3808 1919
3328 2 2 10 1 1921 3731 1923
3329 2 2 10 1 2146 3658 2148
3330 2 2 10 1 2047 3877 2049
3331 2 2 10 1 1931 3672 1933
3332 2 2 10 1 2055 3880 2057
3333 2 2 10 1 2043 3799 2045
3334 2 2 10 1 2102 3870 2104
3335 2 2 10 1 2062 3886 2064
3336 2 2 10 1 2108 3753 2110
3337 2 2 10 1 1941 3587 1943
3338 2 2 10 1 1821 3809 1890
3339 2 2 10 1 2120 3795 2122
3340 2 2 10 1 1219 4097 4096
3341 2 2 10 1 2069 3889 2071
3342 2 2 10 1 832 835 833
3343 2 2 10 1 2081 3585 2083
3344 2 2 10 1 2979 4124 2509
3345 2 2 10 1 1955 3464 1957
3346 2 2 10 1 2023 3739 2025
3347 2 2 10 1 2027 3777 2029
3348 2 2 10 1 2007 3521 2009
3349 2 2 10 1 2031 3793 2033
3350 2 2 10 1 2003 3472 2005
3351 2 2 10 1 2086 3914 2094
3352 2 2 10 1 2035 3798 2037
3353 2 2 10 1 2039 3800 2041
3354 2 2 10 1 1965 3455 1967
3355 2 2 10 1 3278 4126 2772
3356 2 2 10 1 2608 3655 2610
3357 2 2 10 1 3829 4401 3830
3358 2 2 10 1 2612 3894 2614
3359 2 2 10 1 2582 3619 2584
3360 2 2 10 1 2618 3636 2621
3361 2 2 10 1 733 3903 735
3362 2 2 10 1 727 3892 729
3363 2 2 10 1 2424 3904 2426
3364 2 2 10 1 2420 3616 2422
3365 2 2 10 1 2623 3907 2625
3366 2 2 10 1 2554 3571 2556
3367 2 2 10 1 721 3893 723
3368 2 2 10 1 2629 3608 2632
3369 2 2 10 1 2540 3898 2543
3370 2 2 10 1 1975 3439 1977
3371 2 2 10 1 2430 3582 2432
3372 2 2 10 1 739 3927 741
3373 2 2 10 1 715 3897 717
3374 2 2 10 1 2730 3543 2733
3375 2 2 10 1 2634 3922 2636
3376 2 2 10 1 4092 4093 1255
3377 2 2 10 1 2521 3910 2523
3378 2 2 10 1 2726 3534 2728
3379 2 2 10 1 2434 3559 2436
3380 2 2 10 1 2722 3517 2724
3381 2 2 10 1 2640 3928 2642
3382 2 2 10 1 2718 3495 2720
3383 2 2 10 1 556 3874 559
3384 2 2 10 1 705 3921 707
3385 2 2 10 1 633 3926 635
3386 2 2 10 1 2647 3931 2649
3387 2 2 10 1 2438 3547 2440
3388 2 2 10 1 2487 3944 2489
3389 2 2 10 1 2709 3484 2711
3390 2 2 10 1 2654 3934 2656
3391 2 2 10 1 749 3940 751
3392 2 2 10 1 2705 3481 2707
3393 2 2 10 1 2442 3941 2444
3394 2 2 10 1 623 3920 625
3395 2 2 10 1 2701 3475 2703
3396 2 2 10 1 2660 3510 2662
3397 2 2 10 1 2664 3950 2666
3398 2 2 10 1 2448 3492 2450
3399 2 2 10 1 2690 3458 2692
3400 2 2 10 1 1442 3743 1444
3401 2 2 10 1 954 3858 953
3402 2 2 10 1 1438 3745 1440
3403 2 2 10 1 1446 3738 1448
3404 2 2 10 1 2670 3958 2672
3405 2 2 10 1 2458 3477 2460
3406 2 2 10 1 2452 3962 2454
3407 2 2 10 1 2236 3641 2238
3408 2 2 10 1 2686 3457 2688
3409 2 2 10 1 2676 3966 2678
3410 2 2 10 1 593 3644 595
3411 2 2 10 1 2313 3633 2315
3412 2 2 10 1 1470 3961 1472
3413 2 2 10 1 2240 3639 2242
3414 2 2 10 1 2682 3471 2684
3415 2 2 10 1 1434 3746 1436
3416 2 2 10 1 2309 3803 2311
3417 2 2 10 1 1430 3744 1432
3418 2 2 10 1 2230 3937 2232
3419 2 2 10 1 1476 3965 1478
3420 2 2 10 1 3642 4864 1205
3421 2 2 10 1 1426 3742 1428
3422 2 2 10 1 2305 3629 2307
3423 2 2 10 1 2226 3627 2228
3424 2 2 10 1 2244 3631 2246
3425 2 2 10 1 1410 3730 1412
3426 2 2 10 1 4042 4044 4043
3427 2 2 10 1 1486 3680 1488
3428 2 2 10 1 2222 3599 2224
3429 2 2 10 1 1490 3661 1492
3430 2 2 10 1 2171 3593 2173
3431 2 2 10 1 2248 3615 2250
3432 2 2 10 1 2295 3565 2297
3433 2 2 10 1 2216 3955 2218
3434 2 2 10 1 1388 3690 1390
3435 2 2 10 1 1384 3671 1386
3436 2 2 10 1 1500 3657 1502
3437 2 2 10 1 2291 3550 2293
3438 2 2 10 1 1380 3660 1382
3439 2 2 10 1 2252 3586 2254
3440 2 2 10 1 1376 3659 1378
3441 2 2 10 1 2287 3541 2289
3442 2 2 10 1 2208 3537 2210
3443 2 2 10 1 2741 3975 2739
3444 2 2 10 1 1366 3976 1368
3445 2 2 10 1 2599 3986 2597
3446 2 2 10 1 2256 3564 2258
3447 2 2 10 1 2283 3515 2285
3448 2 2 10 1 2204 3511 2206
3449 2 2 10 1 946 3726 944
3450 2 2 10 1 942 3719 940
3451 2 2 10 1 2278 3490 2280
3452 2 2 10 1 2549 3998 2547
3453 2 2 10 1 2200 3488 2202
3454 2 2 10 1 978 3699 976
3455 2 2 10 1 2181 3555 2183
3456 2 2 10 1 918 3692 916
3457 2 2 10 1 2260 3552 2262
3458 2 2 10 1 926 3696 924
3459 2 2 10 1 914 3688 912
3460 2 2 10 1 1522 3577 1524
3461 2 2 10 1 922 3694 920
3462 2 2 10 1 994 3681 992
3463 2 2 10 1 904 3979 902
3464 2 2 10 1 2186 3544 2188
3465 2 2 10 1 1002 3662 1000
3466 2 2 10 1 2264 4019 2266
3467 2 2 10 1 1012 3995 1010
3468 2 2 10 1 1532 3549 1534
3469 2 2 10 1 1014 3987 1012
3470 2 2 10 1 2603 3626 2606
3471 2 2 10 1 2274 3491 2276
3472 2 2 10 1 2965 2987 2937
3473 2 2 10 1 2190 3528 2192
3474 2 2 10 1 1024 4003 1022
3475 2 2 10 1 585 3779 587
3476 2 2 10 1 1026 3999 1024
3477 2 2 10 1 1032 4005 1030
3478 2 2 10 1 2270 3514 2272
3479 2 2 10 1 1038 4011 1036
3480 2 2 10 1 1044 4015 1042
3481 2 2 10 1 1050 4022 1048
3482 2 2 10 1 1056 4026 1054
3483 2 2 10 1 2989 4067 2965
3484 2 2 10 1 1060 3602 1058
3485 2 2 10 1 605 3431 607
3486 2 2 10 1 1554 3483 1556
3487 2 2 10 1 1070 3578 1068
3488 2 2 10 1 1558 3480 1560
3489 2 2 10 1 1080 3561 1078
3490 2 2 10 1 1084 3557 1082
3491 2 2 10 1 1562 3474 1580
3492 2 2 10 1 3001 3006 2999
3493 2 2 10 1 1088 3553 1086
3494 2 2 10 1 2993 3372 2991
3495 2 2 10 1 1094 4030 1092
3496 2 2 10 1 1098 3546 1096
3497 2 2 10 1 1104 4034 1102
3498 2 2 10 1 2997 3419 2995
3499 2 2 10 1 1108 3536 1106
3500 2 2 10 1 1112 3520 1110
3501 2 2 10 1 1116 3519 1114
3502 2 2 10 1 1120 3513 1118
3503 2 2 10 1 761 3860 763
3504 2 2 10 1 1863 2155 1862
3505 2 2 10 1 1808 4102 2952
3506 2 2 10 1 2414 4069 2416
3507 2 2 10 1 3008 3013 3005
3508 2 2 10 1 1720 3497 1718
3509 2 2 10 1 3465 3467 3466
3510 2 2 10 1 1766 4062 1763
3511 2 2 10 1 1664 3611 1666
3512 2 2 10 1 1793 3857 1795
3513 2 2 10 1 3015 3020 3012
3514 2 2 10 1 949 956 950
3515 2 2 10 1 3051 3232 3048
3516 2 2 10 1 3026 3031 3024
3517 2 2 10 1 3044 3049 3042
3518 2 2 10 1 3245 5543 2966
3519 2 2 10 1 3033 3036 3030
3520 2 2 10 1 3057 3233 3055
3521 2 2 10 1 1880 3847 2828
3522 2 2 10 1 442 5420 3316
3523 2 2 10 1 3589 3590 3588
3524 2 2 10 1 3067 3235 3065
3525 2 2 10 1 2396 3805 2398
3526 2 2 10 1 2559 3324 3322
3527 2 2 10 1 3262 3292 2838
3528 2 2 10 1 1682 1861 1658
3529 2 2 10 1 2398 2895 2399
3530 2 2 10 1 3081 3238 3079
3531 2 2 10 1 3869 4576 3729
3532 2 2 10 1 3764 4218 3767
3533 2 2 10 1 3087 3237 3085
3534 2 2 10 1 2911 3916 3914
3535 2 2 10 1 3253 3307 3252
3536 2 2 10 1 3795 4165 2564
3537 2 2 10 1 3356 4163 2401
3538 2 2 10 1 3093 3236 3091
3539 2 2 10 1 3103 3234 3101
3540 2 2 10 1 3507 3508 3506
3541 2 2 10 1 4052 4054 4053
3542 2 2 10 1 884 948 885
3543 2 2 10 1 2514 2515 2512
3544 2 2 10 1 3147 3316 3145
3545 2 2 10 1 1223 1234 1224
3546 2 2 10 1 3149 4070 3147
3547 2 2 10 1 3143 3312 3141
3548 2 2 10 1 3121 3239 3119
3549 2 2 10 1 3125 4075 3123
3550 2 2 10 1 3137 3342 3135
3551 2 2 10 1 3129 3381 3127
3552 2 2 10 1 3133 3362 3131
3553 2 2 10 1 1248 1250 1249
3554 2 2 10 1 3141 4076 3139
3555 2 2 10 1 1123 1128 1125
3556 2 2 10 1 3153 3302 3151
3557 2 2 10 1 3749 3751 3748
3558 2 2 10 1 3155 4078 3153
3559 2 2 10 1 2951 3856 2335
3560 2 2 10 1 2795 2820 1873
3561 2 2 10 1 830 4080 832
3562 2 2 10 1 3159 3275 3157
3563 2 2 10 1 3754 3757 3753
3564 2 2 10 1 765 4100 767
3565 2 2 10 1 3162 4079 3159
3566 2 2 10 1 3732 3734 3731
3567 2 2 10 1 1131 1144 1135
3568 2 2 10 1 4111 4112 4095
3569 2 2 10 1 3166 3258 3164
3570 2 2 10 1 3871 3873 3870
3571 2 2 10 1 1860 1901 1705
3572 2 2 10 1 2336 2959 2951
3573 2 2 10 1 1148 1215 1147
3574 2 2 10 1 2481 4362 4299
3575 2 2 10 1 2557 3797 3796
3576 2 2 10 1 3781 3784 3782
3577 2 2 10 1 3673 3676 3672
3578 2 2 10 1 3782 3783 3780
3579 2 2 10 1 590 4456 4097
3580 2 2 10 1 2164 3750 3749
3581 2 2 10 1 4124 4125 2508
3582 2 2 10 1 2375 2904 2795
3583 2 2 10 1 2908 3321 2515
3584 2 2 10 1 1827 1874 1281
3585 2 2 10 1 3192 3242 3190
3586 2 2 10 1 574 1835 570
3587 2 2 10 1 3202 3247 3200
3588 2 2 10 1 1879 2809 2407
3589 2 2 10 1 2323 3733 3732
3590 2 2 10 1 1182 3698 3697
3591 2 2 10 1 3404 3405 2469
3592 2 2 10 1 2149 3755 3754
3593 2 2 10 1 2505 3851 1857
3594 2 2 10 1 3682 3683 1186
3595 2 2 10 1 2088 2089 1823
3596 2 2 10 1 3663 3664 1191
3597 2 2 10 1 1897 1898 1831
3598 2 2 10 1 1594 1689 1688
3599 2 2 10 1 883 3646 3645
3600 2 2 10 1 1657 1811 1245
3601 2 2 10 1 1829 1830 1828
3602 2 2 10 1 3269 3270 3268
3603 2 2 10 1 2346 3643 3642
3604 2 2 10 1 2316 3635 3634
3605 2 2 10 1 2360 3729 3728
3606 2 2 10 1 1331 1332 1329
3607 2 2 10 1 1163 3989 3988
3608 2 2 10 1 1322 2391 1320
3609 2 2 10 1 582 583 581
3610 2 2 10 1 1326 1327 1324
3611 2 2 10 1 2949 3819 1900
3612 2 2 10 1 1321 1323 1322
3613 2 2 10 1 3988 3990 3987
3614 2 2 10 1 580 1149 582
3615 2 2 10 1 1258 4092 1253
3616 2 2 10 1 882 2376 1897
3617 2 2 10 1 1246 1247 835
3618 2 2 10 1 1899 1900 1765
3619 2 2 10 1 2619 3638 3637
3620 2 2 10 1 1179 4001 4000
3621 2 2 10 1 2467 3618 3617
3622 2 2 10 1 4000 4002 3999
3623 2 2 10 1 1316 1317 1203
3624 2 2 10 1 1859 2528 2505
3625 2 2 10 1 1129 4089 1827
3626 2 2 10 1 1195 4007 4006
3627 2 2 10 1 2054 3674 3673
3628 2 2 10 1 1857 1858 1830
3629 2 2 10 1 1762 1765 1653
3630 2 2 10 1 567 570 564
3631 2 2 10 1 2493 3872 3871
3632 2 2 10 1 1168 4013 4012
3633 2 2 10 1 2080 2404 1867
3634 2 2 10 1 1854 1868 1867
3635 2 2 10 1 1161 4017 4016
3636 2 2 10 1 2630 3610 3609
3637 2 2 10 1 2317 3601 3600
3638 2 2 10 1 2468 3584 3583
3639 2 2 10 1 1160 4024 4023
3640 2 2 10 1 2331 3741 3740
3641 2 2 10 1 1852 4083 1853
3642 2 2 10 1 1149 1321 1320
3643 2 2 10 1 1323 1325 1324
3644 2 2 10 1 2382 3279 2538
3645 2 2 10 1 1868 2370 2080
3646 2 2 10 1 1326 1330 1328
3647 2 2 10 1 1328 1329 1327
3648 2 2 10 1 1661 1662 1317
3649 2 2 10 1 1333 1334 1332
3650 2 2 10 1 3392 3393 3391
3651 2 2 10 1 1596 3876 3875
3652 2 2 10 1 1253 4092 1255
3653 2 2 10 1 1331 1594 1333
3654 2 2 10 1 2541 3900 3899
3655 2 2 10 1 2559 3322 2560
3656 2 2 10 1 2527 3439 1975
3657 2 2 10 1 2538 3407 2381
3658 2 2 10 1 3562 3563 1178
3659 2 2 10 1 1265 1269 1266
3660 2 2 10 1 1829 1859 1857
3661 2 2 10 1 2781 3412 3411
3662 2 2 10 1 1899 2950 2949
3663 2 2 10 1 2526 3912 3911
3664 2 2 10 1 1796 1823 1688
3665 2 2 10 1 580 581 579
3666 2 2 10 1 4052 4053 4051
3667 2 2 10 1 1654 1763 1762
3668 2 2 10 1 1894 2364 2363
3669 2 2 10 1 3647 3650 3645
3670 2 2 10 1 2413 3403 2469
3671 2 2 10 1 1775 4152 2494
3672 2 2 10 1 1138 1198 1197
3673 2 2 10 1 1753 1887 1886
3674 2 2 10 1 2376 2769 2768
3675 2 2 10 1 2470 3494 3493
3676 2 2 10 1 1689 1797 1796
3677 2 2 10 1 2076 3589 3588
3678 2 2 10 1 3755 3756 3754
3679 2 2 10 1 1236 1237 1215
3680 2 2 10 1 3646 3648 3647
3681 2 2 10 1 2863 2902 1315
3682 2 2 10 1 576 578 577
3683 2 2 10 1 1712 1714 1318
3684 2 2 10 1 1792 1793 1684
3685 2 2 10 1 2471 3479 3478
3686 2 2 10 1 2354 3455 1965
3687 2 2 10 1 1904 4064 4063
3688 2 2 10 1 1704 1705 1237
3689 2 2 10 1 2387 2388 1856
3690 2 2 10 1 1827 2839 2367
3691 2 2 10 1 1172 1208 1171
3692 2 2 10 1 2088 3253 3252
3693 2 2 10 1 1319 1713 1712
3694 2 2 10 1 573 574 570
3695 2 2 10 1 2340 2953 2339
3696 2 2 10 1 1262 1263 1261
3697 2 2 10 1 1852 1853 1851
3698 2 2 10 1 2821 3472 2003
3699 2 2 10 1 895 957 893
3700 2 2 10 1 2494 2968 2495
3701 2 2 10 1 1252 1253 1251
3702 2 2 10 1 1826 2409 1127
3703 2 2 10 1 2811 2932 2558
3704 2 2 10 1 1808 2952 2347
3705 2 2 10 1 1850 1854 1852
3706 2 2 10 1 1824 1825 1242
3707 2 2 10 1 1881 3497 1720
3708 2 2 10 1 1273 1654 1653
3709 2 2 10 1 1239 1656 1240
3710 2 2 10 1 2332 3464 1955
3711 2 2 10 1 1216 1238 1236
3712 2 2 10 1 2828 3847 3392
3713 2 2 10 1 2885 3457 2686
3714 2 2 10 1 1143 1202 1142
3715 2 2 10 1 2867 3521 2007
3716 2 2 10 1 2899 3458 2690
3717 2 2 10 1 2866 3471 2682
3718 2 2 10 1 2911 3914 2086
3719 2 2 10 1 1757 3474 1562
3720 2 2 10 1 2155 3854 2734
3721 2 2 10 1 3874 4104 559
3722 2 2 10 1 2335 2337 1901
3723 2 2 10 1 1879 1880 1822
3724 2 2 10 1 1893 2761 2079
3725 2 2 10 1 1759 3480 1558
3726 2 2 10 1 1788 1893 1789
3727 2 2 10 1 2731 3966 2676
3728 2 2 10 1 1250 1257 1252
3729 2 2 10 1 2471 3477 2458
3730 2 2 10 1 2761 3244 3243
3731 2 2 10 1 2980 2981 2979
3732 2 2 10 1 2922 3475 2701
3733 2 2 10 1 2751 2853 2464
3734 2 2 10 1 953 3858 2863
3735 2 2 10 1 1735 3483 1554
3736 2 2 10 1 1231 1319 1318
3737 2 2 10 1 1269 1275 1270
3738 2 2 10 1 2938 3481 2705
3739 2 2 10 1 2745 3958 2670
3740 2 2 10 1 1773 1788 1774
3741 2 2 10 1 1275 1277 1276
3742 2 2 10 1 1818 1909 1819
3743 2 2 10 1 2833 2962 2156
3744 2 2 10 1 1277 1737 1278
3745 2 2 10 1 1768 1818 1769
3746 2 2 10 1 1198 1212 1211
3747 2 2 10 1 2364 2960 2374
3748 2 2 10 1 1909 2793 2504
3749 2 2 10 1 2944 3484 2709
3750 2 2 10 1 2762 3962 2452
3751 2 2 10 1 2413 2414 2412
3752 2 2 10 1 2400 3805 2396
3753 2 2 10 1 841 3921 705
3754 2 2 10 1 1887 2358 2357
3755 2 2 10 1 2758 3950 2664
3756 2 2 10 1 2783 3491 2274
3757 2 2 10 1 2801 3488 2200
3758 2 2 10 1 2793 3251 3250
3759 2 2 10 1 1157 4040 4038
3760 2 2 10 1 1212 1221 1213
3761 2 2 10 1 2792 3490 2278
3762 2 2 10 1 1243 1680 1244
3763 2 2 10 1 2470 3492 2448
3764 2 2 10 1 2897 3585 2081
3765 2 2 10 1 850 858 851
3766 2 2 10 1 2763 3510 2660
3767 2 2 10 1 1221 1243 1222
3768 2 2 10 1 1118 3513 1311
3769 2 2 10 1 858 873 859
3770 2 2 10 1 2945 3495 2718
3771 2 2 10 1 2767 3514 2270
3772 2 2 10 1 2358 2372 2371
3773 2 2 10 1 2492 3944 2487
3774 2 2 10 1 1114 3519 1190
3775 2 2 10 1 2807 3511 2204
3776 2 2 10 1 880 887 881
3777 2 2 10 1 568 571 569
3778 2 2 10 1 571 880 572
3779 2 2 10 1 2804 3515 2283
3780 2 2 10 1 1110 3520 1310
3781 2 2 10 1 2942 3517 2722
3782 2 2 10 1 565 568 566
3783 2 2 10 1 2743 3934 2654
3784 2 2 10 1 1106 3536 1155
3785 2 2 10 1 2372 2838 2373
3786 2 2 10 1 2779 3528 2190
3787 2 2 10 1 1155 4034 1104
3788 2 2 10 1 847 3940 749
3789 2 2 10 1 2744 2774 2151
3790 2 2 10 1 836 850 837
3791 2 2 10 1 2773 3941 2442
3792 2 2 10 1 1693 3549 1532
3793 2 2 10 1 2940 3534 2726
3794 2 2 10 1 2816 3537 2208
3795 2 2 10 1 1666 3611 1809
3796 2 2 10 1 2526 3910 2521
3797 2 2 10 1 2814 3541 2287
3798 2 2 10 1 2735 4019 2264
3799 2 2 10 1 1096 3546 1164
3800 2 2 10 1 1881 3502 3501
3801 2 2 10 1 1164 4030 1094
3802 2 2 10 1 2076 3587 1941
3803 2 2 10 1 644 4103 647
3804 2 2 10 1 2764 3544 2186
3805 2 2 10 1 2650 3931 2647
3806 2 2 10 1 842 3897 715
3807 2 2 10 1 2931 3543 2730
3808 2 2 10 1 2780 3547 2438
3809 2 2 10 1 2969 2970 2495
3810 2 2 10 1 2837 3397 2836
3811 2 2 10 1 3303 3305 2347
3812 2 2 10 1 1086 3553 1176
3813 2 2 10 1 2541 3898 2540
3814 2 2 10 1 2750 3552 2260
3815 2 2 10 1 1904 4062 1766
3816 2 2 10 1 2823 3550 2291
3817 2 2 10 1 3267 3268 3266
3818 2 2 10 1 1814 2382 2381
3819 2 2 10 1 1853 4083 2413
3820 2 2 10 1 1082 3557 1307
3821 2 2 10 1 1596 3874 556
3822 2 2 10 1 2756 3555 2181
3823 2 2 10 1 854 4080 830
3824 2 2 10 1 2643 3928 2640
3825 2 2 10 1 1785 3577 1522
3826 2 2 10 1 1078 3561 1178
3827 2 2 10 1 2509 4124 2508
3828 2 2 10 1 1834 2771 1144
3829 2 2 10 1 2782 3559 2434
3830 2 2 10 1 1792 2375 1873
3831 2 2 10 1 763 3860 1301
3832 2 2 10 1 2757 3564 2256
3833 2 2 10 1 2826 3955 2216
3834 2 2 10 1 2789 3571 2554
3835 2 2 10 1 2858 3565 2295
3836 2 2 10 1 2601 3658 2146
3837 2 2 10 1 845 3927 739
3838 2 2 10 1 1860 2336 2335
3839 2 2 10 1 862 3893 721
3840 2 2 10 1 2561 3437 1843
3841 2 2 10 1 1209 1227 1208
3842 2 2 10 1 1870 1905 1904
3843 2 2 10 1 1068 3578 1165
3844 2 2 10 1 2815 3922 2634
3845 2 2 10 1 2734 2961 2157
3846 2 2 10 1 4055 4057 4054
3847 2 2 10 1 1743 1773 1744
3848 2 2 10 1 2468 3582 2430
3849 2 2 10 1 2389 2506 2388
3850 2 2 10 1 1131 1135 1130
3851 2 2 10 1 2507 2508 2506
3852 2 2 10 1 2765 3586 2252
3853 2 2 10 1 860 1828 643
3854 2 2 10 1 2952 3304 3303
3855 2 2 10 1 2630 3608 2629
3856 2 2 10 1 2954 3295 2953
3857 2 2 10 1 1058 3602 1158
3858 2 2 10 1 2848 3889 2069
3859 2 2 10 1 1158 4026 1056
3860 2 2 10 1 1832 1833 1656
3861 2 2 10 1 607 3431 866
3862 2 2 10 1 2317 3599 2222
3863 2 2 10 1 1264 1267 1263
3864 2 2 10 1 857 3920 623
3865 2 2 10 1 891 953 890
3866 2 2 10 1 2562 3593 2171
3867 2 2 10 1 863 3903 733
3868 2 2 10 1 1750 1768 1751
3869 2 2 10 1 3352 3353 2932
3870 2 2 10 1 1160 4022 1050
3871 2 2 10 1 2778 3615 2248
3872 2 2 10 1 846 3892 727
3873 2 2 10 1 2813 3619 2582
3874 2 2 10 1 2786 3904 2424
3875 2 2 10 1 2847 3907 2623
3876 2 2 10 1 2772 4126 2771
3877 2 2 10 1 2968 2971 2969
3878 2 2 10 1 1675 3976 1366
3879 2 2 10 1 1161 4015 1044
3880 2 2 10 1 2812 3627 2226
3881 2 2 10 1 1871 1872 1833
3882 2 2 10 1 2594 3691 2142
3883 2 2 10 1 1280 4142 578
3884 2 2 10 1 2894 3629 2305
3885 2 2 10 1 562 565 563
3886 2 2 10 1 1168 4011 1038
3887 2 2 10 1 2784 3631 2244
3888 2 2 10 1 2619 3636 2618
3889 2 2 10 1 1861 4084 2837
3890 2 2 10 1 1758 3657 1500
3891 2 2 10 1 2467 3616 2420
3892 2 2 10 1 1129 1281 957
3893 2 2 10 1 2054 3672 1931
3894 2 2 10 1 2493 3870 2102
3895 2 2 10 1 1195 4005 1032
3896 2 2 10 1 882 1831 601
3897 2 2 10 1 861 3926 633
3898 2 2 10 1 2806 3937 2230
3899 2 2 10 1 1659 3659 1376
3900 2 2 10 1 1179 3999 1026
3901 2 2 10 1 2903 3803 2309
3902 2 2 10 1 2791 3639 2240
3903 2 2 10 1 2878 3894 2612
3904 2 2 10 1 1157 5307 3320
3905 2 2 10 1 1022 4003 1170
3906 2 2 10 1 1732 3660 1380
3907 2 2 10 1 1734 3661 1490
3908 2 2 10 1 2879 3655 2608
3909 2 2 10 1 2346 3641 2236
3910 2 2 10 1 1163 3987 1014
3911 2 2 10 1 2316 3633 2313
3912 2 2 10 1 1730 3671 1384
3913 2 2 10 1 2331 3739 2023
3914 2 2 10 1 1010 3995 1189
3915 2 2 10 1 2360 3727 2138
3916 2 2 10 1 1727 3680 1486
3917 2 2 10 1 2947 2948 2895
3918 2 2 10 1 883 3644 593
3919 2 2 10 1 2167 3885 3883
3920 2 2 10 1 2155 2734 2157
3921 2 2 10 1 1728 3690 1388
3922 2 2 10 1 902 3979 3977
3923 2 2 10 1 587 3779 1312
3924 2 2 10 1 2886 3998 2549
3925 2 2 10 1 1000 3662 1191
3926 2 2 10 1 2803 3886 2062
3927 2 2 10 1 912 3688 1174
3928 2 2 10 1 992 3681 1186
3929 2 2 10 1 1706 3965 1476
3930 2 2 10 1 916 3692 1298
3931 2 2 10 1 2149 3753 2108
3932 2 2 10 1 2881 3986 2599
3933 2 2 10 1 2896 3975 2741
3934 2 2 10 1 1295 3694 922
3935 2 2 10 1 2323 3731 1921
3936 2 2 10 1 1698 3961 1470
3937 2 2 10 1 1182 3696 926
3938 2 2 10 1 976 3699 1177
3939 2 2 10 1 2416 4069 4068
3940 2 2 10 1 2907 3777 2027
3941 2 2 10 1 2585 3867 2132
3942 2 2 10 1 1702 3730 1410
3943 2 2 10 1 1289 3719 942
3944 2 2 10 1 2321 3808 1917
3945 2 2 10 1 1188 3726 946
3946 2 2 10 1 2606 3626 2879
3947 2 2 10 1 2366 2935 2934
3948 2 2 10 1 958 1130 1129
3949 2 2 10 1 2777 3880 2055
3950 2 2 10 1 2572 3768 2128
3951 2 2 10 1 2164 3748 1913
3952 2 2 10 1 1772 3738 1446
3953 2 2 10 1 1729 3742 1426
3954 2 2 10 1 2909 3793 2031
3955 2 2 10 1 1679 3743 1442
3956 2 2 10 1 1736 3744 1430
3957 2 2 10 1 1755 3745 1438
3958 2 2 10 1 1746 3746 1434
3959 2 2 10 1 2160 3809 1821
3960 2 2 10 1 2564 3787 2124
3961 2 2 10 1 4357 4539 4288
3962 2 2 10 1 878 891 890
3963 2 2 10 1 2409 4132 2410
3964 2 2 10 1 1255 1256 1254
3965 2 2 10 1 2557 3795 2120
3966 2 2 10 1 833 836 834
3967 2 2 10 1 2912 3798 2035
3968 2 2 10 1 2918 3877 2047
3969 2 2 10 1 2322 3451 1979
3970 2 2 10 1 1128 1143 1142
3971 2 2 10 1 2834 4241 4141
3972 2 2 10 1 1792 4135 2375
3973 2 2 10 1 1812 4051 4050
3974 2 2 10 1 2916 3799 2043
3975 2 2 10 1 2915 3800 2039
3976 2 2 10 1 3355 3377 3354
3977 2 2 10 1 2950 3327 3306
3978 2 2 10 1 578 579 577
3979 2 2 10 1 1795 3857 2160
3980 2 2 10 1 573 884 574
3981 2 2 10 1 576 1280 578
3982 2 2 10 1 882 4136 2376
3983 2 2 10 1 883 4137 3646
3984 2 2 10 1 2514 2736 2515
3985 2 2 10 1 1682 1862 1861
3986 2 2 10 1 1234 1657 1245
3987 2 2 10 1 1900 3819 2394
3988 2 2 10 1 1884 3504 1716
3989 2 2 10 1 1246 1248 1247
3990 2 2 10 1 1239 1240 1238
3991 2 2 10 1 2330 3470 1959
3992 2 2 10 1 2400 3807 3806
3993 2 2 10 1 4053 4058 4056
3994 2 2 10 1 948 949 885
3995 2 2 10 1 2695 3461 2694
3996 2 2 10 1 1135 1147 1130
3997 2 2 10 1 1861 2836 1658
3998 2 2 10 1 1250 1251 1249
3999 2 2 10 1 1234 1790 1657
4000 2 2 10 1 1240 1658 1238
4001 2 2 10 1 1765 4138 1653
4002 2 2 10 1 2328 3531 2194
4003 2 2 10 1 4160 4259 3406
4004 2 2 10 1 4053 4056 4051
4005 2 2 10 1 2714 3487 2713
4006 2 2 10 1 3452 4527 3453
4007 2 2 10 1 1282 4099 573
4008 2 2 10 1 2281 3540 2212
4009 2 2 10 1 2077 3524 2011
4010 2 2 10 1 1072 3581 1306
4011 2 2 10 1 1062 3605 1305
4012 2 2 10 1 1135 1148 1147
4013 2 2 10 1 2338 3568 2299
4014 2 2 10 1 2356 3596 2175
4015 2 2 10 1 968 4121 966
4016 2 2 10 1 2569 3574 2568
4017 2 2 10 1 2947 3341 2948
4018 2 2 10 1 884 1126 948
4019 2 2 10 1 2591 3622 2588
4020 2 2 10 1 1004 3667 1302
4021 2 2 10 1 906 3982 1184
4022 2 2 10 1 996 3687 1299
4023 2 2 10 1 1248 1249 1247
4024 2 2 10 1 980 3711 1297
4025 2 2 10 1 1234 1245 1224
4026 2 2 10 1 1159 3722 938
4027 2 2 10 1 1322 4143 2391
4028 2 2 10 1 1148 1216 1215
4029 2 2 10 1 884 885 574
4030 2 2 10 1 1333 4141 1334
4031 2 2 10 1 1823 4141 1688
4032 2 2 10 1 580 4142 1149
4033 2 2 10 1 4299 4362 4296
4034 2 2 10 1 2376 4136 3416
4035 2 2 10 1 1763 4144 1762
4036 2 2 10 1 3646 4137 3651
4037 2 2 10 1 1128 1142 1125
4038 2 2 10 1 874 878 876
4039 2 2 10 1 3490 4167 2804
4040 2 2 10 1 2734 2973 2961
4041 2 2 10 1 1657 1812 1811
4042 2 2 10 1 895 958 957
4043 2 2 10 1 1240 1682 1658
4044 2 2 10 1 1327 4143 1324
4045 2 2 10 1 1281 4140 957
4046 2 2 10 1 1253 1255 1254
4047 2 2 10 1 2375 4135 3414
4048 2 2 10 1 1899 4144 2950
4049 2 2 10 1 1249 1770 1247
4050 2 2 10 1 2393 4138 1765
4051 2 2 10 1 1272 4138 1274
4052 2 2 10 1 3368 3369 3295
4053 2 2 10 1 4180 5426 5424
4054 2 2 10 1 891 954 953
4055 2 2 10 1 1740 4085 1743
4056 2 2 10 1 2398 2947 2895
4057 2 2 10 1 1301 4100 765
4058 2 2 10 1 3169 4139 3166
4059 2 2 10 1 561 562 560
4060 2 2 10 1 1143 1204 1202
4061 2 2 10 1 1811 1822 1245
4062 2 2 10 1 3312 4076 3141
4063 2 2 10 1 2155 2157 1862
4064 2 2 10 1 1681 1750 1749
4065 2 2 10 1 1673 4146 3885
4066 2 2 10 1 893 4140 894
4067 2 2 10 1 1138 3864 1198
4068 2 2 10 1 2950 4144 3328
4069 2 2 10 1 1265 3432 1269
4070 2 2 10 1 2511 2979 2509
4071 2 2 10 1 1740 1743 1742
4072 2 2 10 1 2855 3278 2772
4073 2 2 10 1 1149 4142 2497
4074 2 2 10 1 3717 3718 3715
4075 2 2 10 1 2834 4141 1823
4076 2 2 10 1 1659 5015 5012
4077 2 2 10 1 3421 3422 3350
4078 2 2 10 1 1845 4143 1327
4079 2 2 10 1 2401 4140 1281
4080 2 2 10 1 1230 1232 1228
4081 2 2 10 1 878 890 876
4082 2 2 10 1 888 895 893
4083 2 2 10 1 1856 4101 1753
4084 2 2 10 1 3858 4430 2863
4085 2 2 10 1 832 1246 835
4086 2 2 10 1 1202 1203 1142
4087 2 2 10 1 4525 4544 3429
4088 2 2 10 1 1242 4086 1223
4089 2 2 10 1 891 955 954
4090 2 2 10 1 1127 3434 1123
4091 2 2 10 1 1272 1274 1268
4092 2 2 10 1 1240 4153 1682
4093 2 2 10 1 567 573 570
4094 2 2 10 1 647 4419 649
4095 2 2 10 1 2980 3326 2981
4096 2 2 10 1 1223 1224 1204
4097 2 2 10 1 4383 4488 2888
4098 2 2 10 1 953 1315 890
4099 2 2 10 1 2961 2977 2157
4100 2 2 10 1 1680 4109 1681
4101 2 2 10 1 1166 4146 1225
4102 2 2 10 1 1143 1210 1204
4103 2 2 10 1 1840 4129 2880
4104 2 2 10 1 1608 5239 3482
4105 2 2 10 1 2463 4127 2474
4106 2 2 10 1 1850 1851 1849
4107 2 2 10 1 1123 1125 954
4108 2 2 10 1 3804 4149 1839
4109 2 2 10 1 1271 1273 1272
4110 2 2 10 1 1124 3829 949
4111 2 2 10 1 2910 4500 2404
4112 2 2 10 1 1265 3433 3432
4113 2 2 10 1 888 4107 895
4114 2 2 10 1 3402 4241 2834
4115 2 2 10 1 597 4136 599
4116 2 2 10 1 589 4137 591
4117 2 2 10 1 1668 4135 1670
4118 2 2 10 1 2159 3838 1991
4119 2 2 10 1 1681 4109 1750
4120 2 2 10 1 231 4147 230
4121 2 2 10 1 1246 2380 1248
4122 2 2 10 1 949 950 885
4123 2 2 10 1 1682 1863 1862
4124 2 2 10 1 559 561 560
4125 2 2 10 1 4131 4233 4228
4126 2 2 10 1 1271 1272 1268
4127 2 2 10 1 1712 4164 1714
4128 2 2 10 1 2091 3842 1997
4129 2 2 10 1 2572 4465 3769
4130 2 2 10 1 1268 4119 1267
4131 2 2 10 1 832 833 831
4132 2 2 10 1 2163 3834 1985
4133 2 2 10 1 1235 4424 1221
4134 2 2 10 1 639 4151 641
4135 2 2 10 1 3788 4465 3787
4136 2 2 10 1 561 567 564
4137 2 2 10 1 1243 4424 1791
4138 2 2 10 1 523 4159 524
4139 2 2 10 1 1812 4052 4051
4140 2 2 10 1 2492 4120 3945
4141 2 2 10 1 4481 5479 1600
4142 2 2 10 1 958 1131 1130
4143 2 2 10 1 2754 4101 1856
4144 2 2 10 1 4228 4233 1220
4145 2 2 10 1 3448 4692 3449
4146 2 2 10 1 2398 2399 2397
4147 2 2 10 1 4120 4584 3945
4148 2 2 10 1 887 4107 888
4149 2 2 10 1 552 4155 550
4150 2 2 10 1 3735 3737 3736
4151 2 2 10 1 2093 3848 2017
4152 2 2 10 1 4411 5401 4057
4153 2 2 10 1 3677 3679 3678
4154 2 2 10 1 2559 2560 1878
4155 2 2 10 1 1265 1266 1260
4156 2 2 10 1 4199 5343 440
4157 2 2 10 1 2843 2844 2379
4158 2 2 10 1 2781 3411 2383
4159 2 2 10 1 1894 2363 1731
4160 2 2 10 1 1256 4108 2406
4161 2 2 10 1 2906 3375 1908
4162 2 2 10 1 1193 3845 932
4163 2 2 10 1 1753 1886 1241
4164 2 2 10 1 1138 1197 1121
4165 2 2 10 1 1674 2387 1856
4166 2 2 10 1 2384 3345 2958
4167 2 2 10 1 1134 1172 1171
4168 2 2 10 1 1848 2340 2339
4169 2 2 10 1 2359 3792 3791
4170 2 2 10 1 1259 1262 1261
4171 2 2 10 1 3152 4951 4879
4172 2 2 10 1 966 4121 3972
4173 2 2 10 1 1866 2811 2558
4174 2 2 10 1 3704 3706 3705
4175 2 2 10 1 1267 4119 1655
4176 2 2 10 1 2377 4086 1242
4177 2 2 10 1 2410 3434 1127
4178 2 2 10 1 1216 1239 1238
4179 2 2 10 1 955 1826 1127
4180 2 2 10 1 1210 1824 1242
4181 2 2 10 1 3401 4459 1122
4182 2 2 10 1 1198 3864 3863
4183 2 2 10 1 1892 4430 4393
4184 2 2 10 1 893 894 892
4185 2 2 10 1 1269 3432 1660
4186 2 2 10 1 3506 4164 1877
4187 2 2 10 1 1743 4085 1864
4188 2 2 10 1 3659 5002 1732
4189 2 2 10 1 567 1282 573
4190 2 2 10 1 2511 2980 2979
4191 2 2 10 1 1863 2833 2156
4192 2 2 10 1 3444 3445 3443
4193 2 2 10 1 887 4449 4107
4194 2 2 10 1 1906 4404 2760
4195 2 2 10 1 1253 1254 1251
4196 2 2 10 1 3915 3918 3917
4197 2 2 10 1 4393 4430 4098
4198 2 2 10 1 3711 3712 3701
4199 2 2 10 1 3667 3668 3666
4200 2 2 10 1 1229 1231 1230
4201 2 2 10 1 3403 4500 3404
4202 2 2 10 1 3322 3323 2560
4203 2 2 10 1 3393 3395 3394
4204 2 2 10 1 1269 1270 1266
4205 2 2 10 1 4052 4055 4054
4206 2 2 10 1 2364 2374 2363
4207 2 2 10 1 1893 2079 1789
4208 2 2 10 1 1198 1211 1197
4209 2 2 10 1 2761 3243 2079
4210 2 2 10 1 1788 1789 1774
4211 2 2 10 1 1887 2357 1886
4212 2 2 10 1 1131 1834 1144
4213 2 2 10 1 1793 1795 1794
4214 2 2 10 1 5498 5515 2955
4215 2 2 10 1 1818 1819 1769
4216 2 2 10 1 1277 1278 1276
4217 2 2 10 1 1275 1276 1270
4218 2 2 10 1 1909 2504 1819
4219 2 2 10 1 1737 1738 1278
4220 2 2 10 1 1773 1774 1744
4221 2 2 10 1 2793 3250 2504
4222 2 2 10 1 830 832 831
4223 2 2 10 1 1212 1213 1211
4224 2 2 10 1 1680 1681 1244
4225 2 2 10 1 1768 1769 1751
4226 2 2 10 1 1243 1244 1222
4227 2 2 10 1 1221 1222 1213
4228 2 2 10 1 873 874 859
4229 2 2 10 1 858 859 851
4230 2 2 10 1 2358 2371 2357
4231 2 2 10 1 850 851 837
4232 2 2 10 1 2774 2776 2775
4233 2 2 10 1 1874 2402 2401
4234 2 2 10 1 880 881 572
4235 2 2 10 1 568 569 566
4236 2 2 10 1 571 572 569
4237 2 2 10 1 887 888 881
4238 2 2 10 1 2372 2373 2371
4239 2 2 10 1 2118 4105 2557
4240 2 2 10 1 565 566 563
4241 2 2 10 1 2387 2389 2388
4242 2 2 10 1 1172 1209 1208
4243 2 2 10 1 1256 2406 1254
4244 2 2 10 1 2340 2954 2953
4245 2 2 10 1 1262 1264 1263
4246 2 2 10 1 1239 1832 1656
4247 2 2 10 1 836 837 834
4248 2 2 10 1 1824 2532 1825
4249 2 2 10 1 2507 2509 2508
4250 2 2 10 1 1898 3281 2841
4251 2 2 10 1 2811 3352 2932
4252 2 2 10 1 1662 1664 1663
4253 2 2 10 1 2389 2507 2506
4254 2 2 10 1 2414 2416 2415
4255 2 2 10 1 1209 1228 1227
4256 2 2 10 1 1858 2386 2385
4257 2 2 10 1 2954 3368 3295
4258 2 2 10 1 1900 2394 2393
4259 2 2 10 1 1834 2772 2771
4260 2 2 10 1 583 585 584
4261 2 2 10 1 2089 2835 2834
4262 2 2 10 1 1832 1871 1833
4263 2 2 10 1 4055 4059 4057
4264 2 2 10 1 1264 1268 1267
4265 2 2 10 1 3414 3415 2904
4266 2 2 10 1 1853 2412 2411
4267 2 2 10 1 1593 1595 1325
4268 2 2 10 1 1880 2828 2827
4269 2 2 10 1 1334 1336 1335
4270 2 2 10 1 2529 2530 2528
4271 2 2 10 1 2365 2366 1905
4272 2 2 10 1 1951 4216 1953
4273 2 2 10 1 1225 4146 1673
4274 2 2 10 1 1798 1799 1797
4275 2 2 10 1 3651 3652 3648
4276 2 2 10 1 3416 3417 2769
4277 2 2 10 1 1764 1766 1763
4278 2 2 10 1 1715 1716 1713
4279 2 2 10 1 2126 2128 2127
4280 2 2 10 1 2128 2130 2129
4281 2 2 10 1 2124 2126 2125
4282 2 2 10 1 2045 2047 2046
4283 2 2 10 1 2130 2132 2131
4284 2 2 10 1 2047 2049 2048
4285 2 2 10 1 2122 2124 2123
4286 2 2 10 1 2936 2937 2935
4287 2 2 10 1 2132 2134 2133
4288 2 2 10 1 2120 2122 2121
4289 2 2 10 1 2396 2398 2397
4290 2 2 10 1 2049 2051 2050
4291 2 2 10 1 2043 2045 2044
4292 2 2 10 1 2134 2136 2135
4293 2 2 10 1 2118 2120 2119
4294 2 2 10 1 1795 1821 1820
4295 2 2 10 1 2041 2043 2042
4296 2 2 10 1 2116 2118 2117
4297 2 2 10 1 1915 1917 1916
4298 2 2 10 1 2051 2055 2052
4299 2 2 10 1 2136 2138 2137
4300 2 2 10 1 1913 1915 1914
4301 2 2 10 1 2114 2116 2115
4302 2 2 10 1 1917 1919 1918
4303 2 2 10 1 2039 2041 2040
4304 2 2 10 1 1890 1913 1912
4305 2 2 10 1 2138 2140 2139
4306 2 2 10 1 2055 2057 2056
4307 2 2 10 1 2112 2114 2113
4308 2 2 10 1 1919 1921 1920
4309 2 2 10 1 1821 1890 1889
4310 2 2 10 1 2037 2039 2038
4311 2 2 10 1 2110 2112 2111
4312 2 2 10 1 1921 1923 1922
4313 2 2 10 1 2140 2142 2141
4314 2 2 10 1 2035 2037 2036
4315 2 2 10 1 2057 2060 2058
4316 2 2 10 1 2108 2110 2109
4317 2 2 10 1 1923 1925 1924
4318 2 2 10 1 2142 2144 2143
4319 2 2 10 1 2033 2035 2034
4320 2 2 10 1 2106 2108 2107
4321 2 2 10 1 1925 1927 1926
4322 2 2 10 1 2060 2062 2061
4323 2 2 10 1 2104 2106 2105
4324 2 2 10 1 2144 2146 2145
4325 2 2 10 1 2031 2033 2032
4326 2 2 10 1 1927 1929 1928
4327 2 2 10 1 2102 2104 2103
4328 2 2 10 1 1929 1931 1930
4329 2 2 10 1 2062 2064 2063
4330 2 2 10 1 2029 2031 2030
4331 2 2 10 1 2146 2148 2147
4332 2 2 10 1 1931 1933 1932
4333 2 2 10 1 2027 2029 2028
4334 2 2 10 1 2100 2102 2101
4335 2 2 10 1 2148 2151 2150
4336 2 2 10 1 2064 2066 2065
4337 2 2 10 1 1933 1935 1934
4338 2 2 10 1 2025 2027 2026
4339 2 2 10 1 1935 1937 1936
4340 2 2 10 1 2066 2069 2067
4341 2 2 10 1 2023 2025 2024
4342 2 2 10 1 1937 1939 1938
4343 2 2 10 1 2021 2023 2022
4344 2 2 10 1 1939 1941 1940
4345 2 2 10 1 2069 2071 2070
4346 2 2 10 1 2019 2021 2020
4347 2 2 10 1 1941 1943 1942
4348 2 2 10 1 2017 2019 2018
4349 2 2 10 1 2071 2074 2072
4350 2 2 10 1 1943 1945 1944
4351 2 2 10 1 1743 1744 1742
4352 2 2 10 1 2015 2017 2016
4353 2 2 10 1 3148 3149 3147
4354 2 2 10 1 1945 1947 1946
4355 2 2 10 1 3054 3055 3053
4356 2 2 10 1 1750 1751 1749
4357 2 2 10 1 2074 2081 2075
4358 2 2 10 1 562 563 560
4359 2 2 10 1 2013 2015 2014
4360 2 2 10 1 3150 3151 3149
4361 2 2 10 1 1947 1949 1948
4362 2 2 10 1 3056 3057 3055
4363 2 2 10 1 2011 2013 2012
4364 2 2 10 1 2081 2083 2082
4365 2 2 10 1 1949 1951 1950
4366 2 2 10 1 3166 4139 3258
4367 2 2 10 1 2009 2011 2010
4368 2 2 10 1 3146 3147 3145
4369 2 2 10 1 1951 1953 1952
4370 2 2 10 1 3152 3153 3151
4371 2 2 10 1 3052 3053 3051
4372 2 2 10 1 3058 3059 3057
4373 2 2 10 1 2007 2009 2008
4374 2 2 10 1 2083 2086 2084
4375 2 2 10 1 1953 1955 1954
4376 2 2 10 1 3144 3145 3143
4377 2 2 10 1 2005 2007 2006
4378 2 2 10 1 3050 3051 3048
4379 2 2 10 1 1955 1957 1956
4380 2 2 10 1 3154 3155 3153
4381 2 2 10 1 2086 2094 2087
4382 2 2 10 1 2003 2005 2004
4383 2 2 10 1 3060 3061 3059
4384 2 2 10 1 894 3325 2343
4385 2 2 10 1 3142 3143 3141
4386 2 2 10 1 3047 3048 3046
4387 2 2 10 1 1957 1959 1958
4388 2 2 10 1 2416 2418 2417
4389 2 2 10 1 2001 2003 2002
4390 2 2 10 1 2608 2610 2609
4391 2 2 10 1 2098 2100 2099
4392 2 2 10 1 2610 2612 2611
4393 2 2 10 1 2606 2608 2607
4394 2 2 10 1 2612 2614 2613
4395 2 2 10 1 1959 1961 1960
4396 2 2 10 1 1999 2001 2000
4397 2 2 10 1 3140 3141 3139
4398 2 2 10 1 2603 2606 2605
4399 2 2 10 1 3045 3046 3044
4400 2 2 10 1 3156 3157 3155
4401 2 2 10 1 2614 2616 2615
4402 2 2 10 1 2593 2603 2602
4403 2 2 10 1 3062 3063 3061
4404 2 2 10 1 2616 2618 2617
4405 2 2 10 1 2590 2593 2592
4406 2 2 10 1 797 799 798
4407 2 2 10 1 2618 2621 2620
4408 2 2 10 1 2588 2590 2589
4409 2 2 10 1 1997 1999 1998
4410 2 2 10 1 2422 2424 2423
4411 2 2 10 1 731 733 732
4412 2 2 10 1 1961 1963 1962
4413 2 2 10 1 2420 2422 2421
4414 2 2 10 1 667 669 668
4415 2 2 10 1 2621 2623 2622
4416 2 2 10 1 2584 2588 2587
4417 2 2 10 1 799 801 800
4418 2 2 10 1 665 667 666
4419 2 2 10 1 1440 1442 1441
4420 2 2 10 1 729 731 730
4421 2 2 10 1 1664 1666 1665
4422 2 2 10 1 2424 2426 2425
4423 2 2 10 1 2582 2584 2583
4424 2 2 10 1 733 735 734
4425 2 2 10 1 795 797 796
4426 2 2 10 1 3138 3139 3137
4427 2 2 10 1 2418 2420 2419
4428 2 2 10 1 2623 2625 2624
4429 2 2 10 1 3043 3044 3042
4430 2 2 10 1 1442 1444 1443
4431 2 2 10 1 669 671 670
4432 2 2 10 1 1438 1440 1439
4433 2 2 10 1 2580 2582 2581
4434 2 2 10 1 1444 1446 1445
4435 2 2 10 1 1995 1997 1996
4436 2 2 10 1 2625 2627 2626
4437 2 2 10 1 801 803 802
4438 2 2 10 1 793 795 794
4439 2 2 10 1 727 729 728
4440 2 2 10 1 1436 1438 1437
4441 2 2 10 1 663 665 664
4442 2 2 10 1 2426 2428 2427
4443 2 2 10 1 2571 2580 2579
4444 2 2 10 1 1446 1448 1447
4445 2 2 10 1 1963 1965 1964
4446 2 2 10 1 735 737 736
4447 2 2 10 1 1434 1436 1435
4448 2 2 10 1 2627 2629 2628
4449 2 2 10 1 671 673 672
4450 2 2 10 1 3158 3159 3157
4451 2 2 10 1 1448 1450 1449
4452 2 2 10 1 791 793 792
4453 2 2 10 1 725 727 726
4454 2 2 10 1 2568 2571 2570
4455 2 2 10 1 661 663 662
4456 2 2 10 1 1432 1434 1433
4457 2 2 10 1 3064 3065 3063
4458 2 2 10 1 803 805 804
4459 2 2 10 1 2629 2632 2631
4460 2 2 10 1 2428 2430 2429
4461 2 2 10 1 1450 1452 1451
4462 2 2 10 1 2556 2568 2567
4463 2 2 10 1 1430 1432 1431
4464 2 2 10 1 737 739 738
4465 2 2 10 1 1993 1995 1994
4466 2 2 10 1 789 791 790
4467 2 2 10 1 723 725 724
4468 2 2 10 1 659 661 660
4469 2 2 10 1 2386 2487 2486
4470 2 2 10 1 1452 1454 1453
4471 2 2 10 1 2632 2634 2633
4472 2 2 10 1 1428 1430 1429
4473 2 2 10 1 673 675 674
4474 2 2 10 1 2554 2556 2555
4475 2 2 10 1 3041 3042 3040
4476 2 2 10 1 3136 3137 3135
4477 2 2 10 1 805 807 806
4478 2 2 10 1 1454 1456 1455
4479 2 2 10 1 1426 1428 1427
4480 2 2 10 1 2430 2432 2431
4481 2 2 10 1 787 789 788
4482 2 2 10 1 721 723 722
4483 2 2 10 1 1965 1967 1966
4484 2 2 10 1 657 659 658
4485 2 2 10 1 2634 2636 2635
4486 2 2 10 1 2552 2554 2553
4487 2 2 10 1 739 741 740
4488 2 2 10 1 1424 1426 1425
4489 2 2 10 1 1456 1458 1457
4490 2 2 10 1 675 677 676
4491 2 2 10 1 2543 2552 2551
4492 2 2 10 1 785 787 786
4493 2 2 10 1 2636 2638 2637
4494 2 2 10 1 719 721 720
4495 2 2 10 1 1422 1424 1423
4496 2 2 10 1 655 657 656
4497 2 2 10 1 1458 1460 1459
4498 2 2 10 1 1991 1993 1992
4499 2 2 10 1 2432 2434 2433
4500 2 2 10 1 807 830 818
4501 2 2 10 1 633 635 634
4502 2 2 10 1 1420 1422 1421
4503 2 2 10 1 2540 2543 2542
4504 2 2 10 1 1460 1462 1461
4505 2 2 10 1 2638 2640 2639
4506 2 2 10 1 741 743 742
4507 2 2 10 1 783 785 784
4508 2 2 10 1 717 719 718
4509 2 2 10 1 653 655 654
4510 2 2 10 1 2733 3266 3265
4511 2 2 10 1 1418 1420 1419
4512 2 2 10 1 631 633 632
4513 2 2 10 1 1462 1464 1463
4514 2 2 10 1 2525 2540 2539
4515 2 2 10 1 677 679 678
4516 2 2 10 1 2434 2436 2435
4517 2 2 10 1 635 637 636
4518 2 2 10 1 2640 2642 2641
4519 2 2 10 1 1416 1418 1417
4520 2 2 10 1 1967 1969 1968
4521 2 2 10 1 2730 2733 2732
4522 2 2 10 1 781 783 782
4523 2 2 10 1 715 717 716
4524 2 2 10 1 1464 1466 1465
4525 2 2 10 1 2523 2525 2524
4526 2 2 10 1 651 653 652
4527 2 2 10 1 3039 3040 3038
4528 2 2 10 1 3160 3162 3159
4529 2 2 10 1 1414 1416 1415
4530 2 2 10 1 3134 3135 3133
4531 2 2 10 1 1989 1991 1990
4532 2 2 10 1 3066 3067 3065
4533 2 2 10 1 743 745 744
4534 2 2 10 1 2728 2730 2729
4535 2 2 10 1 2642 2645 2644
4536 2 2 10 1 629 631 630
4537 2 2 10 1 1466 1468 1467
4538 2 2 10 1 1412 1414 1413
4539 2 2 10 1 2521 2523 2522
4540 2 2 10 1 779 781 780
4541 2 2 10 1 713 715 714
4542 2 2 10 1 679 681 680
4543 2 2 10 1 2436 2438 2437
4544 2 2 10 1 637 639 638
4545 2 2 10 1 1666 1668 1667
4546 2 2 10 1 2726 2728 2727
4547 2 2 10 1 2645 2647 2646
4548 2 2 10 1 1468 1470 1469
4549 2 2 10 1 1410 1412 1411
4550 2 2 10 1 2394 2396 2395
4551 2 2 10 1 627 629 628
4552 2 2 10 1 2491 2521 2520
4553 2 2 10 1 1910 3256 2408
4554 2 2 10 1 2724 2726 2725
4555 2 2 10 1 585 587 586
4556 2 2 10 1 777 779 778
4557 2 2 10 1 745 747 746
4558 2 2 10 1 1408 1410 1409
4559 2 2 10 1 1470 1472 1471
4560 2 2 10 1 711 713 712
4561 2 2 10 1 2647 2649 2648
4562 2 2 10 1 2489 2491 2490
4563 2 2 10 1 2438 2440 2439
4564 2 2 10 1 639 641 640
4565 2 2 10 1 2722 2724 2723
4566 2 2 10 1 1969 1971 1970
4567 2 2 10 1 625 627 626
4568 2 2 10 1 1406 1408 1407
4569 2 2 10 1 1987 1989 1988
4570 2 2 10 1 681 683 682
4571 2 2 10 1 2487 2489 2488
4572 2 2 10 1 1668 1670 1669
4573 2 2 10 1 1472 1474 1473
4574 2 2 10 1 649 651 650
4575 2 2 10 1 775 777 776
4576 2 2 10 1 2649 2652 2651
4577 2 2 10 1 709 711 710
4578 2 2 10 1 1404 1406 1405
4579 2 2 10 1 2720 2722 2721
4580 2 2 10 1 1474 1476 1475
4581 2 2 10 1 747 749 748
4582 2 2 10 1 623 625 624
4583 2 2 10 1 1402 1404 1403
4584 2 2 10 1 2440 2442 2441
4585 2 2 10 1 2718 2720 2719
4586 2 2 10 1 1670 1684 1683
4587 2 2 10 1 641 643 642
4588 2 2 10 1 2652 2654 2653
4589 2 2 10 1 3037 3038 3035
4590 2 2 10 1 773 775 774
4591 2 2 10 1 1476 1478 1477
4592 2 2 10 1 707 709 708
4593 2 2 10 1 683 685 684
4594 2 2 10 1 3132 3133 3131
4595 2 2 10 1 1400 1402 1401
4596 2 2 10 1 621 623 622
4597 2 2 10 1 2716 2718 2717
4598 2 2 10 1 1478 1480 1479
4599 2 2 10 1 2654 2656 2655
4600 2 2 10 1 1985 1987 1986
4601 2 2 10 1 1398 1400 1399
4602 2 2 10 1 595 597 596
4603 2 2 10 1 2315 2985 2318
4604 2 2 10 1 771 773 772
4605 2 2 10 1 749 751 750
4606 2 2 10 1 705 707 706
4607 2 2 10 1 2442 2444 2443
4608 2 2 10 1 2713 2716 2715
4609 2 2 10 1 2236 2238 2237
4610 2 2 10 1 1971 1973 1972
4611 2 2 10 1 1480 1482 1481
4612 2 2 10 1 1396 1398 1397
4613 2 2 10 1 619 621 620
4614 2 2 10 1 2656 2658 2657
4615 2 2 10 1 3068 3069 3067
4616 2 2 10 1 593 595 594
4617 2 2 10 1 3163 3164 3162
4618 2 2 10 1 685 687 686
4619 2 2 10 1 2238 2240 2239
4620 2 2 10 1 2711 2713 2712
4621 2 2 10 1 1394 1396 1395
4622 2 2 10 1 597 599 598
4623 2 2 10 1 769 771 770
4624 2 2 10 1 1482 1484 1483
4625 2 2 10 1 703 705 704
4626 2 2 10 1 3230 3231 3229
4627 2 2 10 1 617 619 618
4628 2 2 10 1 2658 2660 2659
4629 2 2 10 1 1392 1394 1393
4630 2 2 10 1 751 753 752
4631 2 2 10 1 2709 2711 2710
4632 2 2 10 1 2444 2446 2445
4633 2 2 10 1 1484 1486 1485
4634 2 2 10 1 2313 2315 2314
4635 2 2 10 1 591 593 592
4636 2 2 10 1 767 769 768
4637 2 2 10 1 1390 1392 1391
4638 2 2 10 1 2234 2236 2235
4639 2 2 10 1 2240 2242 2241
4640 2 2 10 1 701 703 702
4641 2 2 10 1 599 601 600
4642 2 2 10 1 2660 2662 2661
4643 2 2 10 1 2707 2709 2708
4644 2 2 10 1 687 689 688
4645 2 2 10 1 615 617 616
4646 2 2 10 1 1486 1488 1487
4647 2 2 10 1 1983 1985 1984
4648 2 2 10 1 1388 1390 1389
4649 2 2 10 1 3034 3035 3033
4650 2 2 10 1 2311 2313 2312
4651 2 2 10 1 589 591 590
4652 2 2 10 1 2705 2707 2706
4653 2 2 10 1 2446 2448 2447
4654 2 2 10 1 959 960 952
4655 2 2 10 1 2232 2234 2233
4656 2 2 10 1 753 755 754
4657 2 2 10 1 1488 1490 1489
4658 2 2 10 1 3130 3131 3129
4659 2 2 10 1 2662 2664 2663
4660 2 2 10 1 765 767 766
4661 2 2 10 1 1973 1975 1974
4662 2 2 10 1 1386 1388 1387
4663 2 2 10 1 587 589 588
4664 2 2 10 1 961 962 960
4665 2 2 10 1 613 615 614
4666 2 2 10 1 699 701 700
4667 2 2 10 1 2242 2244 2243
4668 2 2 10 1 951 952 946
4669 2 2 10 1 2703 2705 2704
4670 2 2 10 1 963 964 962
4671 2 2 10 1 2309 2311 2310
4672 2 2 10 1 1384 1386 1385
4673 2 2 10 1 1490 1492 1491
4674 2 2 10 1 689 691 690
4675 2 2 10 1 2230 2232 2231
4676 2 2 10 1 2664 2666 2665
4677 2 2 10 1 945 946 944
4678 2 2 10 1 965 966 964
4679 2 2 10 1 943 944 942
4680 2 2 10 1 611 613 612
4681 2 2 10 1 1382 1384 1383
4682 2 2 10 1 2701 2703 2702
4683 2 2 10 1 967 968 966
4684 2 2 10 1 2448 2450 2449
4685 2 2 10 1 1492 1494 1493
4686 2 2 10 1 755 757 756
4687 2 2 10 1 941 942 940
4688 2 2 10 1 2307 2309 2308
4689 2 2 10 1 969 970 968
4690 2 2 10 1 2460 2464 2461
4691 2 2 10 1 2666 2668 2667
4692 2 2 10 1 2244 2246 2245
4693 2 2 10 1 2228 2230 2229
4694 2 2 10 1 1380 1382 1381
4695 2 2 10 1 939 940 938
4696 2 2 10 1 763 765 764
4697 2 2 10 1 2699 2701 2700
4698 2 2 10 1 971 972 970
4699 2 2 10 1 1494 1496 1495
4700 2 2 10 1 3228 3229 3227
4701 2 2 10 1 937 938 936
4702 2 2 10 1 609 611 610
4703 2 2 10 1 691 693 692
4704 2 2 10 1 1378 1380 1379
4705 2 2 10 1 973 974 972
4706 2 2 10 1 2305 2307 2306
4707 2 2 10 1 935 936 934
4708 2 2 10 1 2668 2670 2669
4709 2 2 10 1 697 699 698
4710 2 2 10 1 2697 2699 2698
4711 2 2 10 1 2450 2452 2451
4712 2 2 10 1 2226 2228 2227
4713 2 2 10 1 975 976 974
4714 2 2 10 1 1496 1498 1497
4715 2 2 10 1 3070 3071 3069
4716 2 2 10 1 933 934 932
4717 2 2 10 1 1376 1378 1377
4718 2 2 10 1 1975 1977 1976
4719 2 2 10 1 757 759 758
4720 2 2 10 1 3165 3166 3164
4721 2 2 10 1 977 978 976
4722 2 2 10 1 2246 2248 2247
4723 2 2 10 1 931 932 930
4724 2 2 10 1 2694 2697 2696
4725 2 2 10 1 3032 3033 3030
4726 2 2 10 1 2303 2305 2304
4727 2 2 10 1 2670 2672 2671
4728 2 2 10 1 979 980 978
4729 2 2 10 1 1498 1500 1499
4730 2 2 10 1 1374 1376 1375
4731 2 2 10 1 929 930 928
4732 2 2 10 1 2224 2226 2225
4733 2 2 10 1 1813 1814 1595
4734 2 2 10 1 2458 2460 2459
4735 2 2 10 1 981 982 980
4736 2 2 10 1 927 928 926
4737 2 2 10 1 693 695 694
4738 2 2 10 1 3128 3129 3127
4739 2 2 10 1 1372 1374 1373
4740 2 2 10 1 2692 2694 2693
4741 2 2 10 1 1843 1910 1844
4742 2 2 10 1 2452 2454 2453
4743 2 2 10 1 1500 1502 1501
4744 2 2 10 1 983 984 982
4745 2 2 10 1 925 926 924
4746 2 2 10 1 2672 2674 2673
4747 2 2 10 1 556 559 558
4748 2 2 10 1 2301 2303 2302
4749 2 2 10 1 1981 1983 1982
4750 2 2 10 1 2248 2250 2249
4751 2 2 10 1 2828 3391 3390
4752 2 2 10 1 985 986 984
4753 2 2 10 1 923 924 922
4754 2 2 10 1 2222 2224 2223
4755 2 2 10 1 1370 1372 1371
4756 2 2 10 1 759 761 760
4757 2 2 10 1 2690 2692 2691
4758 2 2 10 1 1502 1504 1503
4759 2 2 10 1 921 922 920
4760 2 2 10 1 987 988 986
4761 2 2 10 1 607 609 608
4762 2 2 10 1 2171 2173 2172
4763 2 2 10 1 2674 2676 2675
4764 2 2 10 1 1368 1370 1369
4765 2 2 10 1 919 920 918
4766 2 2 10 1 761 763 762
4767 2 2 10 1 989 990 988
4768 2 2 10 1 2299 2301 2300
4769 2 2 10 1 695 697 696
4770 2 2 10 1 2688 2690 2689
4771 2 2 10 1 2454 2456 2455
4772 2 2 10 1 2169 2171 2170
4773 2 2 10 1 2220 2222 2221
4774 2 2 10 1 2855 3348 3278
4775 2 2 10 1 917 918 916
4776 2 2 10 1 1504 1506 1505
4777 2 2 10 1 991 992 990
4778 2 2 10 1 1366 1368 1367
4779 2 2 10 1 2250 2252 2251
4780 2 2 10 1 3421 3423 3422
4781 2 2 10 1 915 916 914
4782 2 2 10 1 1977 1979 1978
4783 2 2 10 1 2676 2678 2677
4784 2 2 10 1 993 994 992
4785 2 2 10 1 2297 2299 2298
4786 2 2 10 1 3226 3227 3225
4787 2 2 10 1 913 914 912
4788 2 2 10 1 1364 1366 1365
4789 2 2 10 1 1506 1508 1507
4790 2 2 10 1 2173 2175 2174
4791 2 2 10 1 995 996 994
4792 2 2 10 1 1336 1338 1337
4793 2 2 10 1 2218 2220 2219
4794 2 2 10 1 911 912 910
4795 2 2 10 1 2686 2688 2687
4796 2 2 10 1 997 998 996
4797 2 2 10 1 2678 2680 2679
4798 2 2 10 1 1362 1364 1363
4799 2 2 10 1 909 910 908
4800 2 2 10 1 2456 2458 2457
4801 2 2 10 1 1508 1510 1509
4802 2 2 10 1 999 1000 998
4803 2 2 10 1 2295 2297 2296
4804 2 2 10 1 2252 2254 2253
4805 2 2 10 1 3029 3030 3028
4806 2 2 10 1 907 908 906
4807 2 2 10 1 1360 1362 1361
4808 2 2 10 1 2216 2218 2217
4809 2 2 10 1 1001 1002 1000
4810 2 2 10 1 905 906 904
4811 2 2 10 1 2680 2682 2681
4812 2 2 10 1 2175 2177 2176
4813 2 2 10 1 1510 1512 1511
4814 2 2 10 1 1003 1004 1002
4815 2 2 10 1 903 904 902
4816 2 2 10 1 1358 1360 1359
4817 2 2 10 1 3126 3127 3125
4818 2 2 10 1 2293 2295 2294
4819 2 2 10 1 1005 1006 1004
4820 2 2 10 1 3072 3073 3071
4821 2 2 10 1 2214 2216 2215
4822 2 2 10 1 901 902 900
4823 2 2 10 1 1512 1514 1513
4824 2 2 10 1 1356 1358 1357
4825 2 2 10 1 2682 2684 2683
4826 2 2 10 1 2254 2256 2255
4827 2 2 10 1 1007 1008 1006
4828 2 2 10 1 3167 3169 3166
4829 2 2 10 1 2531 2534 2530
4830 2 2 10 1 2684 2686 2685
4831 2 2 10 1 1979 1981 1980
4832 2 2 10 1 1009 1010 1008
4833 2 2 10 1 2291 2293 2292
4834 2 2 10 1 1354 1356 1355
4835 2 2 10 1 2177 2179 2178
4836 2 2 10 1 1514 1516 1515
4837 2 2 10 1 2742 2746 2741
4838 2 2 10 1 2740 2741 2739
4839 2 2 10 1 1011 1012 1010
4840 2 2 10 1 2212 2214 2213
4841 2 2 10 1 1352 1354 1353
4842 2 2 10 1 1013 1014 1012
4843 2 2 10 1 2747 2748 2746
4844 2 2 10 1 2256 2258 2257
4845 2 2 10 1 1516 1518 1517
4846 2 2 10 1 2289 2291 2290
4847 2 2 10 1 1015 1016 1014
4848 2 2 10 1 1350 1352 1351
4849 2 2 10 1 2738 2739 2737
4850 2 2 10 1 2210 2212 2211
4851 2 2 10 1 1017 1018 1016
4852 2 2 10 1 3224 3225 3223
4853 2 2 10 1 2179 2181 2180
4854 2 2 10 1 2749 2753 2748
4855 2 2 10 1 899 900 898
4856 2 2 10 1 1518 1520 1519
4857 2 2 10 1 1348 1350 1349
4858 2 2 10 1 1019 1020 1018
4859 2 2 10 1 2600 2737 2599
4860 2 2 10 1 2287 2289 2288
4861 2 2 10 1 1021 1022 1020
4862 2 2 10 1 3027 3028 3026
4863 2 2 10 1 2208 2210 2209
4864 2 2 10 1 2258 2260 2259
4865 2 2 10 1 1346 1348 1347
4866 2 2 10 1 2598 2599 2597
4867 2 2 10 1 1520 1522 1521
4868 2 2 10 1 1023 1024 1022
4869 2 2 10 1 2181 2183 2182
4870 2 2 10 1 1344 1346 1345
4871 2 2 10 1 1025 1026 1024
4872 2 2 10 1 2285 2287 2286
4873 2 2 10 1 2596 2597 2595
4874 2 2 10 1 3124 3125 3123
4875 2 2 10 1 1522 1524 1523
4876 2 2 10 1 1027 1028 1026
4877 2 2 10 1 2206 2208 2207
4878 2 2 10 1 1342 1344 1343
4879 2 2 10 1 2576 2595 2575
4880 2 2 10 1 1029 1030 1028
4881 2 2 10 1 2260 2262 2261
4882 2 2 10 1 1524 1526 1525
4883 2 2 10 1 2283 2285 2284
4884 2 2 10 1 1340 1342 1341
4885 2 2 10 1 1031 1032 1030
4886 2 2 10 1 1338 1340 1339
4887 2 2 10 1 2574 2575 2573
4888 2 2 10 1 2204 2206 2205
4889 2 2 10 1 2183 2186 2185
4890 2 2 10 1 1033 1034 1032
4891 2 2 10 1 1526 1528 1527
4892 2 2 10 1 3074 3075 3073
4893 2 2 10 1 2550 2573 2549
4894 2 2 10 1 1035 1036 1034
4895 2 2 10 1 2280 2283 2282
4896 2 2 10 1 2262 2264 2263
4897 2 2 10 1 1037 1038 1036
4898 2 2 10 1 2202 2204 2203
4899 2 2 10 1 2548 2549 2547
4900 2 2 10 1 3170 3171 3169
4901 2 2 10 1 1528 1530 1529
4902 2 2 10 1 2373 4088 2371
4903 2 2 10 1 1039 1040 1038
4904 2 2 10 1 2186 2188 2187
4905 2 2 10 1 3222 3223 3221
4906 2 2 10 1 2546 2547 2545
4907 2 2 10 1 1041 1042 1040
4908 2 2 10 1 2278 2280 2279
4909 2 2 10 1 1530 1532 1531
4910 2 2 10 1 3025 3026 3024
4911 2 2 10 1 1043 1044 1042
4912 2 2 10 1 2200 2202 2201
4913 2 2 10 1 2537 2545 2536
4914 2 2 10 1 2264 2266 2265
4915 2 2 10 1 2535 2536 2534
4916 2 2 10 1 1045 1046 1044
4917 2 2 10 1 1532 1534 1533
4918 2 2 10 1 1047 1048 1046
4919 2 2 10 1 2276 2278 2277
4920 2 2 10 1 2188 2190 2189
4921 2 2 10 1 3122 3123 3121
4922 2 2 10 1 1049 1050 1048
4923 2 2 10 1 1534 1536 1535
4924 2 2 10 1 1051 1052 1050
4925 2 2 10 1 2198 2200 2199
4926 2 2 10 1 2266 2268 2267
4927 2 2 10 1 1053 1054 1052
4928 2 2 10 1 1536 1538 1537
4929 2 2 10 1 2190 2192 2191
4930 2 2 10 1 1055 1056 1054
4931 2 2 10 1 1057 1058 1056
4932 2 2 10 1 2274 2276 2275
4933 2 2 10 1 1538 1540 1539
4934 2 2 10 1 2268 2270 2269
4935 2 2 10 1 1059 1060 1058
4936 2 2 10 1 1061 1062 1060
4937 2 2 10 1 2192 2194 2193
4938 2 2 10 1 1063 1064 1062
4939 2 2 10 1 1540 1542 1541
4940 2 2 10 1 3220 3221 3219
4941 2 2 10 1 3076 3077 3075
4942 2 2 10 1 3023 3024 3022
4943 2 2 10 1 1065 1066 1064
4944 2 2 10 1 2196 2198 2197
4945 2 2 10 1 2270 2272 2271
4946 2 2 10 1 1067 1068 1066
4947 2 2 10 1 1542 1544 1543
4948 2 2 10 1 3172 3175 3171
4949 2 2 10 1 1069 1070 1068
4950 2 2 10 1 2194 2196 2195
4951 2 2 10 1 3120 3121 3119
4952 2 2 10 1 1071 1072 1070
4953 2 2 10 1 1544 1546 1545
4954 2 2 10 1 2474 2577 2563
4955 2 2 10 1 1073 1074 1072
4956 2 2 10 1 2272 2274 2273
4957 2 2 10 1 1800 1801 1799
4958 2 2 10 1 1075 1076 1074
4959 2 2 10 1 1546 1548 1547
4960 2 2 10 1 1077 1078 1076
4961 2 2 10 1 1079 1080 1078
4962 2 2 10 1 1548 1550 1549
4963 2 2 10 1 1081 1082 1080
4964 2 2 10 1 1083 1084 1082
4965 2 2 10 1 1550 1552 1551
4966 2 2 10 1 1085 1086 1084
4967 2 2 10 1 647 649 648
4968 2 2 10 1 3021 3022 3019
4969 2 2 10 1 3218 3219 3217
4970 2 2 10 1 1087 1088 1086
4971 2 2 10 1 1552 1554 1553
4972 2 2 10 1 1089 1090 1088
4973 2 2 10 1 1091 1092 1090
4974 2 2 10 1 1554 1556 1555
4975 2 2 10 1 3118 3119 3117
4976 2 2 10 1 1093 1094 1092
4977 2 2 10 1 3078 3079 3077
4978 2 2 10 1 1095 1096 1094
4979 2 2 10 1 1556 1558 1557
4980 2 2 10 1 1097 1098 1096
4981 2 2 10 1 1099 1100 1098
4982 2 2 10 1 3176 3177 3175
4983 2 2 10 1 1558 1560 1559
4984 2 2 10 1 1101 1102 1100
4985 2 2 10 1 1103 1104 1102
4986 2 2 10 1 1560 1562 1561
4987 2 2 10 1 1105 1106 1104
4988 2 2 10 1 1869 1870 1766
4989 2 2 10 1 1107 1108 1106
4990 2 2 10 1 3018 3019 3017
4991 2 2 10 1 1562 1580 1579
4992 2 2 10 1 1109 1110 1108
4993 2 2 10 1 3216 3217 3215
4994 2 2 10 1 1111 1112 1110
4995 2 2 10 1 1580 1591 1590
4996 2 2 10 1 1113 1114 1112
4997 2 2 10 1 1115 1116 1114
4998 2 2 10 1 3116 3117 3115
4999 2 2 10 1 1117 1118 1116
5000 2 2 10 1 1591 1677 1676
5001 2 2 10 1 1119 1120 1118
5002 2 2 10 1 1132 1133 1120
5003 2 2 10 1 1677 2975 1787
5004 2 2 10 1 3080 3081 3079
5005 2 2 10 1 1156 1157 1133
5006 2 2 10 1 1802 1803 1801
5007 2 2 10 1 3016 3017 3015
5008 2 2 10 1 3178 3180 3177
5009 2 2 10 1 554 556 555
5010 2 2 10 1 3214 3215 3213
5011 2 2 10 1 605 607 606
5012 2 2 10 1 3114 3115 3113
5013 2 2 10 1 2167 2169 2168
5014 2 2 10 1 1804 1806 1803
5015 2 2 10 1 1717 1718 1716
5016 2 2 10 1 1807 1808 1806
5017 2 2 10 1 3014 3015 3012
5018 2 2 10 1 3082 3083 3081
5019 2 2 10 1 3212 3213 3211
5020 2 2 10 1 3181 3182 3180
5021 2 2 10 1 3112 3113 3111
5022 2 2 10 1 2966 4102 1808
5023 2 2 10 1 897 898 896
5024 2 2 10 1 3011 3012 3010
5025 2 2 10 1 3210 3211 3209
5026 2 2 10 1 3084 3085 3083
5027 2 2 10 1 2964 2965 2937
5028 2 2 10 1 3110 3111 3109
5029 2 2 10 1 3183 3184 3182
5030 2 2 10 1 1719 1720 1718
5031 2 2 10 1 3009 3010 3008
5032 2 2 10 1 3208 3209 3207
5033 2 2 10 1 1721 1722 1720
5034 2 2 10 1 3108 3109 3107
5035 2 2 10 1 3086 3087 3085
5036 2 2 10 1 1723 1760 1722
5037 2 2 10 1 3007 3008 3005
5038 2 2 10 1 3185 3186 3184
5039 2 2 10 1 1775 2494 1760
5040 2 2 10 1 3206 3207 3205
5041 2 2 10 1 3106 3107 3105
5042 2 2 10 1 3004 3005 3003
5043 2 2 10 1 3088 3089 3087
5044 2 2 10 1 2988 2989 2965
5045 2 2 10 1 3203 3205 3202
5046 2 2 10 1 3187 3188 3186
5047 2 2 10 1 3104 3105 3103
5048 2 2 10 1 888 893 892
5049 2 2 10 1 3002 3003 3001
5050 2 2 10 1 3090 3091 3089
5051 2 2 10 1 2990 2991 2989
5052 2 2 10 1 3201 3202 3200
5053 2 2 10 1 3102 3103 3101
5054 2 2 10 1 3189 3190 3188
5055 2 2 10 1 3092 3093 3091
5056 2 2 10 1 3000 3001 2999
5057 2 2 10 1 2992 2993 2991
5058 2 2 10 1 576 577 575
5059 2 2 10 1 3191 3192 3190
5060 2 2 10 1 3199 3200 3198
5061 2 2 10 1 4451 4484 2868
5062 2 2 10 1 3100 3101 3099
5063 2 2 10 1 3094 3095 3093
5064 2 2 10 1 557 3820 576
5065 2 2 10 1 2994 2995 2993
5066 2 2 10 1 3193 3194 3192
5067 2 2 10 1 3096 3097 3095
5068 2 2 10 1 2996 2997 2995
5069 2 2 10 1 2998 2999 2997
5070 2 2 10 1 3195 3196 3194
5071 2 2 10 1 3098 3099 3097
5072 2 2 10 1 3197 3198 3196
5073 2 2 10 1 2094 3917 2095
5074 2 2 10 1 518 5485 3326
5075 2 2 10 1 2381 4082 1595
5076 2 2 10 1 554 4094 1596
5077 2 2 10 1 4256 4429 3820
5078 2 2 10 1 2515 4071 2512
5079 2 2 10 1 877 1843 1842
5080 2 2 10 1 1229 1230 1228
5081 2 2 10 1 457 5288 3806
5082 2 2 10 1 3551 4969 1194
5083 2 2 10 1 3509 4164 3506
5084 2 2 10 1 2563 3355 3354
5085 2 2 10 1 1208 4222 1171
5086 2 2 10 1 833 834 831
5087 2 2 10 1 5256 5268 3738
5088 2 2 10 1 1275 4223 1277
5089 2 2 10 1 2819 3370 2502
5090 2 2 10 1 3686 5523 5501
5091 2 2 10 1 3449 3450 498
5092 2 2 10 1 1599 4122 1850
5093 2 2 10 1 1778 4152 1775
5094 2 2 10 1 3828 4542 4534
5095 2 2 10 1 2354 4648 3456
5096 2 2 10 1 4287 4448 614
5097 2 2 10 1 1210 4162 1824
5098 2 2 10 1 2681 4231 2679
5099 2 2 10 1 2095 2098 2097
5100 2 2 10 1 3677 3678 2329
5101 2 2 10 1 3735 3736 2325
5102 2 2 10 1 644 647 646
5103 2 2 10 1 602 605 604
5104 2 2 10 1 1840 2880 1903
5105 2 2 10 1 3758 3759 2533
5106 2 2 10 1 2500 3274 2884
5107 2 2 10 1 2463 2474 2473
5108 2 2 10 1 1251 4123 1249
5109 2 2 10 1 3826 4514 4401
5110 2 2 10 1 1906 2760 2759
5111 2 2 10 1 542 1140 544
5112 2 2 10 1 546 2403 549
5113 2 2 10 1 2361 3804 1839
5114 2 2 10 1 551 554 553
5115 2 2 10 1 1816 2167 2166
5116 2 2 10 1 539 896 537
5117 2 2 10 1 1233 1600 1214
5118 2 2 10 1 575 4155 552
5119 2 2 10 1 3743 5238 1772
5120 2 2 10 1 527 1846 947
5121 2 2 10 1 533 1226 531
5122 2 2 10 1 1783 2345 1778
5123 2 2 10 1 4295 4472 4298
5124 2 2 10 1 1564 4773 3900
5125 2 2 10 1 2527 3444 3443
5126 2 2 10 1 3704 3705 1177
5127 2 2 10 1 2557 4105 3797
5128 2 2 10 1 559 560 558
5129 2 2 10 1 524 4159 527
5130 2 2 10 1 3992 4447 3993
5131 2 2 10 1 4018 4603 4013
5132 2 2 10 1 1599 1850 1849
5133 2 2 10 1 876 877 875
5134 2 2 10 1 1204 4160 1202
5135 2 2 10 1 1724 5017 3330
5136 2 2 10 1 3375 4862 2962
5137 2 2 10 1 4138 4435 1274
5138 2 2 10 1 3837 3838 2159
5139 2 2 10 1 1670 4135 1792
5140 2 2 10 1 3454 3834 2163
5141 2 2 10 1 3841 3842 2091
5142 2 2 10 1 2792 4896 3490
5143 2 2 10 1 1737 4224 1738
5144 2 2 10 1 4396 4419 4103
5145 2 2 10 1 3527 3848 2093
5146 2 2 10 1 1228 4226 1227
5147 2 2 10 1 1653 4138 1272
5148 2 2 10 1 599 4136 882
5149 2 2 10 1 1688 4141 1333
5150 2 2 10 1 591 4137 883
5151 2 2 10 1 3725 3845 1193
5152 2 2 10 1 578 4142 580
5153 2 2 10 1 1762 4144 1899
5154 2 2 10 1 1324 4143 1322
5155 2 2 10 1 3441 3451 2322
5156 2 2 10 1 3466 3470 2330
5157 2 2 10 1 1886 4222 1241
5158 2 2 10 1 3523 3524 2077
5159 2 2 10 1 464 5230 4065
5160 2 2 10 1 3460 3461 2695
5161 2 2 10 1 4931 5355 280
5162 2 2 10 1 3486 3487 2714
5163 2 2 10 1 3499 3504 1884
5164 2 2 10 1 3573 3574 2569
5165 2 2 10 1 3530 3531 2328
5166 2 2 10 1 3621 3622 2591
5167 2 2 10 1 3539 3540 2281
5168 2 2 10 1 3595 3596 2356
5169 2 2 10 1 3567 3568 2338
5170 2 2 10 1 1306 3581 3580
5171 2 2 10 1 1305 3605 3604
5172 2 2 10 1 2833 4153 3865
5173 2 2 10 1 1302 3667 3666
5174 2 2 10 1 1184 3982 3981
5175 2 2 10 1 1866 4223 2811
5176 2 2 10 1 1299 3687 3686
5177 2 2 10 1 1297 3711 3701
5178 2 2 10 1 3721 3722 1159
5179 2 2 10 1 2560 4224 1878
5180 2 2 10 1 3915 3917 2094
5181 2 2 10 1 4140 4163 894
5182 2 2 10 1 2513 2514 2512
5183 2 2 10 1 4052 4217 4055
5184 2 2 10 1 4119 4229 1655
5185 2 2 10 1 2363 4225 1731
5186 2 2 10 1 225 4487 3816
5187 2 2 10 1 1674 4226 2387
5188 2 2 10 1 3826 3829 1124
5189 2 2 10 1 1824 4162 3380
5190 2 2 10 1 1848 4229 2340
5191 2 2 10 1 1136 4680 3478
5192 2 2 10 1 1131 4219 1834
5193 2 2 10 1 830 831 818
5194 2 2 10 1 957 4140 893
5195 2 2 10 1 890 4134 876
5196 2 2 10 1 874 876 875
5197 2 2 10 1 3823 4536 510
5198 2 2 10 1 4319 4402 870
5199 2 2 10 1 2345 4152 1778
5200 2 2 10 1 1662 1663 1317
5201 2 2 10 1 1880 2827 1822
5202 2 2 10 1 2950 3328 3327
5203 2 2 10 1 2774 2775 2151
5204 2 2 10 1 2902 3413 1315
5205 2 2 10 1 1900 2393 1765
5206 2 2 10 1 641 4151 860
5207 2 2 10 1 769 4431 771
5208 2 2 10 1 1858 2385 1830
5209 2 2 10 1 1874 2401 1281
5210 2 2 10 1 1689 1798 1797
5211 2 2 10 1 3508 3509 3506
5212 2 2 10 1 1334 1335 1332
5213 2 2 10 1 4270 5515 5498
5214 2 2 10 1 1329 1845 1327
5215 2 2 10 1 577 1837 575
5216 2 2 10 1 3646 3651 3648
5217 2 2 10 1 1319 1715 1713
5218 2 2 10 1 1323 1593 1325
5219 2 2 10 1 1149 2497 1321
5220 2 2 10 1 1901 1902 1705
5221 2 2 10 1 1898 2841 1831
5222 2 2 10 1 2376 3416 2769
5223 2 2 10 1 2089 2834 1823
5224 2 2 10 1 1853 2411 1851
5225 2 2 10 1 583 584 581
5226 2 2 10 1 3407 4082 2381
5227 2 2 10 1 1854 2788 1868
5228 2 2 10 1 1793 1794 1684
5229 2 2 10 1 3321 4071 2515
5230 2 2 10 1 1654 1764 1763
5231 2 2 10 1 1828 4103 643
5232 2 2 10 1 2853 4091 2464
5233 2 2 10 1 1596 4094 3876
5234 2 2 10 1 2366 2936 2935
5235 2 2 10 1 1859 2529 2528
5236 2 2 10 1 2414 2415 2412
5237 2 2 10 1 3393 3394 3391
5238 2 2 10 1 1814 2770 2382
5239 2 2 10 1 4092 4154 4093
5240 2 2 10 1 1870 2365 1905
5241 2 2 10 1 2375 3414 2904
5242 2 2 10 1 4029 4397 1594
5243 2 2 10 1 1239 4221 1832
5244 2 2 10 1 2563 3354 2473
5245 2 2 10 1 4046 4794 1797
5246 2 2 10 1 3401 4419 4396
5247 2 2 10 1 4522 5479 4481
5248 2 2 10 1 4156 4717 4672
5249 2 2 10 1 860 4398 1829
5250 2 2 10 1 4133 4359 1849
5251 2 2 10 1 2396 2397 2395
5252 2 2 10 1 1135 4439 1148
5253 2 2 10 1 2850 4231 2681
5254 2 2 10 1 1264 1271 1268
5255 2 2 10 1 1128 4162 1143
5256 2 2 10 1 4247 4370 870
5257 2 2 10 1 2028 5550 3997
5258 2 2 10 1 1271 2484 1273
5259 2 2 10 1 4133 4402 4319
5260 2 2 10 1 3437 4509 3438
5261 2 2 10 1 870 4402 4247
5262 2 2 10 1 557 576 575
5263 2 2 10 1 4334 5199 5078
5264 2 2 10 1 3444 3447 3445
5265 2 2 10 1 1203 4393 4098
5266 2 2 10 1 643 4103 644
5267 2 2 10 1 894 2343 892
5268 2 2 10 1 3706 3707 3705
5269 2 2 10 1 2828 3390 2827
5270 2 2 10 1 3918 3919 3917
5271 2 2 10 1 2776 2870 2775
5272 2 2 10 1 389 4147 231
5273 2 2 10 1 1983 1984 1982
5274 2 2 10 1 1985 1986 1984
5275 2 2 10 1 1664 1665 1663
5276 2 2 10 1 1987 1988 1986
5277 2 2 10 1 1981 1982 1980
5278 2 2 10 1 1989 1990 1988
5279 2 2 10 1 1979 1980 1978
5280 2 2 10 1 1991 1992 1990
5281 2 2 10 1 1977 1978 1976
5282 2 2 10 1 1993 1994 1992
5283 2 2 10 1 1975 1976 1974
5284 2 2 10 1 1995 1996 1994
5285 2 2 10 1 1973 1974 1972
5286 2 2 10 1 1997 1998 1996
5287 2 2 10 1 1971 1972 1970
5288 2 2 10 1 1969 1970 1968
5289 2 2 10 1 1999 2000 1998
5290 2 2 10 1 3199 3201 3200
5291 2 2 10 1 1967 1968 1966
5292 2 2 10 1 2001 2002 2000
5293 2 2 10 1 1965 1966 1964
5294 2 2 10 1 3100 3102 3101
5295 2 2 10 1 2003 2004 2002
5296 2 2 10 1 3000 3002 3001
5297 2 2 10 1 1963 1964 1962
5298 2 2 10 1 3201 3203 3202
5299 2 2 10 1 3102 3104 3103
5300 2 2 10 1 2005 2006 2004
5301 2 2 10 1 1229 2483 1231
5302 2 2 10 1 1961 1962 1960
5303 2 2 10 1 1670 1683 1669
5304 2 2 10 1 1666 1667 1665
5305 2 2 10 1 1668 1669 1667
5306 2 2 10 1 1959 1960 1958
5307 2 2 10 1 3002 3004 3003
5308 2 2 10 1 2007 2008 2006
5309 2 2 10 1 3197 3199 3198
5310 2 2 10 1 2394 2395 2393
5311 2 2 10 1 2094 2095 2087
5312 2 2 10 1 2998 3000 2999
5313 2 2 10 1 1957 1958 1956
5314 2 2 10 1 3104 3106 3105
5315 2 2 10 1 3203 3206 3205
5316 2 2 10 1 2009 2010 2008
5317 2 2 10 1 3098 3100 3099
5318 2 2 10 1 1955 1956 1954
5319 2 2 10 1 2086 2087 2084
5320 2 2 10 1 2011 2012 2010
5321 2 2 10 1 3004 3007 3005
5322 2 2 10 1 3195 3197 3196
5323 2 2 10 1 1953 1954 1952
5324 2 2 10 1 2936 2964 2937
5325 2 2 10 1 2386 2486 2385
5326 2 2 10 1 2402 3356 2401
5327 2 2 10 1 2996 2998 2997
5328 2 2 10 1 2083 2084 2082
5329 2 2 10 1 1951 1952 1950
5330 2 2 10 1 3096 3098 3097
5331 2 2 10 1 3106 3108 3107
5332 2 2 10 1 2013 2014 2012
5333 2 2 10 1 3206 3208 3207
5334 2 2 10 1 601 4145 602
5335 2 2 10 1 1949 1950 1948
5336 2 2 10 1 1798 1800 1799
5337 2 2 10 1 2081 2082 2075
5338 2 2 10 1 3193 3195 3194
5339 2 2 10 1 2015 2016 2014
5340 2 2 10 1 1795 1820 1794
5341 2 2 10 1 3007 3009 3008
5342 2 2 10 1 2148 2150 2147
5343 2 2 10 1 1947 1948 1946
5344 2 2 10 1 2994 2996 2995
5345 2 2 10 1 3094 3096 3095
5346 2 2 10 1 1945 1946 1944
5347 2 2 10 1 2074 2075 2072
5348 2 2 10 1 2146 2147 2145
5349 2 2 10 1 2017 2018 2016
5350 2 2 10 1 3108 3110 3109
5351 2 2 10 1 3208 3210 3209
5352 2 2 10 1 1943 1944 1942
5353 2 2 10 1 1715 1717 1716
5354 2 2 10 1 5329 5334 495
5355 2 2 10 1 3191 3193 3192
5356 2 2 10 1 2144 2145 2143
5357 2 2 10 1 2071 2072 2070
5358 2 2 10 1 2102 2103 2101
5359 2 2 10 1 2992 2994 2993
5360 2 2 10 1 2019 2020 2018
5361 2 2 10 1 1941 1942 1940
5362 2 2 10 1 3009 3011 3010
5363 2 2 10 1 3092 3094 3093
5364 2 2 10 1 1336 1337 1335
5365 2 2 10 1 2142 2143 2141
5366 2 2 10 1 2104 2105 2103
5367 2 2 10 1 4210 4803 4776
5368 2 2 10 1 1939 1940 1938
5369 2 2 10 1 2069 2070 2067
5370 2 2 10 1 2021 2022 2020
5371 2 2 10 1 3110 3112 3111
5372 2 2 10 1 2140 2141 2139
5373 2 2 10 1 3189 3191 3190
5374 2 2 10 1 2106 2107 2105
5375 2 2 10 1 1937 1938 1936
5376 2 2 10 1 3210 3212 3211
5377 2 2 10 1 2100 2101 2099
5378 2 2 10 1 2990 2992 2991
5379 2 2 10 1 2066 2067 2065
5380 2 2 10 1 2138 2139 2137
5381 2 2 10 1 3090 3092 3091
5382 2 2 10 1 1935 1936 1934
5383 2 2 10 1 1593 1813 1595
5384 2 2 10 1 2416 2417 2415
5385 2 2 10 1 2023 2024 2022
5386 2 2 10 1 2108 2109 2107
5387 2 2 10 1 3011 3014 3012
5388 2 2 10 1 1933 1934 1932
5389 2 2 10 1 2136 2137 2135
5390 2 2 10 1 2064 2065 2063
5391 2 2 10 1 2110 2111 2109
5392 2 2 10 1 3187 3189 3188
5393 2 2 10 1 2688 2689 2687
5394 2 2 10 1 2988 2990 2989
5395 2 2 10 1 1931 1932 1930
5396 2 2 10 1 2025 2026 2024
5397 2 2 10 1 3112 3114 3113
5398 2 2 10 1 2690 2691 2689
5399 2 2 10 1 2134 2135 2133
5400 2 2 10 1 2686 2687 2685
5401 2 2 10 1 3088 3090 3089
5402 2 2 10 1 3212 3214 3213
5403 2 2 10 1 2692 2693 2691
5404 2 2 10 1 2062 2063 2061
5405 2 2 10 1 1929 1930 1928
5406 2 2 10 1 2112 2113 2111
5407 2 2 10 1 2684 2685 2683
5408 2 2 10 1 2835 3402 2834
5409 2 2 10 1 2694 2696 2693
5410 2 2 10 1 2682 2683 2681
5411 2 2 10 1 2132 2133 2131
5412 2 2 10 1 2964 2988 2965
5413 2 2 10 1 3014 3016 3015
5414 2 2 10 1 2027 2028 2026
5415 2 2 10 1 2697 2698 2696
5416 2 2 10 1 2680 2681 2679
5417 2 2 10 1 1927 1928 1926
5418 2 2 10 1 2699 2700 2698
5419 2 2 10 1 2678 2679 2677
5420 2 2 10 1 2114 2115 2113
5421 2 2 10 1 2060 2061 2058
5422 2 2 10 1 2460 2461 2459
5423 2 2 10 1 3185 3187 3186
5424 2 2 10 1 2130 2131 2129
5425 2 2 10 1 2676 2677 2675
5426 2 2 10 1 2701 2702 2700
5427 2 2 10 1 765 766 764
5428 2 2 10 1 1925 1926 1924
5429 2 2 10 1 699 700 698
5430 2 2 10 1 2674 2675 2673
5431 2 2 10 1 2703 2704 2702
5432 2 2 10 1 3086 3088 3087
5433 2 2 10 1 701 702 700
5434 2 2 10 1 2029 2030 2028
5435 2 2 10 1 767 768 766
5436 2 2 10 1 2672 2673 2671
5437 2 2 10 1 3114 3116 3115
5438 2 2 10 1 2458 2459 2457
5439 2 2 10 1 2116 2117 2115
5440 2 2 10 1 2705 2706 2704
5441 2 2 10 1 2128 2129 2127
5442 2 2 10 1 763 764 762
5443 2 2 10 1 1923 1924 1922
5444 2 2 10 1 2057 2058 2056
5445 2 2 10 1 2670 2671 2669
5446 2 2 10 1 697 698 696
5447 2 2 10 1 585 586 584
5448 2 2 10 1 2707 2708 2706
5449 2 2 10 1 2456 2457 2455
5450 2 2 10 1 703 704 702
5451 2 2 10 1 3214 3216 3215
5452 2 2 10 1 2668 2669 2667
5453 2 2 10 1 769 770 768
5454 2 2 10 1 761 762 760
5455 2 2 10 1 1807 2966 1808
5456 2 2 10 1 1921 1922 1920
5457 2 2 10 1 2709 2710 2708
5458 2 2 10 1 695 696 694
5459 2 2 10 1 2666 2667 2665
5460 2 2 10 1 2454 2455 2453
5461 2 2 10 1 3016 3018 3017
5462 2 2 10 1 2118 2119 2117
5463 2 2 10 1 759 760 758
5464 2 2 10 1 2711 2712 2710
5465 2 2 10 1 2031 2032 2030
5466 2 2 10 1 705 706 704
5467 2 2 10 1 2664 2665 2663
5468 2 2 10 1 3183 3185 3184
5469 2 2 10 1 2055 2056 2052
5470 2 2 10 1 771 772 770
5471 2 2 10 1 693 694 692
5472 2 2 10 1 2452 2453 2451
5473 2 2 10 1 1919 1920 1918
5474 2 2 10 1 2662 2663 2661
5475 2 2 10 1 2126 2127 2125
5476 2 2 10 1 2713 2715 2712
5477 2 2 10 1 1804 1807 1806
5478 2 2 10 1 757 758 756
5479 2 2 10 1 2487 2488 2486
5480 2 2 10 1 3084 3086 3085
5481 2 2 10 1 1677 1787 1676
5482 2 2 10 1 2450 2451 2449
5483 2 2 10 1 691 692 690
5484 2 2 10 1 2660 2661 2659
5485 2 2 10 1 2716 2717 2715
5486 2 2 10 1 707 708 706
5487 2 2 10 1 755 756 754
5488 2 2 10 1 773 774 772
5489 2 2 10 1 1591 1676 1590
5490 2 2 10 1 1917 1918 1916
5491 2 2 10 1 2120 2121 2119
5492 2 2 10 1 2658 2659 2657
5493 2 2 10 1 1764 1869 1766
5494 2 2 10 1 2448 2449 2447
5495 2 2 10 1 689 690 688
5496 2 2 10 1 2718 2719 2717
5497 2 2 10 1 2051 2052 2050
5498 2 2 10 1 1802 1804 1803
5499 2 2 10 1 1800 1802 1801
5500 2 2 10 1 753 754 752
5501 2 2 10 1 1580 1590 1579
5502 2 2 10 1 2656 2657 2655
5503 2 2 10 1 1738 1740 1739
5504 2 2 10 1 2033 2034 2032
5505 2 2 10 1 3116 3118 3117
5506 2 2 10 1 709 710 708
5507 2 2 10 1 2720 2721 2719
5508 2 2 10 1 2446 2447 2445
5509 2 2 10 1 775 776 774
5510 2 2 10 1 687 688 686
5511 2 2 10 1 2654 2655 2653
5512 2 2 10 1 1562 1579 1561
5513 2 2 10 1 751 752 750
5514 2 2 10 1 2489 2490 2488
5515 2 2 10 1 2722 2723 2721
5516 2 2 10 1 1915 1916 1914
5517 2 2 10 1 2652 2653 2651
5518 2 2 10 1 2444 2445 2443
5519 2 2 10 1 1560 1561 1559
5520 2 2 10 1 685 686 684
5521 2 2 10 1 3216 3218 3217
5522 2 2 10 1 2122 2123 2121
5523 2 2 10 1 3181 3183 3182
5524 2 2 10 1 711 712 710
5525 2 2 10 1 2724 2725 2723
5526 2 2 10 1 749 750 748
5527 2 2 10 1 2491 2520 2490
5528 2 2 10 1 777 778 776
5529 2 2 10 1 2049 2050 2048
5530 2 2 10 1 2649 2651 2648
5531 2 2 10 1 1558 1559 1557
5532 2 2 10 1 3018 3021 3019
5533 2 2 10 1 2442 2443 2441
5534 2 2 10 1 1723 1775 1760
5535 2 2 10 1 683 684 682
5536 2 2 10 1 2726 2727 2725
5537 2 2 10 1 2647 2648 2646
5538 2 2 10 1 3082 3084 3083
5539 2 2 10 1 1556 1557 1555
5540 2 2 10 1 747 748 746
5541 2 2 10 1 2521 2522 2520
5542 2 2 10 1 2035 2036 2034
5543 2 2 10 1 1821 1889 1820
5544 2 2 10 1 1910 2408 1844
5545 2 2 10 1 2440 2441 2439
5546 2 2 10 1 713 714 712
5547 2 2 10 1 2645 2646 2644
5548 2 2 10 1 681 682 680
5549 2 2 10 1 2728 2729 2727
5550 2 2 10 1 779 780 778
5551 2 2 10 1 2124 2125 2123
5552 2 2 10 1 1554 1555 1553
5553 2 2 10 1 1721 1723 1722
5554 2 2 10 1 2523 2524 2522
5555 2 2 10 1 745 746 744
5556 2 2 10 1 2642 2644 2641
5557 2 2 10 1 2438 2439 2437
5558 2 2 10 1 1552 1553 1551
5559 2 2 10 1 2730 2732 2729
5560 2 2 10 1 679 680 678
5561 2 2 10 1 1913 1914 1912
5562 2 2 10 1 2047 2048 2046
5563 2 2 10 1 2525 2539 2524
5564 2 2 10 1 1717 1719 1718
5565 2 2 10 1 2640 2641 2639
5566 2 2 10 1 743 744 742
5567 2 2 10 1 715 716 714
5568 2 2 10 1 1550 1551 1549
5569 2 2 10 1 781 782 780
5570 2 2 10 1 2733 3265 2732
5571 2 2 10 1 1719 1721 1720
5572 2 2 10 1 2436 2437 2435
5573 2 2 10 1 651 652 650
5574 2 2 10 1 677 678 676
5575 2 2 10 1 2638 2639 2637
5576 2 2 10 1 2540 2542 2539
5577 2 2 10 1 1548 1549 1547
5578 2 2 10 1 741 742 740
5579 2 2 10 1 3118 3120 3119
5580 2 2 10 1 2037 2038 2036
5581 2 2 10 1 2434 2435 2433
5582 2 2 10 1 2636 2637 2635
5583 2 2 10 1 3178 3181 3180
5584 2 2 10 1 807 818 806
5585 2 2 10 1 2276 2277 2275
5586 2 2 10 1 675 676 674
5587 2 2 10 1 1546 1547 1545
5588 2 2 10 1 653 654 652
5589 2 2 10 1 1890 1912 1889
5590 2 2 10 1 717 718 716
5591 2 2 10 1 2543 2551 2542
5592 2 2 10 1 783 784 782
5593 2 2 10 1 1681 1749 1748
5594 2 2 10 1 739 740 738
5595 2 2 10 1 2200 2201 2199
5596 2 2 10 1 2634 2635 2633
5597 2 2 10 1 2432 2433 2431
5598 2 2 10 1 1544 1545 1543
5599 2 2 10 1 3080 3082 3081
5600 2 2 10 1 805 806 804
5601 2 2 10 1 2278 2279 2277
5602 2 2 10 1 673 674 672
5603 2 2 10 1 2552 2553 2551
5604 2 2 10 1 3218 3220 3219
5605 2 2 10 1 2198 2199 2197
5606 2 2 10 1 2632 2633 2631
5607 2 2 10 1 3021 3023 3022
5608 2 2 10 1 737 738 736
5609 2 2 10 1 1542 1543 1541
5610 2 2 10 1 2430 2431 2429
5611 2 2 10 1 655 656 654
5612 2 2 10 1 719 720 718
5613 2 2 10 1 785 786 784
5614 2 2 10 1 609 610 608
5615 2 2 10 1 2202 2203 2201
5616 2 2 10 1 803 804 802
5617 2 2 10 1 2629 2631 2628
5618 2 2 10 1 2554 2555 2553
5619 2 2 10 1 671 672 670
5620 2 2 10 1 2274 2275 2273
5621 2 2 10 1 1540 1541 1539
5622 2 2 10 1 2280 2282 2279
5623 2 2 10 1 735 736 734
5624 2 2 10 1 2428 2429 2427
5625 2 2 10 1 2627 2628 2626
5626 2 2 10 1 2039 2040 2038
5627 2 2 10 1 2196 2197 2195
5628 2 2 10 1 801 802 800
5629 2 2 10 1 611 612 610
5630 2 2 10 1 2556 2567 2555
5631 2 2 10 1 1538 1539 1537
5632 2 2 10 1 669 670 668
5633 2 2 10 1 2045 2046 2044
5634 2 2 10 1 2272 2273 2271
5635 2 2 10 1 2204 2205 2203
5636 2 2 10 1 787 788 786
5637 2 2 10 1 657 658 656
5638 2 2 10 1 2625 2626 2624
5639 2 2 10 1 721 722 720
5640 2 2 10 1 733 734 732
5641 2 2 10 1 2426 2427 2425
5642 2 2 10 1 1338 1339 1337
5643 2 2 10 1 1536 1537 1535
5644 2 2 10 1 2194 2195 2193
5645 2 2 10 1 2283 2284 2282
5646 2 2 10 1 2568 2570 2567
5647 2 2 10 1 799 800 798
5648 2 2 10 1 2623 2624 2622
5649 2 2 10 1 2270 2271 2269
5650 2 2 10 1 649 650 648
5651 2 2 10 1 613 614 612
5652 2 2 10 1 3176 3178 3177
5653 2 2 10 1 1534 1535 1533
5654 2 2 10 1 2424 2425 2423
5655 2 2 10 1 2529 2531 2530
5656 2 2 10 1 667 668 666
5657 2 2 10 1 2571 2579 2570
5658 2 2 10 1 2621 2622 2620
5659 2 2 10 1 2206 2207 2205
5660 2 2 10 1 2192 2193 2191
5661 2 2 10 1 789 790 788
5662 2 2 10 1 723 724 722
5663 2 2 10 1 659 660 658
5664 2 2 10 1 731 732 730
5665 2 2 10 1 1532 1533 1531
5666 2 2 10 1 3078 3080 3079
5667 2 2 10 1 2268 2269 2267
5668 2 2 10 1 2285 2286 2284
5669 2 2 10 1 3120 3122 3121
5670 2 2 10 1 2618 2620 2617
5671 2 2 10 1 797 798 796
5672 2 2 10 1 2580 2581 2579
5673 2 2 10 1 2041 2042 2040
5674 2 2 10 1 615 616 614
5675 2 2 10 1 2190 2191 2189
5676 2 2 10 1 1530 1531 1529
5677 2 2 10 1 2422 2423 2421
5678 2 2 10 1 1340 1341 1339
5679 2 2 10 1 2616 2617 2615
5680 2 2 10 1 2208 2209 2207
5681 2 2 10 1 2266 2267 2265
5682 2 2 10 1 791 792 790
5683 2 2 10 1 725 726 724
5684 2 2 10 1 2582 2583 2581
5685 2 2 10 1 1528 1529 1527
5686 2 2 10 1 661 662 660
5687 2 2 10 1 2287 2288 2286
5688 2 2 10 1 1342 1343 1341
5689 2 2 10 1 2614 2615 2613
5690 2 2 10 1 2188 2189 2187
5691 2 2 10 1 3023 3025 3024
5692 2 2 10 1 3220 3222 3221
5693 2 2 10 1 607 608 606
5694 2 2 10 1 2264 2265 2263
5695 2 2 10 1 1526 1527 1525
5696 2 2 10 1 617 618 616
5697 2 2 10 1 665 666 664
5698 2 2 10 1 1344 1345 1343
5699 2 2 10 1 2584 2587 2583
5700 2 2 10 1 2612 2613 2611
5701 2 2 10 1 643 644 642
5702 2 2 10 1 2210 2211 2209
5703 2 2 10 1 2418 2419 2417
5704 2 2 10 1 2186 2187 2185
5705 2 2 10 1 1524 1525 1523
5706 2 2 10 1 793 794 792
5707 2 2 10 1 1132 1156 1133
5708 2 2 10 1 1346 1347 1345
5709 2 2 10 1 727 728 726
5710 2 2 10 1 729 730 728
5711 2 2 10 1 2289 2290 2288
5712 2 2 10 1 663 664 662
5713 2 2 10 1 2420 2421 2419
5714 2 2 10 1 2610 2611 2609
5715 2 2 10 1 2262 2263 2261
5716 2 2 10 1 2588 2589 2587
5717 2 2 10 1 1119 1132 1120
5718 2 2 10 1 641 642 640
5719 2 2 10 1 1348 1349 1347
5720 2 2 10 1 1522 1523 1521
5721 2 2 10 1 1117 1119 1118
5722 2 2 10 1 619 620 618
5723 2 2 10 1 2043 2044 2042
5724 2 2 10 1 2183 2185 2182
5725 2 2 10 1 795 796 794
5726 2 2 10 1 3172 3176 3175
5727 2 2 10 1 2212 2213 2211
5728 2 2 10 1 1115 1117 1116
5729 2 2 10 1 2590 2592 2589
5730 2 2 10 1 2260 2261 2259
5731 2 2 10 1 1350 1351 1349
5732 2 2 10 1 1520 1521 1519
5733 2 2 10 1 2608 2609 2607
5734 2 2 10 1 1113 1115 1114
5735 2 2 10 1 639 640 638
5736 2 2 10 1 2291 2292 2290
5737 2 2 10 1 3076 3078 3077
5738 2 2 10 1 2181 2182 2180
5739 2 2 10 1 1111 1113 1112
5740 2 2 10 1 1352 1353 1351
5741 2 2 10 1 1518 1519 1517
5742 2 2 10 1 2593 2602 2592
5743 2 2 10 1 2258 2259 2257
5744 2 2 10 1 1109 1111 1110
5745 2 2 10 1 621 622 620
5746 2 2 10 1 637 638 636
5747 2 2 10 1 1354 1355 1353
5748 2 2 10 1 2214 2215 2213
5749 2 2 10 1 1107 1109 1108
5750 2 2 10 1 1516 1517 1515
5751 2 2 10 1 2179 2180 2178
5752 2 2 10 1 2293 2294 2292
5753 2 2 10 1 1105 1107 1106
5754 2 2 10 1 2603 2605 2602
5755 2 2 10 1 1356 1357 1355
5756 2 2 10 1 3122 3124 3123
5757 2 2 10 1 2256 2257 2255
5758 2 2 10 1 556 558 555
5759 2 2 10 1 1103 1105 1104
5760 2 2 10 1 1514 1515 1513
5761 2 2 10 1 635 636 634
5762 2 2 10 1 2606 2607 2605
5763 2 2 10 1 1101 1103 1102
5764 2 2 10 1 1358 1359 1357
5765 2 2 10 1 623 624 622
5766 2 2 10 1 2177 2178 2176
5767 2 2 10 1 2216 2217 2215
5768 2 2 10 1 1099 1101 1100
5769 2 2 10 1 1512 1513 1511
5770 2 2 10 1 2254 2255 2253
5771 2 2 10 1 2295 2296 2294
5772 2 2 10 1 1360 1361 1359
5773 2 2 10 1 1097 1099 1098
5774 2 2 10 1 3025 3027 3026
5775 2 2 10 1 1510 1511 1509
5776 2 2 10 1 2175 2176 2174
5777 2 2 10 1 1095 1097 1096
5778 2 2 10 1 633 634 632
5779 2 2 10 1 1362 1363 1361
5780 2 2 10 1 2252 2253 2251
5781 2 2 10 1 3222 3224 3223
5782 2 2 10 1 1093 1095 1094
5783 2 2 10 1 2842 4222 1886
5784 2 2 10 1 625 626 624
5785 2 2 10 1 3170 3172 3171
5786 2 2 10 1 2218 2219 2217
5787 2 2 10 1 1508 1509 1507
5788 2 2 10 1 1091 1093 1092
5789 2 2 10 1 1364 1365 1363
5790 2 2 10 1 2297 2298 2296
5791 2 2 10 1 2173 2174 2172
5792 2 2 10 1 3074 3076 3075
5793 2 2 10 1 1089 1091 1090
5794 2 2 10 1 1506 1507 1505
5795 2 2 10 1 2250 2251 2249
5796 2 2 10 1 1366 1367 1365
5797 2 2 10 1 1087 1089 1088
5798 2 2 10 1 1085 1087 1086
5799 2 2 10 1 627 628 626
5800 2 2 10 1 2220 2221 2219
5801 2 2 10 1 1504 1505 1503
5802 2 2 10 1 1368 1369 1367
5803 2 2 10 1 1083 1085 1084
5804 2 2 10 1 2248 2249 2247
5805 2 2 10 1 2299 2300 2298
5806 2 2 10 1 2171 2172 2170
5807 2 2 10 1 1081 1083 1082
5808 2 2 10 1 1502 1503 1501
5809 2 2 10 1 1370 1371 1369
5810 2 2 10 1 631 632 630
5811 2 2 10 1 1079 1081 1080
5812 2 2 10 1 2246 2247 2245
5813 2 2 10 1 1500 1501 1499
5814 2 2 10 1 1077 1079 1078
5815 2 2 10 1 1372 1373 1371
5816 2 2 10 1 629 630 628
5817 2 2 10 1 2222 2223 2221
5818 2 2 10 1 1075 1077 1076
5819 2 2 10 1 2301 2302 2300
5820 2 2 10 1 1374 1375 1373
5821 2 2 10 1 1498 1499 1497
5822 2 2 10 1 1073 1075 1074
5823 2 2 10 1 3124 3126 3125
5824 2 2 10 1 2244 2245 2243
5825 2 2 10 1 1071 1073 1072
5826 2 2 10 1 1376 1377 1375
5827 2 2 10 1 1496 1497 1495
5828 2 2 10 1 1069 1071 1070
5829 2 2 10 1 2224 2225 2223
5830 2 2 10 1 3167 3170 3169
5831 2 2 10 1 2303 2304 2302
5832 2 2 10 1 1067 1069 1068
5833 2 2 10 1 2242 2243 2241
5834 2 2 10 1 3072 3074 3073
5835 2 2 10 1 1378 1379 1377
5836 2 2 10 1 601 602 600
5837 2 2 10 1 3027 3029 3028
5838 2 2 10 1 1494 1495 1493
5839 2 2 10 1 1065 1067 1066
5840 2 2 10 1 1380 1381 1379
5841 2 2 10 1 1063 1065 1064
5842 2 2 10 1 1492 1493 1491
5843 2 2 10 1 2240 2241 2239
5844 2 2 10 1 599 600 598
5845 2 2 10 1 2226 2227 2225
5846 2 2 10 1 1061 1063 1062
5847 2 2 10 1 3224 3226 3225
5848 2 2 10 1 1382 1383 1381
5849 2 2 10 1 2305 2306 2304
5850 2 2 10 1 1490 1491 1489
5851 2 2 10 1 1059 1061 1060
5852 2 2 10 1 587 588 586
5853 2 2 10 1 1057 1059 1058
5854 2 2 10 1 597 598 596
5855 2 2 10 1 1384 1385 1383
5856 2 2 10 1 2238 2239 2237
5857 2 2 10 1 1488 1489 1487
5858 2 2 10 1 1055 1057 1056
5859 2 2 10 1 2228 2229 2227
5860 2 2 10 1 1053 1055 1054
5861 2 2 10 1 1386 1387 1385
5862 2 2 10 1 1486 1487 1485
5863 2 2 10 1 2307 2308 2306
5864 2 2 10 1 1051 1053 1052
5865 2 2 10 1 1388 1389 1387
5866 2 2 10 1 1049 1051 1050
5867 2 2 10 1 1484 1485 1483
5868 2 2 10 1 595 596 594
5869 2 2 10 1 1047 1049 1048
5870 2 2 10 1 2315 2318 2314
5871 2 2 10 1 2230 2231 2229
5872 2 2 10 1 1390 1391 1389
5873 2 2 10 1 3165 3167 3166
5874 2 2 10 1 1045 1047 1046
5875 2 2 10 1 1482 1483 1481
5876 2 2 10 1 2236 2237 2235
5877 2 2 10 1 2309 2310 2308
5878 2 2 10 1 3070 3072 3071
5879 2 2 10 1 1043 1045 1044
5880 2 2 10 1 1392 1393 1391
5881 2 2 10 1 3126 3128 3127
5882 2 2 10 1 1480 1481 1479
5883 2 2 10 1 1041 1043 1042
5884 2 2 10 1 589 590 588
5885 2 2 10 1 1039 1041 1040
5886 2 2 10 1 1394 1395 1393
5887 2 2 10 1 2232 2233 2231
5888 2 2 10 1 1478 1479 1477
5889 2 2 10 1 1037 1039 1038
5890 2 2 10 1 2311 2312 2310
5891 2 2 10 1 3029 3032 3030
5892 2 2 10 1 2169 2170 2168
5893 2 2 10 1 1035 1037 1036
5894 2 2 10 1 1396 1397 1395
5895 2 2 10 1 1476 1477 1475
5896 2 2 10 1 593 594 592
5897 2 2 10 1 1033 1035 1034
5898 2 2 10 1 591 592 590
5899 2 2 10 1 1398 1399 1397
5900 2 2 10 1 1031 1033 1032
5901 2 2 10 1 1474 1475 1473
5902 2 2 10 1 2234 2235 2233
5903 2 2 10 1 1029 1031 1030
5904 2 2 10 1 2313 2314 2312
5905 2 2 10 1 3226 3228 3227
5906 2 2 10 1 1400 1401 1399
5907 2 2 10 1 1472 1473 1471
5908 2 2 10 1 1027 1029 1028
5909 2 2 10 1 1025 1027 1026
5910 2 2 10 1 1402 1403 1401
5911 2 2 10 1 1470 1471 1469
5912 2 2 10 1 1023 1025 1024
5913 2 2 10 1 2472 2819 2502
5914 2 2 10 1 3163 3165 3164
5915 2 2 10 1 3068 3070 3069
5916 2 2 10 1 1021 1023 1022
5917 2 2 10 1 1404 1405 1403
5918 2 2 10 1 1468 1469 1467
5919 2 2 10 1 1019 1021 1020
5920 2 2 10 1 1017 1019 1018
5921 2 2 10 1 1406 1407 1405
5922 2 2 10 1 1466 1467 1465
5923 2 2 10 1 1015 1017 1016
5924 2 2 10 1 1408 1409 1407
5925 2 2 10 1 1464 1465 1463
5926 2 2 10 1 1013 1015 1014
5927 2 2 10 1 1011 1013 1012
5928 2 2 10 1 3128 3130 3129
5929 2 2 10 1 1462 1463 1461
5930 2 2 10 1 1410 1411 1409
5931 2 2 10 1 1009 1011 1010
5932 2 2 10 1 1007 1009 1008
5933 2 2 10 1 1460 1461 1459
5934 2 2 10 1 1412 1413 1411
5935 2 2 10 1 3032 3034 3033
5936 2 2 10 1 1005 1007 1006
5937 2 2 10 1 1003 1005 1004
5938 2 2 10 1 1458 1459 1457
5939 2 2 10 1 1414 1415 1413
5940 2 2 10 1 1001 1003 1002
5941 2 2 10 1 1456 1457 1455
5942 2 2 10 1 999 1001 1000
5943 2 2 10 1 3066 3068 3067
5944 2 2 10 1 1416 1417 1415
5945 2 2 10 1 3160 3163 3162
5946 2 2 10 1 997 999 998
5947 2 2 10 1 901 903 902
5948 2 2 10 1 1454 1455 1453
5949 2 2 10 1 899 901 900
5950 2 2 10 1 3228 3230 3229
5951 2 2 10 1 1418 1419 1417
5952 2 2 10 1 995 997 996
5953 2 2 10 1 903 905 904
5954 2 2 10 1 993 995 994
5955 2 2 10 1 1452 1453 1451
5956 2 2 10 1 905 907 906
5957 2 2 10 1 1420 1421 1419
5958 2 2 10 1 991 993 992
5959 2 2 10 1 907 909 908
5960 2 2 10 1 1450 1451 1449
5961 2 2 10 1 989 991 990
5962 2 2 10 1 909 911 910
5963 2 2 10 1 1422 1423 1421
5964 2 2 10 1 987 989 988
5965 2 2 10 1 1448 1449 1447
5966 2 2 10 1 911 913 912
5967 2 2 10 1 985 987 986
5968 2 2 10 1 1424 1425 1423
5969 2 2 10 1 913 915 914
5970 2 2 10 1 983 985 984
5971 2 2 10 1 1446 1447 1445
5972 2 2 10 1 915 917 916
5973 2 2 10 1 981 983 982
5974 2 2 10 1 1426 1427 1425
5975 2 2 10 1 917 919 918
5976 2 2 10 1 1444 1445 1443
5977 2 2 10 1 979 981 980
5978 2 2 10 1 3130 3132 3131
5979 2 2 10 1 919 921 920
5980 2 2 10 1 977 979 978
5981 2 2 10 1 1428 1429 1427
5982 2 2 10 1 3064 3066 3065
5983 2 2 10 1 2510 2511 2509
5984 2 2 10 1 1442 1443 1441
5985 2 2 10 1 3158 3160 3159
5986 2 2 10 1 975 977 976
5987 2 2 10 1 3034 3037 3035
5988 2 2 10 1 921 923 922
5989 2 2 10 1 973 975 974
5990 2 2 10 1 1430 1431 1429
5991 2 2 10 1 923 925 924
5992 2 2 10 1 971 973 972
5993 2 2 10 1 925 927 926
5994 2 2 10 1 2531 2535 2534
5995 2 2 10 1 1440 1441 1439
5996 2 2 10 1 1432 1433 1431
5997 2 2 10 1 969 971 970
5998 2 2 10 1 927 929 928
5999 2 2 10 1 967 969 968
6000 2 2 10 1 929 931 930
6001 2 2 10 1 1434 1435 1433
6002 2 2 10 1 965 967 966
6003 2 2 10 1 931 933 932
6004 2 2 10 1 963 965 964
6005 2 2 10 1 933 935 934
6006 2 2 10 1 1436 1437 1435
6007 2 2 10 1 961 963 962
6008 2 2 10 1 1438 1439 1437
6009 2 2 10 1 935 937 936
6010 2 2 10 1 959 961 960
6011 2 2 10 1 937 939 938
6012 2 2 10 1 635 4441 637
6013 2 2 10 1 951 959 952
6014 2 2 10 1 939 941 940
6015 2 2 10 1 2535 2537 2536
6016 2 2 10 1 897 899 898
6017 2 2 10 1 3062 3064 3063
6018 2 2 10 1 941 943 942
6019 2 2 10 1 3156 3158 3157
6020 2 2 10 1 943 945 944
6021 2 2 10 1 2537 2546 2545
6022 2 2 10 1 3424 3425 3423
6023 2 2 10 1 945 951 946
6024 2 2 10 1 2546 2548 2547
6025 2 2 10 1 3132 3134 3133
6026 2 2 10 1 3037 3039 3038
6027 2 2 10 1 2548 2550 2549
6028 2 2 10 1 2747 2749 2748
6029 2 2 10 1 2550 2574 2573
6030 2 2 10 1 2742 2747 2746
6031 2 2 10 1 2574 2576 2575
6032 2 2 10 1 3060 3062 3061
6033 2 2 10 1 2740 2742 2741
6034 2 2 10 1 2576 2596 2595
6035 2 2 10 1 3154 3156 3155
6036 2 2 10 1 2596 2598 2597
6037 2 2 10 1 2738 2740 2739
6038 2 2 10 1 2598 2600 2599
6039 2 2 10 1 2600 2738 2737
6040 2 2 10 1 3134 3136 3135
6041 2 2 10 1 2854 2855 2772
6042 2 2 10 1 2851 2852 1871
6043 2 2 10 1 3039 3041 3040
6044 2 2 10 1 1843 1844 1842
6045 2 2 10 1 3058 3060 3059
6046 2 2 10 1 3152 3154 3153
6047 2 2 10 1 3349 3350 3348
6048 2 2 10 1 3056 3058 3057
6049 2 2 10 1 3150 3152 3151
6050 2 2 10 1 3041 3043 3042
6051 2 2 10 1 3136 3138 3137
6052 2 2 10 1 3054 3056 3055
6053 2 2 10 1 3148 3150 3149
6054 2 2 10 1 3043 3045 3044
6055 2 2 10 1 3138 3140 3139
6056 2 2 10 1 3052 3054 3053
6057 2 2 10 1 3045 3047 3046
6058 2 2 10 1 3140 3142 3141
6059 2 2 10 1 3146 3148 3147
6060 2 2 10 1 3047 3050 3048
6061 2 2 10 1 3142 3144 3143
6062 2 2 10 1 527 4159 1846
6063 2 2 10 1 3050 3052 3051
6064 2 2 10 1 3144 3146 3145
6065 2 2 10 1 2880 2956 1903
6066 2 2 10 1 2510 2512 2511
6067 2 2 10 1 2098 2099 2097
6068 2 2 10 1 2811 4223 3859
6069 2 2 10 1 522 4392 521
6070 2 2 10 1 3384 4224 2560
6071 2 2 10 1 1846 2974 947
6072 2 2 10 1 1237 4438 4090
6073 2 2 10 1 2474 2563 2473
6074 2 2 10 1 4141 4241 1334
6075 2 2 10 1 647 648 646
6076 2 2 10 1 605 606 604
6077 2 2 10 1 4055 4217 4106
6078 2 2 10 1 1740 1742 1741
6079 2 2 10 1 554 555 553
6080 2 2 10 1 3371 4225 2363
6081 2 2 10 1 2167 2168 2166
6082 2 2 10 1 4008 4579 2002
6083 2 2 10 1 2324 3299 2392
6084 2 2 10 1 539 897 896
6085 2 2 10 1 3426 3427 3425
6086 2 2 10 1 3420 3421 3350
6087 2 2 10 1 2387 4226 4066
6088 2 2 10 1 4130 4131 1836
6089 2 2 10 1 2586 2905 2518
6090 2 2 10 1 2517 2518 2516
6091 2 2 10 1 2340 4229 3358
6092 2 2 10 1 1834 4219 2854
6093 2 2 10 1 499 5426 4180
6094 2 2 10 1 1618 5089 4330
6095 2 2 10 1 4184 5472 5466
6096 2 2 10 1 877 1842 875
6097 2 2 10 1 3885 4489 3883
6098 2 2 10 1 4093 4242 1262
6099 2 2 10 1 1877 4164 1712
6100 2 2 10 1 4014 4425 4007
6101 2 2 10 1 2513 3374 2514
6102 2 2 10 1 1682 4153 1863
6103 2 2 10 1 888 892 881
6104 2 2 10 1 1745 2324 1885
6105 2 2 10 1 3405 4563 4069
6106 2 2 10 1 1832 4221 2851
6107 2 2 10 1 2355 4492 3382
6108 2 2 10 1 3980 4515 3979
6109 2 2 10 1 2355 2516 1817
6110 2 2 10 1 4295 4298 4296
6111 2 2 10 1 1209 1229 1228
6112 2 2 10 1 2466 4512 3387
6113 2 2 10 1 4068 4563 3618
6114 2 2 10 1 4154 4484 4451
6115 2 2 10 1 4130 4233 4131
6116 2 2 10 1 1329 4148 1845
6117 2 2 10 1 2162 4216 1951
6118 2 2 10 1 3820 4561 1280
6119 2 2 10 1 1143 4162 1210
6120 2 2 10 1 1657 4217 1812
6121 2 2 10 1 2926 5196 3558
6122 2 2 10 1 895 4219 958
6123 2 2 10 1 2585 4518 3868
6124 2 2 10 1 3438 4522 3257
6125 2 2 10 1 374 523 522
6126 2 2 10 1 4299 4363 2481
6127 2 2 10 1 1148 4221 1216
6128 2 2 10 1 3946 4633 3912
6129 2 2 10 1 755 4452 757
6130 2 2 10 1 3769 4518 3768
6131 2 2 10 1 2775 4243 2151
6132 2 2 10 1 1241 4222 1208
6133 2 2 10 1 1878 4224 1737
6134 2 2 10 1 1183 4588 3594
6135 2 2 10 1 4284 4287 4285
6136 2 2 10 1 1245 4259 1224
6137 2 2 10 1 1731 4225 1313
6138 2 2 10 1 1683 4129 1840
6139 2 2 10 1 1277 4223 1866
6140 2 2 10 1 1227 4226 1674
6141 2 2 10 1 2461 4127 2463
6142 2 2 10 1 1655 4229 1848
6143 2 2 10 1 2366 4245 2936
6144 2 2 10 1 2415 4246 2412
6145 2 2 10 1 1839 4149 1813
6146 2 2 10 1 1599 4250 4122
6147 2 2 10 1 1714 4468 1318
6148 2 2 10 1 2319 4150 1869
6149 2 2 10 1 1254 4123 1251
6150 2 2 10 1 2825 3387 2501
6151 2 2 10 1 810 3386 2825
6152 2 2 10 1 1684 4129 1683
6153 2 2 10 1 3737 4785 3674
6154 2 2 10 1 2751 4249 2853
6155 2 2 10 1 3920 4519 625
6156 2 2 10 1 2464 4127 2461
6157 2 2 10 1 867 4254 4253
6158 2 2 10 1 3830 4427 1172
6159 2 2 10 1 1869 4150 1870
6160 2 2 10 1 1813 4149 1814
6161 2 2 10 1 1837 4155 575
6162 2 2 10 1 2397 2519 2395
6163 2 2 10 1 1789 1882 1774
6164 2 2 10 1 3243 3338 2079
6165 2 2 10 1 3323 3384 2560
6166 2 2 10 1 1276 1279 1270
6167 2 2 10 1 2374 3371 2363
6168 2 2 10 1 1819 1883 1769
6169 2 2 10 1 1211 2405 1197
6170 2 2 10 1 1738 1739 1278
6171 2 2 10 1 3250 3343 2504
6172 2 2 10 1 2357 2842 1886
6173 2 2 10 1 1681 1748 1244
6174 2 2 10 1 874 875 859
6175 2 2 10 1 851 4161 837
6176 2 2 10 1 1230 4468 1232
6177 2 2 10 1 1222 1754 1213
6178 2 2 10 1 569 1220 566
6179 2 2 10 1 2406 4123 1254
6180 2 2 10 1 837 1597 834
6181 2 2 10 1 1224 4160 1204
6182 2 2 10 1 2387 4066 2389
6183 2 2 10 1 2507 2510 2509
6184 2 2 10 1 2340 3358 2954
6185 2 2 10 1 825 4261 4260
6186 2 2 10 1 1751 1752 1749
6187 2 2 10 1 2811 3859 3352
6188 2 2 10 1 1824 3380 2532
6189 2 2 10 1 4055 4106 4059
6190 2 2 10 1 1834 2854 2772
6191 2 2 10 1 1832 2851 1871
6192 2 2 10 1 563 4130 560
6193 2 2 10 1 3421 3424 3423
6194 2 2 10 1 2855 3349 3348
6195 2 2 10 1 557 4256 3820
6196 2 2 10 1 2510 2513 2512
6197 2 2 10 1 3369 5065 3295
6198 2 2 10 1 1315 4134 890
6199 2 2 10 1 1851 4133 1849
6200 2 2 10 1 560 4130 558
6201 2 2 10 1 1330 4244 4029
6202 2 2 10 1 1863 4153 2833
6203 2 2 10 1 2516 4426 1817
6204 2 2 10 1 2483 4394 1231
6205 2 2 10 1 3977 4515 3978
6206 2 2 10 1 1831 4145 601
6207 2 2 10 1 1332 4148 1329
6208 2 2 10 1 3509 4434 4164
6209 2 2 10 1 524 525 522
6210 2 2 10 1 2827 4259 1822
6211 2 2 10 1 1812 4217 4052
6212 2 2 10 1 1599 1849 645
6213 2 2 10 1 3906 4637 3584
6214 2 2 10 1 521 4392 489
6215 2 2 10 1 2778 4804 3615
6216 2 2 10 1 958 4219 1131
6217 2 2 10 1 2484 4395 1273
6218 2 2 10 1 523 524 522
6219 2 2 10 1 3386 4238 2825
6220 2 2 10 1 2150 2797 2796
6221 2 2 10 1 1740 1741 1739
6222 2 2 10 1 1264 4242 1271
6223 2 2 10 1 314 4177 313
6224 2 2 10 1 54 4172 53
6225 2 2 10 1 129 378 128
6226 2 2 10 1 135 404 134
6227 2 2 10 1 142 476 141
6228 2 2 10 1 152 454 151
6229 2 2 10 1 199 415 198
6230 2 2 10 1 201 463 200
6231 2 2 10 1 207 4168 206
6232 2 2 10 1 204 403 203
6233 2 2 10 1 214 486 213
6234 2 2 10 1 138 465 137
6235 2 2 10 1 145 413 144
6236 2 2 10 1 149 429 148
6237 2 2 10 1 303 4173 302
6238 2 2 10 1 120 4170 119
6239 2 2 10 1 48 4171 47
6240 2 2 10 1 200 4214 199
6241 2 2 10 1 227 410 226
6242 2 2 10 1 229 472 228
6243 2 2 10 1 232 389 231
6244 2 2 10 1 242 398 241
6245 2 2 10 1 248 407 247
6246 2 2 10 1 255 481 254
6247 2 2 10 1 264 395 263
6248 2 2 10 1 266 493 265
6249 2 2 10 1 270 494 269
6250 2 2 10 1 271 4196 270
6251 2 2 10 1 272 391 271
6252 2 2 10 1 273 4197 272
6253 2 2 10 1 275 4176 274
6254 2 2 10 1 276 446 275
6255 2 2 10 1 124 405 123
6256 2 2 10 1 72 477 71
6257 2 2 10 1 76 474 75
6258 2 2 10 1 81 440 80
6259 2 2 10 1 83 495 82
6260 2 2 10 1 87 478 86
6261 2 2 10 1 90 412 89
6262 2 2 10 1 92 471 91
6263 2 2 10 1 101 386 100
6264 2 2 10 1 103 492 102
6265 2 2 10 1 105 439 104
6266 2 2 10 1 110 475 109
6267 2 2 10 1 121 466 120
6268 2 2 10 1 127 468 126
6269 2 2 10 1 84 4185 83
6270 2 2 10 1 91 4193 90
6271 2 2 10 1 279 396 278
6272 2 2 10 1 222 390 221
6273 2 2 10 1 239 484 238
6274 2 2 10 1 274 504 273
6275 2 2 10 1 285 397 284
6276 2 2 10 1 308 500 307
6277 2 2 10 1 318 4192 317
6278 2 2 10 1 325 470 324
6279 2 2 10 1 335 453 334
6280 2 2 10 1 340 518 339
6281 2 2 10 1 86 4186 85
6282 2 2 10 1 98 443 97
6283 2 2 10 1 109 4187 108
6284 2 2 10 1 113 408 112
6285 2 2 10 1 116 449 115
6286 2 2 10 1 38 4205 37
6287 2 2 10 1 44 394 43
6288 2 2 10 1 95 401 94
6289 2 2 10 1 49 496 48
6290 2 2 10 1 258 409 257
6291 2 2 10 1 269 4181 268
6292 2 2 10 1 292 4182 291
6293 2 2 10 1 27 393 26
6294 2 2 10 1 39 427 38
6295 2 2 10 1 42 501 41
6296 2 2 10 1 51 399 50
6297 2 2 10 1 237 411 236
6298 2 2 10 1 67 442 66
6299 2 2 10 1 219 487 218
6300 2 2 10 1 240 4189 239
6301 2 2 10 1 317 488 316
6302 2 2 10 1 321 489 320
6303 2 2 10 1 328 414 327
6304 2 2 10 1 332 430 331
6305 2 2 10 1 102 4194 101
6306 2 2 10 1 294 4183 293
6307 2 2 10 1 224 497 223
6308 2 2 10 1 234 498 233
6309 2 2 10 1 245 445 244
6310 2 2 10 1 251 502 250
6311 2 2 10 1 9 455 8
6312 2 2 10 1 7 516 6
6313 2 2 10 1 12 432 11
6314 2 2 10 1 14 503 13
6315 2 2 10 1 29 505 28
6316 2 2 10 1 30 4208 29
6317 2 2 10 1 16 416 15
6318 2 2 10 1 18 485 17
6319 2 2 10 1 21 402 20
6320 2 2 10 1 24 447 23
6321 2 2 10 1 31 428 30
6322 2 2 10 1 33 482 32
6323 2 2 10 1 35 392 34
6324 2 2 10 1 282 448 281
6325 2 2 10 1 288 441 287
6326 2 2 10 1 293 479 292
6327 2 2 10 1 300 491 299
6328 2 2 10 1 304 480 303
6329 2 2 10 1 310 426 309
6330 2 2 10 1 299 4200 298
6331 2 2 10 1 55 444 54
6332 2 2 10 1 64 387 63
6333 2 2 10 1 47 452 46
6334 2 2 10 1 190 515 189
6335 2 2 10 1 206 467 205
6336 2 2 10 1 212 388 211
6337 2 2 10 1 217 406 216
6338 2 2 10 1 253 382 252
6339 2 2 10 1 261 451 260
6340 2 2 10 1 268 425 267
6341 2 2 10 1 291 379 290
6342 2 2 10 1 295 438 294
6343 2 2 10 1 298 385 297
6344 2 2 10 1 302 423 301
6345 2 2 10 1 306 384 305
6346 2 2 10 1 313 473 312
6347 2 2 10 1 315 383 314
6348 2 2 10 1 319 421 318
6349 2 2 10 1 338 458 337
6350 2 2 10 1 37 483 36
6351 2 2 10 1 53 499 52
6352 2 2 10 1 58 400 57
6353 2 2 10 1 61 450 60
6354 2 2 10 1 70 381 69
6355 2 2 10 1 74 422 73
6356 2 2 10 1 78 376 77
6357 2 2 10 1 85 377 84
6358 2 2 10 1 108 375 107
6359 2 2 10 1 119 380 118
6360 2 2 10 1 132 437 131
6361 2 2 10 1 155 457 154
6362 2 2 10 1 52 4180 51
6363 2 2 10 1 82 4199 81
6364 2 2 10 1 322 521 321
6365 2 2 10 1 128 4190 127
6366 2 2 10 1 195 431 194
6367 2 2 10 1 197 506 196
6368 2 2 10 1 157 517 156
6369 2 2 10 1 323 374 322
6370 2 2 10 1 330 469 329
6371 2 2 10 1 192 456 191
6372 2 2 10 1 208 424 207
6373 2 2 10 1 210 490 209
6374 2 2 10 1 43 4198 42
6375 2 2 10 1 104 4175 103
6376 2 2 10 1 238 4178 237
6377 2 2 10 1 140 373 139
6378 2 2 10 1 147 464 146
6379 2 2 10 1 50 4188 49
6380 2 2 10 1 213 4203 212
6381 2 2 10 1 218 4204 217
6382 2 2 10 1 209 4195 208
6383 2 2 10 1 36 4179 35
6384 2 2 10 1 196 4169 195
6385 2 2 10 1 13 4174 12
6386 2 2 10 1 32 4209 31
6387 2 2 10 1 228 4212 227
6388 2 2 10 1 324 4207 323
6389 2 2 10 1 301 4201 300
6390 2 2 10 1 205 4215 204
6391 2 2 10 1 198 4202 197
6392 2 2 10 1 316 4213 315
6393 2 2 10 1 28 4206 27
6394 2 2 10 1 320 4210 319
6395 2 2 10 1 34 4191 33
6396 2 2 10 1 8 4184 7
6397 2 2 10 1 211 4211 210
6398 2 2 10 1 2095 2097 2096
6399 2 2 10 1 2318 3291 2799
6400 2 2 10 1 602 604 603
6401 2 2 10 1 644 646 645
6402 2 2 10 1 3424 3426 3425
6403 2 2 10 1 1742 1745 1741
6404 2 2 10 1 2408 2500 2499
6405 2 2 10 1 1216 4221 1239
6406 2 2 10 1 3299 3301 2392
6407 2 2 10 1 3349 3420 3350
6408 2 2 10 1 2851 4087 2852
6409 2 2 10 1 2956 3320 2957
6410 2 2 10 1 1838 1839 1813
6411 2 2 10 1 1683 1840 1685
6412 2 2 10 1 2461 2463 2462
6413 2 2 10 1 3426 3428 3427
6414 2 2 10 1 1888 2319 1869
6415 2 2 10 1 1828 4396 4103
6416 2 2 10 1 1166 1214 1156
6417 2 2 10 1 868 4290 4289
6418 2 2 10 1 558 4130 1836
6419 2 2 10 1 1663 4393 1317
6420 2 2 10 1 1632 4841 3640
6421 2 2 10 1 2517 2586 2518
6422 2 2 10 1 1776 1778 1775
6423 2 2 10 1 1840 1903 1841
6424 2 2 10 1 2324 2392 1885
6425 2 2 10 1 1319 4394 1715
6426 2 2 10 1 527 947 528
6427 2 2 10 1 1776 1847 1779
6428 2 2 10 1 1779 1783 1778
6429 2 2 10 1 528 529 526
6430 2 2 10 1 1262 4242 1264
6431 2 2 10 1 2497 4399 1321
6432 2 2 10 1 2463 2473 2472
6433 2 2 10 1 2797 3288 3287
6434 2 2 10 1 530 1601 532
6435 2 2 10 1 1784 1906 1876
6436 2 2 10 1 2385 4396 1830
6437 2 2 10 1 2500 2884 2883
6438 2 2 10 1 1225 1233 1214
6439 2 2 10 1 1654 4395 1764
6440 2 2 10 1 532 533 531
6441 2 2 10 1 1689 4397 1798
6442 2 2 10 1 540 542 541
6443 2 2 10 1 1673 1816 1815
6444 2 2 10 1 1855 2361 1839
6445 2 2 10 1 544 546 545
6446 2 2 10 1 2860 3285 2184
6447 2 2 10 1 2355 2517 2516
6448 2 2 10 1 536 537 535
6449 2 2 10 1 2868 2869 2319
6450 2 2 10 1 1841 1895 1685
6451 2 2 10 1 549 551 550
6452 2 2 10 1 2472 2502 2462
6453 2 2 10 1 1323 4399 1593
6454 2 2 10 1 823 4309 4308
6455 2 2 10 1 4103 4419 647
6456 2 2 10 1 2362 3334 2361
6457 2 2 10 1 551 553 552
6458 2 2 10 1 4319 4359 4133
6459 2 2 10 1 546 549 547
6460 2 2 10 1 557 575 552
6461 2 2 10 1 542 544 543
6462 2 2 10 1 1855 2889 2362
6463 2 2 10 1 536 540 538
6464 2 2 10 1 810 2501 603
6465 2 2 10 1 2390 2900 2096
6466 2 2 10 1 2361 4158 3804
6467 2 2 10 1 1816 2166 2165
6468 2 2 10 1 547 548 545
6469 2 2 10 1 524 527 526
6470 2 2 10 1 1859 4398 2529
6471 2 2 10 1 543 2498 541
6472 2 2 10 1 2165 2184 1815
6473 2 2 10 1 1225 1673 1671
6474 2 2 10 1 1671 1672 1233
6475 2 2 10 1 538 539 537
6476 2 2 10 1 1635 4378 4299
6477 2 2 10 1 534 535 533
6478 2 2 10 1 1906 2759 1907
6479 2 2 10 1 1907 2090 1876
6480 2 2 10 1 530 531 529
6481 2 2 10 1 1784 1875 1783
6482 2 2 10 1 1584 5264 3496
6483 2 2 10 1 4363 4550 4466
6484 2 2 10 1 1266 4423 4108
6485 2 2 10 1 3066 5445 3068
6486 2 2 10 1 2151 4243 2150
6487 2 2 10 1 1629 4357 4288
6488 2 2 10 1 2412 4246 2411
6489 2 2 10 1 2365 4245 2366
6490 2 2 10 1 1577 5074 5070
6491 2 2 10 1 4088 4236 2371
6492 2 2 10 1 650 829 648
6493 2 2 10 1 3351 4243 2775
6494 2 2 10 1 4333 4334 820
6495 2 2 10 1 2479 4248 4247
6496 2 2 10 1 2838 4733 3345
6497 2 2 10 1 3441 4527 3451
6498 2 2 10 1 810 2825 2501
6499 2 2 10 1 4420 4594 548
6500 2 2 10 1 656 867 654
6501 2 2 10 1 4292 4293 869
6502 2 2 10 1 2479 4246 2415
6503 2 2 10 1 1794 4129 1684
6504 2 2 10 1 1822 4259 1245
6505 2 2 10 1 3413 4134 1315
6506 2 2 10 1 2841 4145 1831
6507 2 2 10 1 4091 4127 2464
6508 2 2 10 1 1335 4148 1332
6509 2 2 10 1 2411 4133 1851
6510 2 2 10 1 1870 4150 2365
6511 2 2 10 1 1814 4149 2770
6512 2 2 10 1 2936 4245 3293
6513 2 2 10 1 662 825 660
6514 2 2 10 1 4239 4321 2475
6515 2 2 10 1 651 4477 653
6516 2 2 10 1 1271 4242 2484
6517 2 2 10 1 666 1604 664
6518 2 2 10 1 2518 4486 2516
6519 2 2 10 1 2127 2818 2125
6520 2 2 10 1 2131 2802 2129
6521 2 2 10 1 2050 2053 2048
6522 2 2 10 1 2135 2785 2133
6523 2 2 10 1 2870 3351 2775
6524 2 2 10 1 2139 2153 2137
6525 2 2 10 1 2123 2864 2121
6526 2 2 10 1 2058 2059 2056
6527 2 2 10 1 1916 2921 1914
6528 2 2 10 1 2044 2350 2042
6529 2 2 10 1 3390 3406 2827
6530 2 2 10 1 2145 2154 2143
6531 2 2 10 1 1920 2925 1918
6532 2 2 10 1 1317 4393 1203
6533 2 2 10 1 2150 2796 2147
6534 2 2 10 1 2065 2334 2063
6535 2 2 10 1 1924 2927 1922
6536 2 2 10 1 2117 2152 2115
6537 2 2 10 1 2040 2351 2038
6538 2 2 10 1 1889 2368 1820
6539 2 2 10 1 2070 2073 2067
6540 2 2 10 1 1928 2929 1926
6541 2 2 10 1 2082 2085 2075
6542 2 2 10 1 2095 2096 2087
6543 2 2 10 1 1934 2565 1932
6544 2 2 10 1 2036 2352 2034
6545 2 2 10 1 1982 2327 1980
6546 2 2 10 1 2111 2320 2109
6547 2 2 10 1 1938 2933 1936
6548 2 2 10 1 1978 2808 1976
6549 2 2 10 1 1944 2353 1942
6550 2 2 10 1 2032 2068 2030
6551 2 2 10 1 1972 2158 1970
6552 2 2 10 1 1948 2928 1946
6553 2 2 10 1 1665 1892 1663
6554 2 2 10 1 2105 2898 2103
6555 2 2 10 1 1968 2891 1966
6556 2 2 10 1 1952 2926 1950
6557 2 2 10 1 1956 2924 1954
6558 2 2 10 1 1962 2092 1960
6559 2 2 10 1 3052 3249 3054
6560 2 2 10 1 2026 2078 2024
6561 2 2 10 1 3197 3204 3199
6562 2 2 10 1 2101 2901 2099
6563 2 2 10 1 3098 3335 3100
6564 2 2 10 1 2020 2161 2018
6565 2 2 10 1 3203 3330 3206
6566 2 2 10 1 2936 3293 2964
6567 2 2 10 1 3193 3389 3195
6568 2 2 10 1 2014 2342 2012
6569 2 2 10 1 3668 4878 3669
6570 2 2 10 1 3104 3240 3106
6571 2 2 10 1 3002 3290 3004
6572 2 2 10 1 2010 2798 2008
6573 2 2 10 1 3144 3174 3146
6574 2 2 10 1 3154 3161 3156
6575 2 2 10 1 1988 2341 1986
6576 2 2 10 1 2006 2349 2004
6577 2 2 10 1 3094 3276 3096
6578 2 2 10 1 1994 2344 1992
6579 2 2 10 1 2000 2348 1998
6580 2 2 10 1 1683 1685 1669
6581 2 2 10 1 3062 3241 3064
6582 2 2 10 1 3208 3319 3210
6583 2 2 10 1 2417 2479 2415
6584 2 2 10 1 3108 3409 3110
6585 2 2 10 1 3045 3255 3047
6586 2 2 10 1 3160 3168 3163
6587 2 2 10 1 3009 3284 3011
6588 2 2 10 1 1231 4394 1319
6589 2 2 10 1 1830 4396 1828
6590 2 2 10 1 3138 3179 3140
6591 2 2 10 1 3212 3309 3214
6592 2 2 10 1 2486 3401 2385
6593 2 2 10 1 3086 3296 3088
6594 2 2 10 1 3167 3173 3170
6595 2 2 10 1 1273 4395 1654
6596 2 2 10 1 2611 3248 2609
6597 2 2 10 1 3216 3286 3218
6598 2 2 10 1 1798 2485 1800
6599 2 2 10 1 3080 3272 3082
6600 2 2 10 1 3039 3261 3041
6601 2 2 10 1 3076 3367 3078
6602 2 2 10 1 2607 3259 2605
6603 2 2 10 1 1445 1578 1443
6604 2 2 10 1 2615 2983 2613
6605 2 2 10 1 1439 1570 1437
6606 2 2 10 1 3016 3277 3018
6607 2 2 10 1 1449 1650 1447
6608 2 2 10 1 2423 2481 2421
6609 2 2 10 1 3220 3264 3222
6610 2 2 10 1 732 869 730
6611 2 2 10 1 3228 3260 3230
6612 2 2 10 1 2620 2978 2617
6613 2 2 10 1 2592 2913 2589
6614 2 2 10 1 1453 1575 1451
6615 2 2 10 1 1433 1566 1431
6616 2 2 10 1 3224 3254 3226
6617 2 2 10 1 800 1624 798
6618 2 2 10 1 1429 1652 1427
6619 2 2 10 1 2583 2887 2581
6620 2 2 10 1 1459 1644 1457
6621 2 2 10 1 2427 2478 2425
6622 2 2 10 1 3027 3271 3029
6623 2 2 10 1 2626 2967 2624
6624 2 2 10 1 796 814 794
6625 2 2 10 1 672 828 670
6626 2 2 10 1 1463 1572 1461
6627 2 2 10 1 2579 3313 2570
6628 2 2 10 1 1423 1563 1421
6629 2 2 10 1 804 813 802
6630 2 2 10 1 2631 2984 2628
6631 2 2 10 1 738 821 736
6632 2 2 10 1 1419 1649 1417
6633 2 2 10 1 1469 1640 1467
6634 2 2 10 1 726 820 724
6635 2 2 10 1 2555 2840 2553
6636 2 2 10 1 790 871 788
6637 2 2 10 1 1473 1568 1471
6638 2 2 10 1 1593 1838 1813
6639 2 2 10 1 2551 3332 2542
6640 2 2 10 1 676 1617 674
6641 2 2 10 1 1413 1564 1411
6642 2 2 10 1 2637 2941 2635
6643 2 2 10 1 2433 2480 2431
6644 2 2 10 1 818 2482 806
6645 2 2 10 1 722 1628 720
6646 2 2 10 1 632 808 630
6647 2 2 10 1 742 1615 740
6648 2 2 10 1 1594 4397 1689
6649 2 2 10 1 1479 1565 1477
6650 2 2 10 1 2729 2919 2727
6651 2 2 10 1 638 870 636
6652 2 2 10 1 2524 2857 2522
6653 2 2 10 1 1407 1567 1405
6654 2 2 10 1 784 812 782
6655 2 2 10 1 2725 3280 2723
6656 2 2 10 1 2644 2917 2641
6657 2 2 10 1 1485 1569 1483
6658 2 2 10 1 2437 2476 2435
6659 2 2 10 1 2490 2861 2488
6660 2 2 10 1 680 826 678
6661 2 2 10 1 1401 1571 1399
6662 2 2 10 1 2721 3294 2719
6663 2 2 10 1 716 824 714
6664 2 2 10 1 1829 4398 1859
6665 2 2 10 1 628 1635 626
6666 2 2 10 1 780 1620 778
6667 2 2 10 1 746 819 744
6668 2 2 10 1 2717 3311 2715
6669 2 2 10 1 2318 2799 2314
6670 2 2 10 1 1715 1891 1717
6671 2 2 10 1 1491 1573 1489
6672 2 2 10 1 2529 3388 2531
6673 2 2 10 1 2237 2829 2235
6674 2 2 10 1 1395 1598 1393
6675 2 2 10 1 2651 2892 2648
6676 2 2 10 1 712 1616 710
6677 2 2 10 1 598 1633 596
6678 2 2 10 1 2408 2499 1844
6679 2 2 10 1 2710 2824 2708
6680 2 2 10 1 959 1152 961
6681 2 2 10 1 1497 1574 1495
6682 2 2 10 1 594 889 592
6683 2 2 10 1 2706 3329 2704
6684 2 2 10 1 644 645 642
6685 2 2 10 1 684 1612 682
6686 2 2 10 1 774 815 772
6687 2 2 10 1 1389 1587 1387
6688 2 2 10 1 708 823 706
6689 2 2 10 1 1321 4399 1323
6690 2 2 10 1 2702 3336 2700
6691 2 2 10 1 1764 1888 1869
6692 2 2 10 1 965 1648 967
6693 2 2 10 1 2657 2830 2655
6694 2 2 10 1 943 1153 945
6695 2 2 10 1 622 809 620
6696 2 2 10 1 2443 2477 2441
6697 2 2 10 1 1385 1636 1383
6698 2 2 10 1 2698 3347 2696
6699 2 2 10 1 1503 1582 1501
6700 2 2 10 1 770 1610 768
6701 2 2 10 1 969 1217 971
6702 2 2 10 1 2693 3365 2691
6703 2 2 10 1 602 603 600
6704 2 2 10 1 2243 2862 2241
6705 2 2 10 1 937 1651 939
6706 2 2 10 1 702 868 700
6707 2 2 10 1 752 1609 750
6708 2 2 10 1 2689 3378 2687
6709 2 2 10 1 1379 1588 1377
6710 2 2 10 1 1509 1581 1507
6711 2 2 10 1 766 817 764
6712 2 2 10 1 1802 1805 1804
6713 2 2 10 1 618 1629 616
6714 2 2 10 1 1807 3245 2966
6715 2 2 10 1 933 1141 935
6716 2 2 10 1 2663 2831 2661
6717 2 2 10 1 975 1218 977
6718 2 2 10 1 588 1219 586
6719 2 2 10 1 688 827 686
6720 2 2 10 1 1375 1631 1373
6721 2 2 10 1 2447 2475 2445
6722 2 2 10 1 2461 2462 2459
6723 2 2 10 1 979 1645 981
6724 2 2 10 1 1515 1622 1513
6725 2 2 10 1 927 1647 929
6726 2 2 10 1 2310 2805 2308
6727 2 2 10 1 2667 3331 2665
6728 2 2 10 1 2231 2817 2229
6729 2 2 10 1 983 1187 985
6730 2 2 10 1 1369 1592 1367
6731 2 2 10 1 1519 1577 1517
6732 2 2 10 1 923 1139 925
6733 2 2 10 1 756 816 754
6734 2 2 10 1 612 811 610
6735 2 2 10 1 1523 1618 1521
6736 2 2 10 1 919 1646 921
6737 2 2 10 1 989 1642 991
6738 2 2 10 1 692 1607 690
6739 2 2 10 1 1363 1589 1361
6740 2 2 10 1 2673 2846 2671
6741 2 2 10 1 1527 1585 1525
6742 2 2 10 1 2249 2859 2247
6743 2 2 10 1 915 1146 917
6744 2 2 10 1 993 1194 995
6745 2 2 10 1 1359 1626 1357
6746 2 2 10 1 2227 2871 2225
6747 2 2 10 1 2453 2466 2451
6748 2 2 10 1 2172 2752 2170
6749 2 2 10 1 2677 3363 2675
6750 2 2 10 1 1533 1613 1531
6751 2 2 10 1 1355 1786 1353
6752 2 2 10 1 2304 2955 2302
6753 2 2 10 1 997 1641 999
6754 2 2 10 1 909 1643 911
6755 2 2 10 1 1537 1586 1535
6756 2 2 10 1 1351 1782 1349
6757 2 2 10 1 1001 1196 1003
6758 2 2 10 1 905 1137 907
6759 2 2 10 1 696 822 694
6760 2 2 10 1 1541 1608 1539
6761 2 2 10 1 2223 2872 2221
6762 2 2 10 1 2738 3310 2740
6763 2 2 10 1 1339 1771 1337
6764 2 2 10 1 1347 1780 1345
6765 2 2 10 1 2742 2856 2747
6766 2 2 10 1 1005 1639 1007
6767 2 2 10 1 2683 2850 2681
6768 2 2 10 1 762 1603 760
6769 2 2 10 1 1545 1576 1543
6770 2 2 10 1 2253 2882 2251
6771 2 2 10 1 1343 1777 1341
6772 2 2 10 1 2300 2810 2298
6773 2 2 10 1 2457 2465 2455
6774 2 2 10 1 1009 1199 1011
6775 2 2 10 1 899 1136 901
6776 2 2 10 1 1551 1606 1549
6777 2 2 10 1 1555 1584 1553
6778 2 2 10 1 558 1836 555
6779 2 2 10 1 1013 1638 1015
6780 2 2 10 1 1559 1605 1557
6781 2 2 10 1 1579 1583 1561
6782 2 2 10 1 2178 2755 2176
6783 2 2 10 1 1017 1207 1019
6784 2 2 10 1 2598 3314 2600
6785 2 2 10 1 1676 1678 1590
6786 2 2 10 1 2217 2800 2215
6787 2 2 10 1 608 1611 606
6788 2 2 10 1 2257 2893 2255
6789 2 2 10 1 2294 2943 2292
6790 2 2 10 1 1023 1201 1025
6791 2 2 10 1 1027 1637 1029
6792 2 2 10 1 2213 2874 2211
6793 2 2 10 1 2574 2822 2576
6794 2 2 10 1 1031 1200 1033
6795 2 2 10 1 2290 2939 2288
6796 2 2 10 1 1035 1634 1037
6797 2 2 10 1 2548 3340 2550
6798 2 2 10 1 1039 1150 1041
6799 2 2 10 1 2185 2873 2182
6800 2 2 10 1 2286 2930 2284
6801 2 2 10 1 2207 2790 2205
6802 2 2 10 1 1043 1632 1045
6803 2 2 10 1 2263 2845 2261
6804 2 2 10 1 1047 1205 1049
6805 2 2 10 1 2282 2923 2279
6806 2 2 10 1 2203 2877 2201
6807 2 2 10 1 2535 2849 2537
6808 2 2 10 1 1053 1206 1055
6809 2 2 10 1 2189 2766 2187
6810 2 2 10 1 1057 1630 1059
6811 2 2 10 1 1719 2503 1721
6812 2 2 10 1 2277 2920 2275
6813 2 2 10 1 1723 1776 1775
6814 2 2 10 1 1061 1167 1063
6815 2 2 10 1 1067 1627 1069
6816 2 2 10 1 2269 2832 2267
6817 2 2 10 1 2199 2876 2197
6818 2 2 10 1 1071 1154 1073
6819 2 2 10 1 1077 1625 1079
6820 2 2 10 1 2195 2875 2193
6821 2 2 10 1 1081 1151 1083
6822 2 2 10 1 2273 2914 2271
6823 2 2 10 1 1085 1623 1087
6824 2 2 10 1 1089 1175 1091
6825 2 2 10 1 1095 1621 1097
6826 2 2 10 1 1099 1145 1101
6827 2 2 10 1 1103 1619 1105
6828 2 2 10 1 1107 1181 1109
6829 2 2 10 1 1113 1183 1115
6830 2 2 10 1 1117 1614 1119
6831 2 2 10 1 1132 1166 1156
6832 2 2 10 1 2956 2957 1903
6833 2 2 10 1 2974 3273 947
6834 2 2 10 1 2168 2865 2166
6835 2 2 10 1 539 1602 897
6836 2 2 10 1 4279 4280 819
6837 2 2 10 1 4283 4286 4284
6838 2 2 10 1 4104 4609 1282
6839 2 2 10 1 4294 4297 4295
6840 2 2 10 1 3334 4158 2361
6841 2 2 10 1 4284 4285 2476
6842 2 2 10 1 4295 4296 2478
6843 2 2 10 1 646 1599 645
6844 2 2 10 1 4273 4274 816
6845 2 2 10 1 818 4220 2482
6846 2 2 10 1 4196 5236 5217
6847 2 2 10 1 525 4392 522
6848 2 2 10 1 3424 3429 3426
6849 2 2 10 1 2517 3317 2586
6850 2 2 10 1 1745 1817 1741
6851 2 2 10 1 3301 3364 2392
6852 2 2 10 1 4491 5323 4410
6853 2 2 10 1 4584 4608 3945
6854 2 2 10 1 834 4220 831
6855 2 2 10 1 773 4483 775
6856 2 2 10 1 1705 4438 1237
6857 2 2 10 1 524 526 525
6858 2 2 10 1 4164 4434 1714
6859 2 2 10 1 831 4220 818
6860 2 2 10 1 3491 4869 2792
6861 2 2 10 1 4281 4282 815
6862 2 2 10 1 892 4157 881
6863 2 2 10 1 3391 4444 3390
6864 2 2 10 1 2797 3287 2796
6865 2 2 10 1 2097 2390 2096
6866 2 2 10 1 1840 1841 1685
6867 2 2 10 1 1745 1885 1817
6868 2 2 10 1 2463 2472 2462
6869 2 2 10 1 2500 2883 2499
6870 2 2 10 1 1776 1779 1778
6871 2 2 10 1 1838 1855 1839
6872 2 2 10 1 604 810 603
6873 2 2 10 1 1166 1225 1214
6874 2 2 10 1 1888 2868 2319
6875 2 2 10 1 3406 4259 2827
6876 2 2 10 1 3288 3410 3287
6877 2 2 10 1 881 4157 572
6878 2 2 10 1 3317 3318 2586
6879 2 2 10 1 527 528 526
6880 2 2 10 1 1280 4510 4142
6881 2 2 10 1 528 530 529
6882 2 2 10 1 1779 1784 1783
6883 2 2 10 1 1855 2362 2361
6884 2 2 10 1 540 541 538
6885 2 2 10 1 544 545 543
6886 2 2 10 1 2759 2794 1907
6887 2 2 10 1 542 543 541
6888 2 2 10 1 1784 1876 1875
6889 2 2 10 1 549 550 547
6890 2 2 10 1 572 4227 569
6891 2 2 10 1 530 532 531
6892 2 2 10 1 1221 4424 1243
6893 2 2 10 1 546 547 545
6894 2 2 10 1 553 557 552
6895 2 2 10 1 1673 1815 1671
6896 2 2 10 1 551 552 550
6897 2 2 10 1 532 534 533
6898 2 2 10 1 1906 1907 1876
6899 2 2 10 1 1225 1671 1233
6900 2 2 10 1 2165 2860 2184
6901 2 2 10 1 534 536 535
6902 2 2 10 1 1816 2165 1815
6903 2 2 10 1 536 538 537
6904 2 2 10 1 2889 2890 2362
6905 2 2 10 1 1841 1896 1895
6906 2 2 10 1 2390 2972 2900
6907 2 2 10 1 4129 4400 2880
6908 2 2 10 1 837 4161 1597
6909 2 2 10 1 1769 4230 1751
6910 2 2 10 1 810 4257 3386
6911 2 2 10 1 3317 3373 3318
6912 2 2 10 1 1278 4232 1276
6913 2 2 10 1 2371 4236 2357
6914 2 2 10 1 1244 4234 1222
6915 2 2 10 1 566 4233 563
6916 2 2 10 1 1213 4235 1211
6917 2 2 10 1 1885 2355 1817
6918 2 2 10 1 3279 4501 2538
6919 2 2 10 1 2389 4237 2507
6920 2 2 10 1 859 4240 851
6921 2 2 10 1 4311 4312 812
6922 2 2 10 1 5036 5468 1735
6923 2 2 10 1 4325 5171 5112
6924 2 2 10 1 4328 4329 871
6925 2 2 10 1 1270 4423 1266
6926 2 2 10 1 4107 4449 2854
6927 2 2 10 1 1258 4484 4092
6928 2 2 10 1 4184 5466 516
6929 2 2 10 1 2343 4157 892
6930 2 2 10 1 2868 4503 2869
6931 2 2 10 1 2367 4506 1874
6932 2 2 10 1 1892 4393 1663
6933 2 2 10 1 4128 4594 2578
6934 2 2 10 1 3401 4396 2385
6935 2 2 10 1 2150 4243 2797
6936 2 2 10 1 1715 4394 1891
6937 2 2 10 1 1764 4395 1888
6938 2 2 10 1 2529 4398 3388
6939 2 2 10 1 1593 4399 1838
6940 2 2 10 1 1798 4397 2485
6941 2 2 10 1 2404 4500 3403
6942 2 2 10 1 4221 4439 2851
6943 2 2 10 1 3826 4401 3829
6944 2 2 10 1 887 4480 4449
6945 2 2 10 1 2985 5140 4912
6946 2 2 10 1 1597 4220 834
6947 2 2 10 1 3782 4504 3783
6948 2 2 10 1 629 4496 631
6949 2 2 10 1 648 4250 646
6950 2 2 10 1 627 4519 1286
6951 2 2 10 1 652 4251 650
6952 2 2 10 1 1172 4427 1209
6953 2 2 10 1 374 522 521
6954 2 2 10 1 654 4253 652
6955 2 2 10 1 2851 4439 4087
6956 2 2 10 1 3776 4575 3775
6957 2 2 10 1 1751 4230 1752
6958 2 2 10 1 563 4233 4130
6959 2 2 10 1 658 4252 656
6960 2 2 10 1 851 4240 4161
6961 2 2 10 1 1276 4232 1279
6962 2 2 10 1 569 4227 1220
6963 2 2 10 1 1883 4230 1769
6964 2 2 10 1 1222 4234 1754
6965 2 2 10 1 1211 4235 2405
6966 2 2 10 1 2357 4236 2842
6967 2 2 10 1 1739 4232 1278
6968 2 2 10 1 1748 4234 1244
6969 2 2 10 1 1220 4233 566
6970 2 2 10 1 1754 4235 1213
6971 2 2 10 1 660 4260 658
6972 2 2 10 1 848 4431 769
6973 2 2 10 1 3787 4465 2572
6974 2 2 10 1 4066 4237 2389
6975 2 2 10 1 2507 4237 2510
6976 2 2 10 1 2084 4262 2082
6977 2 2 10 1 2905 4521 2518
6978 2 2 10 1 136 4418 135
6979 2 2 10 1 2393 4435 4138
6980 2 2 10 1 875 4240 859
6981 2 2 10 1 606 4257 604
6982 2 2 10 1 555 4256 553
6983 2 2 10 1 2099 4255 2097
6984 2 2 10 1 2685 4266 2683
6985 2 2 10 1 664 4270 662
6986 2 2 10 1 886 4544 4525
6987 2 2 10 1 1669 4263 1667
6988 2 2 10 1 698 4269 696
6989 2 2 10 1 704 4275 702
6990 2 2 10 1 1721 4267 1723
6991 2 2 10 1 758 4273 756
6992 2 2 10 1 2087 4265 2084
6993 2 2 10 1 776 4281 774
6994 2 2 10 1 748 4279 746
6995 2 2 10 1 1590 4271 1579
6996 2 2 10 1 2439 4283 2437
6997 2 2 10 1 718 4307 716
6998 2 2 10 1 734 4292 732
6999 2 2 10 1 2429 4294 2427
7000 2 2 10 1 786 4311 784
7001 2 2 10 1 2687 4272 2685
7002 2 2 10 1 668 4264 666
7003 2 2 10 1 2008 4268 2006
7004 2 2 10 1 2691 4276 2689
7005 2 2 10 1 792 4328 790
7006 2 2 10 1 2459 4277 2457
7007 2 2 10 1 728 4333 726
7008 2 2 10 1 764 4278 762
7009 2 2 10 1 640 4319 638
7010 2 2 10 1 2275 4291 2273
7011 2 2 10 1 2197 4305 2195
7012 2 2 10 1 700 4289 698
7013 2 2 10 1 2455 4301 2453
7014 2 2 10 1 760 4304 758
7015 2 2 10 1 2271 4318 2269
7016 2 2 10 1 694 4306 692
7017 2 2 10 1 2201 4314 2199
7018 2 2 10 1 634 4341 632
7019 2 2 10 1 768 4300 766
7020 2 2 10 1 2279 4316 2277
7021 2 2 10 1 2296 4344 2294
7022 2 2 10 1 1525 4324 1523
7023 2 2 10 1 690 4315 688
7024 2 2 10 1 754 4317 752
7025 2 2 10 1 2205 4323 2203
7026 2 2 10 1 706 4308 704
7027 2 2 10 1 772 4310 770
7028 2 2 10 1 2284 4326 2282
7029 2 2 10 1 1521 4330 1519
7030 2 2 10 1 2187 4335 2185
7031 2 2 10 1 2245 4345 2243
7032 2 2 10 1 2445 4321 2443
7033 2 2 10 1 686 4322 684
7034 2 2 10 1 1517 4337 1515
7035 2 2 10 1 750 4325 748
7036 2 2 10 1 710 4320 708
7037 2 2 10 1 2288 4336 2286
7038 2 2 10 1 2067 4303 2065
7039 2 2 10 1 682 4331 680
7040 2 2 10 1 778 4327 776
7041 2 2 10 1 2292 4346 2290
7042 2 2 10 1 714 4332 712
7043 2 2 10 1 744 4339 742
7044 2 2 10 1 2255 4353 2253
7045 2 2 10 1 2215 4350 2213
7046 2 2 10 1 1936 4313 1934
7047 2 2 10 1 678 4340 676
7048 2 2 10 1 2170 4342 2168
7049 2 2 10 1 2435 4343 2433
7050 2 2 10 1 782 4338 780
7051 2 2 10 1 740 4347 738
7052 2 2 10 1 2251 4364 2249
7053 2 2 10 1 674 4349 672
7054 2 2 10 1 2298 4360 2296
7055 2 2 10 1 1037 4371 1039
7056 2 2 10 1 720 4348 718
7057 2 2 10 1 642 4359 640
7058 2 2 10 1 1033 4373 1035
7059 2 2 10 1 620 4357 618
7060 2 2 10 1 736 4354 734
7061 2 2 10 1 2419 4390 2417
7062 2 2 10 1 2247 4368 2245
7063 2 2 10 1 802 4355 800
7064 2 2 10 1 1029 4375 1031
7065 2 2 10 1 788 4352 786
7066 2 2 10 1 670 4356 668
7067 2 2 10 1 2302 4369 2300
7068 2 2 10 1 1025 4376 1027
7069 2 2 10 1 2425 4362 2423
7070 2 2 10 1 724 4358 722
7071 2 2 10 1 2225 4372 2223
7072 2 2 10 1 798 4361 796
7073 2 2 10 1 636 4370 634
7074 2 2 10 1 1015 4382 1017
7075 2 2 10 1 600 4377 598
7076 2 2 10 1 1011 4384 1013
7077 2 2 10 1 730 4366 728
7078 2 2 10 1 794 4367 792
7079 2 2 10 1 2229 4379 2227
7080 2 2 10 1 1007 4385 1009
7081 2 2 10 1 855 4523 777
7082 2 2 10 1 596 4380 594
7083 2 2 10 1 1393 4383 1391
7084 2 2 10 1 630 4378 628
7085 2 2 10 1 1926 4351 1924
7086 2 2 10 1 779 4523 1288
7087 2 2 10 1 1922 4365 1920
7088 2 2 10 1 967 4388 969
7089 2 2 10 1 1918 4374 1916
7090 2 2 10 1 2038 4386 2036
7091 2 2 10 1 2042 4387 2040
7092 2 2 10 1 2531 4391 2535
7093 2 2 10 1 646 4250 1599
7094 2 2 10 1 399 5424 5418
7095 2 2 10 1 2479 4247 4246
7096 2 2 10 1 1279 4423 1270
7097 2 2 10 1 1229 4427 2483
7098 2 2 10 1 1119 4428 1132
7099 2 2 10 1 4098 4430 3858
7100 2 2 10 1 1820 4400 1794
7101 2 2 10 1 495 5334 4199
7102 2 2 10 1 751 4505 753
7103 2 2 10 1 1842 4240 875
7104 2 2 10 1 3615 4795 2765
7105 2 2 10 1 1314 4582 3429
7106 2 2 10 1 3470 4648 1961
7107 2 2 10 1 3828 4534 1891
7108 2 2 10 1 4529 4556 3884
7109 2 2 10 1 1209 4427 1229
7110 2 2 10 1 3318 4625 4610
7111 2 2 10 1 4535 4555 1587
7112 2 2 10 1 372 4624 4406
7113 2 2 10 1 3659 5012 5002
7114 2 2 10 1 1849 4359 645
7115 2 2 10 1 553 4256 557
7116 2 2 10 1 2097 4255 2390
7117 2 2 10 1 829 4250 648
7118 2 2 10 1 1166 4428 4146
7119 2 2 10 1 4157 4227 572
7120 2 2 10 1 604 4257 810
7121 2 2 10 1 206 4168 467
7122 2 2 10 1 195 4169 431
7123 2 2 10 1 12 4174 432
7124 2 2 10 1 317 4192 488
7125 2 2 10 1 313 4177 473
7126 2 2 10 1 490 4195 209
7127 2 2 10 1 199 4214 415
7128 2 2 10 1 505 4206 28
7129 2 2 10 1 487 4204 218
7130 2 2 10 1 127 4190 468
7131 2 2 10 1 53 4172 499
7132 2 2 10 1 439 4175 104
7133 2 2 10 1 475 4187 109
7134 2 2 10 1 119 4170 380
7135 2 2 10 1 31 4209 428
7136 2 2 10 1 496 4171 48
7137 2 2 10 1 302 4173 423
7138 2 2 10 1 491 4200 299
7139 2 2 10 1 33 4191 482
7140 2 2 10 1 483 4179 36
7141 2 2 10 1 479 4182 292
7142 2 2 10 1 237 4178 411
7143 2 2 10 1 471 4193 91
7144 2 2 10 1 47 4171 452
7145 2 2 10 1 81 4199 440
7146 2 2 10 1 212 4203 388
7147 2 2 10 1 90 4193 412
7148 2 2 10 1 42 4198 501
7149 2 2 10 1 83 4185 495
7150 2 2 10 1 377 4185 84
7151 2 2 10 1 427 4205 38
7152 2 2 10 1 374 521 322
7153 2 2 10 1 444 4172 54
7154 2 2 10 1 101 4194 386
7155 2 2 10 1 29 4208 505
7156 2 2 10 1 270 4196 494
7157 2 2 10 1 293 4183 479
7158 2 2 10 1 300 4201 491
7159 2 2 10 1 480 4173 303
7160 2 2 10 1 239 4189 484
7161 2 2 10 1 85 4186 377
7162 2 2 10 1 274 4176 504
7163 2 2 10 1 51 4180 399
7164 2 2 10 1 37 4205 483
7165 2 2 10 1 268 4181 425
7166 2 2 10 1 470 4207 324
7167 2 2 10 1 492 4194 102
7168 2 2 10 1 321 521 489
7169 2 2 10 1 499 4180 52
7170 2 2 10 1 108 4187 375
7171 2 2 10 1 272 4197 391
7172 2 2 10 1 495 4199 82
7173 2 2 10 1 438 4183 294
7174 2 2 10 1 49 4188 496
7175 2 2 10 1 466 4170 120
7176 2 2 10 1 291 4182 379
7177 2 2 10 1 391 4196 271
7178 2 2 10 1 446 4176 275
7179 2 2 10 1 428 4208 30
7180 2 2 10 1 103 4175 492
7181 2 2 10 1 478 4186 86
7182 2 2 10 1 383 4177 314
7183 2 2 10 1 388 4211 211
7184 2 2 10 1 494 4181 269
7185 2 2 10 1 504 4197 273
7186 2 2 10 1 204 4215 403
7187 2 2 10 1 399 4188 50
7188 2 2 10 1 415 4202 198
7189 2 2 10 1 484 4178 238
7190 2 2 10 1 35 4179 392
7191 2 2 10 1 394 4198 43
7192 2 2 10 1 486 4203 213
7193 2 2 10 1 298 4200 385
7194 2 2 10 1 227 4212 410
7195 2 2 10 1 319 4210 421
7196 2 2 10 1 472 4212 228
7197 2 2 10 1 378 4190 128
7198 2 2 10 1 455 4184 8
7199 2 2 10 1 315 4213 383
7200 2 2 10 1 217 4204 406
7201 2 2 10 1 424 4168 207
7202 2 2 10 1 467 4215 205
7203 2 2 10 1 421 4192 318
7204 2 2 10 1 463 4214 200
7205 2 2 10 1 488 4213 316
7206 2 2 10 1 197 4202 506
7207 2 2 10 1 482 4209 32
7208 2 2 10 1 323 4207 374
7209 2 2 10 1 423 4201 301
7210 2 2 10 1 489 4210 320
7211 2 2 10 1 208 4195 424
7212 2 2 10 1 392 4191 34
7213 2 2 10 1 506 4169 196
7214 2 2 10 1 503 4174 13
7215 2 2 10 1 7 4184 516
7216 2 2 10 1 27 4206 393
7217 2 2 10 1 210 4211 490
7218 2 2 10 1 2854 4449 2855
7219 2 2 10 1 2441 4432 2439
7220 2 2 10 1 2431 4433 2429
7221 2 2 10 1 650 4251 829
7222 2 2 10 1 2501 4377 603
7223 2 2 10 1 2900 4265 2096
7224 2 2 10 1 2502 4277 2462
7225 2 2 10 1 2395 4435 2393
7226 2 2 10 1 1776 4267 1847
7227 2 2 10 1 886 4525 3420
7228 2 2 10 1 1895 4263 1685
7229 2 2 10 1 947 4403 528
7230 2 2 10 1 867 4253 654
7231 2 2 10 1 5238 5256 1772
7232 2 2 10 1 2679 4443 2677
7233 2 2 10 1 4296 4362 2478
7234 2 2 10 1 3273 4403 947
7235 2 2 10 1 4155 4420 550
7236 2 2 10 1 4285 4343 2476
7237 2 2 10 1 2865 4421 2166
7238 2 2 10 1 1847 4404 1779
7239 2 2 10 1 656 4252 867
7240 2 2 10 1 539 4422 1602
7241 2 2 10 1 1601 4405 532
7242 2 2 10 1 530 4403 1601
7243 2 2 10 1 2498 4422 541
7244 2 2 10 1 1784 4404 1906
7245 2 2 10 1 170 511 169
7246 2 2 10 1 160 4416 159
7247 2 2 10 1 165 4417 164
7248 2 2 10 1 355 4406 354
7249 2 2 10 1 354 508 353
7250 2 2 10 1 349 510 348
7251 2 2 10 1 358 512 357
7252 2 2 10 1 361 419 360
7253 2 2 10 1 364 4408 363
7254 2 2 10 1 366 4409 365
7255 2 2 10 1 356 372 355
7256 2 2 10 1 351 417 350
7257 2 2 10 1 369 4415 368
7258 2 2 10 1 370 520 369
7259 2 2 10 1 362 4407 361
7260 2 2 10 1 363 513 362
7261 2 2 10 1 365 435 364
7262 2 2 10 1 368 460 367
7263 2 2 10 1 344 462 343
7264 2 2 10 1 347 433 346
7265 2 2 10 1 173 371 172
7266 2 2 10 1 166 509 165
7267 2 2 10 1 168 418 167
7268 2 2 10 1 175 507 174
7269 2 2 10 1 178 420 177
7270 2 2 10 1 180 514 179
7271 2 2 10 1 181 4410 180
7272 2 2 10 1 184 4411 183
7273 2 2 10 1 186 4412 185
7274 2 2 10 1 187 519 186
7275 2 2 10 1 161 461 160
7276 2 2 10 1 164 434 163
7277 2 2 10 1 179 4413 178
7278 2 2 10 1 182 436 181
7279 2 2 10 1 185 459 184
7280 2 2 10 1 2505 4467 3852
7281 2 2 10 1 547 4420 548
7282 2 2 10 1 2166 4421 2165
7283 2 2 10 1 825 4260 660
7284 2 2 10 1 538 4422 539
7285 2 2 10 1 4231 4443 2679
7286 2 2 10 1 637 4441 1291
7287 2 2 10 1 2510 4237 2513
7288 2 2 10 1 662 4270 825
7289 2 2 10 1 1836 4429 4256
7290 2 2 10 1 3835 4653 3836
7291 2 2 10 1 3998 4621 1636
7292 2 2 10 1 1604 4270 664
7293 2 2 10 1 2901 4255 2099
7294 2 2 10 1 5214 5260 3752
7295 2 2 10 1 4390 4550 4248
7296 2 2 10 1 1836 4256 555
7297 2 2 10 1 374 4207 523
7298 2 2 10 1 2577 4594 4517
7299 2 2 10 1 1611 4257 606
7300 2 2 10 1 666 4264 1604
7301 2 2 10 1 2350 4387 2042
7302 2 2 10 1 2082 4262 2085
7303 2 2 10 1 1916 4374 2921
7304 2 2 10 1 2040 4387 2351
7305 2 2 10 1 1902 4438 1705
7306 2 2 10 1 2925 4374 1918
7307 2 2 10 1 2351 4386 2038
7308 2 2 10 1 1920 4365 2925
7309 2 2 10 1 2927 4365 1922
7310 2 2 10 1 1924 4351 2927
7311 2 2 10 1 2036 4386 2352
7312 2 2 10 1 2929 4351 1926
7313 2 2 10 1 2065 4303 2334
7314 2 2 10 1 2168 4342 2865
7315 2 2 10 1 2073 4303 2067
7316 2 2 10 1 1934 4313 2565
7317 2 2 10 1 2933 4313 1936
7318 2 2 10 1 732 4292 869
7319 2 2 10 1 2451 4445 2449
7320 2 2 10 1 2427 4294 2478
7321 2 2 10 1 4298 4472 624
7322 2 2 10 1 632 4341 808
7323 2 2 10 1 726 4333 820
7324 2 2 10 1 2096 4265 2087
7325 2 2 10 1 790 4328 871
7326 2 2 10 1 638 4319 870
7327 2 2 10 1 1648 4388 967
7328 2 2 10 1 969 4388 1217
7329 2 2 10 1 784 4311 812
7330 2 2 10 1 2423 4362 2481
7331 2 2 10 1 1624 4361 798
7332 2 2 10 1 2437 4283 2476
7333 2 2 10 1 796 4361 814
7334 2 2 10 1 716 4307 824
7335 2 2 10 1 2243 4345 2862
7336 2 2 10 1 800 4355 1624
7337 2 2 10 1 869 4366 730
7338 2 2 10 1 746 4279 819
7339 2 2 10 1 594 4380 889
7340 2 2 10 1 1633 4380 596
7341 2 2 10 1 1598 4383 1393
7342 2 2 10 1 814 4367 794
7343 2 2 10 1 2478 4362 2425
7344 2 2 10 1 808 4378 630
7345 2 2 10 1 598 4377 1633
7346 2 2 10 1 828 4356 670
7347 2 2 10 1 870 4370 636
7348 2 2 10 1 813 4355 802
7349 2 2 10 1 672 4349 828
7350 2 2 10 1 628 4378 1635
7351 2 2 10 1 821 4354 736
7352 2 2 10 1 820 4358 724
7353 2 2 10 1 603 4377 600
7354 2 2 10 1 738 4347 821
7355 2 2 10 1 774 4281 815
7356 2 2 10 1 1639 4385 1007
7357 2 2 10 1 2752 4342 2170
7358 2 2 10 1 871 4352 788
7359 2 2 10 1 1009 4385 1199
7360 2 2 10 1 1617 4349 674
7361 2 2 10 1 2817 4379 2229
7362 2 2 10 1 1199 4384 1011
7363 2 2 10 1 722 4358 1628
7364 2 2 10 1 2417 4390 2479
7365 2 2 10 1 1013 4384 1638
7366 2 2 10 1 2433 4343 2480
7367 2 2 10 1 676 4340 1617
7368 2 2 10 1 1638 4382 1015
7369 2 2 10 1 1628 4348 720
7370 2 2 10 1 1615 4347 740
7371 2 2 10 1 645 4359 642
7372 2 2 10 1 1017 4382 1207
7373 2 2 10 1 742 4339 1615
7374 2 2 10 1 2227 4379 2871
7375 2 2 10 1 702 4275 868
7376 2 2 10 1 809 4357 620
7377 2 2 10 1 2859 4368 2247
7378 2 2 10 1 2871 4372 2225
7379 2 2 10 1 756 4273 816
7380 2 2 10 1 1201 4376 1025
7381 2 2 10 1 2476 4343 2435
7382 2 2 10 1 826 4340 678
7383 2 2 10 1 2249 4364 2859
7384 2 2 10 1 2798 4268 2008
7385 2 2 10 1 1027 4376 1637
7386 2 2 10 1 812 4338 782
7387 2 2 10 1 1637 4375 1029
7388 2 2 10 1 2955 4369 2302
7389 2 2 10 1 680 4331 826
7390 2 2 10 1 1515 4337 1622
7391 2 2 10 1 819 4339 744
7392 2 2 10 1 1031 4375 1200
7393 2 2 10 1 1200 4373 1033
7394 2 2 10 1 618 4357 1629
7395 2 2 10 1 2223 4372 2872
7396 2 2 10 1 824 4332 714
7397 2 2 10 1 1035 4373 1634
7398 2 2 10 1 1577 4337 1517
7399 2 2 10 1 1634 4371 1037
7400 2 2 10 1 1519 4330 1577
7401 2 2 10 1 2294 4344 2943
7402 2 2 10 1 2882 4364 2251
7403 2 2 10 1 780 4338 1620
7404 2 2 10 1 2300 4369 2810
7405 2 2 10 1 1039 4371 1150
7406 2 2 10 1 696 4269 822
7407 2 2 10 1 2253 4353 2882
7408 2 2 10 1 1620 4327 778
7409 2 2 10 1 2810 4360 2298
7410 2 2 10 1 1618 4330 1521
7411 2 2 10 1 1612 4331 682
7412 2 2 10 1 2006 4268 2349
7413 2 2 10 1 1523 4324 1618
7414 2 2 10 1 712 4332 1616
7415 2 2 10 1 684 4322 1612
7416 2 2 10 1 1585 4324 1525
7417 2 2 10 1 1616 4320 710
7418 2 2 10 1 2443 4321 2477
7419 2 2 10 1 2893 4353 2255
7420 2 2 10 1 1685 4263 1669
7421 2 2 10 1 1609 4325 750
7422 2 2 10 1 2800 4350 2215
7423 2 2 10 1 2683 4266 2850
7424 2 2 10 1 752 4317 1609
7425 2 2 10 1 827 4322 686
7426 2 2 10 1 708 4320 823
7427 2 2 10 1 2475 4321 2445
7428 2 2 10 1 2943 4346 2292
7429 2 2 10 1 815 4310 772
7430 2 2 10 1 688 4315 827
7431 2 2 10 1 823 4308 706
7432 2 2 10 1 2213 4350 2874
7433 2 2 10 1 816 4317 754
7434 2 2 10 1 2290 4346 2939
7435 2 2 10 1 770 4310 1610
7436 2 2 10 1 2185 4335 2873
7437 2 2 10 1 1607 4315 690
7438 2 2 10 1 2939 4336 2288
7439 2 2 10 1 1610 4300 768
7440 2 2 10 1 2535 4391 2849
7441 2 2 10 1 692 4306 1607
7442 2 2 10 1 817 4278 764
7443 2 2 10 1 868 4289 700
7444 2 2 10 1 2462 4277 2459
7445 2 2 10 1 2766 4335 2187
7446 2 2 10 1 2286 4336 2930
7447 2 2 10 1 766 4300 817
7448 2 2 10 1 2453 4301 2466
7449 2 2 10 1 2930 4326 2284
7450 2 2 10 1 2790 4323 2205
7451 2 2 10 1 762 4278 1603
7452 2 2 10 1 822 4306 694
7453 2 2 10 1 2457 4277 2465
7454 2 2 10 1 3365 4276 2691
7455 2 2 10 1 1603 4304 760
7456 2 2 10 1 3378 4272 2687
7457 2 2 10 1 2282 4326 2923
7458 2 2 10 1 2465 4301 2455
7459 2 2 10 1 2269 4318 2832
7460 2 2 10 1 2689 4276 3378
7461 2 2 10 1 2203 4323 2877
7462 2 2 10 1 2923 4316 2279
7463 2 2 10 1 2877 4314 2201
7464 2 2 10 1 2920 4291 2275
7465 2 2 10 1 1579 4271 1583
7466 2 2 10 1 2195 4305 2875
7467 2 2 10 1 2876 4305 2197
7468 2 2 10 1 2914 4318 2271
7469 2 2 10 1 2277 4316 2920
7470 2 2 10 1 2199 4314 2876
7471 2 2 10 1 2273 4291 2914
7472 2 2 10 1 1678 4271 1590
7473 2 2 10 1 3388 4391 2531
7474 2 2 10 1 2503 4267 1721
7475 2 2 10 1 1723 4267 1776
7476 2 2 10 1 2368 4400 1820
7477 2 2 10 1 1614 4428 1119
7478 2 2 10 1 1132 4428 1166
7479 2 2 10 1 4004 4447 1170
7480 2 2 10 1 540 4870 4117
7481 2 2 10 1 1794 4400 4129
7482 2 2 10 1 838 4545 657
7483 2 2 10 1 659 4545 3947
7484 2 2 10 1 2465 4302 4301
7485 2 2 10 1 4283 4284 2476
7486 2 2 10 1 4294 4295 2478
7487 2 2 10 1 1633 4381 4380
7488 2 2 10 1 1648 4389 4388
7489 2 2 10 1 3816 4487 3817
7490 2 2 10 1 614 4448 612
7491 2 2 10 1 80 4436 79
7492 2 2 10 1 3888 5380 5038
7493 2 2 10 1 652 4253 4251
7494 2 2 10 1 2480 4433 2431
7495 2 2 10 1 2477 4432 2441
7496 2 2 10 1 3597 4641 3598
7497 2 2 10 1 2016 4453 2014
7498 2 2 10 1 4481 5554 3256
7499 2 2 10 1 4102 5500 5483
7500 2 2 10 1 305 4440 304
7501 2 2 10 1 135 4418 404
7502 2 2 10 1 658 4260 4252
7503 2 2 10 1 4131 4429 1836
7504 2 2 10 1 516 5397 4712
7505 2 2 10 1 2519 4435 2395
7506 2 2 10 1 2479 4390 4248
7507 2 2 10 1 3370 4474 2502
7508 2 2 10 1 1290 4553 619
7509 2 2 10 1 621 4553 857
7510 2 2 10 1 528 4403 530
7511 2 2 10 1 2084 4265 4262
7512 2 2 10 1 592 4456 590
7513 2 2 10 1 532 4405 534
7514 2 2 10 1 1477 4442 1475
7515 2 2 10 1 1779 4404 1784
7516 2 2 10 1 668 4356 4264
7517 2 2 10 1 734 4354 4292
7518 2 2 10 1 728 4366 4333
7519 2 2 10 1 634 4370 4341
7520 2 2 10 1 792 4367 4328
7521 2 2 10 1 786 4352 4311
7522 2 2 10 1 640 4359 4319
7523 2 2 10 1 718 4348 4307
7524 2 2 10 1 748 4325 4279
7525 2 2 10 1 776 4327 4281
7526 2 2 10 1 704 4308 4275
7527 2 2 10 1 2245 4368 4345
7528 2 2 10 1 698 4289 4269
7529 2 2 10 1 758 4304 4273
7530 2 2 10 1 2685 4272 4266
7531 2 2 10 1 1148 4439 4221
7532 2 2 10 1 2296 4360 4344
7533 2 2 10 1 550 4420 547
7534 2 2 10 1 2165 4421 2860
7535 2 2 10 1 541 4422 538
7536 2 2 10 1 1614 4529 3884
7537 2 2 10 1 3394 4444 3391
7538 2 2 10 1 5467 5472 455
7539 2 2 10 1 431 5031 5004
7540 2 2 10 1 2411 4402 4133
7541 2 2 10 1 2530 4488 2528
7542 2 2 10 1 1565 4442 1477
7543 2 2 10 1 226 4487 225
7544 2 2 10 1 1817 4426 1741
7545 2 2 10 1 1741 4426 1739
7546 2 2 10 1 3851 4531 3853
7547 2 2 10 1 2429 4433 4294
7548 2 2 10 1 2439 4432 4283
7549 2 2 10 1 5322 5329 4185
7550 2 2 10 1 4970 4975 1701
7551 2 2 10 1 4247 4402 4246
7552 2 2 10 1 2499 4437 1844
7553 2 2 10 1 2562 4556 3593
7554 2 2 10 1 1640 4943 3609
7555 2 2 10 1 3476 5198 1586
7556 2 2 10 1 1844 4437 1842
7557 2 2 10 1 440 4436 80
7558 2 2 10 1 1288 4557 781
7559 2 2 10 1 783 4557 852
7560 2 2 10 1 470 4454 4207
7561 2 2 10 1 3964 4715 3479
7562 2 2 10 1 523 4454 4159
7563 2 2 10 1 4246 4402 2411
7564 2 2 10 1 1855 4458 2889
7565 2 2 10 1 304 4440 480
7566 2 2 10 1 384 4440 305
7567 2 2 10 1 26 4495 25
7568 2 2 10 1 2643 4922 3928
7569 2 2 10 1 3927 4593 741
7570 2 2 10 1 4294 4433 4297
7571 2 2 10 1 4283 4432 4286
7572 2 2 10 1 3943 4720 3494
7573 2 2 10 1 2528 4467 2505
7574 2 2 10 1 1611 4469 4258
7575 2 2 10 1 757 4452 849
7576 2 2 10 1 3971 5360 3276
7577 2 2 10 1 747 4560 847
7578 2 2 10 1 1294 4560 745
7579 2 2 10 1 4123 4577 1770
7580 2 2 10 1 1837 4517 4155
7581 2 2 10 1 4577 4590 2905
7582 2 2 10 1 1842 4437 4240
7583 2 2 10 1 624 4472 622
7584 2 2 10 1 856 4564 615
7585 2 2 10 1 617 4564 1290
7586 2 2 10 1 2145 4455 2154
7587 2 2 10 1 1739 4426 4232
7588 2 2 10 1 2796 4455 2147
7589 2 2 10 1 4207 4454 523
7590 2 2 10 1 2677 4443 3363
7591 2 2 10 1 1614 4489 4428
7592 2 2 10 1 3387 4473 2501
7593 2 2 10 1 3998 4596 2547
7594 2 2 10 1 2966 5500 4102
7595 2 2 10 1 2861 4459 2488
7596 2 2 10 1 2761 4575 3244
7597 2 2 10 1 2486 4459 3401
7598 2 2 10 1 3913 4738 3900
7599 2 2 10 1 3827 4542 3825
7600 2 2 10 1 1665 4460 1892
7601 2 2 10 1 1395 4462 1598
7602 2 2 10 1 568 4544 571
7603 2 2 10 1 4196 5217 494
7604 2 2 10 1 431 4450 194
7605 2 2 10 1 3347 4463 2696
7606 2 2 10 1 2693 4463 3365
7607 2 2 10 1 3868 4576 3867
7608 2 2 10 1 3383 4616 2902
7609 2 2 10 1 2466 4445 2451
7610 2 2 10 1 2147 4455 2145
7611 2 2 10 1 194 4450 193
7612 2 2 10 1 3984 4674 3983
7613 2 2 10 1 2518 4521 4486
7614 2 2 10 1 3806 5289 457
7615 2 2 10 1 498 4457 233
7616 2 2 10 1 232 4457 389
7617 2 2 10 1 4213 4646 4628
7618 2 2 10 1 2536 4555 2534
7619 2 2 10 1 3450 4457 498
7620 2 2 10 1 2481 4466 2421
7621 2 2 10 1 2497 4458 4399
7622 2 2 10 1 4240 4437 4161
7623 2 2 10 1 2855 4449 3349
7624 2 2 10 1 240 4461 4189
7625 2 2 10 1 398 4461 241
7626 2 2 10 1 2849 4470 2537
7627 2 2 10 1 4180 5424 399
7628 2 2 10 1 2488 4459 2486
7629 2 2 10 1 4484 4503 2868
7630 2 2 10 1 169 4446 168
7631 2 2 10 1 2786 4607 3905
7632 2 2 10 1 4263 4460 1667
7633 2 2 10 1 5113 5139 4338
7634 2 2 10 1 4337 5070 5052
7635 2 2 10 1 233 4457 232
7636 2 2 10 1 4293 5197 5059
7637 2 2 10 1 811 4469 610
7638 2 2 10 1 608 4469 1611
7639 2 2 10 1 1232 4475 4066
7640 2 2 10 1 514 4414 4413
7641 2 2 10 1 2506 4587 3822
7642 2 2 10 1 1667 4460 1665
7643 2 2 10 1 612 4448 811
7644 2 2 10 1 950 4630 3833
7645 2 2 10 1 3333 5215 413
7646 2 2 10 1 5223 5246 2073
7647 2 2 10 1 22 4516 21
7648 2 2 10 1 3617 4607 3616
7649 2 2 10 1 1397 4462 1395
7650 2 2 10 1 241 4461 240
7651 2 2 10 1 1802 4476 1805
7652 2 2 10 1 2485 4476 1800
7653 2 2 10 1 3728 4595 473
7654 2 2 10 1 2014 4453 2342
7655 2 2 10 1 2513 4475 3374
7656 2 2 10 1 2419 4466 4390
7657 2 2 10 1 1318 4468 1230
7658 2 2 10 1 965 4478 1648
7659 2 2 10 1 4399 4458 1838
7660 2 2 10 1 4363 4466 2481
7661 2 2 10 1 852 4585 785
7662 2 2 10 1 787 4585 3949
7663 2 2 10 1 4070 5430 387
7664 2 2 10 1 1194 4984 3551
7665 2 2 10 1 2696 4463 2693
7666 2 2 10 1 2548 4482 3340
7667 2 2 10 1 4154 4451 2484
7668 2 2 10 1 1888 4451 2868
7669 2 2 10 1 2500 4554 3274
7670 2 2 10 1 2484 4451 4395
7671 2 2 10 1 2673 4485 2846
7672 2 2 10 1 3363 4485 2675
7673 2 2 10 1 2735 4704 4020
7674 2 2 10 1 889 4456 592
7675 2 2 10 1 4091 4497 4128
7676 2 2 10 1 1283 4591 663
7677 2 2 10 1 665 4591 839
7678 2 2 10 1 4125 4587 2508
7679 2 2 10 1 743 4593 1294
7680 2 2 10 1 2594 4623 3691
7681 2 2 10 1 4428 4489 4146
7682 2 2 10 1 2348 4490 1998
7683 2 2 10 1 1838 4458 1855
7684 2 2 10 1 4025 4764 4017
7685 2 2 10 1 133 4528 132
7686 2 2 10 1 1885 4492 2355
7687 2 2 10 1 2421 4466 2419
7688 2 2 10 1 4495 5118 3337
7689 2 2 10 1 1771 4493 1337
7690 2 2 10 1 4808 4946 3165
7691 2 2 10 1 4377 4473 1633
7692 2 2 10 1 4330 5074 1577
7693 2 2 10 1 1021 4770 4670
7694 2 2 10 1 4277 4474 2465
7695 2 2 10 1 3648 4589 3649
7696 2 2 10 1 1567 4677 3912
7697 2 2 10 1 5436 5522 450
7698 2 2 10 1 1335 4493 4148
7699 2 2 10 1 3364 4492 2392
7700 2 2 10 1 2537 4470 2546
7701 2 2 10 1 3903 4627 735
7702 2 2 10 1 2545 4596 3818
7703 2 2 10 1 2778 4814 4804
7704 2 2 10 1 1152 4502 961
7705 2 2 10 1 2873 5139 5113
7706 2 2 10 1 3256 4554 2408
7707 2 2 10 1 3420 4525 3421
7708 2 2 10 1 431 5004 4450
7709 2 2 10 1 2501 4473 4377
7710 2 2 10 1 4880 5147 2191
7711 2 2 10 1 2502 4474 4277
7712 2 2 10 1 1122 4477 651
7713 2 2 10 1 610 4469 608
7714 2 2 10 1 4381 4464 4380
7715 2 2 10 1 4395 4451 1888
7716 2 2 10 1 3862 5262 511
7717 2 2 10 1 3257 4481 3256
7718 2 2 10 1 1679 5229 3743
7719 2 2 10 1 4108 4590 2406
7720 2 2 10 1 4380 4464 889
7721 2 2 10 1 3649 4614 3647
7722 2 2 10 1 500 4499 307
7723 2 2 10 1 306 4499 384
7724 2 2 10 1 3364 4798 873
7725 2 2 10 1 3304 5457 5149
7726 2 2 10 1 2490 4507 2861
7727 2 2 10 1 3852 4467 4462
7728 2 2 10 1 3776 5504 4575
7729 2 2 10 1 4988 5510 519
7730 2 2 10 1 1800 4476 1802
7731 2 2 10 1 3336 4508 2700
7732 2 2 10 1 2698 4508 3347
7733 2 2 10 1 2883 4471 2499
7734 2 2 10 1 2843 4491 2844
7735 2 2 10 1 2528 4488 4467
7736 2 2 10 1 1571 4531 4513
7737 2 2 10 1 4016 4603 4015
7738 2 2 10 1 2574 4511 2822
7739 2 2 10 1 3340 4511 2550
7740 2 2 10 1 509 4417 165
7741 2 2 10 1 461 4416 160
7742 2 2 10 1 354 4406 508
7743 2 2 10 1 372 4406 355
7744 2 2 10 1 368 4415 460
7745 2 2 10 1 363 4408 513
7746 2 2 10 1 435 4408 364
7747 2 2 10 1 365 4409 435
7748 2 2 10 1 361 4407 419
7749 2 2 10 1 513 4407 362
7750 2 2 10 1 520 4415 369
7751 2 2 10 1 436 4410 181
7752 2 2 10 1 514 4413 179
7753 2 2 10 1 519 4412 186
7754 2 2 10 1 459 4411 184
7755 2 2 10 1 178 4413 420
7756 2 2 10 1 180 4410 514
7757 2 2 10 1 185 4412 459
7758 2 2 10 1 164 4417 434
7759 2 2 10 1 1296 4483 773
7760 2 2 10 1 1732 4997 3660
7761 2 2 10 1 1571 4513 1399
7762 2 2 10 1 2499 4471 4437
7763 2 2 10 1 4185 5329 495
7764 2 2 10 1 1940 4532 1938
7765 2 2 10 1 963 4478 965
7766 2 2 10 1 4467 4488 1598
7767 2 2 10 1 2957 4520 1903
7768 2 2 10 1 584 4552 581
7769 2 2 10 1 3478 4699 1136
7770 2 2 10 1 577 4558 1837
7771 2 2 10 1 3875 4609 3874
7772 2 2 10 1 1170 4569 1020
7773 2 2 10 1 3768 4518 2585
7774 2 2 10 1 381 5405 4076
7775 2 2 10 1 622 4472 809
7776 2 2 10 1 5044 5274 3702
7777 2 2 10 1 2546 4482 2548
7778 2 2 10 1 839 4618 667
7779 2 2 10 1 669 4618 3948
7780 2 2 10 1 4188 5418 5413
7781 2 2 10 1 3496 5280 1584
7782 2 2 10 1 4462 4467 1598
7783 2 2 10 1 4255 4524 2390
7784 2 2 10 1 5172 5177 437
7785 2 2 10 1 1284 4619 791
7786 2 2 10 1 793 4619 853
7787 2 2 10 1 4458 4510 2889
7788 2 2 10 1 4899 5403 3043
7789 2 2 10 1 4220 4498 2482
7790 2 2 10 1 2516 4486 4426
7791 2 2 10 1 2675 4485 2673
7792 2 2 10 1 4616 4638 2902
7793 2 2 10 1 2781 4624 3412
7794 2 2 10 1 2465 4474 4302
7795 2 2 10 1 1633 4473 4381
7796 2 2 10 1 2483 4514 4394
7797 2 2 10 1 3595 4641 3596
7798 2 2 10 1 4449 4480 3349
7799 2 2 10 1 3542 4940 1641
7800 2 2 10 1 4768 5510 4058
7801 2 2 10 1 3349 4480 3420
7802 2 2 10 1 2857 4526 2522
7803 2 2 10 1 1998 4490 1996
7804 2 2 10 1 3818 4583 1587
7805 2 2 10 1 1841 4520 1896
7806 2 2 10 1 4610 4625 1770
7807 2 2 10 1 3892 4662 729
7808 2 2 10 1 2577 4568 2563
7809 2 2 10 1 1183 4529 1115
7810 2 2 10 1 1117 4529 1614
7811 2 2 10 1 737 4627 845
7812 2 2 10 1 4437 4471 4161
7813 2 2 10 1 167 4479 166
7814 2 2 10 1 511 4446 169
7815 2 2 10 1 168 4446 418
7816 2 2 10 1 3424 4525 3429
7817 2 2 10 1 4605 4623 2594
7818 2 2 10 1 4470 4482 2546
7819 2 2 10 1 2846 4530 2671
7820 2 2 10 1 5315 5322 377
7821 2 2 10 1 959 4533 1152
7822 2 2 10 1 1337 4493 1335
7823 2 2 10 1 631 4496 861
7824 2 2 10 1 2538 4501 3408
7825 2 2 10 1 1719 4534 2503
7826 2 2 10 1 1891 4534 1717
7827 2 2 10 1 1389 4535 1587
7828 2 2 10 1 2902 4638 3413
7829 2 2 10 1 3745 5209 1679
7830 2 2 10 1 2782 4666 3560
7831 2 2 10 1 2822 4537 2576
7832 2 2 10 1 2758 4865 3951
7833 2 2 10 1 455 5472 4184
7834 2 2 10 1 4092 4484 4154
7835 2 2 10 1 853 4635 795
7836 2 2 10 1 797 4635 1285
7837 2 2 10 1 3583 4666 3582
7838 2 2 10 1 3945 4633 3944
7839 2 2 10 1 2783 4859 3491
7840 2 2 10 1 1994 4538 2344
7841 2 2 10 1 2853 4661 4497
7842 2 2 10 1 4258 4566 2477
7843 2 2 10 1 2319 4601 4150
7844 2 2 10 1 1258 4503 4484
7845 2 2 10 1 4161 4471 1597
7846 2 2 10 1 2392 4492 1885
7847 2 2 10 1 389 4494 4147
7848 2 2 10 1 2598 4541 3314
7849 2 2 10 1 2497 4510 4458
7850 2 2 10 1 3321 4702 4071
7851 2 2 10 1 4146 4489 3885
7852 2 2 10 1 4232 4486 1279
7853 2 2 10 1 961 4502 963
7854 2 2 10 1 2702 4543 3336
7855 2 2 10 1 3329 4543 2704
7856 2 2 10 1 4383 4535 1391
7857 2 2 10 1 410 4487 226
7858 2 2 10 1 3785 4504 3782
7859 2 2 10 1 3640 4851 1632
7860 2 2 10 1 1153 4548 945
7861 2 2 10 1 2853 4497 4091
7862 2 2 10 1 2667 4547 3331
7863 2 2 10 1 4426 4486 4232
7864 2 2 10 1 307 4499 306
7865 2 2 10 1 3615 4804 4795
7866 2 2 10 1 4066 4475 4237
7867 2 2 10 1 1777 4549 1341
7868 2 2 10 1 1339 4549 1771
7869 2 2 10 1 1963 4648 2354
7870 2 2 10 1 3555 4689 3556
7871 2 2 10 1 3598 4689 2756
7872 2 2 10 1 3905 4637 3904
7873 2 2 10 1 1280 4561 4510
7874 2 2 10 1 3064 4567 3066
7875 2 2 10 1 4040 5481 2956
7876 2 2 10 1 3509 4746 2736
7877 2 2 10 1 426 4540 309
7878 2 2 10 1 308 4540 500
7879 2 2 10 1 5229 5238 3743
7880 2 2 10 1 1397 4513 4462
7881 2 2 10 1 4237 4475 2513
7882 2 2 10 1 2780 4682 3548
7883 2 2 10 1 753 4505 1303
7884 2 2 10 1 675 4651 843
7885 2 2 10 1 1287 4651 673
7886 2 2 10 1 3986 4688 2597
7887 2 2 10 1 3204 5016 3976
7888 2 2 10 1 3839 4781 3840
7889 2 2 10 1 1874 4506 2402
7890 2 2 10 1 2888 4555 4535
7891 2 2 10 1 963 4502 4478
7892 2 2 10 1 2573 4652 2886
7893 2 2 10 1 3361 4652 2575
7894 2 2 10 1 3478 4680 3477
7895 2 2 10 1 3982 4674 3981
7896 2 2 10 1 1598 4488 4383
7897 2 2 10 1 3893 4690 723
7898 2 2 10 1 2883 4498 4471
7899 2 2 10 1 2561 4509 3437
7900 2 2 10 1 393 4495 26
7901 2 2 10 1 3560 4682 3559
7902 2 2 10 1 1285 4655 799
7903 2 2 10 1 801 4655 864
7904 2 2 10 1 3660 4993 1730
7905 2 2 10 1 4401 4514 2483
7906 2 2 10 1 418 4479 167
7907 2 2 10 1 166 4479 509
7908 2 2 10 1 4142 4510 2497
7909 2 2 10 1 3454 4653 3834
7910 2 2 10 1 2738 4559 3310
7911 2 2 10 1 3314 4559 2600
7912 2 2 10 1 1732 5002 4997
7913 2 2 10 1 1622 5052 5042
7914 2 2 10 1 2773 4695 3942
7915 2 2 10 1 2002 4579 2000
7916 2 2 10 1 2520 4507 2490
7917 2 2 10 1 731 4662 863
7918 2 2 10 1 493 5135 3778
7919 2 2 10 1 2524 4562 2857
7920 2 2 10 1 4624 5422 4406
7921 2 2 10 1 2700 4508 2698
7922 2 2 10 1 3451 4527 3452
7923 2 2 10 1 3548 4695 3547
7924 2 2 10 1 4301 4512 2466
7925 2 2 10 1 1247 4625 835
7926 2 2 10 1 3979 4515 3977
7927 2 2 10 1 413 5220 3333
7928 2 2 10 1 864 4668 803
7929 2 2 10 1 805 4668 3954
7930 2 2 10 1 2762 4705 3963
7931 2 2 10 1 4869 4896 2792
7932 2 2 10 1 1805 4570 1804
7933 2 2 10 1 1807 4570 3245
7934 2 2 10 1 2550 4511 2574
7935 2 2 10 1 545 4565 543
7936 2 2 10 1 843 4671 677
7937 2 2 10 1 679 4671 3970
7938 2 2 10 1 2154 4573 2143
7939 2 2 10 1 399 5418 4188
7940 2 2 10 1 4471 4498 1597
7941 2 2 10 1 1399 4513 1397
7942 2 2 10 1 1571 4584 4120
7943 2 2 10 1 1483 4592 1481
7944 2 2 10 1 3897 4710 717
7945 2 2 10 1 3310 4574 2740
7946 2 2 10 1 2742 4574 2856
7947 2 2 10 1 130 4604 129
7948 2 2 10 1 808 4550 4363
7949 2 2 10 1 3493 4705 3492
7950 2 2 10 1 2706 4578 3329
7951 2 2 10 1 2824 4578 2708
7952 2 2 10 1 4169 5043 5031
7953 2 2 10 1 1121 4630 950
7954 2 2 10 1 2769 4669 3297
7955 2 2 10 1 3514 4834 2783
7956 2 2 10 1 242 4571 398
7957 2 2 10 1 3332 4580 2542
7958 2 2 10 1 391 5248 5236
7959 2 2 10 1 4486 4521 1279
7960 2 2 10 1 1582 4918 4909
7961 2 2 10 1 2663 4581 2831
7962 2 2 10 1 3331 4581 2665
7963 2 2 10 1 4304 5163 5115
7964 2 2 10 1 3297 4681 2768
7965 2 2 10 1 1587 4583 1387
7966 2 2 10 1 1385 4583 1636
7967 2 2 10 1 310 4572 426
7968 2 2 10 1 1586 5222 3476
7969 2 2 10 1 2888 4535 4383
7970 2 2 10 1 625 4519 627
7971 2 2 10 1 2566 5536 4414
7972 2 2 10 1 3556 4754 2764
7973 2 2 10 1 3670 4878 3668
7974 2 2 10 1 3429 4582 3426
7975 2 2 10 1 1597 4498 4220
7976 2 2 10 1 2595 4688 3361
7977 2 2 10 1 1401 4584 1571
7978 2 2 10 1 943 4586 1153
7979 2 2 10 1 2184 4598 1815
7980 2 2 10 1 725 4690 846
7981 2 2 10 1 4414 5536 3244
7982 2 2 10 1 3544 4754 3545
7983 2 2 10 1 3292 4733 2838
7984 2 2 10 1 3921 4745 707
7985 2 2 10 1 1113 4588 1183
7986 2 2 10 1 1882 5551 3339
7987 2 2 10 1 777 4523 779
7988 2 2 10 1 4288 4539 2480
7989 2 2 10 1 1671 4598 1672
7990 2 2 10 1 3720 5107 2898
7991 2 2 10 1 2751 4680 4249
7992 2 2 10 1 4302 4512 4301
7993 2 2 10 1 4776 4803 2776
7994 2 2 10 1 4394 4514 1891
7995 2 2 10 1 4628 4646 2601
7996 2 2 10 1 377 5322 4185
7997 2 2 10 1 865 4698 683
7998 2 2 10 1 3975 4755 2739
7999 2 2 10 1 685 4698 3985
8000 2 2 10 1 3609 4961 1640
8001 2 2 10 1 4835 5132 2180
8002 2 2 10 1 1577 5070 4337
8003 2 2 10 1 1903 4520 1841
8004 2 2 10 1 4462 4513 3852
8005 2 2 10 1 2765 4786 3586
8006 2 2 10 1 5321 5337 2933
8007 2 2 10 1 2710 4597 2824
8008 2 2 10 1 21 4516 402
8009 2 2 10 1 1686 5358 5003
8010 2 2 10 1 1651 4600 939
8011 2 2 10 1 1780 4599 1345
8012 2 2 10 1 1343 4599 1777
8013 2 2 10 1 3852 4531 3851
8014 2 2 10 1 2522 4526 2520
8015 2 2 10 1 4490 4538 1996
8016 2 2 10 1 4341 4550 808
8017 2 2 10 1 719 4710 862
8018 2 2 10 1 4028 4852 4024
8019 2 2 10 1 473 4595 312
8020 2 2 10 1 3901 4791 3902
8021 2 2 10 1 2390 4524 2972
8022 2 2 10 1 2520 4526 4507
8023 2 2 10 1 5306 5315 4186
8024 2 2 10 1 386 5125 5120
8025 2 2 10 1 1115 4529 1117
8026 2 2 10 1 2551 4606 3332
8027 2 2 10 1 2840 4606 2553
8028 2 2 10 1 2736 4746 2908
8029 2 2 10 1 496 5413 5408
8030 2 2 10 1 3463 5178 1613
8031 2 2 10 1 840 4723 689
8032 2 2 10 1 691 4723 1304
8033 2 2 10 1 4513 4531 3852
8034 2 2 10 1 1567 4608 1405
8035 2 2 10 1 3421 4525 3424
8036 2 2 10 1 510 4536 348
8037 2 2 10 1 347 4536 433
8038 2 2 10 1 3689 4767 3688
8039 2 2 10 1 1174 4767 3984
8040 2 2 10 1 3532 4810 3533
8041 2 2 10 1 2671 4530 2669
8042 2 2 10 1 4248 4550 4341
8043 2 2 10 1 2831 4611 2661
8044 2 2 10 1 3963 4715 3962
8045 2 2 10 1 3311 4612 2715
8046 2 2 10 1 951 4533 959
8047 2 2 10 1 445 4602 244
8048 2 2 10 1 5153 5181 2972
8049 2 2 10 1 3942 4720 3941
8050 2 2 10 1 1181 4615 1109
8051 2 2 10 1 4849 5328 277
8052 2 2 10 1 2980 4702 3326
8053 2 2 10 1 1304 4736 693
8054 2 2 10 1 695 4736 844
8055 2 2 10 1 1292 4737 711
8056 2 2 10 1 713 4737 842
8057 2 2 10 1 4859 4869 3491
8058 2 2 10 1 1717 4534 1719
8059 2 2 10 1 3766 4725 512
8060 2 2 10 1 526 4643 525
8061 2 2 10 1 3545 4779 2779
8062 2 2 10 1 1279 4521 4423
8063 2 2 10 1 1391 4535 1389
8064 2 2 10 1 4780 4792 4021
8065 2 2 10 1 2405 4630 1197
8066 2 2 10 1 1938 4532 2933
8067 2 2 10 1 844 4744 697
8068 2 2 10 1 699 4744 1300
8069 2 2 10 1 709 4745 1292
8070 2 2 10 1 2576 4537 2596
8071 2 2 10 1 2794 4617 1907
8072 2 2 10 1 2657 4620 2830
8073 2 2 10 1 4411 4551 183
8074 2 2 10 1 182 4551 436
8075 2 2 10 1 2905 4590 4521
8076 2 2 10 1 3586 4777 2757
8077 2 2 10 1 2139 4622 2153
8078 2 2 10 1 3911 4738 3910
8079 2 2 10 1 1300 4751 701
8080 2 2 10 1 703 4751 841
8081 2 2 10 1 3528 4779 3529
8082 2 2 10 1 4125 5518 4587
8083 2 2 10 1 3683 5056 3718
8084 2 2 10 1 1636 4621 1383
8085 2 2 10 1 3706 5246 5223
8086 2 2 10 1 3825 4542 3828
8087 2 2 10 1 2737 4755 2881
8088 2 2 10 1 89 4659 88
8089 2 2 10 1 132 4528 437
8090 2 2 10 1 19 4660 18
8091 2 2 10 1 3854 4747 2734
8092 2 2 10 1 5209 5229 1679
8093 2 2 10 1 3862 5221 3324
8094 2 2 10 1 657 4545 659
8095 2 2 10 1 3939 4872 3643
8096 2 2 10 1 4076 5414 381
8097 2 2 10 1 1996 4538 1994
8098 2 2 10 1 571 4544 886
8099 2 2 10 1 937 4629 1651
8100 2 2 10 1 1141 4629 935
8101 2 2 10 1 4155 4517 4420
8102 2 2 10 1 3957 4884 3601
8103 2 2 10 1 4169 5031 431
8104 2 2 10 1 3505 4831 3507
8105 2 2 10 1 2555 4631 2840
8106 2 2 10 1 2717 4632 3311
8107 2 2 10 1 3294 4632 2719
8108 2 2 10 1 4517 4568 2577
8109 2 2 10 1 2596 4541 2598
8110 2 2 10 1 3174 5020 5000
8111 2 2 10 1 1756 5344 3335
8112 2 2 10 1 2704 4543 2702
8113 2 2 10 1 309 4540 308
8114 2 2 10 1 348 4536 347
8115 2 2 10 1 1379 4634 1588
8116 2 2 10 1 619 4553 621
8117 2 2 10 1 1511 4658 1509
8118 2 2 10 1 1837 4568 4517
8119 2 2 10 1 5120 5125 3077
8120 2 2 10 1 581 4552 579
8121 2 2 10 1 1226 4718 531
8122 2 2 10 1 2669 4547 2667
8123 2 2 10 1 945 4548 951
8124 2 2 10 1 1883 5562 3344
8125 2 2 10 1 2982 4829 2970
8126 2 2 10 1 3843 4854 3844
8127 2 2 10 1 4057 5401 4054
8128 2 2 10 1 2480 4539 4433
8129 2 2 10 1 3502 4829 3503
8130 2 2 10 1 1341 4549 1339
8131 2 2 10 1 3884 4556 2562
8132 2 2 10 1 3313 4639 2570
8133 2 2 10 1 2534 4555 2888
8134 2 2 10 1 4806 5124 2174
8135 2 2 10 1 1782 4642 1349
8136 2 2 10 1 1347 4642 1780
8137 2 2 10 1 2830 4644 2655
8138 2 2 10 1 4023 4764 4022
8139 2 2 10 1 3500 4831 3499
8140 2 2 10 1 4530 4547 2669
8141 2 2 10 1 3827 4613 4542
8142 2 2 10 1 4054 4768 4053
8143 2 2 10 1 951 4548 4533
8144 2 2 10 1 456 5009 4061
8145 2 2 10 1 391 5236 4196
8146 2 2 10 1 2344 4649 1992
8147 2 2 10 1 4537 4541 2596
8148 2 2 10 1 3660 4997 4993
8149 2 2 10 1 2721 4650 3294
8150 2 2 10 1 3280 4650 2723
8151 2 2 10 1 4213 4628 383
8152 2 2 10 1 3272 5412 3965
8153 2 2 10 1 1021 4670 1023
8154 2 2 10 1 781 4557 783
8155 2 2 10 1 4528 5172 437
8156 2 2 10 1 933 4656 1141
8157 2 2 10 1 2651 4657 2892
8158 2 2 10 1 2408 4554 2500
8159 2 2 10 1 3315 4778 2748
8160 2 2 10 1 2746 4778 2896
8161 2 2 10 1 3766 5519 3763
8162 2 2 10 1 45 4696 44
8163 2 2 10 1 4263 4616 4460
8164 2 2 10 1 4552 4558 579
8165 2 2 10 1 579 4558 577
8166 2 2 10 1 3837 4781 3838
8167 2 2 10 1 4188 5413 496
8168 2 2 10 1 3241 5444 5411
8169 2 2 10 1 4743 4972 3172
8170 2 2 10 1 745 4560 747
8171 2 2 10 1 1602 4663 897
8172 2 2 10 1 899 4663 1136
8173 2 2 10 1 4575 5504 420
8174 2 2 10 1 4069 4563 4068
8175 2 2 10 1 183 4551 182
8176 2 2 10 1 2579 4664 3313
8177 2 2 10 1 2887 4664 2581
8178 2 2 10 1 2725 4665 3280
8179 2 2 10 1 2919 4665 2727
8180 2 2 10 1 1647 4667 929
8181 2 2 10 1 4249 4663 1602
8182 2 2 10 1 2477 4566 4432
8183 2 2 10 1 5102 5180 2817
8184 2 2 10 1 3867 4576 3869
8185 2 2 10 1 615 4564 617
8186 2 2 10 1 3775 4575 2761
8187 2 2 10 1 1641 4965 3542
8188 2 2 10 1 2600 4559 2738
8189 2 2 10 1 4186 5315 377
8190 2 2 10 1 4510 4561 2889
8191 2 2 10 1 3554 5251 2928
8192 2 2 10 1 189 4711 188
8193 2 2 10 1 6 4712 5
8194 2 2 10 1 1748 4853 3422
8195 2 2 10 1 1588 4673 1377
8196 2 2 10 1 1375 4673 1631
8197 2 2 10 1 3516 4915 1196
8198 2 2 10 1 2539 4562 2524
8199 2 2 10 1 1619 4675 1105
8200 2 2 10 1 1107 4675 1181
8201 2 2 10 1 1755 5192 3745
8202 2 2 10 1 3257 4522 4481
8203 2 2 10 1 3575 4874 3576
8204 2 2 10 1 4936 4973 463
8205 2 2 10 1 2892 4676 2648
8206 2 2 10 1 5298 5306 478
8207 2 2 10 1 1407 4677 1567
8208 2 2 10 1 3902 4823 2789
8209 2 2 10 1 1298 4820 3689
8210 2 2 10 1 2729 4678 2919
8211 2 2 10 1 4019 4780 4021
8212 2 2 10 1 4126 4934 2771
8213 2 2 10 1 1351 4679 1782
8214 2 2 10 1 1786 4679 1353
8215 2 2 10 1 3976 5022 3204
8216 2 2 10 1 3778 5127 493
8217 2 2 10 1 2976 4982 4954
8218 2 2 10 1 3693 4820 3692
8219 2 2 10 1 4280 5184 4989
8220 2 2 10 1 2583 4683 2887
8221 2 2 10 1 1126 4782 3824
8222 2 2 10 1 2644 4685 2917
8223 2 2 10 1 4061 5046 5005
8224 2 2 10 1 4433 4539 4297
8225 2 2 10 1 927 4687 1647
8226 2 2 10 1 1139 4687 925
8227 2 2 10 1 543 4565 2498
8228 2 2 10 1 3571 4823 3572
8229 2 2 10 1 1605 5272 3518
8230 2 2 10 1 1408 4919 1702
8231 2 2 10 1 3533 4827 2801
8232 2 2 10 1 3488 4827 3489
8233 2 2 10 1 3539 4868 3540
8234 2 2 10 1 1804 4570 1807
8235 2 2 10 1 3899 4791 3898
8236 2 2 10 1 2586 4610 2905
8237 2 2 10 1 1744 4818 3379
8238 2 2 10 1 3530 4810 3531
8239 2 2 10 1 2913 4691 2589
8240 2 2 10 1 125 4753 124
8241 2 2 10 1 2889 4561 2890
8242 2 2 10 1 4099 4797 1126
8243 2 2 10 1 338 4686 458
8244 2 2 10 1 518 4686 339
8245 2 2 10 1 3410 4892 896
8246 2 2 10 1 1489 4722 1487
8247 2 2 10 1 1797 4794 1796
8248 2 2 10 1 3399 5467 3400
8249 2 2 10 1 1988 4693 2341
8250 2 2 10 1 3241 4567 3064
8251 2 2 10 1 3318 4610 2586
8252 2 2 10 1 4171 5408 5402
8253 2 2 10 1 243 4571 242
8254 2 2 10 1 2143 4573 2141
8255 2 2 10 1 905 4697 1137
8256 2 2 10 1 2532 4945 3339
8257 2 2 10 1 2503 4613 4267
8258 2 2 10 1 1136 4699 901
8259 2 2 10 1 2767 4817 3514
8260 2 2 10 1 2740 4574 2742
8261 2 2 10 1 342 4728 341
8262 2 2 10 1 4337 5052 1622
8263 2 2 10 1 3746 5169 1755
8264 2 2 10 1 3503 4832 3501
8265 2 2 10 1 159 4729 158
8266 2 2 10 1 1564 4700 1411
8267 2 2 10 1 512 5519 3766
8268 2 2 10 1 923 4701 1139
8269 2 2 10 1 1646 4701 921
8270 2 2 10 1 311 4572 310
8271 2 2 10 1 4021 4792 2767
8272 2 2 10 1 2917 4703 2641
8273 2 2 10 1 2708 4578 2706
8274 2 2 10 1 4825 5431 3050
8275 2 2 10 1 2563 4568 3355
8276 2 2 10 1 245 4694 445
8277 2 2 10 1 4888 4893 1573
8278 2 2 10 1 2852 4934 3344
8279 2 2 10 1 3489 4844 2807
8280 2 2 10 1 2088 4794 3253
8281 2 2 10 1 4118 4636 4115
8282 2 2 10 1 2508 4587 2506
8283 2 2 10 1 4067 5210 476
8284 2 2 10 1 507 4626 174
8285 2 2 10 1 173 4626 371
8286 2 2 10 1 2592 4707 2913
8287 2 2 10 1 3170 4743 3172
8288 2 2 10 1 2637 4708 2941
8289 2 2 10 1 477 5393 3342
8290 2 2 10 1 4416 5492 4729
8291 2 2 10 1 2898 5090 3720
8292 2 2 10 1 2784 4841 3632
8293 2 2 10 1 1631 4709 1373
8294 2 2 10 1 915 4713 1146
8295 2 2 10 1 919 4714 1646
8296 2 2 10 1 1146 4714 917
8297 2 2 10 1 3511 4844 3512
8298 2 2 10 1 5000 5020 1416
8299 2 2 10 1 3498 4832 3500
8300 2 2 10 1 909 4716 1643
8301 2 2 10 1 1137 4716 907
8302 2 2 10 1 3259 4719 2605
8303 2 2 10 1 2542 4580 2539
8304 2 2 10 1 3640 4841 3639
8305 2 2 10 1 2884 4672 2883
8306 2 2 10 1 1145 4721 1101
8307 2 2 10 1 1103 4721 1619
8308 2 2 10 1 1643 4724 911
8309 2 2 10 1 2765 4795 4786
8310 2 2 10 1 2665 4581 2663
8311 2 2 10 1 5337 5349 4313
8312 2 2 10 1 3936 4847 2763
8313 2 2 10 1 506 5054 5043
8314 2 2 10 1 1387 4583 1385
8315 2 2 10 1 2406 4577 4123
8316 2 2 10 1 4404 4730 2760
8317 2 2 10 1 3616 4607 2786
8318 2 2 10 1 3613 4968 3415
8319 2 2 10 1 1730 4991 3671
8320 2 2 10 1 1180 4877 3693
8321 2 2 10 1 785 4585 787
8322 2 2 10 1 4460 4616 3383
8323 2 2 10 1 4909 4918 3952
8324 2 2 10 1 4156 4672 2884
8325 2 2 10 1 2941 4732 2635
8326 2 2 10 1 804 4717 813
8327 2 2 10 1 2482 4717 806
8328 2 2 10 1 2539 4580 4562
8329 2 2 10 1 3512 4858 2816
8330 2 2 10 1 1369 4734 1592
8331 2 2 10 1 3373 4647 3318
8332 2 2 10 1 4132 4945 2410
8333 2 2 10 1 2607 4739 3259
8334 2 2 10 1 3248 4739 2609
8335 2 2 10 1 2631 4740 2984
8336 2 2 10 1 2135 4741 2785
8337 2 2 10 1 2153 4741 2137
8338 2 2 10 1 11 4771 10
8339 2 2 10 1 40 5367 4805
8340 2 2 10 1 1505 4759 1503
8341 2 2 10 1 3896 4950 3638
8342 2 2 10 1 3625 4927 3626
8343 2 2 10 1 2791 4850 3640
8344 2 2 10 1 3652 4589 3648
8345 2 2 10 1 4524 5153 2972
8346 2 2 10 1 510 5456 3823
8347 2 2 10 1 2000 4579 2348
8348 2 2 10 1 3426 4582 3428
8349 2 2 10 1 3537 4858 3538
8350 2 2 10 1 3054 4760 3056
8351 2 2 10 1 458 4731 337
8352 2 2 10 1 2611 4750 3248
8353 2 2 10 1 2983 4750 2613
8354 2 2 10 1 2626 4752 2967
8355 2 2 10 1 2984 4752 2628
8356 2 2 10 1 1403 4584 1401
8357 2 2 10 1 3642 4850 3641
8358 2 2 10 1 94 4775 93
8359 2 2 10 1 335 4735 453
8360 2 2 10 1 4836 5497 470
8361 2 2 10 1 941 4586 943
8362 2 2 10 1 3316 5537 442
8363 2 2 10 1 663 4591 665
8364 2 2 10 1 3136 4765 3138
8365 2 2 10 1 3909 4964 3610
8366 2 2 10 1 2967 4756 2624
8367 2 2 10 1 741 4593 743
8368 2 2 10 1 2615 4757 2983
8369 2 2 10 1 2978 4757 2617
8370 2 2 10 1 5192 5209 3745
8371 2 2 10 1 2620 4758 2978
8372 2 2 10 1 4532 5321 2933
8373 2 2 10 1 1282 4830 4099
8374 2 2 10 1 4197 5265 5248
8375 2 2 10 1 1568 4944 3923
8376 2 2 10 1 1111 4588 1113
8377 2 2 10 1 2578 4594 2577
8378 2 2 10 1 407 4749 247
8379 2 2 10 1 3136 5086 4765
8380 2 2 10 1 3623 4916 3624
8381 2 2 10 1 813 4717 4156
8382 2 2 10 1 4078 5436 450
8383 2 2 10 1 4432 4566 4286
8384 2 2 10 1 3335 5357 1756
8385 2 2 10 1 4415 4747 460
8386 2 2 10 1 296 5509 3756
8387 2 2 10 1 2024 4769 2022
8388 2 2 10 1 1569 4592 1483
8389 2 2 10 1 3341 5304 517
8390 2 2 10 1 2547 4596 2545
8391 2 2 10 1 3632 4837 1150
8392 2 2 10 1 2806 4871 3938
8393 2 2 10 1 478 5306 4186
8394 2 2 10 1 1592 4763 1367
8395 2 2 10 1 3933 4893 2743
8396 2 2 10 1 3873 5088 3755
8397 2 2 10 1 2812 4873 3628
8398 2 2 10 1 2498 4661 4422
8399 2 2 10 1 1126 4797 4782
8400 2 2 10 1 2797 4790 3288
8401 2 2 10 1 3671 4983 1728
8402 2 2 10 1 3628 4871 3627
8403 2 2 10 1 4834 4859 2783
8404 2 2 10 1 3586 4786 4777
8405 2 2 10 1 1621 4766 1097
8406 2 2 10 1 1099 4766 1145
8407 2 2 10 1 3282 4819 2753
8408 2 2 10 1 4015 4603 4018
8409 2 2 10 1 3600 4873 3599
8410 2 2 10 1 496 5408 4171
8411 2 2 10 1 312 4595 311
8412 2 2 10 1 3695 4877 3694
8413 2 2 10 1 2601 4646 3658
8414 2 2 10 1 4447 4569 1170
8415 2 2 10 1 1207 4770 1019
8416 2 2 10 1 3691 4628 2601
8417 2 2 10 1 3846 4999 3698
8418 2 2 10 1 1363 4772 1589
8419 2 2 10 1 1413 4773 1564
8420 2 2 10 1 2712 4597 2710
8421 2 2 10 1 122 4793 121
8422 2 2 10 1 506 5043 4169
8423 2 2 10 1 3841 4854 3842
8424 2 2 10 1 3619 4895 3620
8425 2 2 10 1 3576 4895 2813
8426 2 2 10 1 3573 4874 3574
8427 2 2 10 1 1345 4599 1343
8428 2 2 10 1 3844 4898 2821
8429 2 2 10 1 939 4600 941
8430 2 2 10 1 311 4595 4572
8431 2 2 10 1 3996 4878 1189
8432 2 2 10 1 4027 4852 4026
8433 2 2 10 1 2826 4868 3956
8434 2 2 10 1 3472 4898 3473
8435 2 2 10 1 5150 5162 378
8436 2 2 10 1 4775 5234 93
8437 2 2 10 1 1815 4598 1671
8438 2 2 10 1 4587 5518 433
8439 2 2 10 1 4577 4610 1770
8440 2 2 10 1 5130 5151 4310
8441 2 2 10 1 941 4600 4586
8442 2 2 10 1 243 4602 4571
8443 2 2 10 1 1730 4993 4991
8444 2 2 10 1 4921 4938 1565
8445 2 2 10 1 3647 4614 3650
8446 2 2 10 1 3961 5530 3296
8447 2 2 10 1 3874 4609 4104
8448 2 2 10 1 244 4602 243
8449 2 2 10 1 3965 5421 3272
8450 2 2 10 1 1649 4783 1417
8451 2 2 10 1 2869 4601 2319
8452 2 2 10 1 4573 4622 2141
8453 2 2 10 1 2553 4606 2551
8454 2 2 10 1 40 4805 39
8455 2 2 10 1 1403 4608 4584
8456 2 2 10 1 4061 5009 4060
8457 2 2 10 1 4423 4590 4108
8458 2 2 10 1 1359 4784 1626
8459 2 2 10 1 1589 4784 1361
8460 2 2 10 1 1405 4608 1403
8461 2 2 10 1 3930 4908 2650
8462 2 2 10 1 3603 4903 3602
8463 2 2 10 1 4670 4770 4020
8464 2 2 10 1 452 5402 5396
8465 2 2 10 1 4817 4834 3514
8466 2 2 10 1 2757 4761 3564
8467 2 2 10 1 2661 4611 2659
8468 2 2 10 1 97 4809 96
8469 2 2 10 1 125 5141 4753
8470 2 2 10 1 3882 5355 4931
8471 2 2 10 1 4122 4932 2788
8472 2 2 10 1 2958 4624 2781
8473 2 2 10 1 1111 4615 4588
8474 2 2 10 1 2715 4612 2712
8475 2 2 10 1 1095 4787 1621
8476 2 2 10 1 3827 4730 4613
8477 2 2 10 1 2875 5151 5130
8478 2 2 10 1 4409 4774 2963
8479 2 2 10 1 3938 4872 3937
8480 2 2 10 1 2341 4788 1986
8481 2 2 10 1 3613 5083 4968
8482 2 2 10 1 667 4618 669
8483 2 2 10 1 2843 5323 4491
8484 2 2 10 1 4521 4590 4423
8485 2 2 10 1 1109 4615 1111
8486 2 2 10 1 356 4725 372
8487 2 2 10 1 512 4725 357
8488 2 2 10 1 462 4726 343
8489 2 2 10 1 3142 4801 3144
8490 2 2 10 1 3924 4944 3925
8491 2 2 10 1 3389 5010 1733
8492 2 2 10 1 1930 4802 1928
8493 2 2 10 1 419 4901 4218
8494 2 2 10 1 3956 4884 3955
8495 2 2 10 1 791 4619 793
8496 2 2 10 1 533 4845 1226
8497 2 2 10 1 4177 4605 473
8498 2 2 10 1 3934 4893 4888
8499 2 2 10 1 3564 4748 2750
8500 2 2 10 1 1499 4807 1497
8501 2 2 10 1 129 4604 378
8502 2 2 10 1 2176 4806 2174
8503 2 2 10 1 2131 4796 2802
8504 2 2 10 1 2785 4796 2133
8505 2 2 10 1 4099 4830 4797
8506 2 2 10 1 2712 4612 4597
8507 2 2 10 1 3163 4808 3165
8508 2 2 10 1 4542 4613 2503
8509 2 2 10 1 2928 5245 3554
8510 2 2 10 1 349 4742 510
8511 2 2 10 1 417 4742 350
8512 2 2 10 1 1907 4617 2090
8513 2 2 10 1 1613 5200 3463
8514 2 2 10 1 3244 5395 4414
8515 2 2 10 1 5169 5192 1755
8516 2 2 10 1 1774 4818 1744
8517 2 2 10 1 3515 4915 3516
8518 2 2 10 1 4274 5175 4939
8519 2 2 10 1 3607 4985 3606
8520 2 2 10 1 1495 4813 1493
8521 2 2 10 1 1175 4800 1091
8522 2 2 10 1 3241 5411 4567
8523 2 2 10 1 4197 5248 391
8524 2 2 10 1 4592 4921 1481
8525 2 2 10 1 176 4811 175
8526 2 2 10 1 3342 5404 477
8527 2 2 10 1 2072 4816 2070
8528 2 2 10 1 2659 4620 2657
8529 2 2 10 1 1295 4917 3695
8530 2 2 10 1 1511 5027 4658
8531 2 2 10 1 3849 5066 3741
8532 2 2 10 1 2141 4622 2139
8533 2 2 10 1 4020 4704 4670
8534 2 2 10 1 4218 4901 3767
8535 2 2 10 1 2793 4901 3251
8536 2 2 10 1 1696 4920 4886
8537 2 2 10 1 1383 4621 1381
8538 2 2 10 1 248 4799 407
8539 2 2 10 1 1158 4903 4027
8540 2 2 10 1 3473 4928 2867
8541 2 2 10 1 2856 4942 4546
8542 2 2 10 1 3697 4917 3696
8543 2 2 10 1 3823 5456 3792
8544 2 2 10 1 2745 4918 3959
8545 2 2 10 1 2933 5337 4313
8546 2 2 10 1 3351 4790 4243
8547 2 2 10 1 3928 4938 3929
8548 2 2 10 1 3521 4928 3522
8549 2 2 10 1 3944 4633 3946
8550 2 2 10 1 4190 5162 5154
8551 2 2 10 1 1770 4625 1247
8552 2 2 10 1 735 4627 737
8553 2 2 10 1 3658 4654 2744
8554 2 2 10 1 4177 4623 4605
8555 2 2 10 1 4267 4613 1847
8556 2 2 10 1 3525 5011 3526
8557 2 2 10 1 4611 4620 2659
8558 2 2 10 1 3047 4825 3050
8559 2 2 10 1 1197 4630 1121
8560 2 2 10 1 1419 4812 1649
8561 2 2 10 1 1563 4812 1421
8562 2 2 10 1 4497 4661 2498
8563 2 2 10 1 1895 4638 4616
8564 2 2 10 1 3621 4916 3622
8565 2 2 10 1 3322 5439 3323
8566 2 2 10 1 1895 4616 4263
8567 2 2 10 1 1982 4815 2327
8568 2 2 10 1 3518 5287 1605
8569 2 2 10 1 3516 4940 2814
8570 2 2 10 1 2182 4835 2180
8571 2 2 10 1 278 4849 277
8572 2 2 10 1 896 4892 537
8573 2 2 10 1 3596 4641 3597
8574 2 2 10 1 2878 4933 3895
8575 2 2 10 1 935 4629 937
8576 2 2 10 1 3541 4940 3542
8577 2 2 10 1 1196 4929 3516
8578 2 2 10 1 383 4623 4177
8579 2 2 10 1 2719 4632 2717
8580 2 2 10 1 2162 4645 4216
8581 2 2 10 1 3656 4933 3655
8582 2 2 10 1 2567 4631 2555
8583 2 2 10 1 4771 5490 10
8584 2 2 10 1 100 4856 99
8585 2 2 10 1 1623 4826 1087
8586 2 2 10 1 1089 4826 1175
8587 2 2 10 1 3803 5048 3635
8588 2 2 10 1 1746 5158 3746
8589 2 2 10 1 795 4635 797
8590 2 2 10 1 3904 4637 3906
8591 2 2 10 1 3569 5030 3570
8592 2 2 10 1 366 4774 4409
8593 2 2 10 1 460 4774 367
8594 2 2 10 1 3834 4653 3835
8595 2 2 10 1 4879 4951 1702
8596 2 2 10 1 3589 4640 3590
8597 2 2 10 1 1696 4907 1404
8598 2 2 10 1 502 4821 250
8599 2 2 10 1 1749 4853 1748
8600 2 2 10 1 2815 4943 3923
8601 2 2 10 1 3923 4953 1568
8602 2 2 10 1 4171 5402 452
8603 2 2 10 1 4327 5134 5114
8604 2 2 10 1 453 4828 334
8605 2 2 10 1 3609 4943 3608
8606 2 2 10 1 174 4626 173
8607 2 2 10 1 1400 4910 1402
8608 2 2 10 1 2847 4952 3908
8609 2 2 10 1 3708 5223 3710
8610 2 2 10 1 422 5385 3362
8611 2 2 10 1 1381 4634 1379
8612 2 2 10 1 525 4843 4392
8613 2 2 10 1 3582 4666 2782
8614 2 2 10 1 1150 4837 1041
8615 2 2 10 1 1043 4837 1632
8616 2 2 10 1 3637 4952 3636
8617 2 2 10 1 4498 4672 2482
8618 2 2 10 1 3744 5136 1746
8619 2 2 10 1 2879 4927 3656
8620 2 2 10 1 332 4833 430
8621 2 2 10 1 1151 4842 1083
8622 2 2 10 1 1085 4842 1623
8623 2 2 10 1 4167 4915 2804
8624 2 2 10 1 3542 4969 2823
8625 2 2 10 1 4621 4634 1381
8626 2 2 10 1 345 4824 344
8627 2 2 10 1 3301 4798 3364
8628 2 2 10 1 325 4836 470
8629 2 2 10 1 2905 4610 4577
8630 2 2 10 1 1423 4846 1563
8631 2 2 10 1 4625 4647 835
8632 2 2 10 1 3550 4969 3551
8633 2 2 10 1 430 4838 331
8634 2 2 10 1 330 4838 469
8635 2 2 10 1 414 4839 327
8636 2 2 10 1 469 4840 329
8637 2 2 10 1 328 4840 414
8638 2 2 10 1 3372 5207 373
8639 2 2 10 1 1961 4648 1963
8640 2 2 10 1 1691 4926 1398
8641 2 2 10 1 3671 4991 4983
8642 2 2 10 1 3563 5098 3789
8643 2 2 10 1 117 4876 116
8644 2 2 10 1 489 4803 4210
8645 2 2 10 1 2570 4639 2567
8646 2 2 10 1 1493 4861 1491
8647 2 2 10 1 5441 5450 3058
8648 2 2 10 1 4216 4645 3469
8649 2 2 10 1 529 4643 526
8650 2 2 10 1 4087 4934 2852
8651 2 2 10 1 1349 4642 1347
8652 2 2 10 1 351 4789 417
8653 2 2 10 1 3380 4945 2532
8654 2 2 10 1 2655 4644 2653
8655 2 2 10 1 673 4651 675
8656 2 2 10 1 1868 4912 2370
8657 2 2 10 1 1632 4851 1045
8658 2 2 10 1 1047 4851 1205
8659 2 2 10 1 2575 4652 2573
8660 2 2 10 1 2904 4936 2795
8661 2 2 10 1 536 4870 540
8662 2 2 10 1 1625 4855 1079
8663 2 2 10 1 1081 4855 1151
8664 2 2 10 1 2127 4857 2818
8665 2 2 10 1 2802 4857 2129
8666 2 2 10 1 2567 4639 4631
8667 2 2 10 1 3551 4990 2858
8668 2 2 10 1 1992 4649 1990
8669 2 2 10 1 4730 4782 2760
8670 2 2 10 1 3723 5067 3724
8671 2 2 10 1 799 4655 801
8672 2 2 10 1 2731 4981 3967
8673 2 2 10 1 1652 4860 1427
8674 2 2 10 1 3477 4680 2751
8675 2 2 10 1 3969 5316 3240
8676 2 2 10 1 1896 4638 1895
8677 2 2 10 1 2723 4650 2721
8678 2 2 10 1 3565 4990 3566
8679 2 2 10 1 3931 4906 3932
8680 2 2 10 1 3152 4879 3154
8681 2 2 10 1 1726 4948 1392
8682 2 2 10 1 2193 4880 2191
8683 2 2 10 1 4202 5054 506
8684 2 2 10 1 4061 5005 456
8685 2 2 10 1 3559 4682 2780
8686 2 2 10 1 3156 4886 3158
8687 2 2 10 1 1205 4864 1049
8688 2 2 10 1 3923 4944 3922
8689 2 2 10 1 425 5174 3794
8690 2 2 10 1 3057 5032 3233
8691 2 2 10 1 1394 4935 1396
8692 2 2 10 1 1077 4866 1625
8693 2 2 10 1 1053 4867 1206
8694 2 2 10 1 3895 4950 3894
8695 2 2 10 1 931 4656 933
8696 2 2 10 1 2653 4657 2651
8697 2 2 10 1 488 4646 4213
8698 2 2 10 1 611 4942 613
8699 2 2 10 1 729 4662 731
8700 2 2 10 1 468 5154 5145
8701 2 2 10 1 1692 4967 1338
8702 2 2 10 1 1340 4967 1695
8703 2 2 10 1 3997 5550 3669
8704 2 2 10 1 378 5162 4190
8705 2 2 10 1 3605 4985 3604
8706 2 2 10 1 504 5281 5265
8707 2 2 10 1 1154 4875 1073
8708 2 2 10 1 3908 4964 3907
8709 2 2 10 1 3983 4674 3982
8710 2 2 10 1 1509 4658 1581
8711 2 2 10 1 1206 4881 1055
8712 2 2 10 1 1057 4881 1630
8713 2 2 10 1 2744 4727 2774
8714 2 2 10 1 1627 4883 1069
8715 2 2 10 1 1071 4883 1154
8716 2 2 10 1 3976 5016 1368
8717 2 2 10 1 5158 5169 3746
8718 2 2 10 1 4613 4730 1847
8719 2 2 10 1 1501 4897 1499
8720 2 2 10 1 4071 4702 2980
8721 2 2 10 1 4644 4657 2653
8722 2 2 10 1 1067 4887 1627
8723 2 2 10 1 1630 4889 1059
8724 2 2 10 1 1061 4889 1167
8725 2 2 10 1 488 4654 4646
8726 2 2 10 1 3552 4704 2735
8727 2 2 10 1 1167 4890 1063
8728 2 2 10 1 1978 4891 2808
8729 2 2 10 1 1695 4977 1342
8730 2 2 10 1 1344 4977 1699
8731 2 2 10 1 2971 5524 5514
8732 2 2 10 1 2327 4891 1980
8733 2 2 10 1 2946 5004 2407
8734 2 2 10 1 2334 5244 5161
8735 2 2 10 1 897 4663 899
8736 2 2 10 1 803 4668 805
8737 2 2 10 1 251 4885 502
8738 2 2 10 1 382 4885 252
8739 2 2 10 1 4192 4654 488
8740 2 2 10 1 3041 4899 3043
8741 2 2 10 1 507 5535 4626
8742 2 2 10 1 3547 4695 2773
8743 2 2 10 1 1728 4980 3690
8744 2 2 10 1 2757 4777 4761
8745 2 2 10 1 3417 4669 2769
8746 2 2 10 1 3523 5011 3524
8747 2 2 10 1 2581 4664 2579
8748 2 2 10 1 4792 4817 2767
8749 2 2 10 1 677 4671 679
8750 2 2 10 1 1429 4894 1652
8751 2 2 10 1 1566 4894 1431
8752 2 2 10 1 1733 5018 3389
8753 2 2 10 1 1165 5033 3607
8754 2 2 10 1 2727 4665 2725
8755 2 2 10 1 3579 5033 3578
8756 2 2 10 1 4405 4870 534
8757 2 2 10 1 3570 5035 2894
8758 2 2 10 1 1699 4987 1346
8759 2 2 10 1 929 4667 931
8760 2 2 10 1 1348 4987 1703
8761 2 2 10 1 3629 5035 3630
8762 2 2 10 1 114 4914 113
8763 2 2 10 1 1487 4904 1485
8764 2 2 10 1 412 4659 89
8765 2 2 10 1 18 4660 485
8766 2 2 10 1 3630 5048 2903
8767 2 2 10 1 3367 5427 1711
8768 2 2 10 1 1601 4995 4118
8769 2 2 10 1 1703 4992 1350
8770 2 2 10 1 1352 4992 1707
8771 2 2 10 1 1639 4900 4167
8772 2 2 10 1 4422 4661 1602
8773 2 2 10 1 1691 4946 4808
8774 2 2 10 1 931 4667 4656
8775 2 2 10 1 529 4718 4643
8776 2 2 10 1 3492 4705 2762
8777 2 2 10 1 1023 4670 1201
8778 2 2 10 1 1377 4673 1375
8779 2 2 10 1 45 5394 4696
8780 2 2 10 1 1707 4998 1354
8781 2 2 10 1 1356 4998 1710
8782 2 2 10 1 1690 5403 4899
8783 2 2 10 1 1196 4900 1003
8784 2 2 10 1 1005 4900 1639
8785 2 2 10 1 3567 5030 3568
8786 2 2 10 1 1433 4902 1566
8787 2 2 10 1 3459 5128 1585
8788 2 2 10 1 4646 4654 3658
8789 2 2 10 1 4479 5470 509
8790 2 2 10 1 1710 5006 1358
8791 2 2 10 1 1360 5006 1724
8792 2 2 10 1 1105 4675 1107
8793 2 2 10 1 3058 5450 3060
8794 2 2 10 1 1733 5010 1372
8795 2 2 10 1 1374 5010 1659
8796 2 2 10 1 1724 5014 1362
8797 2 2 10 1 1364 5014 1675
8798 2 2 10 1 3690 4972 1726
8799 2 2 10 1 1370 5016 1733
8800 2 2 10 1 2648 4676 2646
8801 2 2 10 1 2123 4905 2864
8802 2 2 10 1 2818 4905 2125
8803 2 2 10 1 4214 4973 4968
8804 2 2 10 1 2958 5422 4624
8805 2 2 10 1 3564 4761 4748
8806 2 2 10 1 3318 4647 4625
8807 2 2 10 1 3634 5053 3633
8808 2 2 10 1 2756 4689 3555
8809 2 2 10 1 1409 4677 1407
8810 2 2 10 1 1418 5020 1697
8811 2 2 10 1 3725 4999 3845
8812 2 2 10 1 2732 4678 2729
8813 2 2 10 1 358 4848 512
8814 2 2 10 1 2774 4776 2776
8815 2 2 10 1 1353 4679 1351
8816 2 2 10 1 2597 4688 2595
8817 2 2 10 1 107 4930 106
8818 2 2 10 1 281 4931 280
8819 2 2 10 1 5349 5368 2565
8820 2 2 10 1 1570 4911 1437
8821 2 2 10 1 2968 5524 2971
8822 2 2 10 1 2750 4706 3552
8823 2 2 10 1 4649 4693 1990
8824 2 2 10 1 723 4690 725
8825 2 2 10 1 1583 5276 3535
8826 2 2 10 1 4659 5291 88
8827 2 2 10 1 2809 5009 2946
8828 2 2 10 1 2587 4683 2583
8829 2 2 10 1 3265 4684 2732
8830 2 2 10 1 1207 4780 4770
8831 2 2 10 1 3462 5178 3463
8832 2 2 10 1 2646 4685 2644
8833 2 2 10 1 3320 5481 1157
8834 2 2 10 1 3362 5392 422
8835 2 2 10 1 481 4913 254
8836 2 2 10 1 253 4913 382
8837 2 2 10 1 925 4687 927
8838 2 2 10 1 339 4686 338
8839 2 2 10 1 3324 5007 3322
8840 2 2 10 1 203 4954 202
8841 2 2 10 1 683 4698 685
8842 2 2 10 1 3160 4920 3168
8843 2 2 10 1 4058 5046 4056
8844 2 2 10 1 3967 5042 3966
8845 2 2 10 1 1479 4921 1565
8846 2 2 10 1 3812 5146 2901
8847 2 2 10 1 415 5083 4202
8848 2 2 10 1 3721 5067 3722
8849 2 2 10 1 1439 4923 1570
8850 2 2 10 1 4282 5147 4880
8851 2 2 10 1 5136 5158 1746
8852 2 2 10 1 111 4960 110
8853 2 2 10 1 4676 4685 2646
8854 2 2 10 1 2808 4924 1976
8855 2 2 10 1 4190 5154 468
8856 2 2 10 1 2732 4684 4678
8857 2 2 10 1 2589 4691 2587
8858 2 2 10 1 1728 4983 4980
8859 2 2 10 1 373 5212 3372
8860 2 2 10 1 4079 5437 400
8861 2 2 10 1 2211 4939 2209
8862 2 2 10 1 3400 5460 3398
8863 2 2 10 1 1578 4925 1443
8864 2 2 10 1 1990 4693 1988
8865 2 2 10 1 4601 5517 4150
8866 2 2 10 1 246 4694 245
8867 2 2 10 1 3051 5058 3232
8868 2 2 10 1 1641 4929 999
8869 2 2 10 1 1001 4929 1196
8870 2 2 10 1 3235 5061 3065
8871 2 2 10 1 903 4697 905
8872 2 2 10 1 474 5373 3381
8873 2 2 10 1 2907 5097 3778
8874 2 2 10 1 130 5173 4604
8875 2 2 10 1 4065 5218 4063
8876 2 2 10 1 4192 4727 4654
8877 2 2 10 1 901 4699 903
8878 2 2 10 1 3246 5470 4479
8879 2 2 10 1 2367 5543 4506
8880 2 2 10 1 504 5265 4197
8881 2 2 10 1 3812 5107 1289
8882 2 2 10 1 3740 5097 3739
8883 2 2 10 1 1424 5064 1729
8884 2 2 10 1 1445 4937 1578
8885 2 2 10 1 1650 4937 1447
8886 2 2 10 1 3328 5218 3327
8887 2 2 10 1 3719 5107 3720
8888 2 2 10 1 1736 5121 3744
8889 2 2 10 1 2587 4691 4683
8890 2 2 10 1 829 4932 4250
8891 2 2 10 1 2312 4956 2310
8892 2 2 10 1 1409 4700 4677
8893 2 2 10 1 1411 4700 1409
8894 2 2 10 1 4202 5083 5054
8895 2 2 10 1 1507 4962 1505
8896 2 2 10 1 3962 4715 3964
8897 2 2 10 1 921 4701 923
8898 2 2 10 1 1473 4941 1568
8899 2 2 10 1 3742 5099 1736
8900 2 2 10 1 2641 4703 2639
8901 2 2 10 1 1569 4908 4592
8902 2 2 10 1 4450 5004 2946
8903 2 2 10 1 3819 5257 3807
8904 2 2 10 1 717 4710 719
8905 2 2 10 1 3941 4720 3943
8906 2 2 10 1 2864 4947 2121
8907 2 2 10 1 3044 5071 3049
8908 2 2 10 1 3167 4946 3173
8909 2 2 10 1 3099 5263 3097
8910 2 2 10 1 1449 4949 1650
8911 2 2 10 1 1575 4949 1451
8912 2 2 10 1 3240 5332 3969
8913 2 2 10 1 3527 5066 3848
8914 2 2 10 1 3458 5128 3459
8915 2 2 10 1 1469 4953 1640
8916 2 2 10 1 1568 4953 1471
8917 2 2 10 1 44 4696 394
8918 2 2 10 1 3581 5098 3580
8919 2 2 10 1 4604 5150 378
8920 2 2 10 1 1453 4958 1575
8921 2 2 10 1 1972 4957 2158
8922 2 2 10 1 3585 5219 2911
8923 2 2 10 1 1463 4959 1572
8924 2 2 10 1 2602 4707 2592
8925 2 2 10 1 4033 5300 2353
8926 2 2 10 1 2639 4708 2637
8927 2 2 10 1 1640 4961 1467
8928 2 2 10 1 3486 5261 3487
8929 2 2 10 1 689 4723 691
8930 2 2 10 1 903 4699 4697
8931 2 2 10 1 1644 4963 1457
8932 2 2 10 1 3146 4975 3148
8933 2 2 10 1 4654 4727 2744
8934 2 2 10 1 2909 5135 3794
8935 2 2 10 1 1194 4965 995
8936 2 2 10 1 997 4965 1641
8937 2 2 10 1 4592 4908 3930
8938 2 2 10 1 3419 5203 465
8939 2 2 10 1 1373 4709 1371
8940 2 2 10 1 2306 4976 2304
8941 2 2 10 1 1459 4966 1644
8942 2 2 10 1 1572 4966 1461
8943 2 2 10 1 255 4955 481
8944 2 2 10 1 3778 5135 3777
8945 2 2 10 1 913 4713 915
8946 2 2 10 1 917 4714 919
8947 2 2 10 1 112 4996 111
8948 2 2 10 1 3382 4762 872
8949 2 2 10 1 1540 5299 1708
8950 2 2 10 1 531 4718 529
8951 2 2 10 1 3726 5146 3812
8952 2 2 10 1 1726 4972 4743
8953 2 2 10 1 907 4716 909
8954 2 2 10 1 3910 4738 3913
8955 2 2 10 1 3930 4921 4592
8956 2 2 10 1 1185 5301 3513
8957 2 2 10 1 3714 5152 3712
8958 2 2 10 1 2605 4719 2602
8959 2 2 10 1 3558 5157 1307
8960 2 2 10 1 4442 4941 1475
8961 2 2 10 1 1101 4721 1103
8962 2 2 10 1 3228 4974 3260
8963 2 2 10 1 3254 4974 3226
8964 2 2 10 1 1207 4792 4780
8965 2 2 10 1 911 4724 913
8966 2 2 10 1 2221 4989 2219
8967 2 2 10 1 2117 4978 2152
8968 2 2 10 1 3033 5091 3036
8969 2 2 10 1 4703 4708 2639
8970 2 2 10 1 1573 4722 1489
8971 2 2 10 1 693 4736 695
8972 2 2 10 1 3561 5157 3562
8973 2 2 10 1 711 4737 713
8974 2 2 10 1 4727 4776 2774
8975 2 2 10 1 3709 5231 3974
8976 2 2 10 1 1761 5296 3409
8977 2 2 10 1 3794 5164 425
8978 2 2 10 1 5071 5072 449
8979 2 2 10 1 3879 5328 4849
8980 2 2 10 1 4081 5516 1257
8981 2 2 10 1 3794 5174 3793
8982 2 2 10 1 2635 4732 2633
8983 2 2 10 1 515 4711 189
8984 2 2 10 1 516 4712 6
8985 2 2 10 1 806 4717 804
8986 2 2 10 1 3366 4798 3301
8987 2 2 10 1 1642 4984 991
8988 2 2 10 1 993 4984 1194
8989 2 2 10 1 3224 4986 3254
8990 2 2 10 1 3264 4986 3222
8991 2 2 10 1 2734 4747 2973
8992 2 2 10 1 1201 4706 4376
8993 2 2 10 1 4033 5251 1308
8994 2 2 10 1 3463 5198 2922
8995 2 2 10 1 337 4731 336
8996 2 2 10 1 4312 5132 4835
8997 2 2 10 1 3669 5550 2068
8998 2 2 10 1 2602 4719 4707
8999 2 2 10 1 3029 5003 3032
9000 2 2 10 1 4704 4706 1201
9001 2 2 10 1 697 4744 699
9002 2 2 10 1 707 4745 709
9003 2 2 10 1 409 4979 257
9004 2 2 10 1 3026 5117 3031
9005 2 2 10 1 1257 5503 3821
9006 2 2 10 1 3475 5198 3476
9007 2 2 10 1 1371 4734 1369
9008 2 2 10 1 1711 5433 3367
9009 2 2 10 1 2883 4672 4498
9010 2 2 10 1 3958 4971 3960
9011 2 2 10 1 3238 5120 3079
9012 2 2 10 1 3889 5250 3890
9013 2 2 10 1 913 4724 4713
9014 2 2 10 1 2764 4754 3544
9015 2 2 10 1 2609 4739 2607
9016 2 2 10 1 201 4982 463
9017 2 2 10 1 2633 4740 2631
9018 2 2 10 1 701 4751 703
9019 2 2 10 1 336 4735 335
9020 2 2 10 1 3476 5227 2938
9021 2 2 10 1 3056 5441 3058
9022 2 2 10 1 3220 4994 3264
9023 2 2 10 1 3286 4994 3218
9024 2 2 10 1 3554 5208 1176
9025 2 2 10 1 3263 5470 3866
9026 2 2 10 1 2137 4741 2135
9027 2 2 10 1 172 5007 171
9028 2 2 10 1 357 4725 356
9029 2 2 10 1 343 4726 342
9030 2 2 10 1 5539 5563 3590
9031 2 2 10 1 2739 4755 2737
9032 2 2 10 1 2380 5527 4081
9033 2 2 10 1 4176 5303 5281
9034 2 2 10 1 2895 5137 3289
9035 2 2 10 1 4709 4734 1371
9036 2 2 10 1 284 5038 283
9037 2 2 10 1 4032 5300 4033
9038 2 2 10 1 106 5039 105
9039 2 2 10 1 115 5040 114
9040 2 2 10 1 3481 5227 3482
9041 2 2 10 1 3886 5277 3887
9042 2 2 10 1 3557 5208 3558
9043 2 2 10 1 3460 5178 3461
9044 2 2 10 1 3216 5001 3286
9045 2 2 10 1 3309 5001 3214
9046 2 2 10 1 3482 5242 2944
9047 2 2 10 1 4064 5216 4065
9048 2 2 10 1 421 4727 4192
9049 2 2 10 1 3880 5293 3881
9050 2 2 10 1 989 5008 1642
9051 2 2 10 1 3935 4888 3936
9052 2 2 10 1 383 4628 4623
9053 2 2 10 1 3877 5302 3878
9054 2 2 10 1 3173 4743 3170
9055 2 2 10 1 4313 5349 2565
9056 2 2 10 1 246 4749 4694
9057 2 2 10 1 3212 5013 3309
9058 2 2 10 1 3333 5216 2934
9059 2 2 10 1 3319 5013 3210
9060 2 2 10 1 3484 5242 3485
9061 2 2 10 1 2613 4750 2611
9062 2 2 10 1 2628 4752 2626
9063 2 2 10 1 3193 5015 3389
9064 2 2 10 1 3031 5145 3024
9065 2 2 10 1 4367 5106 5104
9066 2 2 10 1 3015 5150 3020
9067 2 2 10 1 247 4749 246
9068 2 2 10 1 5121 5136 3744
9069 2 2 10 1 3208 5017 3319
9070 2 2 10 1 3330 5017 3206
9071 2 2 10 1 3389 5018 3195
9072 2 2 10 1 3197 5018 3204
9073 2 2 10 1 952 5153 1188
9074 2 2 10 1 3690 4980 4972
9075 2 2 10 1 4732 4740 2633
9076 2 2 10 1 456 5005 191
9077 2 2 10 1 190 5005 515
9078 2 2 10 1 3203 5019 3330
9079 2 2 10 1 3237 5155 3085
9080 2 2 10 1 3855 5497 4836
9081 2 2 10 1 1968 5023 2891
9082 2 2 10 1 2158 5023 1970
9083 2 2 10 1 3204 5022 3199
9084 2 2 10 1 1847 4730 4404
9085 2 2 10 1 2976 5026 2820
9086 2 2 10 1 2624 4756 2622
9087 2 2 10 1 3097 5253 3095
9088 2 2 10 1 1187 5025 985
9089 2 2 10 1 1355 5024 1786
9090 2 2 10 1 1626 5024 1357
9091 2 2 10 1 350 4742 349
9092 2 2 10 1 2617 4757 2615
9093 2 2 10 1 3000 5036 3002
9094 2 2 10 1 4506 5543 3245
9095 2 2 10 1 2622 4758 2620
9096 2 2 10 1 4329 5124 4806
9097 2 2 10 1 4546 4942 611
9098 2 2 10 1 3925 4941 4442
9099 2 2 10 1 3553 5251 3554
9100 2 2 10 1 4626 5535 3774
9101 2 2 10 1 2942 5264 3518
9102 2 2 10 1 3008 5172 3013
9103 2 2 10 1 3791 5552 3790
9104 2 2 10 1 192 5021 456
9105 2 2 10 1 3267 5271 3269
9106 2 2 10 1 2061 5044 2058
9107 2 2 10 1 2940 5272 3535
9108 2 2 10 1 1622 5027 1513
9109 2 2 10 1 3140 5045 3142
9110 2 2 10 1 3806 5288 3805
9111 2 2 10 1 2152 5029 2115
9112 2 2 10 1 3020 5177 3012
9113 2 2 10 1 4922 4938 3928
9114 2 2 10 1 4623 4628 3691
9115 2 2 10 1 3496 5264 3495
9116 2 2 10 1 1162 5181 962
9117 2 2 10 1 162 5037 161
9118 2 2 10 1 3518 5272 3517
9119 2 2 10 1 3535 5276 3534
9120 2 2 10 1 4731 4735 336
9121 2 2 10 1 3879 5308 2777
9122 2 2 10 1 3001 5188 3006
9123 2 2 10 1 3013 5190 3005
9124 2 2 10 1 5362 5382 394
9125 2 2 10 1 5112 5171 2800
9126 2 2 10 1 3951 4865 4807
9127 2 2 10 1 854 5528 4080
9128 2 2 10 1 3821 5459 4503
9129 2 2 10 1 258 5028 409
9130 2 2 10 1 124 4753 405
9131 2 2 10 1 118 5068 117
9132 2 2 10 1 3236 5193 3091
9133 2 2 10 1 4022 4764 4025
9134 2 2 10 1 3006 5203 2999
9135 2 2 10 1 2997 5203 3419
9136 2 2 10 1 1645 5041 981
9137 2 2 10 1 983 5041 1187
9138 2 2 10 1 4416 4729 159
9139 2 2 10 1 3974 5237 3973
9140 2 2 10 1 3700 5161 3703
9141 2 2 10 1 3419 5207 2995
9142 2 2 10 1 2993 5207 3372
9143 2 2 10 1 3046 5072 5071
9144 2 2 10 1 3552 4706 4704
9145 2 2 10 1 1694 5431 4825
9146 2 2 10 1 2945 5261 3496
9147 2 2 10 1 4376 4748 1637
9148 2 2 10 1 3372 5210 2991
9149 2 2 10 1 2989 5210 4067
9150 2 2 10 1 2235 5059 2233
9151 2 2 10 1 2987 5215 2937
9152 2 2 10 1 3882 5336 2803
9153 2 2 10 1 1218 5049 977
9154 2 2 10 1 979 5049 1645
9155 2 2 10 1 4756 4758 2622
9156 2 2 10 1 1257 5516 5503
9157 2 2 10 1 2750 4748 4706
9158 2 2 10 1 1503 4759 1582
9159 2 2 10 1 2935 5215 3333
9160 2 2 10 1 4658 5027 3967
9161 2 2 10 1 2111 5055 2320
9162 2 2 10 1 451 5047 260
9163 2 2 10 1 133 5187 4528
9164 2 2 10 1 1585 5143 3459
9165 2 2 10 1 975 5057 1218
9166 2 2 10 1 3688 4767 1174
9167 2 2 10 1 3888 5365 2848
9168 2 2 10 1 3249 4760 3054
9169 2 2 10 1 2880 5228 2956
9170 2 2 10 1 2932 5262 3862
9171 2 2 10 1 3381 5379 474
9172 2 2 10 1 1217 5062 971
9173 2 2 10 1 2265 5069 2263
9174 2 2 10 1 3306 5257 2949
9175 2 2 10 1 4053 4768 4058
9176 2 2 10 1 2947 5288 3341
9177 2 2 10 1 163 5065 162
9178 2 2 10 1 2891 5063 1966
9179 2 2 10 1 4765 5086 1729
9180 2 2 10 1 4805 5367 3247
9181 2 2 10 1 4706 4748 4376
9182 2 2 10 1 1367 4763 1365
9183 2 2 10 1 5453 5455 4374
9184 2 2 10 1 3234 5254 3101
9185 2 2 10 1 3891 5399 2897
9186 2 2 10 1 3771 5535 3772
9187 2 2 10 1 3295 5285 2953
9188 2 2 10 1 4334 5195 820
9189 2 2 10 1 376 5361 4075
9190 2 2 10 1 2259 5075 2257
9191 2 2 10 1 3138 4765 3179
9192 2 2 10 1 3007 5077 3009
9193 2 2 10 1 5231 5237 3974
9194 2 2 10 1 2241 5078 2239
9195 2 2 10 1 4081 5527 5516
9196 2 2 10 1 3095 5240 3093
9197 2 2 10 1 3961 5390 1472
9198 2 2 10 1 4748 4761 1637
9199 2 2 10 1 4198 5382 5376
9200 2 2 10 1 3838 4781 3839
9201 2 2 10 1 421 4776 4727
9202 2 2 10 1 2901 5138 3812
9203 2 2 10 1 4722 4893 3933
9204 2 2 10 1 3535 5292 1583
9205 2 2 10 1 3169 5432 4139
9206 2 2 10 1 3965 5412 1478
9207 2 2 10 1 1097 4766 1099
9208 2 2 10 1 3339 5551 3338
9209 2 2 10 1 4450 5021 193
9210 2 2 10 1 1781 5297 1536
9211 2 2 10 1 1164 5321 4031
9212 2 2 10 1 4076 5405 3139
9213 2 2 10 1 1767 5296 1450
9214 2 2 10 1 1452 5296 1761
9215 2 2 10 1 2900 5235 5226
9216 2 2 10 1 3103 5298 3234
9217 2 2 10 1 5099 5121 1736
9218 2 2 10 1 3344 5562 3343
9219 2 2 10 1 1729 5086 3742
9220 2 2 10 1 4139 5432 444
9221 2 2 10 1 123 5116 122
9222 2 2 10 1 3701 5270 3702
9223 2 2 10 1 1962 5079 2092
9224 2 2 10 1 261 5073 451
9225 2 2 10 1 4031 5300 4030
9226 2 2 10 1 3097 5263 5253
9227 2 2 10 1 1019 4770 1021
9228 2 2 10 1 4329 5101 871
9229 2 2 10 1 2779 4779 3528
9230 2 2 10 1 2320 5080 2109
9231 2 2 10 1 1761 5316 1454
9232 2 2 10 1 1456 5316 3969
9233 2 2 10 1 465 5206 3419
9234 2 2 10 1 287 5123 286
9235 2 2 10 1 1365 4772 1363
9236 2 2 10 1 2753 4819 3315
9237 2 2 10 1 2748 4778 2746
9238 2 2 10 1 4038 5458 4039
9239 2 2 10 1 1686 5326 1526
9240 2 2 10 1 2970 4829 3502
9241 2 2 10 1 1415 4773 1413
9242 2 2 10 1 4176 5281 504
9243 2 2 10 1 4753 5141 3031
9244 2 2 10 1 4312 5113 812
9245 2 2 10 1 4020 4780 4019
9246 2 2 10 1 1637 4761 4375
9247 2 2 10 1 99 5131 98
9248 2 2 10 1 1155 5364 4035
9249 2 2 10 1 2981 5559 2979
9250 2 2 10 1 2078 4769 2024
9251 2 2 10 1 3006 5188 4418
9252 2 2 10 1 3018 5105 3021
9253 2 2 10 1 3202 5330 3247
9254 2 2 10 1 4403 4995 1601
9255 2 2 10 1 1518 5309 1520
9256 2 2 10 1 3236 5234 4775
9257 2 2 10 1 387 5544 4070
9258 2 2 10 1 1687 5344 1460
9259 2 2 10 1 3364 4762 4492
9260 2 2 10 1 1462 5344 1756
9261 2 2 10 1 1546 5350 1725
9262 2 2 10 1 3239 5339 3119
9263 2 2 10 1 4282 5130 815
9264 2 2 10 1 1690 5352 1516
9265 2 2 10 1 4763 4772 1365
9266 2 2 10 1 2105 5090 2898
9267 2 2 10 1 395 5085 263
9268 2 2 10 1 1756 5360 1464
9269 2 2 10 1 1466 5360 3971
9270 2 2 10 1 1949 5557 2162
9271 2 2 10 1 1694 5366 1510
9272 2 2 10 1 3121 5361 3239
9273 2 2 10 1 3192 5362 3242
9274 2 2 10 1 4075 5361 3123
9275 2 2 10 1 432 4771 11
9276 2 2 10 1 1700 5384 1504
9277 2 2 10 1 1912 5122 1889
9278 2 2 10 1 3014 5126 3016
9279 2 2 10 1 3814 4863 3815
9280 2 2 10 1 3125 5373 4075
9281 2 2 10 1 3381 5373 3127
9282 2 2 10 1 1474 5390 1706
9283 2 2 10 1 4274 5159 816
9284 2 2 10 1 4035 5368 4034
9285 2 2 10 1 1512 5351 1514
9286 2 2 10 1 3129 5385 3381
9287 2 2 10 1 3362 5385 3131
9288 2 2 10 1 1552 5419 1735
9289 2 2 10 1 1709 5411 1494
9290 2 2 10 1 1480 5412 1711
9291 2 2 10 1 2985 5211 2318
9292 2 2 10 1 3409 5313 1761
9293 2 2 10 1 3200 5359 3198
9294 2 2 10 1 1711 5427 1482
9295 2 2 10 1 3242 5396 3190
9296 2 2 10 1 1484 5427 1727
9297 2 2 10 1 3133 5393 3362
9298 2 2 10 1 3342 5393 3135
9299 2 2 10 1 3400 5490 4771
9300 2 2 10 1 4280 5168 819
9301 2 2 10 1 3827 4782 4730
9302 2 2 10 1 1498 5444 1758
9303 2 2 10 1 3973 5237 5226
9304 2 2 10 1 2946 5021 4450
9305 2 2 10 1 3137 5405 3342
9306 2 2 10 1 3674 4785 3675
9307 2 2 10 1 3499 4831 3505
9308 2 2 10 1 2092 5119 1960
9309 2 2 10 1 3143 5420 3312
9310 2 2 10 1 3316 5420 3145
9311 2 2 10 1 3824 4782 3827
9312 2 2 10 1 4293 5189 869
9313 2 2 10 1 3149 5430 4070
9314 2 2 10 1 3302 5430 3151
9315 2 2 10 1 1600 5307 1214
9316 2 2 10 1 367 4774 366
9317 2 2 10 1 3162 5437 4079
9318 2 2 10 1 3258 5437 3164
9319 2 2 10 1 1747 5525 1591
9320 2 2 10 1 3155 5436 4078
9321 2 2 10 1 3275 5436 3157
9322 2 2 10 1 2172 5124 2752
9323 2 2 10 1 1506 5398 1508
9324 2 2 10 1 401 4775 94
9325 2 2 10 1 96 5182 95
9326 2 2 10 1 1940 5324 4532
9327 2 2 10 1 2052 5144 2050
9328 2 2 10 1 3967 4981 4658
9329 2 2 10 1 3095 5253 5240
9330 2 2 10 1 4210 4776 421
9331 2 2 10 1 2178 5132 2755
9332 2 2 10 1 2101 5138 2901
9333 2 2 10 1 2898 5138 2103
9334 2 2 10 1 264 5127 395
9335 2 2 10 1 493 5127 265
9336 2 2 10 1 4640 5539 3590
9337 2 2 10 1 1417 4783 1415
9338 2 2 10 1 1956 5142 2924
9339 2 2 10 1 1415 4783 4773
9340 2 2 10 1 4491 5363 4059
9341 2 2 10 1 1527 5143 1585
9342 2 2 10 1 4375 4777 1200
9343 2 2 10 1 2189 5147 2766
9344 2 2 10 1 2975 5517 4601
9345 2 2 10 1 1361 4784 1359
9346 2 2 10 1 3262 4789 3292
9347 2 2 10 1 468 5141 126
9348 2 2 10 1 4035 5389 5368
9349 2 2 10 1 4366 5096 4333
9350 2 2 10 1 3396 5149 503
9351 2 2 10 1 4102 5457 2952
9352 2 2 10 1 3934 4888 3935
9353 2 2 10 1 3011 5185 3014
9354 2 2 10 1 1613 5166 1531
9355 2 2 10 1 2261 5191 2259
9356 2 2 10 1 4354 5102 4292
9357 2 2 10 1 1727 5499 3680
9358 2 2 10 1 394 5382 4198
9359 2 2 10 1 3898 4791 3901
9360 2 2 10 1 4968 4973 3415
9361 2 2 10 1 290 5241 289
9362 2 2 10 1 3233 5051 3055
9363 2 2 10 1 1796 4794 2088
9364 2 2 10 1 3276 5531 3971
9365 2 2 10 1 2353 5286 4033
9366 2 2 10 1 2207 5175 2790
9367 2 2 10 1 823 5284 4309
9368 2 2 10 1 266 5164 493
9369 2 2 10 1 425 5164 267
9370 2 2 10 1 1156 5307 1157
9371 2 2 10 1 1311 5455 5453
9372 2 2 10 1 4325 5112 4279
9373 2 2 10 1 1188 5153 4524
9374 2 2 10 1 4367 5104 4328
9375 2 2 10 1 2217 5184 2800
9376 2 2 10 1 3959 4918 4759
9377 2 2 10 1 437 5173 131
9378 2 2 10 1 4761 4777 4375
9379 2 2 10 1 5086 5099 3742
9380 2 2 10 1 4352 5109 4311
9381 2 2 10 1 4304 5115 4273
9382 2 2 10 1 1093 4787 1095
9383 2 2 10 1 4777 4786 1200
9384 2 2 10 1 4327 5114 4281
9385 2 2 10 1 1952 5196 2926
9386 2 2 10 1 3025 5225 3027
9387 2 2 10 1 2924 5196 1954
9388 2 2 10 1 2231 5197 2817
9389 2 2 10 1 2237 5199 2829
9390 2 2 10 1 1533 5200 1613
9391 2 2 10 1 1586 5200 1535
9392 2 2 10 1 1986 4788 1984
9393 2 2 10 1 868 5319 4290
9394 2 2 10 1 2 5369 157
9395 2 2 10 1 4 5370 340
9396 2 2 10 1 4813 4847 3936
9397 2 2 10 1 2267 5233 2265
9398 2 2 10 1 404 5187 134
9399 2 2 10 1 3772 4811 3776
9400 2 2 10 1 4436 5339 3239
9401 2 2 10 1 158 5369 2
9402 2 2 10 1 341 5370 4
9403 2 2 10 1 3715 5341 3716
9404 2 2 10 1 4604 5173 3020
9405 2 2 10 1 4782 4797 2760
9406 2 2 10 1 4492 4762 3382
9407 2 2 10 1 465 5201 137
9408 2 2 10 1 2337 5483 1901
9409 2 2 10 1 171 5221 170
9410 2 2 10 1 1537 5222 1586
9411 2 2 10 1 1608 5222 1539
9412 2 2 10 1 373 5206 139
9413 2 2 10 1 138 5206 465
9414 2 2 10 1 3030 5129 3028
9415 2 2 10 1 476 5212 141
9416 2 2 10 1 140 5212 373
9417 2 2 10 1 1233 5554 1600
9418 2 2 10 1 3013 5172 4528
9419 2 2 10 1 464 5220 146
9420 2 2 10 1 145 5220 413
9421 2 2 10 1 1200 4786 4373
9422 2 2 10 1 4658 4981 1581
9423 2 2 10 1 1541 5239 1608
9424 2 2 10 1 1576 5239 1543
9425 2 2 10 1 3004 5275 3007
9426 2 2 10 1 1948 5245 2928
9427 2 2 10 1 2926 5245 1950
9428 2 2 10 1 412 5254 4659
9429 2 2 10 1 147 5230 464
9430 2 2 10 1 429 5230 148
9431 2 2 10 1 352 4789 351
9432 2 2 10 1 4696 5394 3242
9433 2 2 10 1 2760 4797 2759
9434 2 2 10 1 4416 5137 2948
9435 2 2 10 1 92 5234 471
9436 2 2 10 1 2133 4796 2131
9437 2 2 10 1 3234 5291 4659
9438 2 2 10 1 4075 5371 376
9439 2 2 10 1 1545 5258 1576
9440 2 2 10 1 136 5201 4418
9441 2 2 10 1 149 5243 429
9442 2 2 10 1 813 5082 4355
9443 2 2 10 1 3951 4909 3950
9444 2 2 10 1 867 5520 4254
9445 2 2 10 1 454 5252 151
9446 2 2 10 1 1606 5269 1549
9447 2 2 10 1 5082 5093 4355
9448 2 2 10 1 825 5498 4261
9449 2 2 10 1 2075 5267 2072
9450 2 2 10 1 2334 5274 2063
9451 2 2 10 1 4243 4790 2797
9452 2 2 10 1 4528 5187 3013
9453 2 2 10 1 1551 5280 1606
9454 2 2 10 1 1584 5280 1553
9455 2 2 10 1 1944 5286 2353
9456 2 2 10 1 1420 5060 1422
9457 2 2 10 1 2928 5286 1946
9458 2 2 10 1 1676 5283 1678
9459 2 2 10 1 1555 5287 1584
9460 2 2 10 1 1605 5287 1557
9461 2 2 10 1 121 4793 466
9462 2 2 10 1 3409 5290 3110
9463 2 2 10 1 3950 4909 3952
9464 2 2 10 1 3531 4810 3532
9465 2 2 10 1 1559 5292 1605
9466 2 2 10 1 1583 5292 1561
9467 2 2 10 1 1091 4800 1093
9468 2 2 10 1 152 5273 454
9469 2 2 10 1 1093 4800 4787
9470 2 2 10 1 3676 5521 3677
9471 2 2 10 1 249 4799 248
9472 2 2 10 1 1819 5562 1883
9473 2 2 10 1 5234 5240 471
9474 2 2 10 1 457 5289 154
9475 2 2 10 1 3501 4832 3498
9476 2 2 10 1 4355 5093 1624
9477 2 2 10 1 87 5291 478
9478 2 2 10 1 4382 4792 1207
9479 2 2 10 1 143 5561 142
9480 2 2 10 1 2059 5312 2056
9481 2 2 10 1 4743 4948 1726
9482 2 2 10 1 62 5558 61
9483 2 2 10 1 3108 5313 3409
9484 2 2 10 1 3240 5313 3106
9485 2 2 10 1 2046 5342 2044
9486 2 2 10 1 1789 5551 1882
9487 2 2 10 1 3817 4863 3814
9488 2 2 10 1 4392 4803 489
9489 2 2 10 1 155 5304 457
9490 2 2 10 1 517 5304 156
9491 2 2 10 1 2353 5324 1942
9492 2 2 10 1 4373 4795 1634
9493 2 2 10 1 3144 4801 3174
9494 2 2 10 1 3673 5502 3676
9495 2 2 10 1 65 5544 64
9496 2 2 10 1 3104 5332 3240
9497 2 2 10 1 4031 5321 4532
9498 2 2 10 1 66 5537 65
9499 2 2 10 1 3335 5340 3100
9500 2 2 10 1 1928 4802 2929
9501 2 2 10 1 1932 5389 1930
9502 2 2 10 1 63 5529 62
9503 2 2 10 1 276 5328 446
9504 2 2 10 1 3343 5562 2504
9505 2 2 10 1 216 5491 215
9506 2 2 10 1 60 5522 59
9507 2 2 10 1 4418 5201 3006
9508 2 2 10 1 297 5509 296
9509 2 2 10 1 4198 5376 501
9510 2 2 10 1 3276 5357 3096
9511 2 2 10 1 3098 5357 3335
9512 2 2 10 1 3338 5551 2079
9513 2 2 10 1 1497 4807 1574
9514 2 2 10 1 2755 4806 2176
9515 2 2 10 1 3510 4865 2758
9516 2 2 10 1 3039 5377 3261
9517 2 2 10 1 4788 4815 1984
9518 2 2 10 1 1600 5554 4481
9519 2 2 10 1 279 5355 396
9520 2 2 10 1 78 5356 376
9521 2 2 10 1 3168 4808 3163
9522 2 2 10 1 3710 5223 4816
9523 2 2 10 1 4795 4804 1634
9524 2 2 10 1 3639 4841 2784
9525 2 2 10 1 188 5387 3
9526 2 2 10 1 5 5386 1
9527 2 2 10 1 3173 4946 4935
9528 2 2 10 1 3045 5403 3255
9529 2 2 10 1 501 5367 41
9530 2 2 10 1 76 5371 474
9531 2 2 10 1 376 5371 77
9532 2 2 10 1 2053 5416 2048
9533 2 2 10 1 3086 5409 3296
9534 2 2 10 1 3272 5421 3082
9535 2 2 10 1 3052 5431 3249
9536 2 2 10 1 444 5440 4139
9537 2 2 10 1 74 5379 422
9538 2 2 10 1 474 5379 75
9539 2 2 10 1 282 5380 448
9540 2 2 10 1 1 5386 370
9541 2 2 10 1 3 5387 187
9542 2 2 10 1 3092 5531 3094
9543 2 2 10 1 4786 4795 4373
9544 2 2 10 1 3367 5433 3078
9545 2 2 10 1 3080 5433 3272
9546 2 2 10 1 390 5563 221
9547 2 2 10 1 2068 5550 2030
9548 2 2 10 1 3088 5530 3090
9549 2 2 10 1 39 4805 427
9550 2 2 10 1 3076 5446 3367
9551 2 2 10 1 2308 5480 2306
9552 2 2 10 1 422 5392 73
9553 2 2 10 1 72 5392 477
9554 2 2 10 1 2964 5488 2988
9555 2 2 10 1 452 5394 46
9556 2 2 10 1 285 5400 397
9557 2 2 10 1 70 5404 381
9558 2 2 10 1 477 5404 71
9559 2 2 10 1 3916 5464 3914
9560 2 2 10 1 3692 4820 1298
9561 2 2 10 1 2314 5495 2312
9562 2 2 10 1 288 5410 441
9563 2 2 10 1 1421 4812 1419
9564 2 2 10 1 381 5414 69
9565 2 2 10 1 2921 5463 1914
9566 2 2 10 1 67 5423 442
9567 2 2 10 1 55 5440 444
9568 2 2 10 1 4797 4830 2759
9569 2 2 10 1 400 5443 57
9570 2 2 10 1 1574 4813 1495
9571 2 2 10 1 1634 4804 4371
9572 2 2 10 1 5095 5108 4361
9573 2 2 10 1 3677 5534 3679
9574 2 2 10 1 2789 4823 3571
9575 2 2 10 1 2752 5124 5104
9576 2 2 10 1 1984 4815 1982
9577 2 2 10 1 219 5539 487
9578 2 2 10 1 214 5461 486
9579 2 2 10 1 2776 4843 2870
9580 2 2 10 1 3020 5150 4604
9581 2 2 10 1 2801 4827 3488
9582 2 2 10 1 446 5303 4176
9583 2 2 10 1 443 4809 97
9584 2 2 10 1 4532 5324 4031
9585 2 2 10 1 2070 4816 2073
9586 2 2 10 1 4670 4704 1201
9587 2 2 10 1 9 5490 455
9588 2 2 10 1 3873 5547 438
9589 2 2 10 1 177 5504 176
9590 2 2 10 1 3089 5204 3087
9591 2 2 10 1 346 5518 345
9592 2 2 10 1 2900 5226 4265
9593 2 2 10 1 1882 4818 1774
9594 2 2 10 1 2365 5517 4245
9595 2 2 10 1 1624 5095 4361
9596 2 2 10 1 4436 5356 79
9597 2 2 10 1 4361 5108 814
9598 2 2 10 1 249 4821 4799
9599 2 2 10 1 250 4821 249
9600 2 2 10 1 3641 4850 2791
9601 2 2 10 1 4454 5514 4159
9602 2 2 10 1 1702 4919 4879
9603 2 2 10 1 514 5323 4414
9604 2 2 10 1 1087 4826 1089
9605 2 2 10 1 4371 4814 1150
9606 2 2 10 1 2869 4822 4601
9607 2 2 10 1 4567 5411 1709
9608 2 2 10 1 334 4828 333
9609 2 2 10 1 3255 4825 3047
9610 2 2 10 1 1638 4817 4382
9611 2 2 10 1 4382 4817 4792
9612 2 2 10 1 4124 4824 4125
9613 2 2 10 1 3540 4868 2826
9614 2 2 10 1 4771 5460 3400
9615 2 2 10 1 4808 4926 1691
9616 2 2 10 1 175 4811 507
9617 2 2 10 1 344 4824 462
9618 2 2 10 1 5115 5163 2790
9619 2 2 10 1 2759 4830 2794
9620 2 2 10 1 5521 5534 3677
9621 2 2 10 1 5502 5521 3676
9622 2 2 10 1 333 4833 332
9623 2 2 10 1 3239 5356 4436
9624 2 2 10 1 1189 4878 3670
9625 2 2 10 1 3339 5560 1882
9626 2 2 10 1 4414 5395 4413
9627 2 2 10 1 4684 5528 854
9628 2 2 10 1 5093 5095 1624
9629 2 2 10 1 2807 4844 3511
9630 2 2 10 1 2873 4835 2182
9631 2 2 10 1 4804 4814 4371
9632 2 2 10 1 326 4836 325
9633 2 2 10 1 1638 4834 4817
9634 2 2 10 1 5159 5176 4317
9635 2 2 10 1 1041 4837 1043
9636 2 2 10 1 3842 4854 3843
9637 2 2 10 1 331 4838 330
9638 2 2 10 1 327 4839 326
9639 2 2 10 1 329 4840 328
9640 2 2 10 1 2874 5176 5159
9641 2 2 10 1 2368 5228 4400
9642 2 2 10 1 3265 5528 4684
9643 2 2 10 1 1083 4842 1085
9644 2 2 10 1 5359 5367 501
9645 2 2 10 1 508 5553 353
9646 2 2 10 1 535 4845 533
9647 2 2 10 1 2755 5132 5109
9648 2 2 10 1 4828 4833 333
9649 2 2 10 1 814 5106 4367
9650 2 2 10 1 4174 5476 5473
9651 2 2 10 1 4770 4780 4020
9652 2 2 10 1 4026 4852 4028
9653 2 2 10 1 4384 4834 1638
9654 2 2 10 1 1425 4846 1423
9655 2 2 10 1 4388 5506 1217
9656 2 2 10 1 2763 4847 3510
9657 2 2 10 1 3627 4871 2806
9658 2 2 10 1 1729 5064 4765
9659 2 2 10 1 3599 4873 2812
9660 2 2 10 1 2816 4858 3537
9661 2 2 10 1 3290 5419 5415
9662 2 2 10 1 326 4839 4836
9663 2 2 10 1 3694 4877 1180
9664 2 2 10 1 3249 5431 5398
9665 2 2 10 1 1414 5000 1416
9666 2 2 10 1 4659 5254 3234
9667 2 2 10 1 3854 5477 4747
9668 2 2 10 1 3038 5103 3035
9669 2 2 10 1 1045 4851 1047
9670 2 2 10 1 4696 5362 394
9671 2 2 10 1 359 4848 358
9672 2 2 10 1 3067 5076 3235
9673 2 2 10 1 1697 5020 4801
9674 2 2 10 1 1079 4855 1081
9675 2 2 10 1 2906 4862 3375
9676 2 2 10 1 4733 5422 2958
9677 2 2 10 1 396 4849 278
9678 2 2 10 1 2129 4857 2127
9679 2 2 10 1 1752 4853 1749
9680 2 2 10 1 814 5108 5106
9681 2 2 10 1 2771 4934 4087
9682 2 2 10 1 3031 5117 4753
9683 2 2 10 1 4726 4728 342
9684 2 2 10 1 4886 4907 1696
9685 2 2 10 1 1708 5335 1542
9686 2 2 10 1 3730 4970 1701
9687 2 2 10 1 535 4892 4845
9688 2 2 10 1 1425 4860 4846
9689 2 2 10 1 3574 4874 3575
9690 2 2 10 1 4214 4968 415
9691 2 2 10 1 1427 4860 1425
9692 2 2 10 1 3821 5503 5459
9693 2 2 10 1 386 4856 100
9694 2 2 10 1 446 5328 5302
9695 2 2 10 1 1491 4861 1573
9696 2 2 10 1 3937 4872 3939
9697 2 2 10 1 2787 4882 2906
9698 2 2 10 1 1049 4864 1051
9699 2 2 10 1 1075 4866 1077
9700 2 2 10 1 4152 5538 2494
9701 2 2 10 1 4174 5473 432
9702 2 2 10 1 3930 4938 4921
9703 2 2 10 1 5330 5353 427
9704 2 2 10 1 1051 4867 1053
9705 2 2 10 1 5488 5525 1747
9706 2 2 10 1 1199 4859 4384
9707 2 2 10 1 3955 4884 3957
9708 2 2 10 1 5415 5419 1550
9709 2 2 10 1 3271 5331 5326
9710 2 2 10 1 1574 4865 4847
9711 2 2 10 1 4384 4859 4834
9712 2 2 10 1 3040 5092 3038
9713 2 2 10 1 432 5473 5460
9714 2 2 10 1 2410 4945 3380
9715 2 2 10 1 3083 5165 3081
9716 2 2 10 1 534 4870 536
9717 2 2 10 1 4864 4867 1051
9718 2 2 10 1 3168 4920 4910
9719 2 2 10 1 4205 5353 5346
9720 2 2 10 1 4624 5447 3412
9721 2 2 10 1 3232 5072 3048
9722 2 2 10 1 3242 5362 4696
9723 2 2 10 1 1199 4869 4859
9724 2 2 10 1 1073 4875 1075
9725 2 2 10 1 3932 4906 3933
9726 2 2 10 1 2972 5235 2900
9727 2 2 10 1 2743 4893 3934
9728 2 2 10 1 1573 4893 4722
9729 2 2 10 1 1055 4881 1057
9730 2 2 10 1 3154 4879 3161
9731 2 2 10 1 3036 5091 4793
9732 2 2 10 1 1075 4875 4866
9733 2 2 10 1 1069 4883 1071
9734 2 2 10 1 408 5058 5051
9735 2 2 10 1 2875 4880 2193
9736 2 2 10 1 252 4885 251
9737 2 2 10 1 3161 4886 3156
9738 2 2 10 1 1065 4887 1067
9739 2 2 10 1 4385 4869 1199
9740 2 2 10 1 2766 5147 5114
9741 2 2 10 1 2345 5548 4152
9742 2 2 10 1 1059 4889 1061
9743 2 2 10 1 2813 4895 3619
9744 2 2 10 1 4775 5193 3236
9745 2 2 10 1 1701 5000 1414
9746 2 2 10 1 537 4892 535
9747 2 2 10 1 1063 4890 1065
9748 2 2 10 1 1980 4891 1978
9749 2 2 10 1 116 4876 449
9750 2 2 10 1 4847 4865 3510
9751 2 2 10 1 2821 4898 3472
9752 2 2 10 1 5364 5407 2929
9753 2 2 10 1 4760 5384 1700
9754 2 2 10 1 1065 4890 4887
9755 2 2 10 1 1431 4894 1429
9756 2 2 10 1 5326 5331 1528
9757 2 2 10 1 2869 5459 4822
9758 2 2 10 1 3042 5087 3040
9759 2 2 10 1 3767 4901 2793
9760 2 2 10 1 2820 5026 3811
9761 2 2 10 1 1702 4951 3730
9762 2 2 10 1 2971 5497 3855
9763 2 2 10 1 487 5539 4640
9764 2 2 10 1 3173 4948 4743
9765 2 2 10 1 483 5346 5338
9766 2 2 10 1 3952 4918 2745
9767 2 2 10 1 5512 5546 3251
9768 2 2 10 1 1582 4897 1501
9769 2 2 10 1 4152 5548 5538
9770 2 2 10 1 5092 5103 3038
9771 2 2 10 1 4809 5155 3237
9772 2 2 10 1 3602 4903 1158
9773 2 2 10 1 3696 4917 1295
9774 2 2 10 1 4753 5117 405
9775 2 2 10 1 2162 5557 4863
9776 2 2 10 1 503 5476 4174
9777 2 2 10 1 3261 4899 3041
9778 2 2 10 1 5051 5058 3053
9779 2 2 10 1 427 5353 4205
9780 2 2 10 1 1639 4896 4385
9781 2 2 10 1 4759 4918 1582
9782 2 2 10 1 4789 5552 417
9783 2 2 10 1 1406 4919 1408
9784 2 2 10 1 1003 4900 1005
9785 2 2 10 1 2650 4908 3931
9786 2 2 10 1 4035 5364 4802
9787 2 2 10 1 1435 4902 1433
9788 2 2 10 1 4385 4896 4869
9789 2 2 10 1 3732 5347 3734
9790 2 2 10 1 1402 4910 1696
9791 2 2 10 1 3255 5403 5351
9792 2 2 10 1 4338 5139 1620
9793 2 2 10 1 3049 5071 4876
9794 2 2 10 1 3734 5378 3735
9795 2 2 10 1 1485 4904 1569
9796 2 2 10 1 3733 5318 3732
9797 2 2 10 1 4856 5120 3238
9798 2 2 10 1 2125 4905 2123
9799 2 2 10 1 3622 4916 3623
9800 2 2 10 1 1404 4907 1406
9801 2 2 10 1 4806 5101 4329
9802 2 2 10 1 5407 5425 4351
9803 2 2 10 1 3247 5330 4805
9804 2 2 10 1 4309 5314 4308
9805 2 2 10 1 2788 4912 1868
9806 2 2 10 1 4179 5338 5333
9807 2 2 10 1 3062 5471 3241
9808 2 2 10 1 3077 5125 3075
9809 2 2 10 1 4765 5064 3179
9810 2 2 10 1 4849 5308 3879
9811 2 2 10 1 2804 4915 3515
9812 2 2 10 1 4825 5366 1694
9813 2 2 10 1 1437 4911 1435
9814 2 2 10 1 5087 5092 3040
9815 2 2 10 1 1435 4911 4902
9816 2 2 10 1 3655 4933 2878
9817 2 2 10 1 5050 5061 375
9818 2 2 10 1 254 4913 253
9819 2 2 10 1 144 5345 143
9820 2 2 10 1 4951 4970 3730
9821 2 2 10 1 4205 5346 483
9822 2 2 10 1 1882 5560 4132
9823 2 2 10 1 3233 5032 4960
9824 2 2 10 1 1620 5134 4327
9825 2 2 10 1 3232 5058 4914
9826 2 2 10 1 4835 5113 4312
9827 2 2 10 1 3608 4943 2815
9828 2 2 10 1 2867 4928 3521
9829 2 2 10 1 3075 5110 3073
9830 2 2 10 1 113 4914 408
9831 2 2 10 1 3735 5452 3737
9832 2 2 10 1 3626 4927 2879
9833 2 2 10 1 3249 5384 4760
9834 2 2 10 1 3636 4952 2847
9835 2 2 10 1 1398 4926 1400
9836 2 2 10 1 3415 4973 2904
9837 2 2 10 1 3158 4920 3160
9838 2 2 10 1 1481 4921 1479
9839 2 2 10 1 4930 5061 3235
9840 2 2 10 1 3929 4938 3930
9841 2 2 10 1 490 5260 4195
9842 2 2 10 1 3936 4888 4861
9843 2 2 10 1 1441 4923 1439
9844 2 2 10 1 2795 4936 2976
9845 2 2 10 1 517 5492 3341
9846 2 2 10 1 1976 4924 1974
9847 2 2 10 1 3161 4919 4907
9848 2 2 10 1 1530 5331 1693
9849 2 2 10 1 5347 5378 3734
9850 2 2 10 1 4250 4932 4122
9851 2 2 10 1 1620 5139 5134
9852 2 2 10 1 1396 4935 1691
9853 2 2 10 1 3048 5072 3046
9854 2 2 10 1 3959 4971 3958
9855 2 2 10 1 5446 5499 1727
9856 2 2 10 1 1443 4925 1441
9857 2 2 10 1 3073 5094 3071
9858 2 2 10 1 463 4982 4936
9859 2 2 10 1 396 5355 5293
9860 2 2 10 1 3063 5061 5050
9861 2 2 10 1 436 5363 4491
9862 2 2 10 1 5318 5347 3732
9863 2 2 10 1 4988 5046 4058
9864 2 2 10 1 2814 4940 3541
9865 2 2 10 1 483 5338 4179
9866 2 2 10 1 999 4929 1001
9867 2 2 10 1 613 4942 856
9868 2 2 10 1 486 5461 4785
9869 2 2 10 1 1441 4925 4923
9870 2 2 10 1 2872 5183 5168
9871 2 2 10 1 3922 4944 3924
9872 2 2 10 1 4899 5352 1690
9873 2 2 10 1 5168 5183 4339
9874 2 2 10 1 1565 4922 4442
9875 2 2 10 1 401 5193 4775
9876 2 2 10 1 2790 5175 5115
9877 2 2 10 1 4880 5130 4282
9878 2 2 10 1 3810 5111 3750
9879 2 2 10 1 3960 4981 2731
9880 2 2 10 1 5378 5452 3735
9881 2 2 10 1 3894 4950 3896
9882 2 2 10 1 2929 5407 4351
9883 2 2 10 1 4907 4919 1406
9884 2 2 10 1 1392 4948 1394
9885 2 2 10 1 1447 4937 1445
9886 2 2 10 1 375 4930 107
9887 2 2 10 1 3811 5081 3810
9888 2 2 10 1 448 4931 281
9889 2 2 10 1 3071 5084 3069
9890 2 2 10 1 3750 5133 3749
9891 2 2 10 1 3049 5087 3042
9892 2 2 10 1 2874 4939 2211
9893 2 2 10 1 1475 4941 1473
9894 2 2 10 1 3749 5170 3751
9895 2 2 10 1 4290 5348 4289
9896 2 2 10 1 3907 4964 3909
9897 2 2 10 1 3075 5125 5110
9898 2 2 10 1 4931 5336 3882
9899 2 2 10 1 4924 4957 1974
9900 2 2 10 1 2986 5140 2985
9901 2 2 10 1 4310 5151 1610
9902 2 2 10 1 3261 5377 5309
9903 2 2 10 1 2121 4947 2119
9904 2 2 10 1 3165 4946 3167
9905 2 2 10 1 4822 5459 3270
9906 2 2 10 1 5114 5134 2766
9907 2 2 10 1 1451 4949 1449
9908 2 2 10 1 3751 5214 3752
9909 2 2 10 1 1471 4953 1469
9910 2 2 10 1 1338 4967 1340
9911 2 2 10 1 3150 4951 3152
9912 2 2 10 1 4179 5333 392
9913 2 2 10 1 256 4955 255
9914 2 2 10 1 3215 5327 3213
9915 2 2 10 1 5425 5435 2927
9916 2 2 10 1 1974 4957 1972
9917 2 2 10 1 2823 4969 3550
9918 2 2 10 1 4912 5211 2985
9919 2 2 10 1 1455 4958 1453
9920 2 2 10 1 372 5447 4624
9921 2 2 10 1 1465 4959 1463
9922 2 2 10 1 2310 4956 2805
9923 2 2 10 1 1467 4961 1465
9924 2 2 10 1 3069 5076 3067
9925 2 2 10 1 1581 4962 1507
9926 2 2 10 1 403 4954 203
9927 2 2 10 1 1457 4963 1455
9928 2 2 10 1 995 4965 997
9929 2 2 10 1 3073 5110 5094
9930 2 2 10 1 1461 4966 1459
9931 2 2 10 1 3606 4985 3605
9932 2 2 10 1 1342 4977 1344
9933 2 2 10 1 110 4960 475
9934 2 2 10 1 1455 4963 4958
9935 2 2 10 1 1465 4961 4959
9936 2 2 10 1 1610 5148 4300
9937 2 2 10 1 1725 5415 1548
9938 2 2 10 1 450 5558 4078
9939 2 2 10 1 418 5391 4479
9940 2 2 10 1 3150 4970 4951
9941 2 2 10 1 4254 5520 4956
9942 2 2 10 1 3148 4970 3150
9943 2 2 10 1 2407 5004 3847
9944 2 2 10 1 5148 5160 4300
9945 2 2 10 1 4947 4978 2119
9946 2 2 10 1 4300 5160 817
9947 2 2 10 1 4747 5477 460
9948 2 2 10 1 4803 4843 2776
9949 2 2 10 1 4954 5026 2976
9950 2 2 10 1 3172 4972 3176
9951 2 2 10 1 3217 5320 3215
9952 2 2 10 1 3226 4974 3228
9953 2 2 10 1 2800 5184 5112
9954 2 2 10 1 1346 4987 1348
9955 2 2 10 1 3174 4975 3146
9956 2 2 10 1 2119 4978 2117
9957 2 2 10 1 3071 5094 5084
9958 2 2 10 1 3055 5051 3053
9959 2 2 10 1 2304 4976 2955
9960 2 2 10 1 4939 5159 4274
9961 2 2 10 1 2858 4990 3565
9962 2 2 10 1 256 4979 4955
9963 2 2 10 1 1677 5532 2975
9964 2 2 10 1 5111 5133 3750
9965 2 2 10 1 257 4979 256
9966 2 2 10 1 432 5460 4771
9967 2 2 10 1 3176 4980 3178
9968 2 2 10 1 3845 4999 3846
9969 2 2 10 1 3524 5011 3525
9970 2 2 10 1 1697 5060 1420
9971 2 2 10 1 463 4973 4214
9972 2 2 10 1 4261 5498 4976
9973 2 2 10 1 5003 5326 1686
9974 2 2 10 1 1350 4992 1352
9975 2 2 10 1 1610 5151 5148
9976 2 2 10 1 4972 4980 3176
9977 2 2 10 1 991 4984 993
9978 2 2 10 1 5038 5365 3888
9979 2 2 10 1 3178 4983 3181
9980 2 2 10 1 202 4982 201
9981 2 2 10 1 3222 4986 3224
9982 2 2 10 1 4060 5009 2809
9983 2 2 10 1 5133 5170 3749
9984 2 2 10 1 5170 5214 3751
9985 2 2 10 1 4785 5461 3675
9986 2 2 10 1 5004 5031 3847
9987 2 2 10 1 817 5156 4278
9988 2 2 10 1 59 5522 5438
9989 2 2 10 1 1354 4998 1356
9990 2 2 10 1 4980 4983 3178
9991 2 2 10 1 4793 5091 466
9992 2 2 10 1 1735 5419 5036
9993 2 2 10 1 2872 4989 2221
9994 2 2 10 1 4479 5391 3246
9995 2 2 10 1 3181 4991 3183
9996 2 2 10 1 5156 5167 4278
9997 2 2 10 1 4278 5167 1603
9998 2 2 10 1 3219 5311 3217
9999 2 2 10 1 3063 5050 3061
10000 2 2 10 1 5042 5052 3968
10001 2 2 10 1 4801 5020 3174
10002 2 2 10 1 1358 5006 1360
10003 2 2 10 1 1372 5010 1374
10004 2 2 10 1 5435 5449 4365
10005 2 2 10 1 3218 4994 3220
10006 2 2 10 1 3183 4993 3185
10007 2 2 10 1 513 5512 4407
10008 2 2 10 1 5081 5111 3810
10009 2 2 10 1 4983 4991 3181
10010 2 2 10 1 1362 5014 1364
10011 2 2 10 1 3069 5084 5076
10012 2 2 10 1 3402 5317 1692
10013 2 2 10 1 1368 5016 1370
10014 2 2 10 1 5161 5274 2334
10015 2 2 10 1 3968 5052 2866
10016 2 2 10 1 4392 4843 4803
10017 2 2 10 1 4989 5168 4280
10018 2 2 10 1 1708 5299 5126
10019 2 2 10 1 4728 5485 518
10020 2 2 10 1 3185 4997 3187
10021 2 2 10 1 4991 4993 3183
10022 2 2 10 1 4351 5425 2927
10023 2 2 10 1 1416 5020 1418
10024 2 2 10 1 3214 5001 3216
10025 2 2 10 1 3187 5002 3189
10026 2 2 10 1 3702 5270 5044
10027 2 2 10 1 5320 5327 3215
10028 2 2 10 1 3568 5030 3569
10029 2 2 10 1 4824 5559 462
10030 2 2 10 1 3061 5034 3059
10031 2 2 10 1 448 5380 5277
10032 2 2 10 1 3059 5032 3057
10033 2 2 10 1 3271 5003 3029
10034 2 2 10 1 4993 4997 3185
10035 2 2 10 1 191 5005 190
10036 2 2 10 1 408 4996 112
10037 2 2 10 1 987 5008 989
10038 2 2 10 1 4039 5458 5122
10039 2 2 10 1 817 5160 5156
10040 2 2 10 1 3273 4995 4403
10041 2 2 10 1 3189 5012 3191
10042 2 2 10 1 4897 4909 3951
10043 2 2 10 1 62 5529 5434
10044 2 2 10 1 3210 5013 3212
10045 2 2 10 1 5031 5043 3392
10046 2 2 10 1 3191 5015 3193
10047 2 2 10 1 4997 5002 3187
10048 2 2 10 1 1603 5163 4304
10049 2 2 10 1 3168 4926 4808
10050 2 2 10 1 1574 4847 4813
10051 2 2 10 1 3847 5031 3392
10052 2 2 10 1 3633 5053 2986
10053 2 2 10 1 3221 5305 3219
10054 2 2 10 1 3206 5017 3208
10055 2 2 10 1 3195 5018 3197
10056 2 2 10 1 5002 5012 3189
10057 2 2 10 1 1725 5350 5077
10058 2 2 10 1 461 5137 4416
10059 2 2 10 1 3201 5019 3203
10060 2 2 10 1 4056 5046 4061
10061 2 2 10 1 4587 5381 3822
10062 2 2 10 1 193 5021 192
10063 2 2 10 1 3474 5513 1747
10064 2 2 10 1 3822 5381 3823
10065 2 2 10 1 3199 5022 3201
10066 2 2 10 1 1970 5023 1968
10067 2 2 10 1 3704 5246 3706
10068 2 2 10 1 4124 5559 4824
10069 2 2 10 1 5123 5399 3891
10070 2 2 10 1 5012 5015 3191
10071 2 2 10 1 5434 5558 62
10072 2 2 10 1 3578 5033 1165
10073 2 2 10 1 5213 5561 143
10074 2 2 10 1 1357 5024 1355
10075 2 2 10 1 985 5025 987
10076 2 2 10 1 2845 5319 5314
10077 2 2 10 1 2894 5035 3629
10078 2 2 10 1 987 5025 5008
10079 2 2 10 1 2755 5101 4806
10080 2 2 10 1 3966 5042 3968
10081 2 2 10 1 3392 5043 3393
10082 2 2 10 1 5428 5544 65
10083 2 2 10 1 65 5537 5428
10084 2 2 10 1 3201 5022 5019
10085 2 2 10 1 5311 5320 3217
10086 2 2 10 1 1513 5027 1511
10087 2 2 10 1 4789 5553 3292
10088 2 2 10 1 259 5028 258
10089 2 2 10 1 2115 5029 2113
10090 2 2 10 1 352 5553 4789
10091 2 2 10 1 5052 5070 2866
10092 2 2 10 1 371 5007 172
10093 2 2 10 1 5043 5054 3393
10094 2 2 10 1 5105 5297 1781
10095 2 2 10 1 3262 5552 4789
10096 2 2 10 1 2817 5197 5102
10097 2 2 10 1 5078 5195 4334
10098 2 2 10 1 3706 5223 3708
10099 2 2 10 1 3665 5556 3663
10100 2 2 10 1 2903 5048 3803
10101 2 2 10 1 443 5155 4809
10102 2 2 10 1 1603 5167 5163
10103 2 2 10 1 3223 5294 3221
10104 2 2 10 1 5059 5189 4293
10105 2 2 10 1 5026 5081 3811
10106 2 2 10 1 5314 5319 4275
10107 2 2 10 1 4807 4865 1574
10108 2 2 10 1 4805 5330 427
10109 2 2 10 1 3284 5350 5335
10110 2 2 10 1 1565 4938 4922
10111 2 2 10 1 3393 5054 3395
10112 2 2 10 1 3090 5530 5388
10113 2 2 10 1 981 5041 983
10114 2 2 10 1 3684 5056 3683
10115 2 2 10 1 3002 5036 3290
10116 2 2 10 1 3577 5358 1686
10117 2 2 10 1 3053 5058 3051
10118 2 2 10 1 3703 5244 3704
10119 2 2 10 1 3337 5118 3308
10120 2 2 10 1 4626 5439 371
10121 2 2 10 1 1785 5372 3577
10122 2 2 10 1 3065 5061 3063
10123 2 2 10 1 3179 5045 3140
10124 2 2 10 1 4290 5319 5069
10125 2 2 10 1 3395 5083 3613
10126 2 2 10 1 2058 5044 2059
10127 2 2 10 1 4182 5505 5484
10128 2 2 10 1 475 5034 4187
10129 2 2 10 1 3848 5066 3849
10130 2 2 10 1 3061 5050 5034
10131 2 2 10 1 3471 5074 2885
10132 2 2 10 1 397 5038 284
10133 2 2 10 1 105 5039 439
10134 2 2 10 1 449 5040 115
10135 2 2 10 1 260 5047 259
10136 2 2 10 1 5305 5311 3219
10137 2 2 10 1 3081 5165 3238
10138 2 2 10 1 5070 5074 3471
10139 2 2 10 1 977 5049 979
10140 2 2 10 1 4309 5284 5075
10141 2 2 10 1 2927 5435 4365
10142 2 2 10 1 3722 5067 3723
10143 2 2 10 1 5029 5055 2113
10144 2 2 10 1 5032 5034 475
10145 2 2 10 1 259 5047 5028
10146 2 2 10 1 3225 5282 3223
10147 2 2 10 1 4317 5176 1609
10148 2 2 10 1 5449 5453 2925
10149 2 2 10 1 5034 5050 4187
10150 2 2 10 1 2829 5199 5096
10151 2 2 10 1 4996 5051 3233
10152 2 2 10 1 5375 5531 3092
10153 2 2 10 1 1422 5064 1424
10154 2 2 10 1 476 5561 4067
10155 2 2 10 1 2835 5295 3402
10156 2 2 10 1 5301 5463 2921
10157 2 2 10 1 2113 5055 2111
10158 2 2 10 1 3480 5493 1757
10159 2 2 10 1 973 5057 975
10160 2 2 10 1 3059 5034 5032
10161 2 2 10 1 4187 5050 375
10162 2 2 10 1 5104 5106 2752
10163 2 2 10 1 4575 5395 3244
10164 2 2 10 1 161 5037 461
10165 2 2 10 1 5074 5089 2885
10166 2 2 10 1 971 5062 973
10167 2 2 10 1 2866 5070 3471
10168 2 2 10 1 3046 5071 3044
10169 2 2 10 1 2829 5059 2235
10170 2 2 10 1 5056 5416 2053
10171 2 2 10 1 3263 5285 4417
10172 2 2 10 1 1966 5063 1964
10173 2 2 10 1 3682 5482 3684
10174 2 2 10 1 1757 5507 3474
10175 2 2 10 1 4802 5364 2929
10176 2 2 10 1 5294 5305 3221
10177 2 2 10 1 973 5062 5057
10178 2 2 10 1 3227 5266 3225
10179 2 2 10 1 3739 5097 2907
10180 2 2 10 1 1609 5171 4325
10181 2 2 10 1 1217 5506 5053
10182 2 2 10 1 4059 5363 4057
10183 2 2 10 1 5335 5350 1544
10184 2 2 10 1 397 5400 5250
10185 2 2 10 1 5484 5505 3918
10186 2 2 10 1 2893 5284 5279
10187 2 2 10 1 3457 5100 2899
10188 2 2 10 1 403 5081 5026
10189 2 2 10 1 4417 5285 434
10190 2 2 10 1 1785 5377 5372
10191 2 2 10 1 4063 5218 3328
10192 2 2 10 1 5089 5100 3457
10193 2 2 10 1 5295 5317 3402
10194 2 2 10 1 2263 5069 2845
10195 2 2 10 1 5279 5284 4320
10196 2 2 10 1 3752 5260 3733
10197 2 2 10 1 2873 5113 4835
10198 2 2 10 1 3036 5129 3030
10199 2 2 10 1 5152 5312 2059
10200 2 2 10 1 380 5068 118
10201 2 2 10 1 262 5073 261
10202 2 2 10 1 3663 5541 3664
10203 2 2 10 1 3229 5259 3227
10204 2 2 10 1 4935 4946 1691
10205 2 2 10 1 5063 5079 1964
10206 2 2 10 1 3323 5439 3774
10207 2 2 10 1 5282 5294 3223
10208 2 2 10 1 3716 5341 5144
10209 2 2 10 1 2977 5467 3399
10210 2 2 10 1 5100 5128 2899
10211 2 2 10 1 3789 5098 3581
10212 2 2 10 1 2257 5075 2893
10213 2 2 10 1 1609 5176 5171
10214 2 2 10 1 4862 5469 2962
10215 2 2 10 1 3483 5475 1759
10216 2 2 10 1 4861 4888 1573
10217 2 2 10 1 2862 5078 2241
10218 2 2 10 1 3009 5077 3284
10219 2 2 10 1 1964 5079 1962
10220 2 2 10 1 434 5065 163
10221 2 2 10 1 3755 5088 3756
10222 2 2 10 1 2885 5089 3457
10223 2 2 10 1 3255 5366 4825
10224 2 2 10 1 4882 5512 513
10225 2 2 10 1 3035 5091 3033
10226 2 2 10 1 2109 5080 2107
10227 2 2 10 1 519 5510 4412
10228 2 2 10 1 3777 5135 2909
10229 2 2 10 1 4251 5542 829
10230 2 2 10 1 5244 5246 3704
10231 2 2 10 1 5507 5513 3474
10232 2 2 10 1 3577 5372 5358
10233 2 2 10 1 263 5085 262
10234 2 2 10 1 3231 5247 3229
10235 2 2 10 1 5266 5282 3225
10236 2 2 10 1 1759 5487 3480
10237 2 2 10 1 3134 5086 3136
10238 2 2 10 1 262 5085 5073
10239 2 2 10 1 4339 5183 1615
10240 2 2 10 1 4365 5449 2925
10241 2 2 10 1 3304 5149 3396
10242 2 2 10 1 1289 5107 3719
10243 2 2 10 1 4215 5081 403
10244 2 2 10 1 2860 5082 3285
10245 2 2 10 1 4333 5096 4334
10246 2 2 10 1 5076 5084 439
10247 2 2 10 1 5080 5090 2107
10248 2 2 10 1 439 5084 4175
10249 2 2 10 1 2107 5090 2105
10250 2 2 10 1 3028 5117 3026
10251 2 2 10 1 5226 5235 3973
10252 2 2 10 1 4253 5540 4251
10253 2 2 10 1 4292 5102 4293
10254 2 2 10 1 3079 5120 3077
10255 2 2 10 1 1307 5157 3561
10256 2 2 10 1 441 5410 5219
10257 2 2 10 1 3132 5099 3134
10258 2 2 10 1 3134 5099 5086
10259 2 2 10 1 5084 5094 4175
10260 2 2 10 1 5493 5507 1757
10261 2 2 10 1 2899 5128 3458
10262 2 2 10 1 5054 5083 3395
10263 2 2 10 1 3320 5479 2957
10264 2 2 10 1 5259 5266 3227
10265 2 2 10 1 5241 5464 3916
10266 2 2 10 1 3823 5381 4536
10267 2 2 10 1 4328 5104 4329
10268 2 2 10 1 1615 5179 4347
10269 2 2 10 1 380 5092 5087
10270 2 2 10 1 4215 5111 5081
10271 2 2 10 1 2860 5093 5082
10272 2 2 10 1 4170 5092 380
10273 2 2 10 1 4387 5523 2351
10274 2 2 10 1 3277 5105 3018
10275 2 2 10 1 4279 5112 4280
10276 2 2 10 1 4175 5094 492
10277 2 2 10 1 386 5120 4856
10278 2 2 10 1 4311 5109 4312
10279 2 2 10 1 4132 5560 4945
10280 2 2 10 1 3793 5174 2912
10281 2 2 10 1 4347 5186 821
10282 2 2 10 1 3685 5482 3682
10283 2 2 10 1 4170 5103 5092
10284 2 2 10 1 3087 5204 3237
10285 2 2 10 1 4273 5115 4274
10286 2 2 10 1 2865 5095 4421
10287 2 2 10 1 4281 5114 4282
10288 2 2 10 1 5179 5186 4347
10289 2 2 10 1 433 5381 4587
10290 2 2 10 1 2865 5108 5095
10291 2 2 10 1 2948 5137 2895
10292 2 2 10 1 5094 5110 492
10293 2 2 10 1 466 5103 4170
10294 2 2 10 1 4816 5223 2073
10295 2 2 10 1 5145 5154 3022
10296 2 2 10 1 1960 5119 1958
10297 2 2 10 1 3132 5121 5099
10298 2 2 10 1 4260 5526 4252
10299 2 2 10 1 4421 5093 2860
10300 2 2 10 1 3130 5121 3132
10301 2 2 10 1 3933 4906 4904
10302 2 2 10 1 492 5110 4194
10303 2 2 10 1 1604 5515 4270
10304 2 2 10 1 3017 5162 5150
10305 2 2 10 1 5540 5542 4251
10306 2 2 10 1 467 5111 4215
10307 2 2 10 1 265 5127 264
10308 2 2 10 1 1735 5468 3483
10309 2 2 10 1 2174 5124 2172
10310 2 2 10 1 3716 5152 3714
10311 2 2 10 1 405 5116 123
10312 2 2 10 1 5154 5162 3019
10313 2 2 10 1 1889 5122 2368
10314 2 2 10 1 3024 5145 3022
10315 2 2 10 1 871 5101 4352
10316 2 2 10 1 1188 5146 3726
10317 2 2 10 1 3686 5501 3685
10318 2 2 10 1 3016 5126 3277
10319 2 2 10 1 3017 5150 3015
10320 2 2 10 1 5487 5493 3480
10321 2 2 10 1 5174 5202 2912
10322 2 2 10 1 5110 5125 4194
10323 2 2 10 1 3022 5154 3019
10324 2 2 10 1 821 5180 4354
10325 2 2 10 1 2752 5106 4342
10326 2 2 10 1 3085 5155 3083
10327 2 2 10 1 441 5123 287
10328 2 2 10 1 1528 5331 1530
10329 2 2 10 1 4342 5108 2865
10330 2 2 10 1 3663 5556 5541
10331 2 2 10 1 5247 5259 3229
10332 2 2 10 1 1615 5183 5179
10333 2 2 10 1 960 5153 952
10334 2 2 10 1 2180 5132 2178
10335 2 2 10 1 2925 5453 4374
10336 2 2 10 1 812 5113 4338
10337 2 2 10 1 3161 4907 4886
10338 2 2 10 1 3019 5162 3017
10339 2 2 10 1 4356 5496 4264
10340 2 2 10 1 3128 5136 3130
10341 2 2 10 1 3702 5161 3700
10342 2 2 10 1 467 5133 5111
10343 2 2 10 1 2103 5138 2101
10344 2 2 10 1 4194 5125 386
10345 2 2 10 1 3774 5439 4626
10346 2 2 10 1 4421 5095 5093
10347 2 2 10 1 960 5181 5153
10348 2 2 10 1 4264 5508 1604
10349 2 2 10 1 515 4988 4711
10350 2 2 10 1 3130 5136 5121
10351 2 2 10 1 1176 5208 3557
10352 2 2 10 1 98 5131 443
10353 2 2 10 1 3010 5177 5172
10354 2 2 10 1 3461 5178 3462
10355 2 2 10 1 5119 5142 1958
10356 2 2 10 1 4910 4920 1696
10357 2 2 10 1 3798 5217 2915
10358 2 2 10 1 3815 5557 1947
10359 2 2 10 1 2934 5216 4064
10360 2 2 10 1 828 5494 4356
10361 2 2 10 1 3549 5310 1781
10362 2 2 10 1 126 5141 125
10363 2 2 10 1 1958 5142 1956
10364 2 2 10 1 5202 5217 3798
10365 2 2 10 1 3010 5172 3008
10366 2 2 10 1 1529 5143 1527
10367 2 2 10 1 5475 5487 1759
10368 2 2 10 1 5496 5508 4264
10369 2 2 10 1 4168 5133 467
10370 2 2 10 1 2050 5144 2053
10371 2 2 10 1 1582 4909 4897
10372 2 2 10 1 3012 5177 3010
10373 2 2 10 1 2191 5147 2189
10374 2 2 10 1 5106 5108 4342
10375 2 2 10 1 3003 5190 5188
10376 2 2 10 1 1617 5486 4349
10377 2 2 10 1 815 5130 4310
10378 2 2 10 1 4349 5489 828
10379 2 2 10 1 3128 5158 5136
10380 2 2 10 1 3487 5261 2945
10381 2 2 10 1 3126 5158 3128
10382 2 2 10 1 1693 5325 3549
10383 2 2 10 1 962 5181 960
10384 2 2 10 1 5217 5236 2915
10385 2 2 10 1 3513 5455 1311
10386 2 2 10 1 3412 5447 3766
10387 2 2 10 1 2766 5134 4335
10388 2 2 10 1 396 5308 4849
10389 2 2 10 1 821 5186 5180
10390 2 2 10 1 4904 4906 1569
10391 2 2 10 1 3003 5188 3001
10392 2 2 10 1 4335 5139 2873
10393 2 2 10 1 3005 5190 3003
10394 2 2 10 1 826 5474 4340
10395 2 2 10 1 267 5164 266
10396 2 2 10 1 420 5395 4575
10397 2 2 10 1 5486 5489 4349
10398 2 2 10 1 3091 5193 3089
10399 2 2 10 1 1531 5166 1529
10400 2 2 10 1 1529 5166 5143
10401 2 2 10 1 4340 5478 1617
10402 2 2 10 1 4876 5071 449
10403 2 2 10 1 2912 5202 3798
10404 2 2 10 1 4879 4919 3161
10405 2 2 10 1 4168 5170 5133
10406 2 2 10 1 5500 5543 3385
10407 2 2 10 1 2922 5198 3475
10408 2 2 10 1 3800 5248 2916
10409 2 2 10 1 5494 5496 4356
10410 2 2 10 1 4067 5213 2987
10411 2 2 10 1 3235 5076 5039
10412 2 2 10 1 5508 5515 1604
10413 2 2 10 1 2999 5203 2997
10414 2 2 10 1 3124 5169 3126
10415 2 2 10 1 1612 5462 4331
10416 2 2 10 1 131 5173 130
10417 2 2 10 1 5468 5475 3483
10418 2 2 10 1 3126 5169 5158
10419 2 2 10 1 1548 5415 1550
10420 2 2 10 1 2085 5237 5231
10421 2 2 10 1 5474 5478 4340
10422 2 2 10 1 5236 5248 3800
10423 2 2 10 1 1308 5251 3553
10424 2 2 10 1 4331 5465 826
10425 2 2 10 1 2995 5207 2993
10426 2 2 10 1 2876 5148 4305
10427 2 2 10 1 2209 5175 2207
10428 2 2 10 1 2875 5130 4880
10429 2 2 10 1 4057 5363 4551
10430 2 2 10 1 2876 5160 5148
10431 2 2 10 1 2991 5210 2989
10432 2 2 10 1 4305 5151 2875
10433 2 2 10 1 827 5448 4322
10434 2 2 10 1 2937 5215 2935
10435 2 2 10 1 816 5159 4317
10436 2 2 10 1 4975 5000 1701
10437 2 2 10 1 2877 5156 4314
10438 2 2 10 1 5134 5139 4335
10439 2 2 10 1 2877 5167 5156
10440 2 2 10 1 4322 5454 1612
10441 2 2 10 1 5462 5465 4331
10442 2 2 10 1 4314 5160 2876
10443 2 2 10 1 5489 5494 828
10444 2 2 10 1 134 5187 133
10445 2 2 10 1 2963 5477 3854
10446 2 2 10 1 2790 5163 4323
10447 2 2 10 1 2219 5184 2217
10448 2 2 10 1 2911 5219 3916
10449 2 2 10 1 424 5170 4168
10450 2 2 10 1 3495 5264 2942
10451 2 2 10 1 1607 5406 4315
10452 2 2 10 1 5248 5265 2916
10453 2 2 10 1 3284 5185 3011
10454 2 2 10 1 2938 5227 3481
10455 2 2 10 1 4323 5167 2877
10456 2 2 10 1 3124 5192 5169
10457 2 2 10 1 3122 5192 3124
10458 2 2 10 1 95 5182 401
10459 2 2 10 1 3543 5271 3267
10460 2 2 10 1 4315 5417 827
10461 2 2 10 1 3517 5272 2940
10462 2 2 10 1 2845 5191 2261
10463 2 2 10 1 5448 5454 4322
10464 2 2 10 1 3534 5276 2931
10465 2 2 10 1 822 5374 4306
10466 2 2 10 1 3799 5281 2918
10467 2 2 10 1 1954 5196 1952
10468 2 2 10 1 819 5168 4339
10469 2 2 10 1 3710 5231 3709
10470 2 2 10 1 2233 5197 2231
10471 2 2 10 1 3973 5235 1162
10472 2 2 10 1 137 5201 136
10473 2 2 10 1 2800 5171 4350
10474 2 2 10 1 1535 5200 1533
10475 2 2 10 1 2239 5199 2237
10476 2 2 10 1 4306 5383 1607
10477 2 2 10 1 5148 5151 4305
10478 2 2 10 1 2318 5211 3291
10479 2 2 10 1 2915 5236 3800
10480 2 2 10 1 5406 5417 4315
10481 2 2 10 1 4350 5176 2874
10482 2 2 10 1 5265 5281 3799
10483 2 2 10 1 3805 5288 2947
10484 2 2 10 1 139 5206 138
10485 2 2 10 1 5478 5486 1617
10486 2 2 10 1 4269 5354 822
10487 2 2 10 1 3890 5250 3891
10488 2 2 10 1 5276 5278 2931
10489 2 2 10 1 5156 5160 4314
10490 2 2 10 1 2871 5179 4372
10491 2 2 10 1 3120 5209 3122
10492 2 2 10 1 424 5214 5170
10493 2 2 10 1 2871 5186 5179
10494 2 2 10 1 141 5212 140
10495 2 2 10 1 5374 5383 4306
10496 2 2 10 1 3543 5278 5271
10497 2 2 10 1 2944 5242 3484
10498 2 2 10 1 3093 5240 3236
10499 2 2 10 1 2817 5180 4379
10500 2 2 10 1 3122 5209 5192
10501 2 2 10 1 820 5195 4358
10502 2 2 10 1 5163 5167 4323
10503 2 2 10 1 4372 5183 2872
10504 2 2 10 1 1616 5279 4320
10505 2 2 10 1 4289 5348 4269
10506 2 2 10 1 146 5220 145
10507 2 2 10 1 824 5249 4332
10508 2 2 10 1 3918 5505 3872
10509 2 2 10 1 5281 5303 2918
10510 2 2 10 1 4379 5186 2871
10511 2 2 10 1 869 5189 4366
10512 2 2 10 1 5465 5474 826
10513 2 2 10 1 4348 5224 4307
10514 2 2 10 1 1628 5205 4348
10515 2 2 10 1 511 5262 4446
10516 2 2 10 1 5040 5072 3232
10517 2 2 10 1 3072 5499 3074
10518 2 2 10 1 1539 5222 1537
10519 2 2 10 1 4358 5194 1628
10520 2 2 10 1 4308 5314 4275
10521 2 2 10 1 3341 5492 2948
10522 2 2 10 1 4345 5194 2862
10523 2 2 10 1 2949 5257 3819
10524 2 2 10 1 4332 5255 1616
10525 2 2 10 1 3101 5254 3099
10526 2 2 10 1 3027 5225 3271
10527 2 2 10 1 4307 5232 824
10528 2 2 10 1 5185 5335 1708
10529 2 2 10 1 5171 5176 4350
10530 2 2 10 1 1542 5335 1544
10531 2 2 10 1 148 5230 147
10532 2 2 10 1 5454 5462 1612
10533 2 2 10 1 3118 5229 3120
10534 2 2 10 1 3353 5262 2932
10535 2 2 10 1 3887 5277 3888
10536 2 2 10 1 3120 5229 5209
10537 2 2 10 1 5249 5255 4332
10538 2 2 10 1 4195 5214 424
10539 2 2 10 1 5104 5124 4329
10540 2 2 10 1 5224 5232 4307
10541 2 2 10 1 93 5234 92
10542 2 2 10 1 413 5345 144
10543 2 2 10 1 2916 5265 3799
10544 2 2 10 1 4368 5205 4345
10545 2 2 10 1 2832 5233 2267
10546 2 2 10 1 5179 5183 4372
10547 2 2 10 1 1902 5500 3385
10548 2 2 10 1 5417 5448 827
10549 2 2 10 1 5194 5195 2862
10550 2 2 10 1 5180 5186 4379
10551 2 2 10 1 4036 5349 1309
10552 2 2 10 1 4446 5262 3353
10553 2 2 10 1 3881 5293 3882
10554 2 2 10 1 3116 5238 3118
10555 2 2 10 1 1543 5239 1541
10556 2 2 10 1 3712 5270 3701
10557 2 2 10 1 150 5243 149
10558 2 2 10 1 2931 5278 3543
10559 2 2 10 1 2953 5285 3263
10560 2 2 10 1 5383 5406 1607
10561 2 2 10 1 3664 5523 3686
10562 2 2 10 1 3549 5325 5310
10563 2 2 10 1 3118 5238 5229
10564 2 2 10 1 4345 5205 5194
10565 2 2 10 1 1309 5349 5337
10566 2 2 10 1 1950 5245 1948
10567 2 2 10 1 1538 5299 1540
10568 2 2 10 1 4265 5226 4262
10569 2 2 10 1 3878 5302 3879
10570 2 2 10 1 4358 5195 5194
10571 2 2 10 1 4400 5228 2880
10572 2 2 10 1 2859 5224 4368
10573 2 2 10 1 2859 5232 5224
10574 2 2 10 1 5348 5354 4269
10575 2 2 10 1 5354 5374 822
10576 2 2 10 1 151 5252 150
10577 2 2 10 1 379 5241 290
10578 2 2 10 1 5205 5224 4348
10579 2 2 10 1 1309 5337 3546
10580 2 2 10 1 170 5221 511
10581 2 2 10 1 4036 5368 5349
10582 2 2 10 1 5240 5253 471
10583 2 2 10 1 3105 5306 5298
10584 2 2 10 1 4039 5301 1185
10585 2 2 10 1 4368 5224 5205
10586 2 2 10 1 3685 5501 5482
10587 2 2 10 1 4364 5232 2859
10588 2 2 10 1 3114 5256 3116
10589 2 2 10 1 4030 5300 4032
10590 2 2 10 1 1547 5258 1545
10591 2 2 10 1 2918 5303 3877
10592 2 2 10 1 3116 5256 5238
10593 2 2 10 1 5194 5205 1628
10594 2 2 10 1 1450 5296 1452
10595 2 2 10 1 3546 5337 5321
10596 2 2 10 1 3236 5240 5234
10597 2 2 10 1 3105 5298 3103
10598 2 2 10 1 4848 5519 512
10599 2 2 10 1 1536 5297 1538
10600 2 2 10 1 2085 5267 2075
10601 2 2 10 1 3107 5315 5306
10602 2 2 10 1 4262 5237 2085
10603 2 2 10 1 150 5252 5243
10604 2 2 10 1 2777 5308 3880
10605 2 2 10 1 5255 5279 1616
10606 2 2 10 1 3107 5306 3105
10607 2 2 10 1 5232 5249 824
10608 2 2 10 1 4303 5244 2334
10609 2 2 10 1 3112 5268 3114
10610 2 2 10 1 1549 5269 1547
10611 2 2 10 1 153 5273 152
10612 2 2 10 1 3277 5299 5297
10613 2 2 10 1 3109 5322 5315
10614 2 2 10 1 5226 5237 4262
10615 2 2 10 1 471 5253 4193
10616 2 2 10 1 2073 5246 4303
10617 2 2 10 1 4261 5526 4260
10618 2 2 10 1 2063 5274 2061
10619 2 2 10 1 3114 5268 5256
10620 2 2 10 1 1547 5269 5258
10621 2 2 10 1 1520 5309 1785
10622 2 2 10 1 3290 5275 3004
10623 2 2 10 1 4712 5386 5
10624 2 2 10 1 4711 5387 188
10625 2 2 10 1 4206 5259 393
10626 2 2 10 1 1553 5280 1551
10627 2 2 10 1 5253 5263 4193
10628 2 2 10 1 3109 5315 3107
10629 2 2 10 1 2882 5255 5249
10630 2 2 10 1 2882 5249 4364
10631 2 2 10 1 393 5259 5247
10632 2 2 10 1 3111 5329 5322
10633 2 2 10 1 3230 5295 3231
10634 2 2 10 1 3546 5321 1164
10635 2 2 10 1 154 5289 153
10636 2 2 10 1 4206 5266 5259
10637 2 2 10 1 1454 5316 1456
10638 2 2 10 1 4193 5263 412
10639 2 2 10 1 4742 5456 510
10640 2 2 10 1 1787 5283 1676
10641 2 2 10 1 1946 5286 1944
10642 2 2 10 1 1557 5287 1555
10643 2 2 10 1 4353 5255 2882
10644 2 2 10 1 3111 5322 3109
10645 2 2 10 1 88 5291 87
10646 2 2 10 1 3110 5290 3112
10647 2 2 10 1 3113 5334 5329
10648 2 2 10 1 1561 5292 1559
10649 2 2 10 1 3112 5290 5268
10650 2 2 10 1 505 5266 4206
10651 2 2 10 1 5333 5338 3211
10652 2 2 10 1 4364 5249 5232
10653 2 2 10 1 1526 5326 1528
10654 2 2 10 1 3113 5329 3111
10655 2 2 10 1 3115 5343 5334
10656 2 2 10 1 505 5282 5266
10657 2 2 10 1 1214 5307 1156
10658 2 2 10 1 4303 5246 5244
10659 2 2 10 1 3205 5353 5330
10660 2 2 10 1 5339 5343 3117
10661 2 2 10 1 3205 5330 3202
10662 2 2 10 1 2803 5336 3886
10663 2 2 10 1 153 5289 5273
10664 2 2 10 1 156 5304 155
10665 2 2 10 1 5338 5346 3209
10666 2 2 10 1 3213 5333 3211
10667 2 2 10 1 4208 5282 505
10668 2 2 10 1 3115 5334 3113
10669 2 2 10 1 5109 5132 4312
10670 2 2 10 1 1310 5407 3536
10671 2 2 10 1 4962 4971 3959
10672 2 2 10 1 5346 5353 3207
10673 2 2 10 1 3211 5338 3209
10674 2 2 10 1 4208 5294 5282
10675 2 2 10 1 3119 5339 3117
10676 2 2 10 1 3261 5352 4899
10677 2 2 10 1 2893 5279 4353
10678 2 2 10 1 3536 5407 5364
10679 2 2 10 1 3117 5343 3115
10680 2 2 10 1 3230 5317 5295
10681 2 2 10 1 3971 5375 1698
10682 2 2 10 1 4320 5284 823
10683 2 2 10 1 428 5294 4208
10684 2 2 10 1 3021 5310 3023
10685 2 2 10 1 2056 5312 2052
10686 2 2 10 1 3106 5313 3108
10687 2 2 10 1 3209 5346 3207
10688 2 2 10 1 1460 5344 1462
10689 2 2 10 1 3718 5341 3715
10690 2 2 10 1 4054 5401 4768
10691 2 2 10 1 1190 5435 3520
10692 2 2 10 1 428 5305 5294
10693 2 2 10 1 5375 5388 1698
10694 2 2 10 1 4914 5058 408
10695 2 2 10 1 3657 5441 1700
10696 2 2 10 1 3680 5442 1734
10697 2 2 10 1 3207 5353 3205
10698 2 2 10 1 3661 5445 1709
10699 2 2 10 1 5297 5299 1538
10700 2 2 10 1 1514 5351 1690
10701 2 2 10 1 1544 5350 1546
10702 2 2 10 1 1516 5352 1518
10703 2 2 10 1 4209 5305 428
10704 2 2 10 1 4353 5279 5255
10705 2 2 10 1 3260 5317 3230
10706 2 2 10 1 1310 5425 5407
10707 2 2 10 1 1311 5453 3519
10708 2 2 10 1 3194 5382 5362
10709 2 2 10 1 1942 5324 1940
10710 2 2 10 1 2848 5365 3889
10711 2 2 10 1 3194 5362 3192
10712 2 2 10 1 3123 5361 3121
10713 2 2 10 1 4209 5311 5305
10714 2 2 10 1 3247 5359 3200
10715 2 2 10 1 3536 5364 1155
10716 2 2 10 1 3023 5325 3025
10717 2 2 10 1 4034 5368 4036
10718 2 2 10 1 1464 5360 1466
10719 2 2 10 1 277 5328 276
10720 2 2 10 1 393 5247 4495
10721 2 2 10 1 5397 5466 2973
10722 2 2 10 1 5310 5325 3023
10723 2 2 10 1 4254 5540 4253
10724 2 2 10 1 482 5311 4209
10725 2 2 10 1 5376 5382 3196
10726 2 2 10 1 2977 5472 5467
10727 2 2 10 1 4728 5370 341
10728 2 2 10 1 3520 5435 5425
10729 2 2 10 1 4729 5369 158
10730 2 2 10 1 1190 5449 5435
10731 2 2 10 1 3102 5332 3104
10732 2 2 10 1 1510 5366 1512
10733 2 2 10 1 482 5320 5311
10734 2 2 10 1 3127 5373 3125
10735 2 2 10 1 5442 5451 1734
10736 2 2 10 1 4211 5318 490
10737 2 2 10 1 3872 5533 3871
10738 2 2 10 1 3198 5376 3196
10739 2 2 10 1 4191 5320 482
10740 2 2 10 1 3657 5450 5441
10741 2 2 10 1 3871 5547 3873
10742 2 2 10 1 3661 5451 5445
10743 2 2 10 1 3519 5453 5449
10744 2 2 10 1 3246 5391 2960
10745 2 2 10 1 3196 5382 3194
10746 2 2 10 1 4191 5327 5320
10747 2 2 10 1 3100 5340 3102
10748 2 2 10 1 3131 5385 3129
10749 2 2 10 1 4275 5319 868
10750 2 2 10 1 1698 5388 3961
10751 2 2 10 1 5396 5402 3188
10752 2 2 10 1 2044 5342 2350
10753 2 2 10 1 1504 5384 1506
10754 2 2 10 1 3398 5460 2959
10755 2 2 10 1 392 5327 4191
10756 2 2 10 1 5402 5408 3186
10757 2 2 10 1 2788 5211 4912
10758 2 2 10 1 3102 5340 5332
10759 2 2 10 1 2897 5399 3585
10760 2 2 10 1 5408 5413 3184
10761 2 2 10 1 3135 5393 3133
10762 2 2 10 1 1472 5390 1474
10763 2 2 10 1 4726 5485 4728
10764 2 2 10 1 4901 5511 3251
10765 2 2 10 1 5413 5418 3182
10766 2 2 10 1 4211 5347 5318
10767 2 2 10 1 4070 5428 3316
10768 2 2 10 1 3190 5396 3188
10769 2 2 10 1 5418 5424 3180
10770 2 2 10 1 1508 5398 1694
10771 2 2 10 1 3188 5402 3186
10772 2 2 10 1 280 5355 279
10773 2 2 10 1 5424 5426 3177
10774 2 2 10 1 79 5356 78
10775 2 2 10 1 4078 5434 3302
10776 2 2 10 1 3139 5405 3137
10777 2 2 10 1 5426 5429 3175
10778 2 2 10 1 4079 5438 3275
10779 2 2 10 1 3186 5408 3184
10780 2 2 10 1 5429 5432 3171
10781 2 2 10 1 5411 5444 1496
10782 2 2 10 1 3096 5357 3098
10783 2 2 10 1 3184 5413 3182
10784 2 2 10 1 5368 5389 2565
10785 2 2 10 1 1581 4971 4962
10786 2 2 10 1 3032 5358 3034
10787 2 2 10 1 1494 5411 1496
10788 2 2 10 1 3182 5418 3180
10789 2 2 10 1 4936 4982 2976
10790 2 2 10 1 1478 5412 1480
10791 2 2 10 1 3520 5425 1310
10792 2 2 10 1 3145 5420 3143
10793 2 2 10 1 3180 5424 3177
10794 2 2 10 1 1550 5419 1552
10795 2 2 10 1 41 5367 40
10796 2 2 10 1 3177 5426 3175
10797 2 2 10 1 77 5371 76
10798 2 2 10 1 3060 5471 3062
10799 2 2 10 1 3175 5429 3171
10800 2 2 10 1 3151 5430 3149
10801 2 2 10 1 3866 5470 3246
10802 2 2 10 1 3171 5432 3169
10803 2 2 10 1 3914 5464 3915
10804 2 2 10 1 1482 5427 1484
10805 2 2 10 1 388 5347 4211
10806 2 2 10 1 2981 5485 4726
10807 2 2 10 1 3157 5436 3155
10808 2 2 10 1 3915 5484 3918
10809 2 2 10 1 3164 5437 3162
10810 2 2 10 1 5191 5314 4309
10811 2 2 10 1 3034 5372 3037
10812 2 2 10 1 3519 5449 1190
10813 2 2 10 1 1758 5450 3657
10814 2 2 10 1 1734 5451 3661
10815 2 2 10 1 1496 5444 1498
10816 2 2 10 1 75 5379 74
10817 2 2 10 1 283 5380 282
10818 2 2 10 1 5358 5372 3034
10819 2 2 10 1 3037 5377 3039
10820 2 2 10 1 4040 5458 4038
10821 2 2 10 1 388 5378 5347
10822 2 2 10 1 73 5392 72
10823 2 2 10 1 4410 5323 514
10824 2 2 10 1 5372 5377 3037
10825 2 2 10 1 2565 5389 1932
10826 2 2 10 1 375 5061 4930
10827 2 2 10 1 46 5394 45
10828 2 2 10 1 4318 5354 2832
10829 2 2 10 1 3792 5456 3791
10830 2 2 10 1 286 5400 285
10831 2 2 10 1 71 5404 70
10832 2 2 10 1 340 5370 518
10833 2 2 10 1 157 5369 517
10834 2 2 10 1 5466 5472 2961
10835 2 2 10 1 459 5401 4411
10836 2 2 10 1 5473 5476 2951
10837 2 2 10 1 289 5410 288
10838 2 2 10 1 3043 5403 3045
10839 2 2 10 1 479 5505 4182
10840 2 2 10 1 69 5414 68
10841 2 2 10 1 3084 5409 3086
10842 2 2 10 1 68 5423 67
10843 2 2 10 1 4203 5378 388
10844 2 2 10 1 2961 5472 2977
10845 2 2 10 1 2973 5466 2961
10846 2 2 10 1 2048 5416 2046
10847 2 2 10 1 2959 5473 2951
10848 2 2 10 1 2914 5383 5374
10849 2 2 10 1 3082 5421 3084
10850 2 2 10 1 2832 5354 5348
10851 2 2 10 1 2914 5374 4318
10852 2 2 10 1 3790 5552 3262
10853 2 2 10 1 2951 5476 3856
10854 2 2 10 1 2952 5457 3304
10855 2 2 10 1 143 5345 5213
10856 2 2 10 1 56 5440 55
10857 2 2 10 1 3050 5431 3052
10858 2 2 10 1 57 5443 56
10859 2 2 10 1 3078 5433 3080
10860 2 2 10 1 3084 5421 5409
10861 2 2 10 1 4291 5383 2914
10862 2 2 10 1 3074 5446 3076
10863 2 2 10 1 5414 5423 68
10864 2 2 10 1 5114 5147 4282
10865 2 2 10 1 5533 5547 3871
10866 2 2 10 1 4203 5452 5378
10867 2 2 10 1 4318 5374 5354
10868 2 2 10 1 3326 5485 2981
10869 2 2 10 1 2920 5417 5406
10870 2 2 10 1 2920 5406 4291
10871 2 2 10 1 4551 5363 436
10872 2 2 10 1 370 5386 520
10873 2 2 10 1 187 5387 519
10874 2 2 10 1 56 5443 5440
10875 2 2 10 1 215 5461 214
10876 2 2 10 1 4316 5417 2920
10877 2 2 10 1 3675 5502 3673
10878 2 2 10 1 1914 5463 1912
10879 2 2 10 1 4080 5528 2380
10880 2 2 10 1 3774 5535 3771
10881 2 2 10 1 1157 5481 4040
10882 2 2 10 1 1901 5483 1902
10883 2 2 10 1 486 5452 4203
10884 2 2 10 1 2998 5468 3000
10885 2 2 10 1 5068 5087 3049
10886 2 2 10 1 4291 5406 5383
10887 2 2 10 1 4536 5381 433
10888 2 2 10 1 2923 5454 5448
10889 2 2 10 1 3763 5519 3764
10890 2 2 10 1 3174 5000 4975
10891 2 2 10 1 2956 5481 3320
10892 2 2 10 1 3269 5549 3270
10893 2 2 10 1 2923 5448 4316
10894 2 2 10 1 4326 5454 2923
10895 2 2 10 1 2874 5159 4939
10896 2 2 10 1 2996 5475 2998
10897 2 2 10 1 5460 5473 2959
10898 2 2 10 1 4374 5455 2921
10899 2 2 10 1 4413 5395 420
10900 2 2 10 1 2998 5475 5468
10901 2 2 10 1 403 5026 4954
10902 2 2 10 1 2805 5480 2308
10903 2 2 10 1 2930 5465 5462
10904 2 2 10 1 4407 5511 419
10905 2 2 10 1 4316 5448 5417
10906 2 2 10 1 5514 5524 1846
10907 2 2 10 1 1591 5525 1677
10908 2 2 10 1 3270 5503 3268
10909 2 2 10 1 2930 5462 4326
10910 2 2 10 1 1693 5331 5225
10911 2 2 10 1 10 5490 9
10912 2 2 10 1 4406 5422 508
10913 2 2 10 1 3247 5367 5359
10914 2 2 10 1 2994 5487 2996
10915 2 2 10 1 4725 5447 372
10916 2 2 10 1 2996 5487 5475
10917 2 2 10 1 4336 5465 2930
10918 2 2 10 1 3293 5488 2964
10919 2 2 10 1 3385 5543 2367
10920 2 2 10 1 2979 5559 4124
10921 2 2 10 1 2494 5538 2968
10922 2 2 10 1 5503 5516 3268
10923 2 2 10 1 3268 5516 3266
10924 2 2 10 1 1947 5557 1949
10925 2 2 10 1 2992 5493 2994
10926 2 2 10 1 2939 5478 5474
10927 2 2 10 1 5516 5527 3266
10928 2 2 10 1 3244 5536 3243
10929 2 2 10 1 4326 5462 5454
10930 2 2 10 1 2994 5493 5487
10931 2 2 10 1 1846 5524 2974
10932 2 2 10 1 2939 5474 4336
10933 2 2 10 1 4960 5032 475
10934 2 2 10 1 2799 5495 2314
10935 2 2 10 1 406 5491 216
10936 2 2 10 1 3251 5546 3250
10937 2 2 10 1 4346 5478 2939
10938 2 2 10 1 4182 5484 379
10939 2 2 10 1 4159 5514 1846
10940 2 2 10 1 5045 5060 1697
10941 2 2 10 1 2990 5507 2992
10942 2 2 10 1 3266 5527 3265
10943 2 2 10 1 2992 5507 5493
10944 2 2 10 1 2943 5489 5486
10945 2 2 10 1 5483 5500 1902
10946 2 2 10 1 5233 5348 4290
10947 2 2 10 1 2988 5513 2990
10948 2 2 10 1 2943 5486 4346
10949 2 2 10 1 4336 5474 5465
10950 2 2 10 1 4389 5506 4388
10951 2 2 10 1 4150 5517 2365
10952 2 2 10 1 5536 5545 3243
10953 2 2 10 1 385 5509 297
10954 2 2 10 1 2990 5513 5507
10955 2 2 10 1 4344 5489 2943
10956 2 2 10 1 515 5046 4988
10957 2 2 10 1 5546 5555 3250
10958 2 2 10 1 460 5477 4774
10959 2 2 10 1 1672 5554 1233
10960 2 2 10 1 4270 5498 825
10961 2 2 10 1 4409 5469 435
10962 2 2 10 1 4503 5459 2869
10963 2 2 10 1 5464 5484 3915
10964 2 2 10 1 4360 5494 4344
10965 2 2 10 1 5302 5328 3879
10966 2 2 10 1 450 5522 60
10967 2 2 10 1 3243 5545 3338
10968 2 2 10 1 2810 5508 5496
10969 2 2 10 1 3296 5530 3088
10970 2 2 10 1 220 5539 219
10971 2 2 10 1 2079 5551 1789
10972 2 2 10 1 4346 5486 5478
10973 2 2 10 1 3250 5555 3343
10974 2 2 10 1 3094 5531 3276
10975 2 2 10 1 2810 5496 4360
10976 2 2 10 1 2504 5562 1819
10977 2 2 10 1 2350 5501 4387
10978 2 2 10 1 470 5497 4454
10979 2 2 10 1 448 5336 4931
10980 2 2 10 1 4252 5520 867
10981 2 2 10 1 387 5529 63
10982 2 2 10 1 4344 5494 5489
10983 2 2 10 1 221 5563 220
10984 2 2 10 1 4369 5508 2810
10985 2 2 10 1 5459 5503 3270
10986 2 2 10 1 508 5422 4733
10987 2 2 10 1 406 5521 5502
10988 2 2 10 1 4204 5521 406
10989 2 2 10 1 379 5484 5464
10990 2 2 10 1 2030 5550 2028
10991 2 2 10 1 2974 5548 3273
10992 2 2 10 1 3291 5542 2799
10993 2 2 10 1 442 5537 66
10994 2 2 10 1 4360 5496 5494
10995 2 2 10 1 2955 5515 4369
10996 2 2 10 1 5398 5431 1694
10997 2 2 10 1 420 5504 177
10998 2 2 10 1 4204 5534 5521
10999 2 2 10 1 64 5544 387
11000 2 2 10 1 4245 5532 3293
11001 2 2 10 1 220 5563 5539
11002 2 2 10 1 5538 5548 2974
11003 2 2 10 1 61 5558 450
11004 2 2 10 1 142 5561 476
11005 2 2 10 1 353 5553 352
11006 2 2 10 1 4183 5533 479
11007 2 2 10 1 5482 5501 2350
11008 2 2 10 1 487 5534 4204
11009 2 2 10 1 433 5518 346
11010 2 2 10 1 4183 5547 5533
11011 2 2 10 1 4369 5515 5508
11012 2 2 10 1 3766 5447 4725
11013 2 2 10 1 2957 5479 4522
11014 2 2 10 1 438 5547 4183
11015 2 2 10 1 408 5051 4996
11016 2 2 10 1 2351 5541 4386
11017 2 2 10 1 4386 5556 2352
11018 2 2 10 1 5275 5415 1725
11019 2 2 10 1 3791 5456 4742
11020 2 2 10 1 2799 5542 5540
11021 2 2 10 1 5541 5556 4386
11022 2 2 10 1 4956 5520 2805
11023 2 2 10 1 519 5387 4711
11024 2 2 10 1 520 5386 4712
11025 2 2 10 1 2872 5168 4989
11026 2 2 10 1 3179 5060 5045
11027 2 2 10 1 5115 5175 4274
11028 2 2 10 1 4774 5477 2963
11029 2 2 10 1 4976 5498 2955
11030 2 2 10 1 449 5072 5040
11031 2 2 10 1 518 5370 4728
11032 2 2 10 1 517 5369 4729
11033 2 2 10 1 5039 5076 439
11034 2 2 10 1 4768 5401 459
11035 2 2 10 1 4822 5549 1787
11036 2 2 10 1 3271 5326 5003
11037 2 2 10 1 3764 5519 4848
11038 2 2 10 1 5351 5403 1690
11039 2 2 10 1 3238 5165 5131
11040 2 2 10 1 5112 5184 4280
11041 2 2 10 1 4712 5397 520
11042 2 2 10 1 380 5087 5068
11043 2 2 10 1 4863 5557 3815
11044 2 2 10 1 5116 5129 3036
11045 2 2 10 1 5293 5355 3882
11046 2 2 10 1 5036 5419 3290
11047 2 2 10 1 2829 5189 5059
11048 2 2 10 1 5044 5270 2059
11049 2 2 10 1 3684 5482 5342
11050 2 2 10 1 5102 5197 4293
11051 2 2 10 1 397 5365 5038
11052 2 2 10 1 405 5129 5116
11053 2 2 10 1 5309 5377 1785
11054 2 2 10 1 3702 5274 5161
11055 2 2 10 1 4729 5492 517
11056 2 2 10 1 3684 5416 5056
11057 2 2 10 1 5069 5319 2845
11058 2 2 10 1 5096 5199 4334
11059 2 2 10 1 5075 5284 2893
11060 2 2 10 1 479 5533 5505
11061 2 2 10 1 5505 5533 3872
11062 2 2 10 1 3237 5204 5182
11063 2 2 10 1 2862 5195 5078
11064 2 2 10 1 5053 5506 2986
11065 2 2 10 1 5131 5165 443
11066 2 2 10 1 435 5469 4862
11067 2 2 10 1 3293 5525 5488
11068 2 2 10 1 5077 5350 3284
11069 2 2 10 1 419 5511 4901
11070 2 2 10 1 490 5318 5260
11071 2 2 10 1 5260 5318 3733
11072 2 2 10 1 5277 5380 3888
11073 2 2 10 1 5182 5204 401
11074 2 2 10 1 3270 5549 4822
11075 2 2 10 1 3277 5297 5105
11076 2 2 10 1 3716 5312 5152
11077 2 2 10 1 3074 5499 5446
11078 2 2 10 1 5126 5299 3277
11079 2 2 10 1 5231 5267 2085
11080 2 2 10 1 3710 5267 5231
11081 2 2 10 1 441 5399 5123
11082 2 2 10 1 1787 5549 5283
11083 2 2 10 1 5442 5499 3072
11084 2 2 10 1 5122 5458 2368
11085 2 2 10 1 2845 5314 5191
11086 2 2 10 1 5144 5341 2053
11087 2 2 10 1 4945 5560 3339
11088 2 2 10 1 5250 5400 3891
11089 2 2 10 1 3284 5335 5185
11090 2 2 10 1 5225 5331 3271
11091 2 2 10 1 4039 5463 5301
11092 2 2 10 1 5213 5345 2987
11093 2 2 10 1 2832 5348 5233
11094 2 2 10 1 4058 5510 4988
11095 2 2 10 1 5438 5522 3275
11096 2 2 10 1 5480 5526 4261
11097 2 2 10 1 5219 5410 3916
11098 2 2 10 1 3290 5415 5275
11099 2 2 10 1 5434 5529 3302
11100 2 2 10 1 379 5464 5241
11101 2 2 10 1 5450 5471 3060
11102 2 2 10 1 5495 5540 4254
11103 2 2 10 1 4067 5561 5213
11104 2 2 10 1 5523 5541 2351
11105 2 2 10 1 3664 5541 5523
11106 2 2 10 1 5388 5530 3961
11107 2 2 10 1 5428 5537 3316
11108 2 2 10 1 5342 5482 2350
11109 2 2 10 1 1758 5471 5450
11110 2 2 10 1 4070 5544 5428
11111 2 2 10 1 3971 5531 5375
11112 2 2 10 1 4407 5512 5511
11113 2 2 10 1 5511 5512 3251
11114 2 2 10 1 3293 5532 5525
11115 2 2 10 1 5525 5532 1677
11116 2 2 10 1 3680 5499 5442
11117 2 2 10 1 4078 5558 5434
11118 2 2 10 1 5491 5502 3675
11119 2 2 10 1 5283 5549 3269
11120 2 2 10 1 406 5502 5491
11121 2 2 10 1 2805 5526 5480
11122 2 2 10 1 2968 5538 5524
11123 2 2 10 1 2799 5540 5495
11124 2 2 10 1 5524 5538 2974
$EndElements
