$MeshFormat
2.2 0 8
$EndMeshFormat
$PhysicalNames
5
1 1 "bottom"
1 2 "right"
1 3 "top"
1 4 "left"
2 10 "fluid_domain"
$EndPhysicalNames
$Nodes
4514
1 0 0 0
2 1 0 0
3 1 1 0
4 0 1 0
5 0.01369863013698633 0 0
6 0.02739726027397266 0 0
7 0.041095890410959 0 0
8 0.05479452054794533 0 0
9 0.06849315068493166 0 0
10 0.082191780821918 0 0
11 0.09589041095890433 0 0
12 0.1095890410958907 0 0
13 0.123287671232877 0 0
14 0.1369863013698633 0 0
15 0.1506849315068496 0 0
16 0.1643835616438359 0 0
17 0.1780821917808222 0 0
18 0.1917808219178085 0 0
19 0.2054794520547948 0 0
20 0.2191780821917812 0 0
21 0.2328767123287675 0 0
22 0.2465753424657538 0 0
23 0.2602739726027402 0 0
24 0.2739726027397266 0 0
25 0.2876712328767129 0 0
26 0.3013698630136992 0 0
27 0.3150684931506856 0 0
28 0.328767123287672 0 0
29 0.3424657534246583 0 0
30 0.3561643835616447 0 0
31 0.369863013698631 0 0
32 0.3835616438356174 0 0
33 0.3972602739726037 0 0
34 0.4109589041095901 0 0
35 0.4246575342465764 0 0
36 0.4383561643835628 0 0
37 0.4520547945205491 0 0
38 0.4657534246575354 0 0
39 0.4794520547945217 0 0
40 0.4931506849315079 0 0
41 0.5068493150684942 0 0
42 0.5205479452054805 0 0
43 0.5342465753424668 0 0
44 0.547945205479453 0 0
45 0.5616438356164393 0 0
46 0.5753424657534255 0 0
47 0.5890410958904118 0 0
48 0.602739726027398 0 0
49 0.6164383561643844 0 0
50 0.6301369863013706 0 0
51 0.6438356164383569 0 0
52 0.6575342465753432 0 0
53 0.6712328767123295 0 0
54 0.6849315068493157 0 0
55 0.6986301369863019 0 0
56 0.7123287671232883 0 0
57 0.7260273972602745 0 0
58 0.7397260273972608 0 0
59 0.753424657534247 0 0
60 0.7671232876712333 0 0
61 0.7808219178082195 0 0
62 0.7945205479452058 0 0
63 0.8082191780821921 0 0
64 0.8219178082191784 0 0
65 0.8356164383561646 0 0
66 0.8493150684931509 0 0
67 0.8630136986301372 0 0
68 0.8767123287671235 0 0
69 0.8904109589041099 0 0
70 0.9041095890410961 0 0
71 0.9178082191780823 0 0
72 0.9315068493150687 0 0
73 0.9452054794520548 0 0
74 0.9589041095890412 0 0
75 0.9726027397260273 0 0
76 0.9863013698630136 0 0
77 1 0.01369863013698633 0
78 1 0.02739726027397266 0
79 1 0.041095890410959 0
80 1 0.05479452054794533 0
81 1 0.06849315068493166 0
82 1 0.082191780821918 0
83 1 0.09589041095890433 0
84 1 0.1095890410958907 0
85 1 0.123287671232877 0
86 1 0.1369863013698633 0
87 1 0.1506849315068496 0
88 1 0.1643835616438359 0
89 1 0.1780821917808222 0
90 1 0.1917808219178085 0
91 1 0.2054794520547948 0
92 1 0.2191780821917812 0
93 1 0.2328767123287675 0
94 1 0.2465753424657538 0
95 1 0.2602739726027402 0
96 1 0.2739726027397266 0
97 1 0.2876712328767129 0
98 1 0.3013698630136992 0
99 1 0.3150684931506856 0
100 1 0.328767123287672 0
101 1 0.3424657534246583 0
102 1 0.3561643835616447 0
103 1 0.369863013698631 0
104 1 0.3835616438356174 0
105 1 0.3972602739726037 0
106 1 0.4109589041095901 0
107 1 0.4246575342465764 0
108 1 0.4383561643835628 0
109 1 0.4520547945205491 0
110 1 0.4657534246575354 0
111 1 0.4794520547945217 0
112 1 0.4931506849315079 0
113 1 0.5068493150684942 0
114 1 0.5205479452054805 0
115 1 0.5342465753424668 0
116 1 0.547945205479453 0
117 1 0.5616438356164393 0
118 1 0.5753424657534255 0
119 1 0.5890410958904118 0
120 1 0.602739726027398 0
121 1 0.6164383561643844 0
122 1 0.6301369863013706 0
123 1 0.6438356164383569 0
124 1 0.6575342465753432 0
125 1 0.6712328767123295 0
126 1 0.6849315068493157 0
127 1 0.6986301369863019 0
128 1 0.7123287671232883 0
129 1 0.7260273972602745 0
130 1 0.7397260273972608 0
131 1 0.753424657534247 0
132 1 0.7671232876712333 0
133 1 0.7808219178082195 0
134 1 0.7945205479452058 0
135 1 0.8082191780821921 0
136 1 0.8219178082191784 0
137 1 0.8356164383561646 0
138 1 0.8493150684931509 0
139 1 0.8630136986301372 0
140 1 0.8767123287671235 0
141 1 0.8904109589041099 0
142 1 0.9041095890410961 0
143 1 0.9178082191780823 0
144 1 0.9315068493150687 0
145 1 0.9452054794520548 0
146 1 0.9589041095890412 0
147 1 0.9726027397260273 0
148 1 0.9863013698630136 0
149 0.9863013698630136 1 0
150 0.9726027397260273 1 0
151 0.958904109589041 1 0
152 0.9452054794520547 1 0
153 0.9315068493150683 1 0
154 0.917808219178082 1 0
155 0.9041095890410957 1 0
156 0.8904109589041094 1 0
157 0.876712328767123 1 0
158 0.8630136986301367 1 0
159 0.8493150684931504 1 0
160 0.8356164383561641 1 0
161 0.8219178082191778 1 0
162 0.8082191780821915 1 0
163 0.7945205479452051 1 0
164 0.7808219178082189 1 0
165 0.7671232876712325 1 0
166 0.7534246575342461 1 0
167 0.7397260273972598 1 0
168 0.7260273972602734 1 0
169 0.7123287671232871 1 0
170 0.6986301369863008 1 0
171 0.6849315068493144 1 0
172 0.671232876712328 1 0
173 0.6575342465753417 1 0
174 0.6438356164383553 1 0
175 0.6301369863013691 1 0
176 0.6164383561643826 1 0
177 0.6027397260273963 1 0
178 0.5890410958904099 1 0
179 0.5753424657534236 1 0
180 0.5616438356164373 1 0
181 0.5479452054794509 1 0
182 0.5342465753424646 1 0
183 0.5205479452054783 1 0
184 0.5068493150684921 1 0
185 0.4931506849315058 1 0
186 0.4794520547945195 1 0
187 0.4657534246575332 1 0
188 0.452054794520547 1 0
189 0.4383561643835607 1 0
190 0.4246575342465745 1 0
191 0.4109589041095882 1 0
192 0.397260273972602 1 0
193 0.3835616438356156 1 0
194 0.3698630136986294 1 0
195 0.3561643835616431 1 0
196 0.3424657534246568 1 0
197 0.3287671232876705 1 0
198 0.3150684931506843 1 0
199 0.3013698630136981 1 0
200 0.2876712328767117 1 0
201 0.2739726027397255 1 0
202 0.2602739726027392 1 0
203 0.246575342465753 1 0
204 0.2328767123287667 1 0
205 0.2191780821917805 1 0
206 0.2054794520547942 1 0
207 0.1917808219178079 1 0
208 0.1780821917808216 1 0
209 0.1643835616438354 1 0
210 0.1506849315068491 1 0
211 0.1369863013698628 1 0
212 0.1232876712328765 1 0
213 0.1095890410958901 1 0
214 0.09589041095890394 1 0
215 0.08219178082191769 1 0
216 0.06849315068493134 1 0
217 0.0547945205479452 1 0
218 0.04109589041095885 1 0
219 0.02739726027397271 1 0
220 0.01369863013698636 1 0
221 0 0.9863013698630136 0
222 0 0.9726027397260273 0
223 0 0.958904109589041 0
224 0 0.9452054794520547 0
225 0 0.9315068493150683 0
226 0 0.917808219178082 0
227 0 0.9041095890410957 0
228 0 0.8904109589041094 0
229 0 0.876712328767123 0
230 0 0.8630136986301367 0
231 0 0.8493150684931504 0
232 0 0.8356164383561641 0
233 0 0.8219178082191778 0
234 0 0.8082191780821915 0
235 0 0.7945205479452051 0
236 0 0.7808219178082189 0
237 0 0.7671232876712325 0
238 0 0.7534246575342461 0
239 0 0.7397260273972598 0
240 0 0.7260273972602734 0
241 0 0.7123287671232871 0
242 0 0.6986301369863008 0
243 0 0.6849315068493144 0
244 0 0.671232876712328 0
245 0 0.6575342465753417 0
246 0 0.6438356164383553 0
247 0 0.6301369863013691 0
248 0 0.6164383561643826 0
249 0 0.6027397260273963 0
250 0 0.5890410958904099 0
251 0 0.5753424657534236 0
252 0 0.5616438356164373 0
253 0 0.5479452054794509 0
254 0 0.5342465753424646 0
255 0 0.5205479452054783 0
256 0 0.5068493150684921 0
257 0 0.4931506849315058 0
258 0 0.4794520547945195 0
259 0 0.4657534246575332 0
260 0 0.452054794520547 0
261 0 0.4383561643835607 0
262 0 0.4246575342465745 0
263 0 0.4109589041095882 0
264 0 0.397260273972602 0
265 0 0.3835616438356156 0
266 0 0.3698630136986294 0
267 0 0.3561643835616431 0
268 0 0.3424657534246568 0
269 0 0.3287671232876705 0
270 0 0.3150684931506843 0
271 0 0.3013698630136981 0
272 0 0.2876712328767117 0
273 0 0.2739726027397255 0
274 0 0.2602739726027392 0
275 0 0.246575342465753 0
276 0 0.2328767123287667 0
277 0 0.2191780821917805 0
278 0 0.2054794520547942 0
279 0 0.1917808219178079 0
280 0 0.1780821917808216 0
281 0 0.1643835616438354 0
282 0 0.1506849315068491 0
283 0 0.1369863013698628 0
284 0 0.1232876712328765 0
285 0 0.1095890410958901 0
286 0 0.09589041095890394 0
287 0 0.08219178082191769 0
288 0 0.06849315068493134 0
289 0 0.0547945205479452 0
290 0 0.04109589041095885 0
291 0 0.02739726027397271 0
292 0 0.01369863013698636 0
293 0.01187381890105765 0.5003049877811291 0
294 0.988628312828245 0.499844408257457 0
295 0.5005561999061476 0.01286798724716504 0
296 0.4999999999999989 0.9883651420901208 0
297 0.3903914420279995 0.01157469647059584 0
298 0.6095109650806356 0.9866780232631711 0
299 0.01165080963291776 0.6110710150653569 0
300 0.9890692335296745 0.3900376962129875 0
301 0.9870872506179595 0.5949576053602301 0
302 0.404190871677653 0.9884375281826029 0
303 0.5952741146268639 0.01255113929189522 0
304 0.01189664784430655 0.4050614394475848 0
305 0.9891910610768369 0.6927912666852551 0
306 0.6919057866438298 0.0122309315450414 0
307 0.3081415483094686 0.9878328569709776 0
308 0.01118833484105641 0.3081787370385859 0
309 0.6928100836030437 0.9880555362127633 0
310 0.01144083797904594 0.6900167909196507 0
311 0.3082191780821925 0.01186336169567725 0
312 0.9878855405760929 0.3079798932957409 0
313 0.2258705905913422 0.9871325029142883 0
314 0.9885906030062126 0.7720001073961171 0
315 0.9890674727743974 0.2260251547239037 0
316 0.2244876441201342 0.01126479918148748 0
317 0.7723039446014885 0.9869954168216621 0
318 0.01148339895383227 0.77399822044605 0
319 0.7746374919135504 0.01193442031069081 0
320 0.01234012193061151 0.2254676380589114 0
321 0.01173625658128985 0.8407426237341632 0
322 0.843347065875959 0.9875878945958217 0
323 0.1562908368799049 0.01103102787116661 0
324 0.9887764383274356 0.1586408770640969 0
325 0.9881366383043229 0.8424657534246578 0
326 0.157664532431492 0.9877633089134575 0
327 0.8424657534246578 0.0118633616956772 0
328 0.01133567384718104 0.1558581642836254 0
329 0.5547945205479441 0.9883665558228667 0
330 0.9879668861272644 0.4468453688815531 0
331 0.4452054794520559 0.01186336169567725 0
332 0.01186336169567731 0.5547945205479441 0
333 0.990866204429169 0.8969319846369245 0
334 0.1021769484147002 0.9865832348055721 0
335 0.897260273972603 0.01186336169567709 0
336 0.1021219102169648 0.01202036593143063 0
337 0.01046645493142406 0.1033901434206062 0
338 0.01147160494977639 0.8971209764984855 0
339 0.9889261770217028 0.1025257978625406 0
340 0.897502552289402 0.988302686688188 0
341 0.34931506849315 0.9881366383043229 0
342 0.9880615598741351 0.6511384353150388 0
343 0.0118633616956772 0.34931506849315 0
344 0.6521841081371164 0.0116534313412292 0
345 0.6514508537083297 0.9869354583703727 0
346 0.01243917562727165 0.6507438258717974 0
347 0.348365395772862 0.01167413774963799 0
348 0.986492791547678 0.3484178007840343 0
349 0.988264922613072 0.5552708915212738 0
350 0.4451419388597139 0.9885831375406129 0
351 0.5549635571827284 0.01215052619478202 0
352 0.01186585107210208 0.4455141840221447 0
353 0.9876994250542142 0.7334967491904799 0
354 0.2647579811849212 0.01283523947819909 0
355 0.01264929359648981 0.7338877981538294 0
356 0.9891015348470042 0.267535977991839 0
357 0.7321901991693648 0.9893881265736509 0
358 0.2684880815524527 0.988662282799565 0
359 0.731645234864335 0.01118787494029777 0
360 0.0118633616956772 0.2671232876712323 0
361 0.9886734441873343 0.9388157451817832 0
362 0.06170765348010565 0.9891102568985602 0
363 0.01059086346851967 0.06178650651909784 0
364 0.9391515215897525 0.01032158631258906 0
365 0.9887717542690991 0.06112168203897439 0
366 0.06164383561643855 0.01186336169567725 0
367 0.01124781042675793 0.9384194878162315 0
368 0.9383561643835614 0.9881366383043226 0
369 0.4178082191780833 0.0115080176614058 0
370 0.989028691623326 0.417255247533519 0
371 0.3780792395934188 0.9885175437198699 0
372 0.01331867728074093 0.3769236923264678 0
373 0.9866960831867642 0.6251828471161881 0
374 0.6232758856745095 0.01187744422236936 0
375 0.1978016858927794 0.9887732965789351 0
376 0.9891574608679421 0.1999033675321661 0
377 0.198199484676959 0.01155285399058442 0
378 0.9881366383043229 0.8013698630136991 0
379 0.0119887314859663 0.1990963841351123 0
380 0.01186336169567725 0.8013698630136982 0
381 0.8016619804690559 0.9904768610272594 0
382 0.8013698630136991 0.0118633616956772 0
383 0.01161303607810743 0.5813301052421684 0
384 0.5821917808219167 0.9881366383043229 0
385 0.1300656635906852 0.9870168977057318 0
386 0.01068500396249372 0.1293357500593609 0
387 0.1301369863013701 0.0115831753729061 0
388 0.8687491186822933 0.9877532322236431 0
389 0.9881366383043229 0.8698630136986304 0
390 0.8698630136986304 0.0118633616956772 0
391 0.01161672400533148 0.8706516892510765 0
392 0.9887486835331711 0.1288431733052923 0
393 0.9867817710924998 0.528910097124704 0
394 0.4726027397260263 0.9883057243717623 0
395 0.5287312191468784 0.01173886766520182 0
396 0.0118633616956772 0.4726027397260263 0
397 0.5273972602739715 0.9886881703929882 0
398 0.0118633616956772 0.5273972602739714 0
399 0.9884303872545626 0.4734111553728662 0
400 0.4726516798548436 0.01267980569005578 0
401 0.9894111641207832 0.9657847555068828 0
402 0.03427999128438625 0.9884924030130748 0
403 0.01186336169567709 0.03424657534246567 0
404 0.9660733352473836 0.01252592789775042 0
405 0.01150828739319748 0.9655827352726252 0
406 0.9888579277204659 0.03427985869717609 0
407 0.9664826637314713 0.9871682165166297 0
408 0.03424657534246589 0.01149918850904103 0
409 0.6376756698259093 0.01210759469072098 0
410 0.6307434271188215 0.02422466797563122 0
411 0.6164801195702063 0.02389534525246856 0
412 0.6233950306660846 0.03625177324288864 0
413 0.6082856925377612 0.03649830563005385 0
414 0.616634727335021 0.04914528432505239 0
415 0.6305837983546441 0.04866062596087595 0
416 0.6233571088332637 0.061387231659844 0
417 0.6380261654672665 0.06130123494326767 0
418 0.6306079487317914 0.07419408500935293 0
419 0.6456656402675693 0.07414903109363274 0
420 0.6380642611305034 0.08727654789683303 0
421 0.6533904895465279 0.08724128009957266 0
422 0.6456521701861453 0.1005968688303446 0
423 0.6611062533929373 0.1005591485065544 0
424 0.6530755289843525 0.1139743633597189 0
425 0.6375936432627098 0.1140714534899814 0
426 0.6451650547623515 0.1277391344453589 0
427 0.6293411414275756 0.1278222069019995 0
428 0.6370310954009037 0.1416798266928968 0
429 0.6210801866365878 0.1418272458327321 0
430 0.6288676981073213 0.1559097844273691 0
431 0.6126558907538565 0.156064755881754 0
432 0.6204135441223327 0.1702945735499013 0
433 0.6039958331194949 0.1705383179390537 0
434 0.611784237006016 0.1851001341329493 0
435 0.595232683735711 0.1852773568941403 0
436 0.6037345720155961 0.2004152599336224 0
437 0.5864484022283359 0.2003141000232886 0
438 0.5952294981153853 0.2155918804098401 0
439 0.5774838158030661 0.2155476174564518 0
440 0.58641012168967 0.2310761194569405 0
441 0.5683328924437971 0.2310395614863952 0
442 0.57740580232584 0.2462409100097769 0
443 0.55912298537716 0.2467306189941623 0
444 0.5696785601631751 0.2643257758211189 0
445 0.5497939275244321 0.2630554041880859 0
446 0.558940269290495 0.2790674734356693 0
447 0.5400057308413755 0.279052457566293 0
448 0.5494598694649556 0.2956269526369518 0
449 0.530113003572383 0.2956675312761791 0
450 0.5398044083893538 0.3124899607556986 0
451 0.5201941395924095 0.3125025883441218 0
452 0.53001093927098 0.3296615895746525 0
453 0.5100732211322255 0.3296556988867384 0
454 0.5200385529977124 0.3471549676806991 0
455 0.4997431391922042 0.3471286576404983 0
456 0.5099193159556916 0.3648596460295174 0
457 0.4892985698976899 0.3648007363347797 0
458 0.4995604067746456 0.3829220768801883 0
459 0.5205403395954316 0.3828651079849374 0
460 0.5098086892397437 0.4015005362375462 0
461 0.488741181503445 0.4011933013135996 0
462 0.4992330968112699 0.4200175861314275 0
463 0.5202670485617855 0.4196961830685592 0
464 0.5097136445945488 0.4391899982937945 0
465 0.4878925327896046 0.4389217389260122 0
466 0.4988842764291045 0.4583266335254395 0
467 0.5687168454629592 0.2956581545414089 0
468 0.5241047756192758 0.4595455842185274 0
469 0.5103657814196825 0.4777879716743882 0
470 0.4874761793802629 0.477853154158621 0
471 0.4998192841565232 0.4985482011337538 0
472 0.5229942817765005 0.5000879380167901 0
473 0.4760291480062635 0.4979112236261702 0
474 0.612466311195821 0.2143868709843833 0
475 0.4793244046470195 0.3464699212137045 0
476 0.4883001977327014 0.5187062065686844 0
477 0.4645341903527177 0.5178843964037307 0
478 0.6537817844947216 0.1423627221801446 0
479 0.4758086605967037 0.5378051787393227 0
480 0.4530101596372305 0.5375426969485825 0
481 0.4642848573259254 0.5571800566043438 0
482 0.441767029953032 0.556962476886933 0
483 0.4304429127052941 0.5376224683072937 0
484 0.4194601385999566 0.5568210528926726 0
485 0.4084541971033068 0.5378840029030565 0
486 0.3974884736127401 0.5568771995753912 0
487 0.4084061071043096 0.5756520864048345 0
488 0.3867907670247107 0.5756844336790358 0
489 0.3866028396905673 0.5384708704633075 0
490 0.3974075796677703 0.5942317117134206 0
491 0.375995981234616 0.5941518631293441 0
492 0.3865656776963989 0.6125784499336471 0
493 0.3654931831142275 0.6126380109888936 0
494 0.5214188443492597 0.2803256886834907 0
495 0.3760444039439615 0.6308278047862221 0
496 0.3551669932860318 0.6306643103323427 0
497 0.344735459777235 0.6128019656726788 0
498 0.3344963048760157 0.6305024339226113 0
499 0.3447560270719651 0.6483503825283182 0
500 0.3243269181741597 0.6128614086340801 0
501 0.3243109728108804 0.6481173973717554 0
502 0.3342765925986551 0.6656951925459434 0
503 0.3141498613622044 0.665548503037474 0
504 0.3240116720233888 0.6829174610387584 0
505 0.3041851955561645 0.6827589255421942 0
506 0.3139353857972703 0.7000208450193183 0
507 0.3335863258390495 0.7001879272176232 0
508 0.2943811774096525 0.6997944870300721 0
509 0.2846304400283693 0.682833060972162 0
510 0.274932956585193 0.6996524167585385 0
511 0.5595711090508144 0.2152700205621642 0
512 0.2844184031045998 0.716437351257067 0
513 0.2658873922578734 0.6834410440061094 0
514 0.2653371766879871 0.7162452143152627 0
515 0.275004522409611 0.7329540900400371 0
516 0.2557499640437965 0.7326814948414979 0
517 0.2653026687720298 0.749129224035091 0
518 0.2463933813231592 0.7488792885014701 0
519 0.2555968318269601 0.7648889369696846 0
520 0.2371503281475174 0.7647438577818473 0
521 0.2279921284448694 0.7489349209930403 0
522 0.2190090623225588 0.7655741912037715 0
523 0.2099324898813865 0.749197788475198 0
524 0.2736186351164145 0.7662762373283836 0
525 0.2461366851277315 0.7807381411306389 0
526 0.2009581059480072 0.7647467801972461 0
527 0.3969049853696864 0.6309516692020014 0
528 0.1921446745459494 0.7491761008712159 0
529 0.5964620514039957 0.1556107179815817 0
530 0.1837804562365311 0.7641083774841027 0
531 0.1749224813797068 0.7490432236846543 0
532 0.4866971830338599 0.5573829773815528 0
533 0.1919647219282369 0.7794654071061777 0
534 0.1726366962121824 0.7783449265845277 0
535 0.1821414185517333 0.793745662295944 0
536 0.165893192751719 0.7945025795775579 0
537 0.1742015422914828 0.8089687595327674 0
538 0.1578902642751587 0.8086044159147379 0
539 0.1657695243423581 0.823520282882664 0
540 0.1516792832139665 0.7948838499352736 0
541 0.1499945096911199 0.823339519968787 0
542 0.156960316882622 0.8377485874431478 0
543 0.1735896981932397 0.8372657904687352 0
544 0.608892299990588 0.06107093958689386 0
545 0.1411432886843579 0.8380879030229637 0
546 0.1483356128201805 0.8520832521508988 0
547 0.1839554815112761 0.7338439499154669 0
548 0.1666625741674505 0.7339686954539905 0
549 0.1753969893144002 0.7190054052102031 0
550 0.1581415538438493 0.7192176746821206 0
551 0.1662197120613081 0.7046278731650822 0
552 0.1496045919739919 0.7046509452921769 0
553 0.1574604624511139 0.6903294420138607 0
554 0.1409138751778349 0.6904260856488527 0
555 0.1488834527541368 0.6761384666977267 0
556 0.1322689224024649 0.8521535431051794 0
557 0.1328431064673321 0.7043192102949873 0
558 0.1325581947957349 0.676169888910976 0
559 0.1405790945137569 0.6617030729049456 0
560 0.1566769361460784 0.6615550578676924 0
561 0.1486452189760649 0.6472398658785568 0
562 0.1650185733930633 0.6469729368373683 0
563 0.156843294021579 0.6326842734661928 0
564 0.1737158924283585 0.6326085371972923 0
565 0.1651320817182522 0.6180834934786372 0
566 0.1483847998050275 0.6182840123355876 0
567 0.1565061107568008 0.6036927862339635 0
568 0.1733218300372486 0.6033640978678002 0
569 0.1646264852792389 0.5889250403442223 0
570 0.1816070312772232 0.5885445746080316 0
571 0.1727600203209166 0.573679003943348 0
572 0.1899734419408667 0.5735602132306232 0
573 0.1809998308920272 0.5584092938821892 0
574 0.198403559302416 0.5584373241883799 0
575 0.1894269331838369 0.543396716787853 0
576 0.2068888155109795 0.5433051738992094 0
577 0.1978739360404885 0.5282717858015649 0
578 0.1804623443602708 0.5285207144234045 0
579 0.1890646498061925 0.5135062891519288 0
580 0.2068322091342399 0.5134190117569669 0
581 0.1975223670398696 0.4982180707922085 0
582 0.2154356165997804 0.4980617545729618 0
583 0.2055534890778633 0.4824684551400981 0
584 0.2232092544982532 0.4819352027368802 0
585 0.2139012725396708 0.4667077354291349 0
586 0.2320989522069969 0.4661029532652199 0
587 0.2224862721293874 0.4507745925314824 0
588 0.2406438601295651 0.4502300339016588 0
589 0.2310676573885775 0.4347684373191888 0
590 0.2493983588053373 0.4342504026388766 0
591 0.2397373945992685 0.4186872782531861 0
592 0.2213578532116269 0.4194708193749845 0
593 0.2299448131313885 0.4033050077145952 0
594 0.2483044548410367 0.4025813196835235 0
595 0.2385907209621416 0.3870639330983155 0
596 0.220150940315442 0.3872328961987962 0
597 0.2286661527051044 0.3709658003032479 0
598 0.2470939473134435 0.3708160705896019 0
599 0.2372387028062829 0.3550341262975539 0
600 0.2556616838801946 0.3545371361340867 0
601 0.2457652319516164 0.3389314235212207 0
602 0.2274234638971422 0.3395935857933442 0
603 0.2357904381823317 0.3235318380890265 0
604 0.2542311429855892 0.3225965257524076 0
605 0.2441373662556919 0.3071204139056968 0
606 0.2618422051909305 0.305660858656549 0
607 0.252310641723346 0.2904233675337237 0
608 0.2702178913993711 0.288946106942471 0
609 0.2607386270199067 0.2736535237698425 0
610 0.2798815492411288 0.272474795479148 0
611 0.2702394949591385 0.2562727787707674 0
612 0.2901992777960587 0.2541665387205417 0
613 0.2508344638908034 0.2579005844196073 0
614 0.260098932555924 0.2406134473677043 0
615 0.240839232358997 0.2419475498619214 0
616 0.2175994268508633 0.3245091207977127 0
617 0.2491665660823461 0.2258382569938359 0
618 0.2308129454829345 0.2264659290770052 0
619 0.2390414109424407 0.2107790989697582 0
620 0.2211281934615785 0.2116235006101501 0
621 0.1878279560728452 0.4829924128238175 0
622 0.2291342322695743 0.1959126784418485 0
623 0.2467730282055653 0.19494538581993 0
624 0.2115448121007979 0.1969946521624274 0
625 0.2033579068660649 0.2126249617622369 0
626 0.1939790262831502 0.1979906918222801 0
627 0.185771414802348 0.213378388876338 0
628 0.1765226409601962 0.1988236623859666 0
629 0.1848927480351736 0.1833644616474361 0
630 0.1686341452876929 0.2141676193264336 0
631 0.237072437103432 0.1803583732044394 0
632 0.2543360611628968 0.1792646049041137 0
633 0.2911074868433531 0.2902910508365019 0
634 0.1671540387571253 0.184380056661864 0
635 0.1749190314317047 0.1690895262739819 0
636 0.1579397961323102 0.1701707625090926 0
637 0.1558047182284091 0.5740238685648416 0
638 0.244951623006522 0.165002588195708 0
639 0.2618366686788081 0.1638987568416045 0
640 0.1656271167418549 0.1550311711790069 0
641 0.1489366541838261 0.1559951548828879 0
642 0.1410605416296272 0.1715217493975502 0
643 0.2526299903122185 0.1498949704606742 0
644 0.2692594394035162 0.1488537131790754 0
645 0.2786205050911001 0.1627275094674394 0
646 0.2859329852640626 0.1477468747497641 0
647 0.2952867127875436 0.1612422742023892 0
648 0.3026691195430383 0.1465182297737853 0
649 0.3119496827216511 0.1600196838016079 0
650 0.3193121174576888 0.1453874980287395 0
651 0.3285879929455778 0.1589469556926614 0
652 0.3359327988335141 0.1442583705079142 0
653 0.3451975120514189 0.1578118646628565 0
654 0.3525631242605264 0.1431533298336372 0
655 0.3618062455633194 0.1569284630805584 0
656 0.3691880383533328 0.1420725329449807 0
657 0.3783804968141221 0.1558097281290327 0
658 0.3856357465019862 0.1409427337608332 0
659 0.3949388644398445 0.1546900469985024 0
660 0.3876336807625376 0.1697286031081441 0
661 0.4020187958304489 0.139728016444125 0
662 0.4043158083397855 0.1685411955821317 0
663 0.3970154541244879 0.183791705083605 0
664 0.2347490813662827 0.4974520981142961 0
665 0.4140608431631315 0.1825942902535156 0
666 0.4065577103475687 0.1981511404652647 0
667 0.1564416826356352 0.141143342463619 0
668 0.1399878466015241 0.1420068923814941 0
669 0.2590411605893639 0.4499182245585868 0
670 0.2600790737104894 0.1349247970066879 0
671 0.139889687665717 0.8661655614153431 0
672 0.1242177791943216 0.6618974874447461 0
673 0.1260658331653693 0.8382864099101675 0
674 0.3266534658192543 0.1305594322149304 0
675 0.1239266237805764 0.8662544178781882 0
676 0.3764886851920233 0.1273231851994082 0
677 0.3972842699687796 0.5194007171302489 0
678 0.147316143561023 0.1274270374354936 0
679 0.1311107198828414 0.1282462069867609 0
680 0.4238655322049275 0.1969114648436971 0
681 0.4313905681261578 0.1812373488200628 0
682 0.4163540257820645 0.2127140701787177 0
683 0.1627607654628047 0.1260122438143367 0
684 0.1318727305335525 0.8802633396911361 0
685 0.1502808368018227 0.879965096955183 0
686 0.1158556511780785 0.8801096066646903 0
687 0.1986823667972983 0.5881291998796094 0
688 0.4411951171506897 0.1955750505331819 0
689 0.4484337305444133 0.1798786123548813 0
690 0.1382943238481608 0.1138882265713378 0
691 0.1223095774310655 0.114778262375523 0
692 0.1150353808517364 0.1290061718961369 0
693 0.3758109338146579 0.5199218439076896 0
694 0.386363481409761 0.5011974733433185 0
695 0.3986933985994636 0.2139058210972572 0
696 0.4086588544169802 0.2287831232157231 0
697 0.1064535108267902 0.1155980905956268 0
698 0.6688125540690231 0.08712659910073228 0
699 0.6766038869365728 0.1004661161384375 0
700 0.6842150065405701 0.08700644941647279 0
701 0.6920892429168993 0.1003498584214358 0
702 0.6996968069354637 0.08688857673329053 0
703 0.7075833941166215 0.1002307289030523 0
704 0.7151850534006603 0.08676664125213274 0
705 0.7231303543646432 0.100123638025449 0
706 0.7154388665442866 0.1137464916372709 0
707 0.730812523051914 0.1138532605892845 0
708 0.7233386010703793 0.1274966027787361 0
709 0.7389822484229656 0.12814399011585 0
710 0.7314073661809442 0.1415451547776923 0
711 0.7477447266876327 0.141952438495462 0
712 0.7396044467653214 0.1558255875499712 0
713 0.7562352193261643 0.155601509929749 0
714 0.7480063094273816 0.1703543928286901 0
715 0.7647771727195871 0.169907312973943 0
716 0.7565845478473443 0.1848182050188224 0
717 0.7736083826668659 0.1845122433811563 0
718 0.7652149705561614 0.1995688219534239 0
719 0.7824083588973869 0.1995834096073168 0
720 0.7739977734007275 0.214740531289826 0
721 0.7919898847384983 0.1863400189246879 0
722 0.7913846251700878 0.2147917762696422 0
723 0.7829248945458445 0.2300760004367695 0
724 0.8006105474299501 0.2299682589937022 0
725 0.7919886373239073 0.2453399760703953 0
726 0.8095737470960012 0.2453514246834683 0
727 0.8009868765579696 0.2608883765449179 0
728 0.783342373952975 0.2607317158424781 0
729 0.7923814924126046 0.2762064354009337 0
730 0.7745521423783932 0.2762451158250102 0
731 0.7836854325979408 0.2916187270440853 0
732 0.8014557203442468 0.2914632913991869 0
733 0.792886692204041 0.306821215229478 0
734 0.7750394276553486 0.3072238414147533 0
735 0.7843263555982386 0.3224844746841598 0
736 0.7663185019199976 0.322926989014837 0
737 0.7756667404992688 0.3383902017815033 0
738 0.7574743713151308 0.338816604187911 0
739 0.7669685200091472 0.354332054671305 0
740 0.7850426154478064 0.3534358373354728 0
741 0.7764848070100333 0.369381639558243 0
742 0.7563377484969777 0.3708836905340102 0
743 0.7681197254029096 0.3861003814577071 0
744 0.786111631949215 0.3842162713038392 0
745 0.7775000732473836 0.4011360307281755 0
746 0.760508840516039 0.4027778544722362 0
747 0.7700914628688126 0.4168180205491928 0
748 0.7873587120090945 0.4166166022519058 0
749 0.7787774033736063 0.4324554972095502 0
750 0.7600338070099801 0.4326081226294739 0
751 0.7704726031418658 0.4486101828735183 0
752 0.7884863234894451 0.4477767748638887 0
753 0.7803148030622591 0.463714259814702 0
754 0.7621869406694566 0.464681191348024 0
755 0.7721399522148854 0.4798663679162016 0
756 0.7538762902172411 0.4809250835493066 0
757 0.763920189669713 0.4961803046873671 0
758 0.782062985385765 0.4946353258600659 0
759 0.7739942379903816 0.5110160258459157 0
760 0.7557892083525171 0.5125264960563383 0
761 0.7658588747965851 0.5277440070963551 0
762 0.7475218864885955 0.5289235468373356 0
763 0.7577204770918858 0.5442774877206474 0
764 0.7392137269325074 0.545457232166134 0
765 0.7494857907285789 0.5609915275403271 0
766 0.7311017664345325 0.5619627363501222 0
767 0.7412214241869355 0.5777531434944078 0
768 0.7234681612379174 0.5791330479756858 0
769 0.7326689946192774 0.5945936616705763 0
770 0.7147382413556617 0.5962969597379532 0
771 0.7241697608322877 0.611713374852707 0
772 0.7053997555601628 0.6130998120849027 0
773 0.715954317521767 0.6292349186771563 0
774 0.6966633243390314 0.6303647629101218 0
775 0.7074143274799961 0.6467129492149082 0
776 0.6878883248844757 0.647708717665285 0
777 0.6986821438722782 0.664128971707731 0
778 0.6793188435428708 0.6651053095492688 0
779 0.6892048822092215 0.6824549651628038 0
780 0.6689726182975811 0.6825175420650974 0
781 0.7093714724532398 0.6805826401390243 0
782 0.6999461682553386 0.6988807346444719 0
783 0.7200655070116688 0.6968715026799179 0
784 0.7110980370758045 0.7144835871365246 0
785 0.7309843870282281 0.7127487280332511 0
786 0.7219438760786885 0.7302205490551674 0
787 0.7413385957810621 0.7289228615923298 0
788 0.7505746164969211 0.5937008635822519 0
789 0.7330647845549411 0.7455562096218498 0
790 0.7143229991991683 0.7468897244511997 0
791 0.7517240893670323 0.7443389513472857 0
792 0.7435643285421795 0.7602553398324842 0
793 0.7620041351123337 0.759469700369964 0
794 0.7701518346184089 0.7432073544971205 0
795 0.7802089025918364 0.7584054375236848 0
796 0.7882540936080933 0.7421971912214139 0
797 0.7840228246810075 0.5256900832550061 0
798 0.7721983506027192 0.7746351531636209 0
799 0.7901760705392676 0.7734784212546373 0
800 0.7823314776816661 0.7895997729390414 0
801 0.8000592781063546 0.788393031227196 0
802 0.792368163492992 0.8042542580009651 0
803 0.8097857500041782 0.8030696813755631 0
804 0.8181787269566603 0.2299759145827458 0
805 0.8269403256066346 0.2451429619402145 0
806 0.7629011295205796 0.1422459424688564 0
807 0.8020821889534998 0.8186616634621782 0
808 0.7848744662586009 0.8199549696104733 0
809 0.819368336409994 0.8174355860153772 0
810 0.82704705232653 0.8020589776427005 0
811 0.7215910361359297 0.5466238153281332 0
812 0.8354006735027083 0.2300390768384954 0
813 0.8364851844136612 0.8163275515515804 0
814 0.6962773651618201 0.5980562311635285 0
815 0.6680868820807546 0.6487624548225928 0
816 0.8105303696153506 0.3064035191060954 0
817 0.8287977914168996 0.8316358854446868 0
818 0.8440351680978466 0.8010967507322059 0
819 0.843983797306068 0.2450710671807258 0
820 0.7480213400069179 0.3231473332624775 0
821 0.8458861484035316 0.8303373973839305 0
822 0.8522732955692401 0.2301113694255438 0
823 0.8383213015414732 0.8455435022724465 0
824 0.8551556715915748 0.844253789494813 0
825 0.8607552824993109 0.2445884192229241 0
826 0.8478333550700252 0.8592382330968084 0
827 0.8639120086801579 0.8583449378651167 0
828 0.7478332650907324 0.1996300722738664 0
829 0.8720483284413073 0.8425822757286681 0
830 0.8690376641452452 0.2301909761516573 0
831 0.8606966764249988 0.2158155386605947 0
832 0.8313237758285845 0.8614148108280816 0
833 0.8770799650736936 0.2158802358522918 0
834 0.8688963494158983 0.201767659202163 0
835 0.8771655195408635 0.2441888053185498 0
836 0.8570764384797325 0.8728196949264865 0
837 0.8728604127738864 0.8720042464645812 0
838 0.7379360410471854 0.1009335954057792 0
839 0.739779779999744 0.6968375482355348 0
840 0.885015499012428 0.2018331058118505 0
841 0.8770097382947025 0.1878980336214358 0
842 0.8929572161793541 0.1879303809959982 0
843 0.8850470583459168 0.1741191801028579 0
844 0.8662155350582001 0.8862638473268206 0
845 0.8820963375269963 0.8851688887398033 0
846 0.8692860736907627 0.2588948153160886 0
847 0.8850684160126087 0.2583820847340085 0
848 0.8776048658251882 0.2723497080855973 0
849 0.8934275244730947 0.2719712479764335 0
850 0.8856901106558943 0.2858366480520061 0
851 0.4753550821989907 0.5766284400858088 0
852 0.4980943387501921 0.5764267789897047 0
853 0.486399669876006 0.5957020622240001 0
854 0.5088275457588786 0.5954589546359887 0
855 0.4974080898286906 0.6143391952057764 0
856 0.5187642214559887 0.6145352867494668 0
857 0.5078101994028428 0.6330299387942173 0
858 0.5297050160198205 0.5963949536340547 0
859 0.5288866039658395 0.6330916749645042 0
860 0.5184922297994338 0.6511601790205597 0
861 0.5390181310264156 0.6512945631918358 0
862 0.5284700753025935 0.6688728158530509 0
863 0.5083850375888452 0.6689212791472985 0
864 0.5182292547393907 0.6864092600695175 0
865 0.4983281978829591 0.6862975701686582 0
866 0.5079655967625358 0.7034840281948329 0
867 0.4884029618069462 0.7033675909441126 0
868 0.4982191115105433 0.7202122678031626 0
869 0.5174033904614925 0.7204275107782998 0
870 0.5078229484267501 0.7368480072619885 0
871 0.5267259251653782 0.7370192644825627 0
872 0.5171031037544649 0.7532459653315048 0
873 0.4984889445323331 0.7531229296350977 0
874 0.5074070001572818 0.7694129751366708 0
875 0.4888182593350508 0.7696056088574187 0
876 0.5260104922228059 0.7693546210732405 0
877 0.5159437829017111 0.7854876092130076 0
878 0.5352100277997157 0.7849576978036344 0
879 0.5257747946973633 0.80068351161073 0
880 0.5440700848594895 0.8004057606919086 0
881 0.5347116672916287 0.8158093051553689 0
882 0.5515973926577593 0.8162318550453197 0
883 0.5145332784507782 0.818742264704948 0
884 0.5432270242489238 0.8309739298651766 0
885 0.5597467904838735 0.8314680000787786 0
886 0.5609948989224064 0.8010880587801561 0
887 0.5517295788358009 0.8457324634868268 0
888 0.5684265762246222 0.8459825475204711 0
889 0.5600778293963204 0.8602172517274038 0
890 0.5433726624338365 0.8601187195287141 0
891 0.5766846165954487 0.8603384401696619 0
892 0.5851436086106215 0.8462294436132956 0
893 0.5933162415325983 0.8606710743979614 0
894 0.6017263976953243 0.8464177897429608 0
895 0.6097492275154481 0.8607998314221275 0
896 0.6182533491789547 0.8466063699562466 0
897 0.6262650341055696 0.8610157375513244 0
898 0.6347813420769258 0.8468410574653084 0
899 0.6427097715855284 0.8613761103081501 0
900 0.6513576645736348 0.8470014965838302 0
901 0.6589647116560935 0.8617770341655653 0
902 0.6433628307879258 0.8321722027625453 0
903 0.634052127327082 0.8754439717558899 0
904 0.5683038193835668 0.8745527075522354 0
905 0.6678725689122683 0.8472997067790418 0
906 0.6755604902879807 0.8619365217626703 0
907 0.5488826725051416 0.6690503703824147 0
908 0.6843391821171353 0.8476286069150261 0
909 0.6922603302420386 0.8620528156308616 0
910 0.6831542595937488 0.8763295701191234 0
911 0.699981311053866 0.8763580019849619 0
912 0.691879250094339 0.8901545912853387 0
913 0.7077676256017676 0.8903697115612874 0
914 0.1777030955710415 0.2286101963745264 0
915 0.160710622553535 0.2294104713401823 0
916 0.1236878187580376 0.8940024055425393 0
917 0.1078797134816425 0.8938003359252222 0
918 0.1000315741749193 0.8801342490098698 0
919 0.09924489119562518 0.1296918019015989 0
920 0.9010269284273982 0.2585345756877244 0
921 0.9011115337123315 0.1738919321571318 0
922 0.8931209832868547 0.1600481062708726 0
923 0.8771838790112831 0.160350460848096 0
924 0.885308604251549 0.1460158341454751 0
925 0.8691703809556965 0.1464014040207789 0
926 0.8773167513412177 0.1323352821319596 0
927 0.8611687823097757 0.1324541459280956 0
928 0.8693567603039071 0.1186026158457376 0
929 0.8532336037737865 0.1185381821820452 0
930 0.8853684769252179 0.1184883972975299 0
931 0.877494736980138 0.104990148874023 0
932 0.8932920712286152 0.1049731424442784 0
933 0.9014641785236615 0.2855829889078944 0
934 0.8938125817237016 0.2993430997763206 0
935 0.3906239270859639 0.2299518738609945 0
936 0.4006268047578475 0.245092128464121 0
937 0.4584564952958602 0.1942530274050203 0
938 0.4659389277555102 0.1786389380948876 0
939 0.1135263857795491 0.1015287293674065 0
940 0.09792976675616888 0.1023592622326061 0
941 0.1698217726831907 0.2437157839820325 0
942 0.1529839907276699 0.2445499399639381 0
943 0.8751536510701725 0.8993523463868953 0
944 0.8594822992521202 0.9004769670468459 0
945 0.8909183797596441 0.898226682571444 0
946 0.8979250050595464 0.8841625973852144 0
947 0.1619967172358271 0.2587033145868631 0
948 0.1452725421153571 0.2592845023735563 0
949 0.1363861695146777 0.245412405537506 0
950 0.1287711599014085 0.2599363855306772 0
951 0.1375232643280079 0.2737790585546404 0
952 0.1211657487217034 0.2743714160711689 0
953 0.1298114171362177 0.2881049529047333 0
954 0.1200034155890533 0.2461345632411914 0
955 0.1137312462649868 0.288741796648239 0
956 0.1222389204715261 0.3022657240786373 0
957 0.1063214011607098 0.3028711036740959 0
958 0.1147265506820477 0.3163370923348552 0
959 0.09974991301409925 0.3174555188351697 0
960 0.1073798541672701 0.3304658193629306 0
961 0.1219908294568771 0.3298879110924766 0
962 0.1148316093407883 0.3434776715381807 0
963 0.09965881784596731 0.3443387053190373 0
964 0.108072041311141 0.3576716868947986 0
965 0.1221309035461314 0.3569603332997419 0
966 0.1154799785068077 0.3708997248375622 0
967 0.1002467059436973 0.3717132414451799 0
968 0.1086386058448637 0.3851152505051899 0
969 0.1263649636563631 0.3831248789037832 0
970 0.117076908675618 0.3984685773342947 0
971 0.1008992119597695 0.3990210923810447 0
972 0.1090177053962509 0.4126346774679038 0
973 0.09781744129094905 0.2883330832921049 0
974 0.1249796988414068 0.4124001559251266 0
975 0.1170656117259927 0.4263115654427613 0
976 0.1012186281584177 0.4264815638652631 0
977 0.1089456123869481 0.4399243629117305 0
978 0.09339103319495112 0.4401094080074218 0
979 0.1010400372272938 0.45346022510581 0
980 0.9066690068903648 0.8971864341078954 0
981 0.3651943795816742 0.5013299811779024 0
982 0.3755872766476575 0.4829136830025588 0
983 0.5593660913994936 0.6515863782779955 0
984 0.09220855060453464 0.8936234998243847 0
985 0.4189498595191667 0.2438270340332631 0
986 0.4108443136691649 0.2604181159016263 0
987 0.3923097297445415 0.2616738248475499 0
988 0.4026839460892782 0.2772905411847412 0
989 0.3517858979228471 0.521351060609723 0
990 0.9091503256350822 0.1591045644818294 0
991 0.9086720354574006 0.1868675012807328 0
992 0.6997163587650446 0.9038848071410973 0
993 0.7155006529907071 0.9041185302660266 0
994 0.7235647953544631 0.8907241382868936 0
995 0.7311962005027258 0.9044397219869251 0
996 0.7392540333927768 0.8910983257307145 0
997 0.7467664130127599 0.904861920856415 0
998 0.9094625832910037 0.2991124586940378 0
999 0.9018149198109973 0.3126375058297012 0
1000 0.1156492805604535 0.9075155414623992 0
1001 0.3190374216714608 0.1736806518802402 0
1002 0.8848983106049375 0.09143347884138076 0
1003 0.9010903016022123 0.09160943366110258 0
1004 0.9135163150117965 0.8831469324829462 0
1005 0.8861875614790096 0.3130395218681923 0
1006 0.8942407062239167 0.326391098959802 0
1007 0.8784970436046355 0.3268318037452784 0
1008 0.8866570803365144 0.3403771638812225 0
1009 0.9024756387158653 0.3397148361622626 0
1010 0.8949450971531197 0.3539269216558302 0
1011 0.8801784854780305 0.3542304629889613 0
1012 0.8880730345689098 0.3680690232653645 0
1013 0.9033578245898272 0.3676008501224537 0
1014 0.8959026812825996 0.3814064908548307 0
1015 0.8816620649540687 0.3820769597284085 0
1016 0.889176613504734 0.3955468954972516 0
1017 0.9040765927376995 0.3945971728794526 0
1018 0.8968841266666283 0.4086464433334136 0
1019 0.8812866960124403 0.4093437672275574 0
1020 0.8895304109635997 0.4225441236180328 0
1021 0.9051762874476481 0.4218949270875608 0
1022 0.8979730976241687 0.4358133657155512 0
1023 0.8821875251016594 0.4365373602376477 0
1024 0.8907811960829904 0.4498768369532725 0
1025 0.8750782715352026 0.4505459662236488 0
1026 0.883816270190205 0.4638469857060641 0
1027 0.8994228580827582 0.463045957555154 0
1028 0.8923347349357525 0.4771866221435848 0
1029 0.8764774636992685 0.4772898137773147 0
1030 0.8852900023404002 0.4912337077453148 0
1031 0.9007358060168069 0.4901831557210207 0
1032 0.8939501834721255 0.5045594316278946 0
1033 0.877924645642685 0.5052184952867139 0
1034 0.8869789094544829 0.5187537801189777 0
1035 0.9030155698848663 0.5170448071667171 0
1036 0.8958899885417986 0.531906187220772 0
1037 0.8796412011342037 0.5328722303957196 0
1038 0.8889536851509376 0.5461439140253436 0
1039 0.8725974328804389 0.5471552454228569 0
1040 0.8820248935816455 0.5605816118655933 0
1041 0.8661826780638172 0.5618363852086049 0
1042 0.8752126425470113 0.575183945609531 0
1043 0.8589690155764687 0.5764924997304671 0
1044 0.8682302038372069 0.589786288790186 0
1045 0.8843131150297483 0.5885474078419695 0
1046 0.8774437214753295 0.603044549150938 0
1047 0.8612674100605852 0.6043963727073048 0
1048 0.8705658425674823 0.6177027717326469 0
1049 0.8542803755028763 0.6191363336081965 0
1050 0.8636560739765323 0.6324912909623173 0
1051 0.8798372132549845 0.6311497636906591 0
1052 0.8730192137299255 0.6458890084550286 0
1053 0.8567670768136488 0.6472835299617794 0
1054 0.8662210264254742 0.6605772561799769 0
1055 0.8823298541280834 0.6591355322376095 0
1056 0.876309550020632 0.6732314652235794 0
1057 0.8916520814996426 0.6721861498285613 0
1058 0.8857618793109348 0.6861108403294723 0
1059 0.8499658896166586 0.6620986405872256 0
1060 0.9008030344276523 0.6851727673247114 0
1061 0.8943380670802767 0.6994779164741706 0
1062 0.8778598982221502 0.700053027148073 0
1063 0.8876688407270322 0.7137762303944994 0
1064 0.9034620883483317 0.7121083667862618 0
1065 0.8970393721741008 0.7266739816990095 0
1066 0.9072947399221135 0.6708353491186969 0
1067 0.9047197021992703 0.5450060528606856 0
1068 0.8812797487893623 0.7283774043905847 0
1069 0.890754099352094 0.7410941054445189 0
1070 0.9063044592017764 0.7394224484077769 0
1071 0.9001396560879711 0.7536778966910204 0
1072 0.3837307178904573 0.278576768449718 0
1073 0.3943749749359369 0.2944652396535026 0
1074 0.5693155838928056 0.6693393744072235 0
1075 0.6833093561997778 0.9033033844310032 0
1076 0.7008736498038022 0.8478697227052456 0
1077 0.9088998146292754 0.1050339912220885 0
1078 0.4554559175290231 0.1643587384888141 0
1079 0.4732620188094726 0.1631445412721356 0
1080 0.4636513770504885 0.1492053355657484 0
1081 0.4803037611185177 0.147946629304488 0
1082 0.4706574119479214 0.1341987589168254 0
1083 0.4873456747264627 0.1330205765326641 0
1084 0.4780227835241069 0.1195562917065697 0
1085 0.4941741074118984 0.1183829617662133 0
1086 0.4851328978278709 0.105192226882317 0
1087 0.5009125464580743 0.1039673977508463 0
1088 0.4692745096055293 0.1063369102865753 0
1089 0.5032986495999546 0.1315479032959062 0
1090 0.4920423924337641 0.09106976510054865 0
1091 0.5075418805991341 0.08982508673030315 0
1092 0.08570491356076637 0.4536567533616392 0
1093 0.09351907477104981 0.4670809835073311 0
1094 0.9166350251075459 0.0917184667602417 0
1095 0.6928349791453602 0.8333235573924767 0
1096 0.7549156578082314 0.8914807894564318 0
1097 0.7623416023615279 0.9052154294109306 0
1098 0.3751167251925329 0.2957527851826147 0
1099 0.3859388953393481 0.3119404397802604 0
1100 0.3663110479338963 0.3132730486844149 0
1101 0.3773487035224581 0.3297299598933453 0
1102 0.3574080510191226 0.3310651848223343 0
1103 0.3686093455684524 0.347824426797473 0
1104 0.3483225044200825 0.3492812544856245 0
1105 0.359257060415488 0.3659704454664666 0
1106 0.3802639902605735 0.364705123455913 0
1107 0.8996977018145265 0.9111332399094297 0
1108 0.9151701092179984 0.9100123933476625 0
1109 0.08443728689348307 0.8802231940941747 0
1110 0.7208102417133757 0.1573822890648195 0
1111 0.243654982276268 0.1359878795414583 0
1112 0.2508850982069509 0.1213505075153577 0
1113 0.1050369385826818 0.08844033205914525 0
1114 0.08955215701942193 0.08929069314451155 0
1115 0.111358145066661 0.4666954319063376 0
1116 0.1011413392209588 0.480397572448944 0
1117 0.08568850392754523 0.4803605664556668 0
1118 0.0934000801797627 0.494026756247521 0
1119 0.1821651466797917 0.6468903561443792 0
1120 0.9154789350518509 0.7519910449344462 0
1121 0.909329469936929 0.7661617351948725 0
1122 0.3552398742143618 0.4830033385137628 0
1123 0.429343337233583 0.2590539157415321 0
1124 0.07798749068442212 0.4403379638756024 0
1125 0.7542825250517562 0.9184194992949071 0
1126 0.7696568459821874 0.9187770537040224 0
1127 0.4758234342369422 0.1929494127493219 0
1128 0.3392085548357782 0.3676329824035268 0
1129 0.1840233137319704 0.7027076305592656 0
1130 0.7078679694249617 0.9174943115550094 0
1131 0.1331205293769746 0.4262812435671928 0
1132 0.1077141628480877 0.4926607996869057 0
1133 0.1002973814562535 0.5070305615661341 0
1134 0.08541650797377243 0.5073837829725227 0
1135 0.09295118488502085 0.5208178070307089 0
1136 0.4785458120613229 0.6863281332981754 0
1137 0.4687205855710033 0.7034551514781799 0
1138 0.2348348615192697 0.1223217008804706 0
1139 0.2421358008612043 0.1079802686954777 0
1140 0.2579111881050822 0.1069890224789765 0
1141 0.2491411975913321 0.09392942134359039 0
1142 0.26477992448381 0.09307262026141394 0
1143 0.2336176060144544 0.09481301979183859 0
1144 0.3501450066547595 0.3843124852235837 0
1145 0.2406363392877262 0.08083949562840043 0
1146 0.2251794385033687 0.08179895245693464 0
1147 0.07770926943469469 0.5206833495442243 0
1148 0.08517503490299916 0.5340743559124599 0
1149 0.07664046922965517 0.8935162206353124 0
1150 0.5797122756947388 0.6519131639185634 0
1151 0.9243602996257614 0.1050655646621859 0
1152 0.7096638199445454 0.8335253806118912 0
1153 0.9090569185677723 0.07837972645109559 0
1154 0.8450406445968922 0.1324468192660512 0
1155 0.8372283895369401 0.1183971102883398 0
1156 0.9243252796903956 0.0785142753926672 0
1157 0.1072345424472346 0.5193472932734081 0
1158 0.8558375252013708 0.5483261036318283 0
1159 0.8452680138841112 0.1046986277850048 0
1160 0.8295160450504874 0.1045067554427909 0
1161 0.8372807735375607 0.09107460682579704 0
1162 0.8218015871647263 0.09090997700435882 0
1163 0.8294974245315812 0.07766967745932574 0
1164 0.8141830517364217 0.07748313315613098 0
1165 0.1491968511601035 0.7341756927460044 0
1166 0.6529154201695526 0.06109476193253155 0
1167 0.4649201260993975 0.4780895224088507 0
1168 0.7777913345325116 0.9056724341081523 0
1169 0.7850311264724994 0.9192073643425676 0
1170 0.9084535958163965 0.9238118671315388 0
1171 0.923633232611473 0.9228546818323167 0
1172 0.1163146539671054 0.6760309630032113 0
1173 0.1082246299192584 0.6622166799704914 0
1174 0.1003630407199603 0.6759089145661654 0
1175 0.09251190186164598 0.662305770914811 0
1176 0.1001805075961792 0.6487256834267159 0
1177 0.08467106909731026 0.648887517804988 0
1178 0.09224094174913072 0.6354107231007636 0
1179 0.08479520588517353 0.6758409274621675 0
1180 0.07689181469250694 0.635575924561295 0
1181 0.08438209096158722 0.6222279960229177 0
1182 0.917001884665353 0.2853300305600102 0
1183 0.9248200764294183 0.2987743529080887 0
1184 0.3054874809139956 0.6471845232521736 0
1185 0.08432515820109193 0.9068639861367698 0
1186 0.868228428569366 0.9133710361167499 0
1187 0.8528899482588561 0.9145778710382584 0
1188 0.2092846834209054 0.340502787960239 0
1189 0.1997920085683497 0.3262746349971794 0
1190 0.3302560560651172 0.3859509264280775 0
1191 0.1312184793706717 0.9077672977948665 0
1192 0.1232724667786026 0.9210392069842266 0
1193 0.1385714064681839 0.921323117462477 0
1194 0.8347614307312513 0.7869273980725344 0
1195 0.3236930092640287 0.7169870048261752 0
1196 0.3430045804139376 0.7172431151568576 0
1197 0.3331727730602512 0.733734024205611 0
1198 0.3522243223660322 0.7340854129376928 0
1199 0.3425570408092514 0.750175615624169 0
1200 0.3612508708051797 0.7506229315352452 0
1201 0.3518911507898645 0.7663309386070761 0
1202 0.3701780589949054 0.766640868796637 0
1203 0.3608813772972453 0.7823329024846237 0
1204 0.3789818284551662 0.7824716098334218 0
1205 0.3700004762260365 0.7979499955842781 0
1206 0.3871850836153187 0.7983287126912982 0
1207 0.3785736982933381 0.8133108557315116 0
1208 0.3612683385353946 0.8131958332183218 0
1209 0.369701979039183 0.8281603745390993 0
1210 0.3525691292425694 0.8280669282249938 0
1211 0.3609824475963778 0.8428125352073211 0
1212 0.3441005558989787 0.842732646132361 0
1213 0.3778734149998225 0.843010472671619 0
1214 0.3692352822691864 0.8574939305659572 0
1215 0.38584080926663 0.8576481085200014 0
1216 0.3773925653680339 0.8717346165962909 0
1217 0.3938917266012317 0.872008872082648 0
1218 0.4022118526989888 0.8579783341867362 0
1219 0.4101464641648381 0.8722737301412509 0
1220 0.3855666249990148 0.8858944922950429 0
1221 0.3693846916820485 0.8857648044640389 0
1222 0.4185307985617941 0.8582819467802228 0
1223 0.4264519371069592 0.8724961369151021 0
1224 0.3772683993198896 0.8995330298953055 0
1225 0.3615493354245701 0.8994555731395271 0
1226 0.362205225491505 0.7183075282418792 0
1227 0.4348359871376003 0.8585751481674082 0
1228 0.4426851715969329 0.8728400528117227 0
1229 0.4343487218556075 0.886585433432128 0
1230 0.4503302561005064 0.8869143653581806 0
1231 0.4420205081859712 0.900483782637822 0
1232 0.4578001151702235 0.9008215731395357 0
1233 0.3883686823173287 0.7669971914371905 0
1234 0.3355642462420168 0.8280558705242513 0
1235 0.327157092399663 0.8426963553251912 0
1236 0.466380162758581 0.8873400732865332 0
1237 0.4736291145383775 0.9013035425343427 0
1238 0.3691920297908454 0.9129692580973116 0
1239 0.3534967952580681 0.9128784384789255 0
1240 0.4650227698190919 0.9145731635889461 0
1241 0.4808876021661829 0.9149593605844663 0
1242 0.3186223494757331 0.8280868852296005 0
1243 0.3102162683473915 0.8427204589532352 0
1244 0.3852523312806354 0.9134082289482386 0
1245 0.3189039843202092 0.8572726816724489 0
1246 0.3021342172090143 0.8572962017304208 0
1247 0.2933663268144404 0.8429004695118821 0
1248 0.2854221771792408 0.8573624130810097 0
1249 0.2937706358799071 0.8715289953669663 0
1250 0.2774397256459105 0.8715925074132066 0
1251 0.2855596762091742 0.8854772950240234 0
1252 0.2696024886525831 0.885646522160317 0
1253 0.269237312173533 0.8576978810175924 0
1254 0.277569228823451 0.8992796856789089 0
1255 0.2618987206631805 0.8994623002935271 0
1256 0.2698840357949029 0.9128605176262814 0
1257 0.2543516565713924 0.9130029894379459 0
1258 0.2463385860627451 0.899703366181499 0
1259 0.2388433644901524 0.9131980995698494 0
1260 0.2308238656417536 0.8999450988386761 0
1261 0.2233443369936806 0.913416109410787 0
1262 0.2853194360632437 0.9127915883947708 0
1263 0.2153202129941196 0.9001859128931256 0
1264 0.2229523655534513 0.8864835917775468 0
1265 0.2078017564046887 0.9137137023116041 0
1266 0.2466877696684954 0.9264755513212983 0
1267 0.4511778722855986 0.8588726525772379 0
1268 0.4432444289474603 0.8444547009712302 0
1269 0.7341029363796169 0.6285863282106487 0
1270 0.7698677989340472 0.5603438327468991 0
1271 0.6907114863414855 0.7189337891295615 0
1272 0.09251878100825339 0.6892761557296971 0
1273 0.07696104920428015 0.6892560260469225 0
1274 0.08466165168605377 0.7025163500893034 0
1275 0.9245939799398598 0.7643046650541241 0
1276 0.9185111521830984 0.7784448655558123 0
1277 0.9216930855819689 0.7374522232914319 0
1278 0.06893226289581872 0.906696382663411 0
1279 0.07639260870137587 0.9198640881829487 0
1280 0.6015421168418836 0.8750223791754186 0
1281 0.2339653288460303 0.2915960717310094 0
1282 0.06929728447823374 0.7024986856644136 0
1283 0.07694405296909557 0.715631404367626 0
1284 0.9162328879825734 0.6835943674242848 0
1285 0.9226318894413297 0.6695741945576389 0
1286 0.08246201355687249 0.1030259890571287 0
1287 0.07410735017653169 0.09015399859738271 0
1288 0.081236853527062 0.07643130353916994 0
1289 0.4890166937891641 0.1618808660583829 0
1290 0.2039040486245115 0.4518146808227418 0
1291 0.4988175944253685 0.07708347727711312 0
1292 0.5140441731767907 0.07591834251663154 0
1293 0.5228488561158411 0.08850205392832849 0
1294 0.5294280027600884 0.07471214438938117 0
1295 0.5380957567511976 0.08721144558354754 0
1296 0.5446612173331818 0.07345283826479226 0
1297 0.5532846071316081 0.08589398249256452 0
1298 0.5467437493662576 0.09986280152617322 0
1299 0.5622095558785226 0.09851764541076052 0
1300 0.4835109912764787 0.07825887912420126 0
1301 0.1204361763363619 0.08757773569107047 0
1302 0.5464903903883349 0.7695680352595413 0
1303 0.5788964801612464 0.1857310766552858 0
1304 0.5002751842590348 0.3122527877777045 0
1305 0.5392511819203585 0.2461935766757111 0
1306 0.7073436683643942 0.07356432399412677 0
1307 0.3740378065077492 0.2624976753094921 0
1308 0.7226056700618162 0.07344874668433865 0
1309 0.489536971329198 0.9018466894242719 0
1310 0.4963620490966998 0.9155433010424969 0
1311 0.1894647867224707 0.8070581674819043 0
1312 0.8933824687521901 0.6016708418239659 0
1313 0.8063875521377024 0.0907028719842099 0
1314 0.7988693084131893 0.07729164099399166 0
1315 0.7981815223028792 0.4626999642498161 0
1316 0.8063208538905289 0.4469917979138031 0
1317 0.9135592829729193 0.4349621854269295 0
1318 0.9206220853530014 0.4213571044874748 0
1319 0.7390108264131023 0.3393079335385855 0
1320 0.729312640275203 0.3232670465984295 0
1321 0.7202829047482373 0.3397884263307511 0
1322 0.710339527874766 0.3234738467495514 0
1323 0.700993011691561 0.3405005231710488 0
1324 0.6909700760691291 0.3237555194181526 0
1325 0.6814999165228102 0.3409116607399787 0
1326 0.7000785436459931 0.3069509815290191 0
1327 0.68091483299897 0.3069672235934947 0
1328 0.6900765998916371 0.2901676222155197 0
1329 0.6916672202521374 0.3578021822714108 0
1330 0.6719237781286229 0.3582351541528093 0
1331 0.682371567978785 0.3752799749562948 0
1332 0.6623276048506068 0.3757415514186299 0
1333 0.6728779360489356 0.3929456950604995 0
1334 0.6526272239047681 0.393415180597178 0
1335 0.6632051140612596 0.4107350734855753 0
1336 0.6428189533430066 0.4112486416074316 0
1337 0.6534779840954791 0.4286837455281232 0
1338 0.6324022983454303 0.3938698654798953 0
1339 0.6329206074749321 0.4292467369258799 0
1340 0.6436801779403686 0.4468385706640437 0
1341 0.6710079013371454 0.2900954362751637 0
1342 0.6805343954369251 0.2733515472434473 0
1343 0.6229037233657525 0.4474384907388881 0
1344 0.6338436297542587 0.4651285214601388 0
1345 0.6544845842165734 0.4644865982400066 0
1346 0.6449023948003121 0.4829880653238162 0
1347 0.6240427999952167 0.4834815872508592 0
1348 0.6351719490433188 0.501471542203851 0
1349 0.6142390654403423 0.5020251084067913 0
1350 0.6252422375700651 0.5198838604213556 0
1351 0.6042333627713387 0.520604014435463 0
1352 0.615342430269366 0.5384947615444668 0
1353 0.6991856152299745 0.2742554448739257 0
1354 0.6895322122179465 0.2570964805300393 0
1355 0.6654900509665849 0.4822333664103522 0
1356 0.6749127989268825 0.4640941093510156 0
1357 0.6614254122263663 0.3071639037678706 0
1358 0.6516750121311283 0.2903781733758829 0
1359 0.6419113493722854 0.3073505546002894 0
1360 0.1398574894920254 0.6040526573079882 0
1361 0.7651203492384588 0.2298351502667869 0
1362 0.8449103615638794 0.6055549994421313 0
1363 0.8378086608228922 0.6205544245428909 0
1364 0.8282442638546208 0.6067189742035014 0
1365 0.8209577071026507 0.6220612861353144 0
1366 0.1410984353295972 0.41215872074062 0
1367 0.8661978773489322 0.4371676216722382 0
1368 0.3612733728098802 0.9262300426741726 0
1369 0.3468773708455158 0.9267709542852788 0
1370 0.1120064584783119 0.07471129518495023 0
1371 0.1271308578411491 0.0738432026540502 0
1372 0.4686452786743994 0.3646162716418185 0
1373 0.06942658389755041 0.6759632680660933 0
1374 0.8610794459995411 0.1879458119112296 0
1375 0.2776508899557545 0.9262514660151977 0
1376 0.4128635683153729 0.2928153315953721 0
1377 0.6370575695429966 0.1680170276334068 0
1378 0.5499315331673165 0.3296594861271468 0
1379 0.3537442800789177 0.171400404302296 0
1380 0.2881981547288341 0.1769827800615973 0
1381 0.6095820726892376 0.8318400494845807 0
1382 0.2160076866844372 0.5583584710754561 0
1383 0.6120038075270483 0.4295669048577909 0
1384 0.7473799588656516 0.8775719689258814 0
1385 0.7632869169569254 0.8779353516527577 0
1386 0.5555318878562412 0.1127158629959737 0
1387 0.07045864841720084 0.4536448365562974 0
1388 0.2161087560617033 0.9268453883391914 0
1389 0.2007641113960708 0.9269219096479291 0
1390 0.5895689556183432 0.6696674598415353 0
1391 0.5785780273263615 0.6870169973149812 0
1392 0.0700017074306904 0.5338738268219571 0
1393 0.07737443509849445 0.5471909345285196 0
1394 0.09255511250161547 0.5471192716044243 0
1395 0.4682976113297941 0.2087363944193451 0
1396 0.1915647009643053 0.341175250972733 0
1397 0.07019047395126815 0.5072082098410943 0
1398 0.9288542715261288 0.434112328860726 0
1399 0.6835380970638812 0.411055975168586 0
1400 0.930442319886813 0.9091789768689973 0
1401 0.0672157544514928 0.1037569209006817 0
1402 0.4882154686542408 0.9285152030676012 0
1403 0.5028126976598868 0.9290982459211372 0
1404 0.5114558748449607 0.9161685838757718 0
1405 0.5185058579881213 0.9295818100539217 0
1406 0.4588283908187542 0.6864136840151551 0
1407 0.4491903508196725 0.7035034172544674 0
1408 0.7013106857483284 0.8186875697081577 0
1409 0.6363802508658584 0.5377021866455444 0
1410 0.6249248985024265 0.558224301876072 0
1411 0.8614447903678693 0.9271924475238729 0
1412 0.8463815559939702 0.9283872605760374 0
1413 0.6228312216750079 0.08719296279937533 0
1414 0.2737664572138699 0.3197993522656027 0
1415 0.0691499873238105 0.8802531325716376 0
1416 0.07674404034485954 0.867096513216482 0
1417 0.06910334363899623 0.6223495147100638 0
1418 0.8290398110270967 0.1323156872620884 0
1419 0.2679903244126415 0.4336566758968354 0
1420 0.2778081499326067 0.4491927084137489 0
1421 0.07659066770625295 0.6091435054140367 0
1422 0.7376193497792347 0.5136732845789749 0
1423 0.9322643327618783 0.2853436891701081 0
1424 0.9031837108917689 0.7802942016208558 0
1425 0.912492175026774 0.7925546006853433 0
1426 0.9276283721760186 0.7907307102250128 0
1427 0.9217257112558952 0.8047066210343583 0
1428 0.5940535207357074 0.5392424186336513 0
1429 0.9169288466262276 0.06535347909872818 0
1430 0.9034417177295138 0.06419855183362871 0
1431 0.9319248256510938 0.06541256492352832 0
1432 0.7185219614010695 0.8189603389889089 0
1433 0.8219335709500362 0.06441528362353915 0
1434 0.8369919660490732 0.06453238187020016 0
1435 0.2180143946023252 0.09554745561526501 0
1436 0.2098826871584974 0.08249458403813104 0
1437 0.5991625501447726 0.6872675072287373 0
1438 0.5874551248227409 0.7043859965177079 0
1439 0.60791090857068 0.7047986261065992 0
1440 0.598579161540238 0.7213142217927264 0
1441 0.6173254977464442 0.7218213947378281 0
1442 0.6080287511381743 0.7380206409004016 0
1443 0.626844889009432 0.7383227068137269 0
1444 0.617280654086361 0.7543549992078944 0
1445 0.6358676152633216 0.7546912444762459 0
1446 0.931429485700078 0.6820822478890177 0
1447 0.3415271081096085 0.4028117111699951 0
1448 0.3606998295022631 0.4018909862777614 0
1449 0.7616525446766114 0.9318013195827394 0
1450 0.2168308122760109 0.06898649600462392 0
1451 0.2017547547941743 0.06973139285559782 0
1452 0.1720893132551529 0.5137501283390684 0
1453 0.6030316374004178 0.4845772061470125 0
1454 0.9170128360866039 0.9363968900627074 0
1455 0.9319441161230767 0.935441376357804 0
1456 0.1383496093940782 0.3017818544355612 0
1457 0.7931762534348969 0.9061823938746033 0
1458 0.3967547101239464 0.3280440620387106 0
1459 0.2071559376860972 0.8867354811761655 0
1460 0.2149543329549128 0.872798789247937 0
1461 0.3343750222642039 0.5952716267258246 0
1462 0.3142184997399375 0.5954052991463819 0
1463 0.1274976949774777 0.231772233264348 0
1464 0.1113967144530438 0.2324444773114384 0
1465 0.5266922737526059 0.9167508032863783 0
1466 0.5337192591966508 0.930154699253062 0
1467 0.0627315308185955 0.4405411114352119 0
1468 0.4759295468742629 0.6143379004386468 0
1469 0.06601120907354602 0.07742462134904304 0
1470 0.9357953299230126 0.4208130122468948 0
1471 0.6711842276836048 0.2568033734436767 0
1472 0.6803996870035901 0.2406276323160679 0
1473 0.7438171571266096 0.4654977817610628 0
1474 0.8701064488942742 0.2869688075082795 0
1475 0.4597742622939861 0.8447931445397843 0
1476 0.4517950720644881 0.8301194754333879 0
1477 0.2928450954454944 0.9261534511845394 0
1478 0.3010538403525533 0.9130064122008905 0
1479 0.5964347914095343 0.2446038611946207 0
1480 0.4858885983462204 0.2073608120236937 0
1481 0.4784208682021798 0.2232787749878584 0
1482 0.06155081865465195 0.8671099478509452 0
1483 0.06859288969495209 0.8543884292701024 0
1484 0.815316733300873 0.4620844062847724 0
1485 0.9394384106392335 0.07848844806012811 0
1486 0.9377247479528806 0.668323039473964 0
1487 0.9291850493399958 0.6559429380284458 0
1488 0.2273712585764024 0.1368010872118283 0
1489 0.4901121439424803 0.06458428937150007 0
1490 0.4751451409898381 0.06564820353305734 0
1491 0.9366942076291127 0.8029958710597205 0
1492 0.9307755602300394 0.8167915345392089 0
1493 0.3864457452472905 0.6489447875318378 0
1494 0.2854688270622472 0.9392662409445927 0
1495 0.3003587123874699 0.9392175815204417 0
1496 0.1788640328378774 0.2580657051503831 0
1497 0.8747593442492974 0.7427112402628393 0
1498 0.8654262087711969 0.7300478935433119 0
1499 0.06153385728131633 0.6091976558185215 0
1500 0.07279961595902978 0.06392852097698376 0
1501 0.7149016907538025 0.06040360838414904 0
1502 0.7299296633948866 0.06024060451509622 0
1503 0.2464202443728533 0.7165200073575635 0
1504 0.1307128702026967 0.9343452025954572 0
1505 0.1458296552372377 0.9346088534289285 0
1506 0.6132242814751222 0.1276665484670894 0
1507 0.06153813285844911 0.7158557989016128 0
1508 0.06925521438869586 0.7287474185856632 0
1509 0.08441636093338545 0.728771935494907 0
1510 0.07672955042076834 0.7419149184886829 0
1511 0.09202879347889581 0.7420326559179643 0
1512 0.08422689090803315 0.7551592891770047 0
1513 0.06898198352118046 0.7551909463301512 0
1514 0.07643104398572026 0.7682929533802322 0
1515 0.09168242474387606 0.7686926716687733 0
1516 0.08376761631014829 0.7816229835128128 0
1517 0.06861225185442749 0.7812980859987118 0
1518 0.0759085124683313 0.7945828124473198 0
1519 0.06135590255279361 0.9197672336608118 0
1520 0.06865950650673502 0.9327638094305083 0
1521 0.6264654019156473 0.7704728575804016 0
1522 0.6447858610309822 0.7707843185133059 0
1523 0.06155254140969352 0.634199192993018 0
1524 0.06231826443117588 0.5464245125273002 0
1525 0.8972034478716417 0.7943303728057479 0
1526 0.09111592177840511 0.794982962400148 0
1527 0.1930482699477964 0.9127571219861005 0
1528 0.1493994704970942 0.4262060109587145 0
1529 0.1575183806755077 0.4118678793067755 0
1530 0.6000974882297818 0.6522067852703417 0
1531 0.5901369501127893 0.6342645382620355 0
1532 0.1947065766446782 0.08315241646409194 0
1533 0.1866266480830661 0.07039955673358611 0
1534 0.7910102117312132 0.09048784756921652 0
1535 0.7836431871375651 0.07710242077804508 0
1536 0.7913894184085269 0.06408109038019533 0
1537 0.11890502458344 0.06123870191135861 0
1538 0.1338139960079714 0.06029525445212625 0
1539 0.698845708594791 0.241443564359212 0
1540 0.6893131854763599 0.224798832973057 0
1541 0.5206786516747097 0.06221622076144423 0
1542 0.5418671747666323 0.917355787263646 0
1543 0.5489832198576934 0.9307371278661397 0
1544 0.5570321844602223 0.9179658549738938 0
1545 0.5641428319075894 0.9313371354536631 0
1546 0.5721699467002465 0.9185790302121895 0
1547 0.5791689381187094 0.9319563882379358 0
1548 0.5872732947892616 0.9191953500417633 0
1549 0.5942631105407639 0.9325631152923083 0
1550 0.6023744272994287 0.9198102868986284 0
1551 0.6094635580838036 0.9331513126570961 0
1552 0.6170025601252072 0.9206701162840168 0
1553 0.6244911753368881 0.9337927352634753 0
1554 0.6319402371744037 0.9220507385252129 0
1555 0.6393640187974644 0.934581253577113 0
1556 0.06085277464176836 0.7941586871586317 0
1557 0.3333385926030266 0.7662615407744415 0
1558 0.9455881928063637 0.814984231266619 0
1559 0.9397749176906945 0.8288028245996936 0
1560 0.9249023955426128 0.8306088292939796 0
1561 0.2657094027927722 0.3702085919276209 0
1562 0.8112302570001853 0.6080900477352666 0
1563 0.8038823829599084 0.6236833306556898 0
1564 0.8186533449388018 0.592557875129754 0
1565 0.756629619134507 0.8636385734119365 0
1566 0.707751103155699 0.1260620409090813 0
1567 0.3569956644589766 0.2959153518986253 0
1568 0.3238193935965624 0.5781818008757184 0
1569 0.3039736095137568 0.5783301720820879 0
1570 0.2943783757125263 0.595358453096828 0
1571 0.2845310875204204 0.5784175857228256 0
1572 0.2939410698852188 0.561524227288143 0
1573 0.2749701064186476 0.5951545402676476 0
1574 0.1187078177859195 0.2183032839883944 0
1575 0.1027924833358027 0.219179832193412 0
1576 0.09559496690529123 0.2330616838285609 0
1577 0.08715469023350053 0.2199891668622531 0
1578 0.08002943582620969 0.2337827657604438 0
1579 0.0942449779715166 0.2061637270437802 0
1580 0.07880923821797337 0.2070018343364554 0
1581 0.08572710012053997 0.1933134538075273 0
1582 0.07051261423326743 0.1941502862520671 0
1583 0.07734773635480824 0.1806002211788413 0
1584 0.06356642033176202 0.2084678617221949 0
1585 0.06230467793537275 0.1814284720866512 0
1586 0.06906630451557472 0.1680216105249369 0
1587 0.4532737816338098 0.135398851875732 0
1588 0.9400147752938138 0.2984281069326124 0
1589 0.5596900949089292 0.07210856836841456 0
1590 0.8548623784735585 0.9408819999860019 0
1591 0.8399109572210299 0.9419634279389348 0
1592 0.8697721739704551 0.9397239507815649 0
1593 0.6999176146475331 0.06043539091445377 0
1594 0.208648902034298 0.9400171588130531 0
1595 0.1910830996303299 0.9400992027029753 0
1596 0.9425898237136229 0.7890466185327989 0
1597 0.1156461857072787 0.9341115624047883 0
1598 0.6712158005699488 0.224779192061407 0
1599 0.6801449200716125 0.2091122502070947 0
1600 0.3448300216336582 0.8993666145137609 0
1601 0.6108656504492194 0.6345735451982553 0
1602 0.3542828864058433 0.93964526273704 0
1603 0.3686825843783175 0.9394449009993329 0
1604 0.7465272044455136 0.9314970281568642 0
1605 0.7538353550635235 0.9446417313085838 0
1606 0.7389836872869499 0.9443728497529295 0
1607 0.7687105577454854 0.9449441076259919 0
1608 0.9001430612111205 0.5874425692830659 0
1609 0.909058428259628 0.6007354537577951 0
1610 0.915682532946163 0.5861363500180243 0
1611 0.9244345432399931 0.5994509948926754 0
1612 0.9309280386417437 0.5850619848928718 0
1613 0.9387960134825548 0.5975187443847063 0
1614 0.9449604468215496 0.583815419996625 0
1615 0.9375031869363325 0.5714087581729094 0
1616 0.8934141515304536 0.2171691419841724 0
1617 0.1633976749191872 0.5287424896425464 0
1618 0.07019606090472408 0.4273626387021169 0
1619 0.05520746765697115 0.4276696116295671 0
1620 0.0624578461694969 0.4146486603187061 0
1621 0.7783773590314035 0.7270976992441447 0
1622 0.7962624271462945 0.7261568315386679 0
1623 0.7865678389916557 0.7111897533511643 0
1624 0.8042349043510517 0.7102556272142012 0
1625 0.7945962879065025 0.6953781355151859 0
1626 0.806286480641911 0.7422731397288524 0
1627 0.5098209076973501 0.5578647805430292 0
1628 0.06888391917364101 0.5962062392521019 0
1629 0.08402517996304154 0.5959811934690462 0
1630 0.05791886290654957 0.0647338057229675 0
1631 0.6315148066100775 0.9470691722066811 0
1632 0.6463698370222718 0.9476492299981039 0
1633 0.2747445240687903 0.5616790463163946 0
1634 0.2841350521362302 0.5449016483935081 0
1635 0.9326556722637129 0.3116827694960865 0
1636 0.5511420650521859 0.05979433009223922 0
1637 0.7945083782289029 0.8339704966790743 0
1638 0.4351912302783235 0.8299994330799176 0
1639 0.4435542789410482 0.8152509900620468 0
1640 0.4607005772903383 0.8155758610203463 0
1641 0.4524339015339643 0.8004361717484122 0
1642 0.5197258416062899 0.9031902358250634 0
1643 0.8435508373958593 0.9023481419273522 0
1644 0.2929514128622718 0.1328538697088474 0
1645 0.934002441709211 0.8424999935442973 0
1646 0.4589776227398769 0.7202511743206874 0
1647 0.4395794204453711 0.7201448046525851 0
1648 0.4297766440070653 0.7036372055903657 0
1649 0.450554127101514 0.7368762909744371 0
1650 0.1077400131696533 0.1430072461032664 0
1651 0.396806907313438 0.4826788562904803 0
1652 0.3859159365104975 0.4643529843383175 0
1653 0.7759495436042216 0.06335471952896099 0
1654 0.1798706378423353 0.08360708763034397 0
1655 0.3363318327799488 0.3327502029198166 0
1656 0.05541167951111142 0.4536647575449364 0
1657 0.944061325463921 0.6547962199068784 0
1658 0.6006775493332696 0.616279415322479 0
1659 0.6216924535324223 0.6166715949696138 0
1660 0.5410376270259419 0.9434243001093842 0
1661 0.5090449363177287 0.9424270755039106 0
1662 0.5660296649177639 0.05848272746968675 0
1663 0.08318800391451048 0.8080089514226273 0
1664 0.2673693347411552 0.2248511666109893 0
1665 0.8357116994984294 0.2605079590924132 0
1666 0.8274436397209525 0.2155867057130783 0
1667 0.6522598739181995 0.3585207144978984 0
1668 0.7101385282075416 0.8039032364362093 0
1669 0.692724914334289 0.8036573129927338 0
1670 0.2644966033917617 0.5446295521425211 0
1671 0.2742663748316339 0.5282992963538207 0
1672 0.2934828428324796 0.5281194901496921 0
1673 0.2836402641783385 0.5115383959107311 0
1674 0.05103989848669249 0.07801402543179947 0
1675 0.1709893021047404 0.2730944652223591 0
1676 0.7022614677086987 0.3757691681874959 0
1677 0.9438300405706084 0.4334225631806026 0
1678 0.9370558368890304 0.4466525252468151 0
1679 0.2863842222869036 0.4333072440989862 0
1680 0.2968613245831011 0.4488600556042399 0
1681 0.7985357907146521 0.1040202196303623 0
1682 0.4585286048980426 0.3465055816405987 0
1683 0.4486990662413566 0.3640338430886325 0
1684 0.1421899730916809 0.4399240842964079 0
1685 0.05414137090025539 0.8802642006565358 0
1686 0.8521890339326554 0.7857867062381558 0
1687 0.2086949625392496 0.05638120562290538 0
1688 0.2235231942215603 0.05564420671088349 0
1689 0.8368708571773806 0.146481365430163 0
1690 0.5711720933393041 0.9446139779444672 0
1691 0.8137965909920315 0.6374402879743102 0
1692 0.7963635694965574 0.6387528264695087 0
1693 0.4070906459688999 0.4639752430757512 0
1694 0.4070554701132265 0.6490882428532088 0
1695 0.4202485438854233 0.7202682085334371 0
1696 0.1908215038526272 0.6323394437585961 0
1697 0.1998147339635696 0.6471455037184191 0
1698 0.208381472482543 0.6319773579952528 0
1699 0.217368975523172 0.6472691821484747 0
1700 0.2261767308887883 0.6316954204619425 0
1701 0.842542232262937 0.7719638461228954 0
1702 0.7385764995856858 0.3069567704258849 0
1703 0.6077394542550973 0.7701597232852013 0
1704 0.6471247058670291 0.5545016575095087 0
1705 0.6571245544529036 0.5370066749352559 0
1706 0.05501086773040859 0.5337561245854705 0
1707 0.6855386652814113 0.4812722639258052 0
1708 0.9053194197445682 0.8705899938610409 0
1709 0.9473412869066469 0.2854811617058355 0
1710 0.9398158373249068 0.2723876464517792 0
1711 0.3806608822933719 0.2148824278086883 0
1712 0.05394442281833522 0.5964584475439558 0
1713 0.05366927789155101 0.7030445253960127 0
1714 0.05400323041458721 0.7293598081040569 0
1715 0.6321385929777963 0.2905758823014663 0
1716 0.6223780408858433 0.307544385179168 0
1717 0.05407249035449574 0.8542606705575748 0
1718 0.410368781951011 0.7038803525791636 0
1719 0.9476561020255954 0.3112933345887591 0
1720 0.9404423304698133 0.3243418124323338 0
1721 0.7656203077167347 0.7908810734824179 0
1722 0.05418578783874567 0.1688407611649867 0
1723 0.06087462176522873 0.1555774951341757 0
1724 0.9525261280075085 0.6669196180952872 0
1725 0.9246251599687003 0.05246901688675665 0
1726 0.9393757890617429 0.05255250342034234 0
1727 0.0537999772640777 0.9326226447792505 0
1728 0.1551538207129057 0.5140393091566735 0
1729 0.05367523990448042 0.7811152434579347 0
1730 0.2084096806859621 0.662594518635799 0
1731 0.9353254537580779 0.6143943733149079 0
1732 0.6015412384759411 0.9457992228703616 0
1733 0.6543007006976813 0.7550978618471857 0
1734 0.8003757505787877 0.9197188818816828 0
1735 0.8205423500119506 0.1464422011454749 0
1736 0.8286114199848672 0.1608085504666987 0
1737 0.5868277371171897 0.7377543538373011 0
1738 0.182200241319456 0.3269533215277119 0
1739 0.1741753862184297 0.3417807359952882 0
1740 0.183408807414617 0.3563990118800788 0
1741 0.3030259075941321 0.5119514648280098 0
1742 0.8294519959427243 0.05142395678935435 0
1743 0.8442891303865052 0.05141867849854859 0
1744 0.06171939632370699 0.9458209714349434 0
1745 0.07658936640592628 0.9460080961906859 0
1746 0.6979828543265784 0.2088688420189881 0
1747 0.6889380917793946 0.1936007661609936 0
1748 0.6543689577453434 0.9351604984760696 0
1749 0.6611715076945135 0.9483404902770314 0
1750 0.1845068363789268 0.1536696734772018 0
1751 0.948933953122777 0.608124868043719 0
1752 0.3968406890639524 0.4459377432249011 0
1753 0.4177283407622835 0.4452601057454006 0
1754 0.4074307609709905 0.4270840364876343 0
1755 0.4276261434498229 0.4270484930991387 0
1756 0.5827719287202298 0.5214756871905424 0
1757 0.5723245816642412 0.5401771226385066 0
1758 0.417772946540841 0.6311785007593469 0
1759 0.9253813857899044 0.9487733093233804 0
1760 0.9401690597932095 0.9477550256645996 0
1761 0.946753208400348 0.9345482026007472 0
1762 0.9106503282371199 0.9497886373052253 0
1763 0.8121591285838325 0.6945339506123742 0
1764 0.9551622780090716 0.3240454236699124 0
1765 0.9480390164437043 0.3362668045751425 0
1766 0.1229793912354915 0.9471869011376755 0
1767 0.3528764964993769 0.4196186521727038 0
1768 0.8518769912345734 0.06442156911522645 0
1769 0.8592183974250763 0.05152204524446635 0
1770 0.4349680865119729 0.8001217856980487 0
1771 0.157923467761889 0.4403218493136216 0
1772 0.150599826148005 0.4542117637773256 0
1773 0.1010957136363149 0.1923445433399526 0
1774 0.3189675098120023 0.3690798881513641 0
1775 0.4817127236494212 0.05218323282138138 0
1776 0.4668643637395705 0.05331171753661623 0
1777 0.4603447259651474 0.06665105901789209 0
1778 0.4521251805971014 0.05431721689536284 0
1779 0.4455196065289629 0.06747255242488193 0
1780 0.4373112550243875 0.05526652810615806 0
1781 0.4306874415653559 0.06842826459412377 0
1782 0.4224206723172433 0.05620733166362712 0
1783 0.4158379478747826 0.0695374469484602 0
1784 0.4245771106854322 0.08202127895577493 0
1785 0.4074678732713467 0.05706512388923579 0
1786 0.4009515308627731 0.07052007637195573 0
1787 0.3926401249430732 0.05816062106074471 0
1788 0.3861671781349935 0.0714895644635542 0
1789 0.3777505626903495 0.0591554801600449 0
1790 0.3715057599863122 0.07262775999725246 0
1791 0.3629429245334237 0.06015973763756216 0
1792 0.3565412342010156 0.07373618244974389 0
1793 0.3479836170618378 0.06116342924260521 0
1794 0.3413547160773868 0.07458679920088629 0
1795 0.3329465310640968 0.0621194770832284 0
1796 0.3263332422199007 0.07554340917779112 0
1797 0.3180153412381045 0.06308937343155419 0
1798 0.3501921744241132 0.08749272974196848 0
1799 0.3113134012538161 0.07656679425248614 0
1800 0.3034451023780247 0.06357373637012687 0
1801 0.3946847383733907 0.08410122389745045 0
1802 0.3695388216606788 0.04688856987552725 0
1803 0.3246803478780472 0.04971494005725124 0
1804 0.04647779446357025 0.9191072345962725 0
1805 0.06034039391188573 0.8421479528869653 0
1806 0.8216739984192236 0.7091383063459737 0
1807 0.7829664018586699 0.103781759885506 0
1808 0.7836221198803881 0.05064422155710185 0
1809 0.7678882262596014 0.04925325242579315 0
1810 0.08835943598747859 0.2467460988613422 0
1811 0.07303866893664945 0.2474918675719357 0
1812 0.5839117994601801 0.5585494859837141 0
1813 0.1880626082627004 0.272507534019187 0
1814 0.5364940954706159 0.7207268541802501 0
1815 0.5712286820663215 0.1114041087958505 0
1816 0.5795368967089013 0.09593295064231472 0
1817 0.5646205526155647 0.1256505877946245 0
1818 0.548652045617412 0.12704370272077 0
1819 0.5577635482795598 0.1402818261372776 0
1820 0.5415615544919796 0.1416778259380133 0
1821 0.4262927202355475 0.9002092965376207 0
1822 0.433963864576494 0.9140059787175487 0
1823 0.2929126169877827 0.9520459015301064 0
1824 0.3076706933428069 0.9520200083354536 0
1825 0.2782677445447434 0.9521817125882207 0
1826 0.9166313159256876 0.1182896158838729 0
1827 0.9318685748517208 0.1183931738054237 0
1828 0.7073176494382248 0.04757484804928186 0
1829 0.6926405451472639 0.04764198501425421 0
1830 0.9487292961942977 0.8406897264713354 0
1831 0.9430533610711869 0.8543040538639479 0
1832 0.4960568728081406 0.2219532078929217 0
1833 0.5036329534670704 0.2059524910059902 0
1834 0.4887381663960212 0.2378479824063339 0
1835 0.8016960691829734 0.5939889302756788 0
1836 0.8090134361337229 0.5787168764969997 0
1837 0.3101851434321913 0.38716838683215 0
1838 0.08345530340081386 0.854531140313408 0
1839 0.0995517116565332 0.6214343616179372 0
1840 0.1876858783784405 0.09668503452366373 0
1841 0.04630863469544982 0.9453968394354436 0
1842 0.9506638339260949 0.4202195393852905 0
1843 0.9427749733862423 0.4077044382154769 0
1844 0.6621875020893816 0.2092448505971281 0
1845 0.06461741914753799 0.05150903092056336 0
1846 0.07940664018927401 0.0506645606374756 0
1847 0.04992407778607233 0.05229753074184873 0
1848 0.9520137079749194 0.5707024171827577 0
1849 0.9441935428730782 0.5585979321560037 0
1850 0.1988820443893512 0.873090988406924 0
1851 0.2072130574079889 0.8592495228452421 0
1852 0.2230904113576836 0.8587623189707903 0
1853 0.6942451919728527 0.4633434768314095 0
1854 0.04753762910103332 0.1827115685988239 0
1855 0.6358644318549191 0.7229122481344947 0
1856 0.1662896374363353 0.3570110030022782 0
1857 0.1753722888145074 0.3709858349841403 0
1858 0.8583754850683373 0.4501394513578949 0
1859 0.8499073730415045 0.4376694595037735 0
1860 0.4172518264271482 0.4079364527124578 0
1861 0.6186952625706645 0.6882293812567146 0
1862 0.4686493821478627 0.6691274747166546 0
1863 0.3271125399387477 0.8132321847659273 0
1864 0.3099269796007814 0.8132784463769547 0
1865 0.2152201439099136 0.8449307985949945 0
1866 0.2313258170327889 0.844443425978217 0
1867 0.2226497648097898 0.8300772409115195 0
1868 0.2395758241563593 0.8298110112929266 0
1869 0.3197145457271858 0.08917669871822675 0
1870 0.3044948772234108 0.09013443224433704 0
1871 0.1465897740895682 0.5290079749738148 0
1872 0.635360837439134 0.7863253154454979 0
1873 0.3609843077041469 0.9522626848877638 0
1874 0.3749900018267472 0.9527760322209879 0
1875 0.3477826719980195 0.9529238755144708 0
1876 0.9549006914714555 0.9467794209602571 0
1877 0.444017187004297 0.7850474768027793 0
1878 0.1536542418410707 0.9216543486147525 0
1879 0.9518256522324426 0.4459329303950721 0
1880 0.9451476880320687 0.4590548330939175 0
1881 0.7863442709441649 0.6249532970639609 0
1882 0.7788607246384969 0.6411008348518918 0
1883 0.5503695534789481 0.1549286901876272 0
1884 0.5342901995873079 0.1565313698384857 0
1885 0.5432566571498507 0.1700164579697482 0
1886 0.6679328174771646 0.5542703239483058 0
1887 0.6565780156480924 0.5731670217123997 0
1888 0.6532088459972972 0.2247947238259899 0
1889 0.1961280813356928 0.2572624822922958 0
1890 0.04762859800181773 0.4148005305631213 0
1891 0.05478628979288008 0.4018464465746427 0
1892 0.171506233558903 0.07098653770349855 0
1893 0.1787223807663659 0.05773558815379809 0
1894 0.235322835875259 0.6473030710444807 0
1895 0.2436771356499247 0.6304916023686988 0
1896 0.2318415786261342 0.6138193083376072 0
1897 0.7064416208155835 0.1932013670763342 0
1898 0.04599171547723269 0.8419092280381018 0
1899 0.6692496654682197 0.9357418139367183 0
1900 0.6759335357407225 0.9489734732575515 0
1901 0.04746738624079611 0.5466032051527322 0
1902 0.1656015220183679 0.08436815556377686 0
1903 0.0996953013791228 0.7288918659188172 0
1904 0.1075213226795202 0.7422645351154677 0
1905 0.7905695832773565 0.1174118066250203 0
1906 0.04668207974493399 0.6092234493442681 0
1907 0.269380249576198 0.464250235717666 0
1908 0.6774712583098512 0.5365409573165545 0
1909 0.7394845385037276 0.8635479198482088 0
1910 0.7503825283053988 0.8494795240230908 0
1911 0.5797399580458211 0.6161498054365071 0
1912 0.1258485215489493 0.04789552539872155 0
1913 0.1408056918217612 0.04687838858630955 0
1914 0.09854418084225025 0.8084360130188718 0
1915 0.1065977216454453 0.795413310336437 0
1916 0.461293241429152 0.2244967157532409 0
1917 0.04615371619247655 0.1563885580361299 0
1918 0.05280485618347208 0.1433948782053566 0
1919 0.05686479651127474 0.5587136467998769 0
1920 0.6619778805541799 0.7720571026594647 0
1921 0.8633555283083794 0.9531008709122046 0
1922 0.04601424087860678 0.7938266183071248 0
1923 0.5276271962611342 0.1712374663052416 0
1924 0.7679051159713797 0.07559382106306767 0
1925 0.7016833661951111 0.7886076990435893 0
1926 0.9576101986624734 0.852327956623081 0
1927 0.9520160702435693 0.8658875411492613 0
1928 0.6124892065017314 0.2907465075805131 0
1929 0.3955844408315498 0.8136982030881174 0
1930 0.864693015442472 0.8005910307246636 0
1931 0.200657359970737 0.9529109747507358 0
1932 0.1870923091148967 0.9555390712081167 0
1933 0.2167792617632487 0.9528193577754759 0
1934 0.9188920738777658 0.961946521841754 0
1935 0.9545773541107596 0.2725642276214674 0
1936 0.9472215331284232 0.2598653924829488 0
1937 0.9620560173837009 0.2851086773826114 0
1938 0.9574969324179292 0.4071188081025466 0
1939 0.9497501445076373 0.3946305147150504 0
1940 0.7037193873524129 0.4806352468086471 0
1941 0.7462413490018283 0.9572492312307991 0
1942 0.7315252257159196 0.9569893705293353 0
1943 0.05314563248683707 0.8068307086734817 0
1944 0.5574709882846449 0.04639349158027817 0
1945 0.5720613571763555 0.04501099753445348 0
1946 0.3988955971684717 0.04473894476434531 0
1947 0.8876990464342109 0.7819706815156275 0
1948 0.2255049256717357 0.5428785134476062 0
1949 0.07622632395993251 0.5829927324874974 0
1950 0.09150133053435017 0.5827081564513695 0
1951 0.8085709333170571 0.9066803223981805 0
1952 0.8014054988453064 0.8930477509534427 0
1953 0.3130328796555153 0.5281075738918828 0
1954 0.2154200341560285 0.04326040238432255 0
1955 0.2300082156550958 0.04245599457570437 0
1956 0.7726081218786238 0.8640691385049065 0
1957 0.5504353086280377 0.9035148902592264 0
1958 0.8785532500809834 0.9520392363076724 0
1959 0.4375818773716886 0.4116281629323686 0
1960 0.6679803659997522 0.9613326642987183 0
1961 0.8056741929777411 0.6535311697680428 0
1962 0.6718269134723116 0.7560855314781172 0
1963 0.0404902743168355 0.4277268343314485 0
1964 0.4290644967330235 0.04286634847284787 0
1965 0.4267987765381411 0.785037476233294 0
1966 0.3044635691922175 0.4334641197296044 0
1967 0.3155948851143584 0.4495107184922134 0
1968 0.2545888767119373 0.5607366576333441 0
1969 0.1077546979962888 0.9467721071124061 0
1970 0.6973243739142634 0.1781888792126777 0
1971 0.6801489268457889 0.1785229955871071 0
1972 0.6884867976246646 0.1635154772352079 0
1973 0.4180187370945448 0.9136779770996383 0
1974 0.4257739142696005 0.9271252070891395 0
1975 0.4101437981795791 0.9271514423832629 0
1976 0.4180879676171779 0.9401196305859594 0
1977 0.4329914751403006 0.940358636942489 0
1978 0.4253801045060314 0.9530619058555326 0
1979 0.4401578457994126 0.9533142316049916 0
1980 0.4106976605590356 0.9528335605237825 0
1981 0.4586521736858099 0.04105885624670053 0
1982 0.3070764794363271 0.4650663315930987 0
1983 0.828595407925111 0.6941942550129245 0
1984 0.5367992868771478 0.1856432184920207 0
1985 0.5619576554863441 0.5591052545580876 0
1986 0.550206011925523 0.5407156972519118 0
1987 0.2855921108292481 0.964720840043319 0
1988 0.08119419483084633 0.2603168663582439 0
1989 0.06603638976461812 0.2608318737444232 0
1990 0.05799592553257038 0.2482627993482582 0
1991 0.05104787676806688 0.2614027250035429 0
1992 0.05899804615274168 0.273952275086477 0
1993 0.04321819881917977 0.2489909398139147 0
1994 0.04425469445271357 0.2745340738862589 0
1995 0.0520241341038753 0.2869013371158999 0
1996 0.03745406316387617 0.287362151992873 0
1997 0.04513455437541908 0.2997437991117423 0
1998 0.05973381732170402 0.2993150178360643 0
1999 0.0533997288729901 0.311929923567085 0
2000 0.1107445843249868 0.04877619694209184 0
2001 0.449052829987961 0.6694945813624666 0
2002 0.8666588822549939 0.06428802366821945 0
2003 0.8740345973851732 0.05147599391781238 0
2004 0.4183946958076852 0.4814697224613643 0
2005 0.9243029433496951 0.1314239089074813 0
2006 0.9393894378109311 0.1313306925148937 0
2007 0.9468352407716948 0.1185363967791586 0
2008 0.9542144869877871 0.131306941750113 0
2009 0.9468708860242119 0.1440446014082484 0
2010 0.06666053080687101 0.1426815143273361 0
2011 0.6960754778620012 0.4980341352649525 0
2012 0.3151022983365195 0.9392579596341375 0
2013 0.2528952024436631 0.6479937048109616 0
2014 0.1800134022844386 0.2876275767923306 0
2015 0.7274606703980293 0.8042292311545108 0
2016 0.2308731551972492 0.8151755510275215 0
2017 0.247348654896085 0.8162906313323235 0
2018 0.1153917563168123 0.9598796060774968 0
2019 0.1302447506170303 0.9600260401930378 0
2020 0.1004145768191582 0.959459586742617 0
2021 0.0499631280688666 0.2359180318754048 0
2022 0.2608510071063943 0.6296482648274443 0
2023 0.1650523454973593 0.3281252467528585 0
2024 0.6384363918044209 0.9600486032243365 0
2025 0.03932675078915676 0.8542307680174758 0
2026 0.6228862099154528 0.2738149092474846 0
2027 0.9597605970378246 0.4582327739502867 0
2028 0.9531498258299328 0.4712869434651072 0
2029 0.9385550736755213 0.4725591539583277 0
2030 0.9466013119441813 0.4844861746499043 0
2031 0.8189774878246502 0.2913066087008042 0
2032 0.8274195340535561 0.3058503590718353 0
2033 0.8194974728065421 0.3211067553097742 0
2034 0.8383100096608842 0.3200669077324462 0
2035 0.8287467130282798 0.3355789741762805 0
2036 0.84468554430229 0.3365856385817792 0
2037 0.8372451625748346 0.3504438161556498 0
2038 0.9611865033923914 0.4833981266978757 0
2039 0.9546847528286188 0.4965511369271863 0
2040 0.9401091875890351 0.4975949136743984 0
2041 0.9475045263312474 0.509472766395098 0
2042 0.7243145655459835 0.944194607359422 0
2043 0.7173953384783129 0.9564652986538452 0
2044 0.05378714835167031 0.9582820945092388 0
2045 0.5802531496786825 0.9057193565788659 0
2046 0.4477937453915611 0.9407377101823702 0
2047 0.4548704004019502 0.9536631076297547 0
2048 0.7988572679029202 0.05121087233368415 0
2049 0.1589268889101523 0.3711079687588647 0
2050 0.6238741645247692 0.9594378208286509 0
2051 0.08385364187522143 0.1672526241307379 0
2052 0.469833983403767 0.8008329198051957 0
2053 0.477674050214393 0.8159396130604289 0
2054 0.5428423375973749 0.04761147543988681 0
2055 0.3138531263694239 0.7334644645015472 0
2056 0.2736194146024079 0.1058603801669064 0
2057 0.4964338847985506 0.05108821333177371 0
2058 0.4380096100634332 0.3464086247371482 0
2059 0.4483262608985033 0.3288051001941507 0
2060 0.4281121832974288 0.3665639155157797 0
2061 0.7920991317563448 0.9326030892017441 0
2062 0.8070171593797545 0.9333237224868194 0
2063 0.799273774456675 0.9458492821485067 0
2064 0.6765141485609891 0.07372589542743024 0
2065 0.4010172963935015 0.7207465322425484 0
2066 0.2008312459778243 0.04398855122554324 0
2067 0.6100076331038384 0.9082712083833987 0
2068 0.9483723739927716 0.9598840334739772 0
2069 0.03927438424485075 0.5966232727966955 0
2070 0.9615123478897744 0.1186092007360128 0
2071 0.9542948496688469 0.1059429704544051 0
2072 0.9587999263178597 0.6535079337663692 0
2073 0.9670649383123889 0.6654185234371015 0
2074 0.9610784857259573 0.6786279201231313 0
2075 0.9251736277622551 0.6959501320981586 0
2076 0.940276523566431 0.6943678820671655 0
2077 0.9340693614479307 0.7080105672645942 0
2078 0.9488619701139478 0.7065978891601548 0
2079 0.9427870946639384 0.7205164048435611 0
2080 0.957425979331059 0.7191609749664293 0
2081 0.9515018679374452 0.7336181658967134 0
2082 0.6104311923607149 0.5940349379707659 0
2083 0.2191175531456841 0.7329443752768648 0
2084 0.4881443365674585 0.03904216490463885 0
2085 0.5026322286177997 0.03788692222531392 0
2086 0.2322622211934132 0.2586701330311277 0
2087 0.3025178146824097 0.8856254812696587 0
2088 0.04252045777289637 0.559394051657397 0
2089 0.06290048168790635 0.4666085908859554 0
2090 0.04803679019612134 0.4665039845622568 0
2091 0.05538298509446793 0.4792820589292489 0
2092 0.04074974760276512 0.4792402640371053 0
2093 0.04794848757362924 0.4927503374043604 0
2094 0.1673233218781529 0.4547676484280228 0
2095 0.1596544721703168 0.4692160159442681 0
2096 0.1752650321850824 0.4396782538677027 0
2097 0.2278089179818929 0.1658852618721209 0
2098 0.9587020217874481 0.5576598600073326 0
2099 0.95062323941301 0.5459583860539483 0
2100 0.9661568276565752 0.5692458693157525 0
2101 0.4121799933001146 0.739700131691467 0
2102 0.09047518896871004 0.8215423967310577 0
2103 0.9617453339436201 0.2598053480563025 0
2104 0.9544925047633877 0.2471443574669762 0
2105 0.9398668541440465 0.2472460397236019 0
2106 0.9472016164242559 0.234415860354351 0
2107 0.9324956273163451 0.2344268579820341 0
2108 0.9398327949099248 0.2216584876321499 0
2109 0.9545639701986982 0.2216660947708242 0
2110 0.9472966949291631 0.2090487490388751 0
2111 0.9249024777528502 0.2215592299031679 0
2112 0.902455890921228 0.615488467145652 0
2113 0.06966991531191258 0.4012843659833559 0
2114 0.06195536187072226 0.3888949278017795 0
2115 0.04715461625237427 0.3890718721559189 0
2116 0.05426724067387417 0.3762118014591891 0
2117 0.06895027920220959 0.3751956977461365 0
2118 0.06128873259137335 0.3632155453900783 0
2119 0.04658751840333547 0.3636279337477457 0
2120 0.05357530490736362 0.3509030830380268 0
2121 0.06801249510280882 0.3495704414851489 0
2122 0.2552557916799589 0.528440933916842 0
2123 0.9503915653483748 0.6415223393078164 0
2124 0.8076849800413003 0.477506787306629 0
2125 0.8250195287439781 0.4765325629197812 0
2126 0.8172473289699207 0.4919536734742722 0
2127 0.8344562395977664 0.4909240255563663 0
2128 0.826730813236408 0.5061463193187321 0
2129 0.8436473975518708 0.5052018139824243 0
2130 0.8360306734460651 0.5203746082822928 0
2131 0.2083752652395199 0.3111605821354787 0
2132 0.5461555544647697 0.7375350399435684 0
2133 0.3657703346589984 0.5764209476387459 0
2134 0.1516440278123847 0.2153821678348523 0
2135 0.9349097531068473 0.3949142128413411 0
2136 0.9420234497931379 0.382113539910565 0
2137 0.9566763887880891 0.3816582437996514 0
2138 0.9490122347721988 0.3699648347656844 0
2139 0.9632352015283092 0.3695280648568172 0
2140 0.2186156799175574 0.1230704842849478 0
2141 0.934305706781969 0.3695981775465423 0
2142 0.7769031563195189 0.6962683783314352 0
2143 0.7849621384640285 0.6804842981201066 0
2144 0.2381968539476492 0.05474423475175366 0
2145 0.2446368006542683 0.04161096773537637 0
2146 0.2527489744808953 0.05376219960262812 0
2147 0.2592350605403251 0.04075239219878624 0
2148 0.2673726006960237 0.05287404418944786 0
2149 0.273728530295414 0.03975611808116641 0
2150 0.9364013439365618 0.5465132316655568 0
2151 0.06741637746819212 0.311936173552169 0
2152 0.3545390856578817 0.6659621578240418 0
2153 0.6028385084146209 0.3077240376071688 0
2154 0.6127661878351719 0.324749768388228 0
2155 0.5929719308881464 0.3249128787028299 0
2156 0.603052266946718 0.3421893029386029 0
2157 0.9332748384047398 0.3371717890968877 0
2158 0.9335373017961969 0.5108039501074075 0
2159 0.8081257854484732 0.7730708430196639 0
2160 0.4190919951846404 0.5945964704044506 0
2161 0.6633730294817719 0.9205494611172884 0
2162 0.7377236791062287 0.07326256868654596 0
2163 0.04068631303168629 0.4535960868980167 0
2164 0.4677020342521369 0.8592683041781991 0
2165 0.620688398304679 0.6527654024207961 0
2166 0.8204134368630782 0.3510563408185305 0
2167 0.8292748183118106 0.3651676908014511 0
2168 0.8461162848356011 0.3647344104426741 0
2169 0.838165201861452 0.37952891514437 0
2170 0.8213010084347676 0.3801178176044948 0
2171 0.8302304415535662 0.3944745357171707 0
2172 0.8471545989661393 0.3938145712884487 0
2173 0.8190441824016067 0.5213267856187848 0
2174 0.8284219653729664 0.5356150315852135 0
2175 0.1418971337483388 0.4686035196639693 0
2176 0.1141495539179457 0.8088801004627735 0
2177 0.7190360343592147 0.2082763118069593 0
2178 0.9612849139040045 0.9336266933859951 0
2179 0.9533179763659764 0.9215147997950568 0
2180 0.9677224949054644 0.9206168643691677 0
2181 0.9599244241357859 0.9085879770283976 0
2182 0.1608784200451889 0.9348773671820725 0
2183 0.153099200265741 0.94766470843157 0
2184 0.9626636950182232 0.5095480586516039 0
2185 0.6825501352681629 0.961882309539232 0
2186 0.5740417426514393 0.07033490416095756 0
2187 0.7103917515328806 0.9432248542867699 0
2188 0.1917148362219195 0.8868491591239397 0
2189 0.1829387700656026 0.8733848812358378 0
2190 0.8529969049946118 0.09117231900936423 0
2191 0.5138361953605339 0.2204937622468874 0
2192 0.9615335201551689 0.1440057080909826 0
2193 0.9543534568567065 0.1567333578137496 0
2194 0.9395723872901519 0.1571302948420822 0
2195 0.9472227136848705 0.1695050827366466 0
2196 0.9617733308996814 0.1693242474277183 0
2197 0.8414764514259072 0.7103985385894191 0
2198 0.8317339696769583 0.7265093307705393 0
2199 0.8462985823492628 0.6910456683322699 0
2200 0.8356735359061866 0.2908029201758232 0
2201 0.03820250819113957 0.1441369294552832 0
2202 0.04422681988167015 0.1309443544864957 0
2203 0.5802450364816212 0.1257101688225344 0
2204 0.1318447412913993 0.6184348725780954 0
2205 0.1229306187508894 0.6056977501273574 0
2206 0.1313574777064545 0.5900412911286678 0
2207 0.2651079059813893 0.1955526862846145 0
2208 0.4763385119463407 0.8452545037114663 0
2209 0.4842869056975115 0.8597474932946105 0
2210 0.4929000497089515 0.8456668522881234 0
2211 0.5001722898027378 0.8604959233018672 0
2212 0.5083936579760464 0.8466523803752181 0
2213 0.04027558943767673 0.5338508375238434 0
2214 0.4537903179127781 0.08003653069934002 0
2215 0.3725860583193832 0.2309997274810012 0
2216 0.3625277975346904 0.2159675530354732 0
2217 0.3545374443507739 0.2319869351889541 0
2218 0.3445544517978566 0.2170357205811397 0
2219 0.3365044748271886 0.2330928295846131 0
2220 0.3265135325207486 0.2181047137184536 0
2221 0.8262400026367187 0.5783388689234711 0
2222 0.2759944143463983 0.4175869574604422 0
2223 0.7301421362580333 0.355957948336671 0
2224 0.4586004303739334 0.6518181038460253 0
2225 0.7353948248132125 0.8193880906462417 0
2226 0.3185300232467952 0.7983121916552958 0
2227 0.3011100571120361 0.798446092102529 0
2228 0.2925378319982418 0.8134181699826608 0
2229 0.2841880146571619 0.7989093392004626 0
2230 0.03856938358653528 0.8064575029943363 0
2231 0.6637784775604417 0.7394370904862446 0
2232 0.9689782342408177 0.2471259017501333 0
2233 0.8600473328535032 0.7708883506430672 0
2234 0.03914969997256978 0.3127023764006869 0
2235 0.7653391014851777 0.2608760147587482 0
2236 0.274423663480931 0.3536945295067273 0
2237 0.601821040643943 0.4479893104274544 0
2238 0.590715986450604 0.4298536346813962 0
2239 0.5802851249588712 0.4486931339314345 0
2240 0.5689634346727506 0.4302067382229058 0
2241 0.5800232105804842 0.4114543377698696 0
2242 0.8518029293340956 0.0386878195493589 0
2243 0.4215210925889089 0.6866711475981828 0
2244 0.4017150174194574 0.6864783550352912 0
2245 0.3858263942799501 0.9421210230602299 0
2246 0.1000931772705004 0.7029219314689569 0
2247 0.8167757115968521 0.8933720470364181 0
2248 0.8090678669717765 0.8793850537951313 0
2249 0.7914357188378631 0.03785784096745481 0
2250 0.8064641066279019 0.0385805309180195 0
2251 0.9649202710597913 0.6402644004513414 0
2252 0.9650795208462046 0.5446505337688581 0
2253 0.8705063515848268 0.3133939413767311 0
2254 0.8610758338413527 0.1604132551909705 0
2255 0.2112008301788634 0.1375225329707085 0
2256 0.2025390614119295 0.1239665758161383 0
2257 0.9321164958035073 0.03984100957371406 0
2258 0.9175868842615791 0.03967091118502719 0
2259 0.9467107616937754 0.0399742924144556 0
2260 0.9539844335800041 0.0525648027238188 0
2261 0.3798924373472252 0.1847005979363534 0
2262 0.3180994165695906 0.2348010755111305 0
2263 0.3285179570622466 0.2501433618121116 0
2264 0.3083853944749385 0.2192752019898138 0
2265 0.6844412241581711 0.1135479181608187 0
2266 0.4109055168018934 0.8438709888317997 0
2267 0.1381730572301906 0.5146394582435929 0
2268 0.07130875450878843 0.03847749079351231 0
2269 0.08652709801364455 0.03757238295178356 0
2270 0.04756859070471114 0.5212413232717421 0
2271 0.8500134350635183 0.7571566477683751 0
2272 0.03903737431044085 0.9579751469493638 0
2273 0.5830221087377783 0.3425187898949547 0
2274 0.5931620958226439 0.360000798294412 0
2275 0.5725079109892361 0.3597944614396064 0
2276 0.31299986525187 0.1029478660540233 0
2277 0.3284710869301525 0.1019014602939825 0
2278 0.6862274975401157 0.9352834555175444 0
2279 0.9626691513520088 0.3357048006967258 0
2280 0.7564689255727314 0.2764804912372374 0
2281 0.7470182819041201 0.2608965441131458 0
2282 0.9043773430311063 0.9630477717802073 0
2283 0.03896216909702277 0.7810303814817846 0
2284 0.04644794907643401 0.7683764084715504 0
2285 0.1176525767089291 0.03579880622655696 0
2286 0.9619319774385636 0.2091641081657117 0
2287 0.9190365182505703 0.8442417511527305 0
2288 0.9098308234175365 0.8323410356295919 0
2289 0.9634076180650684 0.7050663816993366 0
2290 0.7671551208631798 0.6811874260790862 0
2291 0.1357429502092875 0.0865645045067806 0
2292 0.4354749630646166 0.7694828209983531 0
2293 0.4531106970968199 0.7696492765110606 0
2294 0.6306491741927529 0.9727735422922414 0
2295 0.9611922264260744 0.04008694035292398 0
2296 0.9546951230589085 0.181951381039407 0
2297 0.9406954653989351 0.1825881760230444 0
2298 0.03909371961431324 0.35130955231326 0
2299 0.6133630997989934 0.3595831510749258 0
2300 0.9633057794850526 0.8388863633154169 0
2301 0.5555157426835082 0.7210702286661805 0
2302 0.2053805635494718 0.2719399185355906 0
2303 0.7774301167840488 0.835063650248315 0
2304 0.4180838320256642 0.965410422305472 0
2305 0.4044743920871202 0.9654337089277107 0
2306 0.1763037933122726 0.88664674427013 0
2307 0.6448475550618482 0.2096741755415883 0
2308 0.2549100172723466 0.8305286792501179 0
2309 0.4629813838489895 0.9410839669706959 0
2310 0.4695265667385503 0.9540993332514669 0
2311 0.7682389780963008 0.8209638245721931 0
2312 0.9174795313965133 0.2342392147658822 0
2313 0.8114592544984747 0.5366859419962928 0
2314 0.7380611797439418 0.2766207266434609 0
2315 0.8591916315284527 0.4234513882823226 0
2316 0.8410340312135143 0.4239782271495454 0
2317 0.4871414621445088 0.8011695032401643 0
2318 0.1464466474673562 0.499848368739061 0
2319 0.8136697147428937 0.9466576630972456 0
2320 0.8066196688564775 0.9588588673935385 0
2321 0.8208811542981573 0.9594351656595115 0
2322 0.792024391612957 0.9584434306733155 0
2323 0.1153311232828286 0.7291984528319293 0
2324 0.7687419439003694 0.6265509012002195 0
2325 0.7608898748935009 0.6428134894110545 0
2326 0.5329206785669941 0.1282839454900921 0
2327 0.936548644244218 0.8679086139057447 0
2328 0.9458184480460887 0.8796033374763346 0
2329 0.9608564937168176 0.8775150723394161 0
2330 0.886040513898197 0.9385605297821227 0
2331 0.812120582994591 0.1606428495737142 0
2332 0.8203747868473085 0.1752590069545247 0
2333 0.8041778263334496 0.1462648280391334 0
2334 0.8131793565183315 0.395074698839869 0
2335 0.0999183852794302 0.9336135066826935 0
2336 0.8334000248484456 0.7579409820165954 0
2337 0.2390404326401312 0.8586777146073185 0
2338 0.1230613802036202 0.7426711458328048 0
2339 0.1151600460278949 0.7561255576752162 0
2340 0.1309172095495718 0.7565257405185273 0
2341 0.1229582826006446 0.7700523642054219 0
2342 0.9621472179800349 0.3110529670987217 0
2343 0.4797766669096309 0.7533219651418053 0
2344 0.04531924337706461 0.3382685388824321 0
2345 0.7280496717982989 0.2602488474215472 0
2346 0.7377146971592041 0.2446546691488348 0
2347 0.4396891907859963 0.4452401082791413 0
2348 0.8530341593133809 0.5196128842832176 0
2349 0.2711011241395596 0.9645557633510486 0
2350 0.2637151302545077 0.9523364795940064 0
2351 0.2566269344234811 0.9646770460065844 0
2352 0.2492191557405811 0.9525469071349286 0
2353 0.2391760839027721 0.9665558157201646 0
2354 0.5586814699581556 0.4120739150046457 0
2355 0.9627747815447376 0.9590185448488961 0
2356 0.4097182602972018 0.8999796263473994 0
2357 0.6031052376612757 0.3771005397239773 0
2358 0.9068954804199202 0.5728280417463288 0
2359 0.6843382539646702 0.4462299063030244 0
2360 0.7040480129966704 0.4461280077499261 0
2361 0.1550980756747061 0.5433951637365726 0
2362 0.13845369977449 0.5436272804271373 0
2363 0.3089704841169625 0.7829956433376077 0
2364 0.1925210556996795 0.3709536552737249 0
2365 0.1849606629101278 0.3851251598136666 0
2366 0.6667893365196956 0.5186994400640348 0
2367 0.7772001124232526 0.6101114077478192 0
2368 0.3210221782952973 0.5127539148431683 0
2369 0.09645467229781379 0.2597528611497313 0
2370 0.07594801099275833 0.116480814571775 0
2371 0.908987002278859 0.1315602309913586 0
2372 0.03539239195978422 0.2366434564182165 0
2373 0.04198158372927002 0.223737797569416 0
2374 0.6873719763267593 0.5531696110293119 0
2375 0.9693305157240363 0.182131649467522 0
2376 0.3345681797757641 0.2025388505954243 0
2377 0.8417997607820478 0.4758931946419072 0
2378 0.2610023743874753 0.06613261842684637 0
2379 0.2757220268462768 0.06497407133369015 0
2380 0.5462731768973719 0.7043458140037947 0
2381 0.6320252235016869 0.5981254375076361 0
2382 0.6425377100883625 0.6168886793845056 0
2383 0.2511661407681381 0.0295176393778111 0
2384 0.5756683408690735 0.5779657631281083 0
2385 0.03131915711438071 0.3388181979270385 0
2386 0.2085886171107519 0.965101311508425 0
2387 0.3681245817427298 0.9646344707628993 0
2388 0.391714330082871 0.7374621706378177 0
2389 0.04637501966523544 0.5838700636469301 0
2390 0.7447414117928397 0.06017610910782278 0
2391 0.7372196001391036 0.0473278909609689 0
2392 0.4609842873363787 0.9660887833099316 0
2393 0.4750726719823962 0.9664350495868108 0
2394 0.4837558992295428 0.9545517659771942 0
2395 0.674118110273358 0.9743531669193066 0
2396 0.9038827856169689 0.8463111631174836 0
2397 0.6998841984535844 0.03534965815358349 0
2398 0.6853665558777814 0.03545000325997405 0
2399 0.7146263282230035 0.03495046326263557 0
2400 0.6770034418539 0.04792528157858167 0
2401 0.6701585396947592 0.03534868120187162 0
2402 0.565061072392847 0.1541513680261536 0
2403 0.5186128129769544 0.1576926209825791 0
2404 0.4917607942399012 0.874201398690009 0
2405 0.5069051068310944 0.8754055923967304 0
2406 0.02899123885304777 0.2494524001580629 0
2407 0.7925730778320964 0.5795347589704579 0
2408 0.7990752306233125 0.5641551009664932 0
2409 0.1635121596666179 0.05829382668233041 0
2410 0.1706364889795839 0.04522847577783268 0
2411 0.269583251897227 0.6481670787899265 0
2412 0.2795839734319122 0.6300066968767777 0
2413 0.9553399728194434 0.5318127899851237 0
2414 0.6719258030949316 0.1639395608879534 0
2415 0.6803696056883382 0.1493009197700619 0
2416 0.5592879110979188 0.4499517297532837 0
2417 0.5700153433576095 0.4682634896048297 0
2418 0.8188871492013009 0.6779319393601697 0
2419 0.6630820322201605 0.1784504272547765 0
2420 0.7749636900815388 0.1169079661013673 0
2421 0.7676507063715112 0.1035463286019133 0
2422 0.6518916523476199 0.3242276842694632 0
2423 0.8948826628964694 0.8338599933293311 0
2424 0.1219997853972151 0.7957961373085407 0
2425 0.832284726298826 0.9305383845681806 0
2426 0.8403988381632748 0.6487366564940683 0
2427 0.03353134255930734 0.521118107464512 0
2428 0.03359724806929998 0.4143189007664414 0
2429 0.09238337851385642 0.1435255937184331 0
2430 0.2443342310482557 0.6632331598085451 0
2431 0.03298359833514564 0.364636842371553 0
2432 0.4891646578425632 0.9668436929340376 0
2433 0.3219252800578845 0.9523099238933095 0
2434 0.3148604548158634 0.964372477886944 0
2435 0.3290647167892872 0.9649490416162143 0
2436 0.1628354332308626 0.2872600736557914 0
2437 0.9648074437406132 0.4201026892912026 0
2438 0.8060582971672959 0.11778451126514 0
2439 0.4785440607224021 0.6515660428524381 0
2440 0.335353913897509 0.7981339219371968 0
2441 0.925159967406498 0.4997335283261554 0
2442 0.8325258806557118 0.4373770567280061 0
2443 0.8245159562390187 0.4237036060660716 0
2444 0.7365914110925672 0.4821231829736847 0
2445 0.292428208078499 0.4959257305531644 0
2446 0.2728588902741723 0.4955187631653976 0
2447 0.1391179034058817 0.7696195948936664 0
2448 0.1484813672255442 0.3985844062801273 0
2449 0.3759730787634141 0.4474123869593526 0
2450 0.5491544334934394 0.03486824724951676 0
2451 0.5346561454881048 0.03551996586992268 0
2452 0.0752179605667273 0.820311164798376 0
2453 0.1692453565422853 0.9226817986120285 0
2454 0.1615060855798882 0.9087141647581367 0
2455 0.4182477929547944 0.7694818516374951 0
2456 0.779127670677089 0.8784896020611705 0
2457 0.7879665317124749 0.864759271264689 0
2458 0.07449332137767262 0.2999368146987889 0
2459 0.9006710120439119 0.8198818081055963 0
2460 0.884597827888993 0.820486922194674 0
2461 0.3935918313170749 0.4093391463798472 0
2462 0.4059140207934578 0.3899694945578936 0
2463 0.9712852451259071 0.7175830495702775 0
2464 0.03379583094013094 0.4936549637096423 0
2465 0.07788126641936682 0.02553584895798722 0
2466 0.09930747022208408 0.595892310339743 0
2467 0.1069195547023826 0.5824049123888241 0
2468 0.1992980566476727 0.616973598423836 0
2469 0.8720788005196634 0.9648650299705316 0
2470 0.8581345360466157 0.9669367126952434 0
2471 0.2480731389401005 0.9772603664741488 0
2472 0.02489269389466087 0.4260224081616277 0
2473 0.3262633188232997 0.4656564538949077 0
2474 0.3348377924251952 0.4492382412323724 0
2475 0.7171165329540656 0.8485446045769081 0
2476 0.6017744242141146 0.2743375149136161 0
2477 0.8368573152942613 0.1748201323496404 0
2478 0.9702297252143812 0.4081089847080648 0
2479 0.2839708144941937 0.3707637899271102 0
2480 0.2926942230476728 0.3543622720888824 0
2481 0.279256419323251 0.09122797208640904 0
2482 0.2749812704609835 0.3866974684433032 0
2483 0.1501486513568001 0.3576043207618554 0
2484 0.9658067698851138 0.4449464865742094 0
2485 0.4372090690012825 0.2423194495045887 0
2486 0.4477913493198172 0.2577430486335394 0
2487 0.4398615135769394 0.2745188780612473 0
2488 0.4586519492481601 0.2730835710247956 0
2489 0.4503690823719174 0.2904085560431648 0
2490 0.4695651457121012 0.2888288737229965 0
2491 0.4771647266584319 0.2713589403304411 0
2492 0.2881884131923527 0.1041570000145593 0
2493 0.0324433273321606 0.7681695057073936 0
2494 0.03922987125158228 0.7558323496448475 0
2495 0.0242470110485325 0.7546783977039024 0
2496 0.03289589375222246 0.7430061564461686 0
2497 0.5136229042358453 0.1733588646553046 0
2498 0.4293784036282364 0.3274782594380789 0
2499 0.9125291146761993 0.9749673535338561 0
2500 0.8219074284528307 0.5505144235516249 0
2501 0.04680504573637168 0.9695541549185183 0
2502 0.7953250814821544 0.1604548884839222 0
2503 0.5693953660012481 0.3933618795900906 0
2504 0.4581485543206837 0.3825557427537917 0
2505 0.08158398341533168 0.5699055910971783 0
2506 0.9677551835553967 0.05350715168966669 0
2507 0.961199431349425 0.06630363264123601 0
2508 0.0453609826296934 0.8191697489733893 0
2509 0.03195450001314998 0.8189164771223031 0
2510 0.1690923815832968 0.3009580215129936 0
2511 0.2066513999093517 0.8329655259726558 0
2512 0.8555778242887094 0.7059833832058273 0
2513 0.2074930552380478 0.030971831112452 0
2514 0.1926921678766552 0.03236155858174061 0
2515 0.9248897447370343 0.02801476685675508 0
2516 0.8141871048059078 0.9712200396280557 0
2517 0.8280509664971349 0.971162535965243 0
2518 0.6842929783230752 0.7885555255186549 0
2519 0.6762062723324114 0.8037376487725572 0
2520 0.6945961279813216 0.7739128309486816 0
2521 0.7124519148708295 0.7745873614018687 0
2522 0.7243291574227487 0.1889821795724234 0
2523 0.03233503386269343 0.9447704253218472 0
2524 0.6966691794375341 0.1487292471117613 0
2525 0.7241894453956064 0.96861651692325 0
2526 0.7101807638696871 0.9669313424139717 0
2527 0.4878403184467838 0.2857803174557235 0
2528 0.1477346131659644 0.7560520615869591 0
2529 0.0321446004023821 0.8414152332087199 0
2530 0.8286596176121003 0.1895346423483868 0
2531 0.9747894084724505 0.4561815720410455 0
2532 0.9559788624097054 0.3564852262533021 0
2533 0.3806096729520384 0.965540466434392 0
2534 0.03283713008267053 0.608856539859142 0
2535 0.03953183373290575 0.6216809068401032 0
2536 0.635243894530803 0.2248028730478135 0
2537 0.6442022630254949 0.2404822655062426 0
2538 0.626663582103242 0.2415378061884313 0
2539 0.06325058283531682 0.3245937594636424 0
2540 0.07741804332176783 0.322982686788997 0
2541 0.02393304416770053 0.6199302715292869 0
2542 0.0320295380579001 0.6330582597912802 0
2543 0.4947602222708078 0.2689800390717318 0
2544 0.9106652242880644 0.02796966308139942 0
2545 0.9036476488945704 0.03909746845851936 0
2546 0.6845104693502936 0.7390225849019852 0
2547 0.03262325634139329 0.58487763287884 0
2548 0.5380511261581706 0.5614672850724312 0
2549 0.03283174415529466 0.969908995953177 0
2550 0.1286728996620518 0.8091163734409785 0
2551 0.3322749905580428 0.4185135326996839 0
2552 0.4188102662166163 0.8002590730650196 0
2553 0.0323737506835412 0.1575174412957331 0
2554 0.9542447073682244 0.02657392278675608 0
2555 0.7871853384126219 0.1459019404886438 0
2556 0.2764421736262828 0.8145854562276105 0
2557 0.2676437614698234 0.7994384399914566 0
2558 0.707048691629967 0.02246166301164859 0
2559 0.5532829208130705 0.1801413360908981 0
2560 0.7274567108190076 0.4640872629332949 0
2561 0.7338538563112684 0.44960075638005 0
2562 0.7132021142411076 0.4986928926350399 0
2563 0.7047667334235008 0.5162819859460912 0
2564 0.4259260022410093 0.6508534253816408 0
2565 0.438473222655717 0.6316735244879489 0
2566 0.06240784306784408 0.1166391418179505 0
2567 0.05312256631601714 0.1038508677689083 0
2568 0.3180814490962227 0.4812689258803741 0
2569 0.6542082976765274 0.5958990852406457 0
2570 0.6633511177929342 0.6173489723583702 0
2571 0.3287641731420596 0.9399512486232132 0
2572 0.3221994119689012 0.9266864785767446 0
2573 0.956736972798055 0.629141032708561 0
2574 0.9422018567331198 0.629481943609058 0
2575 0.8245937277823231 0.9073168685947151 0
2576 0.9681385563379012 0.1064353401065434 0
2577 0.9616232301403775 0.093449898326743 0
2578 0.8814475151746669 0.06421473687362145 0
2579 0.9751577407805165 0.6772510224117358 0
2580 0.9684684517268994 0.2214168707574069 0
2581 0.03066866707410432 0.2745970788113581 0
2582 0.02301616852097238 0.2876074104079723 0
2583 0.5195278796132993 0.2031097515440872 0
2584 0.5295920652867365 0.217633364480752 0
2585 0.7607615512234468 0.1163213707876659 0
2586 0.02643918019614067 0.8544014596253469 0
2587 0.03301636387552387 0.8667985644263325 0
2588 0.9700100216630968 0.3820350768735164 0
2589 0.9771021231996218 0.3701072489523988 0
2590 0.02372381121476158 0.1454342506461889 0
2591 0.2234664929171976 0.9650610857314703 0
2592 0.7439122584275988 0.805216775474078 0
2593 0.7364773621173267 0.7892667963675735 0
2594 0.7175374560273824 0.9800001063709949 0
2595 0.7770276252530264 0.6660858465441459 0
2596 0.7581860570003724 0.6617951826305246 0
2597 0.5015469778662879 0.8314569630801347 0
2598 0.4594823638717771 0.3083517117357853 0
2599 0.5478332255150057 0.4689535468533991 0
2600 0.5584064288450945 0.4863456270520534 0
2601 0.9564962764339899 0.9718669925791588 0
2602 0.1011999340464868 0.1563486828705088 0
2603 0.116091933394783 0.1563036516325268 0
2604 0.1097381283941333 0.17031132439853 0
2605 0.2326105501996589 0.9529026054332356 0
2606 0.3222680299330546 0.9771650583013852 0
2607 0.9740797667639891 0.8503217122197706 0
2608 0.9707319029972168 0.9712015605132578 0
2609 0.9798449386005279 0.9825821081323081 0
2610 0.8352659539674741 0.9591364341349966 0
2611 0.1298963283490269 0.5013227070177949 0
2612 0.8410527157784974 0.7428282992327369 0
2613 0.8244324807113753 0.8781507610640118 0
2614 0.9273643099637175 0.9741381408875953 0
2615 0.8821425856549556 0.7961257159337292 0
2616 0.5494765130911297 0.3957461992351948 0
2617 0.941238271267296 0.5239482465059022 0
2618 0.9269971428943989 0.5235656686012125 0
2619 0.5662639040014297 0.7378549050914497 0
2620 0.2999864401126608 0.2358857760515307 0
2621 0.2866972217520746 0.2196838859553258 0
2622 0.2981023991179601 0.2044709040242066 0
2623 0.0596759602227892 0.9696693303519064 0
2624 0.1668305079760449 0.8738110325656228 0
2625 0.8872689942912301 0.963856027760319 0
2626 0.6164646463257424 0.9722872277726 0
2627 0.1672067596062888 0.9477458613284351 0
2628 0.159672602209313 0.9609592210546228 0
2629 0.6867927177459574 0.135605411890169 0
2630 0.8877366814088085 0.05087544783668185 0
2631 0.8798960184559359 0.03859243668693302 0
2632 0.6781452847502329 0.02259287806541366 0
2633 0.0188016844421306 0.6349249538487112 0
2634 0.1421543646878491 0.3730619100112537 0
2635 0.8109349570477373 0.188554426606363 0
2636 0.1737249260176419 0.8613468306770471 0
2637 0.164040985107417 0.3979714016278215 0
2638 0.1732576591527257 0.4125562529173312 0
2639 0.4267679237180536 0.7535630020090583 0
2640 0.186244796820859 0.453238915266721 0
2641 0.04055401503634182 0.5075820391914423 0
2642 0.08234294129288255 0.833745784743555 0
2643 0.09771967811569787 0.8351087124663372 0
2644 0.541324730724221 0.02200140466564626 0
2645 0.6594613602304331 0.9739141962412732 0
2646 0.3846529175786976 0.3897022783954323 0
2647 0.4396759985327607 0.3096687274293282 0
2648 0.9560687999693844 0.890022988657065 0
2649 0.9706772131975829 0.8872734792583232 0
2650 0.9401536064768462 0.895329434161299 0
2651 0.1225353108227715 0.9724863653000488 0
2652 0.1372935947359283 0.9731328545545155 0
2653 0.9713719214739072 0.6276480659377774 0
2654 0.3965509533817598 0.9531362898890096 0
2655 0.5956895604755067 0.5771305187370018 0
2656 0.1555020694944027 0.7707108690193399 0
2657 0.7520298805282855 0.04766425823554021 0
2658 0.7444542580961081 0.03501779090670876 0
2659 0.7591217896522091 0.03465221172594335 0
2660 0.7524071993278654 0.02321873417294762 0
2661 0.774982548173143 0.0361778188905012 0
2662 0.7849661847614657 0.0248569606738599 0
2663 0.973764680650231 0.9091958769135033 0
2664 0.9826075488520378 0.9195261824172576 0
2665 0.9714574919657019 0.5316084553313951 0
2666 0.8759479035152581 0.07782028191206247 0
2667 0.1935809841979824 0.138668109493481 0
2668 0.2028383776527352 0.1524170305933499 0
2669 0.1862005615701763 0.1246846388622654 0
2670 0.67078699041429 0.1370589911662107 0
2671 0.4697657013924555 0.3261232520107601 0
2672 0.1019922689404393 0.0367132067069128 0
2673 0.6613346052565527 0.02331934139357972 0
2674 0.6543770555517506 0.03580719723047499 0
2675 0.4993724066224566 0.9549225660782152 0
2676 0.5043726490940669 0.9675669102930374 0
2677 0.6960761889488812 0.5347007615233175 0
2678 0.9684512145489843 0.02759689233131452 0
2679 0.9789435405287771 0.01775264988072067 0
2680 0.3735718709580308 0.4187226797092178 0
2681 0.3374144067939706 0.9770386267170821 0
2682 0.1934226875121796 0.1680109668969706 0
2683 0.9762776836067775 0.1205860429049105 0
2684 0.3327974508103843 0.527875444049643 0
2685 0.3229718771282337 0.5452594050604694 0
2686 0.3430446351345517 0.5451359788454508 0
2687 0.2350513542044174 0.5595363801410715 0
2688 0.2253931243340712 0.5749505208355002 0
2689 0.09218351609630504 0.02473922299965248 0
2690 0.2252212167745454 0.9402096066097065 0
2691 0.97710823107734 0.1674511482934409 0
2692 0.9841480362270631 0.1797250270453855 0
2693 0.832406566860928 0.6659632740501558 0
2694 0.09514852448123923 0.04964560778604099 0
2695 0.6336001025179925 0.2571635016033218 0
2696 0.5279135476080536 0.5414666551042849 0
2697 0.5378590468230777 0.5214193097672982 0
2698 0.5149624436259315 0.521621981736006 0
2699 0.08927244383995842 0.2733561148373574 0
2700 0.5720496789784504 0.3266204467125902 0
2701 0.02493763573238972 0.5071510512029562 0
2702 0.9279040191694217 0.7228301950664603 0
2703 0.1317370007874734 0.7302150425824516 0
2704 0.0467062430803013 0.7430078517511103 0
2705 0.2395099615117292 0.7998413259389305 0
2706 0.2213922765912369 0.7998116501098234 0
2707 0.9410111661430435 0.3499581654812003 0
2708 0.9262457081731494 0.3479219756785447 0
2709 0.5766491102904766 0.7211921068136904 0
2710 0.5768099101053124 0.7540019941614942 0
2711 0.06271243424808065 0.492525704470532 0
2712 0.8389401931168446 0.5493890971609766 0
2713 0.9168234408423248 0.1447328663581753 0
2714 0.6260416557573221 0.5784174838227936 0
2715 0.06646936676196974 0.5708664477036787 0
2716 0.5518331848365668 0.197401166234512 0
2717 0.8221682806642379 0.9809736095896632 0
2718 0.2807815861638013 0.2022483229910668 0
2719 0.187030388674292 0.3016337447874334 0
2720 0.05674687964427982 0.2224955918935146 0
2721 0.9468468648272071 0.09259872752438419 0
2722 0.8948295692857331 0.9507848839680371 0
2723 0.9782903047251519 0.7017686187697701 0
2724 0.3645291183082741 0.5396001246418286 0
2725 0.9686906111524453 0.690485229530062 0
2726 0.9209605893279221 0.8695465303760775 0
2727 0.8429954232869119 0.9716709211047809 0
2728 0.8632787174896442 0.6937727976842191 0
2729 0.2771186458050832 0.976720502203649 0
2730 0.2927005833839194 0.9772029825542923 0
2731 0.8624213915447743 0.3272178572406593 0
2732 0.8540412474821002 0.3133110392767394 0
2733 0.8880448552733975 0.8457247796786876 0
2734 0.1470435192800084 0.5582894283682619 0
2735 0.1305161893025127 0.5581814022880652 0
2736 0.1221976679511987 0.5449478498838519 0
2737 0.1153666173454707 0.5581369954017487 0
2738 0.124546193063461 0.5721962044930214 0
2739 0.6942560946361109 0.4295368937870065 0
2740 0.7129886371792606 0.4287141275841429 0
2741 0.7162265183713504 0.9307841734589277 0
2742 0.9623817480575406 0.6155749950563314 0
2743 0.960848379435987 0.5996295315105626 0
2744 0.9734562800573711 0.60537665356861 0
2745 0.9711094867040401 0.5911345503941 0
2746 0.9827240683302781 0.58076641889809 0
2747 0.02577920110841425 0.4794687460116695 0
2748 0.9766766927846211 0.2072666937508043 0
2749 0.9097878384127959 0.2215368260711432 0
2750 0.9019387820746904 0.2341788494230365 0
2751 0.9174542327317946 0.2083490398562324 0
2752 0.02744349735581686 0.2245399478015526 0
2753 0.03409951903855241 0.2117070982715619 0
2754 0.02016102496560673 0.2121449374494512 0
2755 0.7179339144830655 0.2427946646058514 0
2756 0.7270836795603228 0.2266581432043648 0
2757 0.7232489334977297 0.02293308837175001 0
2758 0.8272588716348841 0.2761291603295344 0
2759 0.8444450147439243 0.2754128057536052 0
2760 0.4564683132582575 0.9277096584087756 0
2761 0.2562665795647862 0.9399070831976535 0
2762 0.09203870545965409 0.9202178568137177 0
2763 0.6735290909320464 0.7233341007606524 0
2764 0.6768516407894061 0.7036240297209102 0
2765 0.6570489362025653 0.6984972972982726 0
2766 0.649449150960566 0.6775431766088893 0
2767 0.5240489645880203 0.2352095163276497 0
2768 0.2830694256629886 0.1192009286471296 0
2769 0.8711700078463558 0.7839725397697748 0
2770 0.8777767681325168 0.7694188414755531 0
2771 0.4980649414157488 0.8888094951628478 0
2772 0.8604142811116552 0.5045076830492299 0
2773 0.02470873308627891 0.5340811975165218 0
2774 0.5573640404084865 0.7548346326949489 0
2775 0.5669758644231414 0.7724533730377987 0
2776 0.5871062247431755 0.7697117692534917 0
2777 0.5802343726613192 0.786724347812825 0
2778 0.9770808690887359 0.09493355284460969 0
2779 0.9687817713190656 0.08072396252906788 0
2780 0.9833895538457639 0.08162348289984367 0
2781 0.8927762038864693 0.9249008104290826 0
2782 0.9298555597611549 0.8818912951117883 0
2783 0.4790117741944608 0.7857650653305744 0
2784 0.9806812122356945 0.6646995761523274 0
2785 0.1770275346625318 0.9096922998157274 0
2786 0.9427074988637567 0.9733891576479594 0
2787 0.6450341514532851 0.9737872007507263 0
2788 0.4698319662647173 0.7368822220601599 0
2789 0.03356678404948565 0.4401020202579025 0
2790 0.7526059203747064 0.07335800554326233 0
2791 0.4944831529175528 0.02600078302055092 0
2792 0.5089113588926276 0.02512701316062238 0
2793 0.5180138794697524 0.03693074106482697 0
2794 0.4801033406750455 0.0266749382341781 0
2795 0.08492155650627342 0.1295366395220117 0
2796 0.7037247431969007 0.4124778560207714 0
2797 0.7229082507341242 0.412011690413648 0
2798 0.7131039387616032 0.3955801901655843 0
2799 0.7324800286463667 0.3941121330435424 0
2800 0.7317756692129359 0.4299410077330971 0
2801 0.7243318481636241 0.3746541463740737 0
2802 0.8850598864529332 0.2311033709181454 0
2803 0.497211342443647 0.7855607126087633 0
2804 0.2944094472808029 0.7332582239241783 0
2805 0.8964792623354169 0.02608874252609594 0
2806 0.65478512006819 0.1625747151454561 0
2807 0.7601380723985964 0.8348451687176999 0
2808 0.1367354340069826 0.4863746371520546 0
2809 0.03925532423455946 0.730632784405284 0
2810 0.04592420029863475 0.7169992159029744 0
2811 0.03890820348570095 0.7033583084862237 0
2812 0.04625015278492478 0.6902215123849806 0
2813 0.03138640267570636 0.718181983818676 0
2814 0.03205787269731586 0.6910405616520665 0
2815 0.03884638295381604 0.677935153543024 0
2816 0.0234771507933409 0.6804754759284088 0
2817 0.03131988462872204 0.666585612692145 0
2818 0.0457711846042807 0.6654352298118422 0
2819 0.03640883813337814 0.6550275294166547 0
2820 0.02522903273318999 0.7051488042468337 0
2821 0.05072859410030811 0.6531494485412908 0
2822 0.01801557929574799 0.6660996213970908 0
2823 0.01523420213291493 0.7189698131768133 0
2824 0.06144912797131397 0.6897520204720144 0
2825 0.05522464863902288 0.5064937197242146 0
2826 0.917899411040914 0.0156350942546517 0
2827 0.608974739548038 0.9589209419027835 0
2828 0.6019625980901289 0.9713034523686939 0
2829 0.1449527767668281 0.9605121122493884 0
2830 0.1514123005474472 0.9736287602456914 0
2831 0.1659321392165099 0.9744515762964974 0
2832 0.5272373886642874 0.04883774541979452 0
2833 0.7298075263320517 0.03524408656788081 0
2834 0.2800080747885512 0.237960706499011 0
2835 0.3090221511692114 0.2529150777852694 0
2836 0.3216107329423127 0.2673533798879874 0
2837 0.33928390597184 0.2644042394575143 0
2838 0.33322571677837 0.2818093985129007 0
2839 0.3148832216189902 0.2851378019266466 0
2840 0.3270778017235202 0.2999425714178092 0
2841 0.3074374559696722 0.303828685279478 0
2842 0.2895378471497924 0.3099458766665788 0
2843 0.3036220434084535 0.3216800278622456 0
2844 0.3001554637566896 0.2708464498282108 0
2845 0.8040611329939085 0.3804829824731483 0
2846 0.08817573955096369 0.06292923292909264 0
2847 0.8142533453413464 0.05139652192316857 0
2848 0.8218951739309135 0.03864534352956461 0
2849 0.8130821792694884 0.02352967397383776 0
2850 0.8287228055929635 0.02586397341127034 0
2851 0.8368346732484647 0.03870848389546555 0
2852 0.6649847979249222 0.9870952665181263 0
2853 0.7015119016660882 0.7329516351279222 0
2854 0.6542717610399776 0.1941831240019639 0
2855 0.6374463338749898 0.1966021486421629 0
2856 0.505632262031551 0.8014795456409201 0
2857 0.6122019521454047 0.2574088846417339 0
2858 0.02669457250627966 0.1985528729165006 0
2859 0.01970142662512875 0.1851192889972313 0
2860 0.04090951433788903 0.1968773946423492 0
2861 0.8531370532460145 0.288465183964613 0
2862 0.7594725243810474 0.6105307689167911 0
2863 0.8792248174261514 0.9760635696780707 0
2864 0.969285654468262 0.1967929312449054 0
2865 0.8238854029610778 0.7422547095312972 0
2866 0.848242348461766 0.7272525519235653 0
2867 0.6757647578251761 0.5990614239391491 0
2868 0.171830780137158 0.98736158742709 0
2869 0.179581436459431 0.97594412927393 0
2870 0.6929796251264674 0.3938514765932053 0
2871 0.7189670900913261 0.2767112304789351 0
2872 0.7587840773523827 0.6969969559914475 0
2873 0.2135956025022642 0.2564297503807674 0
2874 0.2042923329503201 0.2421686091436192 0
2875 0.1557419248986415 0.04595716808278227 0
2876 0.1637358542365576 0.03323312945634588 0
2877 0.1488579938595819 0.03246292635747916 0
2878 0.1780567671370107 0.03241089450264323 0
2879 0.1322397927569935 0.03480132923585844 0
2880 0.3817235224935078 0.7203693629256591 0
2881 0.2017557719812638 0.3856272966065588 0
2882 0.1951475016543566 0.4015326491078686 0
2883 0.2099921541051313 0.370201097045777 0
2884 0.4751353275270031 0.8736264394262359 0
2885 0.1858084795447764 0.04481384099498043 0
2886 0.1858403490273668 0.01984049609819327 0
2887 0.1722073956816615 0.02152520756828247 0
2888 0.9792597246000151 0.6390250213209312 0
2889 0.0640252095255236 0.02614882504432758 0
2890 0.1036590956213808 0.06192985096853459 0
2891 0.210451578754718 0.1096801566657141 0
2892 0.6531170952378649 0.9608652170669687 0
2893 0.9183429327170454 0.3374956899504136 0
2894 0.4528988798132041 0.4979968472429348 0
2895 0.4414770895120858 0.4799718082783261 0
2896 0.7223004097135122 0.04762358362333541 0
2897 0.1379697740541709 0.947390636339343 0
2898 0.9221357554600587 0.8958129222683282 0
2899 0.8065809937920734 0.06431309040178501 0
2900 0.06154103685669565 0.7422143767221543 0
2901 0.963483746043108 0.3947973143762988 0
2902 0.3285941973207411 0.3511484196920789 0
2903 0.9338144503801876 0.960981031473211 0
2904 0.9861313744438409 0.7166284751151929 0
2905 0.8018840113815666 0.522177793007365 0
2906 0.309926801390797 0.1319137851721547 0
2907 0.3007726380960501 0.1158264977255804 0
2908 0.02132557740051111 0.2376397797888929 0
2909 0.01383024956306911 0.2512395175089126 0
2910 0.5862296405191968 0.9451677094415176 0
2911 0.5781474909028532 0.9576420881106692 0
2912 0.5634708710997868 0.9570782835994414 0
2913 0.5699640896342429 0.9692300918100584 0
2914 0.5557123299390969 0.9688717805064793 0
2915 0.5852383916064831 0.9726412503901409 0
2916 0.5484520109175611 0.9563946453677379 0
2917 0.5416069703789279 0.9675398222177625 0
2918 0.5935359370647659 0.9585076019178537 0
2919 0.6177754025194875 0.8751069674173648 0
2920 0.6258597057942116 0.8884438347631118 0
2921 0.6417057508153855 0.8895054190429167 0
2922 0.6330340780315717 0.900233918805443 0
2923 0.6488359776526262 0.9016197004062559 0
2924 0.6574332107748764 0.8898344524383182 0
2925 0.6650224784701342 0.9041990742514898 0
2926 0.6738245740390731 0.8904088529575528 0
2927 0.6100537523819912 0.8873753583622873 0
2928 0.5931098684132856 0.8910211491898676 0
2929 0.5848389648897603 0.875080116382625 0
2930 0.5752736700492302 0.8899759026673192 0
2931 0.5590935944067063 0.8893043072401523 0
2932 0.5254675152763355 0.9428980668448794 0
2933 0.5173918514167518 0.9572947922450545 0
2934 0.5201997520116816 0.970414046575682 0
2935 0.534099687817681 0.9557325818932316 0
2936 0.1051714079289831 0.2742055560263514 0
2937 0.9030525511799842 0.2030474625948082 0
2938 0.124527421908986 0.6901814852249752 0
2939 0.8662911023244969 0.0387844415139843 0
2940 0.8598316631534018 0.0259379477174842 0
2941 0.8737031705215865 0.02619668381586676 0
2942 0.8836697702655278 0.01562306273882563 0
2943 0.9090509328846621 0.2717924353754848 0
2944 0.9171872239531851 0.2590765061032309 0
2945 0.1160689378912936 0.7036982648950436 0
2946 0.0338310081453041 0.4664115880179456 0
2947 0.02494937212227571 0.4526625111180202 0
2948 0.8514996947703344 0.4906122249344144 0
2949 0.8593853279128421 0.4769787084169834 0
2950 0.05553743085615465 0.1957591867123721 0
2951 0.03954032467706808 0.169656990168358 0
2952 0.02637743664058956 0.1710022006066577 0
2953 0.6921608583621477 0.07365605954013654 0
2954 0.9011605535162239 0.1455283254703529 0
2955 0.9242137456934127 0.1584895375224167 0
2956 0.9168003766463572 0.1725704974710255 0
2957 0.9252760486751985 0.1866820041916805 0
2958 0.3164874713263229 0.20374100800088 0
2959 0.3063490129822325 0.1881780786972009 0
2960 0.4788461240079666 0.7201519554573708 0
2961 0.3842127724539484 0.04589603062506475 0
2962 0.3760254896043524 0.03373187391448801 0
2963 0.3615627073017051 0.03465719750958496 0
2964 0.3689391220816504 0.02288177675294562 0
2965 0.3907839743818344 0.03336760374885583 0
2966 0.4054583025311399 0.03250235814985747 0
2967 0.4140901865100973 0.04397257675611077 0
2968 0.4199884575928908 0.03184755076868273 0
2969 0.4345740908213403 0.03090581479112398 0
2970 0.8613398612872206 0.1049608477088221 0
2971 0.6738392960016841 0.4286966601085161 0
2972 0.1639510553706343 0.5585116466237697 0
2973 0.1394892973645263 0.5737273864693286 0
2974 0.9393842552441112 0.02821873682147641 0
2975 0.3447957987631166 0.5774561218491615 0
2976 0.1350336609594843 0.2168460544301586 0
2977 0.1256571783321433 0.2027153421801957 0
2978 0.4732506385675091 0.04011372451394918 0
2979 0.4658061947114974 0.02740750978169387 0
2980 0.4493715541026517 0.02694178104593131 0
2981 0.9307505893917527 0.7502453575771637 0
2982 0.9396554476957649 0.7626586627349208 0
2983 0.9455913577586803 0.7484948068220965 0
2984 0.9543638509497827 0.7608771878807987 0
2985 0.9601838095866491 0.7469178552180125 0
2986 0.9685300212108984 0.75886852400427 0
2987 0.9627274724465029 0.7731593805455286 0
2988 0.9758819065260237 0.7434451223176224 0
2989 0.9816854298056765 0.7583782546749465 0
2990 0.9659262250110884 0.7328521720992409 0
2991 0.9367046690838678 0.7355261922495711 0
2992 0.9126095800003148 0.7246735965950559 0
2993 0.9336037594766827 0.7767787221160022 0
2994 0.9514524266611882 0.8011429521929502 0
2995 0.9601953635132662 0.813080672841624 0
2996 0.9654321023532408 0.7992905077164039 0
2997 0.9760989925048331 0.8100125754690097 0
2998 0.968956186610213 0.8245766739987875 0
2999 0.9831348265768862 0.8225573197059418 0
3000 0.9544630395881146 0.8269578356986051 0
3001 0.3151062970712766 0.6299726988940288 0
3002 0.9570946880633271 0.7873928773222947 0
3003 0.9698236787721309 0.784528481377168 0
3004 0.2559311029742781 0.6999470488413988 0
3005 0.2370468046319237 0.7003897831507553 0
3006 0.2464365504263339 0.6818441460560151 0
3007 0.2273897170612317 0.6852534650936376 0
3008 0.2188766447513801 0.700467420284869 0
3009 0.2093401940817218 0.6856576890881643 0
3010 0.201769639092091 0.7010937548836091 0
3011 0.1915599926752564 0.6875442135135097 0
3012 0.1928942425377688 0.7175919628483229 0
3013 0.9697466481999519 0.3237487797185598 0
3014 0.9771282239338954 0.3361385899013899 0
3015 0.9698501696277879 0.3485183364742909 0
3016 0.9852042032586187 0.3230053915833495 0
3017 0.2651795773781022 0.5783311793911352 0
3018 0.2555941645597961 0.5942401426140903 0
3019 0.2451606992365148 0.5772475820403756 0
3020 0.2350685533859062 0.5943575562819934 0
3021 0.267508369706175 0.611771644828209 0
3022 0.345474469697877 0.4996767120010794 0
3023 0.1573500981247774 0.3427116472652617 0
3024 0.148637766905826 0.3285545256690408 0
3025 0.1588455390326902 0.3148933352590618 0
3026 0.1427282148812064 0.3434428063950134 0
3027 0.1302756634153971 0.5300430289616127 0
3028 0.3050600728781678 0.6122748667196921 0
3029 0.9618455540772953 0.2342800704409378 0
3030 0.9772388955067479 0.233302529528285 0
3031 0.9834149849623536 0.246999911825706 0
3032 0.7434790443288311 0.4096082797081372 0
3033 0.08990875920027819 0.3039221734514546 0
3034 0.09661120712997029 0.07562211797090068 0
3035 0.9684683977840463 0.2727125675069025 0
3036 0.9766777952800505 0.2866264976575534 0
3037 0.9693096028803319 0.2978316661623243 0
3038 0.9547541670783539 0.2981993189784775 0
3039 0.9732922379106288 0.5563235010103786 0
3040 0.8540007964763823 0.8151529825500806 0
3041 0.8699895241115796 0.8151243802154899 0
3042 0.8618588320420227 0.8287903377683399 0
3043 0.154375739775646 0.1129653464827405 0
3044 0.1689599012687807 0.1111132825055218 0
3045 0.1455930973041463 0.09962400860414178 0
3046 0.1593895980366001 0.1999185418872919 0
3047 0.1422153963409311 0.2015368573201318 0
3048 0.133278910901654 0.186938735988583 0
3049 0.1500777030568547 0.1857813073475595 0
3050 0.1248678385642751 0.1724122598347124 0
3051 0.5954943303265521 0.9853523843688747 0
3052 0.818448446651534 0.2609496109982551 0
3053 0.7609144718253326 0.9575411772757912 0
3054 0.7533223845126983 0.969960538630751 0
3055 0.7697704778585908 0.9707200035372401 0
3056 0.7580431993996772 0.9824812127037794 0
3057 0.7845251765853152 0.9770379421337424 0
3058 0.7387547046932397 0.9687429843385833 0
3059 0.7764087202375313 0.9569945954751429 0
3060 0.7842020874664184 0.9451564025315453 0
3061 0.1167798006483748 0.8524395067747897 0
3062 0.2952486944757975 0.6650526807858748 0
3063 0.563644605467623 0.03370410216832453 0
3064 0.5779815034575552 0.03191613632855927 0
3065 0.5862190104458385 0.04373928943651911 0
3066 0.593067484717551 0.03008741903849849 0
3067 0.5694987806684426 0.01969852596279459 0
3068 0.3525157401400354 0.8572668025580557 0
3069 0.3356785722894804 0.8571882199324486 0
3070 0.3274062632769578 0.8715810223434004 0
3071 0.344264774701852 0.8715272459542367 0
3072 0.3362428501748732 0.8856095181795995 0
3073 0.3194843003602709 0.8856746588686262 0
3074 0.3272427720108404 0.9018572728974489 0
3075 0.3113689150427569 0.8997168062482923 0
3076 0.3388226264370014 0.914189634439428 0
3077 0.3606313334946711 0.8715954656364877 0
3078 0.3107028692881282 0.8714965068752535 0
3079 0.2219059949754297 0.03025041957576025 0
3080 0.2365900224090929 0.03043872564672956 0
3081 0.2444892101072387 0.01768992275704878 0
3082 0.1953705578997746 0.9657592331392616 0
3083 0.4322951853943395 0.9656030069889801 0
3084 0.4248596979296219 0.9773320838217608 0
3085 0.4463641561434221 0.9656585489703791 0
3086 0.1084541730799627 0.9726329663285168 0
3087 0.09395188307338259 0.9725701174944128 0
3088 0.08620923546045378 0.9597924681086272 0
3089 0.08072352052151882 0.974201402176498 0
3090 0.08801663590475717 0.9864034722438686 0
3091 0.06972441403707752 0.9617108210121044 0
3092 0.09198592153568425 0.9461860862666436 0
3093 0.5268394479767918 0.8319085430004041 0
3094 0.689821774735803 0.9177828168590588 0
3095 0.7005156611685592 0.9308698462821643 0
3096 0.3546809536630157 0.9648573913590763 0
3097 0.3598701276884758 0.9764438038912394 0
3098 0.6168289126253161 0.7858124076442232 0
3099 0.626172550079299 0.8016797594546257 0
3100 0.6073707989079291 0.8009478786631031 0
3101 0.6436078297028665 0.8021028847525402 0
3102 0.7988900849444376 0.9709679944216885 0
3103 0.9665223736858746 0.8637312703955622 0
3104 0.6641221825242763 0.4465049316991216 0
3105 0.07185269114681531 0.2211377694384055 0
3106 0.7963053885436757 0.4321745906011208 0
3107 0.8073196931233736 0.4157363402935396 0
3108 0.7958986189269569 0.3999316300320132 0
3109 0.912449801335944 0.4082139021402871 0
3110 0.03977264782661505 0.3765763908159765 0
3111 0.03337304637137789 0.3888976666231186 0
3112 0.04022055301524508 0.4017522132948782 0
3113 0.07788743278858745 0.4937922111455496 0
3114 0.03363410785013626 0.5468069551187021 0
3115 0.06155726381081561 0.8934293616833285 0
3116 0.046680207927082 0.8931392136517894 0
3117 0.03958542479767591 0.8801102282612823 0
3118 0.03266609975736368 0.8924399432407015 0
3119 0.02442140244139529 0.8783610510906951 0
3120 0.03934858985677003 0.9057118384069625 0
3121 0.02343125559316511 0.9042077813317695 0
3122 0.03167528409051446 0.9176238715413811 0
3123 0.01675228974795306 0.9174450657097901 0
3124 0.0235216370391757 0.9312215956033791 0
3125 0.05405867025114175 0.9063085441104293 0
3126 0.04661094889511563 0.6330069187782981 0
3127 0.7433537632362209 0.9800716888415401 0
3128 0.9680342949385279 0.1320509393966491 0
3129 0.9759957865337447 0.1438263734203422 0
3130 0.9687746230268371 0.1565858074951638 0
3131 0.07680724726623372 0.6628487607589948 0
3132 0.06632310407348624 0.6488282262641759 0
3133 0.4280535925567807 0.3894007639673848 0
3134 0.1402198598334841 0.6327185171498422 0
3135 0.1237775390852461 0.6329103962895242 0
3136 0.1322178546076724 0.6474820726289159 0
3137 0.8527583465253002 0.2595637567463204 0
3138 0.9671452829005887 0.4698592315812329 0
3139 0.9758790125042354 0.481830550849526 0
3140 0.9681080622467769 0.4950657204451549 0
3141 0.8408074662473863 0.8740580338772791 0
3142 0.03901972690258027 0.9317904352129289 0
3143 0.8116245856908536 0.8328275605707547 0
3144 0.8026313531240823 0.8510456133727498 0
3145 0.8212447711514334 0.847499478217377 0
3146 0.8147698193067071 0.8625294968155435 0
3147 0.2159877770243961 0.977318586631658 0
3148 0.1745455212444148 0.9613704509512213 0
3149 0.3961704475051322 0.6670117764011304 0
3150 0.374880650906221 0.6667859287659545 0
3151 0.03142678562247231 0.3006019079693376 0
3152 0.3212949697175883 0.4027933129746736 0
3153 0.3019183691433416 0.4028558183407173 0
3154 0.4531148885072104 0.5765454600332111 0
3155 0.03218221491564077 0.7938897577127664 0
3156 0.5805274097958386 0.0569416502598627 0
3157 0.5870933677670305 0.07049620193551548 0
3158 0.02401517314280077 0.7809147048344489 0
3159 0.9550068581697702 0.6931767662520987 0
3160 0.03091916165812658 0.1325211083226845 0
3161 0.03567118669538349 0.1182917061068127 0
3162 0.02661180330830554 0.5966375791123613 0
3163 0.8838696990399009 0.9122364682111093 0
3164 0.4416645956051812 0.5182784890543003 0
3165 0.3927440923195541 0.1262146013219644 0
3166 0.4089888447705137 0.1249282124115915 0
3167 0.4183281486673594 0.1383185587082328 0
3168 0.4255436050807253 0.1235241357134735 0
3169 0.3835398594496414 0.1128863884680514 0
3170 0.3676392567501545 0.1139144667861655 0
3171 0.4158973406948857 0.1105437611786237 0
3172 0.4322481411883939 0.1088803486822679 0
3173 0.3747040999495921 0.09953987074938159 0
3174 0.4348050409806351 0.1367564619197095 0
3175 0.4277979611671486 0.1517440986483655 0
3176 0.4453770967352925 0.1504412774888772 0
3177 0.4429666295076311 0.1218854553069157 0
3178 0.4493440376377018 0.1054478025517612 0
3179 0.4360278299807757 0.09390032139574001 0
3180 0.3590058355478101 0.1006186132496029 0
3181 0.3512703421745766 0.1150350872107641 0
3182 0.4600014538298431 0.1199560414896614 0
3183 0.3434454114183142 0.1296827281008472 0
3184 0.265885211948464 0.02729018510014214 0
3185 0.2807095716805618 0.0270879828665731 0
3186 0.2881697570672659 0.03863802436015928 0
3187 0.2960213099876834 0.02359802317889398 0
3188 0.3027560053749339 0.03766832357637107 0
3189 0.3102944770245518 0.0502582575826464 0
3190 0.9731312720666474 0.6523423150738515 0
3191 0.7290971521842158 0.6801695930908822 0
3192 0.7181794128614662 0.6632887406766478 0
3193 0.737759140025753 0.6632430925863867 0
3194 0.7262670959602723 0.6462482777404653 0
3195 0.03694011871914993 0.2617179823763915 0
3196 0.4645942977395988 0.595773061696352 0
3197 0.4527278242705302 0.617483632030285 0
3198 0.4426628486189197 0.5966313056878214 0
3199 0.8981732960078168 0.6578324489907934 0
3200 0.8890117111110231 0.6445978952781761 0
3201 0.9047629123694338 0.6434008321405269 0
3202 0.3866741059676424 0.8283465770165213 0
3203 0.8322780559270605 0.4622589012397478 0
3204 0.9583402706495341 0.4328456814113413 0
3205 0.9718847949961691 0.4322497616899889 0
3206 0.948426204417838 0.7751287850662345 0
3207 0.6348344544995304 0.817107766636662 0
3208 0.651795493473853 0.8175423079411235 0
3209 0.5356716000605554 0.8462727139782406 0
3210 0.528697989293259 0.861369269848674 0
3211 0.5359556073270475 0.8747217118917184 0
3212 0.3235827400749593 0.7498285821804391 0
3213 0.3039805257211812 0.7499590402053593 0
3214 0.2841260577029571 0.7498516346050044 0
3215 0.2935628001579156 0.7691394350001874 0
3216 0.5972987885742184 0.7540005801076307 0
3217 0.1125874482694673 0.2600980082890529 0
3218 0.5591448736689589 0.6867067140693688 0
3219 0.3530782440173653 0.2011210980173746 0
3220 0.3446422709320799 0.1869129108393118 0
3221 0.3996565282280613 0.1116591796484065 0
3222 0.4053791521334487 0.09746989721639093 0
3223 0.3395488006341191 0.04882838494009473 0
3224 0.3313272718581195 0.03662724795507954 0
3225 0.345717090375284 0.03563402088028367 0
3226 0.3395689826142686 0.02400628164987179 0
3227 0.3233993165091491 0.02458832961593421 0
3228 0.2198232551717057 0.1814460125117816 0
3229 0.9197484151834104 0.3949126677598545 0
3230 0.9116989193488141 0.3811923503066115 0
3231 0.9192508682380633 0.3692927718053178 0
3232 0.9131864474449338 0.3538542790311966 0
3233 0.1533739952178194 0.4843752303146581 0
3234 0.1260117231191785 0.4747000040027218 0
3235 0.1270856294659037 0.4589382996818139 0
3236 0.1708143354647333 0.4831440322297674 0
3237 0.05683658719514029 0.03922487730606722 0
3238 0.04215100165192143 0.0400512444160423 0
3239 0.03569091602407692 0.0533266675093842 0
3240 0.02575244032773683 0.04083780765179579 0
3241 0.03458530370811558 0.02903659913177603 0
3242 0.04932436327522194 0.02648114983283317 0
3243 0.7390172015117185 0.9180576682243825 0
3244 0.4762205164441092 0.09246156647023857 0
3245 0.1152518147168119 0.6203421050391102 0
3246 0.02221115334619611 0.1210379566511177 0
3247 0.02849157497890215 0.1073688976502378 0
3248 0.9685075863106294 0.9460056714017344 0
3249 0.3545489935945081 0.047888556680943 0
3250 0.7597001485140342 0.5773211328470127 0
3251 0.7687892091572468 0.5937695254007366 0
3252 0.7762450663675182 0.5420160084314274 0
3253 0.794192719215473 0.5391889710687162 0
3254 0.798331823095122 0.7580181345835144 0
3255 0.2288955138540506 0.7827666948616562 0
3256 0.2094805365496517 0.7843730787527071 0
3257 0.661674690751194 0.2733942790623682 0
3258 0.6785978931072342 0.570500664078348 0
3259 0.6967675053819148 0.5668453420486153 0
3260 0.1398209381021732 0.8943140409058385 0
3261 0.1079287012398721 0.8661416939999496 0
3262 0.09975953044673613 0.8512166950202242 0
3263 0.5051671627705593 0.06342802759016991 0
3264 0.2128710366783005 0.4353464846851032 0
3265 0.19503490400971 0.4362315127271987 0
3266 0.2031299044015772 0.4204657937371649 0
3267 0.1962279421339305 0.4678394172422504 0
3268 0.2114226422197721 0.4040510631423369 0
3269 0.3041150915376297 0.7166603960930596 0
3270 0.05926734829270408 0.09073951152025594 0
3271 0.04489781765625483 0.09096811344598699 0
3272 0.0365711299056759 0.07865302134375618 0
3273 0.02960170146542096 0.09158579017166601 0
3274 0.02262034857106654 0.0784541520799415 0
3275 0.02955127422754356 0.06666658778560347 0
3276 0.04344935988943516 0.06561527308922666 0
3277 0.9318558601685458 0.09202122578237937 0
3278 0.954109938608791 0.07945028947641641 0
3279 0.9770109883454793 0.06722353188486879 0
3280 0.7053473107894793 0.1630468374525194 0
3281 0.7143732881492539 0.1766595125068834 0
3282 0.7311871407949038 0.1723703772713582 0
3283 0.3931909264758084 0.8997767560497441 0
3284 0.4011590924350504 0.9136307690091701 0
3285 0.3941150306420557 0.9274665948861112 0
3286 0.4017826661852445 0.8860226410515717 0
3287 0.6523179371189511 0.7873965950133679 0
3288 0.173953774867953 0.6890759183980133 0
3289 0.1822658136820248 0.6748281518069814 0
3290 0.300222970424164 0.9642694586878873 0
3291 0.8957287302048889 0.629957314394606 0
3292 0.9113783005638997 0.6289887648790322 0
3293 0.9202883181256619 0.6422662276765576 0
3294 0.9269951408692451 0.6284118305297677 0
3295 0.9182413781910908 0.6147593599545325 0
3296 0.3715894581559344 0.2001383678880159 0
3297 0.2852225462019848 0.8289480285369919 0
3298 0.5517565608987759 0.8745408275469582 0
3299 0.5435118353994505 0.8887229598043265 0
3300 0.5280041391585009 0.8890716709226212 0
3301 0.1748323028567936 0.1374143150188024 0
3302 0.6862572163315526 0.5171834907005285 0
3303 0.04790277212538724 0.4408855468244443 0
3304 0.04694886989529334 0.8671290632950244 0
3305 0.5551882148240396 0.7843889266663021 0
3306 0.7936142366892133 0.3375324537879176 0
3307 0.4586845917119062 0.01424320794344425 0
3308 0.286132611792146 0.01407371244982891 0
3309 0.09115995830574819 0.1161154329801246 0
3310 0.6316684223339395 0.6348818058764025 0
3311 0.6449038434206256 0.6550016697551782 0
3312 0.6303271756056767 0.6719481852916368 0
3313 0.8094165409522919 0.2153992538935557 0
3314 0.9098773601878963 0.6976429857378303 0
3315 0.1631933705924834 0.499100909333511 0
3316 0.9792641680060187 0.5429765615279283 0
3317 0.9746339115899944 0.5185725746426066 0
3318 0.9789995444106854 0.568380679235541 0
3319 0.237227356995387 0.732911226497576 0
3320 0.2283607331849178 0.7163760983355998 0
3321 0.813940890316597 0.7255861928468291 0
3322 0.8175954623274178 0.7877312829525123 0
3323 0.6909321823101076 0.9509146173767797 0
3324 0.9064827871491599 0.4489039010796458 0
3325 0.9150023150328026 0.4617391233963721 0
3326 0.9076657687171568 0.4759359352009628 0
3327 0.9232247594077347 0.4740241898119821 0
3328 0.02413459709716231 0.9583000453136634 0
3329 0.7600805339447563 0.7280222852952107 0
3330 0.8456394880846081 0.5343830382722854 0
3331 0.8492307949218575 0.5630524993557482 0
3332 0.472984160843779 0.928007819675209 0
3333 0.8145723427275419 0.9202182073498085 0
3334 0.8866822145855603 0.6162446466293143 0
3335 0.6663200769398372 0.8762948191737607 0
3336 0.9246631440619089 0.271993140785519 0
3337 0.708391107850364 0.8625295213733022 0
3338 0.7900183025896327 0.4786469400622247 0
3339 0.6534590888354121 0.634622406914755 0
3340 0.2256092664062966 0.3085069686654159 0
3341 0.2136001940712549 0.2922776463950653 0
3342 0.2234518641820448 0.2750037500202806 0
3343 0.2422605244759241 0.2745412384175986 0
3344 0.4196169202132879 0.3451528173840994 0
3345 0.4054668946967167 0.3617184898425762 0
3346 0.0680909684745265 0.8073275045954229 0
3347 0.8925178525823402 0.07560480151232291 0
3348 0.8020614226697503 0.3217483506916092 0
3349 0.1479402631379092 0.5890771716748353 0
3350 0.1759826387791288 0.9352546090006355 0
3351 0.2771288361469409 0.6655918728995147 0
3352 0.3170128835456848 0.03741108208658733 0
3353 0.06089397675760666 0.5838573617157528 0
3354 0.5893616359049302 0.2903627847844752 0
3355 0.2643875362000706 0.5119819803661989 0
3356 0.2531847412523397 0.4964261390604092 0
3357 0.2456366404012642 0.5125077536684141 0
3358 0.2263041371514725 0.5134272532732432 0
3359 0.2420299514901257 0.4811513168012453 0
3360 0.3656713577212879 0.4650656789366939 0
3361 0.946359028003148 0.68079059455687 0
3362 0.7460728024022063 0.2287410603336553 0
3363 0.1541648064732721 0.2734459952150904 0
3364 0.07405107460901467 0.273597689387186 0
3365 0.6766406263671494 0.9240994202430707 0
3366 0.8015836524987782 0.6801568714041821 0
3367 0.1568817892648783 0.07163705997340875 0
3368 0.3763290288734092 0.5576042541167842 0
3369 0.06129116352240538 0.768375059297435 0
3370 0.5229833624132656 0.5750555700866462 0
3371 0.06260394856260937 0.5204163997539258 0
3372 0.6462201885526973 0.5193859922310745 0
3373 0.6558230371346656 0.5006036783868916 0
3374 0.02578802160631205 0.559334802450788 0
3375 0.08553360284526779 0.4269670103951422 0
3376 0.09313418360297648 0.4131130263247168 0
3377 0.08497296821922296 0.4003342070439372 0
3378 0.09262816861281603 0.3861198183984655 0
3379 0.0842164669415017 0.3736868169373763 0
3380 0.09189683851713482 0.3591055837599911 0
3381 0.08324642775068342 0.3473022477986291 0
3382 0.09129549479414356 0.3312129227071695 0
3383 0.8978909455736226 0.5594173791122021 0
3384 0.9137150177200651 0.5584998516344163 0
3385 0.9211905703551095 0.5460092601047042 0
3386 0.9146073809253346 0.5302173231027795 0
3387 0.9224973332661265 0.5721952682866767 0
3388 0.9173728571808879 0.3120306281908308 0
3389 0.8910800230605114 0.5740001592431151 0
3390 0.07804878942145033 0.4667845117459447 0
3391 0.4436839463743956 0.04194112106982706 0
3392 0.9549608787503451 0.1965642062845716 0
3393 0.8029661230730045 0.3522214679786289 0
3394 0.6608739313993154 0.0739627483842028 0
3395 0.6687481024818545 0.06095381450112081 0
3396 0.4192446018635771 0.5188727287773918 0
3397 0.3981362543607472 0.7535167966636508 0
3398 0.921904154419886 0.4477006128046338 0
3399 0.2820505600714872 0.05168234599737115 0
3400 0.6376154272926345 0.6947025922444228 0
3401 0.9137227008677253 0.6566419984187766 0
3402 0.9754553644945012 0.8741596963596141 0
3403 0.7412294690300374 0.3785878317684334 0
3404 0.8443972550367203 0.2158270861579101 0
3405 0.2865511873927964 0.6121257377282514 0
3406 0.132486075535505 0.1569208786048188 0
3407 0.8356255257551048 0.5920232534958904 0
3408 0.8890576983807318 0.8715209501389138 0
3409 0.9096565996716979 0.5020402882522847 0
3410 0.5098123613256937 0.1168588543699113 0
3411 0.4141458108119857 0.66864500322831 0
3412 0.9454454511160775 0.9093501123728209 0
3413 0.5972639869169971 0.7849861326541681 0
3414 0.5896621328696494 0.8013447943938231 0
3415 0.5978917620590267 0.8162883559677736 0
3416 0.5817967302091165 0.8166111571772048 0
3417 0.8542485239802742 0.3792824766638468 0
3418 0.8614949142100099 0.3949381391078542 0
3419 0.8612125876649612 0.3656150605110582 0
3420 0.8524687311093311 0.3514550919863481 0
3421 0.5684305527645925 0.08439616462986255 0
3422 0.3439833843471628 0.683150535047137 0
3423 0.3634313343993945 0.6839843836830426 0
3424 0.4654503002435402 0.2559355394240894 0
3425 0.4928142932351408 0.1919671104149895 0
3426 0.7522099992473301 0.7771554253039132 0
3427 0.2616417133110577 0.8720684589188294 0
3428 0.7705566767846868 0.8918605156215161 0
3429 0.2002466489019534 0.8999926452926347 0
3430 0.3915129222675283 0.7031300305273835 0
3431 0.3963625401381528 0.7831873161007821 0
3432 0.7757373979414691 0.09022668019604591 0
3433 0.4077383838919351 0.612771487045927 0
3434 0.5396190819744882 0.6151307787974338 0
3435 0.548910258854471 0.5973420759314353 0
3436 0.6216122159272444 0.1139278538314933 0
3437 0.6050289375650804 0.1131441847622156 0
3438 0.5964311907148023 0.1265957119933249 0
3439 0.6139812042447136 0.1001169121590086 0
3440 0.5974271475185843 0.09915603035719889 0
3441 0.607174600185187 0.08661369865909718 0
3442 0.5910009143507771 0.08560734921818447 0
3443 0.604737721555371 0.1414905432313878 0
3444 0.6455872624352998 0.04861626341475311 0
3445 0.2009635381592809 0.7336392679771179 0
3446 0.9244068688006779 0.9877024730163273 0
3447 0.8448460043035866 0.02621113159469601 0
3448 0.1160181347061477 0.9864532440233116 0
3449 0.4592867146026793 0.09417012185572893 0
3450 0.2455144278238142 0.54385214785222 0
3451 0.7998517529904214 0.4930546935368386 0
3452 0.5836362110946882 0.2741249876365373 0
3453 0.8598118947147042 0.6775803809230122 0
3454 0.9516996436132849 0.9859776468264878 0
3455 0.5836027328584663 0.02050482594713587 0
3456 0.7755457142562996 0.8055396075140933 0
3457 0.3653054843522253 0.6485892286281195 0
3458 0.901852388399907 0.9373950782062355 0
3459 0.6039547933746923 0.5572227576548945 0
3460 0.4379502369754535 0.1656081097226086 0
3461 0.2317794715398544 0.06812884790982288 0
3462 0.8498103121546592 0.8882442639256389 0
3463 0.7260760581448429 0.8340714291436145 0
3464 0.8212437790736704 0.01400455048972726 0
3465 0.5877482944497713 0.1701968023070258 0
3466 0.5700099959153184 0.2003681555465593 0
3467 0.5109795281102464 0.2958474062092098 0
3468 0.5513655835600493 0.2307688848064712 0
3469 0.5296870275647408 0.2646430095019495 0
3470 0.2561821233400549 0.2106685415771957 0
3471 0.06019721514391174 0.8195059767696543 0
3472 0.1293170851514286 0.1006602445193767 0
3473 0.9324536791697681 0.2093981321866965 0
3474 0.498192899700496 0.5380226769910309 0
3475 0.2469411859944745 0.8444887496822795 0
3476 0.2763548782471241 0.1340768385476438 0
3477 0.4766995066659144 0.4583813519959684 0
3478 0.4625871135620481 0.438539743015348 0
3479 0.9109467800424329 0.05169788019797228 0
3480 0.4181819945733722 0.8862023693933452 0
3481 0.1260456665122702 0.4422782263474763 0
3482 0.7767960000237387 0.9320925050136515 0
3483 0.9769741459926495 0.2603502231155641 0
3484 0.9466721381483816 0.06579537354091158 0
3485 0.3773902905302807 0.9269400081108994 0
3486 0.7081040183522817 0.2251588561556378 0
3487 0.738652393592542 0.212754547177443 0
3488 0.6166432804299196 0.946361867621508 0
3489 0.5562097756913128 0.9439309117234722 0
3490 0.5366415844007068 0.7535929264642278 0
3491 0.4823354866072627 0.1777434281051551 0
3492 0.8446753975005741 0.07765627170960265 0
3493 0.2932660840295303 0.8991981537179013 0
3494 0.4888309602753235 0.7367565578932641 0
3495 0.1077744788648224 0.9206270524651214 0
3496 0.671462205674386 0.1938524023015107 0
3497 0.3435958669148 0.312026517670575 0
3498 0.3658966072370505 0.2786704410078326 0
3499 0.1158676360431607 0.6484230961058809 0
3500 0.1439658099564666 0.9864801729430981 0
3501 0.3600991430248213 0.1285302216793004 0
3502 0.4492871993950658 0.9141541682888972 0
3503 0.5116938659992765 0.05006464506555391 0
3504 0.5162476426471525 0.1024827320171921 0
3505 0.4957254347412509 0.1461480149189719 0
3506 0.8377665010835501 0.9160436612212721 0
3507 0.1938240299766389 0.05716667409026865 0
3508 0.5360892806003109 0.06109450326283916 0
3509 0.2320010890146977 0.9267279358130832 0
3510 0.5260080100767074 0.1429079427305372 0
3511 0.2356980452968011 0.9791188530769973 0
3512 0.2262783202782549 0.1089021809889523 0
3513 0.2625719501729777 0.9262096939804028 0
3514 0.538013916178103 0.6863675164440733 0
3515 0.2359986404820147 0.1508717709776092 0
3516 0.4589018040867932 0.8731436479396849 0
3517 0.5888144823474686 0.1402843949318021 0
3518 0.6097566384123196 0.6703474535516269 0
3519 0.7303796792711403 0.0868092201253664 0
3520 0.876888572173252 0.926029851797658 0
3521 0.3529319701374088 0.700702100079484 0
3522 0.6018778821711801 0.4118624669592219 0
3523 0.5602914100108046 0.376235679509013 0
3524 0.7159110107693876 0.8768245656357347 0
3525 0.2622352145783429 0.7817549344252198 0
3526 0.4263894104715401 0.2272978526262061 0
3527 0.774258059883681 0.155070829468468 0
3528 0.2540216854555601 0.8860614173730705 0
3529 0.5494196702118912 0.6336436158501122 0
3530 0.4899946816586943 0.3290486769233664 0
3531 0.6844974518422813 0.0607230711626629 0
3532 0.869927601452238 0.5189909296373404 0
3533 0.3017252612471627 0.8282813516630041 0
3534 0.3530702183146349 0.8856621768491724 0
3535 0.1000699052071538 0.9072075722924051 0
3536 0.6598290261830164 0.8326465144131049 0
3537 0.4866095715179589 0.01344804396613886 0
3538 0.6385285017048886 0.03646328712050984 0
3539 0.4271699814904967 0.81523399770446 0
3540 0.2307810244249956 0.8727017118813072 0
3541 0.6846104084851341 0.8185449102130024 0
3542 0.4113785299674416 0.1534045390852384 0
3543 0.8489290964975246 0.9543980180557303 0
3544 0.8562053307340265 0.98027274854539 0
3545 0.4307505013280115 0.5762014753849871 0
3546 0.6370937498768989 0.9876638429376645 0
3547 0.6233552724881766 0.9859553284114181 0
3548 0.0120296593824038 0.3619326311670047 0
3549 0.01132574995450492 0.3354614269689853 0
3550 0.9888551533199208 0.2943065446109375 0
3551 0.01170403730381292 0.3218327751457061 0
3552 0.02468610549508188 0.3144408312949007 0
3553 0.9520547945205482 0.01186336169567659 0
3554 0.01181141506967365 0.04792597017003464 0
3555 0.9891293781236712 0.9521366131284762 0
3556 0.0479511113228428 0.988664411256286 0
3557 0.01299516317677912 0.9794203355844621 0
3558 0.02054794520547998 0.01186336169567642 0
3559 0.04794520547945202 0.01186336169567659 0
3560 0.9887364953443474 0.04773008454578731 0
3561 0.01125712352740105 0.9519362228159451 0
3562 0.9893009240394319 0.4036172139995421 0
3563 0.4041072656034647 0.01130251665630094 0
3564 0.07534246575342468 0.01186336169567653 0
3565 0.0117020958569185 0.7472310164948649 0
3566 0.3908999197039999 0.9884917599624212 0
3567 0.01216647219392158 0.3919335061089954 0
3568 0.01176262575729242 0.4184277593090464 0
3569 0.6095890410958912 0.01186336169567698 0
3570 0.9878058949137253 0.6099324671587427 0
3571 0.01355438407946519 0.08940390693714229 0
3572 0.01186336169567659 0.7602739726027394 0
3573 0.9890949023113049 0.7876841294512623 0
3574 0.01198911944441383 0.5682324563705954 0
3575 0.01161670473956011 0.5410683274399671 0
3576 0.9882593208594989 0.4603145448401632 0
3577 0.9861568600205984 0.4319229914690444 0
3578 0.5684931506849304 0.9884176770235462 0
3579 0.5410958904109577 0.9884629577529757 0
3580 0.4315068493150696 0.01186336169567676 0
3581 0.01186336169567664 0.4315068493150676 0
3582 0.01186336169567676 0.4589041095890401 0
3583 0.4588987064774466 0.9884622190654055 0
3584 0.1436283814891167 0.01110954341023751 0
3585 0.9860510535779056 0.8846311316074911 0
3586 0.1164383561643845 0.01186336169567637 0
3587 0.1089460498933165 0.024102328736886 0
3588 0.01148468151624393 0.81463081034294 0
3589 0.7880590192257479 0.9891501924901243 0
3590 0.01130458033155135 0.7876909669988041 0
3591 0.2102500551509546 0.01137448220770654 0
3592 0.1815999582881265 0.8228696350133086 0
3593 0.1902152052739118 0.8350893163175361 0
3594 0.01155380426463859 0.8278038452781171 0
3595 0.8561643835616441 0.01186336169567687 0
3596 0.9881366383043231 0.8561643835616441 0
3597 0.5151220929497426 0.01253881647237359 0
3598 0.4863013698630126 0.9885595442430815 0
3599 0.01186336169567687 0.4863013698630126 0
3600 0.01186336169567676 0.5136986301369852 0
3601 0.5136986301369852 0.9890775892615682 0
3602 0.1159242861107204 0.1865424091150157 0
3603 0.8676295791796353 0.7567917192572255 0
3604 0.5498980217692923 0.4333720841175737 0
3605 0.5400364287985128 0.1139415520094621 0
3606 0.4874610474762145 0.6329621961629293 0
3607 0.5902073477321291 0.5976590375840657 0
3608 0.3434720158928435 0.7825082329148154 0
3609 0.5813746325326763 0.4858984690711477 0
3610 0.9756083943059399 0.04045527806752058 0
3611 0.723478272998873 0.7606586939705144 0
3612 0.6759956306826518 0.4996710624587608 0
3613 0.1098137239669079 0.2045002557854704 0
3614 0.3653367345779061 0.08642685397791022 0
3615 0.4819560656218246 0.3070064172826612 0
3616 0.9319210373938489 0.1441926611137862 0
3617 0.9277789801128674 0.855960781922155 0
3618 0.1439536097191075 0.230751930162332 0
3619 0.06493778819256518 0.2348481376479938 0
3620 0.3551942966353996 0.594790089334108 0
3621 0.7982826762002352 0.02504819397100866 0
3622 0.02503291629662396 0.4002208962770376 0
3623 0.6177217586562143 0.8166735927745959 0
3624 0.9011252742983881 0.1183422880689224 0
3625 0.9355808489940463 0.6426570481487024 0
3626 0.4684296126824204 0.8305878923640267 0
3627 0.1551094618052138 0.8958979563409886 0
3628 0.9393966624529158 0.1055164943470407 0
3629 0.09213109772646166 0.8669752078393853 0
3630 0.1236879039736971 0.1423622100944686 0
3631 0.05416910078382697 0.6216096064140454 0
3632 0.5955741917300877 0.05656187602631096 0
3633 0.7236076457018501 0.9177336756953258 0
3634 0.6964854245320189 0.9643705875230948 0
3635 0.1721590853794326 0.5434323233440604 0
3636 0.4706881390606312 0.7696389224343049 0
3637 0.9386168936760697 0.9223199302837105 0
3638 0.4032939371033581 0.8289635208244293 0
3639 0.1083143354610165 0.6896696191480083 0
3640 0.04880689132298466 0.2098408218019015 0
3641 0.0751642847423506 0.1550305367771047 0
3642 0.09245348780308887 0.1797103949305743 0
3643 0.1072057344345714 0.7694125164825131 0
3644 0.930148304576174 0.4602884063853414 0
3645 0.5083638579259933 0.1894689380944941 0
3646 0.3824723438554021 0.2461917894155334 0
3647 0.2968982507488316 0.07688293961842962 0
3648 0.1039582851778416 0.2461872677151972 0
3649 0.8112165675216446 0.3365407237937902 0
3650 0.09968395530691432 0.5336186231617768 0
3651 0.9277440244050945 0.4080405924106887 0
3652 0.1078116918078437 0.6345410609299886 0
3653 0.8690865872199414 0.174125644043287 0
3654 0.710990558869351 0.3574839891062806 0
3655 0.8530798443672722 0.2018695490013944 0
3656 0.4771328697726219 0.4197876623249549 0
3657 0.129402598071077 0.3163676608199902 0
3658 0.3723201171741791 0.7020884745723617 0
3659 0.8099181492376482 0.2761572472289388 0
3660 0.1459944871663278 0.287460363844422 0
3661 0.0668711915519184 0.2866217843709407 0
3662 0.1867649668807935 0.2430854113654369 0
3663 0.2024448039081518 0.18246898524634 0
3664 0.0261304437004567 0.645819456751191 0
3665 0.768644873520526 0.7121022251249607 0
3666 0.8257934773477196 0.7728677663774155 0
3667 0.2822034756659941 0.4788548454555342 0
3668 0.6714672464945534 0.3240603884236736 0
3669 0.2159722076437627 0.6166286578965751 0
3670 0.2009428099499993 0.3557272439037838 0
3671 0.6228899969793726 0.3417960429321681 0
3672 0.5308764532727202 0.3627786361793518 0
3673 0.2263724176518137 0.6628878631207422 0
3674 0.5595754786809617 0.5215254433467775 0
3675 0.719257862087281 0.3072695227788006 0
3676 0.647484617459694 0.9217566934973485 0
3677 0.6424930978678862 0.2737581735979927 0
3678 0.258044922974808 0.4181277420118952 0
3679 0.4399190697415741 0.6868314239274111 0
3680 0.7487143664937111 0.3548026439588284 0
3681 0.1054801020472655 0.8226998343045223 0
3682 0.8711330146650824 0.3405689812261744 0
3683 0.1820587210628619 0.617729115895444 0
3684 0.7658481274482626 0.2918766719093215 0
3685 0.0996003096403193 0.7554854680468192 0
3686 0.9769421255126731 0.9330459597572193 0
3687 0.2556682364643061 0.0801843580785333 0
3688 0.4294424174409572 0.6137804772674106 0
3689 0.1968546500155767 0.2871842659470261 0
3690 0.7932910942139053 0.6650634340215195 0
3691 0.8130940438441556 0.1320913209636405 0
3692 0.8521117760392191 0.5910339129437299 0
3693 0.8473677175510106 0.6338956074632212 0
3694 0.1327303040525794 0.3985386493327736 0
3695 0.2568503055362653 0.386567933799941 0
3696 0.8744463906984434 0.4234178027034721 0
3697 0.7522240207282775 0.4499630902417352 0
3698 0.8723240391978548 0.7157630529483239 0
3699 0.08426408231480104 0.9331089072611995 0
3700 0.5062798374911119 0.236568709211032 0
3701 0.8958488902773717 0.9741823664915766 0
3702 0.5699437533357948 0.1712948855996926 0
3703 0.1910905860165693 0.8604420462726132 0
3704 0.4510678532192071 0.2098674378226219 0
3705 0.4336882093255904 0.2112493097936703 0
3706 0.6686014296752202 0.1131457082181579 0
3707 0.4786911483234362 0.3828842892913448 0
3708 0.3708874279312134 0.1706061273745026 0
3709 0.5953608071348293 0.9064564617406239 0
3710 0.5350394288852528 0.9031010578935434 0
3711 0.5657096423205209 0.9041765569886079 0
3712 0.4270241022839831 0.8443179092946689 0
3713 0.2410527755048055 0.9400045374970467 0
3714 0.5662817421069112 0.7044396226914929 0
3715 0.6264226346481314 0.8318735065133231 0
3716 0.6999399489178442 0.1128421189459427 0
3717 0.7464089611925796 0.4975436748495389 0
3718 0.2669865130891739 0.1204004123937837 0
3719 0.6323857092960727 0.3244745724025547 0
3720 0.6619199159613248 0.3411891001883058 0
3721 0.2707315134400372 0.1780139264606997 0
3722 0.8530076474872659 0.1464500267767272 0
3723 0.6460007159811422 0.024297808036713 0
3724 0.2644931254855226 0.3377986329279158 0
3725 0.6128915918172714 0.4658303484508287 0
3726 0.3799774890134118 0.7515636529491083 0
3727 0.4034763485951778 0.9401717074571248 0
3728 0.4410464186718799 0.9273485599382033 0
3729 0.0959277281574018 0.5698338606693595 0
3730 0.1466467688612003 0.9082784876461767 0
3731 0.6452921451834712 0.7389789721978637 0
3732 0.2706568535925028 0.9393587793866789 0
3733 0.3944666061397225 0.8433030003418511 0
3734 0.8140011263572459 0.1043021949672479 0
3735 0.5273965717515849 0.7036268306117947 0
3736 0.3077984499056898 0.926364002956122 0
3737 0.7860828904422366 0.8924822092856187 0
3738 0.67709045533763 0.6313767068201744 0
3739 0.4885043149949021 0.6689836969176227 0
3740 0.7454284395597999 0.08750281200833004 0
3741 0.3441253575807682 0.8131664309032092 0
3742 0.334960830641293 0.08830439664963041 0
3743 0.6622273890550683 0.240577692931905 0
3744 0.1659610503760798 0.426087379226421 0
3745 0.7314461371438943 0.9311066671079753 0
3746 0.731606252135817 0.8772217664283217 0
3747 0.7941760607771106 0.6094887706232087 0
3748 0.4684358372080353 0.07923430315989799 0
3749 0.5696992110387973 0.6340164211564914 0
3750 0.2385329897374527 0.8863222421541941 0
3751 0.6501976081831338 0.8757053011474334 0
3752 0.4665009884630678 0.6328384183639859 0
3753 0.2028066750831279 0.09590880399164892 0
3754 0.7741523737662726 0.2454048995505241 0
3755 0.4824178853014683 0.8878546064207067 0
3756 0.7605598813198609 0.08966095959298326 0
3757 0.3141907740365069 0.765832476118073 0
3758 0.3896726135821212 0.09836708794319876 0
3759 0.8627795680110399 0.533556738607208 0
3760 0.09208520158984862 0.7157348267604574 0
3761 0.8783453388957589 0.2998255123592986 0
3762 0.09170769870816131 0.608958999390232 0
3763 0.3034269192193677 0.5448809036419485 0
3764 0.9158009436223072 0.8184605183087608 0
3765 0.3884913937393792 0.3461631554146949 0
3766 0.893837042735302 0.7678057106580863 0
3767 0.4045843019910328 0.3101099112136878 0
3768 0.6875061992434068 0.9757058721789013 0
3769 0.148751174299148 0.0592793114765352 0
3770 0.4079686565251899 0.5006302923381186 0
3771 0.2138366987286048 0.8169519807278097 0
3772 0.07766076284226686 0.4139516514613292 0
3773 0.4212440574648316 0.2758521538818806 0
3774 0.9253168460692724 0.3246732521917505 0
3775 0.01177094234238707 0.8835616438356155 0
3776 0.46151594704899 0.7852283054387211 0
3777 0.5403297762426811 0.3463991603635923 0
3778 0.6299557860710541 0.1005304331678394 0
3779 0.7205762473714299 0.7890845793075147 0
3780 0.6158759491002056 0.07395096333716911 0
3781 0.6039379820300709 0.2292995204736502 0
3782 0.5819674947882891 0.3767026158920558 0
3783 0.7153051734279716 0.1401400828741122 0
3784 0.3890682234780086 0.1992616767131974 0
3785 0.9188493394860251 0.7102026405913935 0
3786 0.05403304121809993 0.7554994987028747 0
3787 0.7301084585785569 0.5300992127976575 0
3788 0.6425471360188479 0.3761162920112261 0
3789 0.6224625755180678 0.4117766289008451 0
3790 0.2073380818861212 0.5735355238299324 0
3791 0.4774519663100866 0.9417401387762707 0
3792 0.809510419463468 0.5071860825959297 0
3793 0.8686810070063684 0.0912406920538924 0
3794 0.5816390229949033 0.3089884378749889 0
3795 0.756986514267328 0.3073745489565516 0
3796 0.03346015064799807 0.1839867193216535 0
3797 0.2776837384311264 0.8437885655302976 0
3798 0.3339426389525657 0.1166351183557726 0
3799 0.4211489912898531 0.1671882636853205 0
3800 0.3436992184690189 0.1011252827649274 0
3801 0.5314552619036458 0.1011264219672114 0
3802 0.07043677119467306 0.4798922739388162 0
3803 0.7827202340698808 0.1705718884551533 0
3804 0.7601893891122635 0.01151511831919849 0
3805 0.1953246605781402 0.1097990884269822 0
3806 0.8548775023304706 0.4079718640797437 0
3807 0.2152876561327276 0.5280491358598669 0
3808 0.8448540506909265 0.1606035982144677 0
3809 0.910958904109589 0.9884056441706505 0
3810 0.4849913259678811 0.831179493538549 0
3811 0.2110062943459038 0.1670071264371443 0
3812 0.218885458095357 0.3551316602901498 0
3813 0.310123457786489 0.02529952213577236 0
3814 0.4619970845708379 0.7538702387774675 0
3815 0.2700290808779198 0.07842846764415567 0
3816 0.05364815696721353 0.6773853535529372 0
3817 0.01331607810179847 0.8551951540888567 0
3818 0.364464690673616 0.2468690601087119 0
3819 0.8933144973973657 0.1319488570814492 0
3820 0.1214363172579586 0.8225858287152193 0
3821 0.5163821989245122 0.2515130975446236 0
3822 0.4925393498105605 0.9421641161775955 0
3823 0.3178718245098832 0.117489467722412 0
3824 0.7880430954852655 0.01180167971504142 0
3825 0.02677784535108518 0.3769899034702344 0
3826 0.5048272394562043 0.9026744766093079 0
3827 0.08866645923400124 0.01181334291496894 0
3828 0.4685507673907902 0.4004632057995278 0
3829 0.2466720416846511 0.0672986257329975 0
3830 0.86013951441773 0.07776652624472796 0
3831 0.7970384926165295 0.1318518635933812 0
3832 0.8441314859962673 0.6756614552541743 0
3833 0.1606848045307008 0.0987524100716255 0
3834 0.2193707198696354 0.1517508016771269 0
3835 0.06025677133584995 0.6646150357251229 0
3836 0.5251365194788274 0.0254990307612521 0
3837 0.3765168409410978 0.01120219023955438 0
3838 0.7561485923801381 0.2142116972158336 0
3839 0.01096178076098064 0.2808386616828531 0
3840 0.1849626092870134 0.9884715200828034 0
3841 0.7855417915871606 0.8491135574193698 0
3842 0.03628454506680323 0.3261418683190711 0
3843 0.4102834695669016 0.08324637993581829 0
3844 0.587250030462963 0.1108509249405737 0
3845 0.6792639291010621 0.9875349736381829 0
3846 0.5931340003149221 0.8319118551598597 0
3847 0.6762635840409981 0.8330020050089395 0
3848 0.01259403639527817 0.1713570212599293 0
3849 0.8307122523996784 0.6354041009094312 0
3850 0.9884603225521191 0.4863013698630148 0
3851 0.02386951234557677 0.807252568154881 0
3852 0.6614649703645195 0.04829099997655562 0
3853 0.2826478160938538 0.3379826242764035 0
3854 0.1902611329985413 0.6029428446292388 0
3855 0.7561988860512716 0.2455705399279666 0
3856 0.5915698951184648 0.4668753262721179 0
3857 0.09906530180456141 0.7821127448262677 0
3858 0.1419048061166547 0.07265668795195124 0
3859 0.9376449187291434 0.1972446448041018 0
3860 0.9098124453794352 0.3253168239839502 0
3861 0.4948364781977351 0.8161681487067298 0
3862 0.6857577960027924 0.6148846515460411 0
3863 0.7500648080319972 0.7128669907600415 0
3864 0.9894222028940405 0.376655564155382 0
3865 0.8216507733206078 0.1179784053728446 0
3866 0.318027218356562 0.3342812337993062 0
3867 0.0133325635404371 0.5963424485026113 0
3868 0.4985733995660209 0.6516616813225117 0
3869 0.3526217887783202 0.798004827290357 0
3870 0.2126525070203238 0.2270354723961409 0
3871 0.01084621749231862 0.2944655202953145 0
3872 0.6546202615353447 0.7242071026087626 0
3873 0.9269895187420403 0.3820039533617053 0
3874 0.7677174338234162 0.02372587734885689 0
3875 0.6525636284835401 0.2570298810242512 0
3876 0.2660991076692792 0.4022379815855968 0
3877 0.02454332937389658 0.3531858315859239 0
3878 0.906723779388114 0.8063973731136349 0
3879 0.7430403467650677 0.834032713697394 0
3880 0.884149414956136 0.7552499189648738 0
3881 0.7814080403533077 0.131370399882372 0
3882 0.1949202408458295 0.2278272538966193 0
3883 0.08196379315239088 0.2864441618654956 0
3884 0.5761368956355174 0.8317901755149241 0
3885 0.313274430491855 0.5614766019747195 0
3886 0.8379219637916058 0.4083360126746063 0
3887 0.4309688980887305 0.2918386062143331 0
3888 0.4570467332345091 0.4162671202285005 0
3889 0.02374468031671156 0.5755335131613871 0
3890 0.9322967895648209 0.1711609321311494 0
3891 0.6891312655053303 0.7579198276038068 0
3892 0.3219178082191787 0.01138482589001816 0
3893 0.1235150552292706 0.0234422969636684 0
3894 0.8688490587945721 0.4913060281221373 0
3895 0.420735507374973 0.09601033122743596 0
3896 0.4544619263707361 0.2406828556520146 0
3897 0.5595094524173317 0.3117291664125881 0
3898 0.932916041530816 0.2597166318953405 0
3899 0.7405337182295676 0.1858125972524084 0
3900 0.706866924367347 0.9895484555112855 0
3901 0.2503558290915121 0.4652163332730267 0
3902 0.8162473866811321 0.7580079326981121 0
3903 0.4443776546863455 0.7542726812460862 0
3904 0.9880122240816027 0.6774467438850381 0
3905 0.2959902950609422 0.05087621786012175 0
3906 0.3466069535335513 0.2479600429337344 0
3907 0.8530954037494843 0.1742574463366158 0
3908 0.3710070361762123 0.7353690736746662 0
3909 0.4316472784299682 0.7369885453660645 0
3910 0.8242348202337095 0.6503308945986948 0
3911 0.07508316873111798 0.9879860859386264 0
3912 0.6423450694279853 0.3414488000033829 0
3913 0.3152313409432005 0.9138621346199785 0
3914 0.8578539385839852 0.7427980586646756 0
3915 0.9774745697133694 0.8352245751263287 0
3916 0.4302747531878206 0.499536648025406 0
3917 0.7478083223146298 0.2920082660083314 0
3918 0.9766849878297741 0.9589041095890398 0
3919 0.1221340124984163 0.5174560651443568 0
3920 0.01003904408775902 0.6761899722417712 0
3921 0.2224091402513755 0.2421195739817636 0
3922 0.5731072948018394 0.1395630965654915 0
3923 0.07706552669306416 0.3875859723185085 0
3924 0.7242047175340764 0.8631076373671365 0
3925 0.81210767766533 0.3660354751741437 0
3926 0.9595130938110685 0.5841977902918066 0
3927 0.1824022919841795 0.4258940289943808 0
3928 0.01037477404086806 0.6249146473798282 0
3929 0.791887705315435 0.5089600006835202 0
3930 0.499995072443619 0.2526451396588626 0
3931 0.2070295374455933 0.6025337554264709 0
3932 0.2159844686962729 0.5893762290355077 0
3933 0.9890958159272623 0.2807570407044981 0
3934 0.5928294577300982 0.5031626872005033 0
3935 0.8221891154196892 0.4085315683845606 0
3936 0.5597788989045388 0.6163584766625428 0
3937 0.8918681070556814 0.8075198004274091 0
3938 0.9888590622331765 0.1155458191263591 0
3939 0.8034510184936492 0.1743376915187817 0
3940 0.1505406719990118 0.08509364043749157 0
3941 0.7942250855635142 0.8792996113067545 0
3942 0.9249719217863825 0.2468100872168401 0
3943 0.01094321096324102 0.02090339205896707 0
3944 0.02098247793717933 0.989706837823402 0
3945 0.7601866830885057 0.06156669431740791 0
3946 0.831729296494657 0.8934988984490497 0
3947 0.5636498387165902 0.3431217085103807 0
3948 0.1147764757920382 0.7826302994318693 0
3949 0.3331071416527534 0.5612794063626784 0
3950 0.9314535508590832 0.4861341385304888 0
3951 0.3803451874340527 0.08542539350479128 0
3952 0.4179232454241161 0.9887760937217378 0
3953 0.4111320521861295 0.9770592383580794 0
3954 0.9889925358581593 0.2124730323210637 0
3955 0.5247378850933729 0.1151703827569009 0
3956 0.1913290308407939 0.661340822992206 0
3957 0.4440182849695847 0.2259856035253904 0
3958 0.9872668441663144 0.1438052615410974 0
3959 0.05877084565527796 0.1305033238266834 0
3960 0.246379784187027 0.8724473774260875 0
3961 0.7517737436700569 0.8206029117296705 0
3962 0.7484602212376079 0.680038299768977 0
3963 0.1077744819525938 0.7162435377789318 0
3964 0.0226858029424184 0.3297916016906108 0
3965 0.362305686410456 0.1858132510596424 0
3966 0.3455787383581025 0.4654872496408105 0
3967 0.3256426339656073 0.7823406677895717 0
3968 0.05929955486845151 0.3377218650918013 0
3969 0.2931793440742267 0.7869554356361779 0
3970 0.3549417252866773 0.4489427085192975 0
3971 0.8429277575314928 0.5776346451625116 0
3972 0.3983200719348403 0.9774473409070219 0
3973 0.6228777223658454 0.3766678942700122 0
3974 0.3345195037955458 0.0116550340021252 0
3975 0.3545278327959847 0.02320868070285398 0
3976 0.9873900597615541 0.5134729421972942 0
3977 0.6202980819564512 0.1985617630815694 0
3978 0.6327165168888117 0.3588685881596894 0
3979 0.01105468227022327 0.1422628208114407 0
3980 0.1302778760882486 0.7824249398262456 0
3981 0.9292501658478789 0.5588707170033779 0
3982 0.3364483680664151 0.4818604500561387 0
3983 0.861222967154244 0.2736091795624174 0
3984 0.4398254339686436 0.08032046763980344 0
3985 0.9896526206961869 0.7481241306195494 0
3986 0.7284616299553797 0.2917355616401888 0
3987 0.03741937397817918 0.5726267172426158 0
3988 0.9755522755059192 0.3115063904585987 0
3989 0.01191324719734221 0.7039534797870421 0
3990 0.5439580140272464 0.5012871657459671 0
3991 0.4314830319988334 0.988927468580199 0
3992 0.2896419564779936 0.06382807947629682 0
3993 0.1651765976910525 0.6753954571930534 0
3994 0.429961332651784 0.4624681184178147 0
3995 0.6412755084517147 0.5824970136122389 0
3996 0.3562208390340906 0.5588350830405311 0
3997 0.7685132246367009 0.8491528169566332 0
3998 0.7946295463154112 0.3671665513686084 0
3999 0.6680364535572312 0.8181558115065644 0
4000 0.6127326951857182 0.3946833230388974 0
4001 0.8004012852423719 0.2008006663855545 0
4002 0.2054203670237116 0.8023154162845301 0
4003 0.845104895113989 0.188349961118346 0
4004 0.9126232562314694 0.8574698580198615 0
4005 0.7087523687359004 0.2587583720449185 0
4006 0.38211572825573 0.6860374419767221 0
4007 0.9163160753464963 0.488008539307149 0
4008 0.8835616438356154 0.9892476042430434 0
4009 0.6045392905096547 0.02297911418171866 0
4010 0.4539429787229631 0.459685967258233 0
4011 0.8923188611564656 0.2451622203164231 0
4012 0.4192014413953133 0.8299016532344539 0
4013 0.1804272690095137 0.4987366633336562 0
4014 0.4718173717320639 0.2392475075982499 0
4015 0.210657649926261 0.7164488030329419 0
4016 0.7528374787132279 0.1021239029555762 0
4017 0.7333841203678632 0.8487973047760587 0
4018 0.07626854001761874 0.36134605551956 0
4019 0.5695157932676445 0.5981201515077162 0
4020 0.9886703993591068 0.3629992017273789 0
4021 0.02354202210619633 0.2622050894653953 0
4022 0.5698193234227178 0.5032825132678319 0
4023 0.142052169245266 0.7184183661391488 0
4024 0.4386998008077464 0.9773006717803742 0
4025 0.8668506865008707 0.4634465651524638 0
4026 0.8275804081602638 0.9470437988709979 0
4027 0.9754588231256123 0.770905064634396 0
4028 0.7441924414930343 0.6464236370770444 0
4029 0.1855726822789398 0.925536337217695 0
4030 0.7514520018567011 0.6274021353899379 0
4031 0.3359985971405438 0.1730788992974203 0
4032 0.3226820365254928 0.3174182064915385 0
4033 0.02201588169515445 0.05664878595613432 0
4034 0.2548210280049714 0.01028251194970442 0
4035 0.555179701117724 0.5793883146182801 0
4036 0.7084213644977237 0.2909340238896777 0
4037 0.7835205987788429 0.5661056660297499 0
4038 0.307638717373294 0.9741685668802973 0
4039 0.2624720970658205 0.9768986806686975 0
4040 0.2399788409767941 0.9892523238191969 0
4041 0.7457403309375703 0.0116575289963271 0
4042 0.9900065411263677 0.1696565611655163 0
4043 0.5179227447567316 0.1297853809409763 0
4044 0.7420734724276419 0.6110878554371522 0
4045 0.73788391384261 0.02320985065931874 0
4046 0.2543102456006101 0.9886789422936013 0
4047 0.3254955679908109 0.1888538353516747 0
4048 0.254285792445904 0.8584816257247299 0
4049 0.5298572732209916 0.4009674386142077 0
4050 0.1148950181318154 0.4522593091906336 0
4051 0.02597857333464515 0.7313660239420733 0
4052 0.03873656872383602 0.8303144964508136 0
4053 0.02411454947376263 0.8320211309447108 0
4054 0.2824119490505163 0.9886905904718609 0
4055 0.2944590353268628 0.9907452859994261 0
4056 0.3833231242742453 0.02243018030167832 0
4057 0.6013433617523306 0.07263210100531475 0
4058 0.9895837195946307 0.3356164383561652 0
4059 0.3623960981419785 0.01149446424083206 0
4060 0.292543562025955 0.3868777206227918 0
4061 0.3647828724059155 0.9880973650397862 0
4062 0.3219723266074084 0.9909213508484092 0
4063 0.3337004514233185 0.9888769456951998 0
4064 0.01036479925620393 0.1163423756331678 0
4065 0.6599355609203597 0.8032013419598184 0
4066 0.106991707360093 0.6078612207712815 0
4067 0.7852242120468611 0.594326680889423 0
4068 0.8501506167326964 0.4630054976208425 0
4069 0.1365294109733466 0.7439279366533494 0
4070 0.3729478692457375 0.9768526394184142 0
4071 0.05224506321986011 0.5718962933275117 0
4072 0.01032161313595786 0.07534246575342468 0
4073 0.6924701034710791 0.02561702680713224 0
4074 0.9091538747991058 0.2463335755855229 0
4075 0.5915169810646992 0.3941941938290188 0
4076 0.6621462676604797 0.6657860305602052 0
4077 0.1556049304475742 0.8650163194394691 0
4078 0.2109416935836398 0.9881851917028665 0
4079 0.1780154707568063 0.4685330736558079 0
4080 0.9188289937631654 0.5139009275927594 0
4081 0.6781198033199088 0.009016206815037675 0
4082 0.6658418419877012 0.01085704718221681 0
4083 0.3566057444573021 0.2624032763717978 0
4084 0.9635290037247972 0.5215568937259265 0
4085 0.7058182929150337 0.008985790238686231 0
4086 0.1613701468445978 0.7472106586580247 0
4087 0.7181124660179646 0.01073043720125733 0
4088 0.5414422575751495 0.009178159705125977 0
4089 0.5134071213052303 0.8895961375464897 0
4090 0.714063289098574 0.5645394067764969 0
4091 0.4526403857137067 0.9773588955917138 0
4092 0.1381771901905302 0.02252483476208411 0
4093 0.3017149048938829 0.371507906133085 0
4094 0.8368572310807869 0.2020554279988014 0
4095 0.9874100647585335 0.9074397186357626 0
4096 0.1666605449729546 0.7614550957835768 0
4097 0.3041641969783444 0.1720206937286071 0
4098 0.6608754024281036 0.1264523101348469 0
4099 0.203231511840904 0.9773146211296685 0
4100 0.8176876400795716 0.6641031761547581 0
4101 0.261668856225057 0.4802362722455465 0
4102 0.8326681985157622 0.564057262267149 0
4103 0.8614327615974204 0.3010487542248673 0
4104 0.1233731503019684 0.7170158847983863 0
4105 0.5326040546432911 0.4808826380298749 0
4106 0.2899441875980046 0.19230746139578 0
4107 0.2355839298101622 0.528192623003032 0
4108 0.5307427645801487 0.4376422618117125 0
4109 0.7592418117278776 0.8058118258737413 0
4110 0.1132009301060781 0.5948417981133086 0
4111 0.1072628117546958 0.5457629709275214 0
4112 0.8795531668219373 0.8583342137360059 0
4113 0.8964135303448455 0.8583251597586655 0
4114 0.9774427830623875 0.395873020045675 0
4115 0.6663298607520942 0.1510473818299653 0
4116 0.8213466279310743 0.4478486132430913 0
4117 0.3103607133086551 0.3531804756841491 0
4118 0.4110708854052937 0.8148566155513248 0
4119 0.8160828569794174 0.5646636867167506 0
4120 0.6687496594481456 0.7886465878400595 0
4121 0.3975038354880456 0.02209458935408259 0
4122 0.510866099581223 0.1444384533648085 0
4123 0.8433865972328162 0.3039379120531118 0
4124 0.6254608059190891 0.7064473198403631 0
4125 0.2623166602347741 0.8444374557761829 0
4126 0.02194231472129521 0.02742729240522718 0
4127 0.9776906736904146 0.616877748837671 0
4128 0.1737720164054675 0.6611637971402802 0
4129 0.4666084743384124 0.9775057630798981 0
4130 0.4829876432907473 0.2543358580816181 0
4131 0.07951408761126477 0.3118511754555126 0
4132 0.1640466048693425 0.8507637931110468 0
4133 0.05271841768514163 0.8303545110624797 0
4134 0.3486810622016467 0.9759478855685404 0
4135 0.801732131335711 0.8674038093109737 0
4136 0.07362620231919953 0.3364251249676952 0
4137 0.3685369978993702 0.3827005590756215 0
4138 0.8196543197109929 0.2020494632039245 0
4139 0.8128744314430514 0.4333690197140053 0
4140 0.5817354008651875 0.1537617719364458 0
4141 0.9769613716189198 0.7280887877455452 0
4142 0.9428068907839697 0.536781600813228 0
4143 0.4216871544103196 0.3093765322042988 0
4144 0.1859648207586693 0.8995594622899479 0
4145 0.1107252016581932 0.8389718108726398 0
4146 0.5557172215072909 0.02448456124821285 0
4147 0.1742969121296414 0.0965550844837253 0
4148 0.1495371254033842 0.02000733175235903 0
4149 0.1406878174386976 0.3876469338411506 0
4150 0.3869003551444742 0.4296680694127826 0
4151 0.1212793008739493 0.4901248190766524 0
4152 0.6423046535228267 0.1541088152158547 0
4153 0.7461933309890032 0.1152606720445901 0
4154 0.2492149095589086 0.6116249499355235 0
4155 0.8059604676211699 0.5503987415384191 0
4156 0.03997747032683974 0.1028630296955401 0
4157 0.3418913623573399 0.9652336697046648 0
4158 0.4034201450750686 0.7994452134197519 0
4159 0.9907225480491659 0.7044294529359617 0
4160 0.2839156355069832 0.07670429221042102 0
4161 0.9897792867422474 0.02152085291061134 0
4162 0.7129296873310191 0.531620256402386 0
4163 0.5981137868491087 0.04351745242408139 0
4164 0.2879367685608927 0.4633860856204799 0
4165 0.480483433113986 0.9777313674776132 0
4166 0.1351369076616615 0.8236348612999148 0
4167 0.02160246018015027 0.4931506849315053 0
4168 0.7342601273119096 0.7742398073284609 0
4169 0.9784259079477784 0.8629533183884848 0
4170 0.1533326128053305 0.3007956589706778 0
4171 0.5327764536644335 0.9773206916939141 0
4172 0.5215201200598324 0.8758605557229135 0
4173 0.820122192179475 0.9342212530626082 0
4174 0.02165726095346965 0.4660099388925404 0
4175 0.7018978086071477 0.9774353167018353 0
4176 0.07063951971958149 0.5578361227189826 0
4177 0.2969954592517596 0.6291416130050721 0
4178 0.5514446313501427 0.3609620075962144 0
4179 0.6783006539438173 0.7733383022879969 0
4180 0.1147981088956428 0.5318626385587546 0
4181 0.8288309106657894 0.9901611465317004 0
4182 0.5041669161902973 0.1602330866702101 0
4183 0.1693802031031703 0.3848432381931557 0
4184 0.7542165461110595 0.1287668537240035 0
4185 0.01030434744277731 0.9272802435245102 0
4186 0.9785623623761344 0.357341370906232 0
4187 0.8668785206817501 0.9751782586225757 0
4188 0.9898793199912406 0.0914330050775633 0
4189 0.6464227322755185 0.1803927509540271 0
4190 0.411201519544615 0.7849947262113329 0
4191 0.9906978120225414 0.6372147165949036 0
4192 0.3001064474452166 0.3378466643472058 0
4193 0.2592834178899519 0.6667295358929228 0
4194 0.2875950790018689 0.6469667087950637 0
4195 0.143183006810532 0.8091691226243147 0
4196 0.009499189778838346 0.2387597980302473 0
4197 0.4115872691067002 0.02157798573259773 0
4198 0.2840309328965723 0.4024244801353373 0
4199 0.9907090636080051 0.54109589041096 0
4200 0.9899442706486998 0.2371559301744833 0
4201 0.9894740914772084 0.8128153488980043 0
4202 0.02134262081406318 0.5205479452054776 0
4203 0.9779468091426025 0.7946995820717182 0
4204 0.02128333648504871 0.4383561643835598 0
4205 0.5479383334262997 0.978284558276443 0
4206 0.9768936813539 0.5049094734756385 0
4207 0.8827292395455857 0.8335890344336836 0
4208 0.9769305177152341 0.4213397043791913 0
4209 0.5675320596959743 0.8167085970146822 0
4210 0.3488172652174352 0.2790381915501686 0
4211 0.02152218579559295 0.5472171606147846 0
4212 0.4945285708303535 0.9780236167443702 0
4213 0.9902557624432669 0.9786666140454291 0
4214 0.3349457229849431 0.9530196253055708 0
4215 0.841474395610315 0.4495204157831504 0
4216 0.04902945532383879 0.1171820706170651 0
4217 0.3123129365463947 0.4178106419248124 0
4218 0.294184074068638 0.41790821028165 0
4219 0.06813426516562759 0.9776379018554818 0
4220 0.2958828391504868 0.00990701946488004 0
4221 0.2523500096020707 0.7939011825910531 0
4222 0.5901886235587929 0.2601736557029006 0
4223 0.137150580691082 0.795400991844522 0
4224 0.3646245912188408 0.4329938503211329 0
4225 0.1537080875711523 0.3849248246778151 0
4226 0.7511031888787085 0.3897220000465245 0
4227 0.06738893564094289 0.8314810885105932 0
4228 0.07142328064971165 0.1293827570433168 0
4229 0.9304316264835371 0.5356753498556093 0
4230 0.7215472768996039 0.5150335549352852 0
4231 0.4983866919972839 0.1757753823330894 0
4232 0.3231151429522615 0.4338179690600105 0
4233 0.7766125075438547 0.5785669328140466 0
4234 0.3950288631456487 0.3755633574703426 0
4235 0.01033103005817892 0.9081383263518445 0
4236 0.008856838901274644 0.1850871416181805 0
4237 0.4323160257951619 0.6701443585931223 0
4238 0.2211792691595338 0.6033431013956309 0
4239 0.5687280840085909 0.008023992254301671 0
4240 0.2696981429729756 0.8298733519304731 0
4241 0.3000359224675272 0.4805131093828542 0
4242 0.3434840206610711 0.433598605153443 0
4243 0.08521688147706458 0.5574437635846539 0
4244 0.1693653183860804 0.8987755700914672 0
4245 0.3413256641811334 0.9403626441324751 0
4246 0.7110397049292709 0.4621901824917543 0
4247 0.02167477318223598 0.4125894512975662 0
4248 0.5088912578797606 0.9790071278200225 0
4249 0.5146226938651778 0.8613801254614908 0
4250 0.8849396550607285 0.02725085920891385 0
4251 0.5446737644931227 0.2145256825806797 0
4252 0.403404540244505 0.7692519071233431 0
4253 0.8742316848776543 0.3671375777780613 0
4254 0.6454110450145562 0.7091994146010425 0
4255 0.1823474224879886 0.8486093970380844 0
4256 0.2000204512082286 0.6742172360296155 0
4257 0.8561643835616439 0.9912105732735403 0
4258 0.7478341272284332 0.4254840765462242 0
4259 0.5620408149976561 0.9788032645893476 0
4260 0.0797494032277809 0.1425892393176739 0
4261 0.7882897602206865 0.6518201078986621 0
4262 0.179550635708353 0.3994366199669976 0
4263 0.5748110574613167 0.8028015238153682 0
4264 0.7296761804002049 0.4987620216630082 0
4265 0.7198031262818838 0.4443332028549 0
4266 0.07443222872178601 0.8430798312977905 0
4267 0.6289037497963841 0.1831613996656695 0
4268 0.7683871579291086 0.1295864321781603 0
4269 0.008738207499055739 0.2123287671232874 0
4270 0.08808103507584586 0.1554934785681381 0
4271 0.6251285737930503 0.9103292219861069 0
4272 0.1463263537567358 0.7818466997507336 0
4273 0.6300232966562569 0.2114874913515556 0
4274 0.1285455252438664 0.3685757816608259 0
4275 0.262044983177332 0.8160952752880966 0
4276 0.3104410039567176 0.4964138609822448 0
4277 0.1987896358342873 0.846881101173521 0
4278 0.9897492069189158 0.8315563789664542 0
4279 0.7044357903241633 0.5498151421879826 0
4280 0.02148488362144341 0.9712534247390325 0
4281 0.2790712950089809 0.7837456369303145 0
4282 0.1747299426328993 0.3151417885249557 0
4283 0.1778716131568523 0.01162622771247479 0
4284 0.02070619180827549 0.7671232876712317 0
4285 0.7040098880499729 0.9539575221147666 0
4286 0.6695318937157447 0.58438136776295 0
4287 0.5563827914341023 0.1661065475748239 0
4288 0.1885682289845235 0.4132573705924515 0
4289 0.7511687822339168 0.7930950602059592 0
4290 0.02075226101681754 0.8911382791994534 0
4291 0.9898981331604015 0.2563470856003206 0
4292 0.412528271119849 0.3262720652386202 0
4293 0.868056699819996 0.4104317952587812 0
4294 0.9795618226152496 0.1921314090247387 0
4295 0.8751043820158653 0.3960376020504563 0
4296 0.8312709747277405 0.01148318128912978 0
4297 0.02049924039063811 0.9449295553742132 0
4298 0.3341765056411604 0.9278034432794919 0
4299 0.2923351737531024 0.08931475419177637 0
4300 0.9253791528483135 0.1998640126404478 0
4301 0.9795249399244608 0.05423239561752968 0
4302 0.9898344592920685 0.07213072566610729 0
4303 0.1138842838867225 0.4798445332427304 0
4304 0.4430027703282387 0.3800153013399226 0
4305 0.9896446237104091 0.9281405911698821 0
4306 0.9081371297039923 0.009779604808634379 0
4307 0.7202809181390952 0.4810817982509048 0
4308 0.1811960144892257 0.1102546924406441 0
4309 0.1147592880788281 0.5046570409608754 0
4310 0.9713294829117181 0.5798096130072459 0
4311 0.3858082117753285 0.9775174549738875 0
4312 0.3280337981080713 0.4976526854086847 0
4313 0.9773209439003192 0.4424292361311682 0
4314 0.04937664087923221 0.3246429976687922 0
4315 0.6206098171359727 0.2272829796359492 0
4316 0.1998607761189637 0.0229022054179861 0
4317 0.0204655481969972 0.7945205479452042 0
4318 0.1365974158221808 0.3588320612517888 0
4319 0.1908002582168895 0.9771049950439514 0
4320 0.9799404121165989 0.274429388350219 0
4321 0.1008388655415691 0.5577621948927128 0
4322 0.1357423656260819 0.3310372074415094 0
4323 0.0248627842771153 0.6568552092257758 0
4324 0.6119028506928016 0.2422234930195855 0
4325 0.02034748021617555 0.3413144253331417 0
4326 0.1194283190302142 0.5837389507797874 0
4327 0.09657109270746012 0.1683554840510925 0
4328 0.96602917577106 0.899398822411368 0
4329 0.9276799151384745 0.00983711371131557 0
4330 0.4427692096172756 0.6520038478242913 0
4331 0.540856744424854 0.3780888607576131 0
4332 0.5404143394900812 0.4157142655581336 0
4333 0.5747022251541601 0.9795748936035406 0
4334 0.0215411577417719 0.8646837383049781 0
4335 0.5233516573456969 0.1853976290849609 0
4336 0.5814833617788361 0.008948328257064597 0
4337 0.3003320086329374 0.1010903338120176 0
4338 0.8583539761939583 0.7184219032664994 0
4339 0.2177819961925039 0.6739588129202272 0
4340 0.6753185134963299 0.913173323495914 0
4341 0.01002809325436893 0.01002809325436893 0
4342 0.01002809325436887 0.9899719067456312 0
4343 0.9783692433027159 0.46764095356743 0
4344 0.687477547078014 0.58352025456992 0
4345 0.9796840487961215 0.3007431630950883 0
4346 0.1910345854730229 0.3147990082036195 0
4347 0.1290035564455443 0.3439396651697851 0
4348 0.892251787628541 0.03744458344438983 0
4349 0.8678349636444207 0.38069277271406 0
4350 0.1437023744057821 0.3159224047991059 0
4351 0.9900529284244042 0.9900529284244042 0
4352 0.5215487044871677 0.8474115827319706 0
4353 0.1964120843265334 0.7921696155186141 0
4354 0.9900671188143403 0.009932881185659714 0
4355 0.5800206948485481 0.08135351411736697 0
4356 0.4146639411753287 0.3766236815882509 0
4357 0.02145290880081174 0.7413952455772124 0
4358 0.5049591182078099 0.2821369495505133 0
4359 0.9785870337466563 0.8973607757821287 0
4360 0.9798484568250169 0.4931189966967937 0
4361 0.9555609535318708 0.3452906639132888 0
4362 0.4250144247299459 0.02059778579618265 0
4363 0.7054653515523169 0.5813985403786999 0
4364 0.1978647359910296 0.8195416736329574 0
4365 0.5306421518905677 0.9668438645745714 0
4366 0.1584075190858013 0.7840577849734865 0
4367 0.5421423762776436 0.4507554571132311 0
4368 0.6773056045061883 0.1248210025357001 0
4369 0.2142948917430949 0.02252703465618144 0
4370 0.9919330677256062 0.6643835616438363 0
4371 0.9530191259405651 0.519811660637045 0
4372 0.8077494153299213 0.9811094191352924 0
4373 0.8666414662195737 0.3526904124285521 0
4374 0.01991102083090196 0.3011272167520657 0
4375 0.7191780821917801 0.9919564225181335 0
4376 0.05458817962538787 0.9796132513590583 0
4377 0.7312051137043628 0.9773638846096038 0
4378 0.9795768870770595 0.02837049602782404 0
4379 0.9503039280973851 0.5946724996600294 0
4380 0.5112520946491074 0.2674547878707342 0
4381 0.341452382134061 0.2942489842192205 0
4382 0.980088809730165 0.2200968562162927 0
4383 0.6642644398817286 0.7120007184622648 0
4384 0.6403727506174839 0.911994620446557 0
4385 0.02193062194465439 0.3667337801842367 0
4386 0.08917258874739931 0.8436386704137008 0
4387 0.04065863360347766 0.9794315996828931 0
4388 0.786760237595858 0.5529281746558365 0
4389 0.6542097850109175 0.9126485271524153 0
4390 0.9799875043928163 0.9457816198116507 0
4391 0.0404721532193949 0.01986883646256055 0
4392 0.5340329387224493 0.2000080511686221 0
4393 0.02174219822944246 0.6947463001112375 0
4394 0.7445258572445521 0.4378797237781635 0
4395 0.7057759064969589 0.7601093407580444 0
4396 0.02016015609406768 0.1004316178480331 0
4397 0.6986738675768304 0.9418384324341385 0
4398 0.02213379149874989 0.3869931329611708 0
4399 0.2887578514107721 0.324035816209314 0
4400 0.6925198354316704 0.1240712475245069 0
4401 0.007863106002459264 0.6369863013698621 0
4402 0.021585067916991 0.5869442557794736 0
4403 0.8121935912996474 0.009880736144356084 0
4404 0.7717703196953637 0.6524755343585724 0
4405 0.1635063993868058 0.8865290872159153 0
4406 0.9688384829311016 0.3600898326988611 0
4407 0.4377328558634858 0.02017835495613729 0
4408 0.4503322208587047 0.3971138101476086 0
4409 0.1870632310131269 0.009119727753086337 0
4410 0.6180148837182573 0.8986761291896499 0
4411 0.9798564696576588 0.1080053105689927 0
4412 0.9415990065268766 0.3614066623780565 0
4413 0.104100329049984 0.1810163994080657 0
4414 0.5142288298517563 0.8347675912566531 0
4415 0.2289010109682262 0.02163764367396892 0
4416 0.110665851324445 0.5699828576628718 0
4417 0.8265081899562403 0.9201348764261105 0
4418 0.02056689649479243 0.8209830179529187 0
4419 0.274821480680488 0.01650150699075192 0
4420 0.04089555254068578 0.6436989025714486 0
4421 0.858024195381091 0.3388772475470687 0
4422 0.3775387808065812 0.4036116160958006 0
4423 0.9909650219768402 0.5699975754155389 0
4424 0.8991495229727882 0.04976680635053399 0
4425 0.6999480975279535 0.1370530867370663 0
4426 0.7474753144353946 0.9912294807592439 0
4427 0.8729272407764628 0.6856824560700991 0
4428 0.2344575865436275 0.6732184757758197 0
4429 0.4483502971385565 0.0900638577689597 0
4430 0.02193561100720365 0.6068683848463671 0
4431 0.02749572949658241 0.9803563815972443 0
4432 0.9924528573317395 0.5821917808219186 0
4433 0.7961771353108956 0.9817484818416213 0
4434 0.949115996893914 0.6193434425465154 0
4435 0.2776483995814897 0.1893326366302996 0
4436 0.4447693843677126 0.4282924342005794 0
4437 0.9792135584539181 0.007706168263910018 0
4438 0.01943073470056805 0.2741368884562715 0
4439 0.01886247042392297 0.06854842279372175 0
4440 0.8348673777285132 0.9797782998177118 0
4441 0.3919463598199209 0.9656932570699807 0
4442 0.9804673797039136 0.7808219178082195 0
4443 0.914759275330297 0.1973968842733137 0
4444 0.02190547097138973 0.8442575353493292 0
4445 0.4040802479464615 0.3416465723088292 0
4446 0.01833882772135875 0.1097141982406325 0
4447 0.167729559413883 0.0102176050263274 0
4448 0.6383736390475835 0.5681441295373537 0
4449 0.7085756309194783 0.1513013229772777 0
4450 0.5369875313632215 0.2305908697925561 0
4451 0.2767126014960198 0.3027310398617522 0
4452 0.7839970295585997 0.9658369188655485 0
4453 0.6995146084386143 0.7471811893124783 0
4454 0.4521341863693194 0.637811170543381 0
4455 0.9522753840553955 0.9011883858697203 0
4456 0.2359010109216593 0.009654987403833526 0
4457 0.8150912622383956 0.9904535060473192 0
4458 0.1788278523366529 0.9468816637195667 0
4459 0.7602739726027394 0.9926249846154204 0
4460 0.9795030487988641 0.6874043250649086 0
4461 0.2707724514504772 0.2110134161410406 0
4462 0.7561414400672372 0.416140493335021 0
4463 0.9926489627912066 0.7602739726027401 0
4464 0.2570980626124396 0.02019132721700234 0
4465 0.9903627508912427 0.1887872469532286 0
4466 0.3271398526657265 0.9166161868776544 0
4467 0.174708173010175 0.1226910258417059 0
4468 0.5205926707933665 0.980901525148835 0
4469 0.02178728042240496 0.1601222346580186 0
4470 0.9318907677707491 0.01928084530086593 0
4471 0.007300696458418965 0.6643835616438348 0
4472 0.8668055128251139 0.7053015745140578 0
4473 0.9042098653381405 0.9814645127210677 0
4474 0.3859148567884382 0.9550842812878625 0
4475 0.9810086936234146 0.9722940428743299 0
4476 0.9790064441816134 0.1538215921506733 0
4477 0.9786719444579153 0.1339713694775332 0
4478 0.6037475277923803 0.898338226062493 0
4479 0.8786582120307364 0.8079695698991932 0
4480 0.8740725232277615 0.8252912012370573 0
4481 0.9047360144412456 0.01900053716906402 0
4482 0.8331384464534517 0.6812825807576626 0
4483 0.5652995770856151 0.1874563664689473 0
4484 0.5730256615998695 0.281716518608199 0
4485 0.08779345304548286 0.3183400764015157 0
4486 0.5374932694826688 0.5822253077296936 0
4487 0.775748155147053 0.1416272827183479 0
4488 0.8509776184762974 0.325387484831196 0
4489 0.4967690640119253 0.2986593013522924 0
4490 0.9793492000659092 0.9926041646222962 0
4491 0.7400647930772437 0.3656069788963412 0
4492 0.02014235862417701 0.1346861240922476 0
4493 0.8062688823560296 0.6677709895078354 0
4494 0.9284928897505306 0.3598254269642623 0
4495 0.9459041817350118 0.02017360528448181 0
4496 0.9810073298365865 0.3833500836025195 0
4497 0.3364977725323048 0.5134007333552202 0
4498 0.9621174699611419 0.1893436656449666 0
4499 0.2268665347821077 0.9750953125996085 0
4500 0.8925396988045942 0.06111644949050365 0
4501 0.7346573096844307 0.19890953260405 0
4502 0.05346495235695597 0.6421318021499766 0
4503 0.1602185900644751 0.02214533910461969 0
4504 0.02951268753495639 0.0196976565709488 0
4505 0.6056841241836644 0.05021153106305665 0
4506 0.2011054338681517 0.2989688115491628 0
4507 0.5667946865067063 0.7898854529565486 0
4508 0.2553351390979542 0.8055847861568655 0
4509 0.4124113433654895 0.7569486486001243 0
4510 0.1381006932295131 0.4519875113943957 0
4511 0.8368505717838275 0.01922706418846898 0
4512 0.9808689626929594 0.4105111557817076 0
4513 0.6110319943198472 0.5723639065309123 0
4514 0.1854780165870814 0.9671435759232963 0
$EndNodes
$Elements
9026
1 1 2 1 1 1 5
2 1 2 1 1 5 6
3 1 2 1 1 6 7
4 1 2 1 1 7 8
5 1 2 1 1 8 9
6 1 2 1 1 9 10
7 1 2 1 1 10 11
8 1 2 1 1 11 12
9 1 2 1 1 12 13
10 1 2 1 1 13 14
11 1 2 1 1 14 15
12 1 2 1 1 15 16
13 1 2 1 1 16 17
14 1 2 1 1 17 18
15 1 2 1 1 18 19
16 1 2 1 1 19 20
17 1 2 1 1 20 21
18 1 2 1 1 21 22
19 1 2 1 1 22 23
20 1 2 1 1 23 24
21 1 2 1 1 24 25
22 1 2 1 1 25 26
23 1 2 1 1 26 27
24 1 2 1 1 27 28
25 1 2 1 1 28 29
26 1 2 1 1 29 30
27 1 2 1 1 30 31
28 1 2 1 1 31 32
29 1 2 1 1 32 33
30 1 2 1 1 33 34
31 1 2 1 1 34 35
32 1 2 1 1 35 36
33 1 2 1 1 36 37
34 1 2 1 1 37 38
35 1 2 1 1 38 39
36 1 2 1 1 39 40
37 1 2 1 1 40 41
38 1 2 1 1 41 42
39 1 2 1 1 42 43
40 1 2 1 1 43 44
41 1 2 1 1 44 45
42 1 2 1 1 45 46
43 1 2 1 1 46 47
44 1 2 1 1 47 48
45 1 2 1 1 48 49
46 1 2 1 1 49 50
47 1 2 1 1 50 51
48 1 2 1 1 51 52
49 1 2 1 1 52 53
50 1 2 1 1 53 54
51 1 2 1 1 54 55
52 1 2 1 1 55 56
53 1 2 1 1 56 57
54 1 2 1 1 57 58
55 1 2 1 1 58 59
56 1 2 1 1 59 60
57 1 2 1 1 60 61
58 1 2 1 1 61 62
59 1 2 1 1 62 63
60 1 2 1 1 63 64
61 1 2 1 1 64 65
62 1 2 1 1 65 66
63 1 2 1 1 66 67
64 1 2 1 1 67 68
65 1 2 1 1 68 69
66 1 2 1 1 69 70
67 1 2 1 1 70 71
68 1 2 1 1 71 72
69 1 2 1 1 72 73
70 1 2 1 1 73 74
71 1 2 1 1 74 75
72 1 2 1 1 75 76
73 1 2 1 1 76 2
74 1 2 2 2 2 77
75 1 2 2 2 77 78
76 1 2 2 2 78 79
77 1 2 2 2 79 80
78 1 2 2 2 80 81
79 1 2 2 2 81 82
80 1 2 2 2 82 83
81 1 2 2 2 83 84
82 1 2 2 2 84 85
83 1 2 2 2 85 86
84 1 2 2 2 86 87
85 1 2 2 2 87 88
86 1 2 2 2 88 89
87 1 2 2 2 89 90
88 1 2 2 2 90 91
89 1 2 2 2 91 92
90 1 2 2 2 92 93
91 1 2 2 2 93 94
92 1 2 2 2 94 95
93 1 2 2 2 95 96
94 1 2 2 2 96 97
95 1 2 2 2 97 98
96 1 2 2 2 98 99
97 1 2 2 2 99 100
98 1 2 2 2 100 101
99 1 2 2 2 101 102
100 1 2 2 2 102 103
101 1 2 2 2 103 104
102 1 2 2 2 104 105
103 1 2 2 2 105 106
104 1 2 2 2 106 107
105 1 2 2 2 107 108
106 1 2 2 2 108 109
107 1 2 2 2 109 110
108 1 2 2 2 110 111
109 1 2 2 2 111 112
110 1 2 2 2 112 113
111 1 2 2 2 113 114
112 1 2 2 2 114 115
113 1 2 2 2 115 116
114 1 2 2 2 116 117
115 1 2 2 2 117 118
116 1 2 2 2 118 119
117 1 2 2 2 119 120
118 1 2 2 2 120 121
119 1 2 2 2 121 122
120 1 2 2 2 122 123
121 1 2 2 2 123 124
122 1 2 2 2 124 125
123 1 2 2 2 125 126
124 1 2 2 2 126 127
125 1 2 2 2 127 128
126 1 2 2 2 128 129
127 1 2 2 2 129 130
128 1 2 2 2 130 131
129 1 2 2 2 131 132
130 1 2 2 2 132 133
131 1 2 2 2 133 134
132 1 2 2 2 134 135
133 1 2 2 2 135 136
134 1 2 2 2 136 137
135 1 2 2 2 137 138
136 1 2 2 2 138 139
137 1 2 2 2 139 140
138 1 2 2 2 140 141
139 1 2 2 2 141 142
140 1 2 2 2 142 143
141 1 2 2 2 143 144
142 1 2 2 2 144 145
143 1 2 2 2 145 146
144 1 2 2 2 146 147
145 1 2 2 2 147 148
146 1 2 2 2 148 3
147 1 2 3 3 3 149
148 1 2 3 3 149 150
149 1 2 3 3 150 151
150 1 2 3 3 151 152
151 1 2 3 3 152 153
152 1 2 3 3 153 154
153 1 2 3 3 154 155
154 1 2 3 3 155 156
155 1 2 3 3 156 157
156 1 2 3 3 157 158
157 1 2 3 3 158 159
158 1 2 3 3 159 160
159 1 2 3 3 160 161
160 1 2 3 3 161 162
161 1 2 3 3 162 163
162 1 2 3 3 163 164
163 1 2 3 3 164 165
164 1 2 3 3 165 166
165 1 2 3 3 166 167
166 1 2 3 3 167 168
167 1 2 3 3 168 169
168 1 2 3 3 169 170
169 1 2 3 3 170 171
170 1 2 3 3 171 172
171 1 2 3 3 172 173
172 1 2 3 3 173 174
173 1 2 3 3 174 175
174 1 2 3 3 175 176
175 1 2 3 3 176 177
176 1 2 3 3 177 178
177 1 2 3 3 178 179
178 1 2 3 3 179 180
179 1 2 3 3 180 181
180 1 2 3 3 181 182
181 1 2 3 3 182 183
182 1 2 3 3 183 184
183 1 2 3 3 184 185
184 1 2 3 3 185 186
185 1 2 3 3 186 187
186 1 2 3 3 187 188
187 1 2 3 3 188 189
188 1 2 3 3 189 190
189 1 2 3 3 190 191
190 1 2 3 3 191 192
191 1 2 3 3 192 193
192 1 2 3 3 193 194
193 1 2 3 3 194 195
194 1 2 3 3 195 196
195 1 2 3 3 196 197
196 1 2 3 3 197 198
197 1 2 3 3 198 199
198 1 2 3 3 199 200
199 1 2 3 3 200 201
200 1 2 3 3 201 202
201 1 2 3 3 202 203
202 1 2 3 3 203 204
203 1 2 3 3 204 205
204 1 2 3 3 205 206
205 1 2 3 3 206 207
206 1 2 3 3 207 208
207 1 2 3 3 208 209
208 1 2 3 3 209 210
209 1 2 3 3 210 211
210 1 2 3 3 211 212
211 1 2 3 3 212 213
212 1 2 3 3 213 214
213 1 2 3 3 214 215
214 1 2 3 3 215 216
215 1 2 3 3 216 217
216 1 2 3 3 217 218
217 1 2 3 3 218 219
218 1 2 3 3 219 220
219 1 2 3 3 220 4
220 1 2 4 4 4 221
221 1 2 4 4 221 222
222 1 2 4 4 222 223
223 1 2 4 4 223 224
224 1 2 4 4 224 225
225 1 2 4 4 225 226
226 1 2 4 4 226 227
227 1 2 4 4 227 228
228 1 2 4 4 228 229
229 1 2 4 4 229 230
230 1 2 4 4 230 231
231 1 2 4 4 231 232
232 1 2 4 4 232 233
233 1 2 4 4 233 234
234 1 2 4 4 234 235
235 1 2 4 4 235 236
236 1 2 4 4 236 237
237 1 2 4 4 237 238
238 1 2 4 4 238 239
239 1 2 4 4 239 240
240 1 2 4 4 240 241
241 1 2 4 4 241 242
242 1 2 4 4 242 243
243 1 2 4 4 243 244
244 1 2 4 4 244 245
245 1 2 4 4 245 246
246 1 2 4 4 246 247
247 1 2 4 4 247 248
248 1 2 4 4 248 249
249 1 2 4 4 249 250
250 1 2 4 4 250 251
251 1 2 4 4 251 252
252 1 2 4 4 252 253
253 1 2 4 4 253 254
254 1 2 4 4 254 255
255 1 2 4 4 255 256
256 1 2 4 4 256 257
257 1 2 4 4 257 258
258 1 2 4 4 258 259
259 1 2 4 4 259 260
260 1 2 4 4 260 261
261 1 2 4 4 261 262
262 1 2 4 4 262 263
263 1 2 4 4 263 264
264 1 2 4 4 264 265
265 1 2 4 4 265 266
266 1 2 4 4 266 267
267 1 2 4 4 267 268
268 1 2 4 4 268 269
269 1 2 4 4 269 270
270 1 2 4 4 270 271
271 1 2 4 4 271 272
272 1 2 4 4 272 273
273 1 2 4 4 273 274
274 1 2 4 4 274 275
275 1 2 4 4 275 276
276 1 2 4 4 276 277
277 1 2 4 4 277 278
278 1 2 4 4 278 279
279 1 2 4 4 279 280
280 1 2 4 4 280 281
281 1 2 4 4 281 282
282 1 2 4 4 282 283
283 1 2 4 4 283 284
284 1 2 4 4 284 285
285 1 2 4 4 285 286
286 1 2 4 4 286 287
287 1 2 4 4 287 288
288 1 2 4 4 288 289
289 1 2 4 4 289 290
290 1 2 4 4 290 291
291 1 2 4 4 291 292
292 1 2 4 4 292 1
293 2 2 10 1 2601 2608 407
294 2 2 10 1 782 2764 779
295 2 2 10 1 2245 3727 2654
296 2 2 10 1 3144 4135 2457
297 2 2 10 1 3462 3946 3141
298 2 2 10 1 522 3256 526
299 2 2 10 1 3020 4154 1896
300 2 2 10 1 2296 3392 2297
301 2 2 10 1 2749 2937 2751
302 2 2 10 1 3187 4220 311
303 2 2 10 1 1110 3281 3280
304 2 2 10 1 2799 4226 3032
305 2 2 10 1 1910 3997 1565
306 2 2 10 1 2554 3553 404
307 2 2 10 1 404 2678 2554
308 2 2 10 1 2612 2865 2198
309 2 2 10 1 2667 3301 2669
310 2 2 10 1 311 3813 3187
311 2 2 10 1 1616 2937 2749
312 2 2 10 1 3392 3859 2297
313 2 2 10 1 2045 2930 2928
314 2 2 10 1 614 2834 611
315 2 2 10 1 2521 4168 3779
316 2 2 10 1 2574 3294 1731
317 2 2 10 1 989 2686 2684
318 2 2 10 1 2476 4222 2857
319 2 2 10 1 3094 3095 2278
320 2 2 10 1 1400 2898 2650
321 2 2 10 1 298 2828 2626
322 2 2 10 1 2457 3841 3144
323 2 2 10 1 1895 4154 2022
324 2 2 10 1 3242 3559 366
325 2 2 10 1 3018 4154 3020
326 2 2 10 1 3511 4499 2353
327 2 2 10 1 2353 4499 2591
328 2 2 10 1 3701 4008 2863
329 2 2 10 1 2671 3615 3530
330 2 2 10 1 2858 3796 2860
331 2 2 10 1 1627 2696 2548
332 2 2 10 1 2548 3370 1627
333 2 2 10 1 2657 2659 1809
334 2 2 10 1 1750 3301 2667
335 2 2 10 1 2766 3312 3311
336 2 2 10 1 2597 3861 883
337 2 2 10 1 1271 2853 2546
338 2 2 10 1 340 4008 3701
339 2 2 10 1 989 2724 2686
340 2 2 10 1 3032 4226 746
341 2 2 10 1 2889 3242 366
342 2 2 10 1 1035 4080 3386
343 2 2 10 1 2502 3527 2555
344 2 2 10 1 1088 3182 3178
345 2 2 10 1 2641 2701 2464
346 2 2 10 1 2546 2763 1271
347 2 2 10 1 2659 2661 1809
348 2 2 10 1 1110 3282 3281
349 2 2 10 1 2744 2745 301
350 2 2 10 1 3444 3538 2674
351 2 2 10 1 2197 4338 2866
352 2 2 10 1 2591 2605 2353
353 2 2 10 1 2756 3486 2177
354 2 2 10 1 2675 2933 2676
355 2 2 10 1 1744 3091 2044
356 2 2 10 1 2988 4141 353
357 2 2 10 1 241 2823 240
358 2 2 10 1 100 3016 99
359 2 2 10 1 2785 4029 2453
360 2 2 10 1 2928 3709 2045
361 2 2 10 1 1968 3019 2687
362 2 2 10 1 393 3316 2665
363 2 2 10 1 2278 3365 3094
364 2 2 10 1 373 2888 2653
365 2 2 10 1 3311 4076 2766
366 2 2 10 1 2502 3939 3803
367 2 2 10 1 382 4403 2849
368 2 2 10 1 2093 2641 2464
369 2 2 10 1 2857 4222 1479
370 2 2 10 1 2865 3321 2198
371 2 2 10 1 2749 2750 1616
372 2 2 10 1 2613 3146 832
373 2 2 10 1 2915 3051 384
374 2 2 10 1 3055 3057 317
375 2 2 10 1 1661 2933 2675
376 2 2 10 1 274 2909 360
377 2 2 10 1 2801 3654 2223
378 2 2 10 1 2859 3848 2952
379 2 2 10 1 471 2698 476
380 2 2 10 1 2059 2647 2598
381 2 2 10 1 2687 3019 2688
382 2 2 10 1 2502 3803 3527
383 2 2 10 1 1115 3235 3234
384 2 2 10 1 3497 4032 2840
385 2 2 10 1 1731 4434 2574
386 2 2 10 1 2512 4338 2197
387 2 2 10 1 1933 2605 2591
388 2 2 10 1 2727 3543 2470
389 2 2 10 1 2849 3621 382
390 2 2 10 1 353 2904 129
391 2 2 10 1 3402 3585 2649
392 2 2 10 1 3585 4359 2649
393 2 2 10 1 2411 4193 2013
394 2 2 10 1 3803 3939 721
395 2 2 10 1 2640 3265 1290
396 2 2 10 1 2578 3347 2666
397 2 2 10 1 69 2942 68
398 2 2 10 1 1930 2769 2615
399 2 2 10 1 2667 2668 1750
400 2 2 10 1 2094 4079 2095
401 2 2 10 1 3285 3727 2245
402 2 2 10 1 2596 4028 2325
403 2 2 10 1 1655 4032 3497
404 2 2 10 1 2614 2786 368
405 2 2 10 1 334 3087 3086
406 2 2 10 1 1106 3765 3345
407 2 2 10 1 2860 3796 1854
408 2 2 10 1 2662 3824 3621
409 2 2 10 1 325 3596 2607
410 2 2 10 1 3178 3449 1088
411 2 2 10 1 307 4055 2730
412 2 2 10 1 178 3051 177
413 2 2 10 1 3621 3824 382
414 2 2 10 1 2316 3806 2315
415 2 2 10 1 348 3015 3014
416 2 2 10 1 2750 2802 1616
417 2 2 10 1 3308 4419 24
418 2 2 10 1 1661 3822 1403
419 2 2 10 1 2745 2746 301
420 2 2 10 1 2774 2775 1302
421 2 2 10 1 3530 3615 1304
422 2 2 10 1 3487 3838 3362
423 2 2 10 1 25 3308 24
424 2 2 10 1 99 3016 312
425 2 2 10 1 317 3056 3055
426 2 2 10 1 2598 2671 2059
427 2 2 10 1 2666 3347 1002
428 2 2 10 1 779 2764 780
429 2 2 10 1 3386 4080 2618
430 2 2 10 1 2839 2841 633
431 2 2 10 1 2730 4038 307
432 2 2 10 1 2977 3613 3602
433 2 2 10 1 3215 3757 2363
434 2 2 10 1 2662 3874 319
435 2 2 10 1 2096 3265 2640
436 2 2 10 1 2828 3051 2915
437 2 2 10 1 2675 3822 1661
438 2 2 10 1 2177 3487 2756
439 2 2 10 1 1627 3474 2696
440 2 2 10 1 2755 3486 2756
441 2 2 10 1 2528 4069 1165
442 2 2 10 1 2316 3886 3806
443 2 2 10 1 1933 2690 2605
444 2 2 10 1 1737 2710 2619
445 2 2 10 1 3341 3689 2302
446 2 2 10 1 526 3256 533
447 2 2 10 1 2775 3305 1302
448 2 2 10 1 3990 4105 2600
449 2 2 10 1 3311 3339 815
450 2 2 10 1 2813 2820 2811
451 2 2 10 1 1305 3821 2767
452 2 2 10 1 1115 4050 3235
453 2 2 10 1 345 2787 2645
454 2 2 10 1 334 3090 3087
455 2 2 10 1 1643 3506 2575
456 2 2 10 1 2400 3852 2401
457 2 2 10 1 176 3547 175
458 2 2 10 1 311 3892 3813
459 2 2 10 1 1686 2769 1930
460 2 2 10 1 2610 3543 2727
461 2 2 10 1 3141 3946 2613
462 2 2 10 1 3374 3987 3889
463 2 2 10 1 815 4076 3311
464 2 2 10 1 2673 3723 344
465 2 2 10 1 1924 3945 1653
466 2 2 10 1 2022 3021 2412
467 2 2 10 1 3438 3844 3437
468 2 2 10 1 3435 4035 4019
469 2 2 10 1 2816 4393 310
470 2 2 10 1 2650 3412 1400
471 2 2 10 1 633 2844 2839
472 2 2 10 1 366 3564 2889
473 2 2 10 1 4061 4070 371
474 2 2 10 1 3066 3455 303
475 2 2 10 1 2619 2709 1737
476 2 2 10 1 2615 4479 1930
477 2 2 10 1 3285 3485 1244
478 2 2 10 1 407 3454 2601
479 2 2 10 1 240 2823 355
480 2 2 10 1 2706 3255 2705
481 2 2 10 1 1968 3450 1670
482 2 2 10 1 2022 4154 3021
483 2 2 10 1 1165 4086 2528
484 2 2 10 1 3990 4022 3674
485 2 2 10 1 2302 3342 3341
486 2 2 10 1 2705 3255 525
487 2 2 10 1 2787 3546 2294
488 2 2 10 1 2198 2866 2612
489 2 2 10 1 2620 2835 612
490 2 2 10 1 2608 2609 407
491 2 2 10 1 353 3985 2988
492 2 2 10 1 2794 2979 400
493 2 2 10 1 4019 4035 2384
494 2 2 10 1 3097 4070 4061
495 2 2 10 1 611 2834 612
496 2 2 10 1 2600 4105 2599
497 2 2 10 1 2651 2652 385
498 2 2 10 1 2463 2990 2080
499 2 2 10 1 2088 3987 3374
500 2 2 10 1 3813 3892 3227
501 2 2 10 1 3380 4018 3381
502 2 2 10 1 2199 3453 2728
503 2 2 10 1 2668 2682 1750
504 2 2 10 1 2081 2985 2983
505 2 2 10 1 3281 3282 2522
506 2 2 10 1 2044 3091 2623
507 2 2 10 1 38 3307 37
508 2 2 10 1 2625 2722 2282
509 2 2 10 1 2687 3450 1968
510 2 2 10 1 2344 4314 3968
511 2 2 10 1 1816 3442 3440
512 2 2 10 1 310 3920 2816
513 2 2 10 1 2598 2647 2489
514 2 2 10 1 2889 3564 2465
515 2 2 10 1 3240 3554 403
516 2 2 10 1 1956 3841 2457
517 2 2 10 1 3021 3405 2412
518 2 2 10 1 1664 4461 2621
519 2 2 10 1 298 3051 2828
520 2 2 10 1 2807 3997 1910
521 2 2 10 1 3597 3836 2792
522 2 2 10 1 330 3576 2531
523 2 2 10 1 2716 4483 3466
524 2 2 10 1 1737 2709 1440
525 2 2 10 1 1440 2709 1438
526 2 2 10 1 2738 2973 2206
527 2 2 10 1 1887 4286 2569
528 2 2 10 1 3611 4168 2521
529 2 2 10 1 3538 3723 2674
530 2 2 10 1 306 4085 2558
531 2 2 10 1 3820 4145 3681
532 2 2 10 1 1539 3486 2755
533 2 2 10 1 3027 4180 3919
534 2 2 10 1 612 2834 2620
535 2 2 10 1 303 4009 3066
536 2 2 10 1 2443 3886 2316
537 2 2 10 1 1896 4238 3020
538 2 2 10 1 3215 4281 524
539 2 2 10 1 2696 3474 2698
540 2 2 10 1 2859 3796 2858
541 2 2 10 1 2569 3995 1887
542 2 2 10 1 2779 3278 2507
543 2 2 10 1 3469 3821 1305
544 2 2 10 1 3447 3595 2940
545 2 2 10 1 336 3587 2689
546 2 2 10 1 3807 4107 1948
547 2 2 10 1 2558 4073 306
548 2 2 10 1 1956 3997 3841
549 2 2 10 1 472 2698 471
550 2 2 10 1 2632 4082 4081
551 2 2 10 1 2575 3946 1643
552 2 2 10 1 275 2909 274
553 2 2 10 1 3149 3411 2244
554 2 2 10 1 2695 2857 2538
555 2 2 10 1 1527 4029 2785
556 2 2 10 1 3351 4194 3062
557 2 2 10 1 3771 4364 4002
558 2 2 10 1 1808 2661 2249
559 2 2 10 1 2244 3411 2243
560 2 2 10 1 327 3595 3447
561 2 2 10 1 2334 3935 3107
562 2 2 10 1 3018 3020 3019
563 2 2 10 1 2716 3466 511
564 2 2 10 1 2446 4101 3667
565 2 2 10 1 2443 3935 3886
566 2 2 10 1 2086 3342 2873
567 2 2 10 1 3107 3108 2334
568 2 2 10 1 2621 2834 1664
569 2 2 10 1 1958 2722 2625
570 2 2 10 1 2930 3711 2931
571 2 2 10 1 2026 2857 2695
572 2 2 10 1 368 3446 2614
573 2 2 10 1 4189 4267 1377
574 2 2 10 1 828 3838 3487
575 2 2 10 1 2202 4216 3959
576 2 2 10 1 3282 3899 2522
577 2 2 10 1 2531 4313 330
578 2 2 10 1 2810 2813 2811
579 2 2 10 1 2673 4082 2632
580 2 2 10 1 2661 3874 2662
581 2 2 10 1 2650 2898 2782
582 2 2 10 1 883 3861 2856
583 2 2 10 1 2823 4051 355
584 2 2 10 1 3968 4314 2539
585 2 2 10 1 2248 3146 2613
586 2 2 10 1 2318 3315 1728
587 2 2 10 1 478 4115 2806
588 2 2 10 1 2330 2722 1958
589 2 2 10 1 2088 4071 3987
590 2 2 10 1 3919 4180 1157
591 2 2 10 1 345 3546 2787
592 2 2 10 1 3892 3974 3227
593 2 2 10 1 3255 3256 522
594 2 2 10 1 2199 3832 3453
595 2 2 10 1 549 3012 547
596 2 2 10 1 2855 4267 4189
597 2 2 10 1 642 3049 3048
598 2 2 10 1 331 3307 2980
599 2 2 10 1 1664 2834 614
600 2 2 10 1 2701 4167 2464
601 2 2 10 1 3351 4193 2411
602 2 2 10 1 2458 3883 3033
603 2 2 10 1 2607 3915 325
604 2 2 10 1 4103 4123 2861
605 2 2 10 1 393 4199 3316
606 2 2 10 1 2806 4152 478
607 2 2 10 1 3033 3883 973
608 2 2 10 1 390 2941 2940
609 2 2 10 1 3193 3962 3191
610 2 2 10 1 2949 3894 2948
611 2 2 10 1 3611 4395 790
612 2 2 10 1 3131 3835 3132
613 2 2 10 1 2940 3595 390
614 2 2 10 1 1271 2764 782
615 2 2 10 1 2559 4483 2716
616 2 2 10 1 2697 2698 472
617 2 2 10 1 2732 4123 4103
618 2 2 10 1 2233 2769 1686
619 2 2 10 1 3227 3974 3226
620 2 2 10 1 2451 2832 2793
621 2 2 10 1 1438 3714 1391
622 2 2 10 1 2093 2825 2641
623 2 2 10 1 3381 4018 2121
624 2 2 10 1 4002 4364 1311
625 2 2 10 1 2845 3108 744
626 2 2 10 1 2606 4063 4062
627 2 2 10 1 4086 4096 2528
628 2 2 10 1 2197 2866 2198
629 2 2 10 1 213 3448 212
630 2 2 10 1 2045 3711 2930
631 2 2 10 1 2871 4005 2345
632 2 2 10 1 2709 3714 1438
633 2 2 10 1 2245 3485 3285
634 2 2 10 1 3842 3964 3552
635 2 2 10 1 2766 3400 3312
636 2 2 10 1 2528 4096 2656
637 2 2 10 1 2774 3490 2132
638 2 2 10 1 2957 3890 2297
639 2 2 10 1 621 4013 3236
640 2 2 10 1 3440 3844 1816
641 2 2 10 1 1919 4071 2088
642 2 2 10 1 544 4057 3632
643 2 2 10 1 152 3454 151
644 2 2 10 1 459 4331 4049
645 2 2 10 1 1854 2950 2860
646 2 2 10 1 3174 3177 1587
647 2 2 10 1 2681 4063 2606
648 2 2 10 1 2689 3587 2672
649 2 2 10 1 3632 4057 3157
650 2 2 10 1 3220 4047 4031
651 2 2 10 1 2234 3842 3552
652 2 2 10 1 2956 3890 2957
653 2 2 10 1 582 3358 580
654 2 2 10 1 3220 3965 3219
655 2 2 10 1 878 3305 880
656 2 2 10 1 1507 2810 1713
657 2 2 10 1 129 2904 128
658 2 2 10 1 3132 3835 2821
659 2 2 10 1 832 3141 2613
660 2 2 10 1 2095 4079 3236
661 2 2 10 1 2206 4326 2738
662 2 2 10 1 2644 3836 395
663 2 2 10 1 4116 4139 2442
664 2 2 10 1 4031 4047 1001
665 2 2 10 1 2952 3796 2859
666 2 2 10 1 879 2856 877
667 2 2 10 1 2626 3547 298
668 2 2 10 1 3395 3852 2400
669 2 2 10 1 3273 3571 3274
670 2 2 10 1 301 3570 2744
671 2 2 10 1 3449 3748 3244
672 2 2 10 1 2825 3371 2270
673 2 2 10 1 2282 3701 2625
674 2 2 10 1 1676 3654 2801
675 2 2 10 1 2442 4139 2443
676 2 2 10 1 2664 4095 143
677 2 2 10 1 2020 3092 1969
678 2 2 10 1 2873 3342 2302
679 2 2 10 1 3445 4015 2083
680 2 2 10 1 3768 3845 2395
681 2 2 10 1 143 4305 2664
682 2 2 10 1 1591 3543 2610
683 2 2 10 1 2933 2934 2676
684 2 2 10 1 2915 2918 2828
685 2 2 10 1 2862 3251 2367
686 2 2 10 1 2363 3969 3215
687 2 2 10 1 2411 4194 3351
688 2 2 10 1 2334 3108 2845
689 2 2 10 1 2665 3317 393
690 2 2 10 1 2175 3233 2808
691 2 2 10 1 373 4191 2888
692 2 2 10 1 4049 4331 2616
693 2 2 10 1 2790 3945 1924
694 2 2 10 1 2603 3406 3050
695 2 2 10 1 1957 3299 2931
696 2 2 10 1 2269 2689 2672
697 2 2 10 1 211 3500 210
698 2 2 10 1 3567 3622 304
699 2 2 10 1 2645 2852 345
700 2 2 10 1 788 3251 2862
701 2 2 10 1 3091 4219 2623
702 2 2 10 1 3312 3400 1861
703 2 2 10 1 3564 3827 2465
704 2 2 10 1 2759 3983 2861
705 2 2 10 1 883 4414 2597
706 2 2 10 1 2330 3458 2722
707 2 2 10 1 969 4274 2634
708 2 2 10 1 2931 3711 1957
709 2 2 10 1 1029 3894 2949
710 2 2 10 1 2223 4491 2801
711 2 2 10 1 2655 4513 2082
712 2 2 10 1 1557 3967 3757
713 2 2 10 1 3193 4028 2596
714 2 2 10 1 852 3370 854
715 2 2 10 1 1478 3493 3075
716 2 2 10 1 3843 3895 3222
717 2 2 10 1 3213 3757 3215
718 2 2 10 1 2832 3503 2793
719 2 2 10 1 1809 2661 1808
720 2 2 10 1 3345 4234 1106
721 2 2 10 1 395 3836 3597
722 2 2 10 1 2698 3474 476
723 2 2 10 1 335 2942 69
724 2 2 10 1 3385 3981 3384
725 2 2 10 1 307 4038 2606
726 2 2 10 1 912 2926 910
727 2 2 10 1 2949 4068 4025
728 2 2 10 1 2465 3827 2689
729 2 2 10 1 3356 3357 664
730 2 2 10 1 2859 4236 3848
731 2 2 10 1 1541 3503 2832
732 2 2 10 1 2618 4229 3386
733 2 2 10 1 2634 4149 969
734 2 2 10 1 2325 4404 2596
735 2 2 10 1 2866 3914 2612
736 2 2 10 1 2507 3279 2779
737 2 2 10 1 1784 3895 3843
738 2 2 10 1 1745 3091 1744
739 2 2 10 1 2830 2831 326
740 2 2 10 1 409 3723 410
741 2 2 10 1 2647 3887 2489
742 2 2 10 1 2925 2926 1075
743 2 2 10 1 2541 3928 299
744 2 2 10 1 1626 3321 2865
745 2 2 10 1 2203 3844 3438
746 2 2 10 1 1587 3176 3174
747 2 2 10 1 40 3537 39
748 2 2 10 1 2079 2991 2702
749 2 2 10 1 3415 3623 1381
750 2 2 10 1 3075 3493 2087
751 2 2 10 1 2810 2811 1713
752 2 2 10 1 2596 3962 3193
753 2 2 10 1 68 2942 390
754 2 2 10 1 1676 2801 2798
755 2 2 10 1 2743 3926 2745
756 2 2 10 1 2702 2991 1277
757 2 2 10 1 1290 3267 2640
758 2 2 10 1 786 2853 784
759 2 2 10 1 1924 3756 2790
760 2 2 10 1 3089 4219 3091
761 2 2 10 1 2959 4106 1380
762 2 2 10 1 467 4484 3354
763 2 2 10 1 3994 4010 2895
764 2 2 10 1 2095 3233 2175
765 2 2 10 1 3100 3413 3098
766 2 2 10 1 2276 3823 2907
767 2 2 10 1 2606 4062 307
768 2 2 10 1 2633 3664 346
769 2 2 10 1 177 3051 298
770 2 2 10 1 2328 2782 2327
771 2 2 10 1 2081 2990 2985
772 2 2 10 1 384 3051 178
773 2 2 10 1 3019 3020 2688
774 2 2 10 1 4025 4068 1858
775 2 2 10 1 3794 3897 467
776 2 2 10 1 3354 3794 467
777 2 2 10 1 3798 3823 2277
778 2 2 10 1 2700 3897 3794
779 2 2 10 1 3891 4179 1962
780 2 2 10 1 2811 2820 2814
781 2 2 10 1 3302 3612 2011
782 2 2 10 1 3124 3142 2523
783 2 2 10 1 2748 4294 376
784 2 2 10 1 2187 3095 2741
785 2 2 10 1 1626 3902 3254
786 2 2 10 1 463 4332 4108
787 2 2 10 1 3959 4216 2566
788 2 2 10 1 309 3845 3768
789 2 2 10 1 2600 4022 3990
790 2 2 10 1 2741 3095 1130
791 2 2 10 1 353 4141 2904
792 2 2 10 1 1302 3490 2774
793 2 2 10 1 1380 4097 2959
794 2 2 10 1 2598 3615 2671
795 2 2 10 1 3903 3909 1649
796 2 2 10 1 3048 3050 642
797 2 2 10 1 2977 3602 3048
798 2 2 10 1 2565 3688 3197
799 2 2 10 1 1075 4340 2925
800 2 2 10 1 596 3268 2881
801 2 2 10 1 2661 2662 2249
802 2 2 10 1 1078 3176 1080
803 2 2 10 1 2233 2770 2769
804 2 2 10 1 3236 4013 3315
805 2 2 10 1 299 4430 2541
806 2 2 10 1 2882 3268 3266
807 2 2 10 1 2472 3581 3568
808 2 2 10 1 3386 4229 3385
809 2 2 10 1 2672 2694 2269
810 2 2 10 1 2973 3349 2206
811 2 2 10 1 3382 4136 2540
812 2 2 10 1 1930 4479 3041
813 2 2 10 1 1129 3011 3010
814 2 2 10 1 385 3448 2651
815 2 2 10 1 2275 3782 3523
816 2 2 10 1 2798 2870 1676
817 2 2 10 1 2263 2835 2262
818 2 2 10 1 2614 3446 2499
819 2 2 10 1 3090 3911 3089
820 2 2 10 1 2781 3458 2330
821 2 2 10 1 3798 3800 3181
822 2 2 10 1 3602 3613 1773
823 2 2 10 1 877 2856 2803
824 2 2 10 1 348 4186 3015
825 2 2 10 1 4078 4099 3147
826 2 2 10 1 3086 3448 334
827 2 2 10 1 1565 3997 1956
828 2 2 10 1 1975 3284 1973
829 2 2 10 1 1379 3965 3220
830 2 2 10 1 3969 4281 3215
831 2 2 10 1 2979 3307 400
832 2 2 10 1 3273 4396 3571
833 2 2 10 1 2650 2782 2328
834 2 2 10 1 3667 4101 1907
835 2 2 10 1 4108 4332 3604
836 2 2 10 1 2805 2942 335
837 2 2 10 1 3378 3923 3379
838 2 2 10 1 4151 4309 1132
839 2 2 10 1 375 4099 4078
840 2 2 10 1 2990 4141 2988
841 2 2 10 1 921 2956 991
842 2 2 10 1 2347 4010 3994
843 2 2 10 1 3278 3484 2507
844 2 2 10 1 2674 3723 2673
845 2 2 10 1 2611 4309 4151
846 2 2 10 1 2987 3003 3002
847 2 2 10 1 3975 4059 2964
848 2 2 10 1 3100 3414 3413
849 2 2 10 1 2980 4407 331
850 2 2 10 1 175 3547 3546
851 2 2 10 1 298 3547 176
852 2 2 10 1 2624 4077 2636
853 2 2 10 1 1643 3946 3462
854 2 2 10 1 3045 3940 3833
855 2 2 10 1 2400 3531 3395
856 2 2 10 1 3395 3531 2064
857 2 2 10 1 2983 2991 2081
858 2 2 10 1 2639 3909 3903
859 2 2 10 1 2772 3532 2348
860 2 2 10 1 2841 2842 633
861 2 2 10 1 1039 3759 1037
862 2 2 10 1 2760 3332 2309
863 2 2 10 1 2521 4395 3611
864 2 2 10 1 3358 4107 3807
865 2 2 10 1 2947 3582 352
866 2 2 10 1 3756 4016 3740
867 2 2 10 1 1682 2671 475
868 2 2 10 1 2610 4026 1591
869 2 2 10 1 3567 4398 3622
870 2 2 10 1 2277 3823 2276
871 2 2 10 1 1745 3092 3088
872 2 2 10 1 472 3990 2697
873 2 2 10 1 384 4333 2915
874 2 2 10 1 2262 2835 2620
875 2 2 10 1 3107 3935 2443
876 2 2 10 1 2366 3612 3302
877 2 2 10 1 3594 4053 321
878 2 2 10 1 1075 2926 912
879 2 2 10 1 314 4027 2989
880 2 2 10 1 3546 3547 2294
881 2 2 10 1 3266 4288 2882
882 2 2 10 1 673 4145 3820
883 2 2 10 1 3523 3782 2503
884 2 2 10 1 351 4146 2644
885 2 2 10 1 1129 3288 3011
886 2 2 10 1 825 3137 819
887 2 2 10 1 1080 3176 1587
888 2 2 10 1 1600 3074 3072
889 2 2 10 1 2987 4027 3003
890 2 2 10 1 2909 4021 360
891 2 2 10 1 1240 3332 2760
892 2 2 10 1 1973 3284 2356
893 2 2 10 1 1611 3295 1609
894 2 2 10 1 468 4367 2599
895 2 2 10 1 883 2856 879
896 2 2 10 1 2644 4088 351
897 2 2 10 1 2893 3232 1009
898 2 2 10 1 346 4401 2633
899 2 2 10 1 4039 4046 2471
900 2 2 10 1 3976 4206 294
901 2 2 10 1 3446 3809 2499
902 2 2 10 1 2861 3983 1474
903 2 2 10 1 2335 3699 2762
904 2 2 10 1 2297 3859 2957
905 2 2 10 1 3949 3996 2975
906 2 2 10 1 3057 4452 3102
907 2 2 10 1 2599 4105 468
908 2 2 10 1 2641 2825 2270
909 2 2 10 1 2190 3830 3793
910 2 2 10 1 358 4046 4039
911 2 2 10 1 3123 4185 226
912 2 2 10 1 347 4059 3975
913 2 2 10 1 3568 4247 2472
914 2 2 10 1 2603 3050 2604
915 2 2 10 1 2674 3852 3444
916 2 2 10 1 3172 3177 3168
917 2 2 10 1 2080 2990 2081
918 2 2 10 1 37 3307 331
919 2 2 10 1 877 2803 874
920 2 2 10 1 400 3307 38
921 2 2 10 1 2101 3909 2639
922 2 2 10 1 2289 2725 2723
923 2 2 10 1 2594 4377 357
924 2 2 10 1 226 4235 3123
925 2 2 10 1 2706 3256 3255
926 2 2 10 1 4077 4132 2636
927 2 2 10 1 343 3877 3548
928 2 2 10 1 3509 3713 2690
929 2 2 10 1 2082 3607 2655
930 2 2 10 1 2560 4307 4246
931 2 2 10 1 2747 3599 396
932 2 2 10 1 1498 3914 2866
933 2 2 10 1 635 2682 629
934 2 2 10 1 2756 3487 3362
935 2 2 10 1 2652 3500 385
936 2 2 10 1 3284 3285 1244
937 2 2 10 1 1737 3216 2710
938 2 2 10 1 1600 3076 3074
939 2 2 10 1 320 2754 2752
940 2 2 10 1 2793 3836 2451
941 2 2 10 1 2956 2957 991
942 2 2 10 1 215 3090 214
943 2 2 10 1 4001 4138 3313
944 2 2 10 1 990 2954 2713
945 2 2 10 1 306 4073 2632
946 2 2 10 1 2926 3335 910
947 2 2 10 1 1584 3640 2950
948 2 2 10 1 357 4375 2594
949 2 2 10 1 2214 3748 3449
950 2 2 10 1 2656 4096 534
951 2 2 10 1 1610 3387 1612
952 2 2 10 1 2743 4379 3926
953 2 2 10 1 2712 3330 1158
954 2 2 10 1 3088 3091 1745
955 2 2 10 1 352 4204 2947
956 2 2 10 1 2559 4287 3702
957 2 2 10 1 2150 3981 3385
958 2 2 10 1 2820 4393 2814
959 2 2 10 1 2327 2782 2726
960 2 2 10 1 1082 3182 1084
961 2 2 10 1 1353 4005 2871
962 2 2 10 1 328 3979 2590
963 2 2 10 1 2786 3454 368
964 2 2 10 1 2492 2907 2768
965 2 2 10 1 3240 4033 3554
966 2 2 10 1 3074 3913 3075
967 2 2 10 1 1033 3532 2772
968 2 2 10 1 2768 2907 1644
969 2 2 10 1 4246 4307 1940
970 2 2 10 1 2082 4513 2714
971 2 2 10 1 664 3359 3356
972 2 2 10 1 2790 3756 3740
973 2 2 10 1 922 2954 990
974 2 2 10 1 3415 3846 3416
975 2 2 10 1 388 4257 3544
976 2 2 10 1 2905 3253 797
977 2 2 10 1 4116 4215 3203
978 2 2 10 1 3339 3738 815
979 2 2 10 1 3265 3927 3266
980 2 2 10 1 685 4077 2624
981 2 2 10 1 664 3358 582
982 2 2 10 1 1388 2690 1594
983 2 2 10 1 1728 3315 1452
984 2 2 10 1 1670 3450 2122
985 2 2 10 1 2950 3640 2860
986 2 2 10 1 2813 4051 2823
987 2 2 10 1 400 3537 2794
988 2 2 10 1 2865 3902 1626
989 2 2 10 1 3149 4006 3150
990 2 2 10 1 2701 3600 293
991 2 2 10 1 910 3335 906
992 2 2 10 1 214 3090 334
993 2 2 10 1 3702 4140 3465
994 2 2 10 1 4112 4113 3408
995 2 2 10 1 2059 2671 1682
996 2 2 10 1 721 3939 2635
997 2 2 10 1 2632 4081 306
998 2 2 10 1 2570 3738 3339
999 2 2 10 1 2401 3852 2674
1000 2 2 10 1 347 3975 3226
1001 2 2 10 1 2723 4460 305
1002 2 2 10 1 1665 2759 2758
1003 2 2 10 1 2776 3216 1703
1004 2 2 10 1 1129 3012 549
1005 2 2 10 1 3066 4009 413
1006 2 2 10 1 3544 4187 388
1007 2 2 10 1 2621 4461 2718
1008 2 2 10 1 2506 3279 2507
1009 2 2 10 1 3222 3758 1801
1010 2 2 10 1 3379 3923 2117
1011 2 2 10 1 2523 4297 3124
1012 2 2 10 1 1002 3793 2666
1013 2 2 10 1 1591 4026 2425
1014 2 2 10 1 2695 3677 2026
1015 2 2 10 1 3757 3967 2363
1016 2 2 10 1 2635 4001 721
1017 2 2 10 1 3927 4288 3266
1018 2 2 10 1 1309 3755 2771
1019 2 2 10 1 3012 4015 3445
1020 2 2 10 1 3299 3710 3300
1021 2 2 10 1 2831 2868 326
1022 2 2 10 1 3197 3688 3198
1023 2 2 10 1 4053 4444 321
1024 2 2 10 1 2989 4463 314
1025 2 2 10 1 2881 3268 2882
1026 2 2 10 1 2864 4294 2748
1027 2 2 10 1 1957 3710 3299
1028 2 2 10 1 1750 2682 635
1029 2 2 10 1 3437 3844 3440
1030 2 2 10 1 3301 4467 2669
1031 2 2 10 1 2771 3755 2404
1032 2 2 10 1 1078 3460 3176
1033 2 2 10 1 3702 4483 2559
1034 2 2 10 1 2313 3253 2905
1035 2 2 10 1 2677 3302 2563
1036 2 2 10 1 2907 4337 2276
1037 2 2 10 1 2356 3284 3283
1038 2 2 10 1 880 3305 886
1039 2 2 10 1 3073 3075 2087
1040 2 2 10 1 3765 4445 3345
1041 2 2 10 1 3374 3574 332
1042 2 2 10 1 534 4366 2656
1043 2 2 10 1 293 4167 2701
1044 2 2 10 1 319 3824 2662
1045 2 2 10 1 1594 2690 1933
1046 2 2 10 1 3135 3652 3245
1047 2 2 10 1 2378 3815 3687
1048 2 2 10 1 22 4034 3081
1049 2 2 10 1 391 4334 3119
1050 2 2 10 1 3877 4385 3548
1051 2 2 10 1 3779 4168 2593
1052 2 2 10 1 3072 3534 1600
1053 2 2 10 1 2590 4469 328
1054 2 2 10 1 2453 4029 3350
1055 2 2 10 1 3846 3884 3416
1056 2 2 10 1 3294 3295 1731
1057 2 2 10 1 3233 3315 2318
1058 2 2 10 1 2558 4087 2757
1059 2 2 10 1 3833 3940 1902
1060 2 2 10 1 2917 2935 2916
1061 2 2 10 1 2828 2918 2827
1062 2 2 10 1 4085 4087 2558
1063 2 2 10 1 3088 3092 2020
1064 2 2 10 1 3071 3534 3072
1065 2 2 10 1 2654 4474 2245
1066 2 2 10 1 1751 4434 1731
1067 2 2 10 1 241 3989 2823
1068 2 2 10 1 2578 4500 3347
1069 2 2 10 1 689 3460 1078
1070 2 2 10 1 2413 4142 2617
1071 2 2 10 1 3168 3177 3174
1072 2 2 10 1 24 4419 354
1073 2 2 10 1 2624 4405 685
1074 2 2 10 1 2719 4282 2510
1075 2 2 10 1 3014 4058 348
1076 2 2 10 1 2617 4371 2413
1077 2 2 10 1 2503 4075 2241
1078 2 2 10 1 2699 2936 973
1079 2 2 10 1 2710 3216 2776
1080 2 2 10 1 333 4359 3585
1081 2 2 10 1 3381 4136 3382
1082 2 2 10 1 1233 3726 3397
1083 2 2 10 1 2708 3232 2893
1084 2 2 10 1 2839 2844 2836
1085 2 2 10 1 2369 3217 2936
1086 2 2 10 1 395 4088 2644
1087 2 2 10 1 790 2853 786
1088 2 2 10 1 1403 3822 1402
1089 2 2 10 1 2730 4054 2729
1090 2 2 10 1 4239 4336 3067
1091 2 2 10 1 2081 2991 2079
1092 2 2 10 1 2725 4460 2723
1093 2 2 10 1 3231 3873 3230
1094 2 2 10 1 2234 3552 3151
1095 2 2 10 1 2593 4168 3426
1096 2 2 10 1 2520 4179 3891
1097 2 2 10 1 4166 4195 541
1098 2 2 10 1 3087 3090 3089
1099 2 2 10 1 1809 3945 2657
1100 2 2 10 1 2730 4055 4054
1101 2 2 10 1 3074 4466 3913
1102 2 2 10 1 2653 4127 373
1103 2 2 10 1 2715 4176 2505
1104 2 2 10 1 2522 4501 2177
1105 2 2 10 1 334 3448 213
1106 2 2 10 1 212 3448 385
1107 2 2 10 1 3478 4010 2347
1108 2 2 10 1 973 3883 2699
1109 2 2 10 1 2878 2886 2514
1110 2 2 10 1 404 2679 2678
1111 2 2 10 1 1277 2992 2702
1112 2 2 10 1 3100 3623 3415
1113 2 2 10 1 2550 4195 4166
1114 2 2 10 1 3178 3182 3177
1115 2 2 10 1 2827 2918 1732
1116 2 2 10 1 2916 2935 1660
1117 2 2 10 1 2233 3603 2770
1118 2 2 10 1 2692 4042 89
1119 2 2 10 1 515 3214 517
1120 2 2 10 1 854 3370 858
1121 2 2 10 1 2244 4006 3149
1122 2 2 10 1 3213 3215 3214
1123 2 2 10 1 151 3454 407
1124 2 2 10 1 368 3454 152
1125 2 2 10 1 3012 3445 547
1126 2 2 10 1 2734 2972 637
1127 2 2 10 1 2713 2955 990
1128 2 2 10 1 3122 3142 3124
1129 2 2 10 1 413 4163 3066
1130 2 2 10 1 2560 4265 2561
1131 2 2 10 1 295 2792 2791
1132 2 2 10 1 2925 4340 2161
1133 2 2 10 1 2160 3545 3198
1134 2 2 10 1 1399 2870 2796
1135 2 2 10 1 3067 4146 351
1136 2 2 10 1 2619 2774 2132
1137 2 2 10 1 1804 3142 3122
1138 2 2 10 1 1703 3413 2776
1139 2 2 10 1 3438 3517 2203
1140 2 2 10 1 3245 3652 1839
1141 2 2 10 1 4026 4173 2425
1142 2 2 10 1 3067 4336 3455
1143 2 2 10 1 1158 3331 2712
1144 2 2 10 1 1397 2825 2711
1145 2 2 10 1 3157 4057 3442
1146 2 2 10 1 4246 4265 2560
1147 2 2 10 1 2443 4139 3107
1148 2 2 10 1 4170 4350 1456
1149 2 2 10 1 637 3349 2973
1150 2 2 10 1 2719 4346 4282
1151 2 2 10 1 2773 3575 398
1152 2 2 10 1 3350 4029 1595
1153 2 2 10 1 2463 4141 2990
1154 2 2 10 1 2840 4381 3497
1155 2 2 10 1 1714 2900 2704
1156 2 2 10 1 1969 3092 2335
1157 2 2 10 1 1584 3105 2720
1158 2 2 10 1 1653 3945 1809
1159 2 2 10 1 2442 4215 4116
1160 2 2 10 1 2697 3990 3674
1161 2 2 10 1 2112 3292 3291
1162 2 2 10 1 3383 3384 2358
1163 2 2 10 1 403 4126 3240
1164 2 2 10 1 3146 4135 3144
1165 2 2 10 1 1226 3658 2880
1166 2 2 10 1 596 2883 597
1167 2 2 10 1 2514 2885 2878
1168 2 2 10 1 2499 3701 2282
1169 2 2 10 1 3740 4016 838
1170 2 2 10 1 3100 3415 3414
1171 2 2 10 1 1302 3305 878
1172 2 2 10 1 344 4082 2673
1173 2 2 10 1 3119 3775 391
1174 2 2 10 1 2704 2809 1714
1175 2 2 10 1 3956 4128 1119
1176 2 2 10 1 2662 3621 2249
1177 2 2 10 1 2499 4473 3701
1178 2 2 10 1 2330 3520 2781
1179 2 2 10 1 3059 3060 2322
1180 2 2 10 1 2563 3302 2011
1181 2 2 10 1 2655 3607 2384
1182 2 2 10 1 2177 4501 3487
1183 2 2 10 1 2784 3190 342
1184 2 2 10 1 3081 4456 22
1185 2 2 10 1 2894 3916 2895
1186 2 2 10 1 637 2972 571
1187 2 2 10 1 2796 2870 2798
1188 2 2 10 1 4023 4104 557
1189 2 2 10 1 2491 4130 2543
1190 2 2 10 1 2721 3277 1485
1191 2 2 10 1 2663 4359 4095
1192 2 2 10 1 1485 3484 3278
1193 2 2 10 1 2285 2879 1912
1194 2 2 10 1 2762 3495 2335
1195 2 2 10 1 2683 3938 392
1196 2 2 10 1 3102 4433 3057
1197 2 2 10 1 2395 2852 2645
1198 2 2 10 1 1001 4047 2959
1199 2 2 10 1 3092 3699 2335
1200 2 2 10 1 2836 2844 2835
1201 2 2 10 1 1714 2810 1507
1202 2 2 10 1 2161 4389 2925
1203 2 2 10 1 2639 4509 2101
1204 2 2 10 1 2752 2908 320
1205 2 2 10 1 385 3500 211
1206 2 2 10 1 2895 3916 2004
1207 2 2 10 1 210 3500 326
1208 2 2 10 1 3117 3119 2587
1209 2 2 10 1 3397 3726 2388
1210 2 2 10 1 2689 3827 336
1211 2 2 10 1 4095 4359 333
1212 2 2 10 1 2881 2883 596
1213 2 2 10 1 2096 3927 3265
1214 2 2 10 1 784 2853 1271
1215 2 2 10 1 3098 3413 1703
1216 2 2 10 1 3283 3286 2356
1217 2 2 10 1 4176 4243 2505
1218 2 2 10 1 3426 4289 2593
1219 2 2 10 1 2999 4201 136
1220 2 2 10 1 3183 3798 3181
1221 2 2 10 1 2635 4138 4001
1222 2 2 10 1 2711 3113 1397
1223 2 2 10 1 2764 2765 780
1224 2 2 10 1 344 3723 409
1225 2 2 10 1 846 3137 825
1226 2 2 10 1 2690 3713 2605
1227 2 2 10 1 2250 2849 2848
1228 2 2 10 1 2380 3514 3218
1229 2 2 10 1 1896 4154 1895
1230 2 2 10 1 379 2858 2754
1231 2 2 10 1 4178 4331 3672
1232 2 2 10 1 3596 4169 2607
1233 2 2 10 1 4182 4231 1289
1234 2 2 10 1 2369 2936 2699
1235 2 2 10 1 1270 4233 3250
1236 2 2 10 1 351 4239 3067
1237 2 2 10 1 2788 3494 2343
1238 2 2 10 1 2933 4365 2934
1239 2 2 10 1 378 4201 2997
1240 2 2 10 1 359 4045 2757
1241 2 2 10 1 1084 3182 1088
1242 2 2 10 1 924 2954 922
1243 2 2 10 1 2720 3640 1584
1244 2 2 10 1 100 4058 3016
1245 2 2 10 1 136 4278 2999
1246 2 2 10 1 2574 3625 3294
1247 2 2 10 1 2625 3701 2863
1248 2 2 10 1 4011 4074 920
1249 2 2 10 1 833 2802 830
1250 2 2 10 1 2980 3391 2969
1251 2 2 10 1 1627 3370 852
1252 2 2 10 1 2395 3845 2852
1253 2 2 10 1 2966 2968 2967
1254 2 2 10 1 2250 2848 2847
1255 2 2 10 1 2739 2971 1399
1256 2 2 10 1 341 4063 2681
1257 2 2 10 1 2163 2947 2789
1258 2 2 10 1 2141 3873 3231
1259 2 2 10 1 3172 3178 3177
1260 2 2 10 1 1130 3633 2741
1261 2 2 10 1 1975 3285 3284
1262 2 2 10 1 2878 2885 2410
1263 2 2 10 1 392 4477 2683
1264 2 2 10 1 89 4465 2692
1265 2 2 10 1 693 2724 989
1266 2 2 10 1 3198 3545 3154
1267 2 2 10 1 39 3537 400
1268 2 2 10 1 295 3537 40
1269 2 2 10 1 3793 3830 2666
1270 2 2 10 1 1487 3401 3293
1271 2 2 10 1 3002 3206 2987
1272 2 2 10 1 3950 4007 3327
1273 2 2 10 1 1399 2796 2739
1274 2 2 10 1 3294 3625 3293
1275 2 2 10 1 3550 4345 3036
1276 2 2 10 1 2379 3815 2378
1277 2 2 10 1 2646 4137 1106
1278 2 2 10 1 410 3723 3538
1279 2 2 10 1 82 4188 2780
1280 2 2 10 1 2976 3047 2134
1281 2 2 10 1 2086 3921 615
1282 2 2 10 1 1485 3278 2721
1283 2 2 10 1 3031 4200 94
1284 2 2 10 1 1612 3387 1615
1285 2 2 10 1 2322 3060 2063
1286 2 2 10 1 2963 3249 3225
1287 2 2 10 1 3374 3889 3574
1288 2 2 10 1 2660 4045 4041
1289 2 2 10 1 637 2973 2734
1290 2 2 10 1 874 2803 875
1291 2 2 10 1 1731 3295 1611
1292 2 2 10 1 1397 3371 2825
1293 2 2 10 1 2997 4203 378
1294 2 2 10 1 2628 2831 2830
1295 2 2 10 1 3179 3895 1784
1296 2 2 10 1 1369 3076 1239
1297 2 2 10 1 3005 3320 3008
1298 2 2 10 1 759 3929 797
1299 2 2 10 1 3113 3802 1117
1300 2 2 10 1 741 3998 744
1301 2 2 10 1 1595 4458 3350
1302 2 2 10 1 2063 3060 2061
1303 2 2 10 1 1609 3295 2112
1304 2 2 10 1 94 4291 3031
1305 2 2 10 1 1665 3137 2759
1306 2 2 10 1 3025 4350 4170
1307 2 2 10 1 3159 3361 2074
1308 2 2 10 1 1402 3791 3332
1309 2 2 10 1 2780 4302 82
1310 2 2 10 1 3226 3974 347
1311 2 2 10 1 2760 3502 1240
1312 2 2 10 1 2691 4476 324
1313 2 2 10 1 1088 3449 3244
1314 2 2 10 1 2277 3800 3798
1315 2 2 10 1 1266 3513 2761
1316 2 2 10 1 489 2724 693
1317 2 2 10 1 3358 3807 580
1318 2 2 10 1 805 3052 726
1319 2 2 10 1 2410 2885 1893
1320 2 2 10 1 2358 3389 3383
1321 2 2 10 1 4304 4408 3133
1322 2 2 10 1 3357 3358 664
1323 2 2 10 1 2640 4079 2094
1324 2 2 10 1 1378 3947 3777
1325 2 2 10 1 2935 4365 2933
1326 2 2 10 1 2984 3206 2982
1327 2 2 10 1 2850 3447 2851
1328 2 2 10 1 3376 3772 3377
1329 2 2 10 1 965 4347 4318
1330 2 2 10 1 2402 4140 3702
1331 2 2 10 1 4041 4045 359
1332 2 2 10 1 2671 3530 475
1333 2 2 10 1 2289 3159 2725
1334 2 2 10 1 2505 4243 3729
1335 2 2 10 1 2977 3047 2976
1336 2 2 10 1 1644 3476 2768
1337 2 2 10 1 2682 3663 629
1338 2 2 10 1 1388 3509 2690
1339 2 2 10 1 2867 3862 2570
1340 2 2 10 1 1804 3122 3120
1341 2 2 10 1 1391 3714 3218
1342 2 2 10 1 1743 2851 2242
1343 2 2 10 1 1373 3835 3131
1344 2 2 10 1 1064 3785 2992
1345 2 2 10 1 2813 2823 2820
1346 2 2 10 1 3120 3125 1804
1347 2 2 10 1 1246 3078 1249
1348 2 2 10 1 517 3214 524
1349 2 2 10 1 3050 3602 2604
1350 2 2 10 1 2758 3052 1665
1351 2 2 10 1 1782 2967 1964
1352 2 2 10 1 1381 3846 3415
1353 2 2 10 1 1037 3759 3532
1354 2 2 10 1 2019 2829 2652
1355 2 2 10 1 3325 3644 3327
1356 2 2 10 1 2757 2833 2399
1357 2 2 10 1 1378 3897 2700
1358 2 2 10 1 2347 4436 3478
1359 2 2 10 1 819 3137 1665
1360 2 2 10 1 1801 3843 3222
1361 2 2 10 1 2263 2836 2835
1362 2 2 10 1 2792 3836 2793
1363 2 2 10 1 1587 3182 1082
1364 2 2 10 1 2947 4204 2789
1365 2 2 10 1 2960 3494 2788
1366 2 2 10 1 2733 4113 4112
1367 2 2 10 1 2470 3544 2727
1368 2 2 10 1 2726 3617 2327
1369 2 2 10 1 3296 3784 1711
1370 2 2 10 1 1269 4044 4030
1371 2 2 10 1 3181 3501 3183
1372 2 2 10 1 2055 3213 2804
1373 2 2 10 1 3291 3334 2112
1374 2 2 10 1 1106 4234 2646
1375 2 2 10 1 3133 4408 1959
1376 2 2 10 1 2781 3520 3163
1377 2 2 10 1 2814 4393 2816
1378 2 2 10 1 2540 4136 2539
1379 2 2 10 1 3173 3951 3758
1380 2 2 10 1 2880 3658 3430
1381 2 2 10 1 2670 4115 478
1382 2 2 10 1 571 2972 573
1383 2 2 10 1 2087 3078 3073
1384 2 2 10 1 2710 2774 2619
1385 2 2 10 1 3016 3988 312
1386 2 2 10 1 2824 3816 1373
1387 2 2 10 1 4153 4184 709
1388 2 2 10 1 3365 4340 3094
1389 2 2 10 1 2700 3947 1378
1390 2 2 10 1 2112 3295 3292
1391 2 2 10 1 1239 3076 1600
1392 2 2 10 1 3050 3406 642
1393 2 2 10 1 2821 4502 3132
1394 2 2 10 1 990 2956 921
1395 2 2 10 1 1273 2824 1373
1396 2 2 10 1 1513 3786 2900
1397 2 2 10 1 1742 2851 1743
1398 2 2 10 1 906 3335 901
1399 2 2 10 1 2250 2847 2048
1400 2 2 10 1 3574 3889 383
1401 2 2 10 1 2584 4392 4251
1402 2 2 10 1 1182 3336 1423
1403 2 2 10 1 1792 3614 1798
1404 2 2 10 1 1784 3984 3179
1405 2 2 10 1 2727 3544 322
1406 2 2 10 1 2570 3862 3738
1407 2 2 10 1 1751 2743 2742
1408 2 2 10 1 2601 3454 2786
1409 2 2 10 1 2370 3309 2795
1410 2 2 10 1 3318 4310 2100
1411 2 2 10 1 1355 3373 1346
1412 2 2 10 1 3263 3503 1541
1413 2 2 10 1 3048 3049 3047
1414 2 2 10 1 1402 3822 3791
1415 2 2 10 1 2873 3921 2086
1416 2 2 10 1 2269 2694 1846
1417 2 2 10 1 2948 3894 2772
1418 2 2 10 1 3025 4170 2510
1419 2 2 10 1 1785 2967 1782
1420 2 2 10 1 3879 4017 3463
1421 2 2 10 1 2358 3387 1610
1422 2 2 10 1 2539 4136 3968
1423 2 2 10 1 3055 4452 3057
1424 2 2 10 1 2928 2930 2929
1425 2 2 10 1 1913 2877 2875
1426 2 2 10 1 2506 4301 3279
1427 2 2 10 1 3037 3988 2342
1428 2 2 10 1 2628 2830 2829
1429 2 2 10 1 3056 4459 4426
1430 2 2 10 1 4030 4044 2862
1431 2 2 10 1 1616 2802 833
1432 2 2 10 1 2441 4007 3950
1433 2 2 10 1 3094 4340 1075
1434 2 2 10 1 1266 3713 3509
1435 2 2 10 1 1158 3759 1039
1436 2 2 10 1 3409 4080 1035
1437 2 2 10 1 326 3500 2830
1438 2 2 10 1 478 4098 2670
1439 2 2 10 1 3056 4426 3127
1440 2 2 10 1 2342 3038 3037
1441 2 2 10 1 2788 3814 1649
1442 2 2 10 1 744 3998 2845
1443 2 2 10 1 2715 4071 1919
1444 2 2 10 1 1913 2879 2877
1445 2 2 10 1 3327 3644 2029
1446 2 2 10 1 1346 3373 1348
1447 2 2 10 1 891 2929 904
1448 2 2 10 1 2246 3639 2945
1449 2 2 10 1 1503 3320 3005
1450 2 2 10 1 2451 3836 2644
1451 2 2 10 1 2959 4097 1001
1452 2 2 10 1 3377 3772 2113
1453 2 2 10 1 4243 4321 3729
1454 2 2 10 1 377 4316 2886
1455 2 2 10 1 610 2844 633
1456 2 2 10 1 3373 3612 2366
1457 2 2 10 1 3300 3710 1642
1458 2 2 10 1 1660 3489 2916
1459 2 2 10 1 1732 3488 2827
1460 2 2 10 1 2449 4224 4150
1461 2 2 10 1 3859 4300 2957
1462 2 2 10 1 3782 4075 2503
1463 2 2 10 1 2000 2694 2672
1464 2 2 10 1 3384 3387 2358
1465 2 2 10 1 2703 4023 1165
1466 2 2 10 1 839 3863 785
1467 2 2 10 1 3607 4019 2384
1468 2 2 10 1 4027 4442 3003
1469 2 2 10 1 2808 3234 2175
1470 2 2 10 1 2495 3572 3565
1471 2 2 10 1 636 3049 642
1472 2 2 10 1 2725 3159 2074
1473 2 2 10 1 2804 3214 515
1474 2 2 10 1 2945 3639 2938
1475 2 2 10 1 2832 3508 1541
1476 2 2 10 1 2497 4231 4182
1477 2 2 10 1 3439 3441 1413
1478 2 2 10 1 4423 4432 2746
1479 2 2 10 1 797 3929 2905
1480 2 2 10 1 593 3268 596
1481 2 2 10 1 2708 4494 3232
1482 2 2 10 1 2992 3785 2702
1483 2 2 10 1 324 4042 2691
1484 2 2 10 1 4318 4347 3026
1485 2 2 10 1 173 2852 172
1486 2 2 10 1 342 3190 2888
1487 2 2 10 1 3318 4423 2746
1488 2 2 10 1 2205 4110 2206
1489 2 2 10 1 4241 4276 2445
1490 2 2 10 1 295 3597 2792
1491 2 2 10 1 830 2802 835
1492 2 2 10 1 1269 3194 773
1493 2 2 10 1 1217 3286 1220
1494 2 2 10 1 2345 4005 2755
1495 2 2 10 1 824 3042 829
1496 2 2 10 1 1282 2824 1273
1497 2 2 10 1 2086 3343 3342
1498 2 2 10 1 2711 3802 3113
1499 2 2 10 1 2300 3000 2998
1500 2 2 10 1 1912 2879 1913
1501 2 2 10 1 3241 3242 3238
1502 2 2 10 1 3306 3649 3393
1503 2 2 10 1 3039 3316 349
1504 2 2 10 1 2693 4482 2418
1505 2 2 10 1 3591 4369 4316
1506 2 2 10 1 3115 3125 3116
1507 2 2 10 1 2627 4458 3148
1508 2 2 10 1 3039 3318 2100
1509 2 2 10 1 2419 3496 2854
1510 2 2 10 1 1051 3334 3291
1511 2 2 10 1 2955 3616 2194
1512 2 2 10 1 3441 3780 1413
1513 2 2 10 1 3119 4334 2587
1514 2 2 10 1 2872 3863 839
1515 2 2 10 1 3177 3182 1587
1516 2 2 10 1 2026 3677 1715
1517 2 2 10 1 3677 3875 3257
1518 2 2 10 1 2013 4193 2430
1519 2 2 10 1 3517 3922 2203
1520 2 2 10 1 3591 4316 377
1521 2 2 10 1 2614 2903 2786
1522 2 2 10 1 2694 2846 1846
1523 2 2 10 1 2900 3786 2704
1524 2 2 10 1 2681 4134 341
1525 2 2 10 1 3036 4345 3037
1526 2 2 10 1 2779 3279 2780
1527 2 2 10 1 2833 2896 2399
1528 2 2 10 1 875 2803 2783
1529 2 2 10 1 1665 3052 805
1530 2 2 10 1 2019 2897 2829
1531 2 2 10 1 4156 4216 3161
1532 2 2 10 1 2757 4045 2833
1533 2 2 10 1 209 2868 208
1534 2 2 10 1 2587 3304 3117
1535 2 2 10 1 690 3472 3045
1536 2 2 10 1 3777 4178 3672
1537 2 2 10 1 2428 3622 3112
1538 2 2 10 1 901 3751 899
1539 2 2 10 1 2461 4150 2680
1540 2 2 10 1 2876 2887 2878
1541 2 2 10 1 3045 3472 2291
1542 2 2 10 1 2850 4511 3447
1543 2 2 10 1 3332 3791 2309
1544 2 2 10 1 2659 3874 2661
1545 2 2 10 1 399 3850 3139
1546 2 2 10 1 2967 2968 1964
1547 2 2 10 1 3499 3652 3135
1548 2 2 10 1 1719 3038 2342
1549 2 2 10 1 681 3460 689
1550 2 2 10 1 926 3819 924
1551 2 2 10 1 1798 3614 3180
1552 2 2 10 1 3060 3482 2061
1553 2 2 10 1 489 3368 2724
1554 2 2 10 1 3235 4050 3481
1555 2 2 10 1 4295 4349 1015
1556 2 2 10 1 2359 3104 2971
1557 2 2 10 1 3293 3401 3201
1558 2 2 10 1 2787 2892 2645
1559 2 2 10 1 634 3049 636
1560 2 2 10 1 1717 3304 2025
1561 2 2 10 1 1236 3516 2884
1562 2 2 10 1 672 3136 559
1563 2 2 10 1 3232 4494 3231
1564 2 2 10 1 3150 3423 2152
1565 2 2 10 1 1292 3263 1541
1566 2 2 10 1 2261 3784 3296
1567 2 2 10 1 811 4279 4162
1568 2 2 10 1 2359 2971 2739
1569 2 2 10 1 2987 3206 2984
1570 2 2 10 1 2980 3307 2979
1571 2 2 10 1 2867 4344 814
1572 2 2 10 1 821 3042 824
1573 2 2 10 1 345 2852 173
1574 2 2 10 1 3532 3759 2348
1575 2 2 10 1 893 2929 891
1576 2 2 10 1 3213 3214 2804
1577 2 2 10 1 2847 2899 2048
1578 2 2 10 1 2686 3996 3949
1579 2 2 10 1 2627 3148 2628
1580 2 2 10 1 3136 3499 3135
1581 2 2 10 1 2995 3000 1558
1582 2 2 10 1 2746 4310 3318
1583 2 2 10 1 924 3819 2954
1584 2 2 10 1 2789 3303 2163
1585 2 2 10 1 1588 3038 1719
1586 2 2 10 1 2883 3812 597
1587 2 2 10 1 3071 3072 3070
1588 2 2 10 1 3221 3758 3222
1589 2 2 10 1 3183 3501 654
1590 2 2 10 1 2190 3793 2970
1591 2 2 10 1 2437 3205 3204
1592 2 2 10 1 2762 3535 3495
1593 2 2 10 1 3262 3629 1838
1594 2 2 10 1 1245 3078 1246
1595 2 2 10 1 3293 3625 1487
1596 2 2 10 1 3145 3146 3144
1597 2 2 10 1 2418 4100 2693
1598 2 2 10 1 3217 3648 954
1599 2 2 10 1 3225 3249 3223
1600 2 2 10 1 3218 3514 907
1601 2 2 10 1 2594 4175 2526
1602 2 2 10 1 2713 3616 2955
1603 2 2 10 1 2829 2830 2652
1604 2 2 10 1 3393 3649 2166
1605 2 2 10 1 1423 3336 1710
1606 2 2 10 1 2885 3507 1893
1607 2 2 10 1 3198 3688 2160
1608 2 2 10 1 2563 4162 2677
1609 2 2 10 1 3317 4084 2184
1610 2 2 10 1 2857 4324 2538
1611 2 2 10 1 2929 2930 904
1612 2 2 10 1 3191 3962 839
1613 2 2 10 1 1043 3331 1041
1614 2 2 10 1 2943 3336 1182
1615 2 2 10 1 1435 3512 2891
1616 2 2 10 1 1993 3195 2406
1617 2 2 10 1 3439 3778 3436
1618 2 2 10 1 3188 3352 3189
1619 2 2 10 1 543 4255 4132
1620 2 2 10 1 609 3343 613
1621 2 2 10 1 2975 3996 2133
1622 2 2 10 1 3324 3398 3325
1623 2 2 10 1 712 3282 1110
1624 2 2 10 1 2073 3190 2784
1625 2 2 10 1 2784 3904 2579
1626 2 2 10 1 1249 3078 2087
1627 2 2 10 1 3261 3629 3262
1628 2 2 10 1 1041 3331 1158
1629 2 2 10 1 2428 3112 1890
1630 2 2 10 1 1469 3270 1674
1631 2 2 10 1 326 2868 209
1632 2 2 10 1 2000 2890 2694
1633 2 2 10 1 2755 4005 1539
1634 2 2 10 1 1619 3303 1963
1635 2 2 10 1 823 3145 817
1636 2 2 10 1 2651 3448 3086
1637 2 2 10 1 1919 4176 2715
1638 2 2 10 1 2285 3893 2879
1639 2 2 10 1 3017 3019 1968
1640 2 2 10 1 2134 3618 2976
1641 2 2 10 1 773 3194 775
1642 2 2 10 1 559 3136 561
1643 2 2 10 1 2133 3620 2975
1644 2 2 10 1 1790 3614 1792
1645 2 2 10 1 1426 2993 1596
1646 2 2 10 1 1910 3879 2807
1647 2 2 10 1 3866 4032 1655
1648 2 2 10 1 2804 3269 2055
1649 2 2 10 1 358 4039 2729
1650 2 2 10 1 3442 4057 3441
1651 2 2 10 1 3080 3081 2383
1652 2 2 10 1 832 3145 823
1653 2 2 10 1 2703 4104 4023
1654 2 2 10 1 2430 4193 3006
1655 2 2 10 1 3069 3070 1245
1656 2 2 10 1 2369 3648 3217
1657 2 2 10 1 3245 4066 2205
1658 2 2 10 1 2805 4250 2942
1659 2 2 10 1 2795 3309 919
1660 2 2 10 1 349 3318 3039
1661 2 2 10 1 2034 4123 2732
1662 2 2 10 1 3057 3589 317
1663 2 2 10 1 1220 3286 3283
1664 2 2 10 1 4253 4373 1011
1665 2 2 10 1 2585 4184 4153
1666 2 2 10 1 3239 3276 3275
1667 2 2 10 1 3069 3071 3070
1668 2 2 10 1 2721 3628 3277
1669 2 2 10 1 3126 3631 1523
1670 2 2 10 1 3811 3834 2097
1671 2 2 10 1 1981 2980 2979
1672 2 2 10 1 3247 4156 3161
1673 2 2 10 1 3270 3271 1674
1674 2 2 10 1 3116 3125 3120
1675 2 2 10 1 2145 3080 2383
1676 2 2 10 1 3289 4128 3956
1677 2 2 10 1 2791 3537 295
1678 2 2 10 1 3379 4018 3380
1679 2 2 10 1 3272 3276 1674
1680 2 2 10 1 389 3585 3402
1681 2 2 10 1 2485 3957 3896
1682 2 2 10 1 1235 3069 1245
1683 2 2 10 1 1981 3391 2980
1684 2 2 10 1 2439 3752 3606
1685 2 2 10 1 714 3282 712
1686 2 2 10 1 3900 4175 2594
1687 2 2 10 1 3378 3379 967
1688 2 2 10 1 2577 3278 2779
1689 2 2 10 1 1497 3880 3603
1690 2 2 10 1 1013 3231 3230
1691 2 2 10 1 3814 3903 1649
1692 2 2 10 1 1269 4028 3194
1693 2 2 10 1 2835 2844 612
1694 2 2 10 1 2567 3271 3270
1695 2 2 10 1 3681 4145 2643
1696 2 2 10 1 612 2844 610
1697 2 2 10 1 1108 2898 1400
1698 2 2 10 1 3105 3619 2720
1699 2 2 10 1 376 3954 2748
1700 2 2 10 1 2224 3752 2439
1701 2 2 10 1 2972 3635 573
1702 2 2 10 1 4271 4384 1554
1703 2 2 10 1 2763 2764 1271
1704 2 2 10 1 2811 2812 1713
1705 2 2 10 1 1345 3104 1356
1706 2 2 10 1 3223 3249 1793
1707 2 2 10 1 915 3618 2134
1708 2 2 10 1 3758 3951 1801
1709 2 2 10 1 597 3812 599
1710 2 2 10 1 3059 4452 3055
1711 2 2 10 1 2039 3140 2184
1712 2 2 10 1 1523 3631 1417
1713 2 2 10 1 2911 2918 2915
1714 2 2 10 1 496 3457 499
1715 2 2 10 1 3277 3628 1151
1716 2 2 10 1 2190 2970 1159
1717 2 2 10 1 1013 3230 1014
1718 2 2 10 1 491 3620 2133
1719 2 2 10 1 1288 3034 1114
1720 2 2 10 1 3219 3965 3296
1721 2 2 10 1 2849 4403 3464
1722 2 2 10 1 3317 4206 3976
1723 2 2 10 1 1942 3058 2525
1724 2 2 10 1 2735 2973 2738
1725 2 2 10 1 993 3633 1130
1726 2 2 10 1 744 3108 745
1727 2 2 10 1 1009 3232 1010
1728 2 2 10 1 968 3378 967
1729 2 2 10 1 2998 3000 2995
1730 2 2 10 1 2801 4491 3403
1731 2 2 10 1 3124 4297 367
1732 2 2 10 1 1578 3619 3105
1733 2 2 10 1 3129 3130 2192
1734 2 2 10 1 2479 4093 4060
1735 2 2 10 1 1276 2993 1426
1736 2 2 10 1 1257 3513 1266
1737 2 2 10 1 1897 3281 2522
1738 2 2 10 1 3380 3381 963
1739 2 2 10 1 1890 3112 1891
1740 2 2 10 1 1240 3502 1232
1741 2 2 10 1 1541 3508 1294
1742 2 2 10 1 1706 3371 1392
1743 2 2 10 1 1306 2953 1593
1744 2 2 10 1 1261 3509 1388
1745 2 2 10 1 2985 2990 2988
1746 2 2 10 1 1543 3489 1660
1747 2 2 10 1 1551 3488 1732
1748 2 2 10 1 3273 4156 3247
1749 2 2 10 1 1009 3860 2893
1750 2 2 10 1 2854 3496 1844
1751 2 2 10 1 3403 4226 2799
1752 2 2 10 1 3398 3644 3325
1753 2 2 10 1 726 3052 727
1754 2 2 10 1 1145 3829 3687
1755 2 2 10 1 516 3319 1503
1756 2 2 10 1 3218 3714 2380
1757 2 2 10 1 390 2942 2941
1758 2 2 10 1 1938 2901 2478
1759 2 2 10 1 1948 4107 3450
1760 2 2 10 1 1806 3321 1624
1761 2 2 10 1 3148 4458 1932
1762 2 2 10 1 2982 3206 2993
1763 2 2 10 1 1500 2846 1288
1764 2 2 10 1 1413 3778 3439
1765 2 2 10 1 1732 2918 2910
1766 2 2 10 1 2961 2965 1946
1767 2 2 10 1 1221 3077 1216
1768 2 2 10 1 2104 3029 2232
1769 2 2 10 1 903 2920 2919
1770 2 2 10 1 1660 2935 2932
1771 2 2 10 1 1114 3034 1113
1772 2 2 10 1 1269 4030 4028
1773 2 2 10 1 3452 4222 2476
1774 2 2 10 1 2242 2940 2939
1775 2 2 10 1 2135 3651 3229
1776 2 2 10 1 2750 4074 4011
1777 2 2 10 1 613 3343 2086
1778 2 2 10 1 1557 3757 3212
1779 2 2 10 1 3077 3534 3071
1780 2 2 10 1 3229 3651 3109
1781 2 2 10 1 964 3380 963
1782 2 2 10 1 2819 4420 2821
1783 2 2 10 1 2846 3034 1288
1784 2 2 10 1 2718 4461 2207
1785 2 2 10 1 3310 3339 3311
1786 2 2 10 1 2580 3030 3029
1787 2 2 10 1 2734 2973 2735
1788 2 2 10 1 1159 2970 929
1789 2 2 10 1 380 3851 3588
1790 2 2 10 1 2479 4060 2482
1791 2 2 10 1 3023 3026 3024
1792 2 2 10 1 2660 3874 2659
1793 2 2 10 1 558 2938 1172
1794 2 2 10 1 991 2937 842
1795 2 2 10 1 2951 2952 2553
1796 2 2 10 1 1981 2979 2978
1797 2 2 10 1 2084 2978 2794
1798 2 2 10 1 933 2943 1182
1799 2 2 10 1 960 3382 959
1800 2 2 10 1 857 3868 3606
1801 2 2 10 1 3172 3179 3178
1802 2 2 10 1 2228 3533 3297
1803 2 2 10 1 2129 2948 2772
1804 2 2 10 1 1585 2950 1854
1805 2 2 10 1 1180 3132 1523
1806 2 2 10 1 1203 3869 3608
1807 2 2 10 1 3103 3402 2329
1808 2 2 10 1 1917 2951 2553
1809 2 2 10 1 1006 3860 1009
1810 2 2 10 1 1646 2960 2788
1811 2 2 10 1 2747 2946 2092
1812 2 2 10 1 3207 3208 902
1813 2 2 10 1 3552 4374 3151
1814 2 2 10 1 3102 4452 2322
1815 2 2 10 1 2851 3447 2242
1816 2 2 10 1 2910 2918 2911
1817 2 2 10 1 3481 4510 3235
1818 2 2 10 1 2064 3531 2953
1819 2 2 10 1 2783 3636 875
1820 2 2 10 1 2747 4167 3599
1821 2 2 10 1 1724 3361 1486
1822 2 2 10 1 2773 4211 3575
1823 2 2 10 1 3335 3751 901
1824 2 2 10 1 2932 2935 2933
1825 2 2 10 1 3010 3012 1129
1826 2 2 10 1 727 3659 729
1827 2 2 10 1 2695 3875 3677
1828 2 2 10 1 2878 2887 2886
1829 2 2 10 1 3330 3759 1158
1830 2 2 10 1 2884 3516 2164
1831 2 2 10 1 2060 4304 3133
1832 2 2 10 1 3879 3961 2807
1833 2 2 10 1 1048 3334 1051
1834 2 2 10 1 1930 3041 3040
1835 2 2 10 1 573 3635 575
1836 2 2 10 1 646 3476 1644
1837 2 2 10 1 1503 3005 3004
1838 2 2 10 1 2404 3755 2884
1839 2 2 10 1 2483 3026 3023
1840 2 2 10 1 2543 4130 3930
1841 2 2 10 1 2771 3826 1309
1842 2 2 10 1 2061 3482 1169
1843 2 2 10 1 2025 3304 2587
1844 2 2 10 1 3340 3341 1281
1845 2 2 10 1 2761 3713 1266
1846 2 2 10 1 2936 3217 952
1847 2 2 10 1 2134 3047 3046
1848 2 2 10 1 1356 3104 2359
1849 2 2 10 1 3409 4007 2441
1850 2 2 10 1 3911 4219 3089
1851 2 2 10 1 817 3145 3143
1852 2 2 10 1 4037 4233 1270
1853 2 2 10 1 650 2906 674
1854 2 2 10 1 1930 3040 818
1855 2 2 10 1 1626 3254 796
1856 2 2 10 1 3383 3389 1040
1857 2 2 10 1 2781 3163 1107
1858 2 2 10 1 4132 4255 2636
1859 2 2 10 1 2721 3278 2577
1860 2 2 10 1 755 3338 758
1861 2 2 10 1 605 3340 1281
1862 2 2 10 1 1732 2910 1549
1863 2 2 10 1 2134 3046 630
1864 2 2 10 1 3362 3855 2346
1865 2 2 10 1 1964 3391 1780
1866 2 2 10 1 553 3288 551
1867 2 2 10 1 3406 3630 668
1868 2 2 10 1 586 3359 584
1869 2 2 10 1 1184 3001 501
1870 2 2 10 1 3319 3320 1503
1871 2 2 10 1 3238 3242 3237
1872 2 2 10 1 2714 4513 1410
1873 2 2 10 1 1660 2932 1466
1874 2 2 10 1 903 2919 897
1875 2 2 10 1 702 2953 1306
1876 2 2 10 1 1503 3004 514
1877 2 2 10 1 1580 3105 1584
1878 2 2 10 1 1893 3507 1533
1879 2 2 10 1 1861 3518 3312
1880 2 2 10 1 2072 3190 2073
1881 2 2 10 1 2198 3321 1806
1882 2 2 10 1 3297 3533 1247
1883 2 2 10 1 3415 3416 3414
1884 2 2 10 1 1633 3017 1968
1885 2 2 10 1 3356 4101 2446
1886 2 2 10 1 2434 3290 1824
1887 2 2 10 1 1991 3195 1993
1888 2 2 10 1 2270 3371 1706
1889 2 2 10 1 1462 3028 1570
1890 2 2 10 1 509 3062 505
1891 2 2 10 1 1219 3286 1217
1892 2 2 10 1 3207 3715 3623
1893 2 2 10 1 2242 2939 1769
1894 2 2 10 1 3418 4349 4295
1895 2 2 10 1 607 3343 609
1896 2 2 10 1 2736 3027 2362
1897 2 2 10 1 486 3368 489
1898 2 2 10 1 3376 3377 971
1899 2 2 10 1 2891 3512 2140
1900 2 2 10 1 2483 3023 1856
1901 2 2 10 1 2568 4276 4241
1902 2 2 10 1 584 3359 664
1903 2 2 10 1 2365 4262 4183
1904 2 2 10 1 2183 2897 1505
1905 2 2 10 1 3115 3116 1685
1906 2 2 10 1 735 3348 3306
1907 2 2 10 1 4286 4344 2867
1908 2 2 10 1 1502 2896 2391
1909 2 2 10 1 3139 4343 399
1910 2 2 10 1 569 3349 637
1911 2 2 10 1 2259 2974 2554
1912 2 2 10 1 2220 2958 2376
1913 2 2 10 1 1910 4017 3879
1914 2 2 10 1 2152 3457 3150
1915 2 2 10 1 1787 2961 1946
1916 2 2 10 1 3187 3813 3188
1917 2 2 10 1 1676 2870 1331
1918 2 2 10 1 3275 3276 3272
1919 2 2 10 1 3675 4036 3986
1920 2 2 10 1 1482 3304 1717
1921 2 2 10 1 2710 2775 2774
1922 2 2 10 1 2437 3204 1842
1923 2 2 10 1 1331 2870 1333
1924 2 2 10 1 1415 3115 1685
1925 2 2 10 1 2969 3391 1964
1926 2 2 10 1 2213 3114 2773
1927 2 2 10 1 4255 4277 3703
1928 2 2 10 1 1949 3353 2715
1929 2 2 10 1 508 3269 512
1930 2 2 10 1 748 3107 3106
1931 2 2 10 1 2388 3908 2880
1932 2 2 10 1 2683 3128 2070
1933 2 2 10 1 2115 3111 3110
1934 2 2 10 1 2849 2850 2848
1935 2 2 10 1 3029 3030 2232
1936 2 2 10 1 1348 3373 3372
1937 2 2 10 1 1963 3303 2789
1938 2 2 10 1 3419 4373 4253
1939 2 2 10 1 1373 3131 1179
1940 2 2 10 1 3075 3913 1478
1941 2 2 10 1 2249 3621 2250
1942 2 2 10 1 2603 3630 3406
1943 2 2 10 1 3138 3139 2038
1944 2 2 10 1 2965 2966 1946
1945 2 2 10 1 1164 2899 1433
1946 2 2 10 1 2523 3142 1841
1947 2 2 10 1 1590 3543 1591
1948 2 2 10 1 3097 4061 341
1949 2 2 10 1 2934 4248 2676
1950 2 2 10 1 2076 3361 3159
1951 2 2 10 1 2694 2890 2846
1952 2 2 10 1 1468 3196 853
1953 2 2 10 1 2743 2744 2742
1954 2 2 10 1 2300 3915 2607
1955 2 2 10 1 2711 2825 2093
1956 2 2 10 1 1979 3085 3083
1957 2 2 10 1 1107 3163 945
1958 2 2 10 1 2964 4056 2962
1959 2 2 10 1 4110 4326 2206
1960 2 2 10 1 2074 3361 1724
1961 2 2 10 1 1209 3202 1213
1962 2 2 10 1 396 4174 2747
1963 2 2 10 1 3687 3829 2378
1964 2 2 10 1 3132 4502 1523
1965 2 2 10 1 890 3209 887
1966 2 2 10 1 1557 3212 1199
1967 2 2 10 1 1632 2892 2024
1968 2 2 10 1 2978 2979 2794
1969 2 2 10 1 3687 3815 1142
1970 2 2 10 1 4150 4224 2680
1971 2 2 10 1 2894 2895 1167
1972 2 2 10 1 1278 3125 3115
1973 2 2 10 1 1703 3216 1444
1974 2 2 10 1 3418 4295 4293
1975 2 2 10 1 2922 4384 4271
1976 2 2 10 1 483 3164 480
1977 2 2 10 1 3053 3054 1941
1978 2 2 10 1 405 3561 3328
1979 2 2 10 1 3394 3395 2064
1980 2 2 10 1 3083 3084 2304
1981 2 2 10 1 1216 3077 1214
1982 2 2 10 1 3254 3902 2159
1983 2 2 10 1 631 3228 2097
1984 2 2 10 1 1287 3270 1469
1985 2 2 10 1 1104 2902 1655
1986 2 2 10 1 3726 3908 2388
1987 2 2 10 1 3816 3835 1373
1988 2 2 10 1 1505 2897 1504
1989 2 2 10 1 3133 4356 2060
1990 2 2 10 1 4160 4299 2481
1991 2 2 10 1 1501 2896 1502
1992 2 2 10 1 1165 4069 2703
1993 2 2 10 1 1370 2890 1537
1994 2 2 10 1 1028 3326 1031
1995 2 2 10 1 2927 2928 1280
1996 2 2 10 1 3221 3222 3171
1997 2 2 10 1 1090 3244 1300
1998 2 2 10 1 670 3718 3476
1999 2 2 10 1 592 3268 593
2000 2 2 10 1 1775 2978 2084
2001 2 2 10 1 691 3472 690
2002 2 2 10 1 2977 3048 3047
2003 2 2 10 1 3603 3880 2770
2004 2 2 10 1 3002 3003 2996
2005 2 2 10 1 2266 3733 3638
2006 2 2 10 1 2068 2903 1760
2007 2 2 10 1 1927 3103 2329
2008 2 2 10 1 2993 3206 1596
2009 2 2 10 1 1709 3038 1588
2010 2 2 10 1 3889 4402 383
2011 2 2 10 1 629 3663 626
2012 2 2 10 1 800 3456 1721
2013 2 2 10 1 1467 3303 1619
2014 2 2 10 1 2994 2995 1558
2015 2 2 10 1 2809 2810 1714
2016 2 2 10 1 161 4457 4181
2017 2 2 10 1 1291 3263 1292
2018 2 2 10 1 2981 2982 1275
2019 2 2 10 1 3384 3981 3387
2020 2 2 10 1 3134 3135 2204
2021 2 2 10 1 3560 3610 406
2022 2 2 10 1 1604 3243 1125
2023 2 2 10 1 980 2898 1108
2024 2 2 10 1 1846 2846 1500
2025 2 2 10 1 2510 4282 3025
2026 2 2 10 1 354 4419 3184
2027 2 2 10 1 2931 3299 3298
2028 2 2 10 1 2848 2851 1742
2029 2 2 10 1 2668 3834 3811
2030 2 2 10 1 3633 3745 2741
2031 2 2 10 1 2841 2843 2842
2032 2 2 10 1 3502 3728 1822
2033 2 2 10 1 1946 2967 1785
2034 2 2 10 1 3192 3193 3191
2035 2 2 10 1 2268 3237 2889
2036 2 2 10 1 832 3146 3145
2037 2 2 10 1 4066 4110 2205
2038 2 2 10 1 1137 2960 1646
2039 2 2 10 1 1749 2892 1632
2040 2 2 10 1 2106 3029 2104
2041 2 2 10 1 3214 3215 524
2042 2 2 10 1 1314 2899 1164
2043 2 2 10 1 3052 3659 727
2044 2 2 10 1 3638 3733 3202
2045 2 2 10 1 2772 3894 1033
2046 2 2 10 1 2028 3138 2038
2047 2 2 10 1 3804 3874 2660
2048 2 2 10 1 3514 3735 864
2049 2 2 10 1 3013 3014 2279
2050 2 2 10 1 1375 3732 3513
2051 2 2 10 1 3243 3745 3633
2052 2 2 10 1 2931 3298 904
2053 2 2 10 1 2271 3603 2233
2054 2 2 10 1 2454 3730 3627
2055 2 2 10 1 2643 4145 3262
2056 2 2 10 1 1960 2892 1749
2057 2 2 10 1 2283 3158 2493
2058 2 2 10 1 3035 3036 1937
2059 2 2 10 1 1361 3855 3362
2060 2 2 10 1 2075 3314 1284
2061 2 2 10 1 916 3260 1191
2062 2 2 10 1 495 3457 496
2063 2 2 10 1 3355 3357 3356
2064 2 2 10 1 1051 3291 3200
2065 2 2 10 1 972 3376 971
2066 2 2 10 1 1468 3197 3196
2067 2 2 10 1 3189 3352 1803
2068 2 2 10 1 2875 3769 1913
2069 2 2 10 1 3753 3805 1840
2070 2 2 10 1 3204 3205 2484
2071 2 2 10 1 3137 3983 2759
2072 2 2 10 1 3135 3245 2204
2073 2 2 10 1 3627 3730 3260
2074 2 2 10 1 1017 3229 3109
2075 2 2 10 1 1284 3314 1060
2076 2 2 10 1 890 3210 3209
2077 2 2 10 1 804 3313 1666
2078 2 2 10 1 1760 2903 1759
2079 2 2 10 1 1828 2896 1501
2080 2 2 10 1 1051 3200 1052
2081 2 2 10 1 1290 3265 3264
2082 2 2 10 1 1035 3386 1036
2083 2 2 10 1 1558 3000 1559
2084 2 2 10 1 3166 3221 3171
2085 2 2 10 1 1017 3109 1018
2086 2 2 10 1 748 3106 749
2087 2 2 10 1 2951 3796 2952
2088 2 2 10 1 2115 3110 2116
2089 2 2 10 1 1821 3480 1229
2090 2 2 10 1 1504 2897 1766
2091 2 2 10 1 2036 3420 2037
2092 2 2 10 1 1508 2900 1714
2093 2 2 10 1 2192 3130 2193
2094 2 2 10 1 1092 3390 1387
2095 2 2 10 1 1939 2901 1938
2096 2 2 10 1 683 3301 667
2097 2 2 10 1 379 2859 2858
2098 2 2 10 1 853 3196 851
2099 2 2 10 1 2879 4092 2877
2100 2 2 10 1 1333 2870 1399
2101 2 2 10 1 2234 3151 1997
2102 2 2 10 1 1387 3390 2089
2103 2 2 10 1 1605 3053 1941
2104 2 2 10 1 1199 3212 1197
2105 2 2 10 1 1070 2992 1277
2106 2 2 10 1 887 3209 884
2107 2 2 10 1 1444 3216 1442
2108 2 2 10 1 1207 3202 1209
2109 2 2 10 1 2551 3152 1447
2110 2 2 10 1 1536 2899 1314
2111 2 2 10 1 1978 3083 2304
2112 2 2 10 1 419 3394 421
2113 2 2 10 1 622 3228 631
2114 2 2 10 1 1270 3250 765
2115 2 2 10 1 2159 3666 3322
2116 2 2 10 1 621 3267 583
2117 2 2 10 1 2994 3002 2996
2118 2 2 10 1 1166 3394 419
2119 2 2 10 1 3562 4512 4114
2120 2 2 10 1 797 3252 761
2121 2 2 10 1 2676 4212 2432
2122 2 2 10 1 3248 3918 2355
2123 2 2 10 1 551 3288 1129
2124 2 2 10 1 3418 4293 3806
2125 2 2 10 1 3237 3242 2889
2126 2 2 10 1 984 3535 1185
2127 2 2 10 1 2733 4112 829
2128 2 2 10 1 1321 3654 1323
2129 2 2 10 1 918 3261 686
2130 2 2 10 1 1086 3244 1090
2131 2 2 10 1 2919 2927 1280
2132 2 2 10 1 2532 4361 3015
2133 2 2 10 1 3004 3006 513
2134 2 2 10 1 3271 3272 1674
2135 2 2 10 1 1290 3264 587
2136 2 2 10 1 2729 4054 358
2137 2 2 10 1 2939 2941 2631
2138 2 2 10 1 2891 3805 3753
2139 2 2 10 1 3476 3718 2768
2140 2 2 10 1 1759 2903 1934
2141 2 2 10 1 1485 3277 1156
2142 2 2 10 1 512 3269 2804
2143 2 2 10 1 3291 3292 3201
2144 2 2 10 1 1491 2994 1558
2145 2 2 10 1 817 3143 809
2146 2 2 10 1 1120 2981 1275
2147 2 2 10 1 566 3134 2204
2148 2 2 10 1 797 3253 3252
2149 2 2 10 1 3348 3649 3306
2150 2 2 10 1 1899 3365 2278
2151 2 2 10 1 2098 3039 2100
2152 2 2 10 1 781 3192 3191
2153 2 2 10 1 3040 3042 821
2154 2 2 10 1 2159 3322 801
2155 2 2 10 1 3201 3401 3199
2156 2 2 10 1 3155 3158 2283
2157 2 2 10 1 957 3033 973
2158 2 2 10 1 2797 3032 2800
2159 2 2 10 1 724 3313 804
2160 2 2 10 1 2284 3369 1729
2161 2 2 10 1 561 3136 3134
2162 2 2 10 1 1582 2950 1585
2163 2 2 10 1 2127 2948 2129
2164 2 2 10 1 1722 2951 1917
2165 2 2 10 1 1125 3243 997
2166 2 2 10 1 2830 3500 2652
2167 2 2 10 1 3046 3049 634
2168 2 2 10 1 2470 4187 3544
2169 2 2 10 1 1705 3372 2366
2170 2 2 10 1 1935 3035 1937
2171 2 2 10 1 2372 2908 2752
2172 2 2 10 1 2294 3547 2626
2173 2 2 10 1 4420 4502 2821
2174 2 2 10 1 1764 3013 2279
2175 2 2 10 1 3606 3868 2439
2176 2 2 10 1 849 2943 933
2177 2 2 10 1 981 3022 1122
2178 2 2 10 1 2125 3203 2377
2179 2 2 10 1 3028 3405 1570
2180 2 2 10 1 1879 3204 2484
2181 2 2 10 1 554 2938 558
2182 2 2 10 1 783 3191 839
2183 2 2 10 1 1177 3132 1180
2184 2 2 10 1 842 2937 840
2185 2 2 10 1 3196 3198 3154
2186 2 2 10 1 3608 3869 2440
2187 2 2 10 1 1153 3347 1430
2188 2 2 10 1 1618 3375 1124
2189 2 2 10 1 1057 3199 1066
2190 2 2 10 1 2417 3856 3609
2191 2 2 10 1 2092 2946 2090
2192 2 2 10 1 919 3309 697
2193 2 2 10 1 1635 3388 1183
2194 2 2 10 1 775 3194 3192
2195 2 2 10 1 2968 2969 1964
2196 2 2 10 1 509 3351 3062
2197 2 2 10 1 2252 3316 3039
2198 2 2 10 1 2760 3728 3502
2199 2 2 10 1 1845 3237 2268
2200 2 2 10 1 215 3911 3090
2201 2 2 10 1 1317 3324 1022
2202 2 2 10 1 2348 3330 2130
2203 2 2 10 1 556 3061 673
2204 2 2 10 1 499 3457 2152
2205 2 2 10 1 3053 3059 3055
2206 2 2 10 1 1608 3389 2358
2207 2 2 10 1 473 2894 1167
2208 2 2 10 1 2829 2897 2183
2209 2 2 10 1 2122 3357 3355
2210 2 2 10 1 630 3046 628
2211 2 2 10 1 2786 2903 2068
2212 2 2 10 1 2391 2896 2833
2213 2 2 10 1 2811 2814 2812
2214 2 2 10 1 1955 3080 2145
2215 2 2 10 1 904 3298 889
2216 2 2 10 1 1577 3105 1580
2217 2 2 10 1 796 3254 795
2218 2 2 10 1 818 3040 813
2219 2 2 10 1 1941 3058 1942
2220 2 2 10 1 950 3217 954
2221 2 2 10 1 1149 3115 1415
2222 2 2 10 1 2070 3128 2008
2223 2 2 10 1 2122 3355 1671
2224 2 2 10 1 1118 3113 1117
2225 2 2 10 1 1922 3155 2283
2226 2 2 10 1 1122 3360 982
2227 2 2 10 1 1901 3114 2213
2228 2 2 10 1 3513 3732 2761
2229 2 2 10 1 1179 3131 1175
2230 2 2 10 1 717 3803 721
2231 2 2 10 1 3312 3518 2165
2232 2 2 10 1 2380 3735 3514
2233 2 2 10 1 2981 2991 2983
2234 2 2 10 1 3266 3268 592
2235 2 2 10 1 1065 2992 1070
2236 2 2 10 1 3072 3073 3070
2237 2 2 10 1 1113 3034 1370
2238 2 2 10 1 1842 3204 1677
2239 2 2 10 1 514 3004 510
2240 2 2 10 1 3577 4313 3205
2241 2 2 10 1 2583 4392 2584
2242 2 2 10 1 501 3001 498
2243 2 2 10 1 505 3062 503
2244 2 2 10 1 2069 3162 2547
2245 2 2 10 1 3623 3715 1381
2246 2 2 10 1 1571 3017 1633
2247 2 2 10 1 3896 3957 1916
2248 2 2 10 1 500 3028 1462
2249 2 2 10 1 3234 3235 2175
2250 2 2 10 1 1812 3459 2655
2251 2 2 10 1 799 3254 2159
2252 2 2 10 1 3116 3117 1685
2253 2 2 10 1 4148 4503 2877
2254 2 2 10 1 677 3396 485
2255 2 2 10 1 2880 3908 1226
2256 2 2 10 1 2216 3296 1711
2257 2 2 10 1 1400 3637 1171
2258 2 2 10 1 1212 3069 1235
2259 2 2 10 1 3423 3521 3422
2260 2 2 10 1 2362 3027 1871
2261 2 2 10 1 2083 4015 3320
2262 2 2 10 1 1510 2900 1508
2263 2 2 10 1 3030 3031 2232
2264 2 2 10 1 2184 4206 3317
2265 2 2 10 1 3043 3044 683
2266 2 2 10 1 3063 3064 1945
2267 2 2 10 1 1713 2824 1282
2268 2 2 10 1 1433 2899 2847
2269 2 2 10 1 2668 3811 2682
2270 2 2 10 1 1340 3104 1345
2271 2 2 10 1 1729 3369 1517
2272 2 2 10 1 684 3260 916
2273 2 2 10 1 1856 3023 1739
2274 2 2 10 1 2930 2931 904
2275 2 2 10 1 2938 3639 1172
2276 2 2 10 1 1285 3401 1487
2277 2 2 10 1 506 3269 508
2278 2 2 10 1 1409 3372 1705
2279 2 2 10 1 3609 3856 1453
2280 2 2 10 1 890 3211 3210
2281 2 2 10 1 1674 3276 1630
2282 2 2 10 1 3226 3975 3225
2283 2 2 10 1 3200 3291 3201
2284 2 2 10 1 2890 3034 2846
2285 2 2 10 1 1841 3142 1727
2286 2 2 10 1 2024 2892 2787
2287 2 2 10 1 3079 3080 1955
2288 2 2 10 1 154 3446 153
2289 2 2 10 1 2408 4388 4155
2290 2 2 10 1 1045 3389 1608
2291 2 2 10 1 2343 3814 2788
2292 2 2 10 1 1431 3484 1485
2293 2 2 10 1 1183 3388 998
2294 2 2 10 1 1124 3375 978
2295 2 2 10 1 3264 3266 592
2296 2 2 10 1 665 3799 681
2297 2 2 10 1 971 3378 968
2298 2 2 10 1 3338 3451 758
2299 2 2 10 1 1010 3232 1013
2300 2 2 10 1 1277 2991 2981
2301 2 2 10 1 3013 3016 3014
2302 2 2 10 1 3413 3414 2777
2303 2 2 10 1 822 3404 831
2304 2 2 10 1 3283 3284 1244
2305 2 2 10 1 3947 4178 3777
2306 2 2 10 1 1392 3371 1147
2307 2 2 10 1 1624 3321 1622
2308 2 2 10 1 2103 3483 3035
2309 2 2 10 1 1399 2971 1335
2310 2 2 10 1 2809 2813 2810
2311 2 2 10 1 2994 2996 2995
2312 2 2 10 1 2126 3451 2124
2313 2 2 10 1 3691 3865 1418
2314 2 2 10 1 2981 2983 2982
2315 2 2 10 1 3072 3074 3073
2316 2 2 10 1 3292 3293 3201
2317 2 2 10 1 3068 3069 1212
2318 2 2 10 1 1280 2929 893
2319 2 2 10 1 480 3164 477
2320 2 2 10 1 3086 3087 2020
2321 2 2 10 1 745 3108 748
2322 2 2 10 1 3063 3067 3064
2323 2 2 10 1 1596 3206 3002
2324 2 2 10 1 1226 3908 1198
2325 2 2 10 1 1891 3112 2115
2326 2 2 10 1 2561 4265 2800
2327 2 2 10 1 2877 4503 2876
2328 2 2 10 1 3271 3273 3272
2329 2 2 10 1 967 3380 964
2330 2 2 10 1 2645 2892 1960
2331 2 2 10 1 3165 3166 661
2332 2 2 10 1 1185 3535 2762
2333 2 2 10 1 1537 2890 2000
2334 2 2 10 1 667 3301 640
2335 2 2 10 1 2399 2896 1828
2336 2 2 10 1 3068 3071 3069
2337 2 2 10 1 2131 3341 3340
2338 2 2 10 1 903 2921 2920
2339 2 2 10 1 485 3396 483
2340 2 2 10 1 3184 3185 2149
2341 2 2 10 1 1486 3361 1446
2342 2 2 10 1 1766 2897 2019
2343 2 2 10 1 1014 3230 1017
2344 2 2 10 1 2969 4407 2980
2345 2 2 10 1 2921 2922 2920
2346 2 2 10 1 1066 3401 1285
2347 2 2 10 1 2612 3914 2271
2348 2 2 10 1 1317 3398 3324
2349 2 2 10 1 2940 2941 2939
2350 2 2 10 1 1944 3063 1945
2351 2 2 10 1 3197 4454 2565
2352 2 2 10 1 1934 2903 2614
2353 2 2 10 1 3154 3545 482
2354 2 2 10 1 2242 3447 2940
2355 2 2 10 1 2996 2997 2995
2356 2 2 10 1 2757 4087 359
2357 2 2 10 1 2920 2927 2919
2358 2 2 10 1 3116 3118 3117
2359 2 2 10 1 3070 3078 1245
2360 2 2 10 1 2223 3654 1321
2361 2 2 10 1 2983 2984 2982
2362 2 2 10 1 963 3382 960
2363 2 2 10 1 3565 4357 2495
2364 2 2 10 1 585 3267 1290
2365 2 2 10 1 483 3396 3164
2366 2 2 10 1 3311 3312 2165
2367 2 2 10 1 583 3267 585
2368 2 2 10 1 678 3043 683
2369 2 2 10 1 3055 3056 3054
2370 2 2 10 1 1943 3471 2508
2371 2 2 10 1 1954 3079 1955
2372 2 2 10 1 3273 3274 3272
2373 2 2 10 1 2822 4471 346
2374 2 2 10 1 1064 2992 1065
2375 2 2 10 1 2161 3365 1899
2376 2 2 10 1 3412 3637 1400
2377 2 2 10 1 2776 2777 2775
2378 2 2 10 1 2963 3975 2964
2379 2 2 10 1 2985 2986 2984
2380 2 2 10 1 2988 2989 2986
2381 2 2 10 1 1612 1613 1611
2382 2 2 10 1 2048 2899 1536
2383 2 2 10 1 2038 3140 2039
2384 2 2 10 1 737 3306 740
2385 2 2 10 1 1610 1611 1609
2386 2 2 10 1 1285 1446 1284
2387 2 2 10 1 2356 3480 1821
2388 2 2 10 1 2072 2073 1724
2389 2 2 10 1 3346 3471 1943
2390 2 2 10 1 2944 3898 3336
2391 2 2 10 1 3118 3119 3117
2392 2 2 10 1 2199 2512 2197
2393 2 2 10 1 1872 3287 3101
2394 2 2 10 1 1468 3752 3197
2395 2 2 10 1 1931 3082 1932
2396 2 2 10 1 1342 3257 1471
2397 2 2 10 1 3023 3024 2023
2398 2 2 10 1 1739 2023 1738
2399 2 2 10 1 1578 3105 1577
2400 2 2 10 1 2723 2904 2463
2401 2 2 10 1 1224 3283 1244
2402 2 2 10 1 1396 1738 1189
2403 2 2 10 1 1082 1084 1083
2404 2 2 10 1 1084 1086 1085
2405 2 2 10 1 1934 2499 2282
2406 2 2 10 1 1080 1082 1081
2407 2 2 10 1 1086 1090 1087
2408 2 2 10 1 1090 1291 1091
2409 2 2 10 1 1908 2374 1886
2410 2 2 10 1 1983 2197 1806
2411 2 2 10 1 1470 1677 1398
2412 2 2 10 1 2300 2607 1926
2413 2 2 10 1 1186 1411 1187
2414 2 2 10 1 1411 1590 1412
2415 2 2 10 1 1853 1940 1707
2416 2 2 10 1 1277 2981 1120
2417 2 2 10 1 950 954 949
2418 2 2 10 1 3010 3011 3009
2419 2 2 10 1 1991 1993 1990
2420 2 2 10 1 2084 2791 2085
2421 2 2 10 1 2754 4269 379
2422 2 2 10 1 1596 2994 1491
2423 2 2 10 1 643 670 644
2424 2 2 10 1 2289 2463 2080
2425 2 2 10 1 638 643 639
2426 2 2 10 1 1871 2267 1728
2427 2 2 10 1 1775 2084 2057
2428 2 2 10 1 812 3404 822
2429 2 2 10 1 631 638 632
2430 2 2 10 1 3224 3226 3225
2431 2 2 10 1 1759 1934 1762
2432 2 2 10 1 1066 1284 1060
2433 2 2 10 1 1537 1912 1538
2434 2 2 10 1 1636 1944 1662
2435 2 2 10 1 1139 1141 1140
2436 2 2 10 1 2569 2867 2570
2437 2 2 10 1 622 631 623
2438 2 2 10 1 830 835 825
2439 2 2 10 1 3292 3294 3293
2440 2 2 10 1 822 825 819
2441 2 2 10 1 3018 3019 3017
2442 2 2 10 1 2534 3162 2069
2443 2 2 10 1 1423 1588 1183
2444 2 2 10 1 1573 3017 1571
2445 2 2 10 1 943 1186 944
2446 2 2 10 1 812 819 805
2447 2 2 10 1 1687 1954 1688
2448 2 2 10 1 1370 1537 1371
2449 2 2 10 1 1078 1080 1079
2450 2 2 10 1 526 530 528
2451 2 2 10 1 1174 1175 1173
2452 2 2 10 1 3001 3028 500
2453 2 2 10 1 1824 3290 1823
2454 2 2 10 1 530 531 528
2455 2 2 10 1 1174 1179 1175
2456 2 2 10 1 822 830 825
2457 2 2 10 1 486 489 485
2458 2 2 10 1 812 822 819
2459 2 2 10 1 1573 3018 3017
2460 2 2 10 1 676 3169 3165
2461 2 2 10 1 1644 2907 2906
2462 2 2 10 1 1608 1609 1312
2463 2 2 10 1 498 3001 500
2464 2 2 10 1 690 3045 3043
2465 2 2 10 1 1387 1467 1124
2466 2 2 10 1 1387 1656 1467
2467 2 2 10 1 1987 3290 2730
2468 2 2 10 1 2321 2516 2320
2469 2 2 10 1 1423 1709 1588
2470 2 2 10 1 2319 2320 2063
2471 2 2 10 1 2484 2531 2027
2472 2 2 10 1 2268 2465 2269
2473 2 2 10 1 2517 2717 2516
2474 2 2 10 1 881 3093 883
2475 2 2 10 1 1871 3027 2267
2476 2 2 10 1 2007 2070 2008
2477 2 2 10 1 510 3004 513
2478 2 2 10 1 2946 2947 2163
2479 2 2 10 1 557 2945 2938
2480 2 2 10 1 1802 2962 2961
2481 2 2 10 1 1172 1174 1173
2482 2 2 10 1 2025 2586 2529
2483 2 2 10 1 1584 2950 1582
2484 2 2 10 1 526 528 523
2485 2 2 10 1 2377 2948 2127
2486 2 2 10 1 1570 1573 1571
2487 2 2 10 1 1149 1415 1109
2488 2 2 10 1 1576 1577 1575
2489 2 2 10 1 804 812 805
2490 2 2 10 1 2257 2974 2259
2491 2 2 10 1 1275 2993 1276
2492 2 2 10 1 1211 3068 1212
2493 2 2 10 1 3008 3009 3007
2494 2 2 10 1 1607 3053 1605
2495 2 2 10 1 2376 3220 3219
2496 2 2 10 1 1803 3224 3223
2497 2 2 10 1 1906 2534 2069
2498 2 2 10 1 1445 1521 1444
2499 2 2 10 1 1443 1444 1442
2500 2 2 10 1 2622 2959 2958
2501 2 2 10 1 1522 1872 1521
2502 2 2 10 1 1316 1484 1315
2503 2 2 10 1 1854 2951 1722
2504 2 2 10 1 1747 1970 1897
2505 2 2 10 1 1441 1442 1440
2506 2 2 10 1 920 2944 2943
2507 2 2 10 1 2658 2660 2659
2508 2 2 10 1 1439 1440 1438
2509 2 2 10 1 993 1130 992
2510 2 2 10 1 484 486 485
2511 2 2 10 1 2018 3086 2020
2512 2 2 10 1 1977 1978 1976
2513 2 2 10 1 1594 1931 1595
2514 2 2 10 1 3101 3207 3099
2515 2 2 10 1 1472 1540 1539
2516 2 2 10 1 1599 1747 1746
2517 2 2 10 1 1188 1189 616
2518 2 2 10 1 913 992 912
2519 2 2 10 1 1182 1423 1183
2520 2 2 10 1 1874 2387 1873
2521 2 2 10 1 1202 1203 1201
2522 2 2 10 1 1929 3202 1207
2523 2 2 10 1 2932 2933 1661
2524 2 2 10 1 1204 1205 1203
2525 2 2 10 1 1901 2213 1706
2526 2 2 10 1 1200 1201 1199
2527 2 2 10 1 1206 1207 1205
2528 2 2 10 1 2031 2200 2032
2529 2 2 10 1 1963 2472 2428
2530 2 2 10 1 1213 1214 1211
2531 2 2 10 1 1603 1873 1602
2532 2 2 10 1 2415 2629 2524
2533 2 2 10 1 1215 1216 1214
2534 2 2 10 1 1632 2024 1631
2535 2 2 10 1 2910 2911 1690
2536 2 2 10 1 1217 1220 1216
2537 2 2 10 1 1198 1199 1197
2538 2 2 10 1 1979 3083 1978
2539 2 2 10 1 1876 3248 2355
2540 2 2 10 1 1318 1398 1317
2541 2 2 10 1 3008 3010 3009
2542 2 2 10 1 2258 2515 2257
2543 2 2 10 1 2019 2651 2018
2544 2 2 10 1 1254 1256 1255
2545 2 2 10 1 882 884 881
2546 2 2 10 1 1617 1871 1728
2547 2 2 10 1 1193 1504 1192
2548 2 2 10 1 891 904 889
2549 2 2 10 1 859 860 857
2550 2 2 10 1 1908 2677 2374
2551 2 2 10 1 861 862 860
2552 2 2 10 1 871 872 870
2553 2 2 10 1 856 857 855
2554 2 2 10 1 878 879 877
2555 2 2 10 1 880 881 879
2556 2 2 10 1 854 855 853
2557 2 2 10 1 876 877 874
2558 2 2 10 1 885 887 884
2559 2 2 10 1 2544 2826 2515
2560 2 2 10 1 888 889 887
2561 2 2 10 1 869 870 868
2562 2 2 10 1 2553 2590 2201
2563 2 2 10 1 1705 1886 1704
2564 2 2 10 1 1922 2283 1729
2565 2 2 10 1 1251 1254 1252
2566 2 2 10 1 992 3094 1075
2567 2 2 10 1 2406 2908 2372
2568 2 2 10 1 1164 1433 1163
2569 2 2 10 1 1162 1163 1161
2570 2 2 10 1 1739 3023 2023
2571 2 2 10 1 498 500 497
2572 2 2 10 1 1396 1739 1738
2573 2 2 10 1 2062 2063 2061
2574 2 2 10 1 1356 1853 1707
2575 2 2 10 1 1873 3096 1875
2576 2 2 10 1 2185 2395 1960
2577 2 2 10 1 1356 1707 1355
2578 2 2 10 1 3250 3251 788
2579 2 2 10 1 1823 1987 1825
2580 2 2 10 1 2397 2558 2399
2581 2 2 10 1 862 864 863
2582 2 2 10 1 1495 1823 1494
2583 2 2 10 1 872 874 873
2584 2 2 10 1 1433 1742 1434
2585 2 2 10 1 1521 3098 1703
2586 2 2 10 1 2847 2848 1742
2587 2 2 10 1 866 868 867
2588 2 2 10 1 1829 2397 1828
2589 2 2 10 1 864 866 865
2590 2 2 10 1 1342 1354 1353
2591 2 2 10 1 884 3209 3093
2592 2 2 10 1 1220 1224 1221
2593 2 2 10 1 2627 2628 2183
2594 2 2 10 1 1207 1209 1208
2595 2 2 10 1 852 853 851
2596 2 2 10 1 2405 2771 2404
2597 2 2 10 1 1224 1238 1225
2598 2 2 10 1 1262 1375 1256
2599 2 2 10 1 1470 1842 1677
2600 2 2 10 1 1593 1828 1501
2601 2 2 10 1 1556 1922 1729
2602 2 2 10 1 1197 3212 2055
2603 2 2 10 1 1705 1908 1886
2604 2 2 10 1 1617 1728 1452
2605 2 2 10 1 1477 1494 1375
2606 2 2 10 1 2342 3013 1764
2607 2 2 10 1 1130 3095 3094
2608 2 2 10 1 1196 1197 1195
2609 2 2 10 1 1209 1211 1210
2610 2 2 10 1 1766 2018 1969
2611 2 2 10 1 1504 1766 1597
2612 2 2 10 1 1238 1368 1239
2613 2 2 10 1 1230 1231 1229
2614 2 2 10 1 1598 1599 1540
2615 2 2 10 1 1808 2249 2048
2616 2 2 10 1 2199 2728 2512
2617 2 2 10 1 1442 3216 1737
2618 2 2 10 1 1933 2386 1931
2619 2 2 10 1 3261 3262 3061
2620 2 2 10 1 1872 3099 3098
2621 2 2 10 1 2414 2415 1972
2622 2 2 10 1 1971 1972 1970
2623 2 2 10 1 1471 1472 1354
2624 2 2 10 1 2391 2658 2657
2625 2 2 10 1 1126 1449 1125
2626 2 2 10 1 1978 2304 1980
2627 2 2 10 1 1987 2729 2349
2628 2 2 10 1 1368 1602 1369
2629 2 2 10 1 1963 2428 1890
2630 2 2 10 1 2387 3097 3096
2631 2 2 10 1 2031 2032 816
2632 2 2 10 1 2691 2692 2375
2633 2 2 10 1 3131 3132 1177
2634 2 2 10 1 911 912 910
2635 2 2 10 1 1388 1594 1389
2636 2 2 10 1 1437 1438 1391
2637 2 2 10 1 1974 1976 1975
2638 2 2 10 1 2204 2205 1360
2639 2 2 10 1 2591 3147 2386
2640 2 2 10 1 920 2943 849
2641 2 2 10 1 1576 1578 1577
2642 2 2 10 1 1802 3249 2963
2643 2 2 10 1 1188 1396 1189
2644 2 2 10 1 1653 1808 1536
2645 2 2 10 1 1906 2069 1712
2646 2 2 10 1 1191 1192 1000
2647 2 2 10 1 1983 2199 2197
2648 2 2 10 1 989 3022 981
2649 2 2 10 1 1605 1941 1606
2650 2 2 10 1 1182 1183 998
2651 2 2 10 1 3417 3418 2172
2652 2 2 10 1 851 3196 3154
2653 2 2 10 1 1449 1605 1604
2654 2 2 10 1 1318 1470 1398
2655 2 2 10 1 2498 2647 2059
2656 2 2 10 1 1524 1901 1706
2657 2 2 10 1 1231 1822 1821
2658 2 2 10 1 1570 1571 1569
2659 2 2 10 1 1822 1974 1973
2660 2 2 10 1 503 3062 1184
2661 2 2 10 1 557 2938 554
2662 2 2 10 1 3377 3923 3378
2663 2 2 10 1 1249 1251 1250
2664 2 2 10 1 2377 2949 2948
2665 2 2 10 1 2569 2570 2382
2666 2 2 10 1 1172 1173 672
2667 2 2 10 1 2435 2606 2434
2668 2 2 10 1 522 526 523
2669 2 2 10 1 1160 1161 1159
2670 2 2 10 1 1694 3149 1493
2671 2 2 10 1 984 1149 1109
2672 2 2 10 1 1646 1649 1647
2673 2 2 10 1 840 2937 1616
2674 2 2 10 1 1306 1501 1308
2675 2 2 10 1 3158 3590 318
2676 2 2 10 1 804 805 726
2677 2 2 10 1 2286 2748 2580
2678 2 2 10 1 3128 3129 2192
2679 2 2 10 1 1610 1612 1611
2680 2 2 10 1 1725 2257 1726
2681 2 2 10 1 2406 2909 2908
2682 2 2 10 1 1612 1614 1613
2683 2 2 10 1 2007 2008 2006
2684 2 2 10 1 2025 2529 1898
2685 2 2 10 1 1092 1387 1124
2686 2 2 10 1 2628 3148 2831
2687 2 2 10 1 1513 2900 1510
2688 2 2 10 1 2090 2946 2163
2689 2 2 10 1 2024 2294 2050
2690 2 2 10 1 2911 2913 2912
2691 2 2 10 1 510 513 509
2692 2 2 10 1 3298 3299 3211
2693 2 2 10 1 2983 2985 2984
2694 2 2 10 1 2476 2857 2026
2695 2 2 10 1 2735 2737 2736
2696 2 2 10 1 2875 2876 2410
2697 2 2 10 1 672 3499 3136
2698 2 2 10 1 2320 3102 2322
2699 2 2 10 1 2066 2513 1954
2700 2 2 10 1 1727 3142 1804
2701 2 2 10 1 2525 2594 2526
2702 2 2 10 1 1355 3612 3373
2703 2 2 10 1 1608 1610 1609
2704 2 2 10 1 1143 1145 1141
2705 2 2 10 1 1111 1112 670
2706 2 2 10 1 484 485 483
2707 2 2 10 1 2139 2589 2588
2708 2 2 10 1 1138 1139 1112
2709 2 2 10 1 2985 2988 2986
2710 2 2 10 1 1721 3426 798
2711 2 2 10 1 1285 1486 1446
2712 2 2 10 1 1996 2582 2581
2713 2 2 10 1 3170 3173 3169
2714 2 2 10 1 2963 2964 2962
2715 2 2 10 1 1989 1991 1990
2716 2 2 10 1 1066 1285 1284
2717 2 2 10 1 1300 1489 1291
2718 2 2 10 1 2049 2634 2483
2719 2 2 10 1 948 950 949
2720 2 2 10 1 2000 2285 1912
2721 2 2 10 1 1958 2469 1921
2722 2 2 10 1 2289 2723 2463
2723 2 2 10 1 620 622 619
2724 2 2 10 1 1938 2478 2437
2725 2 2 10 1 1592 1921 1590
2726 2 2 10 1 2625 2863 2469
2727 2 2 10 1 2409 2410 1893
2728 2 2 10 1 1451 1687 1450
2729 2 2 10 1 3143 3144 1637
2730 2 2 10 1 1490 1775 1489
2731 2 2 10 1 2054 2450 1944
2732 2 2 10 1 686 3261 675
2733 2 2 10 1 1763 1983 1806
2734 2 2 10 1 3310 3311 2165
2735 2 2 10 1 1596 3002 2994
2736 2 2 10 1 1113 1370 1301
2737 2 2 10 1 627 630 628
2738 2 2 10 1 1370 3034 2890
2739 2 2 10 1 1190 1837 1774
2740 2 2 10 1 2451 2644 2450
2741 2 2 10 1 477 3164 2894
2742 2 2 10 1 945 3163 943
2743 2 2 10 1 496 498 497
2744 2 2 10 1 2381 2569 2382
2745 2 2 10 1 1657 2072 1724
2746 2 2 10 1 794 796 795
2747 2 2 10 1 810 818 813
2748 2 2 10 1 3053 3055 3054
2749 2 2 10 1 807 1637 808
2750 2 2 10 1 519 3525 525
2751 2 2 10 1 1286 1401 1287
2752 2 2 10 1 2452 3346 1663
2753 2 2 10 1 675 3261 3061
2754 2 2 10 1 2955 2956 990
2755 2 2 10 1 3005 3008 3007
2756 2 2 10 1 624 3228 622
2757 2 2 10 1 2178 3248 1876
2758 2 2 10 1 2438 3831 1905
2759 2 2 10 1 1845 2268 1846
2760 2 2 10 1 1094 3277 1151
2761 2 2 10 1 1156 3277 1094
2762 2 2 10 1 1657 1724 1486
2763 2 2 10 1 2776 3413 2777
2764 2 2 10 1 1686 1930 818
2765 2 2 10 1 1455 1759 1454
2766 2 2 10 1 1622 1626 796
2767 2 2 10 1 3219 3296 2216
2768 2 2 10 1 915 2134 630
2769 2 2 10 1 3324 3325 1027
2770 2 2 10 1 2653 2888 2251
2771 2 2 10 1 2566 2567 1401
2772 2 2 10 1 2663 2664 2180
2773 2 2 10 1 929 2970 928
2774 2 2 10 1 2252 3039 2098
2775 2 2 10 1 2098 2100 1848
2776 2 2 10 1 2759 2861 2200
2777 2 2 10 1 532 851 481
2778 2 2 10 1 2726 2782 1004
2779 2 2 10 1 1989 1990 1811
2780 2 2 10 1 1763 1806 1624
2781 2 2 10 1 1415 1685 1482
2782 2 2 10 1 1996 2581 1994
2783 2 2 10 1 1273 1373 1179
2784 2 2 10 1 1938 2437 1842
2785 2 2 10 1 2090 2163 1656
2786 2 2 10 1 3165 3221 3166
2787 2 2 10 1 948 949 942
2788 2 2 10 1 2049 2483 1856
2789 2 2 10 1 2429 2795 919
2790 2 2 10 1 1175 3131 1177
2791 2 2 10 1 957 973 955
2792 2 2 10 1 1278 3115 1149
2793 2 2 10 1 959 3033 957
2794 2 2 10 1 2710 2776 2775
2795 2 2 10 1 3054 3058 1941
2796 2 2 10 1 1935 1937 1709
2797 2 2 10 1 2797 2800 2740
2798 2 2 10 1 2799 3032 2797
2799 2 2 10 1 2008 3128 2192
2800 2 2 10 1 2735 2736 2362
2801 2 2 10 1 2576 2683 2070
2802 2 2 10 1 2230 3155 1922
2803 2 2 10 1 2213 2773 2427
2804 2 2 10 1 2088 3114 1901
2805 2 2 10 1 840 1616 833
2806 2 2 10 1 1092 1124 978
2807 2 2 10 1 921 991 842
2808 2 2 10 1 491 2133 488
2809 2 2 10 1 1827 2007 2006
2810 2 2 10 1 2139 2588 2137
2811 2 2 10 1 548 1165 550
2812 2 2 10 1 552 557 554
2813 2 2 10 1 503 1184 501
2814 2 2 10 1 1462 1570 1569
2815 2 2 10 1 558 1172 672
2816 2 2 10 1 1717 2025 1898
2817 2 2 10 1 1507 1713 1282
2818 2 2 10 1 693 989 981
2819 2 2 10 1 538 540 536
2820 2 2 10 1 1633 1968 1670
2821 2 2 10 1 1499 1906 1712
2822 2 2 10 1 1180 1523 1417
2823 2 2 10 1 847 920 849
2824 2 2 10 1 1619 1963 1890
2825 2 2 10 1 2103 3035 1935
2826 2 2 10 1 933 1182 998
2827 2 2 10 1 1524 1706 1392
2828 2 2 10 1 522 523 521
2829 2 2 10 1 1719 2342 1764
2830 2 2 10 1 2286 2580 2109
2831 2 2 10 1 618 619 617
2832 2 2 10 1 1993 2406 2372
2833 2 2 10 1 1484 3203 2125
2834 2 2 10 1 2464 2747 2092
2835 2 2 10 1 566 2204 1360
2836 2 2 10 1 1147 1397 1134
2837 2 2 10 1 1190 1774 1128
2838 2 2 10 1 2196 2691 2375
2839 2 2 10 1 732 2031 816
2840 2 2 10 1 984 1109 918
2841 2 2 10 1 578 1617 1452
2842 2 2 10 1 1556 1729 1517
2843 2 2 10 1 1677 3204 1879
2844 2 2 10 1 1464 1576 1575
2845 2 2 10 1 2168 3419 3417
2846 2 2 10 1 1345 1356 1355
2847 2 2 10 1 1879 2484 2027
2848 2 2 10 1 1580 1584 1582
2849 2 2 10 1 2129 2772 2348
2850 2 2 10 1 2125 2377 2127
2851 2 2 10 1 2119 2431 2298
2852 2 2 10 1 2966 4197 2968
2853 2 2 10 1 1409 1705 1704
2854 2 2 10 1 1585 1854 1722
2855 2 2 10 1 2204 3245 2205
2856 2 2 10 1 724 804 726
2857 2 2 10 1 602 1188 616
2858 2 2 10 1 2471 4040 3511
2859 2 2 10 1 1021 1318 1317
2860 2 2 10 1 752 1316 1315
2861 2 2 10 1 2073 2784 2579
2862 2 2 10 1 952 3217 950
2863 2 2 10 1 1917 2553 2201
2864 2 2 10 1 781 3191 783
2865 2 2 10 1 1088 3244 1086
2866 2 2 10 1 508 510 509
2867 2 2 10 1 1067 3385 3384
2868 2 2 10 1 2078 2289 2080
2869 2 2 10 1 1057 1066 1060
2870 2 2 10 1 845 943 844
2871 2 2 10 1 2272 3328 2523
2872 2 2 10 1 1045 1608 1312
2873 2 2 10 1 1166 3395 3394
2874 2 2 10 1 1055 3199 1057
2875 2 2 10 1 1341 1342 1328
2876 2 2 10 1 3372 3373 2366
2877 2 2 10 1 556 673 545
2878 2 2 10 1 1070 1277 1120
2879 2 2 10 1 507 1195 506
2880 2 2 10 1 628 3046 634
2881 2 2 10 1 679 690 678
2882 2 2 10 1 652 3183 654
2883 2 2 10 1 1830 2300 1926
2884 2 2 10 1 1032 3409 1035
2885 2 2 10 1 648 2906 650
2886 2 2 10 1 658 3165 661
2887 2 2 10 1 3166 3171 3168
2888 2 2 10 1 2907 3823 2906
2889 2 2 10 1 1426 1596 1491
2890 2 2 10 1 794 795 793
2891 2 2 10 1 2755 2756 2346
2892 2 2 10 1 810 813 809
2893 2 2 10 1 3440 3441 3439
2894 2 2 10 1 627 628 626
2895 2 2 10 1 2765 2766 780
2896 2 2 10 1 1429 1725 1431
2897 2 2 10 1 1292 1541 1294
2898 2 2 10 1 2147 3184 2149
2899 2 2 10 1 1727 1804 1519
2900 2 2 10 1 1003 3347 1153
2901 2 2 10 1 1296 1636 1589
2902 2 2 10 1 563 3134 566
2903 2 2 10 1 482 484 483
2904 2 2 10 1 3289 4256 3011
2905 2 2 10 1 689 1078 938
2906 2 2 10 1 589 3264 592
2907 2 2 10 1 646 1644 648
2908 2 2 10 1 656 676 658
2909 2 2 10 1 650 674 652
2910 2 2 10 1 1900 3323 2185
2911 2 2 10 1 1286 1287 1114
2912 2 2 10 1 1405 1661 1403
2913 2 2 10 1 1310 1402 1241
2914 2 2 10 1 3286 3480 2356
2915 2 2 10 1 763 3252 1270
2916 2 2 10 1 767 3250 788
2917 2 2 10 1 777 3192 781
2918 2 2 10 1 783 839 785
2919 2 2 10 1 2145 2383 2147
2920 2 2 10 1 1237 1240 1232
2921 2 2 10 1 1601 3310 2165
2922 2 2 10 1 2182 2183 1505
2923 2 2 10 1 3355 3356 2446
2924 2 2 10 1 795 3254 799
2925 2 2 10 1 1900 1960 1749
2926 2 2 10 1 1555 1631 1553
2927 2 2 10 1 1547 1690 1545
2928 2 2 10 1 1502 2391 2390
2929 2 2 10 1 1551 1732 1549
2930 2 2 10 1 1543 1660 1466
2931 2 2 10 1 2169 3417 2172
2932 2 2 10 1 1257 1266 1259
2933 2 2 10 1 1734 2061 1169
2934 2 2 10 1 1743 2242 1769
2935 2 2 10 1 2310 2392 2047
2936 2 2 10 1 2433 2434 1824
2937 2 2 10 1 813 3040 821
2938 2 2 10 1 1246 1249 1248
2939 2 2 10 1 2401 2632 2398
2940 2 2 10 1 2211 2404 2209
2941 2 2 10 1 1549 2910 1547
2942 2 2 10 1 1515 3685 3643
2943 2 2 10 1 1097 1125 997
2944 2 2 10 1 1228 1229 1223
2945 2 2 10 1 2307 2854 1844
2946 2 2 10 1 1390 1391 1074
2947 2 2 10 1 909 910 906
2948 2 2 10 1 1261 1388 1265
2949 2 2 10 1 895 1280 893
2950 2 2 10 1 2351 2471 2353
2951 2 2 10 1 1535 1536 1314
2952 2 2 10 1 916 1000 917
2953 2 2 10 1 899 903 897
2954 2 2 10 1 1695 2101 2065
2955 2 2 10 1 1155 1159 929
2956 2 2 10 1 2058 2059 1682
2957 2 2 10 1 997 3243 995
2958 2 2 10 1 1942 2525 2043
2959 2 2 10 1 519 525 520
2960 2 2 10 1 702 1306 704
2961 2 2 10 1 1137 1646 1407
2962 2 2 10 1 698 2064 700
2963 2 2 10 1 3199 3401 1066
2964 2 2 10 1 931 1002 932
2965 2 2 10 1 2003 2631 2630
2966 2 2 10 1 1235 1245 1243
2967 2 2 10 1 1466 2932 1405
2968 2 2 10 1 1928 2026 1715
2969 2 2 10 1 520 522 521
2970 2 2 10 1 917 984 918
2971 2 2 10 1 1436 1450 1146
2972 2 2 10 1 3239 3240 3238
2973 2 2 10 1 4181 4457 2717
2974 2 2 10 1 3425 3645 1833
2975 2 2 10 1 3292 3295 3294
2976 2 2 10 1 1860 3133 1959
2977 2 2 10 1 527 1493 495
2978 2 2 10 1 1804 3125 1519
2979 2 2 10 1 1134 3113 1118
2980 2 2 10 1 1778 1981 1776
2981 2 2 10 1 2256 2891 2140
2982 2 2 10 1 1892 1893 1533
2983 2 2 10 1 775 3192 777
2984 2 2 10 1 1519 3125 1278
2985 2 2 10 1 765 3250 767
2986 2 2 10 1 897 2919 895
2987 2 2 10 1 761 3252 763
2988 2 2 10 1 3691 3831 2438
2989 2 2 10 1 2182 3350 2627
2990 2 2 10 1 2220 2376 2218
2991 2 2 10 1 1789 2961 1787
2992 2 2 10 1 1152 3463 2475
2993 2 2 10 1 2621 2622 2264
2994 2 2 10 1 1791 1802 1789
2995 2 2 10 1 826 3141 832
2996 2 2 10 1 587 3264 589
2997 2 2 10 1 2264 2958 2220
2998 2 2 10 1 1782 1964 1780
2999 2 2 10 1 700 2953 702
3000 2 2 10 1 2058 3344 2498
3001 2 2 10 1 1797 1803 1795
3002 2 2 10 1 2218 3219 2216
3003 2 2 10 1 561 3134 563
3004 2 2 10 1 1795 3223 1793
3005 2 2 10 1 1787 1946 1785
3006 2 2 10 1 685 3260 684
3007 2 2 10 1 481 3154 482
3008 2 2 10 1 3160 3246 3161
3009 2 2 10 1 2354 2503 2241
3010 2 2 10 1 437 3466 1303
3011 2 2 10 1 449 3467 494
3012 2 2 10 1 445 3469 1305
3013 2 2 10 1 433 3465 529
3014 2 2 10 1 441 3468 511
3015 2 2 10 1 2436 3363 1675
3016 2 2 10 1 477 2894 473
3017 2 2 10 1 496 497 493
3018 2 2 10 1 1769 2939 2003
3019 2 2 10 1 1171 1454 1170
3020 2 2 10 1 2209 2884 2164
3021 2 2 10 1 3005 3007 3006
3022 2 2 10 1 1074 3218 907
3023 2 2 10 1 1024 3324 1027
3024 2 2 10 1 2174 3330 2712
3025 2 2 10 1 1970 3281 1897
3026 2 2 10 1 520 3255 522
3027 2 2 10 1 809 3143 807
3028 2 2 10 1 1928 3354 2476
3029 2 2 10 1 2047 3085 1979
3030 2 2 10 1 837 844 836
3031 2 2 10 1 1397 3113 1134
3032 2 2 10 1 615 617 614
3033 2 2 10 1 2997 2999 2998
3034 2 2 10 1 1866 3475 2337
3035 2 2 10 1 2743 2745 2744
3036 2 2 10 1 2130 3330 2174
3037 2 2 10 1 1022 3324 1024
3038 2 2 10 1 1944 1945 1662
3039 2 2 10 1 2381 2382 1659
3040 2 2 10 1 1364 3407 1362
3041 2 2 10 1 668 678 667
3042 2 2 10 1 1800 3905 3189
3043 2 2 10 1 1084 1085 1083
3044 2 2 10 1 1086 1087 1085
3045 2 2 10 1 1090 1091 1087
3046 2 2 10 1 1082 1083 1081
3047 2 2 10 1 1287 1469 1288
3048 2 2 10 1 1291 1292 1091
3049 2 2 10 1 2073 2579 2074
3050 2 2 10 1 2084 2085 2057
3051 2 2 10 1 1411 1412 1187
3052 2 2 10 1 2791 2792 2085
3053 2 2 10 1 1590 1591 1412
3054 2 2 10 1 1830 1926 1831
3055 2 2 10 1 1446 2076 2075
3056 2 2 10 1 1080 1081 1079
3057 2 2 10 1 516 1503 514
3058 2 2 10 1 1186 1187 944
3059 2 2 10 1 2665 3316 2252
3060 2 2 10 1 1491 1558 1492
3061 2 2 10 1 1934 2282 1762
3062 2 2 10 1 2329 2649 2648
3063 2 2 10 1 813 821 817
3064 2 2 10 1 1120 1275 1121
3065 2 2 10 1 2450 3063 1944
3066 2 2 10 1 675 3061 556
3067 2 2 10 1 3169 3221 3165
3068 2 2 10 1 795 799 798
3069 2 2 10 1 1613 1751 1731
3070 2 2 10 1 643 644 639
3071 2 2 10 1 3074 3075 3073
3072 2 2 10 1 2962 2965 2961
3073 2 2 10 1 638 639 632
3074 2 2 10 1 631 632 623
3075 2 2 10 1 1775 2057 1489
3076 2 2 10 1 1426 1491 1427
3077 2 2 10 1 2078 2080 2079
3078 2 2 10 1 2921 2923 2922
3079 2 2 10 1 1912 1913 1538
3080 2 2 10 1 1141 1142 1140
3081 2 2 10 1 1847 3237 1845
3082 2 2 10 1 2469 2470 1921
3083 2 2 10 1 1537 1538 1371
3084 2 2 10 1 320 4269 2754
3085 2 2 10 1 3224 3225 3223
3086 2 2 10 1 2076 2078 2077
3087 2 2 10 1 1070 1120 1071
3088 2 2 10 1 2465 2689 2269
3089 2 2 10 1 1637 2303 808
3090 2 2 10 1 1057 1060 1058
3091 2 2 10 1 634 636 635
3092 2 2 10 1 1954 1955 1688
3093 2 2 10 1 3054 3127 3058
3094 2 2 10 1 3171 3172 3168
3095 2 2 10 1 622 623 619
3096 2 2 10 1 1139 1140 1112
3097 2 2 10 1 640 3301 1750
3098 2 2 10 1 783 785 784
3099 2 2 10 1 1759 1762 1454
3100 2 2 10 1 2513 3079 1954
3101 2 2 10 1 1370 1371 1301
3102 2 2 10 1 799 2159 801
3103 2 2 10 1 2575 3333 1951
3104 2 2 10 1 943 944 844
3105 2 2 10 1 1055 1057 1056
3106 2 2 10 1 1687 1688 1450
3107 2 2 10 1 1636 1662 1589
3108 2 2 10 1 3068 3077 3071
3109 2 2 10 1 3379 3380 967
3110 2 2 10 1 2268 2269 1846
3111 2 2 10 1 153 3446 368
3112 2 2 10 1 2876 2878 2410
3113 2 2 10 1 785 787 786
3114 2 2 10 1 1577 1580 1579
3115 2 2 10 1 2024 2787 2294
3116 2 2 10 1 2911 2915 2913
3117 2 2 10 1 504 505 503
3118 2 2 10 1 628 634 629
3119 2 2 10 1 1299 3421 1816
3120 2 2 10 1 1484 2125 2124
3121 2 2 10 1 1214 3077 3068
3122 2 2 10 1 1153 1429 1156
3123 2 2 10 1 1078 1079 938
3124 2 2 10 1 954 1464 1463
3125 2 2 10 1 2319 2321 2320
3126 2 2 10 1 1671 3355 1673
3127 2 2 10 1 799 801 800
3128 2 2 10 1 2321 2517 2516
3129 2 2 10 1 1677 1879 1678
3130 2 2 10 1 1993 2372 2021
3131 2 2 10 1 2062 2319 2063
3132 2 2 10 1 890 3298 3211
3133 2 2 10 1 982 3360 1652
3134 2 2 10 1 495 496 493
3135 2 2 10 1 2722 3458 1762
3136 2 2 10 1 690 3043 678
3137 2 2 10 1 821 824 823
3138 2 2 10 1 674 3183 652
3139 2 2 10 1 1644 2906 648
3140 2 2 10 1 2374 3259 3258
3141 2 2 10 1 1762 3458 1454
3142 2 2 10 1 1067 3384 3383
3143 2 2 10 1 2044 2501 2272
3144 2 2 10 1 676 3165 658
3145 2 2 10 1 1892 3367 2409
3146 2 2 10 1 2814 2816 2815
3147 2 2 10 1 1607 3059 3053
3148 2 2 10 1 1045 1312 1046
3149 2 2 10 1 515 516 514
3150 2 2 10 1 3205 4208 3577
3151 2 2 10 1 1094 1151 1077
3152 2 2 10 1 1449 1607 1605
3153 2 2 10 1 1977 1979 1978
3154 2 2 10 1 1230 1232 1231
3155 2 2 10 1 1443 1445 1444
3156 2 2 10 1 1445 1522 1521
3157 2 2 10 1 1439 1441 1440
3158 2 2 10 1 1688 3461 1450
3159 2 2 10 1 3101 3208 3207
3160 2 2 10 1 1522 3287 1872
3161 2 2 10 1 1673 3355 2446
3162 2 2 10 1 1441 1443 1442
3163 2 2 10 1 1193 1505 1504
3164 2 2 10 1 1940 2562 2011
3165 2 2 10 1 913 993 992
3166 2 2 10 1 1747 1897 1746
3167 2 2 10 1 617 3470 1664
3168 2 2 10 1 671 675 556
3169 2 2 10 1 1931 1932 1595
3170 2 2 10 1 2658 2659 2657
3171 2 2 10 1 1872 3101 3099
3172 2 2 10 1 1974 1977 1976
3173 2 2 10 1 1776 2978 1775
3174 2 2 10 1 1437 1439 1438
3175 2 2 10 1 1603 1874 1873
3176 2 2 10 1 2386 3082 1931
3177 2 2 10 1 1599 1746 1540
3178 2 2 10 1 1874 2533 2387
3179 2 2 10 1 1472 1539 1354
3180 2 2 10 1 2415 2524 1972
3181 2 2 10 1 1198 1200 1199
3182 2 2 10 1 1204 1206 1205
3183 2 2 10 1 1206 1929 1207
3184 2 2 10 1 1580 1582 1581
3185 2 2 10 1 1594 1595 1389
3186 2 2 10 1 1200 1202 1201
3187 2 2 10 1 1191 1193 1192
3188 2 2 10 1 1652 3360 2449
3189 2 2 10 1 1215 1217 1216
3190 2 2 10 1 1202 1204 1203
3191 2 2 10 1 1368 1603 1602
3192 2 2 10 1 911 913 912
3193 2 2 10 1 2383 3184 2147
3194 2 2 10 1 2258 2544 2515
3195 2 2 10 1 2125 2127 2126
3196 2 2 10 1 1582 1585 1583
3197 2 2 10 1 1213 1215 1214
3198 2 2 10 1 3299 3300 3211
3199 2 2 10 1 1209 1213 1211
3200 2 2 10 1 2019 2652 2651
3201 2 2 10 1 1766 2019 2018
3202 2 2 10 1 2355 2601 2068
3203 2 2 10 1 1879 2027 1880
3204 2 2 10 1 1585 1722 1586
3205 2 2 10 1 1196 1198 1197
3206 2 2 10 1 2127 2129 2128
3207 2 2 10 1 1653 1809 1808
3208 2 2 10 1 2129 2348 2130
3209 2 2 10 1 781 783 782
3210 2 2 10 1 1224 1244 1238
3211 2 2 10 1 1220 3283 1224
3212 2 2 10 1 1254 1255 1252
3213 2 2 10 1 1256 1257 1255
3214 2 2 10 1 888 891 889
3215 2 2 10 1 854 856 855
3216 2 2 10 1 861 907 862
3217 2 2 10 1 878 880 879
3218 2 2 10 1 876 878 877
3219 2 2 10 1 885 888 887
3220 2 2 10 1 859 861 860
3221 2 2 10 1 856 859 857
3222 2 2 10 1 880 882 881
3223 2 2 10 1 1725 2258 2257
3224 2 2 10 1 940 1113 939
3225 2 2 10 1 1722 1917 1723
3226 2 2 10 1 1464 1575 1574
3227 2 2 10 1 882 885 884
3228 2 2 10 1 869 871 870
3229 2 2 10 1 866 869 868
3230 2 2 10 1 2267 2611 2318
3231 2 2 10 1 852 854 853
3232 2 2 10 1 1501 1502 1308
3233 2 2 10 1 872 876 874
3234 2 2 10 1 1162 1164 1163
3235 2 2 10 1 1943 2230 1922
3236 2 2 10 1 1031 3409 1032
3237 2 2 10 1 2144 3461 1688
3238 2 2 10 1 2228 3297 2556
3239 2 2 10 1 2475 3337 1076
3240 2 2 10 1 684 916 686
3241 2 2 10 1 1987 2349 1825
3242 2 2 10 1 1251 1252 1250
3243 2 2 10 1 1433 2847 1742
3244 2 2 10 1 1823 1825 1494
3245 2 2 10 1 517 519 518
3246 2 2 10 1 1917 2201 1918
3247 2 2 10 1 899 3751 903
3248 2 2 10 1 1900 2185 1960
3249 2 2 10 1 1802 2961 1789
3250 2 2 10 1 1241 3332 1240
3251 2 2 10 1 1981 2978 1776
3252 2 2 10 1 2783 3776 3636
3253 2 2 10 1 2397 2399 1828
3254 2 2 10 1 1358 3257 1341
3255 2 2 10 1 1800 3189 1797
3256 2 2 10 1 3279 4302 2780
3257 2 2 10 1 1160 1162 1161
3258 2 2 10 1 1128 2902 1104
3259 2 2 10 1 3120 3121 3118
3260 2 2 10 1 1643 3462 944
3261 2 2 10 1 1803 3223 1795
3262 2 2 10 1 3056 3127 3054
3263 2 2 10 1 2032 2034 2033
3264 2 2 10 1 2435 2681 2606
3265 2 2 10 1 2752 2754 2753
3266 2 2 10 1 1495 1824 1823
3267 2 2 10 1 1742 1743 1434
3268 2 2 10 1 1744 1841 1727
3269 2 2 10 1 2558 2757 2399
3270 2 2 10 1 1823 3290 1987
3271 2 2 10 1 2622 2958 2264
3272 2 2 10 1 1588 1719 1635
3273 2 2 10 1 1433 1434 1163
3274 2 2 10 1 2376 3219 2218
3275 2 2 10 1 2372 2752 2373
3276 2 2 10 1 1793 3249 1791
3277 2 2 10 1 1646 2788 1649
3278 2 2 10 1 1829 2398 2397
3279 2 2 10 1 872 873 870
3280 2 2 10 1 889 890 887
3281 2 2 10 1 1593 1829 1828
3282 2 2 10 1 855 1468 853
3283 2 2 10 1 881 883 879
3284 2 2 10 1 944 3462 844
3285 2 2 10 1 1919 2088 1901
3286 2 2 10 1 1477 1495 1494
3287 2 2 10 1 862 863 860
3288 2 2 10 1 884 3093 881
3289 2 2 10 1 1405 2932 1661
3290 2 2 10 1 874 875 873
3291 2 2 10 1 1161 2190 1159
3292 2 2 10 1 1108 1170 1107
3293 2 2 10 1 864 865 863
3294 2 2 10 1 866 867 865
3295 2 2 10 1 868 2960 867
3296 2 2 10 1 1262 1477 1375
3297 2 2 10 1 1249 2087 1251
3298 2 2 10 1 1254 1262 1256
3299 2 2 10 1 1220 1221 1216
3300 2 2 10 1 1207 1208 1205
3301 2 2 10 1 1467 1619 1618
3302 2 2 10 1 1555 1632 1631
3303 2 2 10 1 1547 2910 1690
3304 2 2 10 1 1201 1557 1199
3305 2 2 10 1 1987 2730 2729
3306 2 2 10 1 2069 2547 2389
3307 2 2 10 1 1224 1225 1221
3308 2 2 10 1 1306 1593 1501
3309 2 2 10 1 2651 3086 2018
3310 2 2 10 1 2515 2974 2257
3311 2 2 10 1 1214 3068 1211
3312 2 2 10 1 3149 3150 1493
3313 2 2 10 1 752 1315 753
3314 2 2 10 1 835 847 846
3315 2 2 10 1 1211 1212 1210
3316 2 2 10 1 1197 2055 1195
3317 2 2 10 1 3212 3213 2055
3318 2 2 10 1 1130 3094 992
3319 2 2 10 1 1310 1403 1402
3320 2 2 10 1 900 3536 905
3321 2 2 10 1 992 1075 912
3322 2 2 10 1 2387 3096 1873
3323 2 2 10 1 2415 2670 2629
3324 2 2 10 1 1238 1239 1225
3325 2 2 10 1 1472 1598 1540
3326 2 2 10 1 1766 1969 1597
3327 2 2 10 1 1209 1210 1208
3328 2 2 10 1 1504 1597 1192
3329 2 2 10 1 1747 1971 1970
3330 2 2 10 1 3440 3442 3441
3331 2 2 10 1 1594 1933 1931
3332 2 2 10 1 1872 3098 1521
3333 2 2 10 1 1873 1875 1602
3334 2 2 10 1 2018 2020 1969
3335 2 2 10 1 1442 1737 1440
3336 2 2 10 1 2071 2576 2070
3337 2 2 10 1 1521 1703 1444
3338 2 2 10 1 1342 1471 1354
3339 2 2 10 1 1175 1177 1176
3340 2 2 10 1 602 616 603
3341 2 2 10 1 1808 2048 1536
3342 2 2 10 1 1978 1980 1976
3343 2 2 10 1 2555 3831 2333
3344 2 2 10 1 1571 1633 1572
3345 2 2 10 1 1368 1369 1239
3346 2 2 10 1 1185 1278 1149
3347 2 2 10 1 1971 2414 1972
3348 2 2 10 1 489 693 677
3349 2 2 10 1 2249 2250 2048
3350 2 2 10 1 533 534 530
3351 2 2 10 1 1662 3156 2186
3352 2 2 10 1 1021 1317 1022
3353 2 2 10 1 1598 1844 1599
3354 2 2 10 1 512 514 510
3355 2 2 10 1 2257 2259 1726
3356 2 2 10 1 3099 3100 3098
3357 2 2 10 1 1933 2591 2386
3358 2 2 10 1 2304 2305 1980
3359 2 2 10 1 532 852 851
3360 2 2 10 1 2259 2554 2295
3361 2 2 10 1 500 1462 1461
3362 2 2 10 1 2391 2833 2658
3363 2 2 10 1 1520 1727 1519
3364 2 2 10 1 3381 3382 963
3365 2 2 10 1 531 548 547
3366 2 2 10 1 1072 3498 1307
3367 2 2 10 1 1974 1975 1973
3368 2 2 10 1 1342 1353 1328
3369 2 2 10 1 1100 3497 1567
3370 2 2 10 1 692 919 697
3371 2 2 10 1 1734 2062 2061
3372 2 2 10 1 1272 1273 1179
3373 2 2 10 1 487 488 486
3374 2 2 10 1 1237 1241 1240
3375 2 2 10 1 2508 2509 2230
3376 2 2 10 1 1822 1973 1821
3377 2 2 10 1 1605 1606 1604
3378 2 2 10 1 2310 2393 2392
3379 2 2 10 1 1231 1821 1229
3380 2 2 10 1 1415 1482 1416
3381 2 2 10 1 827 836 826
3382 2 2 10 1 946 1004 980
3383 2 2 10 1 499 501 498
3384 2 2 10 1 1941 1942 1606
3385 2 2 10 1 831 833 830
3386 2 2 10 1 1449 1604 1125
3387 2 2 10 1 2211 2405 2404
3388 2 2 10 1 507 1196 1195
3389 2 2 10 1 2008 2192 2009
3390 2 2 10 1 2516 3102 2320
3391 2 2 10 1 2182 2627 2183
3392 2 2 10 1 1409 1704 1410
3393 2 2 10 1 2320 2322 2063
3394 2 2 10 1 2628 2829 2183
3395 2 2 10 1 623 3470 619
3396 2 2 10 1 2034 2036 2035
3397 2 2 10 1 2213 2427 2270
3398 2 2 10 1 1097 1126 1125
3399 2 2 10 1 2089 2090 1656
3400 2 2 10 1 1710 1935 1709
3401 2 2 10 1 1719 1764 1720
3402 2 2 10 1 2298 2385 2344
3403 2 2 10 1 803 807 802
3404 2 2 10 1 546 556 545
3405 2 2 10 1 851 3154 481
3406 2 2 10 1 1228 1230 1229
3407 2 2 10 1 1764 2279 1765
3408 2 2 10 1 2207 3470 623
3409 2 2 10 1 2391 2657 2390
3410 2 2 10 1 2756 3362 2346
3411 2 2 10 1 2535 2541 2534
3412 2 2 10 1 2758 2759 2200
3413 2 2 10 1 1345 1355 1346
3414 2 2 10 1 346 4323 2822
3415 2 2 10 1 2168 3417 2169
3416 2 2 10 1 895 2919 1280
3417 2 2 10 1 1619 1890 1620
3418 2 2 10 1 1390 1437 1391
3419 2 2 10 1 1388 1389 1265
3420 2 2 10 1 2263 2837 2836
3421 2 2 10 1 909 911 910
3422 2 2 10 1 791 792 789
3423 2 2 10 1 847 849 848
3424 2 2 10 1 2119 2298 2120
3425 2 2 10 1 2816 2822 2817
3426 2 2 10 1 2024 2050 1631
3427 2 2 10 1 2911 2912 1690
3428 2 2 10 1 849 933 850
3429 2 2 10 1 933 998 934
3430 2 2 10 1 1633 1670 1634
3431 2 2 10 1 916 1191 1000
3432 2 2 10 1 1535 1653 1536
3433 2 2 10 1 1279 1519 1278
3434 2 2 10 1 2361 2362 1871
3435 2 2 10 1 2577 2778 2576
3436 2 2 10 1 1177 1180 1178
3437 2 2 10 1 1670 2122 1671
3438 2 2 10 1 3122 3123 3121
3439 2 2 10 1 693 981 694
3440 2 2 10 1 2101 2388 2065
3441 2 2 10 1 1499 1712 1628
3442 2 2 10 1 1417 1499 1421
3443 2 2 10 1 1148 1392 1147
3444 2 2 10 1 1180 1417 1181
3445 2 2 10 1 1393 1524 1392
3446 2 2 10 1 981 1122 982
3447 2 2 10 1 2058 2498 2059
3448 2 2 10 1 1518 1556 1517
3449 2 2 10 1 928 931 930
3450 2 2 10 1 535 536 534
3451 2 2 10 1 542 545 541
3452 2 2 10 1 539 541 538
3453 2 2 10 1 1249 1250 1248
3454 2 2 10 1 2064 2953 700
3455 2 2 10 1 1462 1569 1568
3456 2 2 10 1 578 1452 579
3457 2 2 10 1 537 538 536
3458 2 2 10 1 1306 1308 704
3459 2 2 10 1 2779 2780 2778
3460 2 2 10 1 502 503 501
3461 2 2 10 1 548 550 549
3462 2 2 10 1 2283 2493 2284
3463 2 2 10 1 421 3394 698
3464 2 2 10 1 2294 2626 2050
3465 2 2 10 1 2913 2914 2912
3466 2 2 10 1 2433 2435 2434
3467 2 2 10 1 1687 2066 1954
3468 2 2 10 1 2875 2877 2876
3469 2 2 10 1 550 552 551
3470 2 2 10 1 1341 3257 1342
3471 2 2 10 1 2401 2673 2632
3472 2 2 10 1 490 491 488
3473 2 2 10 1 1155 1160 1159
3474 2 2 10 1 552 554 553
3475 2 2 10 1 1274 1282 1273
3476 2 2 10 1 554 558 555
3477 2 2 10 1 492 493 491
3478 2 2 10 1 732 816 733
3479 2 2 10 1 558 672 559
3480 2 2 10 1 1151 1827 1826
3481 2 2 10 1 1725 1726 1431
3482 2 2 10 1 2196 2375 2296
3483 2 2 10 1 2359 2360 1853
3484 2 2 10 1 1482 1717 1483
3485 2 2 10 1 1646 1647 1407
3486 2 2 10 1 1469 1630 1500
3487 2 2 10 1 641 667 640
3488 2 2 10 1 1283 1507 1282
3489 2 2 10 1 834 840 833
3490 2 2 10 1 2093 2464 2092
3491 2 2 10 1 527 1694 1493
3492 2 2 10 1 2395 2645 1960
3493 2 2 10 1 2091 2092 2090
3494 2 2 10 1 2409 2875 2410
3495 2 2 10 1 1508 1714 1507
3496 2 2 10 1 566 1360 567
3497 2 2 10 1 841 842 840
3498 2 2 10 1 1717 1898 1805
3499 2 2 10 1 843 921 842
3500 2 2 10 1 2427 2701 2641
3501 2 2 10 1 922 990 921
3502 2 2 10 1 1820 3510 2326
3503 2 2 10 1 1245 1246 1243
3504 2 2 10 1 1827 2006 2005
3505 2 2 10 1 1135 1147 1134
3506 2 2 10 1 2003 2939 2631
3507 2 2 10 1 1139 1143 1141
3508 2 2 10 1 2307 2855 2854
3509 2 2 10 1 1936 2103 1935
3510 2 2 10 1 3224 3227 3226
3511 2 2 10 1 631 2097 638
3512 2 2 10 1 643 1111 670
3513 2 2 10 1 2104 2232 2103
3514 2 2 10 1 1537 2000 1912
3515 2 2 10 1 979 1092 978
3516 2 2 10 1 2066 2514 2513
3517 2 2 10 1 3306 3393 740
3518 2 2 10 1 1003 1094 1077
3519 2 2 10 1 1761 2178 1876
3520 2 2 10 1 2110 2286 2109
3521 2 2 10 1 1802 2963 2962
3522 2 2 10 1 525 3255 520
3523 2 2 10 1 2268 2889 2465
3524 2 2 10 1 1928 2476 2026
3525 2 2 10 1 676 3170 3169
3526 2 2 10 1 1934 2614 2499
3527 2 2 10 1 617 1664 614
3528 2 2 10 1 1002 1003 932
3529 2 2 10 1 1391 3218 1074
3530 2 2 10 1 2493 2495 2494
3531 2 2 10 1 2000 2672 2285
3532 2 2 10 1 1843 1938 1842
3533 2 2 10 1 951 952 950
3534 2 2 10 1 1111 1138 1112
3535 2 2 10 1 1992 1994 1991
3536 2 2 10 1 1740 1856 1739
3537 2 2 10 1 2734 2735 2362
3538 2 2 10 1 2525 2526 2043
3539 2 2 10 1 2542 2633 2541
3540 2 2 10 1 636 641 640
3541 2 2 10 1 1090 1300 1291
3542 2 2 10 1 1084 1088 1086
3543 2 2 10 1 1630 1845 1500
3544 2 2 10 1 1143 1146 1145
3545 2 2 10 1 1080 1587 1082
3546 2 2 10 1 3477 3478 465
3547 2 2 10 1 1411 1592 1590
3548 2 2 10 1 1810 1811 1578
3549 2 2 10 1 943 3163 1186
3550 2 2 10 1 620 624 622
3551 2 2 10 1 479 480 477
3552 2 2 10 1 977 978 976
3553 2 2 10 1 613 614 611
3554 2 2 10 1 914 915 630
3555 2 2 10 1 2404 2884 2209
3556 2 2 10 1 1469 1674 1630
3557 2 2 10 1 2739 2740 2360
3558 2 2 10 1 518 3319 516
3559 2 2 10 1 2370 2566 1401
3560 2 2 10 1 3314 3785 1064
3561 2 2 10 1 1975 3727 3285
3562 2 2 10 1 2798 2799 2797
3563 2 2 10 1 1920 3287 1522
3564 2 2 10 1 2796 2797 2740
3565 2 2 10 1 479 481 480
3566 2 2 10 1 1636 2054 1944
3567 2 2 10 1 2392 3085 2047
3568 2 2 10 1 787 791 789
3569 2 2 10 1 3170 3180 3173
3570 2 2 10 1 2084 2794 2791
3571 2 2 10 1 1958 2625 2469
3572 2 2 10 1 2807 3961 2311
3573 2 2 10 1 1592 1958 1921
3574 2 2 10 1 1402 3332 1241
3575 2 2 10 1 1725 3479 2258
3576 2 2 10 1 3143 3145 3144
3577 2 2 10 1 3369 3786 1513
3578 2 2 10 1 2354 2616 2503
3579 2 2 10 1 3041 3042 3040
3580 2 2 10 1 1300 1490 1489
3581 2 2 10 1 801 803 802
3582 2 2 10 1 618 620 619
3583 2 2 10 1 724 726 725
3584 2 2 10 1 807 3143 1637
3585 2 2 10 1 1194 1686 818
3586 2 2 10 1 1621 1622 796
3587 2 2 10 1 1013 3232 3231
3588 2 2 10 1 1490 1776 1775
3589 2 2 10 1 2676 4248 4212
3590 2 2 10 1 1455 1760 1759
3591 2 2 10 1 824 827 826
3592 2 2 10 1 3036 3933 3550
3593 2 2 10 1 953 955 952
3594 2 2 10 1 679 691 690
3595 2 2 10 1 1995 1996 1994
3596 2 2 10 1 678 683 667
3597 2 2 10 1 956 957 955
3598 2 2 10 1 958 959 957
3599 2 2 10 1 1244 3485 1238
3600 2 2 10 1 1857 2049 1856
3601 2 2 10 1 3152 3153 1837
3602 2 2 10 1 1988 1989 1811
3603 2 2 10 1 2054 2451 2450
3604 2 2 10 1 2138 2139 2137
3605 2 2 10 1 692 697 691
3606 2 2 10 1 946 980 945
3607 2 2 10 1 941 942 915
3608 2 2 10 1 636 642 641
3609 2 2 10 1 947 948 942
3610 2 2 10 1 1650 2429 919
3611 2 2 10 1 1892 2409 1893
3612 2 2 10 1 1615 1848 1614
3613 2 2 10 1 3185 3308 3187
3614 2 2 10 1 1170 3458 2781
3615 2 2 10 1 1436 1451 1450
3616 2 2 10 1 2471 4046 4040
3617 2 2 10 1 845 945 943
3618 2 2 10 1 1622 3321 1626
3619 2 2 10 1 506 508 505
3620 2 2 10 1 1430 3479 1429
3621 2 2 10 1 3047 3049 3046
3622 2 2 10 1 2944 3336 2943
3623 2 2 10 1 2258 3479 2545
3624 2 2 10 1 1161 3492 2190
3625 2 2 10 1 1623 1624 1622
3626 2 2 10 1 1701 2233 1686
3627 2 2 10 1 1002 3347 1003
3628 2 2 10 1 1232 3502 1231
3629 2 2 10 1 867 2960 1137
3630 2 2 10 1 1927 2329 2328
3631 2 2 10 1 2179 2180 2178
3632 2 2 10 1 1708 2726 1004
3633 2 2 10 1 980 1108 1107
3634 2 2 10 1 1625 1763 1624
3635 2 2 10 1 3156 3157 2186
3636 2 2 10 1 2087 3493 1251
3637 2 2 10 1 2123 2251 2072
3638 2 2 10 1 2621 2718 2622
3639 2 2 10 1 2178 3686 3248
3640 2 2 10 1 868 3494 2960
3641 2 2 10 1 2181 2663 2180
3642 2 2 10 1 1559 1830 1645
3643 2 2 10 1 1487 1657 1486
3644 2 2 10 1 1797 3189 1803
3645 2 2 10 1 1791 3249 1802
3646 2 2 10 1 517 518 516
3647 2 2 10 1 508 509 505
3648 2 2 10 1 3200 3201 3199
3649 2 2 10 1 684 686 675
3650 2 2 10 1 697 940 939
3651 2 2 10 1 1849 2098 1848
3652 2 2 10 1 1844 3496 1599
3653 2 2 10 1 1276 1426 1425
3654 2 2 10 1 1449 3482 1607
3655 2 2 10 1 1744 2044 1841
3656 2 2 10 1 836 3462 3141
3657 2 2 10 1 2099 2252 2098
3658 2 2 10 1 2413 2665 2252
3659 2 2 10 1 1348 3372 1350
3660 2 2 10 1 1745 3699 3092
3661 2 2 10 1 1876 2068 1760
3662 2 2 10 1 2251 3190 2072
3663 2 2 10 1 2554 2678 2295
3664 2 2 10 1 1065 1070 1069
3665 2 2 10 1 1003 1153 1094
3666 2 2 10 1 824 826 823
3667 2 2 10 1 1876 2355 2068
3668 2 2 10 1 2050 3488 1631
3669 2 2 10 1 2912 3489 1690
3670 2 2 10 1 697 939 691
3671 2 2 10 1 1368 3485 1603
3672 2 2 10 1 2044 2272 1841
3673 2 2 10 1 824 829 827
3674 2 2 10 1 1256 3513 1257
3675 2 2 10 1 801 802 800
3676 2 2 10 1 1040 3389 1042
3677 2 2 10 1 1746 3486 1540
3678 2 2 10 1 1061 1064 1063
3679 2 2 10 1 907 3514 862
3680 2 2 10 1 980 1107 945
3681 2 2 10 1 2461 2646 2462
3682 2 2 10 1 2573 2653 2251
3683 2 2 10 1 1171 1455 1454
3684 2 2 10 1 1761 1876 1760
3685 2 2 10 1 671 684 675
3686 2 2 10 1 4412 4494 2707
3687 2 2 10 1 1564 3407 1364
3688 2 2 10 1 2137 2901 1939
3689 2 2 10 1 1335 2971 1337
3690 2 2 10 1 1410 4448 2714
3691 2 2 10 1 1061 3314 1064
3692 2 2 10 1 1607 3482 3060
3693 2 2 10 1 787 789 786
3694 2 2 10 1 1060 3314 1061
3695 2 2 10 1 872 3490 876
3696 2 2 10 1 515 517 516
3697 2 2 10 1 1429 1431 1156
3698 2 2 10 1 615 618 617
3699 2 2 10 1 1153 1156 1094
3700 2 2 10 1 1052 1055 1054
3701 2 2 10 1 3005 3006 3004
3702 2 2 10 1 2664 3686 2180
3703 2 2 10 1 1780 3391 1778
3704 2 2 10 1 1434 3492 1163
3705 2 2 10 1 4162 4279 2677
3706 2 2 10 1 1004 2898 980
3707 2 2 10 1 3139 3140 2038
3708 2 2 10 1 1630 1847 1845
3709 2 2 10 1 955 2936 952
3710 2 2 10 1 1036 1067 1038
3711 2 2 10 1 668 679 678
3712 2 2 10 1 837 845 844
3713 2 2 10 1 636 640 635
3714 2 2 10 1 2501 2549 2272
3715 2 2 10 1 873 3494 870
3716 2 2 10 1 504 506 505
3717 2 2 10 1 1254 3493 1262
3718 2 2 10 1 2109 3029 2106
3719 2 2 10 1 1048 1051 1050
3720 2 2 10 1 476 477 473
3721 2 2 10 1 1597 3495 1192
3722 2 2 10 1 1994 3195 1991
3723 2 2 10 1 2177 3486 1746
3724 2 2 10 1 1153 1430 1429
3725 2 2 10 1 1603 3485 2245
3726 2 2 10 1 2891 3753 1435
3727 2 2 10 1 1032 1035 1034
3728 2 2 10 1 2982 2993 1275
3729 2 2 10 1 2461 2462 1860
3730 2 2 10 1 1812 2655 2384
3731 2 2 10 1 2601 2786 2068
3732 2 2 10 1 1656 3303 1467
3733 2 2 10 1 916 917 686
3734 2 2 10 1 1042 1045 1044
3735 2 2 10 1 519 520 518
3736 2 2 10 1 2039 2184 2041
3737 2 2 10 1 3208 3536 902
3738 2 2 10 1 1747 3496 1971
3739 2 2 10 1 2272 2523 1841
3740 2 2 10 1 759 797 761
3741 2 2 10 1 1144 1190 1128
3742 2 2 10 1 1847 3238 3237
3743 2 2 10 1 2044 2623 2501
3744 2 2 10 1 641 668 667
3745 2 2 10 1 1469 1500 1288
3746 2 2 10 1 2193 3130 2196
3747 2 2 10 1 876 3490 1302
3748 2 2 10 1 1028 1031 1030
3749 2 2 10 1 2028 2038 2030
3750 2 2 10 1 791 793 792
3751 2 2 10 1 676 3501 3170
3752 2 2 10 1 1113 1301 939
3753 2 2 10 1 931 932 930
3754 2 2 10 1 3377 3378 971
3755 2 2 10 1 1926 3103 1927
3756 2 2 10 1 1685 3304 1482
3757 2 2 10 1 1289 3491 1079
3758 2 2 10 1 641 3406 668
3759 2 2 10 1 2116 3110 2119
3760 2 2 10 1 3436 3778 425
3761 2 2 10 1 2037 3420 2168
3762 2 2 10 1 2827 3488 2050
3763 2 2 10 1 2916 3489 2912
3764 2 2 10 1 763 1270 765
3765 2 2 10 1 777 781 779
3766 2 2 10 1 771 1269 773
3767 2 2 10 1 767 788 769
3768 2 2 10 1 803 809 807
3769 2 2 10 1 1754 2461 1860
3770 2 2 10 1 2174 2712 2500
3771 2 2 10 1 1079 3491 938
3772 2 2 10 1 2124 3451 3338
3773 2 2 10 1 749 752 751
3774 2 2 10 1 827 837 836
3775 2 2 10 1 3180 3800 1798
3776 2 2 10 1 755 758 757
3777 2 2 10 1 481 482 480
3778 2 2 10 1 2436 3660 3363
3779 2 2 10 1 1018 1021 1020
3780 2 2 10 1 1170 2781 1107
3781 2 2 10 1 1768 3492 1434
3782 2 2 10 1 605 1281 607
3783 2 2 10 1 1024 1027 1026
3784 2 2 10 1 488 3368 486
3785 2 2 10 1 745 748 747
3786 2 2 10 1 2097 3515 638
3787 2 2 10 1 1018 3109 1021
3788 2 2 10 1 1262 3493 1478
3789 2 2 10 1 2088 3374 3114
3790 2 2 10 1 593 596 595
3791 2 2 10 1 2169 2172 2171
3792 2 2 10 1 1014 1017 1016
3793 2 2 10 1 2343 3494 873
3794 2 2 10 1 613 615 614
3795 2 2 10 1 902 3715 3207
3796 2 2 10 1 749 3106 752
3797 2 2 10 1 599 602 601
3798 2 2 10 1 2707 4494 2708
3799 2 2 10 1 517 524 519
3800 2 2 10 1 741 744 743
3801 2 2 10 1 2335 3495 1597
3802 2 2 10 1 1636 3508 2054
3803 2 2 10 1 1010 1013 1012
3804 2 2 10 1 2037 2168 2167
3805 2 2 10 1 1046 3334 1048
3806 2 2 10 1 2116 2119 2118
3807 2 2 10 1 1687 3507 2066
3808 2 2 10 1 722 3313 724
3809 2 2 10 1 1350 1409 1352
3810 2 2 10 1 1108 1171 1170
3811 2 2 10 1 3160 3161 2202
3812 2 2 10 1 4183 4262 2637
3813 2 2 10 1 1401 3270 1287
3814 2 2 10 1 1971 3496 2419
3815 2 2 10 1 1891 2115 2114
3816 2 2 10 1 976 3376 972
3817 2 2 10 1 928 2970 931
3818 2 2 10 1 1516 1517 1514
3819 2 2 10 1 581 621 583
3820 2 2 10 1 3163 3520 1186
3821 2 2 10 1 585 1290 587
3822 2 2 10 1 1147 3371 1397
3823 2 2 10 1 836 3141 826
3824 2 2 10 1 2102 2452 1663
3825 2 2 10 1 1333 1399 1335
3826 2 2 10 1 589 592 591
3827 2 2 10 1 1340 1345 1344
3828 2 2 10 1 473 1167 470
3829 2 2 10 1 1329 1676 1331
3830 2 2 10 1 2193 2196 2195
3831 2 2 10 1 940 1114 1113
3832 2 2 10 1 737 740 739
3833 2 2 10 1 735 3306 737
3834 2 2 10 1 2831 2869 2868
3835 2 2 10 1 1036 3386 1067
3836 2 2 10 1 1133 1134 1118
3837 2 2 10 1 1006 1009 1008
3838 2 2 10 1 807 808 802
3839 2 2 10 1 1139 3512 1143
3840 2 2 10 1 569 637 571
3841 2 2 10 1 575 578 577
3842 2 2 10 1 2291 3940 3045
3843 2 2 10 1 1673 2446 2445
3844 2 2 10 1 609 613 611
3845 2 2 10 1 1949 2715 2505
3846 2 2 10 1 1652 2449 1752
3847 2 2 10 1 2355 2608 2601
3848 2 2 10 1 729 732 731
3849 2 2 10 1 1116 1117 1093
3850 2 2 10 1 2115 3112 3111
3851 2 2 10 1 1446 3361 2076
3852 2 2 10 1 563 566 565
3853 2 2 10 1 1459 3429 2188
3854 2 2 10 1 3354 4484 3452
3855 2 2 10 1 1512 1513 1510
3856 2 2 10 1 1514 3369 1513
3857 2 2 10 1 3240 3241 3238
3858 2 2 10 1 1052 3200 1055
3859 2 2 10 1 1506 3436 427
3860 2 2 10 1 1221 3534 3077
3861 2 2 10 1 975 976 972
3862 2 2 10 1 2108 2109 2106
3863 2 2 10 1 2101 3397 2388
3864 2 2 10 1 1027 3326 1028
3865 2 2 10 1 2095 2175 1772
3866 2 2 10 1 3170 3501 3181
3867 2 2 10 1 821 823 817
3868 2 2 10 1 643 3515 1111
3869 2 2 10 1 2564 4237 3411
3870 2 2 10 1 970 971 968
3871 2 2 10 1 1715 3677 1358
3872 2 2 10 1 748 3108 3107
3873 2 2 10 1 3442 4355 3157
3874 2 2 10 1 482 483 480
3875 2 2 10 1 799 800 798
3876 2 2 10 1 966 967 964
3877 2 2 10 1 3325 3327 3326
3878 2 2 10 1 2831 3148 2869
3879 2 2 10 1 2700 3794 2155
3880 2 2 10 1 928 930 926
3881 2 2 10 1 2136 2137 1939
3882 2 2 10 1 962 963 960
3883 2 2 10 1 1999 2234 1997
3884 2 2 10 1 1559 3000 1830
3885 2 2 10 1 476 479 477
3886 2 2 10 1 2076 3159 2078
3887 2 2 10 1 785 786 784
3888 2 2 10 1 2066 3507 2885
3889 2 2 10 1 1411 3520 1592
3890 2 2 10 1 3341 3342 1281
3891 2 2 10 1 625 627 626
3892 2 2 10 1 791 794 793
3893 2 2 10 1 523 3445 2083
3894 2 2 10 1 753 3338 755
3895 2 2 10 1 2014 2436 1675
3896 2 2 10 1 603 3340 605
3897 2 2 10 1 2054 3508 2832
3898 2 2 10 1 855 3606 1468
3899 2 2 10 1 1093 3390 1092
3900 2 2 10 1 1845 1846 1500
3901 2 2 10 1 3375 3772 3376
3902 2 2 10 1 1229 3480 1223
3903 2 2 10 1 931 3793 1002
3904 2 2 10 1 918 3629 3261
3905 2 2 10 1 803 810 809
3906 2 2 10 1 1287 1288 1114
3907 2 2 10 1 2949 4025 1029
3908 2 2 10 1 3014 3015 2279
3909 2 2 10 1 978 3375 976
3910 2 2 10 1 613 2086 615
3911 2 2 10 1 2221 3407 1564
3912 2 2 10 1 1517 3369 1514
3913 2 2 10 1 1143 3512 1435
3914 2 2 10 1 1520 1744 1727
3915 2 2 10 1 3265 3266 3264
3916 2 2 10 1 1201 3608 1557
3917 2 2 10 1 1228 3516 1230
3918 2 2 10 1 1864 3533 2228
3919 2 2 10 1 1767 2551 1447
3920 2 2 10 1 3134 3136 3135
3921 2 2 10 1 2758 3659 3052
3922 2 2 10 1 3464 4296 2850
3923 2 2 10 1 3036 3037 1937
3924 2 2 10 1 634 635 629
3925 2 2 10 1 2027 3138 2028
3926 2 2 10 1 1390 3518 1437
3927 2 2 10 1 681 3799 3460
3928 2 2 10 1 1204 3431 1206
3929 2 2 10 1 2201 3160 2202
3930 2 2 10 1 479 532 481
3931 2 2 10 1 1350 3372 1409
3932 2 2 10 1 2452 3471 3346
3933 2 2 10 1 889 3298 890
3934 2 2 10 1 1111 3515 1488
3935 2 2 10 1 2295 2506 2260
3936 2 2 10 1 856 3434 859
3937 2 2 10 1 1308 3519 704
3938 2 2 10 1 546 671 556
3939 2 2 10 1 1506 3437 3436
3940 2 2 10 1 512 515 514
3941 2 2 10 1 1108 1400 1171
3942 2 2 10 1 3643 3685 2339
3943 2 2 10 1 1836 2221 1564
3944 2 2 10 1 1230 3516 1236
3945 2 2 10 1 3769 3858 1538
3946 2 2 10 1 2682 3811 3663
3947 2 2 10 1 504 3422 507
3948 2 2 10 1 1437 3518 1861
3949 2 2 10 1 427 3436 425
3950 2 2 10 1 520 521 518
3951 2 2 10 1 917 918 686
3952 2 2 10 1 1553 3488 1551
3953 2 2 10 1 1545 3489 1543
3954 2 2 10 1 940 1286 1114
3955 2 2 10 1 2152 3423 3422
3956 2 2 10 1 2162 3519 1308
3957 2 2 10 1 1592 3520 2330
3958 2 2 10 1 1281 3343 607
3959 2 2 10 1 2382 3339 3310
3960 2 2 10 1 502 504 503
3961 2 2 10 1 733 3348 735
3962 2 2 10 1 1556 3346 1943
3963 2 2 10 1 1117 3390 1093
3964 2 2 10 1 2549 3328 2272
3965 2 2 10 1 654 3501 656
3966 2 2 10 1 3030 4382 315
3967 2 2 10 1 1042 3389 1045
3968 2 2 10 1 1431 1485 1156
3969 2 2 10 1 567 3349 569
3970 2 2 10 1 2998 3915 2300
3971 2 2 10 1 2488 3424 2491
3972 2 2 10 1 3636 3776 2293
3973 2 2 10 1 2564 3411 1694
3974 2 2 10 1 1480 3425 1833
3975 2 2 10 1 682 3526 696
3976 2 2 10 1 1294 3508 1296
3977 2 2 10 1 3099 3623 3100
3978 2 2 10 1 3192 3194 3193
3979 2 2 10 1 1259 3509 1261
3980 2 2 10 1 2997 2998 2995
3981 2 2 10 1 813 817 809
3982 2 2 10 1 492 495 493
3983 2 2 10 1 3437 3439 3436
3984 2 2 10 1 826 832 823
3985 2 2 10 1 2163 3303 1656
3986 2 2 10 1 1847 3239 3238
3987 2 2 10 1 1778 3391 1981
3988 2 2 10 1 795 798 793
3989 2 2 10 1 2607 3103 1926
3990 2 2 10 1 1195 3269 506
3991 2 2 10 1 2986 2987 2984
3992 2 2 10 1 1628 3353 1949
3993 2 2 10 1 524 4281 3525
3994 2 2 10 1 2462 3133 1860
3995 2 2 10 1 789 790 786
3996 2 2 10 1 2724 3996 2686
3997 2 2 10 1 1146 3461 1145
3998 2 2 10 1 798 3426 793
3999 2 2 10 1 1286 3309 2370
4000 2 2 10 1 3354 3452 2476
4001 2 2 10 1 671 685 684
4002 2 2 10 1 3064 3455 3066
4003 2 2 10 1 698 3394 2064
4004 2 2 10 1 2814 2815 2812
4005 2 2 10 1 1327 1341 1328
4006 2 2 10 1 2884 3755 1236
4007 2 2 10 1 1446 2075 1284
4008 2 2 10 1 2073 2074 1724
4009 2 2 10 1 1886 3258 1887
4010 2 2 10 1 2329 3402 2649
4011 2 2 10 1 2432 4165 2393
4012 2 2 10 1 917 3535 984
4013 2 2 10 1 525 4221 2705
4014 2 2 10 1 2148 3399 2379
4015 2 2 10 1 2250 3621 2849
4016 2 2 10 1 625 626 624
4017 2 2 10 1 640 1750 635
4018 2 2 10 1 1613 1731 1611
4019 2 2 10 1 2185 3768 2395
4020 2 2 10 1 644 3476 646
4021 2 2 10 1 1609 2112 1312
4022 2 2 10 1 504 507 506
4023 2 2 10 1 810 3322 1194
4024 2 2 10 1 794 3329 1621
4025 2 2 10 1 3117 3304 1685
4026 2 2 10 1 2095 3236 3233
4027 2 2 10 1 2888 3190 2251
4028 2 2 10 1 902 3536 900
4029 2 2 10 1 783 784 782
4030 2 2 10 1 410 3538 412
4031 2 2 10 1 789 3611 790
4032 2 2 10 1 1997 3151 1996
4033 2 2 10 1 2197 2198 1806
4034 2 2 10 1 2849 3464 2850
4035 2 2 10 1 466 3477 465
4036 2 2 10 1 1926 1927 1831
4037 2 2 10 1 948 3363 951
4038 2 2 10 1 1141 3687 1142
4039 2 2 10 1 1989 3364 1992
4040 2 2 10 1 3064 3066 3065
4041 2 2 10 1 2345 2755 2346
4042 2 2 10 1 628 629 626
4043 2 2 10 1 3274 3275 3272
4044 2 2 10 1 2590 3160 2201
4045 2 2 10 1 2531 3138 2027
4046 2 2 10 1 3031 3483 2232
4047 2 2 10 1 321 4444 3817
4048 2 2 10 1 3024 3025 2023
4049 2 2 10 1 1577 1579 1575
4050 2 2 10 1 1558 1559 1492
4051 2 2 10 1 1484 2124 1315
4052 2 2 10 1 642 3406 641
4053 2 2 10 1 1095 3541 1408
4054 2 2 10 1 1491 1492 1427
4055 2 2 10 1 1677 1678 1398
4056 2 2 10 1 954 1463 949
4057 2 2 10 1 1460 3540 1264
4058 2 2 10 1 1993 2021 1990
4059 2 2 10 1 1774 2902 1128
4060 2 2 10 1 1189 2131 616
4061 2 2 10 1 1638 3539 1639
4062 2 2 10 1 2765 3400 2766
4063 2 2 10 1 1275 1276 1121
4064 2 2 10 1 2374 3258 1886
4065 2 2 10 1 2782 2898 1004
4066 2 2 10 1 1120 1121 1071
4067 2 2 10 1 1763 3366 2418
4068 2 2 10 1 3325 3326 1027
4069 2 2 10 1 1886 1887 1704
4070 2 2 10 1 417 3444 1166
4071 2 2 10 1 2259 2295 2260
4072 2 2 10 1 1447 3152 1190
4073 2 2 10 1 3116 3120 3118
4074 2 2 10 1 1940 2011 1707
4075 2 2 10 1 3437 3440 3439
4076 2 2 10 1 1169 3482 1126
4077 2 2 10 1 2078 2079 2077
4078 2 2 10 1 2080 2081 2079
4079 2 2 10 1 2076 2077 2075
4080 2 2 10 1 2329 2648 2328
4081 2 2 10 1 3166 3168 3167
4082 2 2 10 1 2579 2725 2074
4083 2 2 10 1 2567 3270 1401
4084 2 2 10 1 2267 2318 1728
4085 2 2 10 1 998 3388 999
4086 2 2 10 1 1060 1061 1058
4087 2 2 10 1 1830 1831 1645
4088 2 2 10 1 2382 3310 1659
4089 2 2 10 1 1057 1058 1056
4090 2 2 10 1 1556 1943 1922
4091 2 2 10 1 973 2936 955
4092 2 2 10 1 2581 3195 1994
4093 2 2 10 1 3185 3187 3186
4094 2 2 10 1 2438 3865 3691
4095 2 2 10 1 2055 3269 1195
4096 2 2 10 1 3246 3247 3161
4097 2 2 10 1 1003 1077 932
4098 2 2 10 1 1588 1635 1183
4099 2 2 10 1 3870 3882 625
4100 2 2 10 1 2032 2033 816
4101 2 2 10 1 1117 3802 3390
4102 2 2 10 1 2205 2206 1360
4103 2 2 10 1 819 1665 805
4104 2 2 10 1 1467 1618 1124
4105 2 2 10 1 835 846 825
4106 2 2 10 1 1426 1427 1425
4107 2 2 10 1 1524 1919 1901
4108 2 2 10 1 508 512 510
4109 2 2 10 1 2069 2389 1712
4110 2 2 10 1 2588 2901 2137
4111 2 2 10 1 1175 1176 1173
4112 2 2 10 1 2007 2071 2070
4113 2 2 10 1 526 533 530
4114 2 2 10 1 489 677 485
4115 2 2 10 1 2025 2587 2586
4116 2 2 10 1 1571 1572 1569
4117 2 2 10 1 984 1185 1149
4118 2 2 10 1 531 547 528
4119 2 2 10 1 1174 1272 1179
4120 2 2 10 1 500 1461 497
4121 2 2 10 1 1070 1071 1069
4122 2 2 10 1 1573 3021 3018
4123 2 2 10 1 1292 1294 1293
4124 2 2 10 1 484 487 486
4125 2 2 10 1 822 831 830
4126 2 2 10 1 1415 1416 1109
4127 2 2 10 1 2286 2864 2748
4128 2 2 10 1 804 1666 812
4129 2 2 10 1 513 3351 509
4130 2 2 10 1 1387 2089 1656
4131 2 2 10 1 2008 2009 2006
4132 2 2 10 1 1327 1328 1326
4133 2 2 10 1 1423 1710 1709
4134 2 2 10 1 2213 2270 1706
4135 2 2 10 1 2472 4247 2428
4136 2 2 10 1 1279 1520 1519
4137 2 2 10 1 1906 2535 2534
4138 2 2 10 1 1064 1065 1063
4139 2 2 10 1 2303 2807 2311
4140 2 2 10 1 496 499 498
4141 2 2 10 1 1659 3310 1601
4142 2 2 10 1 2031 2758 2200
4143 2 2 10 1 2132 3490 871
4144 2 2 10 1 1963 2789 2472
4145 2 2 10 1 3067 3455 3064
4146 2 2 10 1 2580 4382 3030
4147 2 2 10 1 1617 2361 1871
4148 2 2 10 1 1219 3480 3286
4149 2 2 10 1 2707 4361 2532
4150 2 2 10 1 2735 2738 2737
4151 2 2 10 1 1055 1056 1054
4152 2 2 10 1 1142 2481 2056
4153 2 2 10 1 2283 2284 1729
4154 2 2 10 1 800 1721 798
4155 2 2 10 1 2133 3368 488
4156 2 2 10 1 1580 1581 1579
4157 2 2 10 1 644 646 645
4158 2 2 10 1 523 2083 521
4159 2 2 10 1 2125 2126 2124
4160 2 2 10 1 2570 3339 2382
4161 2 2 10 1 2580 3029 2109
4162 2 2 10 1 2999 3915 2998
4163 2 2 10 1 1582 1583 1581
4164 2 2 10 1 1879 1880 1678
4165 2 2 10 1 1585 1586 1583
4166 2 2 10 1 1464 1574 1463
4167 2 2 10 1 1722 1723 1586
4168 2 2 10 1 2027 2028 1880
4169 2 2 10 1 1356 2359 1853
4170 2 2 10 1 2127 2128 2126
4171 2 2 10 1 2129 2130 2128
4172 2 2 10 1 2754 2858 2753
4173 2 2 10 1 611 612 610
4174 2 2 10 1 1917 1918 1723
4175 2 2 10 1 2372 2373 2021
4176 2 2 10 1 2366 3302 1908
4177 2 2 10 1 2201 2202 1918
4178 2 2 10 1 1051 1052 1050
4179 2 2 10 1 1908 3302 2677
4180 2 2 10 1 1705 2366 1908
4181 2 2 10 1 1955 2145 2144
4182 2 2 10 1 1294 1296 1295
4183 2 2 10 1 3169 3758 3221
4184 2 2 10 1 2196 3130 2691
4185 2 2 10 1 2752 2753 2373
4186 2 2 10 1 1067 3383 1038
4187 2 2 10 1 927 929 928
4188 2 2 10 1 542 546 545
4189 2 2 10 1 2678 3610 2295
4190 2 2 10 1 1386 3605 1298
4191 2 2 10 1 1296 1589 1297
4192 2 2 10 1 1045 1046 1044
4193 2 2 10 1 1470 1843 1842
4194 2 2 10 1 1913 3769 1538
4195 2 2 10 1 1396 1740 1739
4196 2 2 10 1 2562 2563 2011
4197 2 2 10 1 1996 3151 2582
4198 2 2 10 1 679 692 691
4199 2 2 10 1 2119 3110 2431
4200 2 2 10 1 948 951 950
4201 2 2 10 1 2168 3420 3419
4202 2 2 10 1 1576 1810 1578
4203 2 2 10 1 1989 1992 1991
4204 2 2 10 1 2491 2543 2527
4205 2 2 10 1 1833 2583 2191
4206 2 2 10 1 3144 3841 1637
4207 2 2 10 1 1035 1036 1034
4208 2 2 10 1 689 938 937
4209 2 2 10 1 305 4159 2723
4210 2 2 10 1 3288 3289 3011
4211 2 2 10 1 1748 1749 1632
4212 2 2 10 1 2611 2808 2318
4213 2 2 10 1 1943 2508 2230
4214 2 2 10 1 646 648 647
4215 2 2 10 1 627 914 630
4216 2 2 10 1 650 652 651
4217 2 2 10 1 654 656 655
4218 2 2 10 1 658 661 659
4219 2 2 10 1 2855 4189 2854
4220 2 2 10 1 781 782 779
4221 2 2 10 1 1404 1405 1403
4222 2 2 10 1 1286 2370 1401
4223 2 2 10 1 681 689 688
4224 2 2 10 1 3087 3089 3088
4225 2 2 10 1 2924 2925 2923
4226 2 2 10 1 845 946 945
4227 2 2 10 1 1031 1032 1030
4228 2 2 10 1 648 650 649
4229 2 2 10 1 656 658 657
4230 2 2 10 1 652 654 653
4231 2 2 10 1 3222 3895 3171
4232 2 2 10 1 3328 4280 405
4233 2 2 10 1 2034 2035 2033
4234 2 2 10 1 2038 2039 2030
4235 2 2 10 1 2298 2344 2120
4236 2 2 10 1 1719 1720 1635
4237 2 2 10 1 2953 3531 1593
4238 2 2 10 1 1309 1310 1241
4239 2 2 10 1 1763 2418 1983
4240 2 2 10 1 2610 2727 2517
4241 2 2 10 1 2816 2817 2815
4242 2 2 10 1 1520 1745 1744
4243 2 2 10 1 2145 2147 2146
4244 2 2 10 1 487 3545 2160
4245 2 2 10 1 2394 2432 2393
4246 2 2 10 1 2036 2037 2035
4247 2 2 10 1 2147 2149 2148
4248 2 2 10 1 1021 3109 1318
4249 2 2 10 1 758 759 757
4250 2 2 10 1 1168 1169 1126
4251 2 2 10 1 1764 1765 1720
4252 2 2 10 1 3042 4480 829
4253 2 2 10 1 2046 2047 1979
4254 2 2 10 1 1518 3346 1556
4255 2 2 10 1 3120 3122 3121
4256 2 2 10 1 1619 1620 1618
4257 2 2 10 1 752 3106 1316
4258 2 2 10 1 847 848 846
4259 2 2 10 1 1027 1028 1026
4260 2 2 10 1 810 1194 818
4261 2 2 10 1 794 1621 796
4262 2 2 10 1 1633 1634 1572
4263 2 2 10 1 1236 1237 1232
4264 2 2 10 1 994 995 993
4265 2 2 10 1 1185 1279 1278
4266 2 2 10 1 2071 2577 2576
4267 2 2 10 1 1878 2182 1505
4268 2 2 10 1 752 753 751
4269 2 2 10 1 2672 3587 2285
4270 2 2 10 1 1890 1891 1620
4271 2 2 10 1 1177 1178 1176
4272 2 2 10 1 693 694 677
4273 2 2 10 1 849 850 848
4274 2 2 10 1 1733 1920 1522
4275 2 2 10 1 933 934 850
4276 2 2 10 1 998 999 934
4277 2 2 10 1 533 535 534
4278 2 2 10 1 1897 2522 2177
4279 2 2 10 1 1151 1826 1077
4280 2 2 10 1 1190 3152 1837
4281 2 2 10 1 1670 1671 1634
4282 2 2 10 1 1462 1568 1461
4283 2 2 10 1 1148 1393 1392
4284 2 2 10 1 1899 1900 1749
4285 2 2 10 1 1021 1022 1020
4286 2 2 10 1 1612 1615 1614
4287 2 2 10 1 1218 1219 1217
4288 2 2 10 1 2192 2193 2009
4289 2 2 10 1 1499 1628 1421
4290 2 2 10 1 1180 1181 1178
4291 2 2 10 1 1417 1421 1181
4292 2 2 10 1 602 603 601
4293 2 2 10 1 548 549 547
4294 2 2 10 1 981 982 694
4295 2 2 10 1 1608 2358 1610
4296 2 2 10 1 499 502 501
4297 2 2 10 1 1694 3411 3149
4298 2 2 10 1 1135 1148 1147
4299 2 2 10 1 539 542 541
4300 2 2 10 1 2278 3323 1900
4301 2 2 10 1 2577 2779 2778
4302 2 2 10 1 537 539 538
4303 2 2 10 1 487 490 488
4304 2 2 10 1 1272 1274 1273
4305 2 2 10 1 3122 3124 3123
4306 2 2 10 1 535 537 536
4307 2 2 10 1 2349 2351 2350
4308 2 2 10 1 1502 2390 2162
4309 2 2 10 1 2545 2805 2544
4310 2 2 10 1 1482 1483 1416
4311 2 2 10 1 1017 3230 3229
4312 2 2 10 1 1313 1314 1164
4313 2 2 10 1 550 551 549
4314 2 2 10 1 793 3426 792
4315 2 2 10 1 983 1074 907
4316 2 2 10 1 748 749 747
4317 2 2 10 1 1814 2132 871
4318 2 2 10 1 831 834 833
4319 2 2 10 1 892 893 891
4320 2 2 10 1 552 553 551
4321 2 2 10 1 2801 3403 2799
4322 2 2 10 1 554 555 553
4323 2 2 10 1 2089 2091 2090
4324 2 2 10 1 4144 4244 2306
4325 2 2 10 1 558 559 555
4326 2 2 10 1 490 492 491
4327 2 2 10 1 2427 2641 2270
4328 2 2 10 1 722 724 723
4329 2 2 10 1 1758 2564 1694
4330 2 2 10 1 1274 1283 1282
4331 2 2 10 1 596 597 595
4332 2 2 10 1 1257 1259 1258
4333 2 2 10 1 1017 1018 1016
4334 2 2 10 1 2091 2093 2092
4335 2 2 10 1 1283 1508 1507
4336 2 2 10 1 1710 1936 1935
4337 2 2 10 1 3980 4272 4223
4338 2 2 10 1 2617 4229 2618
4339 2 2 10 1 1550 1551 1549
4340 2 2 10 1 1542 1543 1466
4341 2 2 10 1 1717 1805 1483
4342 2 2 10 1 1409 1410 1352
4343 2 2 10 1 1489 3263 1291
4344 2 2 10 1 726 727 725
4345 2 2 10 1 1544 1545 1543
4346 2 2 10 1 1552 1553 1551
4347 2 2 10 1 834 841 840
4348 2 2 10 1 1827 2005 1826
4349 2 2 10 1 841 843 842
4350 2 2 10 1 843 922 921
4351 2 2 10 1 1455 1761 1760
4352 2 2 10 1 529 3443 431
4353 2 2 10 1 2492 4337 2907
4354 2 2 10 1 1711 3784 695
4355 2 2 10 1 1647 1695 1648
4356 2 2 10 1 1465 1466 1405
4357 2 2 10 1 1546 1547 1545
4358 2 2 10 1 1554 1555 1553
4359 2 2 10 1 995 3633 993
4360 2 2 10 1 744 745 743
4361 2 2 10 1 1936 2104 2103
4362 2 2 10 1 2535 2542 2541
4363 2 2 10 1 1548 1549 1547
4364 2 2 10 1 1743 1769 1768
4365 2 2 10 1 512 2804 515
4366 2 2 10 1 1285 1487 1486
4367 2 2 10 1 1533 3507 1451
4368 2 2 10 1 2012 2433 1824
4369 2 2 10 1 979 1093 1092
4370 2 2 10 1 1013 1014 1012
4371 2 2 10 1 1657 2123 2072
4372 2 2 10 1 3495 3535 1000
4373 2 2 10 1 1246 1248 1247
4374 2 2 10 1 2400 2401 2398
4375 2 2 10 1 2168 2169 2167
4376 2 2 10 1 867 1137 1136
4377 2 2 10 1 1067 3386 3385
4378 2 2 10 1 977 979 978
4379 2 2 10 1 592 593 591
4380 2 2 10 1 2119 2120 2118
4381 2 2 10 1 2675 2676 2432
4382 2 2 10 1 1345 1346 1344
4383 2 2 10 1 3230 3873 3229
4384 2 2 10 1 2102 2642 2452
4385 2 2 10 1 2971 3104 1337
4386 2 2 10 1 2493 2494 2284
4387 2 2 10 1 2495 2496 2494
4388 2 2 10 1 1457 1734 1169
4389 2 2 10 1 2361 2734 2362
4390 2 2 10 1 1212 1235 1234
4391 2 2 10 1 2309 2310 2047
4392 2 2 10 1 740 741 739
4393 2 2 10 1 2322 4452 3059
4394 2 2 10 1 1432 3463 1152
4395 2 2 10 1 1888 2307 1844
4396 2 2 10 1 2115 2116 2114
4397 2 2 10 1 2419 2806 2414
4398 2 2 10 1 1516 1518 1517
4399 2 2 10 1 942 3618 915
4400 2 2 10 1 1573 3405 3021
4401 2 2 10 1 1666 3404 812
4402 2 2 10 1 1009 1010 1008
4403 2 2 10 1 578 579 577
4404 2 2 10 1 996 997 995
4405 2 2 10 1 2210 2211 2209
4406 2 2 10 1 2359 2739 2360
4407 2 2 10 1 1811 3619 1578
4408 2 2 10 1 1096 1097 997
4409 2 2 10 1 2196 2296 2195
4410 2 2 10 1 2453 3350 2182
4411 2 2 10 1 732 733 731
4412 2 2 10 1 1055 3200 3199
4413 2 2 10 1 1227 1228 1223
4414 2 2 10 1 2739 2796 2740
4415 2 2 10 1 2208 2209 2164
4416 2 2 10 1 2796 2798 2797
4417 2 2 10 1 1222 1223 1219
4418 2 2 10 1 2798 2801 2799
4419 2 2 10 1 2351 2353 2352
4420 2 2 10 1 1942 2043 2042
4421 2 2 10 1 566 567 565
4422 2 2 10 1 1133 1135 1134
4423 2 2 10 1 316 4415 4369
4424 2 2 10 1 894 895 893
4425 2 2 10 1 1150 1390 1074
4426 2 2 10 1 2301 2619 2132
4427 2 2 10 1 1259 1261 1260
4428 2 2 10 1 1512 1514 1513
4429 2 2 10 1 2078 3159 2289
4430 2 2 10 1 908 909 906
4431 2 2 10 1 439 3466 437
4432 2 2 10 1 1261 1265 1263
4433 2 2 10 1 900 901 899
4434 2 2 10 1 451 3467 449
4435 2 2 10 1 1534 1535 1314
4436 2 2 10 1 443 3468 441
4437 2 2 10 1 2188 2306 2189
4438 2 2 10 1 447 3469 445
4439 2 2 10 1 896 897 895
4440 2 2 10 1 435 3465 433
4441 2 2 10 1 898 899 897
4442 2 2 10 1 493 3620 491
4443 2 2 10 1 905 906 901
4444 2 2 10 1 2345 2346 2281
4445 2 2 10 1 2140 3512 1138
4446 2 2 10 1 1695 2065 1718
4447 2 2 10 1 4203 4442 3573
4448 2 2 10 1 1154 1155 929
4449 2 2 10 1 575 3635 578
4450 2 2 10 1 1116 1118 1117
4451 2 2 10 1 2138 2532 2139
4452 2 2 10 1 1843 1939 1938
4453 2 2 10 1 2060 3344 2058
4454 2 2 10 1 1683 2058 1682
4455 2 2 10 1 692 1650 919
4456 2 2 10 1 951 953 952
4457 2 2 10 1 2108 2110 2109
4458 2 2 10 1 1992 1995 1994
4459 2 2 10 1 700 702 701
4460 2 2 10 1 1740 1857 1856
4461 2 2 10 1 2162 3740 3519
4462 2 2 10 1 702 704 703
4463 2 2 10 1 1769 2003 2002
4464 2 2 10 1 2502 2555 2333
4465 2 2 10 1 1137 1407 1406
4466 2 2 10 1 1810 1988 1811
4467 2 2 10 1 953 956 955
4468 2 2 10 1 1357 1358 1341
4469 2 2 10 1 956 958 957
4470 2 2 10 1 958 960 959
4471 2 2 10 1 914 941 915
4472 2 2 10 1 1995 1997 1996
4473 2 2 10 1 698 700 699
4474 2 2 10 1 1151 3628 1827
4475 2 2 10 1 1372 1682 475
4476 2 2 10 1 975 977 976
4477 2 2 10 1 2003 2630 2578
4478 2 2 10 1 1235 1243 1242
4479 2 2 10 1 2228 2556 2229
4480 2 2 10 1 1988 3364 1989
4481 2 2 10 1 947 3363 948
4482 2 2 10 1 2626 2828 2827
4483 2 2 10 1 2914 2917 2916
4484 2 2 10 1 941 947 942
4485 2 2 10 1 1868 3475 1866
4486 2 2 10 1 946 1708 1004
4487 2 2 10 1 3167 3542 661
4488 2 2 10 1 1650 2602 2429
4489 2 2 10 1 2966 2967 1946
4490 2 2 10 1 3225 3975 2963
4491 2 2 10 1 1417 3631 1499
4492 2 2 10 1 1976 3727 1975
4493 2 2 10 1 970 972 971
4494 2 2 10 1 1972 3280 1970
4495 2 2 10 1 3333 4417 4173
4496 2 2 10 1 1359 1715 1358
4497 2 2 10 1 2082 2381 1659
4498 2 2 10 1 1716 1928 1715
4499 2 2 10 1 1761 2179 2178
4500 2 2 10 1 1830 3000 2300
4501 2 2 10 1 2153 3354 1928
4502 2 2 10 1 1621 1623 1622
4503 2 2 10 1 1194 1701 1686
4504 2 2 10 1 492 527 495
4505 2 2 10 1 2506 2507 2260
4506 2 2 10 1 1532 1533 1451
4507 2 2 10 1 729 3659 732
4508 2 2 10 1 966 968 967
4509 2 2 10 1 1623 1625 1624
4510 2 2 10 1 1701 2271 2233
4511 2 2 10 1 1625 3366 1763
4512 2 2 10 1 1435 1436 1146
4513 2 2 10 1 1488 2140 1138
4514 2 2 10 1 2179 2181 2180
4515 2 2 10 1 3815 4160 2481
4516 2 2 10 1 2136 2138 2137
4517 2 2 10 1 3085 4024 3083
4518 2 2 10 1 696 3526 985
4519 2 2 10 1 962 964 963
4520 2 2 10 1 1615 1849 1848
4521 2 2 10 1 2014 2510 2436
4522 2 2 10 1 2794 3537 2791
4523 2 2 10 1 1849 2099 2098
4524 2 2 10 1 2904 4141 2463
4525 2 2 10 1 954 3648 1464
4526 2 2 10 1 2099 2413 2252
4527 2 2 10 1 1777 1778 1776
4528 2 2 10 1 2123 2573 2251
4529 2 2 10 1 1144 1447 1190
4530 2 2 10 1 1299 1816 1815
4531 2 2 10 1 2573 2742 2653
4532 2 2 10 1 2486 3424 2488
4533 2 2 10 1 1127 3425 1480
4534 2 2 10 1 609 611 610
4535 2 2 10 1 1654 1892 1533
4536 2 2 10 1 1038 3383 1040
4537 2 2 10 1 2230 3851 3155
4538 2 2 10 1 927 928 926
4539 2 2 10 1 2480 4117 4093
4540 2 2 10 1 1480 1833 1832
4541 2 2 10 1 2488 2491 2490
4542 2 2 10 1 3257 3875 1471
4543 2 2 10 1 2850 2851 2848
4544 2 2 10 1 2255 2256 2140
4545 2 2 10 1 1323 3654 1329
4546 2 2 10 1 2667 2669 2256
4547 2 2 10 1 791 3329 794
4548 2 2 10 1 803 3322 810
4549 2 2 10 1 985 2485 1123
4550 2 2 10 1 1937 3038 1709
4551 2 2 10 1 665 681 680
4552 2 2 10 1 4346 4506 2131
4553 2 2 10 1 940 3309 1286
4554 2 2 10 1 3045 3833 3043
4555 2 2 10 1 2620 2621 2264
4556 2 2 10 1 724 725 723
4557 2 2 10 1 2262 2264 2220
4558 2 2 10 1 2219 2220 2218
4559 2 2 10 1 2217 2218 2216
4560 2 2 10 1 1779 1780 1778
4561 2 2 10 1 1790 1791 1789
4562 2 2 10 1 1781 1782 1780
4563 2 2 10 1 1799 1800 1797
4564 2 2 10 1 1902 3367 1892
4565 2 2 10 1 1792 1793 1791
4566 2 2 10 1 1788 1789 1787
4567 2 2 10 1 2082 2714 2381
4568 2 2 10 1 1783 1785 1782
4569 2 2 10 1 2215 2216 1711
4570 2 2 10 1 1796 1797 1795
4571 2 2 10 1 1794 1795 1793
4572 2 2 10 1 1786 1787 1785
4573 2 2 10 1 1803 3352 3224
4574 2 2 10 1 1493 3457 495
4575 2 2 10 1 1860 1959 1755
4576 2 2 10 1 2053 3626 1640
4577 2 2 10 1 784 1271 782
4578 2 2 10 1 1098 3498 1072
4579 2 2 10 1 1102 3497 1100
4580 2 2 10 1 2684 4497 989
4581 2 2 10 1 3645 4335 2583
4582 2 2 10 1 1223 3480 1219
4583 2 2 10 1 484 3545 487
4584 2 2 10 1 2247 2575 1951
4585 2 2 10 1 2232 3483 2103
4586 2 2 10 1 2803 2856 2317
4587 2 2 10 1 2152 3422 502
4588 2 2 10 1 1570 3405 1573
4589 2 2 10 1 3164 3916 2894
4590 2 2 10 1 3810 3861 2597
4591 2 2 10 1 1475 2164 1267
4592 2 2 10 1 1884 3510 1820
4593 2 2 10 1 1956 2456 1385
4594 2 2 10 1 1152 2475 1076
4595 2 2 10 1 1601 2165 1530
4596 2 2 10 1 1579 3613 1575
4597 2 2 10 1 2052 2053 1640
4598 2 2 10 1 1921 3543 1590
4599 2 2 10 1 3290 4038 2730
4600 2 2 10 1 412 3538 415
4601 2 2 10 1 705 838 707
4602 2 2 10 1 2015 2225 1432
4603 2 2 10 1 2420 2421 1807
4604 2 2 10 1 787 3329 791
4605 2 2 10 1 1459 2188 1850
4606 2 2 10 1 470 3477 466
4607 2 2 10 1 1847 3276 3239
4608 2 2 10 1 2886 4409 377
4609 2 2 10 1 711 806 713
4610 2 2 10 1 717 721 719
4611 2 2 10 1 2331 2333 1735
4612 2 2 10 1 2928 2929 1280
4613 2 2 10 1 433 529 431
4614 2 2 10 1 437 1303 435
4615 2 2 10 1 441 511 439
4616 2 2 10 1 457 475 455
4617 2 2 10 1 449 494 447
4618 2 2 10 1 801 3322 803
4619 2 2 10 1 453 1304 451
4620 2 2 10 1 445 1305 443
4621 2 2 10 1 429 1506 427
4622 2 2 10 1 2259 2260 1726
4623 2 2 10 1 415 3444 417
4624 2 2 10 1 1864 2228 2227
4625 2 2 10 1 421 698 423
4626 2 2 10 1 417 1166 419
4627 2 2 10 1 620 625 624
4628 2 2 10 1 1408 3541 1669
4629 2 2 10 1 1852 3540 1460
4630 2 2 10 1 1188 3812 3670
4631 2 2 10 1 1639 3539 1770
4632 2 2 10 1 2273 2700 2155
4633 2 2 10 1 2017 2308 1868
4634 2 2 10 1 2240 2354 2241
4635 2 2 10 1 1866 2337 1852
4636 2 2 10 1 1669 2519 2518
4637 2 2 10 1 946 3408 1708
4638 2 2 10 1 1770 2552 1965
4639 2 2 10 1 2225 3463 1432
4640 2 2 10 1 3197 3198 3196
4641 2 2 10 1 475 3530 455
4642 2 2 10 1 2616 3523 2503
4643 2 2 10 1 1450 3461 1146
4644 2 2 10 1 619 3470 617
4645 2 2 10 1 2498 4143 2647
4646 2 2 10 1 2790 3740 2162
4647 2 2 10 1 511 3466 439
4648 2 2 10 1 1303 3465 435
4649 2 2 10 1 3110 3825 2431
4650 2 2 10 1 494 3469 447
4651 2 2 10 1 1304 3467 451
4652 2 2 10 1 1454 3458 1170
4653 2 2 10 1 1305 3468 443
4654 2 2 10 1 670 3476 644
4655 2 2 10 1 3423 3658 3521
4656 2 2 10 1 2009 3616 2006
4657 2 2 10 1 3048 3602 3050
4658 2 2 10 1 697 3309 940
4659 2 2 10 1 2886 4316 2514
4660 2 2 10 1 1337 3104 1340
4661 2 2 10 1 939 3472 691
4662 2 2 10 1 453 3530 1304
4663 2 2 10 1 2468 3669 1698
4664 2 2 10 1 802 3456 800
4665 2 2 10 1 844 3462 836
4666 2 2 10 1 2308 3475 1868
4667 2 2 10 1 3064 3065 1945
4668 2 2 10 1 1104 1655 1102
4669 2 2 10 1 3095 4397 2278
4670 2 2 10 1 2581 4021 3195
4671 2 2 10 1 935 1711 695
4672 2 2 10 1 1100 1567 1098
4673 2 2 10 1 1072 1307 987
4674 2 2 10 1 1105 1144 1128
4675 2 2 10 1 1307 3646 987
4676 2 2 10 1 1429 3479 1725
4677 2 2 10 1 1126 3482 1449
4678 2 2 10 1 1127 3491 3425
4679 2 2 10 1 1699 3673 1730
4680 2 2 10 1 1923 2403 1884
4681 2 2 10 1 1820 2326 1818
4682 2 2 10 1 1540 3486 1539
4683 2 2 10 1 1463 3618 949
4684 2 2 10 1 2021 3619 1990
4685 2 2 10 1 1238 3485 1368
4686 2 2 10 1 3375 3376 976
4687 2 2 10 1 3663 3811 3228
4688 2 2 10 1 871 3490 872
4689 2 2 10 1 626 3663 624
4690 2 2 10 1 1105 1128 1104
4691 2 2 10 1 1461 3620 497
4692 2 2 10 1 1818 3605 1386
4693 2 2 10 1 3202 3733 1213
4694 2 2 10 1 2471 3511 2353
4695 2 2 10 1 1163 3492 1161
4696 2 2 10 1 1320 3675 1702
4697 2 2 10 1 3166 3167 661
4698 2 2 10 1 1251 3493 1254
4699 2 2 10 1 870 3494 868
4700 2 2 10 1 2680 4422 2461
4701 2 2 10 1 1192 3495 1000
4702 2 2 10 1 471 476 473
4703 2 2 10 1 3073 3078 3070
4704 2 2 10 1 3185 3186 2149
4705 2 2 10 1 2852 3845 172
4706 2 2 10 1 1599 3496 1747
4707 2 2 10 1 4114 4512 2478
4708 2 2 10 1 1905 3881 2420
4709 2 2 10 1 2862 4044 788
4710 2 2 10 1 2298 3877 2385
4711 2 2 10 1 1631 3488 1553
4712 2 2 10 1 1690 3489 1545
4713 2 2 10 1 930 3819 926
4714 2 2 10 1 499 2152 502
4715 2 2 10 1 1604 3745 3243
4716 2 2 10 1 1691 3910 1961
4717 2 2 10 1 1231 3502 1822
4718 2 2 10 1 1630 3276 1847
4719 2 2 10 1 3956 4256 3289
4720 2 2 10 1 2812 2824 1713
4721 2 2 10 1 3156 3632 3157
4722 2 2 10 1 1754 1860 1755
4723 2 2 10 1 3260 3730 1191
4724 2 2 10 1 1451 3507 1687
4725 2 2 10 1 2007 3628 2071
4726 2 2 10 1 2456 3428 1385
4727 2 2 10 1 656 3501 676
4728 2 2 10 1 502 3422 504
4729 2 2 10 1 1657 3625 2123
4730 2 2 10 1 1138 3512 1139
4731 2 2 10 1 1416 3629 1109
4732 2 2 10 1 3087 3088 2020
4733 2 2 10 1 1567 3498 1098
4734 2 2 10 1 1375 3513 1256
4735 2 2 10 1 638 3515 643
4736 2 2 10 1 862 3514 864
4737 2 2 10 1 1266 3509 1259
4738 2 2 10 1 2241 3522 2238
4739 2 2 10 1 1296 3508 1636
4740 2 2 10 1 316 4369 3591
4741 2 2 10 1 1906 3631 2535
4742 2 2 10 1 3323 3634 2185
4743 2 2 10 1 1167 3477 470
4744 2 2 10 1 3422 3521 507
4745 2 2 10 1 2164 3516 1267
4746 2 2 10 1 524 3525 519
4747 2 2 10 1 1655 3497 1102
4748 2 2 10 1 1233 3431 1204
4749 2 2 10 1 985 3526 2485
4750 2 2 10 1 1663 3346 1518
4751 2 2 10 1 2165 3518 1530
4752 2 2 10 1 2421 3432 1807
4753 2 2 10 1 1186 3520 1411
4754 2 2 10 1 858 3434 856
4755 2 2 10 1 3109 3651 1318
4756 2 2 10 1 1617 3635 2361
4757 2 2 10 1 705 3519 838
4758 2 2 10 1 2108 3473 2110
4759 2 2 10 1 2792 2793 2085
4760 2 2 10 1 1292 1293 1091
4761 2 2 10 1 3592 3593 543
4762 2 2 10 1 1087 3410 1085
4763 2 2 10 1 1085 1089 1083
4764 2 2 10 1 2403 3510 1884
4765 2 2 10 1 1773 3613 1579
4766 2 2 10 1 1081 1289 1079
4767 2 2 10 1 1591 2425 1412
4768 2 2 10 1 1662 2186 1589
4769 2 2 10 1 1187 1643 944
4770 2 2 10 1 1174 3639 1272
4771 2 2 10 1 2057 3263 1489
4772 2 2 10 1 3006 4193 513
4773 2 2 10 1 2282 2722 1762
4774 2 2 10 1 2303 2311 808
4775 2 2 10 1 2207 4435 2718
4776 2 2 10 1 1112 3718 670
4777 2 2 10 1 3492 3830 2190
4778 2 2 10 1 528 3445 523
4779 2 2 10 1 2409 3769 2875
4780 2 2 10 1 632 2207 623
4781 2 2 10 1 644 645 639
4782 2 2 10 1 1142 2056 1140
4783 2 2 10 1 3280 4449 1110
4784 2 2 10 1 2031 3659 2758
4785 2 2 10 1 2868 3840 208
4786 2 2 10 1 1371 2291 1301
4787 2 2 10 1 4171 4468 2934
4788 2 2 10 1 3280 3281 1970
4789 2 2 10 1 1955 2144 1688
4790 2 2 10 1 2149 3399 2148
4791 2 2 10 1 2712 4102 2500
4792 2 2 10 1 1000 3535 917
4793 2 2 10 1 1758 3688 2565
4794 2 2 10 1 1826 3624 1077
4795 2 2 10 1 975 3481 977
4796 2 2 10 1 2669 3805 2256
4797 2 2 10 1 1576 3648 1810
4798 2 2 10 1 1945 3156 1662
4799 2 2 10 1 3175 3542 3167
4800 2 2 10 1 599 3812 602
4801 2 2 10 1 2921 2924 2923
4802 2 2 10 1 1822 3728 1974
4803 2 2 10 1 1555 1748 1632
4804 2 2 10 1 2321 2610 2517
4805 2 2 10 1 1310 1404 1403
4806 2 2 10 1 1607 3060 3059
4807 2 2 10 1 864 3735 866
4808 2 2 10 1 1494 3732 1375
4809 2 2 10 1 3433 3688 1758
4810 2 2 10 1 1977 2046 1979
4811 2 2 10 1 1237 1309 1241
4812 2 2 10 1 1734 3333 2062
4813 2 2 10 1 2310 2394 2393
4814 2 2 10 1 1193 1878 1505
4815 2 2 10 1 1230 1236 1232
4816 2 2 10 1 913 994 993
4817 2 2 10 1 3244 3748 1300
4818 2 2 10 1 1097 1168 1126
4819 2 2 10 1 1441 1855 1443
4820 2 2 10 1 1470 3651 1843
4821 2 2 10 1 1445 1733 1522
4822 2 2 10 1 1437 1861 1439
4823 2 2 10 1 2524 3280 1972
4824 2 2 10 1 1897 2177 1746
4825 2 2 10 1 1471 3743 1472
4826 2 2 10 1 1215 1218 1217
4827 2 2 10 1 1603 2245 1874
4828 2 2 10 1 3851 4418 3588
4829 2 2 10 1 1202 1233 1204
4830 2 2 10 1 1196 1226 1198
4831 2 2 10 1 2258 2545 2544
4832 2 2 10 1 1502 2162 1308
4833 2 2 10 1 2349 2350 1825
4834 2 2 10 1 888 892 891
4835 2 2 10 1 1162 1313 1164
4836 2 2 10 1 876 1302 878
4837 2 2 10 1 854 858 856
4838 2 2 10 1 869 1814 871
4839 2 2 10 1 861 983 907
4840 2 2 10 1 1252 3427 1250
4841 2 2 10 1 880 886 882
4842 2 2 10 1 1257 1258 1255
4843 2 2 10 1 615 3921 618
4844 2 2 10 1 2565 4330 2564
4845 2 2 10 1 909 3337 911
4846 2 2 10 1 1389 1527 1265
4847 2 2 10 1 1927 2328 2327
4848 2 2 10 1 532 1627 852
4849 2 2 10 1 1535 1924 1653
4850 2 2 10 1 2194 3616 2009
4851 2 2 10 1 2388 2880 2065
4852 2 2 10 1 3228 3811 2097
4853 2 2 10 1 1743 1768 1434
4854 2 2 10 1 1250 1253 1248
4855 2 2 10 1 1312 3334 1046
4856 2 2 10 1 1495 2012 1824
4857 2 2 10 1 527 1758 1694
4858 2 2 10 1 1185 2762 1279
4859 2 2 10 1 2240 2241 2238
4860 2 2 10 1 1262 1478 1477
4861 2 2 10 1 1829 2400 2398
4862 2 2 10 1 867 1136 865
4863 2 2 10 1 875 2343 873
4864 2 2 10 1 1647 1648 1407
4865 2 2 10 1 1559 1645 1560
4866 2 2 10 1 2401 2674 2673
4867 2 2 10 1 1212 1234 1210
4868 2 2 10 1 1246 1247 1243
4869 2 2 10 1 1969 2335 1597
4870 2 2 10 1 1239 1600 1225
4871 2 2 10 1 1971 2419 2414
4872 2 2 10 1 1598 1888 1844
4873 2 2 10 1 3608 3967 1557
4874 2 2 10 1 2305 2654 1980
4875 2 2 10 1 1973 2356 1821
4876 2 2 10 1 1276 1425 1424
4877 2 2 10 1 845 3408 946
4878 2 2 10 1 415 3538 3444
4879 2 2 10 1 1675 3363 947
4880 2 2 10 1 1942 2042 1606
4881 2 2 10 1 2699 3364 1988
4882 2 2 10 1 1812 2384 1985
4883 2 2 10 1 4228 4260 2010
4884 2 2 10 1 2160 3433 490
4885 2 2 10 1 529 3517 3443
4886 2 2 10 1 674 3823 3798
4887 2 2 10 1 462 3656 461
4888 2 2 10 1 1315 3338 753
4889 2 2 10 1 1065 1069 1068
4890 2 2 10 1 3168 3174 3167
4891 2 2 10 1 616 3340 603
4892 2 2 10 1 2976 3618 1463
4893 2 2 10 1 2004 3994 2895
4894 2 2 10 1 2720 3619 2021
4895 2 2 10 1 539 543 542
4896 2 2 10 1 3443 3517 3438
4897 2 2 10 1 1061 1063 1062
4898 2 2 10 1 3187 3188 3186
4899 2 2 10 1 1294 1295 1293
4900 2 2 10 1 2626 2827 2050
4901 2 2 10 1 2914 2916 2912
4902 2 2 10 1 2143 3366 1625
4903 2 2 10 1 2238 3522 1383
4904 2 2 10 1 1669 3541 2519
4905 2 2 10 1 2337 3540 1852
4906 2 2 10 1 1770 3539 2552
4907 2 2 10 1 692 3630 1650
4908 2 2 10 1 1052 1054 1053
4909 2 2 10 1 1296 1297 1295
4910 2 2 10 1 2583 2584 2191
4911 2 2 10 1 2066 2885 2514
4912 2 2 10 1 1506 3443 3438
4913 2 2 10 1 1506 3438 3437
4914 2 2 10 1 3434 3529 859
4915 2 2 10 1 816 3348 733
4916 2 2 10 1 1046 1048 1047
4917 2 2 10 1 2975 3620 1461
4918 2 2 10 1 2481 2492 2056
4919 2 2 10 1 938 1127 937
4920 2 2 10 1 1360 3349 567
4921 2 2 10 1 646 647 645
4922 2 2 10 1 1111 1488 1138
4923 2 2 10 1 3224 3352 3227
4924 2 2 10 1 1436 1532 1451
4925 2 2 10 1 3022 3982 1122
4926 2 2 10 1 2333 3691 1735
4927 2 2 10 1 689 937 688
4928 2 2 10 1 1143 1435 1146
4929 2 2 10 1 1712 3353 1628
4930 2 2 10 1 1951 3333 1734
4931 2 2 10 1 1036 1038 1037
4932 2 2 10 1 656 657 655
4933 2 2 10 1 1097 3428 1168
4934 2 2 10 1 650 651 649
4935 2 2 10 1 2110 3392 2286
4936 2 2 10 1 648 649 647
4937 2 2 10 1 654 655 653
4938 2 2 10 1 652 653 651
4939 2 2 10 1 658 659 657
4940 2 2 10 1 3170 3181 3180
4941 2 2 10 1 2145 2146 2144
4942 2 2 10 1 1592 2330 1958
4943 2 2 10 1 2147 2148 2146
4944 2 2 10 1 1398 3398 1317
4945 2 2 10 1 2871 4036 1353
4946 2 2 10 1 1032 1034 1033
4947 2 2 10 1 547 3445 528
4948 2 2 10 1 2039 2041 2040
4949 2 2 10 1 1490 1777 1776
4950 2 2 10 1 759 761 760
4951 2 2 10 1 2130 2174 2173
4952 2 2 10 1 471 473 470
4953 2 2 10 1 1748 1899 1749
4954 2 2 10 1 1076 3337 909
4955 2 2 10 1 2028 2030 2029
4956 2 2 10 1 1028 1030 1029
4957 2 2 10 1 2491 2527 2490
4958 2 2 10 1 1574 2977 2976
4959 2 2 10 1 1520 3699 1745
4960 2 2 10 1 1833 2191 1832
4961 2 2 10 1 2054 2832 2451
4962 2 2 10 1 1899 2278 1900
4963 2 2 10 1 4372 4433 3102
4964 2 2 10 1 1535 3432 1924
4965 2 2 10 1 1707 3612 1355
4966 2 2 10 1 753 755 754
4967 2 2 10 1 1048 1050 1049
4968 2 2 10 1 603 605 604
4969 2 2 10 1 1695 3909 2101
4970 2 2 10 1 1691 1961 1692
4971 2 2 10 1 1022 1024 1023
4972 2 2 10 1 2485 2486 1123
4973 2 2 10 1 681 688 680
4974 2 2 10 1 1404 1465 1405
4975 2 2 10 1 1542 1544 1543
4976 2 2 10 1 1550 1552 1551
4977 2 2 10 1 2057 3503 3263
4978 2 2 10 1 2924 2926 2925
4979 2 2 10 1 1087 3504 3410
4980 2 2 10 1 749 751 750
4981 2 2 10 1 1081 3505 1289
4982 2 2 10 1 1465 1542 1466
4983 2 2 10 1 1327 1357 1341
4984 2 2 10 1 1548 1550 1549
4985 2 2 10 1 1544 1546 1545
4986 2 2 10 1 1552 1554 1553
4987 2 2 10 1 2394 2675 2432
4988 2 2 10 1 1038 1040 1039
4989 2 2 10 1 597 599 598
4990 2 2 10 1 1040 1042 1041
4991 2 2 10 1 1042 1044 1043
4992 2 2 10 1 1168 1457 1169
4993 2 2 10 1 1018 1020 1019
4994 2 2 10 1 1546 1548 1547
4995 2 2 10 1 2046 2309 2047
4996 2 2 10 1 487 2160 490
4997 2 2 10 1 3236 3315 3233
4998 2 2 10 1 1187 3506 1643
4999 2 2 10 1 745 747 746
5000 2 2 10 1 1428 3459 1812
5001 2 2 10 1 837 3408 845
5002 2 2 10 1 994 996 995
5003 2 2 10 1 2071 3628 2721
5004 2 2 10 1 1878 2453 2182
5005 2 2 10 1 1733 1962 1920
5006 2 2 10 1 593 595 594
5007 2 2 10 1 2169 2171 2170
5008 2 2 10 1 1014 1016 1015
5009 2 2 10 1 521 3319 518
5010 2 2 10 1 1346 1348 1347
5011 2 2 10 1 1457 1951 1734
5012 2 2 10 1 527 3433 1758
5013 2 2 10 1 2041 2617 2158
5014 2 2 10 1 761 763 762
5015 2 2 10 1 1173 3499 672
5016 2 2 10 1 1218 1222 1219
5017 2 2 10 1 2210 2212 2211
5018 2 2 10 1 927 1154 929
5019 2 2 10 1 3089 3091 3088
5020 2 2 10 1 2097 3834 3515
5021 2 2 10 1 765 767 766
5022 2 2 10 1 2351 2352 2350
5023 2 2 10 1 769 771 770
5024 2 2 10 1 773 775 774
5025 2 2 10 1 775 777 776
5026 2 2 10 1 777 779 778
5027 2 2 10 1 771 773 772
5028 2 2 10 1 763 765 764
5029 2 2 10 1 767 769 768
5030 2 2 10 1 741 743 742
5031 2 2 10 1 2174 2500 2313
5032 2 2 10 1 2390 2790 2162
5033 2 2 10 1 2208 2210 2209
5034 2 2 10 1 1096 3428 1097
5035 2 2 10 1 2037 2167 2166
5036 2 2 10 1 1814 2301 2132
5037 2 2 10 1 1758 2565 2564
5038 2 2 10 1 579 581 580
5039 2 2 10 1 983 1150 1074
5040 2 2 10 1 1761 3637 2179
5041 2 2 10 1 1313 1534 1314
5042 2 2 10 1 1010 1012 1011
5043 2 2 10 1 892 894 893
5044 2 2 10 1 996 1096 997
5045 2 2 10 1 1765 2707 2157
5046 2 2 10 1 2306 2624 2189
5047 2 2 10 1 2116 2118 2117
5048 2 2 10 1 1526 1663 1518
5049 2 2 10 1 1259 1260 1258
5050 2 2 10 1 1838 3629 1416
5051 2 2 10 1 1227 1267 1228
5052 2 2 10 1 755 757 756
5053 2 2 10 1 1222 1227 1223
5054 2 2 10 1 1695 1718 1648
5055 2 2 10 1 733 735 734
5056 2 2 10 1 1261 1263 1260
5057 2 2 10 1 605 607 606
5058 2 2 10 1 1891 2114 2113
5059 2 2 10 1 2353 2605 2352
5060 2 2 10 1 999 1006 1005
5061 2 2 10 1 894 896 895
5062 2 2 10 1 898 900 899
5063 2 2 10 1 905 908 906
5064 2 2 10 1 1150 1530 1390
5065 2 2 10 1 1024 1026 1025
5066 2 2 10 1 2301 2709 2619
5067 2 2 10 1 2817 2819 2818
5068 2 2 10 1 607 609 608
5069 2 2 10 1 908 1076 909
5070 2 2 10 1 896 898 897
5071 2 2 10 1 900 905 901
5072 2 2 10 1 1671 1673 1672
5073 2 2 10 1 567 569 568
5074 2 2 10 1 1515 1516 1514
5075 2 2 10 1 1628 1949 1629
5076 2 2 10 1 1534 3432 1535
5077 2 2 10 1 1769 2002 1768
5078 2 2 10 1 982 1652 1651
5079 2 2 10 1 2012 2571 2433
5080 2 2 10 1 2083 3320 3319
5081 2 2 10 1 2193 2195 2194
5082 2 2 10 1 727 729 728
5083 2 2 10 1 1137 1406 1136
5084 2 2 10 1 2240 3604 2354
5085 2 2 10 1 1726 3484 1431
5086 2 2 10 1 2060 3345 3344
5087 2 2 10 1 1683 2060 2058
5088 2 2 10 1 2535 3631 3126
5089 2 2 10 1 704 705 703
5090 2 2 10 1 599 601 600
5091 2 2 10 1 1372 1683 1682
5092 2 2 10 1 559 561 560
5093 2 2 10 1 700 701 699
5094 2 2 10 1 1085 3410 1089
5095 2 2 10 1 1235 1242 1234
5096 2 2 10 1 702 703 701
5097 2 2 10 1 1509 1510 1508
5098 2 2 10 1 1154 1418 1155
5099 2 2 10 1 2556 2557 2229
5100 2 2 10 1 1132 1133 1118
5101 2 2 10 1 469 472 471
5102 2 2 10 1 1888 2536 2307
5103 2 2 10 1 2005 2713 2371
5104 2 2 10 1 2003 2578 2002
5105 2 2 10 1 923 924 922
5106 2 2 10 1 857 3606 855
5107 2 2 10 1 814 3862 2867
5108 2 2 10 1 2123 3625 2574
5109 2 2 10 1 2105 2106 2104
5110 2 2 10 1 2295 3610 2506
5111 2 2 10 1 1956 2457 2456
5112 2 2 10 1 1348 1350 1349
5113 2 2 10 1 1115 1116 1093
5114 2 2 10 1 1475 2208 2164
5115 2 2 10 1 1350 1352 1351
5116 2 2 10 1 2477 2530 2332
5117 2 2 10 1 2052 2317 2053
5118 2 2 10 1 492 3433 527
5119 2 2 10 1 2496 2809 2704
5120 2 2 10 1 2043 2187 2042
5121 2 2 10 1 1357 1359 1358
5122 2 2 10 1 581 583 582
5123 2 2 10 1 2361 3635 2972
5124 2 2 10 1 2906 3823 674
5125 2 2 10 1 2015 2592 2225
5126 2 2 10 1 2420 2585 2421
5127 2 2 10 1 3180 3614 3173
5128 2 2 10 1 2188 2189 1850
5129 2 2 10 1 1914 2102 1663
5130 2 2 10 1 1359 1716 1715
5131 2 2 10 1 587 589 588
5132 2 2 10 1 1716 2153 1928
5133 2 2 10 1 585 587 586
5134 2 2 10 1 589 591 590
5135 2 2 10 1 583 585 584
5136 2 2 10 1 339 4411 2778
5137 2 2 10 1 1203 3608 1201
5138 2 2 10 1 1335 1337 1336
5139 2 2 10 1 875 3636 2343
5140 2 2 10 1 1333 1335 1334
5141 2 2 10 1 1340 1344 1343
5142 2 2 10 1 1337 1340 1339
5143 2 2 10 1 1331 1333 1332
5144 2 2 10 1 2417 2600 2599
5145 2 2 10 1 974 975 972
5146 2 2 10 1 3027 3919 2267
5147 2 2 10 1 1658 3607 2082
5148 2 2 10 1 1272 3639 2246
5149 2 2 10 1 735 737 736
5150 2 2 10 1 806 3527 713
5151 2 2 10 1 1329 1331 1330
5152 2 2 10 1 737 739 738
5153 2 2 10 1 1006 1008 1007
5154 2 2 10 1 569 571 570
5155 2 2 10 1 573 575 574
5156 2 2 10 1 2331 2502 2333
5157 2 2 10 1 571 573 572
5158 2 2 10 1 575 577 576
5159 2 2 10 1 1673 2445 1741
5160 2 2 10 1 2326 3605 1818
5161 2 2 10 1 1949 2505 1950
5162 2 2 10 1 969 970 968
5163 2 2 10 1 1652 1752 1693
5164 2 2 10 1 429 3443 1506
5165 2 2 10 1 3558 4126 3943
5166 2 2 10 1 457 1372 475
5167 2 2 10 1 3317 3976 393
5168 2 2 10 1 698 699 423
5169 2 2 10 1 729 731 730
5170 2 2 10 1 1752 1754 1753
5171 2 2 10 1 2228 2229 2227
5172 2 2 10 1 3986 4036 2871
5173 2 2 10 1 561 563 562
5174 2 2 10 1 1031 4007 3409
5175 2 2 10 1 563 565 564
5176 2 2 10 1 1511 1512 1510
5177 2 2 10 1 758 3929 759
5178 2 2 10 1 3150 3457 1493
5179 2 2 10 1 2340 2341 2339
5180 2 2 10 1 965 966 964
5181 2 2 10 1 1365 1691 1563
5182 2 2 10 1 338 4290 3121
5183 2 2 10 1 925 926 924
5184 2 2 10 1 938 3491 1127
5185 2 2 10 1 2944 3942 3898
5186 2 2 10 1 2371 3624 1826
5187 2 2 10 1 2135 2136 1939
5188 2 2 10 1 2107 2108 2106
5189 2 2 10 1 961 962 960
5190 2 2 10 1 2364 2365 1857
5191 2 2 10 1 1532 1654 1533
5192 2 2 10 1 1998 1999 1997
5193 2 2 10 1 2369 2699 1988
5194 2 2 10 1 1496 1675 947
5195 2 2 10 1 785 3863 787
5196 2 2 10 1 3308 4220 3187
5197 2 2 10 1 2511 4364 3771
5198 2 2 10 1 2094 2095 1772
5199 2 2 10 1 3817 4444 2586
5200 2 2 10 1 2603 2604 2602
5201 2 2 10 1 1771 1772 1684
5202 2 2 10 1 1488 2255 2140
5203 2 2 10 1 1654 1902 1892
5204 2 2 10 1 482 3545 484
5205 2 2 10 1 779 780 778
5206 2 2 10 1 2255 2667 2256
5207 2 2 10 1 2142 2143 1625
5208 2 2 10 1 2336 2612 2271
5209 2 2 10 1 476 3474 479
5210 2 2 10 1 1777 1779 1778
5211 2 2 10 1 1810 3648 2369
5212 2 2 10 1 2473 2568 1982
5213 2 2 10 1 2262 2620 2264
5214 2 2 10 1 2620 2834 2621
5215 2 2 10 1 2217 2219 2218
5216 2 2 10 1 2219 2262 2220
5217 2 2 10 1 2215 2217 2216
5218 2 2 10 1 792 3611 789
5219 2 2 10 1 2393 4129 2392
5220 2 2 10 1 1779 1781 1780
5221 2 2 10 1 1788 1790 1789
5222 2 2 10 1 1790 1792 1791
5223 2 2 10 1 1798 3800 3742
5224 2 2 10 1 1781 1783 1782
5225 2 2 10 1 1448 1767 1447
5226 2 2 10 1 357 4377 3127
5227 2 2 10 1 3837 4056 2964
5228 2 2 10 1 2151 2539 1999
5229 2 2 10 1 1736 2477 2332
5230 2 2 10 1 1889 2874 2873
5231 2 2 10 1 1792 1794 1793
5232 2 2 10 1 1796 1799 1797
5233 2 2 10 1 1783 1786 1785
5234 2 2 10 1 1794 1796 1795
5235 2 2 10 1 2881 2882 2365
5236 2 2 10 1 1786 1788 1787
5237 2 2 10 1 1911 3607 1658
5238 2 2 10 1 1428 1812 1757
5239 2 2 10 1 1800 3992 3905
5240 2 2 10 1 1813 2014 1675
5241 2 2 10 1 2784 4370 3904
5242 2 2 10 1 3121 4235 338
5243 2 2 10 1 1419 2222 1679
5244 2 2 10 1 1649 3909 1647
5245 2 2 10 1 1843 3651 2135
5246 2 2 10 1 1250 3427 1253
5247 2 2 10 1 2290 2595 2143
5248 2 2 10 1 1319 2223 1321
5249 2 2 10 1 1323 1329 1325
5250 2 2 10 1 3344 4292 2498
5251 2 2 10 1 935 2215 1711
5252 2 2 10 1 1366 2448 1529
5253 2 2 10 1 2239 2417 2416
5254 2 2 10 1 1696 2468 1698
5255 2 2 10 1 1799 3647 1800
5256 2 2 10 1 1700 1896 1895
5257 2 2 10 1 2338 2339 1904
5258 2 2 10 1 1574 3613 2977
5259 2 2 10 1 661 3542 659
5260 2 2 10 1 1297 3421 1299
5261 2 2 10 1 2100 3926 1848
5262 2 2 10 1 2749 2751 2111
5263 2 2 10 1 2595 3690 2143
5264 2 2 10 1 1923 2497 2403
5265 2 2 10 1 1252 3528 3427
5266 2 2 10 1 1528 1684 1131
5267 2 2 10 1 2013 2430 1894
5268 2 2 10 1 1699 1730 1697
5269 2 2 10 1 3425 4231 3645
5270 2 2 10 1 2407 2408 1836
5271 2 2 10 1 1184 4177 3001
5272 2 2 10 1 1267 3516 1228
5273 2 2 10 1 2684 2685 1953
5274 2 2 10 1 1835 1836 1564
5275 2 2 10 1 2687 2688 1382
5276 2 2 10 1 1320 1702 820
5277 2 2 10 1 3189 3905 3188
5278 2 2 10 1 2470 3543 1921
5279 2 2 10 1 1324 1326 1322
5280 2 2 10 1 1530 3518 1390
5281 2 2 10 1 479 3474 532
5282 2 2 10 1 2719 4506 4346
5283 2 2 10 1 1247 3797 3297
5284 2 2 10 1 1420 1907 669
5285 2 2 10 1 1967 1982 1680
5286 2 2 10 1 704 3519 705
5287 2 2 10 1 3207 3623 3099
5288 2 2 10 1 3478 3656 465
5289 2 2 10 1 1650 3630 2603
5290 2 2 10 1 532 3474 1627
5291 2 2 10 1 2532 4412 2707
5292 2 2 10 1 3461 3829 1145
5293 2 2 10 1 2479 2482 1561
5294 2 2 10 1 1324 1327 1326
5295 2 2 10 1 1575 3613 1574
5296 2 2 10 1 1859 2315 1367
5297 2 2 10 1 2560 2561 1473
5298 2 2 10 1 2348 3759 3330
5299 2 2 10 1 4335 4392 2583
5300 2 2 10 1 3742 3800 2277
5301 2 2 10 1 4092 4148 2877
5302 2 2 10 1 3220 4031 1379
5303 2 2 10 1 2480 4093 2479
5304 2 2 10 1 465 3656 462
5305 2 2 10 1 714 3899 3282
5306 2 2 10 1 1698 3669 1700
5307 2 2 10 1 932 3624 930
5308 2 2 10 1 2005 3616 2713
5309 2 2 10 1 269 3549 268
5310 2 2 10 1 270 3551 269
5311 2 2 10 1 52 344 51
5312 2 2 10 1 174 345 173
5313 2 2 10 1 268 343 267
5314 2 2 10 1 246 346 245
5315 2 2 10 1 102 348 101
5316 2 2 10 1 30 347 29
5317 2 2 10 1 124 342 123
5318 2 2 10 1 196 341 195
5319 2 2 10 1 222 3557 221
5320 2 2 10 1 6 3558 5
5321 2 2 10 1 171 309 170
5322 2 2 10 1 243 310 242
5323 2 2 10 1 127 305 126
5324 2 2 10 1 55 306 54
5325 2 2 10 1 99 312 98
5326 2 2 10 1 27 311 26
5327 2 2 10 1 199 307 198
5328 2 2 10 1 271 308 270
5329 2 2 10 1 175 3546 174
5330 2 2 10 1 51 409 50
5331 2 2 10 1 267 3548 266
5332 2 2 10 1 2053 3861 3810
5333 2 2 10 1 223 405 222
5334 2 2 10 1 79 406 78
5335 2 2 10 1 7 408 6
5336 2 2 10 1 147 401 146
5337 2 2 10 1 219 402 218
5338 2 2 10 1 75 404 74
5339 2 2 10 1 291 403 290
5340 2 2 10 1 151 407 150
5341 2 2 10 1 98 3550 97
5342 2 2 10 1 122 373 121
5343 2 2 10 1 50 374 49
5344 2 2 10 1 194 371 193
5345 2 2 10 1 266 372 265
5346 2 2 10 1 146 3555 145
5347 2 2 10 1 218 3556 217
5348 2 2 10 1 74 3553 73
5349 2 2 10 1 290 3554 289
5350 2 2 10 1 224 3561 223
5351 2 2 10 1 80 3560 79
5352 2 2 10 1 8 3559 7
5353 2 2 10 1 177 298 176
5354 2 2 10 1 249 299 248
5355 2 2 10 1 33 297 32
5356 2 2 10 1 105 300 104
5357 2 2 10 1 49 3569 48
5358 2 2 10 1 265 3567 264
5359 2 2 10 1 121 3570 120
5360 2 2 10 1 193 3566 192
5361 2 2 10 1 153 368 152
5362 2 2 10 1 225 367 224
5363 2 2 10 1 81 365 80
5364 2 2 10 1 9 366 8
5365 2 2 10 1 145 361 144
5366 2 2 10 1 217 362 216
5367 2 2 10 1 73 364 72
5368 2 2 10 1 289 363 288
5369 2 2 10 1 96 356 95
5370 2 2 10 1 168 357 167
5371 2 2 10 1 130 353 129
5372 2 2 10 1 58 359 57
5373 2 2 10 1 24 354 23
5374 2 2 10 1 240 355 239
5375 2 2 10 1 202 358 201
5376 2 2 10 1 274 360 273
5377 2 2 10 1 48 303 47
5378 2 2 10 1 192 302 191
5379 2 2 10 1 264 304 263
5380 2 2 10 1 120 301 119
5381 2 2 10 1 34 3563 33
5382 2 2 10 1 106 3562 105
5383 2 2 10 1 2194 3890 2955
5384 2 2 10 1 10 3564 9
5385 2 2 10 1 239 3565 238
5386 2 2 10 1 1562 1564 1364
5387 2 2 10 1 179 384 178
5388 2 2 10 1 251 383 250
5389 2 2 10 1 35 369 34
5390 2 2 10 1 107 370 106
5391 2 2 10 1 263 3568 262
5392 2 2 10 1 287 3571 286
5393 2 2 10 1 238 3572 237
5394 2 2 10 1 949 3618 942
5395 2 2 10 1 1990 3619 1811
5396 2 2 10 1 108 3577 107
5397 2 2 10 1 180 3578 179
5398 2 2 10 1 36 3580 35
5399 2 2 10 1 252 3574 251
5400 2 2 10 1 262 3581 261
5401 2 2 10 1 156 340 155
5402 2 2 10 1 228 338 227
5403 2 2 10 1 84 339 83
5404 2 2 10 1 12 336 11
5405 2 2 10 1 142 333 141
5406 2 2 10 1 214 334 213
5407 2 2 10 1 70 335 69
5408 2 2 10 1 286 337 285
5409 2 2 10 1 2324 2367 1881
5410 2 2 10 1 61 319 60
5411 2 2 10 1 165 317 164
5412 2 2 10 1 237 318 236
5413 2 2 10 1 205 313 204
5414 2 2 10 1 93 315 92
5415 2 2 10 1 277 320 276
5416 2 2 10 1 21 316 20
5417 2 2 10 1 133 314 132
5418 2 2 10 1 1894 3673 1699
5419 2 2 10 1 181 329 180
5420 2 2 10 1 117 349 116
5421 2 2 10 1 45 351 44
5422 2 2 10 1 37 331 36
5423 2 2 10 1 109 330 108
5424 2 2 10 1 253 332 252
5425 2 2 10 1 189 350 188
5426 2 2 10 1 261 352 260
5427 2 2 10 1 1929 3638 3202
5428 2 2 10 1 141 3585 140
5429 2 2 10 1 13 3586 12
5430 2 2 10 1 134 3573 133
5431 2 2 10 1 20 3591 19
5432 2 2 10 1 236 3590 235
5433 2 2 10 1 164 3589 163
5434 2 2 10 1 110 3576 109
5435 2 2 10 1 254 3575 253
5436 2 2 10 1 182 3579 181
5437 2 2 10 1 260 3582 259
5438 2 2 10 1 188 3583 187
5439 2 2 10 1 2893 3860 3774
5440 2 2 10 1 140 389 139
5441 2 2 10 1 68 390 67
5442 2 2 10 1 158 388 157
5443 2 2 10 1 230 391 229
5444 2 2 10 1 14 387 13
5445 2 2 10 1 86 392 85
5446 2 2 10 1 212 385 211
5447 2 2 10 1 284 386 283
5448 2 2 10 1 2110 3859 3392
5449 2 2 10 1 163 381 162
5450 2 2 10 1 63 382 62
5451 2 2 10 1 279 379 278
5452 2 2 10 1 235 380 234
5453 2 2 10 1 19 377 18
5454 2 2 10 1 91 376 90
5455 2 2 10 1 135 378 134
5456 2 2 10 1 207 375 206
5457 2 2 10 1 115 393 114
5458 2 2 10 1 43 395 42
5459 2 2 10 1 255 398 254
5460 2 2 10 1 187 394 186
5461 2 2 10 1 111 399 110
5462 2 2 10 1 259 396 258
5463 2 2 10 1 39 400 38
5464 2 2 10 1 183 397 182
5465 2 2 10 1 139 3596 138
5466 2 2 10 1 67 3595 66
5467 2 2 10 1 15 3584 14
5468 2 2 10 1 2006 3616 2005
5469 2 2 10 1 234 3588 233
5470 2 2 10 1 186 3598 185
5471 2 2 10 1 42 3597 41
5472 2 2 10 1 258 3599 257
5473 2 2 10 1 256 3600 255
5474 2 2 10 1 184 3601 183
5475 2 2 10 1 66 327 65
5476 2 2 10 1 232 321 231
5477 2 2 10 1 210 326 209
5478 2 2 10 1 88 324 87
5479 2 2 10 1 16 323 15
5480 2 2 10 1 160 322 159
5481 2 2 10 1 282 328 281
5482 2 2 10 1 138 325 137
5483 2 2 10 1 233 3594 232
5484 2 2 10 1 3112 3622 3111
5485 2 2 10 1 41 295 40
5486 2 2 10 1 185 296 184
5487 2 2 10 1 257 293 256
5488 2 2 10 1 113 294 112
5489 2 2 10 1 1985 2548 1986
5490 2 2 10 1 1322 3675 1320
5491 2 2 10 1 3831 3881 1905
5492 2 2 10 1 1555 3676 1748
5493 2 2 10 1 497 3620 493
5494 2 2 10 1 3670 3812 2883
5495 2 2 10 1 3243 3633 995
5496 2 2 10 1 2769 2770 1947
5497 2 2 10 1 2179 3637 3412
5498 2 2 10 1 2423 2459 2288
5499 2 2 10 1 1833 3645 2583
5500 2 2 10 1 685 3627 3260
5501 2 2 10 1 1827 3628 2007
5502 2 2 10 1 1329 3654 1676
5503 2 2 10 1 609 610 608
5504 2 2 10 1 3752 4454 3197
5505 2 2 10 1 507 3521 1196
5506 2 2 10 1 3342 3343 1281
5507 2 2 10 1 1109 3629 918
5508 2 2 10 1 2417 3609 2600
5509 2 2 10 1 3774 3860 3388
5510 2 2 10 1 911 3524 913
5511 2 2 10 1 1263 3429 1459
5512 2 2 10 1 668 3630 679
5513 2 2 10 1 1499 3631 1906
5514 2 2 10 1 1927 2327 1831
5515 2 2 10 1 1172 3639 1174
5516 2 2 10 1 2648 2650 2328
5517 2 2 10 1 858 3435 3434
5518 2 2 10 1 1358 3677 3257
5519 2 2 10 1 3647 3992 1800
5520 2 2 10 1 859 3529 861
5521 2 2 10 1 1559 1560 1492
5522 2 2 10 1 1718 3430 2244
5523 2 2 10 1 578 3635 1617
5524 2 2 10 1 1648 3679 1407
5525 2 2 10 1 455 3530 453
5526 2 2 10 1 1188 3670 1396
5527 2 2 10 1 3606 3752 1468
5528 2 2 10 1 1276 1424 1121
5529 2 2 10 1 2762 3699 1279
5530 2 2 10 1 925 927 926
5531 2 2 10 1 1593 3531 1829
5532 2 2 10 1 3522 3789 1383
5533 2 2 10 1 2554 4495 3553
5534 2 2 10 1 3337 3524 911
5535 2 2 10 1 2112 3334 1312
5536 2 2 10 1 1171 3637 1455
5537 2 2 10 1 3037 3038 1937
5538 2 2 10 1 1589 3421 1297
5539 2 2 10 1 2079 2702 2077
5540 2 2 10 1 1242 3533 1864
5541 2 2 10 1 2937 4443 2751
5542 2 2 10 1 1487 3625 1657
5543 2 2 10 1 1061 1062 1058
5544 2 2 10 1 1065 1068 1063
5545 2 2 10 1 1464 3648 1576
5546 2 2 10 1 2895 4010 1167
5547 2 2 10 1 1056 3453 1054
5548 2 2 10 1 1318 3651 1470
5549 2 2 10 1 1196 3521 1226
5550 2 2 10 1 722 723 720
5551 2 2 10 1 1052 1053 1050
5552 2 2 10 1 2124 3338 1315
5553 2 2 10 1 913 3524 994
5554 2 2 10 1 1678 3398 1398
5555 2 2 10 1 2131 3340 616
5556 2 2 10 1 1046 1047 1044
5557 2 2 10 1 624 3663 3228
5558 2 2 10 1 2548 2696 1986
5559 2 2 10 1 1036 1037 1034
5560 2 2 10 1 719 722 720
5561 2 2 10 1 2011 3612 1707
5562 2 2 10 1 861 3529 983
5563 2 2 10 1 1581 1773 1579
5564 2 2 10 1 1918 2010 1723
5565 2 2 10 1 2858 2860 2753
5566 2 2 10 1 1586 2051 1583
5567 2 2 10 1 2130 2173 2128
5568 2 2 10 1 2028 2029 1880
5569 2 2 10 1 1574 2976 1463
5570 2 2 10 1 1032 1033 1030
5571 2 2 10 1 2373 2720 2021
5572 2 2 10 1 1265 3429 1263
5573 2 2 10 1 2039 2040 2030
5574 2 2 10 1 759 760 757
5575 2 2 10 1 2065 3430 1718
5576 2 2 10 1 732 3659 2031
5577 2 2 10 1 1920 4120 3287
5578 2 2 10 1 535 1311 537
5579 2 2 10 1 2033 3348 816
5580 2 2 10 1 3560 4301 3610
5581 2 2 10 1 1028 1029 1026
5582 2 2 10 1 2206 3349 1360
5583 2 2 10 1 3405 4177 2412
5584 2 2 10 1 753 754 751
5585 2 2 10 1 808 3456 802
5586 2 2 10 1 1243 3533 1242
5587 2 2 10 1 1829 3531 2400
5588 2 2 10 1 2389 3353 1712
5589 2 2 10 1 603 604 601
5590 2 2 10 1 1022 1023 1020
5591 2 2 10 1 1176 3499 1173
5592 2 2 10 1 2180 3686 2178
5593 2 2 10 1 2286 3392 2864
5594 2 2 10 1 749 750 747
5595 2 2 10 1 2808 3233 2318
5596 2 2 10 1 597 598 595
5597 2 2 10 1 2751 3473 2111
5598 2 2 10 1 1018 1019 1016
5599 2 2 10 1 1410 3459 1352
5600 2 2 10 1 745 746 743
5601 2 2 10 1 1702 3795 820
5602 2 2 10 1 2083 3319 521
5603 2 2 10 1 2037 2166 2035
5604 2 2 10 1 1765 2157 1720
5605 2 2 10 1 593 594 591
5606 2 2 10 1 1014 1015 1012
5607 2 2 10 1 2169 2170 2167
5608 2 2 10 1 1346 1347 1344
5609 2 2 10 1 2120 2121 2118
5610 2 2 10 1 2102 2643 2642
5611 2 2 10 1 3175 3799 3542
5612 2 2 10 1 1301 3472 939
5613 2 2 10 1 2817 2818 2815
5614 2 2 10 1 850 1474 848
5615 2 2 10 1 1891 2113 1620
5616 2 2 10 1 999 1005 934
5617 2 2 10 1 1816 3844 1815
5618 2 2 10 1 741 742 739
5619 2 2 10 1 1148 1394 1393
5620 2 2 10 1 2071 2721 2577
5621 2 2 10 1 1671 1672 1634
5622 2 2 10 1 1010 1011 1008
5623 2 2 10 1 1628 1629 1421
5624 2 2 10 1 2193 2194 2009
5625 2 2 10 1 2116 2117 2114
5626 2 2 10 1 1181 1839 1178
5627 2 2 10 1 982 1651 694
5628 2 2 10 1 1516 1526 1518
5629 2 2 10 1 579 580 577
5630 2 2 10 1 1568 2975 1461
5631 2 2 10 1 727 728 725
5632 2 2 10 1 551 1129 549
5633 2 2 10 1 1272 2246 1274
5634 2 2 10 1 733 734 731
5635 2 2 10 1 559 560 555
5636 2 2 10 1 2111 3473 2108
5637 2 2 10 1 1483 1838 1416
5638 2 2 10 1 2091 2711 2093
5639 2 2 10 1 2296 2297 2195
5640 2 2 10 1 1283 1509 1508
5641 2 2 10 1 3028 4177 3405
5642 2 2 10 1 539 3592 543
5643 2 2 10 1 567 568 565
5644 2 2 10 1 1133 1157 1135
5645 2 2 10 1 330 4313 3577
5646 2 2 10 1 2005 2371 1826
5647 2 2 10 1 1512 1515 1514
5648 2 2 10 1 834 1374 841
5649 2 2 10 1 843 923 922
5650 2 2 10 1 1936 2105 2104
5651 2 2 10 1 2085 3503 2057
5652 2 2 10 1 2535 3126 2542
5653 2 2 10 1 1091 3504 1087
5654 2 2 10 1 1083 3505 1081
5655 2 2 10 1 1412 3506 1187
5656 2 2 10 1 979 1115 1093
5657 2 2 10 1 1684 3481 1131
5658 2 2 10 1 2496 2704 2494
5659 2 2 10 1 3636 3814 2343
5660 2 2 10 1 3593 4277 4255
5661 2 2 10 1 2367 3747 1881
5662 2 2 10 1 1116 1132 1118
5663 2 2 10 1 2361 2972 2734
5664 2 2 10 1 490 3433 492
5665 2 2 10 1 2650 4455 3412
5666 2 2 10 1 2507 3484 2260
5667 2 2 10 1 1658 1659 1601
5668 2 2 10 1 970 974 972
5669 2 2 10 1 1658 2082 1659
5670 2 2 10 1 2696 2697 1986
5671 2 2 10 1 860 3868 857
5672 2 2 10 1 2688 3790 1382
5673 2 2 10 1 1205 3869 1203
5674 2 2 10 1 966 969 968
5675 2 2 10 1 1843 2135 1939
5676 2 2 10 1 1236 3755 1237
5677 2 2 10 1 2837 2838 2836
5678 2 2 10 1 958 961 960
5679 2 2 10 1 953 1456 956
5680 2 2 10 1 1740 2364 1857
5681 2 2 10 1 1995 1998 1997
5682 2 2 10 1 1131 3481 975
5683 2 2 10 1 1810 2369 1988
5684 2 2 10 1 2136 2141 2138
5685 2 2 10 1 962 965 964
5686 2 2 10 1 941 1496 947
5687 2 2 10 1 2478 4208 2437
5688 2 2 10 1 1650 2603 2602
5689 2 2 10 1 2014 2719 2510
5690 2 2 10 1 1645 2287 1560
5691 2 2 10 1 1623 2142 1625
5692 2 2 10 1 1701 2336 2271
5693 2 2 10 1 1425 1525 1424
5694 2 2 10 1 632 3721 2207
5695 2 2 10 1 2179 3412 2181
5696 2 2 10 1 1145 3687 1141
5697 2 2 10 1 3558 4504 4126
5698 2 2 10 1 1255 3528 1252
5699 2 2 10 1 3181 3800 3180
5700 2 2 10 1 2376 4047 3220
5701 2 2 10 1 1069 1497 1068
5702 2 2 10 1 1144 1448 1447
5703 2 2 10 1 2959 4047 2958
5704 2 2 10 1 1849 2150 2099
5705 2 2 10 1 2123 2574 2573
5706 2 2 10 1 2564 4330 4237
5707 2 2 10 1 1225 3534 1221
5708 2 2 10 1 3444 3852 1166
5709 2 2 10 1 2075 3785 3314
5710 2 2 10 1 1054 1059 1053
5711 2 2 10 1 3174 3176 3175
5712 2 2 10 1 2432 4212 4165
5713 2 2 10 1 713 3527 715
5714 2 2 10 1 1048 1049 1047
5715 2 2 10 1 1297 1299 1298
5716 2 2 10 1 2341 3643 2339
5717 2 2 10 1 431 3443 429
5718 2 2 10 1 1038 1039 1037
5719 2 2 10 1 1754 1755 1753
5720 2 2 10 1 1127 1480 1395
5721 2 2 10 1 2510 4170 2436
5722 2 2 10 1 3322 3666 1194
5723 2 2 10 1 2486 2488 2487
5724 2 2 10 1 2056 3718 1140
5725 2 2 10 1 3432 3756 1924
5726 2 2 10 1 3329 3665 1621
5727 2 2 10 1 1042 1043 1041
5728 2 2 10 1 659 662 660
5729 2 2 10 1 1040 1041 1039
5730 2 2 10 1 2041 2158 2040
5731 2 2 10 1 645 3721 639
5732 2 2 10 1 761 762 760
5733 2 2 10 1 2309 3791 2310
5734 2 2 10 1 2174 2313 2173
5735 2 2 10 1 1077 3624 932
5736 2 2 10 1 3367 3769 2409
5737 2 2 10 1 2148 2379 2378
5738 2 2 10 1 1618 3772 3375
5739 2 2 10 1 1103 1106 1105
5740 2 2 10 1 2617 2618 2158
5741 2 2 10 1 1691 1692 1563
5742 2 2 10 1 755 756 754
5743 2 2 10 1 763 764 762
5744 2 2 10 1 767 768 766
5745 2 2 10 1 777 778 776
5746 2 2 10 1 773 774 772
5747 2 2 10 1 771 772 770
5748 2 2 10 1 769 770 768
5749 2 2 10 1 765 766 764
5750 2 2 10 1 775 776 774
5751 2 2 10 1 605 606 604
5752 2 2 10 1 2314 2345 2281
5753 2 2 10 1 1024 1025 1023
5754 2 2 10 1 1299 1815 1386
5755 2 2 10 1 1635 3774 3388
5756 2 2 10 1 1855 3731 1443
5757 2 2 10 1 599 600 598
5758 2 2 10 1 1200 3726 1202
5759 2 2 10 1 2284 3786 3369
5760 2 2 10 1 607 608 606
5761 2 2 10 1 1980 3727 1976
5762 2 2 10 1 1815 2203 1817
5763 2 2 10 1 2488 2490 2489
5764 2 2 10 1 1480 1832 1481
5765 2 2 10 1 2171 2334 2170
5766 2 2 10 1 2381 3995 2569
5767 2 2 10 1 1348 1349 1347
5768 2 2 10 1 662 665 663
5769 2 2 10 1 1952 2247 1951
5770 2 2 10 1 581 582 580
5771 2 2 10 1 1885 2559 1984
5772 2 2 10 1 1819 2402 1883
5773 2 2 10 1 985 1123 986
5774 2 2 10 1 665 680 666
5775 2 2 10 1 1526 1914 1663
5776 2 2 10 1 2707 2708 2157
5777 2 2 10 1 1350 1351 1349
5778 2 2 10 1 1352 1428 1351
5779 2 2 10 1 2231 2546 1962
5780 2 2 10 1 2783 2803 2317
5781 2 2 10 1 735 736 734
5782 2 2 10 1 1384 1385 1096
5783 2 2 10 1 2606 4038 2434
5784 2 2 10 1 2454 2785 2453
5785 2 2 10 1 1006 1007 1005
5786 2 2 10 1 1478 3736 1477
5787 2 2 10 1 2819 2821 2818
5788 2 2 10 1 1869 2277 2276
5789 2 2 10 1 569 570 568
5790 2 2 10 1 587 588 586
5791 2 2 10 1 583 584 582
5792 2 2 10 1 1673 1741 1672
5793 2 2 10 1 589 590 588
5794 2 2 10 1 1099 1458 1101
5795 2 2 10 1 1949 1950 1629
5796 2 2 10 1 1335 1336 1334
5797 2 2 10 1 1337 1339 1336
5798 2 2 10 1 1268 1475 1267
5799 2 2 10 1 585 586 584
5800 2 2 10 1 1652 1693 1651
5801 2 2 10 1 1340 1343 1339
5802 2 2 10 1 988 1376 1073
5803 2 2 10 1 1333 1334 1332
5804 2 2 10 1 696 985 936
5805 2 2 10 1 1331 1332 1330
5806 2 2 10 1 729 730 728
5807 2 2 10 1 1263 1459 1264
5808 2 2 10 1 1531 1601 1530
5809 2 2 10 1 1095 1152 1076
5810 2 2 10 1 677 3770 3396
5811 2 2 10 1 1681 1807 1534
5812 2 2 10 1 737 738 736
5813 2 2 10 1 561 562 560
5814 2 2 10 1 1509 1511 1510
5815 2 2 10 1 573 574 572
5816 2 2 10 1 1718 2244 2243
5817 2 2 10 1 575 576 574
5818 2 2 10 1 3065 3632 3156
5819 2 2 10 1 679 3630 692
5820 2 2 10 1 571 572 570
5821 2 2 10 1 705 707 706
5822 2 2 10 1 2713 2954 2371
5823 2 2 10 1 923 925 924
5824 2 2 10 1 1812 1985 1757
5825 2 2 10 1 1689 1735 1418
5826 2 2 10 1 1752 1753 1693
5827 2 2 10 1 1977 3728 2046
5828 2 2 10 1 2105 2107 2106
5829 2 2 10 1 2340 2447 2341
5830 2 2 10 1 1406 2001 1862
5831 2 2 10 1 563 564 562
5832 2 2 10 1 1242 1864 1863
5833 2 2 10 1 1193 3730 1878
5834 2 2 10 1 2537 2538 2536
5835 2 2 10 1 2260 3484 1726
5836 2 2 10 1 2902 3866 1655
5837 2 2 10 1 1445 3731 1733
5838 2 2 10 1 2248 2613 2247
5839 2 2 10 1 974 1131 975
5840 2 2 10 1 2417 2599 2416
5841 2 2 10 1 1329 1330 1325
5842 2 2 10 1 2107 2111 2108
5843 2 2 10 1 2154 2155 2153
5844 2 2 10 1 1215 3733 1218
5845 2 2 10 1 2446 3667 2445
5846 2 2 10 1 1771 2094 1772
5847 2 2 10 1 3033 4131 2458
5848 2 2 10 1 1565 1956 1385
5849 2 2 10 1 2448 2637 1529
5850 2 2 10 1 2271 3914 3603
5851 2 2 10 1 2350 3732 1825
5852 2 2 10 1 3363 3660 951
5853 2 2 10 1 1162 3734 1313
5854 2 2 10 1 829 4207 2733
5855 2 2 10 1 869 3735 1814
5856 2 2 10 1 3150 4006 3423
5857 2 2 10 1 2338 2340 2339
5858 2 2 10 1 3364 3661 1992
5859 2 2 10 1 1248 3797 1247
5860 2 2 10 1 3013 3988 3016
5861 2 2 10 1 1641 2052 1640
5862 2 2 10 1 1408 1432 1152
5863 2 2 10 1 1459 1850 1460
5864 2 2 10 1 1639 1640 1476
5865 2 2 10 1 2292 2293 1877
5866 2 2 10 1 1668 2015 1432
5867 2 2 10 1 1905 2420 1807
5868 2 2 10 1 2520 2521 1925
5869 2 2 10 1 2016 2706 2705
5870 2 2 10 1 2154 3671 2156
5871 2 2 10 1 1865 2511 1867
5872 2 2 10 1 707 709 708
5873 2 2 10 1 1998 2151 1999
5874 2 2 10 1 1495 3736 2012
5875 2 2 10 1 2156 2299 2274
5876 2 2 10 1 2364 2881 2365
5877 2 2 10 1 1736 2331 1735
5878 2 2 10 1 715 717 716
5879 2 2 10 1 3404 3655 831
5880 2 2 10 1 713 715 714
5881 2 2 10 1 711 713 712
5882 2 2 10 1 717 719 718
5883 2 2 10 1 709 711 710
5884 2 2 10 1 1528 1771 1684
5885 2 2 10 1 1496 1813 1675
5886 2 2 10 1 2226 2440 1863
5887 2 2 10 1 2151 2540 2539
5888 2 2 10 1 424 425 422
5889 2 2 10 1 1136 3739 865
5890 2 2 10 1 426 427 425
5891 2 2 10 1 434 435 433
5892 2 2 10 1 432 433 431
5893 2 2 10 1 452 453 451
5894 2 2 10 1 456 457 455
5895 2 2 10 1 448 449 447
5896 2 2 10 1 1864 2227 2226
5897 2 2 10 1 438 439 437
5898 2 2 10 1 3315 4013 1452
5899 2 2 10 1 442 443 441
5900 2 2 10 1 460 461 458
5901 2 2 10 1 444 445 443
5902 2 2 10 1 412 415 414
5903 2 2 10 1 430 431 429
5904 2 2 10 1 440 441 439
5905 2 2 10 1 464 465 462
5906 2 2 10 1 420 1413 418
5907 2 2 10 1 469 470 466
5908 2 2 10 1 436 437 435
5909 2 2 10 1 2684 2686 2685
5910 2 2 10 1 446 447 445
5911 2 2 10 1 2224 2439 1862
5912 2 2 10 1 454 455 453
5913 2 2 10 1 450 451 449
5914 2 2 10 1 450 1378 452
5915 2 2 10 1 454 3672 456
5916 2 2 10 1 415 417 416
5917 2 2 10 1 428 429 427
5918 2 2 10 1 446 467 448
5919 2 2 10 1 1455 3637 1761
5920 2 2 10 1 430 1377 432
5921 2 2 10 1 440 1479 442
5922 2 2 10 1 1034 3532 1033
5923 2 2 10 1 464 468 466
5924 2 2 10 1 416 544 414
5925 2 2 10 1 4137 4422 1448
5926 2 2 10 1 460 463 462
5927 2 2 10 1 436 474 438
5928 2 2 10 1 456 459 458
5929 2 2 10 1 417 419 418
5930 2 2 10 1 3353 4071 2715
5931 2 2 10 1 426 478 428
5932 2 2 10 1 419 421 420
5933 2 2 10 1 412 413 411
5934 2 2 10 1 421 423 422
5935 2 2 10 1 708 1566 706
5936 2 2 10 1 1234 3741 1210
5937 2 2 10 1 712 1110 710
5938 2 2 10 1 718 828 716
5939 2 2 10 1 1681 2438 1905
5940 2 2 10 1 2156 2273 2155
5941 2 2 10 1 2336 2865 2612
5942 2 2 10 1 2142 2290 2143
5943 2 2 10 1 2838 2839 2836
5944 2 2 10 1 1054 3453 1059
5945 2 2 10 1 1531 1911 1658
5946 2 2 10 1 1598 3743 1888
5947 2 2 10 1 3212 3757 3213
5948 2 2 10 1 1851 1852 1460
5949 2 2 10 1 1408 1669 1668
5950 2 2 10 1 2274 2275 2273
5951 2 2 10 1 1967 2473 1982
5952 2 2 10 1 1268 1638 1476
5953 2 2 10 1 2016 2017 1868
5954 2 2 10 1 1867 1868 1866
5955 2 2 10 1 1669 2518 1925
5956 2 2 10 1 1865 1866 1852
5957 2 2 10 1 1639 1770 1641
5958 2 2 10 1 1384 1909 1565
5959 2 2 10 1 1965 2455 2292
5960 2 2 10 1 1770 1965 1877
5961 2 2 10 1 2290 2596 2595
5962 2 2 10 1 1448 2680 1767
5963 2 2 10 1 723 1361 720
5964 2 2 10 1 2042 3745 1606
5965 2 2 10 1 1869 1870 1799
5966 2 2 10 1 2542 3664 2633
5967 2 2 10 1 461 3828 3707
5968 2 2 10 1 1554 3676 1555
5969 2 2 10 1 591 3678 590
5970 2 2 10 1 1859 2316 2315
5971 2 2 10 1 229 3775 228
5972 2 2 10 1 1914 3681 2102
5973 2 2 10 1 1103 1104 1102
5974 2 2 10 1 450 3897 1378
5975 2 2 10 1 739 3680 738
5976 2 2 10 1 2530 2635 2332
5977 2 2 10 1 1700 3669 1896
5978 2 2 10 1 1748 3676 2161
5979 2 2 10 1 410 411 374
5980 2 2 10 1 1008 3682 1007
5981 2 2 10 1 1835 2407 1836
5982 2 2 10 1 2696 2698 2697
5983 2 2 10 1 2117 4018 3379
5984 2 2 10 1 3390 3802 2089
5985 2 2 10 1 2555 3881 3831
5986 2 2 10 1 663 2261 660
5987 2 2 10 1 565 3683 564
5988 2 2 10 1 3953 3972 2305
5989 2 2 10 1 682 695 666
5990 2 2 10 1 3065 3156 1945
5991 2 2 10 1 986 987 936
5992 2 2 10 1 731 3684 730
5993 2 2 10 1 1407 3679 1406
5994 2 2 10 1 537 3592 539
5995 2 2 10 1 1481 1916 1395
5996 2 2 10 1 1511 3685 1512
5997 2 2 10 1 2304 3953 2305
5998 2 2 10 1 1817 1818 1386
5999 2 2 10 1 1385 3428 1096
6000 2 2 10 1 2785 4144 1527
6001 2 2 10 1 696 935 695
6002 2 2 10 1 1562 1835 1564
6003 2 2 10 1 988 1072 987
6004 2 2 10 1 1101 1102 1100
6005 2 2 10 1 1073 1098 1072
6006 2 2 10 1 1099 1100 1098
6007 2 2 10 1 2324 2862 2367
6008 2 2 10 1 3186 3399 2149
6009 2 2 10 1 1435 3753 1436
6010 2 2 10 1 3229 3873 2135
6011 2 2 10 1 2430 3673 1894
6012 2 2 10 1 1819 1820 1818
6013 2 2 10 1 1883 1884 1820
6014 2 2 10 1 1885 1923 1884
6015 2 2 10 1 1352 3459 1428
6016 2 2 10 1 3707 3828 2504
6017 2 2 10 1 1807 3432 1534
6018 2 2 10 1 659 3542 662
6019 2 2 10 1 356 4320 3483
6020 2 2 10 1 2314 2871 2345
6021 2 2 10 1 1293 3504 1091
6022 2 2 10 1 2186 3421 1589
6023 2 2 10 1 1089 3505 1083
6024 2 2 10 1 2793 3503 2085
6025 2 2 10 1 2425 3506 1412
6026 2 2 10 1 2243 3679 1648
6027 2 2 10 1 1326 3675 1322
6028 2 2 10 1 2311 3456 808
6029 2 2 10 1 2423 2460 2459
6030 2 2 10 1 2856 3861 2317
6031 2 2 10 1 3173 3758 3169
6032 2 2 10 1 1490 3748 1777
6033 2 2 10 1 2291 3472 1301
6034 2 2 10 1 1813 3689 2014
6035 2 2 10 1 1889 3662 2874
6036 2 2 10 1 1103 1105 1104
6037 2 2 10 1 1140 3718 1112
6038 2 2 10 1 639 3721 632
6039 2 2 10 1 1419 3678 2222
6040 2 2 10 1 2475 3924 3337
6041 2 2 10 1 269 3551 3549
6042 2 2 10 1 268 3549 343
6043 2 2 10 1 308 3551 270
6044 2 2 10 1 174 3546 345
6045 2 2 10 1 344 409 51
6046 2 2 10 1 343 3548 267
6047 2 2 10 1 405 3557 222
6048 2 2 10 1 408 3558 6
6049 2 2 10 1 3174 3175 3167
6050 2 2 10 1 312 3550 98
6051 2 2 10 1 266 3548 372
6052 2 2 10 1 50 409 374
6053 2 2 10 1 1319 3680 2223
6054 2 2 10 1 401 3555 146
6055 2 2 10 1 79 3560 406
6056 2 2 10 1 404 3553 74
6057 2 2 10 1 402 3556 218
6058 2 2 10 1 7 3559 408
6059 2 2 10 1 223 3561 405
6060 2 2 10 1 403 3554 290
6061 2 2 10 1 371 3566 193
6062 2 2 10 1 372 3567 265
6063 2 2 10 1 373 3570 121
6064 2 2 10 1 374 3569 49
6065 2 2 10 1 367 3561 224
6066 2 2 10 1 145 3555 361
6067 2 2 10 1 217 3556 362
6068 2 2 10 1 73 3553 364
6069 2 2 10 1 289 3554 363
6070 2 2 10 1 366 3559 8
6071 2 2 10 1 365 3560 80
6072 2 2 10 1 1527 3429 1265
6073 2 2 10 1 1258 3528 1255
6074 2 2 10 1 2880 3430 2065
6075 2 2 10 1 610 633 608
6076 2 2 10 1 105 3562 300
6077 2 2 10 1 264 3567 304
6078 2 2 10 1 48 3569 303
6079 2 2 10 1 33 3563 297
6080 2 2 10 1 120 3570 301
6081 2 2 10 1 192 3566 302
6082 2 2 10 1 9 3564 366
6083 2 2 10 1 2584 2767 2191
6084 2 2 10 1 2663 4095 2664
6085 2 2 10 1 355 3565 239
6086 2 2 10 1 370 3562 106
6087 2 2 10 1 369 3563 34
6088 2 2 10 1 304 3568 263
6089 2 2 10 1 1297 1298 1295
6090 2 2 10 1 1247 3533 1243
6091 2 2 10 1 3460 3799 3175
6092 2 2 10 1 1127 1395 937
6093 2 2 10 1 3565 3572 238
6094 2 2 10 1 1600 3534 1225
6095 2 2 10 1 647 1380 645
6096 2 2 10 1 2492 2768 2056
6097 2 2 10 1 107 3577 370
6098 2 2 10 1 251 3574 383
6099 2 2 10 1 35 3580 369
6100 2 2 10 1 179 3578 384
6101 2 2 10 1 3568 3581 262
6102 2 2 10 1 651 1001 649
6103 2 2 10 1 286 3571 337
6104 2 2 10 1 655 1379 653
6105 2 2 10 1 2840 2841 2839
6106 2 2 10 1 659 660 657
6107 2 2 10 1 237 3572 318
6108 2 2 10 1 2148 2378 2146
6109 2 2 10 1 2527 3615 2490
6110 2 2 10 1 329 3578 180
6111 2 2 10 1 332 3574 252
6112 2 2 10 1 261 3581 352
6113 2 2 10 1 331 3580 36
6114 2 2 10 1 330 3577 108
6115 2 2 10 1 3407 3692 1362
6116 2 2 10 1 12 3586 336
6117 2 2 10 1 333 3585 141
6118 2 2 10 1 1696 3683 2468
6119 2 2 10 1 1974 3728 1977
6120 2 2 10 1 1748 2161 1899
6121 2 2 10 1 317 3589 164
6122 2 2 10 1 318 3590 236
6123 2 2 10 1 316 3591 20
6124 2 2 10 1 133 3573 314
6125 2 2 10 1 3367 3858 3769
6126 2 2 10 1 2486 2487 1123
6127 2 2 10 1 109 3576 330
6128 2 2 10 1 181 3579 329
6129 2 2 10 1 253 3575 332
6130 2 2 10 1 352 3582 260
6131 2 2 10 1 350 3583 188
6132 2 2 10 1 1191 3730 1193
6133 2 2 10 1 2346 3855 2281
6134 2 2 10 1 1443 3731 1445
6135 2 2 10 1 140 3585 389
6136 2 2 10 1 387 3586 13
6137 2 2 10 1 2339 3685 1904
6138 2 2 10 1 378 3573 134
6139 2 2 10 1 19 3591 377
6140 2 2 10 1 235 3590 380
6141 2 2 10 1 163 3589 381
6142 2 2 10 1 1213 3733 1215
6143 2 2 10 1 1542 1957 1544
6144 2 2 10 1 1550 2067 1552
6145 2 2 10 1 3329 3863 3665
6146 2 2 10 1 1825 3732 1494
6147 2 2 10 1 399 3576 110
6148 2 2 10 1 398 3575 254
6149 2 2 10 1 397 3579 182
6150 2 2 10 1 187 3583 394
6151 2 2 10 1 259 3582 396
6152 2 2 10 1 866 3735 869
6153 2 2 10 1 1404 1642 1465
6154 2 2 10 1 682 3705 3526
6155 2 2 10 1 1160 3734 1162
6156 2 2 10 1 2924 3335 2926
6157 2 2 10 1 390 3595 67
6158 2 2 10 1 389 3596 139
6159 2 2 10 1 14 3584 387
6160 2 2 10 1 1546 2045 1548
6161 2 2 10 1 2046 2760 2309
6162 2 2 10 1 380 3588 234
6163 2 2 10 1 1477 3736 1495
6164 2 2 10 1 1733 2231 1962
6165 2 2 10 1 394 3598 186
6166 2 2 10 1 395 3597 42
6167 2 2 10 1 183 3601 397
6168 2 2 10 1 396 3599 258
6169 2 2 10 1 255 3600 398
6170 2 2 10 1 1878 2454 2453
6171 2 2 10 1 1457 1952 1951
6172 2 2 10 1 2210 2597 2212
6173 2 2 10 1 865 3739 863
6174 2 2 10 1 2352 2761 2350
6175 2 2 10 1 1218 2266 1222
6176 2 2 10 1 323 3584 15
6177 2 2 10 1 66 3595 327
6178 2 2 10 1 138 3596 325
6179 2 2 10 1 2624 2636 2189
6180 2 2 10 1 996 1384 1096
6181 2 2 10 1 1313 1681 1534
6182 2 2 10 1 1814 2380 2301
6183 2 2 10 1 1227 1268 1267
6184 2 2 10 1 3588 3594 233
6185 2 2 10 1 1210 3741 1208
6186 2 2 10 1 1263 1264 1260
6187 2 2 10 1 894 1381 896
6188 2 2 10 1 898 902 900
6189 2 2 10 1 1150 1531 1530
6190 2 2 10 1 1718 2243 1648
6191 2 2 10 1 1472 3743 1598
6192 2 2 10 1 908 1095 1076
6193 2 2 10 1 232 3594 321
6194 2 2 10 1 41 3597 295
6195 2 2 10 1 257 3599 293
6196 2 2 10 1 293 3600 256
6197 2 2 10 1 185 3598 296
6198 2 2 10 1 296 3601 184
6199 2 2 10 1 2012 2572 2571
6200 2 2 10 1 705 706 703
6201 2 2 10 1 1406 1862 1136
6202 2 2 10 1 1372 2504 1683
6203 2 2 10 1 701 2265 699
6204 2 2 10 1 1154 1689 1418
6205 2 2 10 1 1606 3745 1604
6206 2 2 10 1 2221 3971 3407
6207 2 2 10 1 2052 2783 2317
6208 2 2 10 1 1309 3826 1310
6209 2 2 10 1 1242 1863 1234
6210 2 2 10 1 2578 2666 2002
6211 2 2 10 1 2015 2593 2592
6212 2 2 10 1 1888 2537 2536
6213 2 2 10 1 1357 2422 1359
6214 2 2 10 1 2187 2741 2042
6215 2 2 10 1 1716 2154 2153
6216 2 2 10 1 1053 3693 1050
6217 2 2 10 1 1047 3692 1044
6218 2 2 10 1 1068 3698 1063
6219 2 2 10 1 903 3751 2921
6220 2 2 10 1 3645 4231 2497
6221 2 2 10 1 3521 3658 1226
6222 2 2 10 1 1831 3617 1645
6223 2 2 10 1 1532 1840 1654
6224 2 2 10 1 2293 3814 3636
6225 2 2 10 1 2255 2668 2667
6226 2 2 10 1 1777 2214 1779
6227 2 2 10 1 2219 2263 2262
6228 2 2 10 1 1786 1801 1788
6229 2 2 10 1 1796 1869 1799
6230 2 2 10 1 1792 1798 1794
6231 2 2 10 1 1781 1784 1783
6232 2 2 10 1 2863 4008 388
6233 2 2 10 1 1300 3748 1490
6234 2 2 10 1 2160 3688 3433
6235 2 2 10 1 2113 3923 3377
6236 2 2 10 1 1645 3617 2287
6237 2 2 10 1 3483 4320 3035
6238 2 2 10 1 1475 3626 2208
6239 2 2 10 1 1044 3692 1043
6240 2 2 10 1 1366 3694 2448
6241 2 2 10 1 1050 3693 1049
6242 2 2 10 1 1327 3668 1357
6243 2 2 10 1 1037 3532 1034
6244 2 2 10 1 1063 3698 1062
6245 2 2 10 1 760 3717 757
6246 2 2 10 1 1854 3796 2951
6247 2 2 10 1 1870 3647 1799
6248 2 2 10 1 751 3697 750
6249 2 2 10 1 969 3694 970
6250 2 2 10 1 2874 3882 3870
6251 2 2 10 1 1020 3696 1019
6252 2 2 10 1 595 3695 594
6253 2 2 10 1 2126 3792 3451
6254 2 2 10 1 754 3697 751
6255 2 2 10 1 367 4185 3124
6256 2 2 10 1 1023 3696 1020
6257 2 2 10 1 3239 4033 3240
6258 2 2 10 1 1755 2347 1753
6259 2 2 10 1 2142 2872 2290
6260 2 2 10 1 1496 1889 1813
6261 2 2 10 1 2364 2883 2881
6262 2 2 10 1 598 3695 595
6263 2 2 10 1 1998 2458 2151
6264 2 2 10 1 604 3724 601
6265 2 2 10 1 974 1366 1131
6266 2 2 10 1 2685 3763 1953
6267 2 2 10 1 1859 2442 2316
6268 2 2 10 1 1509 1903 1511
6269 2 2 10 1 923 2254 925
6270 2 2 10 1 730 2235 728
6271 2 2 10 1 1693 2004 1651
6272 2 2 10 1 1771 2096 2094
6273 2 2 10 1 1007 2253 1005
6274 2 2 10 1 1950 2466 1629
6275 2 2 10 1 2107 2312 2111
6276 2 2 10 1 1741 1953 1672
6277 2 2 10 1 2664 4305 3686
6278 2 2 10 1 2708 2893 2157
6279 2 2 10 1 564 1119 562
6280 2 2 10 1 1184 4194 4177
6281 2 2 10 1 1967 2474 2473
6282 2 2 10 1 1526 1915 1914
6283 2 2 10 1 2340 2528 2447
6284 2 2 10 1 2334 2845 2170
6285 2 2 10 1 572 687 570
6286 2 2 10 1 1349 1453 1347
6287 2 2 10 1 576 1382 574
6288 2 2 10 1 738 820 736
6289 2 2 10 1 600 1561 598
6290 2 2 10 1 1343 1383 1339
6291 2 2 10 1 584 664 582
6292 2 2 10 1 1336 1338 1334
6293 2 2 10 1 590 669 588
6294 2 2 10 1 1332 1667 1330
6295 2 2 10 1 606 1414 604
6296 2 2 10 1 1025 1367 1023
6297 2 2 10 1 2313 2905 2173
6298 2 2 10 1 756 1473 754
6299 2 2 10 1 1428 1756 1351
6300 2 2 10 1 2654 3727 1980
6301 2 2 10 1 762 1422 760
6302 2 2 10 1 2287 2288 1560
6303 2 2 10 1 2158 2441 2040
6304 2 2 10 1 1569 3885 1568
6305 2 2 10 1 757 3717 756
6306 2 2 10 1 1497 1498 1068
6307 2 2 10 1 1059 2426 1053
6308 2 2 10 1 2637 2638 1529
6309 2 2 10 1 1041 1158 1039
6310 2 2 10 1 1049 1362 1047
6311 2 2 10 1 772 814 770
6312 2 2 10 1 778 815 776
6313 2 2 10 1 625 3882 627
6314 2 2 10 1 766 811 764
6315 2 2 10 1 1985 1986 1757
6316 2 2 10 1 1525 1947 1424
6317 2 2 10 1 2287 2396 2288
6318 2 2 10 1 674 3798 3183
6319 2 2 10 1 1692 1881 1563
6320 2 2 10 1 1347 3725 1344
6321 2 2 10 1 2970 3793 931
6322 2 2 10 1 2421 3756 3432
6323 2 2 10 1 1525 2615 1947
6324 2 2 10 1 594 3678 591
6325 2 2 10 1 2657 3945 2390
6326 2 2 10 1 2102 3681 2643
6327 2 2 10 1 742 3680 739
6328 2 2 10 1 662 3799 665
6329 2 2 10 1 1059 2693 2426
6330 2 2 10 1 601 3724 600
6331 2 2 10 1 3176 3460 3175
6332 2 2 10 1 1299 1386 1298
6333 2 2 10 1 1311 3592 537
6334 2 2 10 1 1202 3726 1233
6335 2 2 10 1 970 3694 974
6336 2 2 10 1 1692 1882 1881
6337 2 2 10 1 1049 1363 1362
6338 2 2 10 1 1011 3682 1008
6339 2 2 10 1 1480 1481 1395
6340 2 2 10 1 2488 2489 2487
6341 2 2 10 1 2396 2733 2423
6342 2 2 10 1 208 3840 207
6343 2 2 10 1 662 663 660
6344 2 2 10 1 2588 4114 2901
6345 2 2 10 1 1815 1817 1386
6346 2 2 10 1 1723 3641 1586
6347 2 2 10 1 2371 3819 3624
6348 2 2 10 1 1583 3642 1581
6349 2 2 10 1 2753 3640 2373
6350 2 2 10 1 1237 3755 1309
6351 2 2 10 1 2486 3896 3424
6352 2 2 10 1 1832 1834 1481
6353 2 2 10 1 2490 2598 2489
6354 2 2 10 1 568 3683 565
6355 2 2 10 1 1880 3644 1678
6356 2 2 10 1 756 2444 1473
6357 2 2 10 1 2559 2716 1984
6358 2 2 10 1 734 3684 731
6359 2 2 10 1 1025 1858 1367
6360 2 2 10 1 2156 3671 2299
6361 2 2 10 1 680 682 666
6362 2 2 10 1 1344 3725 1343
6363 2 2 10 1 1165 4023 550
6364 2 2 10 1 665 666 663
6365 2 2 10 1 2683 4477 3128
6366 2 2 10 1 600 2236 1561
6367 2 2 10 1 1512 3685 1515
6368 2 2 10 1 985 986 936
6369 2 2 10 1 341 4134 3097
6370 2 2 10 1 1882 2325 2324
6371 2 2 10 1 1428 1757 1756
6372 2 2 10 1 1952 2248 2247
6373 2 2 10 1 1363 1365 1364
6374 2 2 10 1 2482 3695 1561
6375 2 2 10 1 1365 1563 1562
6376 2 2 10 1 1915 2176 1914
6377 2 2 10 1 590 1419 669
6378 2 2 10 1 1343 2237 1383
6379 2 2 10 1 1384 1565 1385
6380 2 2 10 1 2231 2763 2546
6381 2 2 10 1 1007 2731 2253
6382 2 2 10 1 738 1319 820
6383 2 2 10 1 456 3672 459
6384 2 2 10 1 576 1948 1382
6385 2 2 10 1 1741 2368 1953
6386 2 2 10 1 1268 1476 1475
6387 2 2 10 1 1950 2467 2466
6388 2 2 10 1 2768 3718 2056
6389 2 2 10 1 1459 1460 1264
6390 2 2 10 1 730 2280 2235
6391 2 2 10 1 2528 2656 2447
6392 2 2 10 1 1531 1658 1601
6393 2 2 10 1 1095 1408 1152
6394 2 2 10 1 1681 1905 1807
6395 2 2 10 1 1903 1904 1511
6396 2 2 10 1 564 1696 1119
6397 2 2 10 1 172 3845 171
6398 2 2 10 1 707 708 706
6399 2 2 10 1 1689 1736 1735
6400 2 2 10 1 2405 4089 2771
6401 2 2 10 1 2001 2224 1862
6402 2 2 10 1 2312 2749 2111
6403 2 2 10 1 2315 3696 1367
6404 2 2 10 1 1864 2226 1863
6405 2 2 10 1 1380 3721 645
6406 2 2 10 1 4102 4119 2500
6407 2 2 10 1 2096 2640 2094
6408 2 2 10 1 1889 2873 2302
6409 2 2 10 1 2239 2240 2238
6410 2 2 10 1 2537 2695 2538
6411 2 2 10 1 1366 1528 1131
6412 2 2 10 1 1408 1668 1432
6413 2 2 10 1 1639 1641 1640
6414 2 2 10 1 2154 2156 2155
6415 2 2 10 1 2077 3785 2075
6416 2 2 10 1 1850 1851 1460
6417 2 2 10 1 725 3754 723
6418 2 2 10 1 2236 2480 2479
6419 2 2 10 1 2299 2357 2274
6420 2 2 10 1 2505 3729 1950
6421 2 2 10 1 709 710 708
6422 2 2 10 1 2561 3697 1473
6423 2 2 10 1 2416 3604 2240
6424 2 2 10 1 1736 2332 2331
6425 2 2 10 1 715 716 714
6426 2 2 10 1 717 718 716
6427 2 2 10 1 2239 2416 2240
6428 2 2 10 1 711 712 710
6429 2 2 10 1 719 720 718
6430 2 2 10 1 713 714 712
6431 2 2 10 1 424 426 425
6432 2 2 10 1 432 434 433
6433 2 2 10 1 434 436 435
6434 2 2 10 1 426 428 427
6435 2 2 10 1 415 416 414
6436 2 2 10 1 440 442 441
6437 2 2 10 1 438 440 439
6438 2 2 10 1 444 446 445
6439 2 2 10 1 2227 2363 2226
6440 2 2 10 1 454 456 455
6441 2 2 10 1 450 452 451
6442 2 2 10 1 448 450 449
6443 2 2 10 1 456 458 457
6444 2 2 10 1 446 448 447
6445 2 2 10 1 460 462 461
6446 2 2 10 1 452 454 453
6447 2 2 10 1 464 466 465
6448 2 2 10 1 442 444 443
6449 2 2 10 1 469 471 470
6450 2 2 10 1 436 438 437
6451 2 2 10 1 430 432 431
6452 2 2 10 1 417 418 416
6453 2 2 10 1 428 430 429
6454 2 2 10 1 468 469 466
6455 2 2 10 1 459 460 458
6456 2 2 10 1 463 464 462
6457 2 2 10 1 412 414 413
6458 2 2 10 1 2035 3649 2033
6459 2 2 10 1 419 420 418
6460 2 2 10 1 421 422 420
6461 2 2 10 1 423 424 422
6462 2 2 10 1 2424 2550 2176
6463 2 2 10 1 1366 1529 1528
6464 2 2 10 1 2237 2239 2238
6465 2 2 10 1 1419 1679 1420
6466 2 2 10 1 1889 2302 1813
6467 2 2 10 1 1492 3764 1427
6468 2 2 10 1 2156 2274 2273
6469 2 2 10 1 1679 1966 1680
6470 2 2 10 1 1319 1321 1320
6471 2 2 10 1 1851 1865 1852
6472 2 2 10 1 1669 1925 1668
6473 2 2 10 1 1135 3650 1148
6474 2 2 10 1 2016 2705 2017
6475 2 2 10 1 1638 1639 1476
6476 2 2 10 1 2518 2520 1925
6477 2 2 10 1 1867 2016 1868
6478 2 2 10 1 4415 4456 3081
6479 2 2 10 1 1865 1867 1866
6480 2 2 10 1 1948 3450 2687
6481 2 2 10 1 1321 1323 1322
6482 2 2 10 1 1323 1325 1324
6483 2 2 10 1 1770 1877 1641
6484 2 2 10 1 2312 2750 2749
6485 2 2 10 1 1909 1910 1565
6486 2 2 10 1 2442 2443 2316
6487 2 2 10 1 2455 2639 2292
6488 2 2 10 1 1965 2292 1877
6489 2 2 10 1 2280 2314 2281
6490 2 2 10 1 1696 1698 1697
6491 2 2 10 1 2323 2338 1904
6492 2 2 10 1 1903 2323 1904
6493 2 2 10 1 1698 1700 1699
6494 2 2 10 1 1700 1895 1894
6495 2 2 10 1 1895 2022 2013
6496 2 2 10 1 2022 2412 2411
6497 2 2 10 1 1696 1697 1119
6498 2 2 10 1 410 412 411
6499 2 2 10 1 2280 2281 2235
6500 2 2 10 1 3362 3838 1361
6501 2 2 10 1 1121 3766 1071
6502 2 2 10 1 2368 2684 1953
6503 2 2 10 1 2731 2732 2253
6504 2 2 10 1 2838 2840 2839
6505 2 2 10 1 1948 2687 1382
6506 2 2 10 1 1319 1320 820
6507 2 2 10 1 1178 3652 1176
6508 2 2 10 1 1869 2276 1870
6509 2 2 10 1 1915 2424 2176
6510 2 2 10 1 2323 2703 2338
6511 2 2 10 1 2237 2238 1383
6512 2 2 10 1 1419 1420 669
6513 2 2 10 1 1698 1699 1697
6514 2 2 10 1 1700 1894 1699
6515 2 2 10 1 1895 2013 1894
6516 2 2 10 1 2022 2411 2013
6517 2 2 10 1 586 3901 3359
6518 2 2 10 1 934 3761 850
6519 2 2 10 1 1274 3760 1283
6520 2 2 10 1 1421 3762 1181
6521 2 2 10 1 1321 1322 1320
6522 2 2 10 1 1634 3763 1572
6523 2 2 10 1 1323 1324 1322
6524 2 2 10 1 2236 2479 1561
6525 2 2 10 1 694 3770 677
6526 2 2 10 1 841 3653 843
6527 2 2 10 1 3327 4007 3326
6528 2 2 10 1 682 696 695
6529 2 2 10 1 1679 1680 1420
6530 2 2 10 1 1966 1967 1680
6531 2 2 10 1 1720 3774 1635
6532 2 2 10 1 986 988 987
6533 2 2 10 1 1858 1859 1367
6534 2 2 10 1 1620 3772 1618
6535 2 2 10 1 2444 2560 1473
6536 2 2 10 1 831 3655 834
6537 2 2 10 1 988 1073 1072
6538 2 2 10 1 696 936 935
6539 2 2 10 1 1101 1103 1102
6540 2 2 10 1 935 3646 2215
6541 2 2 10 1 1099 1101 1100
6542 2 2 10 1 1817 1819 1818
6543 2 2 10 1 1073 1099 1098
6544 2 2 10 1 2187 4397 3095
6545 2 2 10 1 1819 1883 1820
6546 2 2 10 1 1885 1984 1923
6547 2 2 10 1 1883 1885 1884
6548 2 2 10 1 1363 1364 1362
6549 2 2 10 1 1882 2324 1881
6550 2 2 10 1 1757 3674 1756
6551 2 2 10 1 4262 4288 2638
6552 2 2 10 1 228 3775 338
6553 2 2 10 1 2615 2769 1947
6554 2 2 10 1 1365 1562 1364
6555 2 2 10 1 2396 2423 2288
6556 2 2 10 1 847 4011 920
6557 2 2 10 1 391 3775 229
6558 2 2 10 1 3418 3806 2172
6559 2 2 10 1 2014 3689 2719
6560 2 2 10 1 2697 3674 1986
6561 2 2 10 1 715 3803 717
6562 2 2 10 1 1736 3808 2477
6563 2 2 10 1 956 3657 958
6564 2 2 10 1 951 3660 953
6565 2 2 10 1 2046 3728 2760
6566 2 2 10 1 1992 3661 1995
6567 2 2 10 1 914 3662 941
6568 2 2 10 1 2494 3786 2284
6569 2 2 10 1 1878 3730 2454
6570 2 2 10 1 2128 3792 2126
6571 2 2 10 1 2441 4080 3409
6572 2 2 10 1 1733 3731 2231
6573 2 2 10 1 461 3707 458
6574 2 2 10 1 1621 3665 1623
6575 2 2 10 1 1194 3666 1701
6576 2 2 10 1 1218 3733 2266
6577 2 2 10 1 2761 3732 2350
6578 2 2 10 1 3015 4406 2532
6579 2 2 10 1 1313 3734 1681
6580 2 2 10 1 1418 3865 1155
6581 2 2 10 1 925 3722 927
6582 2 2 10 1 1814 3735 2380
6583 2 2 10 1 2327 3617 1831
6584 2 2 10 1 1324 3668 1327
6585 2 2 10 1 2770 3766 1947
6586 2 2 10 1 2012 3736 2572
6587 2 2 10 1 1406 3679 2001
6588 2 2 10 1 2459 3764 2288
6589 2 2 10 1 999 3860 1006
6590 2 2 10 1 1862 3739 1136
6591 2 2 10 1 1396 3670 1740
6592 2 2 10 1 2954 3819 2371
6593 2 2 10 1 1863 3741 1234
6594 2 2 10 1 4173 4417 2425
6595 2 2 10 1 3519 3740 838
6596 2 2 10 1 1888 3743 2537
6597 2 2 10 1 2728 4427 1062
6598 2 2 10 1 1365 3849 1691
6599 2 2 10 1 2741 3745 2042
6600 2 2 10 1 60 3804 59
6601 2 2 10 1 1371 3858 2291
6602 2 2 10 1 1735 3691 1418
6603 2 2 10 1 3111 3825 3110
6604 2 2 10 1 1279 3699 1520
6605 2 2 10 1 1816 4355 3442
6606 2 2 10 1 3463 4017 2475
6607 2 2 10 1 1357 3668 2422
6608 2 2 10 1 2408 4155 4119
6609 2 2 10 1 2089 3802 2091
6610 2 2 10 1 2310 3791 2394
6611 2 2 10 1 308 3552 3551
6612 2 2 10 1 839 3962 2872
6613 2 2 10 1 409 410 374
6614 2 2 10 1 3430 4006 2244
6615 2 2 10 1 2658 4045 2660
6616 2 2 10 1 3586 3587 336
6617 2 2 10 1 552 4023 557
6618 2 2 10 1 1560 3764 1492
6619 2 2 10 1 3347 4500 1430
6620 2 2 10 1 1424 3766 1121
6621 2 2 10 1 3665 3863 2872
6622 2 2 10 1 3614 3951 3173
6623 2 2 10 1 4296 4511 2850
6624 2 2 10 1 580 3807 577
6625 2 2 10 1 1303 3702 3465
6626 2 2 10 1 2144 3829 3461
6627 2 2 10 1 1586 3641 2051
6628 2 2 10 1 411 3569 374
6629 2 2 10 1 1581 3642 1773
6630 2 2 10 1 2373 3640 2720
6631 2 2 10 1 3435 3936 3434
6632 2 2 10 1 740 3998 741
6633 2 2 10 1 1777 3748 2214
6634 2 2 10 1 829 4480 4207
6635 2 2 10 1 728 3754 725
6636 2 2 10 1 2010 3641 1723
6637 2 2 10 1 2051 3642 1583
6638 2 2 10 1 3658 4006 3430
6639 2 2 10 1 2860 3640 2753
6640 2 2 10 1 2029 3644 1880
6641 2 2 10 1 2456 3737 3428
6642 2 2 10 1 319 3804 60
6643 2 2 10 1 1678 3644 3398
6644 2 2 10 1 776 3738 774
6645 2 2 10 1 3184 4464 354
6646 2 2 10 1 3020 3932 2688
6647 2 2 10 1 2256 3805 2891
6648 2 2 10 1 1157 3650 1135
6649 2 2 10 1 850 3761 1474
6650 2 2 10 1 2239 3856 2417
6651 2 2 10 1 2490 3615 2598
6652 2 2 10 1 2143 3690 3366
6653 2 2 10 1 1181 3762 1839
6654 2 2 10 1 1962 4179 1920
6655 2 2 10 1 1768 3830 3492
6656 2 2 10 1 2989 4027 2986
6657 2 2 10 1 2166 3649 2035
6658 2 2 10 1 2159 3902 3666
6659 2 2 10 1 2033 3649 3348
6660 2 2 10 1 2246 3760 1274
6661 2 2 10 1 231 3817 230
6662 2 2 10 1 1640 3626 1476
6663 2 2 10 1 1148 3650 1394
6664 2 2 10 1 1374 3653 841
6665 2 2 10 1 365 4302 3279
6666 2 2 10 1 2406 4021 2909
6667 2 2 10 1 1839 3652 1178
6668 2 2 10 1 2191 3700 1832
6669 2 2 10 1 1253 3797 1248
6670 2 2 10 1 688 3705 680
6671 2 2 10 1 1283 3760 1509
6672 2 2 10 1 3364 3883 3661
6673 2 2 10 1 1176 3652 3499
6674 2 2 10 1 843 3653 923
6675 2 2 10 1 3271 4156 3273
6676 2 2 10 1 2053 3810 3626
6677 2 2 10 1 723 3754 1361
6678 2 2 10 1 1629 3762 1421
6679 2 2 10 1 1672 3763 1634
6680 2 2 10 1 1005 3761 934
6681 2 2 10 1 834 3655 1374
6682 2 2 10 1 1651 3770 694
6683 2 2 10 1 2189 3703 1850
6684 2 2 10 1 2426 3693 1053
6685 2 2 10 1 1414 3724 604
6686 2 2 10 1 699 3706 423
6687 2 2 10 1 1422 3717 760
6688 2 2 10 1 1453 3725 1347
6689 2 2 10 1 457 3707 1372
6690 2 2 10 1 1362 3692 1047
6691 2 2 10 1 1498 3698 1068
6692 2 2 10 1 2113 3772 1620
6693 2 2 10 1 2157 3774 1720
6694 2 2 10 1 2605 3713 2352
6695 2 2 10 1 2934 4468 4248
6696 2 2 10 1 937 3704 688
6697 2 2 10 1 2815 3816 2812
6698 2 2 10 1 2301 3714 2709
6699 2 2 10 1 1142 3815 2481
6700 2 2 10 1 618 3870 620
6701 2 2 10 1 3085 4091 4024
6702 2 2 10 1 1548 3709 1550
6703 2 2 10 1 1465 3710 1542
6704 2 2 10 1 657 3708 655
6705 2 2 10 1 230 3817 391
6706 2 2 10 1 2351 4039 2471
6707 2 2 10 1 3515 3834 1488
6708 2 2 10 1 1544 3711 1546
6709 2 2 10 1 321 3817 231
6710 2 2 10 1 1222 3712 1227
6711 2 2 10 1 1476 3626 1475
6712 2 2 10 1 2702 3785 2077
6713 2 2 10 1 896 3715 898
6714 2 2 10 1 3428 3737 1168
6715 2 2 10 1 1456 3657 956
6716 2 2 10 1 703 3716 701
6717 2 2 10 1 170 3900 169
6718 2 2 10 1 590 3678 1419
6719 2 2 10 1 738 3680 1319
6720 2 2 10 1 2176 3681 1914
6721 2 2 10 1 2934 4365 4171
6722 2 2 10 1 581 4013 621
6723 2 2 10 1 1007 3682 2731
6724 2 2 10 1 927 3722 1154
6725 2 2 10 1 564 3683 1696
6726 2 2 10 1 958 3657 961
6727 2 2 10 1 730 3684 2280
6728 2 2 10 1 1168 3737 1457
6729 2 2 10 1 1904 3685 1511
6730 2 2 10 1 154 3809 3446
6731 2 2 10 1 953 3660 1456
6732 2 2 10 1 1359 3719 1716
6733 2 2 10 1 3477 4010 3478
6734 2 2 10 1 1995 3661 1998
6735 2 2 10 1 1473 3697 754
6736 2 2 10 1 61 3824 319
6737 2 2 10 1 1295 3801 1293
6738 2 2 10 1 941 3662 1496
6739 2 2 10 1 2392 4091 3085
6740 2 2 10 1 1367 3696 1023
6741 2 2 10 1 3336 3898 1710
6742 2 2 10 1 382 3824 62
6743 2 2 10 1 602 3812 1188
6744 2 2 10 1 1561 3695 598
6745 2 2 10 1 10 3827 3564
6746 2 2 10 1 336 3827 11
6747 2 2 10 1 987 3646 936
6748 2 2 10 1 62 3824 61
6749 2 2 10 1 1623 3665 2142
6750 2 2 10 1 1701 3666 2336
6751 2 2 10 1 2845 3998 3925
6752 2 2 10 1 885 3884 888
6753 2 2 10 1 2302 3689 1813
6754 2 2 10 1 994 3746 996
6755 2 2 10 1 3043 3833 3044
6756 2 2 10 1 1198 3908 1200
6757 2 2 10 1 3003 4442 4203
6758 2 2 10 1 2385 3964 3842
6759 2 2 10 1 2704 3786 2494
6760 2 2 10 1 1539 4005 1354
6761 2 2 10 1 1986 3674 1757
6762 2 2 10 1 974 3694 1366
6763 2 2 10 1 983 3749 1150
6764 2 2 10 1 2921 3751 2924
6765 2 2 10 1 3080 4415 3081
6766 2 2 10 1 936 3646 935
6767 2 2 10 1 3127 4377 3058
6768 2 2 10 1 1260 3750 1258
6769 2 2 10 1 1740 3670 2364
6770 2 2 10 1 1436 3753 1532
6771 2 2 10 1 2955 3890 2956
6772 2 2 10 1 1869 3742 2277
6773 2 2 10 1 11 3827 10
6774 2 2 10 1 2254 3722 925
6775 2 2 10 1 4142 4229 2617
6776 2 2 10 1 2387 4070 3097
6777 2 2 10 1 340 3809 155
6778 2 2 10 1 2173 3792 2128
6779 2 2 10 1 3540 3750 1264
6780 2 2 10 1 3188 3813 3352
6781 2 2 10 1 3114 4211 2773
6782 2 2 10 1 1794 3742 1796
6783 2 2 10 1 2397 4073 2558
6784 2 2 10 1 1666 4138 4094
6785 2 2 10 1 3806 3886 2172
6786 2 2 10 1 3634 3768 2185
6787 2 2 10 1 360 3839 273
6788 2 2 10 1 3172 3895 3179
6789 2 2 10 1 1515 3857 1516
6790 2 2 10 1 297 3837 32
6791 2 2 10 1 3536 3847 905
6792 2 2 10 1 2726 4004 3617
6793 2 2 10 1 2669 4308 3805
6794 2 2 10 1 577 3807 576
6795 2 2 10 1 1832 3700 1834
6796 2 2 10 1 1099 3767 1458
6797 2 2 10 1 2208 3810 2210
6798 2 2 10 1 680 3705 682
6799 2 2 10 1 2806 4189 1377
6800 2 2 10 1 2729 4039 2349
6801 2 2 10 1 398 4202 2773
6802 2 2 10 1 2155 3794 2153
6803 2 2 10 1 988 3773 1376
6804 2 2 10 1 2247 3946 2575
6805 2 2 10 1 1307 3818 3646
6806 2 2 10 1 1531 3749 1911
6807 2 2 10 1 2154 3719 3671
6808 2 2 10 1 3010 4015 3012
6809 2 2 10 1 1850 3703 1851
6810 2 2 10 1 4155 4388 3253
6811 2 2 10 1 458 3707 457
6812 2 2 10 1 423 3706 424
6813 2 2 10 1 1384 3746 1909
6814 2 2 10 1 1049 3693 1363
6815 2 2 10 1 216 3911 215
6816 2 2 10 1 2166 3925 3393
6817 2 2 10 1 3605 3801 1298
6818 2 2 10 1 155 3809 154
6819 2 2 10 1 1566 3716 706
6820 2 2 10 1 328 3848 281
6821 2 2 10 1 1268 3712 1638
6822 2 2 10 1 2744 4127 2742
6823 2 2 10 1 1458 3765 1101
6824 2 2 10 1 2750 4011 2802
6825 2 2 10 1 1376 3767 1073
6826 2 2 10 1 2487 3773 1123
6827 2 2 10 1 2293 3776 1877
6828 2 2 10 1 2016 3771 2706
6829 2 2 10 1 2146 3829 2144
6830 2 2 10 1 2521 3779 1925
6831 2 2 10 1 756 3717 2444
6832 2 2 10 1 2556 4275 2557
6833 2 2 10 1 2746 4432 301
6834 2 2 10 1 425 3778 422
6835 2 2 10 1 111 3850 399
6836 2 2 10 1 2153 3794 3354
6837 2 2 10 1 1413 3780 418
6838 2 2 10 1 440 3781 1479
6839 2 2 10 1 454 3777 3672
6840 2 2 10 1 600 3724 2236
6841 2 2 10 1 1361 3838 720
6842 2 2 10 1 294 3850 112
6843 2 2 10 1 2377 4068 2949
6844 2 2 10 1 1123 3773 986
6845 2 2 10 1 1103 3765 1106
6846 2 2 10 1 2091 3802 2711
6847 2 2 10 1 3524 3746 994
6848 2 2 10 1 1110 3783 710
6849 2 2 10 1 2002 3830 1768
6850 2 2 10 1 1343 3725 2237
6851 2 2 10 1 2261 3708 660
6852 2 2 10 1 1325 3668 1324
6853 2 2 10 1 1916 3704 1395
6854 2 2 10 1 2052 3776 2783
6855 2 2 10 1 2015 3779 2593
6856 2 2 10 1 2273 3947 2700
6857 2 2 10 1 771 4044 1269
6858 2 2 10 1 3643 3857 1515
6859 2 2 10 1 3529 3749 983
6860 2 2 10 1 2440 3741 1863
6861 2 2 10 1 722 4001 3313
6862 2 2 10 1 2439 3739 1862
6863 2 2 10 1 3093 4414 883
6864 2 2 10 1 1950 3729 2467
6865 2 2 10 1 3577 4208 370
6866 2 2 10 1 1488 3834 2255
6867 2 2 10 1 3661 3883 2458
6868 2 2 10 1 1681 3734 2438
6869 2 2 10 1 2511 3771 1867
6870 2 2 10 1 1641 3776 2052
6871 2 2 10 1 2288 3764 1560
6872 2 2 10 1 2135 3873 2136
6873 2 2 10 1 1668 3779 2015
6874 2 2 10 1 420 3778 1413
6875 2 2 10 1 1378 3777 452
6876 2 2 10 1 416 3780 544
6877 2 2 10 1 474 3781 438
6878 2 2 10 1 273 3839 272
6879 2 2 10 1 1947 3766 1424
6880 2 2 10 1 342 4370 2784
6881 2 2 10 1 1637 3841 2303
6882 2 2 10 1 2274 3782 2275
6883 2 2 10 1 815 3738 776
6884 2 2 10 1 1907 3901 669
6885 2 2 10 1 708 3783 1566
6886 2 2 10 1 2235 3754 728
6887 2 2 10 1 695 3784 666
6888 2 2 10 1 2161 4340 3365
6889 2 2 10 1 32 3837 31
6890 2 2 10 1 2029 3950 3327
6891 2 2 10 1 249 3867 299
6892 2 2 10 1 2385 3842 2344
6893 2 2 10 1 383 3867 250
6894 2 2 10 1 2997 4201 2999
6895 2 2 10 1 2767 3700 2191
6896 2 2 10 1 2622 4106 2959
6897 2 2 10 1 3147 4099 2386
6898 2 2 10 1 2394 3822 2675
6899 2 2 10 1 2636 3703 2189
6900 2 2 10 1 300 3864 104
6901 2 2 10 1 1425 3878 1525
6902 2 2 10 1 2265 3706 699
6903 2 2 10 1 1395 3704 937
6904 2 2 10 1 655 3708 1379
6905 2 2 10 1 1372 3707 2504
6906 2 2 10 1 660 3708 657
6907 2 2 10 1 1069 3880 1497
6908 2 2 10 1 2188 4144 2306
6909 2 2 10 1 271 3871 308
6910 2 2 10 1 1550 3709 2067
6911 2 2 10 1 1542 3710 1957
6912 2 2 10 1 2045 3709 1548
6913 2 2 10 1 1957 3711 1544
6914 2 2 10 1 905 3847 908
6915 2 2 10 1 1642 3710 1465
6916 2 2 10 1 1546 3711 2045
6917 2 2 10 1 2352 3713 2761
6918 2 2 10 1 2215 3818 2217
6919 2 2 10 1 2380 3714 2301
6920 2 2 10 1 3498 4083 1307
6921 2 2 10 1 1227 3712 1268
6922 2 2 10 1 1528 3744 1771
6923 2 2 10 1 1381 3715 896
6924 2 2 10 1 3885 3949 1568
6925 2 2 10 1 1298 3801 1295
6926 2 2 10 1 663 3784 2261
6927 2 2 10 1 898 3715 902
6928 2 2 10 1 2266 3712 1222
6929 2 2 10 1 3686 4305 361
6930 2 2 10 1 701 3716 2265
6931 2 2 10 1 706 3716 703
6932 2 2 10 1 1452 4013 579
6933 2 2 10 1 1509 3760 1903
6934 2 2 10 1 923 3653 2254
6935 2 2 10 1 2638 3744 1529
6936 2 2 10 1 1457 3737 1952
6937 2 2 10 1 1310 3826 1404
6938 2 2 10 1 2466 3762 1629
6939 2 2 10 1 2004 3770 1651
6940 2 2 10 1 1953 3763 1672
6941 2 2 10 1 2253 3761 1005
6942 2 2 10 1 1496 3662 1889
6943 2 2 10 1 2142 3665 2872
6944 2 2 10 1 2195 3890 2194
6945 2 2 10 1 1998 3661 2458
6946 2 2 10 1 1716 3719 2154
6947 2 2 10 1 1881 3747 1563
6948 2 2 10 1 1166 3852 3395
6949 2 2 10 1 2422 3719 1359
6950 2 2 10 1 1154 3722 1689
6951 2 2 10 1 3062 4194 1184
6952 2 2 10 1 2893 3774 2157
6953 2 2 10 1 281 3848 280
6954 2 2 10 1 1059 3832 2693
6955 2 2 10 1 996 3746 1384
6956 2 2 10 1 3754 3855 1361
6957 2 2 10 1 2421 4016 3756
6958 2 2 10 1 1293 3801 3504
6959 2 2 10 1 2742 4434 1751
6960 2 2 10 1 248 3928 247
6961 2 2 10 1 1150 3749 1531
6962 2 2 10 1 3130 4476 2691
6963 2 2 10 1 2647 4143 3887
6964 2 2 10 1 2333 3831 3691
6965 2 2 10 1 2364 3670 2883
6966 2 2 10 1 1264 3750 1260
6967 2 2 10 1 1377 4152 2806
6968 2 2 10 1 1529 3744 1528
6969 2 2 10 1 1563 3747 1562
6970 2 2 10 1 1330 3720 1325
6971 2 2 10 1 1562 3747 1835
6972 2 2 10 1 1353 4036 1328
6973 2 2 10 1 2509 3851 2230
6974 2 2 10 1 2457 3941 2456
6975 2 2 10 1 3469 4380 3821
6976 2 2 10 1 1796 3742 1869
6977 2 2 10 1 3603 3914 1497
6978 2 2 10 1 1798 3742 1794
6979 2 2 10 1 788 4044 769
6980 2 2 10 1 2210 3810 2597
6981 2 2 10 1 548 4086 1165
6982 2 2 10 1 3626 3810 2208
6983 2 2 10 1 1095 3847 3541
6984 2 2 10 1 1258 3750 3528
6985 2 2 10 1 716 3899 714
6986 2 2 10 1 112 3850 111
6987 2 2 10 1 2905 3792 2173
6988 2 2 10 1 511 4251 2716
6989 2 2 10 1 3523 4331 4178
6990 2 2 10 1 2924 3751 3335
6991 2 2 10 1 2632 4073 2398
6992 2 2 10 1 3656 3828 461
6993 2 2 10 1 3352 3813 3227
6994 2 2 10 1 576 3807 1948
6995 2 2 10 1 2736 4180 3027
6996 2 2 10 1 1532 3753 1840
6997 2 2 10 1 2812 3816 2824
6998 2 2 10 1 2569 4286 2867
6999 2 2 10 1 3624 3819 930
7000 2 2 10 1 534 4096 530
7001 2 2 10 1 1771 3744 2096
7002 2 2 10 1 2818 3816 2815
7003 2 2 10 1 1160 3865 3734
7004 2 2 10 1 27 3892 311
7005 2 2 10 1 2393 4165 4129
7006 2 2 10 1 2405 4172 4089
7007 2 2 10 1 1033 3894 1030
7008 2 2 10 1 1667 3720 1330
7009 2 2 10 1 3008 4015 3010
7010 2 2 10 1 2426 3849 3693
7011 2 2 10 1 3739 3868 863
7012 2 2 10 1 764 3787 762
7013 2 2 10 1 3161 4216 2202
7014 2 2 10 1 3741 3869 1208
7015 2 2 10 1 2988 3985 2989
7016 2 2 10 1 2592 3961 2225
7017 2 2 10 1 1101 3765 1103
7018 2 2 10 1 472 4105 3990
7019 2 2 10 1 1073 3767 1099
7020 2 2 10 1 2004 3916 3770
7021 2 2 10 1 3704 3705 688
7022 2 2 10 1 1334 3788 1332
7023 2 2 10 1 846 3983 3137
7024 2 2 10 1 1339 3789 1336
7025 2 2 10 1 305 3904 126
7026 2 2 10 1 1710 3898 1936
7027 2 2 10 1 574 3790 572
7028 2 2 10 1 3107 4139 3106
7029 2 2 10 1 3275 4033 3239
7030 2 2 10 1 2254 3808 3722
7031 2 2 10 1 986 3773 988
7032 2 2 10 1 1867 3771 2016
7033 2 2 10 1 3821 4380 3930
7034 2 2 10 1 292 3943 291
7035 2 2 10 1 220 3944 219
7036 2 2 10 1 1877 3776 1641
7037 2 2 10 1 422 3778 420
7038 2 2 10 1 1925 3779 1668
7039 2 2 10 1 3542 3799 662
7040 2 2 10 1 3770 3916 3396
7041 2 2 10 1 1382 3790 574
7042 2 2 10 1 418 3780 416
7043 2 2 10 1 452 3777 454
7044 2 2 10 1 1338 3788 1334
7045 2 2 10 1 438 3781 440
7046 2 2 10 1 1383 3789 1339
7047 2 2 10 1 2357 3782 2274
7048 2 2 10 1 2202 3959 1918
7049 2 2 10 1 811 3787 764
7050 2 2 10 1 710 3783 708
7051 2 2 10 1 1404 3826 1642
7052 2 2 10 1 1414 3853 3724
7053 2 2 10 1 1332 3788 1667
7054 2 2 10 1 572 3790 687
7055 2 2 10 1 1336 3789 1338
7056 2 2 10 1 3646 3818 2215
7057 2 2 10 1 1325 3720 3668
7058 2 2 10 1 762 3787 1422
7059 2 2 10 1 1697 3956 1119
7060 2 2 10 1 2732 4488 2034
7061 2 2 10 1 666 3784 663
7062 2 2 10 1 3693 3849 1363
7063 2 2 10 1 820 3795 736
7064 2 2 10 1 1453 3856 3725
7065 2 2 10 1 2550 3820 2176
7066 2 2 10 1 1369 4298 3076
7067 2 2 10 1 2221 4102 3971
7068 2 2 10 1 736 3795 734
7069 2 2 10 1 3473 3859 2110
7070 2 2 10 1 959 4485 3033
7071 2 2 10 1 2595 4261 3690
7072 2 2 10 1 3387 3981 1615
7073 2 2 10 1 3668 3720 2422
7074 2 2 10 1 1595 4029 1389
7075 2 2 10 1 3526 3957 2485
7076 2 2 10 1 2816 3920 2822
7077 2 2 10 1 2609 4490 407
7078 2 2 10 1 2874 3921 2873
7079 2 2 10 1 250 3867 249
7080 2 2 10 1 2549 4280 3328
7081 2 2 10 1 2869 3840 2868
7082 2 2 10 1 3527 3803 715
7083 2 2 10 1 892 3846 894
7084 2 2 10 1 3081 4464 2383
7085 2 2 10 1 1783 3843 1786
7086 2 2 10 1 2114 3923 2113
7087 2 2 10 1 894 3846 1381
7088 2 2 10 1 1786 3843 1801
7089 2 2 10 1 2742 4127 2653
7090 2 2 10 1 2032 4123 2034
7091 2 2 10 1 588 3901 586
7092 2 2 10 1 1784 3843 1783
7093 2 2 10 1 3724 3853 2236
7094 2 2 10 1 2167 3925 2166
7095 2 2 10 1 2344 3968 2120
7096 2 2 10 1 2821 3835 2818
7097 2 2 10 1 3791 3822 2394
7098 2 2 10 1 243 3920 310
7099 2 2 10 1 3465 4140 529
7100 2 2 10 1 718 3838 828
7101 2 2 10 1 104 3864 103
7102 2 2 10 1 3725 3856 2237
7103 2 2 10 1 734 3795 3684
7104 2 2 10 1 3557 4431 3944
7105 2 2 10 1 1497 3914 1498
7106 2 2 10 1 2669 4467 4308
7107 2 2 10 1 2121 4136 3381
7108 2 2 10 1 3287 4065 3101
7109 2 2 10 1 3320 4015 3008
7110 2 2 10 1 1538 3858 1371
7111 2 2 10 1 272 3871 271
7112 2 2 10 1 2526 4175 3634
7113 2 2 10 1 310 4393 3989
7114 2 2 10 1 3188 3905 3186
7115 2 2 10 1 721 4001 719
7116 2 2 10 1 1471 3875 3743
7117 2 2 10 1 720 3838 718
7118 2 2 10 1 2378 3829 2146
7119 2 2 10 1 2644 4146 2450
7120 2 2 10 1 2431 3877 2298
7121 2 2 10 1 2665 4084 3317
7122 2 2 10 1 1815 3844 2203
7123 2 2 10 1 687 3854 570
7124 2 2 10 1 3344 4445 4292
7125 2 2 10 1 4206 4360 294
7126 2 2 10 1 2666 3830 2002
7127 2 2 10 1 207 3840 375
7128 2 2 10 1 829 4112 827
7129 2 2 10 1 1756 4022 3934
7130 2 2 10 1 2826 4306 71
7131 2 2 10 1 2477 4003 2530
7132 2 2 10 1 1920 4179 4120
7133 2 2 10 1 3722 3808 1689
7134 2 2 10 1 1526 3857 1915
7135 2 2 10 1 3764 3878 1427
7136 2 2 10 1 1122 3966 3360
7137 2 2 10 1 171 3845 309
7138 2 2 10 1 2255 3834 2668
7139 2 2 10 1 131 3985 130
7140 2 2 10 1 3766 3880 1071
7141 2 2 10 1 3878 3937 1525
7142 2 2 10 1 1484 4116 3203
7143 2 2 10 1 1155 3865 1160
7144 2 2 10 1 2331 3939 2502
7145 2 2 10 1 2235 3855 3754
7146 2 2 10 1 3262 4145 3061
7147 2 2 10 1 1689 3808 1736
7148 2 2 10 1 2861 4123 2200
7149 2 2 10 1 863 3868 860
7150 2 2 10 1 1819 3922 2402
7151 2 2 10 1 1208 3869 1205
7152 2 2 10 1 772 3862 814
7153 2 2 10 1 2487 3887 3773
7154 2 2 10 1 3297 4240 2556
7155 2 2 10 1 3076 4466 3074
7156 2 2 10 1 2292 3903 2293
7157 2 2 10 1 568 3854 3683
7158 2 2 10 1 71 4329 2826
7159 2 2 10 1 2030 3950 2029
7160 2 2 10 1 3617 4004 2287
7161 2 2 10 1 3550 3933 97
7162 2 2 10 1 96 3933 356
7163 2 2 10 1 3763 3885 1572
7164 2 2 10 1 3453 3832 1059
7165 2 2 10 1 2172 3886 2171
7166 2 2 10 1 84 3938 339
7167 2 2 10 1 787 3863 3329
7168 2 2 10 1 392 3938 85
7169 2 2 10 1 3839 3871 272
7170 2 2 10 1 687 3931 3854
7171 2 2 10 1 2747 4174 2946
7172 2 2 10 1 2525 4377 2594
7173 2 2 10 1 2778 4188 339
7174 2 2 10 1 914 3882 3662
7175 2 2 10 1 3734 3865 2438
7176 2 2 10 1 2529 4052 1898
7177 2 2 10 1 2823 3989 2820
7178 2 2 10 1 2263 3906 2837
7179 2 2 10 1 1638 4012 3539
7180 2 2 10 1 2767 3821 3700
7181 2 2 10 1 3738 3862 774
7182 2 2 10 1 3388 3860 999
7183 2 2 10 1 1567 4210 3498
7184 2 2 10 1 2439 3868 3739
7185 2 2 10 1 3963 4104 2323
7186 2 2 10 1 2440 3869 3741
7187 2 2 10 1 2996 4203 2997
7188 2 2 10 1 2551 4217 3152
7189 2 2 10 1 3662 3882 2874
7190 2 2 10 1 1751 4379 2743
7191 2 2 10 1 1516 3857 1526
7192 2 2 10 1 3209 4352 3093
7193 2 2 10 1 2819 4323 3664
7194 2 2 10 1 3063 4146 3067
7195 2 2 10 1 908 3847 1095
7196 2 2 10 1 570 3854 568
7197 2 2 10 1 28 3892 27
7198 2 2 10 1 3368 3996 2724
7199 2 2 10 1 2908 4196 320
7200 2 2 10 1 1790 3951 3614
7201 2 2 10 1 3171 3895 3172
7202 2 2 10 1 2203 3922 1817
7203 2 2 10 1 2317 3861 2053
7204 2 2 10 1 2795 4260 4228
7205 2 2 10 1 2685 3885 3763
7206 2 2 10 1 2459 3878 3764
7207 2 2 10 1 2770 3880 3766
7208 2 2 10 1 2248 4135 3146
7209 2 2 10 1 671 4077 685
7210 2 2 10 1 553 3993 3288
7211 2 2 10 1 1363 3849 1365
7212 2 2 10 1 315 3954 92
7213 2 2 10 1 1708 4004 2726
7214 2 2 10 1 302 3952 191
7215 2 2 10 1 91 3954 376
7216 2 2 10 1 313 4078 3147
7217 2 2 10 1 3695 3876 594
7218 2 2 10 1 541 4195 538
7219 2 2 10 1 3857 3948 1915
7220 2 2 10 1 2176 3820 3681
7221 2 2 10 1 2818 3835 3816
7222 2 2 10 1 2219 3906 2263
7223 2 2 10 1 3456 4109 1721
7224 2 2 10 1 434 3977 436
7225 2 2 10 1 86 3958 392
7226 2 2 10 1 1427 3878 1425
7227 2 2 10 1 774 3862 772
7228 2 2 10 1 324 3958 87
7229 2 2 10 1 3925 3998 3393
7230 2 2 10 1 1071 3880 1069
7231 2 2 10 1 627 3882 914
7232 2 2 10 1 2565 4454 4330
7233 2 2 10 1 2241 4075 3522
7234 2 2 10 1 126 3904 125
7235 2 2 10 1 2415 4115 2670
7236 2 2 10 1 1572 3885 1569
7237 2 2 10 1 888 3884 892
7238 2 2 10 1 837 4112 3408
7239 2 2 10 1 3773 3887 1376
7240 2 2 10 1 1666 4094 3404
7241 2 2 10 1 2236 3853 2480
7242 2 2 10 1 2806 4115 2414
7243 2 2 10 1 3587 3893 2285
7244 2 2 10 1 2237 3856 2239
7245 2 2 10 1 673 4166 545
7246 2 2 10 1 386 4064 3246
7247 2 2 10 1 448 3897 450
7248 2 2 10 1 3942 4074 2312
7249 2 2 10 1 2280 3917 2314
7250 2 2 10 1 2370 4228 2566
7251 2 2 10 1 3634 4175 3768
7252 2 2 10 1 2642 4227 2452
7253 2 2 10 1 2706 4002 3256
7254 2 2 10 1 2802 4011 835
7255 2 2 10 1 2469 4187 2470
7256 2 2 10 1 3240 4126 3241
7257 2 2 10 1 3922 4140 2402
7258 2 2 10 1 3683 3854 2468
7259 2 2 10 1 347 3974 29
7260 2 2 10 1 3246 4492 386
7261 2 2 10 1 3586 3893 3587
7262 2 2 10 1 2905 3929 3792
7263 2 2 10 1 620 3870 625
7264 2 2 10 1 2293 3903 3814
7265 2 2 10 1 2136 3873 2141
7266 2 2 10 1 3917 3986 2314
7267 2 2 10 1 1453 3934 3609
7268 2 2 10 1 3251 4067 2367
7269 2 2 10 1 2281 3855 2235
7270 2 2 10 1 1374 3907 3653
7271 2 2 10 1 393 3976 114
7272 2 2 10 1 113 3976 294
7273 2 2 10 1 4012 4118 3539
7274 2 2 10 1 386 3979 283
7275 2 2 10 1 3743 3875 2537
7276 2 2 10 1 282 3979 328
7277 2 2 10 1 1788 3951 1790
7278 2 2 10 1 2384 4035 1985
7279 2 2 10 1 2540 4485 3382
7280 2 2 10 1 2482 3876 3695
7281 2 2 10 1 310 3989 242
7282 2 2 10 1 848 3983 846
7283 2 2 10 1 2945 3963 2246
7284 2 2 10 1 3602 4413 2604
7285 2 2 10 1 23 4034 22
7286 2 2 10 1 2633 3928 2541
7287 2 2 10 1 3570 4127 2744
7288 2 2 10 1 683 4467 3301
7289 2 2 10 1 1615 3981 1849
7290 2 2 10 1 413 4009 411
7291 2 2 10 1 2888 4191 342
7292 2 2 10 1 3562 4114 300
7293 2 2 10 1 1754 4150 2461
7294 2 2 10 1 319 3874 3804
7295 2 2 10 1 1430 4424 3479
7296 2 2 10 1 2845 3925 2170
7297 2 2 10 1 3841 3997 2303
7298 2 2 10 1 2635 3939 2332
7299 2 2 10 1 3252 4388 1270
7300 2 2 10 1 2440 3967 3608
7301 2 2 10 1 4190 4252 2455
7302 2 2 10 1 2800 4394 2561
7303 2 2 10 1 1030 3894 1029
7304 2 2 10 1 3666 3902 2336
7305 2 2 10 1 3792 3929 3451
7306 2 2 10 1 2231 3872 2763
7307 2 2 10 1 1702 3917 3795
7308 2 2 10 1 189 3991 350
7309 2 2 10 1 1647 3909 1695
7310 2 2 10 1 2553 4469 2590
7311 2 2 10 1 2225 3879 3463
7312 2 2 10 1 2267 3919 2611
7313 2 2 10 1 594 3876 3678
7314 2 2 10 1 2484 4313 2531
7315 2 2 10 1 2699 3883 3364
7316 2 2 10 1 89 4042 88
7317 2 2 10 1 2207 4461 3470
7318 2 2 10 1 3234 4303 1115
7319 2 2 10 1 1853 4246 1940
7320 2 2 10 1 1326 4036 3675
7321 2 2 10 1 3138 4343 3139
7322 2 2 10 1 2321 4026 2610
7323 2 2 10 1 1756 3934 1351
7324 2 2 10 1 2449 4150 1752
7325 2 2 10 1 2355 3918 2608
7326 2 2 10 1 309 3900 170
7327 2 2 10 1 892 3884 3846
7328 2 2 10 1 2107 3942 2312
7329 2 2 10 1 317 4459 3056
7330 2 2 10 1 3123 4235 3121
7331 2 2 10 1 3818 3906 2217
7332 2 2 10 1 2537 3875 2695
7333 2 2 10 1 2297 3890 2195
7334 2 2 10 1 3854 3931 2468
7335 2 2 10 1 244 3920 243
7336 2 2 10 1 1855 3872 3731
7337 2 2 10 1 768 4363 4090
7338 2 2 10 1 2485 3896 2486
7339 2 2 10 1 156 4008 340
7340 2 2 10 1 1568 3949 2975
7341 2 2 10 1 1349 3934 1453
7342 2 2 10 1 388 4008 157
7343 2 2 10 1 2118 4018 2117
7344 2 2 10 1 1525 3937 2615
7345 2 2 10 1 2374 4279 3259
7346 2 2 10 1 560 4128 3993
7347 2 2 10 1 2227 3969 2363
7348 2 2 10 1 3426 4168 792
7349 2 2 10 1 3886 3935 2171
7350 2 2 10 1 3247 4396 3273
7351 2 2 10 1 2902 4117 3866
7352 2 2 10 1 131 4463 3985
7353 2 2 10 1 3706 4368 4098
7354 2 2 10 1 4280 4431 3557
7355 2 2 10 1 387 3893 3586
7356 2 2 10 1 434 4267 3977
7357 2 2 10 1 560 3993 555
7358 2 2 10 1 2226 3967 2440
7359 2 2 10 1 2498 4292 4143
7360 2 2 10 1 2546 3891 1962
7361 2 2 10 1 3653 3907 2254
7362 2 2 10 1 2217 3906 2219
7363 2 2 10 1 2441 3950 2040
7364 2 2 10 1 1903 3963 2323
7365 2 2 10 1 3121 4290 3118
7366 2 2 10 1 1982 4241 4164
7367 2 2 10 1 3870 3921 2874
7368 2 2 10 1 1936 3898 2105
7369 2 2 10 1 467 3897 448
7370 2 2 10 1 3643 3948 3857
7371 2 2 10 1 2489 3887 2487
7372 2 2 10 1 3478 3888 3656
7373 2 2 10 1 1848 3926 1614
7374 2 2 10 1 3096 4157 1875
7375 2 2 10 1 828 3899 716
7376 2 2 10 1 2778 4411 2576
7377 2 2 10 1 302 3972 3953
7378 2 2 10 1 3551 3964 3549
7379 2 2 10 1 102 4020 348
7380 2 2 10 1 3481 4050 977
7381 2 2 10 1 3435 4019 3936
7382 2 2 10 1 3235 4510 2175
7383 2 2 10 1 3211 4172 3210
7384 2 2 10 1 2800 4265 2740
7385 2 2 10 1 2336 3902 2865
7386 2 2 10 1 1478 3913 3736
7387 2 2 10 1 1613 4379 1751
7388 2 2 10 1 3400 4124 1861
7389 2 2 10 1 2422 3912 3719
7390 2 2 10 1 2375 4294 2864
7391 2 2 10 1 3006 4428 2430
7392 2 2 10 1 3678 3876 2222
7393 2 2 10 1 3345 4445 3344
7394 2 2 10 1 2464 4167 2747
7395 2 2 10 1 2872 3962 2290
7396 2 2 10 1 2541 4430 2534
7397 2 2 10 1 3323 4285 3634
7398 2 2 10 1 1029 4025 1026
7399 2 2 10 1 2408 4119 1836
7400 2 2 10 1 1289 4231 3491
7401 2 2 10 1 3731 3872 2231
7402 2 2 10 1 669 3901 588
7403 2 2 10 1 2646 4422 4137
7404 2 2 10 1 1043 3971 3331
7405 2 2 10 1 3511 4040 313
7406 2 2 10 1 3657 4350 4322
7407 2 2 10 1 2516 4372 3102
7408 2 2 10 1 3719 3912 3671
7409 2 2 10 1 2392 4129 4091
7410 2 2 10 1 3893 4092 2879
7411 2 2 10 1 2431 4385 3877
7412 2 2 10 1 3524 3924 3746
7413 2 2 10 1 2639 3903 2292
7414 2 2 10 1 362 3911 216
7415 2 2 10 1 3396 3916 3164
7416 2 2 10 1 459 4049 460
7417 2 2 10 1 1474 4103 2861
7418 2 2 10 1 2685 3949 3885
7419 2 2 10 1 2467 4416 4326
7420 2 2 10 1 1781 3984 1784
7421 2 2 10 1 3186 3905 3399
7422 2 2 10 1 4067 4233 2407
7423 2 2 10 1 2214 3984 1779
7424 2 2 10 1 3431 4158 1206
7425 2 2 10 1 3867 4430 299
7426 2 2 10 1 3746 3924 1909
7427 2 2 10 1 3737 3941 1952
7428 2 2 10 1 313 4040 204
7429 2 2 10 1 58 4041 359
7430 2 2 10 1 3808 3907 2477
7431 2 2 10 1 143 4095 142
7432 2 2 10 1 2582 3871 3839
7433 2 2 10 1 2337 3960 3540
7434 2 2 10 1 2638 3927 3744
7435 2 2 10 1 202 4046 358
7436 2 2 10 1 3195 4021 2406
7437 2 2 10 1 2347 3994 1753
7438 2 2 10 1 1200 3908 3726
7439 2 2 10 1 4266 4386 1838
7440 2 2 10 1 2475 4017 3924
7441 2 2 10 1 2175 4510 1772
7442 2 2 10 1 2693 3910 2426
7443 2 2 10 1 2928 4478 3709
7444 2 2 10 1 358 4054 201
7445 2 2 10 1 4028 4030 2325
7446 2 2 10 1 199 4055 307
7447 2 2 10 1 3610 4301 2506
7448 2 2 10 1 3084 3953 2304
7449 2 2 10 1 2517 4440 2717
7450 2 2 10 1 3795 3917 3684
7451 2 2 10 1 2737 4111 2736
7452 2 2 10 1 348 4058 101
7453 2 2 10 1 1861 4124 1439
7454 2 2 10 1 97 3933 96
7455 2 2 10 1 1693 3994 2004
7456 2 2 10 1 3744 3927 2096
7457 2 2 10 1 4232 4242 2474
7458 2 2 10 1 341 4061 195
7459 2 2 10 1 194 4061 371
7460 2 2 10 1 30 4059 347
7461 2 2 10 1 3525 4221 525
7462 2 2 10 1 307 4062 198
7463 2 2 10 1 543 4132 542
7464 2 2 10 1 196 4063 341
7465 2 2 10 1 85 3938 84
7466 2 2 10 1 2459 3937 3878
7467 2 2 10 1 4223 4272 540
7468 2 2 10 1 3288 3993 3289
7469 2 2 10 1 337 4064 285
7470 2 2 10 1 1481 4014 1916
7471 2 2 10 1 1602 4245 1369
7472 2 2 10 1 3896 4014 3424
7473 2 2 10 1 284 4064 386
7474 2 2 10 1 2049 4225 2634
7475 2 2 10 1 2456 3941 3737
7476 2 2 10 1 3849 3910 1691
7477 2 2 10 1 3517 4140 3922
7478 2 2 10 1 3160 4492 3246
7479 2 2 10 1 3934 4022 3609
7480 2 2 10 1 3736 3913 2572
7481 2 2 10 1 3664 4420 2819
7482 2 2 10 1 1524 4176 1919
7483 2 2 10 1 363 4072 288
7484 2 2 10 1 287 4072 3571
7485 2 2 10 1 3337 3924 3524
7486 2 2 10 1 1983 4482 2199
7487 2 2 10 1 2117 3923 2114
7488 2 2 10 1 3184 4419 3185
7489 2 2 10 1 2326 3955 3605
7490 2 2 10 1 2882 4288 4262
7491 2 2 10 1 618 3921 3870
7492 2 2 10 1 3820 4166 673
7493 2 2 10 1 3326 4007 1031
7494 2 2 10 1 709 4184 711
7495 2 2 10 1 3858 3940 2291
7496 2 2 10 1 3571 4072 3274
7497 2 2 10 1 979 4050 1115
7498 2 2 10 1 205 4078 313
7499 2 2 10 1 2777 4507 2775
7500 2 2 10 1 3905 3992 3399
7501 2 2 10 1 375 4078 206
7502 2 2 10 1 2170 3925 2167
7503 2 2 10 1 306 4081 54
7504 2 2 10 1 52 4082 344
7505 2 2 10 1 2562 4230 2563
7506 2 2 10 1 401 3918 3555
7507 2 2 10 1 3973 3978 3788
7508 2 2 10 1 1817 3922 1819
7509 2 2 10 1 3801 3955 3504
7510 2 2 10 1 1025 4025 1858
7511 2 2 10 1 838 4153 707
7512 2 2 10 1 3262 4386 2643
7513 2 2 10 1 55 4085 306
7514 2 2 10 1 359 4087 57
7515 2 2 10 1 1189 4346 2131
7516 2 2 10 1 3424 4130 2491
7517 2 2 10 1 318 4284 3158
7518 2 2 10 1 351 4088 44
7519 2 2 10 1 2589 4496 2588
7520 2 2 10 1 468 4105 469
7521 2 2 10 1 43 4088 395
7522 2 2 10 1 4251 4392 2716
7523 2 2 10 1 299 3928 248
7524 2 2 10 1 1667 3912 3720
7525 2 2 10 1 28 3974 3892
7526 2 2 10 1 651 4031 1001
7527 2 2 10 1 885 4209 3884
7528 2 2 10 1 381 4433 4372
7529 2 2 10 1 2324 4030 2862
7530 2 2 10 1 1379 4031 653
7531 2 2 10 1 2595 4404 4261
7532 2 2 10 1 2596 4404 2595
7533 2 2 10 1 2468 3931 3669
7534 2 2 10 1 1702 3986 3917
7535 2 2 10 1 2947 4174 3582
7536 2 2 10 1 25 4220 3308
7537 2 2 10 1 328 4469 3848
7538 2 2 10 1 2968 4362 2969
7539 2 2 10 1 3804 4041 59
7540 2 2 10 1 2766 4076 780
7541 2 2 10 1 3158 4284 2493
7542 2 2 10 1 1902 3940 3367
7543 2 2 10 1 3833 4147 3044
7544 2 2 10 1 1898 4133 1805
7545 2 2 10 1 1414 4451 2842
7546 2 2 10 1 3536 3999 3847
7547 2 2 10 1 3066 4163 3065
7548 2 2 10 1 2184 4371 2041
7549 2 2 10 1 92 3954 91
7550 2 2 10 1 1999 4314 2234
7551 2 2 10 1 2999 4278 3915
7552 2 2 10 1 3529 3936 3749
7553 2 2 10 1 3928 4401 247
7554 2 2 10 1 463 4108 464
7555 2 2 10 1 2307 4273 2855
7556 2 2 10 1 1441 4124 1855
7557 2 2 10 1 3366 4493 2418
7558 2 2 10 1 3333 4173 2062
7559 2 2 10 1 191 3952 190
7560 2 2 10 1 2254 3907 3808
7561 2 2 10 1 3750 3960 3528
7562 2 2 10 1 1932 4458 1595
7563 2 2 10 1 3749 3936 1911
7564 2 2 10 1 2365 4183 1857
7565 2 2 10 1 3015 4361 2279
7566 2 2 10 1 3842 4314 2344
7567 2 2 10 1 2775 4507 3305
7568 2 2 10 1 3296 3965 2261
7569 2 2 10 1 3684 3917 2280
7570 2 2 10 1 2557 4221 3525
7571 2 2 10 1 3236 4079 621
7572 2 2 10 1 780 4076 778
7573 2 2 10 1 87 3958 86
7574 2 2 10 1 2526 4285 2043
7575 2 2 10 1 3720 3912 2422
7576 2 2 10 1 2426 3910 3849
7577 2 2 10 1 4240 4275 2556
7578 2 2 10 1 3634 4285 2526
7579 2 2 10 1 2842 4451 633
7580 2 2 10 1 426 4098 478
7581 2 2 10 1 2171 3935 2334
7582 2 2 10 1 3434 3936 3529
7583 2 2 10 1 2390 3945 2790
7584 2 2 10 1 404 4437 2679
7585 2 2 10 1 3033 4485 4131
7586 2 2 10 1 3316 4199 349
7587 2 2 10 1 3847 3999 3541
7588 2 2 10 1 3451 3929 758
7589 2 2 10 1 1982 4164 1680
7590 2 2 10 1 3453 4427 2728
7591 2 2 10 1 2332 3939 2331
7592 2 2 10 1 2944 4074 3942
7593 2 2 10 1 322 4440 2727
7594 2 2 10 1 3504 3955 3410
7595 2 2 10 1 2354 4332 2616
7596 2 2 10 1 2341 3980 3948
7597 2 2 10 1 2613 3946 2247
7598 2 2 10 1 1351 3934 1349
7599 2 2 10 1 2099 4142 2413
7600 2 2 10 1 2571 4214 2433
7601 2 2 10 1 3323 4397 4285
7602 2 2 10 1 2785 4244 4144
7603 2 2 10 1 1730 3956 1697
7604 2 2 10 1 3475 4048 2337
7605 2 2 10 1 2945 4104 3963
7606 2 2 10 1 3821 3930 3700
7607 2 2 10 1 1122 3982 3966
7608 2 2 10 1 3864 4020 103
7609 2 2 10 1 4034 4464 3081
7610 2 2 10 1 2278 4397 3323
7611 2 2 10 1 2340 4069 2528
7612 2 2 10 1 1642 4089 3300
7613 2 2 10 1 3989 4393 2820
7614 2 2 10 1 3360 3970 2449
7615 2 2 10 1 2105 3942 2107
7616 2 2 10 1 3948 3980 2424
7617 2 2 10 1 3898 3942 2105
7618 2 2 10 1 3700 3930 1834
7619 2 2 10 1 219 3944 402
7620 2 2 10 1 291 3943 403
7621 2 2 10 1 886 4209 882
7622 2 2 10 1 3248 4390 3918
7623 2 2 10 1 3889 3987 2547
7624 2 2 10 1 2275 3947 2273
7625 2 2 10 1 4234 4356 2462
7626 2 2 10 1 2460 3937 2459
7627 2 2 10 1 3656 3888 3828
7628 2 2 10 1 2703 4069 2338
7629 2 2 10 1 302 3953 3952
7630 2 2 10 1 3788 3978 1667
7631 2 2 10 1 2212 4249 2211
7632 2 2 10 1 494 4380 3469
7633 2 2 10 1 161 4181 160
7634 2 2 10 1 3497 4381 1567
7635 2 2 10 1 2419 4189 2806
7636 2 2 10 1 3605 3955 3801
7637 2 2 10 1 2337 4048 3960
7638 2 2 10 1 3421 4355 1816
7639 2 2 10 1 3837 4059 31
7640 2 2 10 1 3569 4009 303
7641 2 2 10 1 2688 3932 3790
7642 2 2 10 1 3528 3960 3427
7643 2 2 10 1 1839 4066 3245
7644 2 2 10 1 1835 4067 2407
7645 2 2 10 1 226 4185 225
7646 2 2 10 1 2853 4453 2546
7647 2 2 10 1 4109 4289 1721
7648 2 2 10 1 29 3974 28
7649 2 2 10 1 4352 4414 3093
7650 2 2 10 1 2326 4043 3955
7651 2 2 10 1 2040 3950 2030
7652 2 2 10 1 3267 4079 2640
7653 2 2 10 1 83 4188 82
7654 2 2 10 1 1952 3941 2248
7655 2 2 10 1 3025 4282 2023
7656 2 2 10 1 2342 3988 3013
7657 2 2 10 1 3341 4506 3689
7658 2 2 10 1 1918 3959 2010
7659 2 2 10 1 1410 4513 3459
7660 2 2 10 1 114 3976 113
7661 2 2 10 1 136 4201 135
7662 2 2 10 1 3345 4356 4234
7663 2 2 10 1 2434 4038 3290
7664 2 2 10 1 94 4200 93
7665 2 2 10 1 3540 3960 3750
7666 2 2 10 1 4275 4508 2557
7667 2 2 10 1 768 4090 766
7668 2 2 10 1 2686 3949 2685
7669 2 2 10 1 2481 4299 2492
7670 2 2 10 1 2566 4228 3959
7671 2 2 10 1 283 3979 282
7672 2 2 10 1 3127 4426 357
7673 2 2 10 1 2732 4103 2253
7674 2 2 10 1 1708 4113 4004
7675 2 2 10 1 3900 4375 169
7676 2 2 10 1 2547 3987 2389
7677 2 2 10 1 647 4097 1380
7678 2 2 10 1 2817 4323 2819
7679 2 2 10 1 2448 4225 2637
7680 2 2 10 1 2904 4159 128
7681 2 2 10 1 1527 4144 3429
7682 2 2 10 1 2158 4080 2441
7683 2 2 10 1 742 4226 3403
7684 2 2 10 1 3399 3992 2379
7685 2 2 10 1 1001 4097 649
7686 2 2 10 1 4052 4133 1898
7687 2 2 10 1 1915 3948 2424
7688 2 2 10 1 3124 4185 3123
7689 2 2 10 1 1765 4361 2707
7690 2 2 10 1 315 4200 3030
7691 2 2 10 1 621 4079 3267
7692 2 2 10 1 2958 4047 2376
7693 2 2 10 1 3706 4098 424
7694 2 2 10 1 1567 4381 4210
7695 2 2 10 1 1801 3951 1788
7696 2 2 10 1 1684 4510 3481
7697 2 2 10 1 1965 4190 2455
7698 2 2 10 1 3037 4345 3988
7699 2 2 10 1 2199 4482 3832
7700 2 2 10 1 1887 4448 1704
7701 2 2 10 1 3510 4043 2326
7702 2 2 10 1 242 3989 241
7703 2 2 10 1 2962 4056 2965
7704 2 2 10 1 2495 4357 2496
7705 2 2 10 1 1106 4137 1105
7706 2 2 10 1 3853 4399 4192
7707 2 2 10 1 430 4152 1377
7708 2 2 10 1 64 4296 3464
7709 2 2 10 1 3016 4058 3014
7710 2 2 10 1 26 4220 25
7711 2 2 10 1 2229 3969 2227
7712 2 2 10 1 3544 4257 322
7713 2 2 10 1 3541 3999 2519
7714 2 2 10 1 1420 4164 1907
7715 2 2 10 1 4124 4254 1855
7716 2 2 10 1 2120 3968 2121
7717 2 2 10 1 406 4161 78
7718 2 2 10 1 2607 4169 3103
7719 2 2 10 1 3162 4430 3867
7720 2 2 10 1 2551 4232 4217
7721 2 2 10 1 2571 4245 4214
7722 2 2 10 1 2341 3948 3643
7723 2 2 10 1 227 4235 226
7724 2 2 10 1 2550 4166 3820
7725 2 2 10 1 2290 3962 2596
7726 2 2 10 1 1144 4137 1448
7727 2 2 10 1 3552 3964 3551
7728 2 2 10 1 379 4236 2859
7729 2 2 10 1 190 3991 189
7730 2 2 10 1 1916 4014 3896
7731 2 2 10 1 3256 4353 533
7732 2 2 10 1 3483 4291 356
7733 2 2 10 1 2474 3966 2473
7734 2 2 10 1 2246 3963 3760
7735 2 2 10 1 3367 3940 3858
7736 2 2 10 1 2245 4474 1874
7737 2 2 10 1 3768 4175 309
7738 2 2 10 1 920 4074 2944
7739 2 2 10 1 3157 4355 2186
7740 2 2 10 1 436 3977 474
7741 2 2 10 1 3179 4429 3178
7742 2 2 10 1 2133 3996 3368
7743 2 2 10 1 2303 3997 2807
7744 2 2 10 1 2473 3982 2568
7745 2 2 10 1 1907 4164 3667
7746 2 2 10 1 3952 3991 190
7747 2 2 10 1 1062 4472 2728
7748 2 2 10 1 2714 3995 2381
7749 2 2 10 1 2234 4314 3842
7750 2 2 10 1 2314 3986 2871
7751 2 2 10 1 2474 3970 3966
7752 2 2 10 1 1119 4128 562
7753 2 2 10 1 555 3993 553
7754 2 2 10 1 1354 4005 1353
7755 2 2 10 1 342 4191 123
7756 2 2 10 1 122 4191 373
7757 2 2 10 1 1654 4147 1902
7758 2 2 10 1 2544 4481 2826
7759 2 2 10 1 1667 3978 3912
7760 2 2 10 1 2660 4041 3804
7761 2 2 10 1 137 4278 136
7762 2 2 10 1 2876 4503 2887
7763 2 2 10 1 349 4199 116
7764 2 2 10 1 115 4199 393
7765 2 2 10 1 3675 3986 1702
7766 2 2 10 1 320 4196 276
7767 2 2 10 1 3279 4301 365
7768 2 2 10 1 3464 4403 64
7769 2 2 10 1 835 4011 847
7770 2 2 10 1 95 4291 94
7771 2 2 10 1 3638 4012 2266
7772 2 2 10 1 3566 3972 302
7773 2 2 10 1 65 4296 64
7774 2 2 10 1 2363 3967 2226
7775 2 2 10 1 1779 3984 1781
7776 2 2 10 1 82 4302 81
7777 2 2 10 1 130 3985 353
7778 2 2 10 1 144 4305 143
7779 2 2 10 1 4326 4416 2738
7780 2 2 10 1 2511 4277 3593
7781 2 2 10 1 3452 4484 444
7782 2 2 10 1 71 4306 70
7783 2 2 10 1 4264 4307 2444
7784 2 2 10 1 3848 4469 2952
7785 2 2 10 1 147 4213 401
7786 2 2 10 1 3790 3932 687
7787 2 2 10 1 3522 4000 3789
7788 2 2 10 1 3826 4089 1642
7789 2 2 10 1 3864 4496 2589
7790 2 2 10 1 2458 4131 2151
7791 2 2 10 1 3313 4138 1666
7792 2 2 10 1 4119 4155 2500
7793 2 2 10 1 3441 4057 3780
7794 2 2 10 1 1430 4500 4424
7795 2 2 10 1 1849 3981 2150
7796 2 2 10 1 478 4152 428
7797 2 2 10 1 2367 4067 3747
7798 2 2 10 1 743 4226 742
7799 2 2 10 1 72 4329 71
7800 2 2 10 1 3414 4263 2777
7801 2 2 10 1 3692 3971 1043
7802 2 2 10 1 372 4398 3567
7803 2 2 10 1 157 4008 156
7804 2 2 10 1 3638 4118 4012
7805 2 2 10 1 3991 4024 350
7806 2 2 10 1 3419 4349 3417
7807 2 2 10 1 1916 3957 3704
7808 2 2 10 1 1474 3983 848
7809 2 2 10 1 2447 3980 2341
7810 2 2 10 1 2562 4264 4230
7811 2 2 10 1 2589 4020 3864
7812 2 2 10 1 2478 4512 4208
7813 2 2 10 1 2701 4202 3600
7814 2 2 10 1 2692 4294 2375
7815 2 2 10 1 3622 4398 3111
7816 2 2 10 1 3971 4102 3331
7817 2 2 10 1 3955 4043 3410
7818 2 2 10 1 5 4341 1
7819 2 2 10 1 1 4341 292
7820 2 2 10 1 221 4342 4
7821 2 2 10 1 4 4342 220
7822 2 2 10 1 3832 4482 2693
7823 2 2 10 1 279 4236 379
7824 2 2 10 1 45 4239 351
7825 2 2 10 1 1012 4253 1011
7826 2 2 10 1 349 4423 3318
7827 2 2 10 1 4157 4214 1875
7828 2 2 10 1 3708 3965 1379
7829 2 2 10 1 1374 4003 3907
7830 2 2 10 1 3393 3998 740
7831 2 2 10 1 64 4403 63
7832 2 2 10 1 2101 4509 3397
7833 2 2 10 1 886 4263 4209
7834 2 2 10 1 3158 4317 3590
7835 2 2 10 1 2509 4418 3851
7836 2 2 10 1 3083 4024 3084
7837 2 2 10 1 3977 4267 2855
7838 2 2 10 1 3103 4169 3402
7839 2 2 10 1 2631 4348 2630
7840 2 2 10 1 557 4104 2945
7841 2 2 10 1 3966 3982 2473
7842 2 2 10 1 719 4001 722
7843 2 2 10 1 90 4465 89
7844 2 2 10 1 22 4456 21
7845 2 2 10 1 17 4447 16
7846 2 2 10 1 550 4023 552
7847 2 2 10 1 2964 4059 3837
7848 2 2 10 1 3593 4364 2511
7849 2 2 10 1 3455 4336 303
7850 2 2 10 1 3999 4065 2519
7851 2 2 10 1 3985 4463 2989
7852 2 2 10 1 1753 3994 1693
7853 2 2 10 1 1858 4215 1859
7854 2 2 10 1 2261 3965 3708
7855 2 2 10 1 3704 3957 3705
7856 2 2 10 1 1961 4261 1692
7857 2 2 10 1 1885 4287 2559
7858 2 2 10 1 2642 4266 4227
7859 2 2 10 1 1959 4436 1755
7860 2 2 10 1 3760 3963 1903
7861 2 2 10 1 158 4257 388
7862 2 2 10 1 322 4257 159
7863 2 2 10 1 1902 4147 3833
7864 2 2 10 1 4245 4298 1369
7865 2 2 10 1 3031 4291 3483
7866 2 2 10 1 1865 4277 2511
7867 2 2 10 1 277 4269 320
7868 2 2 10 1 379 4269 278
7869 2 2 10 1 1483 4266 1838
7870 2 2 10 1 1016 4295 1015
7871 2 2 10 1 3912 3978 3671
7872 2 2 10 1 3924 4017 1909
7873 2 2 10 1 444 4222 3452
7874 2 2 10 1 3960 4048 3427
7875 2 2 10 1 2138 4412 2532
7876 2 2 10 1 3825 4398 372
7877 2 2 10 1 2773 4202 2427
7878 2 2 10 1 2445 4276 1741
7879 2 2 10 1 3525 4281 2557
7880 2 2 10 1 2581 4438 4021
7881 2 2 10 1 2809 4051 2813
7882 2 2 10 1 3910 4100 1961
7883 2 2 10 1 2122 4107 3357
7884 2 2 10 1 3884 4209 3416
7885 2 2 10 1 1679 4218 1966
7886 2 2 10 1 579 4013 581
7887 2 2 10 1 3408 4113 1708
7888 2 2 10 1 1966 4218 4217
7889 2 2 10 1 3411 4237 2243
7890 2 2 10 1 378 4203 3573
7891 2 2 10 1 2299 3978 3973
7892 2 2 10 1 2305 4441 2654
7893 2 2 10 1 4172 4249 3210
7894 2 2 10 1 966 4274 969
7895 2 2 10 1 2917 4365 2935
7896 2 2 10 1 2585 4016 2421
7897 2 2 10 1 103 4020 102
7898 2 2 10 1 2573 4434 2742
7899 2 2 10 1 1167 4010 3477
7900 2 2 10 1 1056 4427 3453
7901 2 2 10 1 1967 4232 2474
7902 2 2 10 1 3690 4261 1961
7903 2 2 10 1 3657 4322 961
7904 2 2 10 1 3705 3957 3526
7905 2 2 10 1 2497 4335 3645
7906 2 2 10 1 3178 4429 3449
7907 2 2 10 1 303 4336 47
7908 2 2 10 1 1303 4483 3702
7909 2 2 10 1 2299 3973 2357
7910 2 2 10 1 2986 4027 2987
7911 2 2 10 1 308 4374 3552
7912 2 2 10 1 1552 4271 1554
7913 2 2 10 1 3907 4003 2477
7914 2 2 10 1 3 4351 148
7915 2 2 10 1 149 4351 3
7916 2 2 10 1 4299 4337 2492
7917 2 2 10 1 2733 4207 2423
7918 2 2 10 1 1133 4309 1157
7919 2 2 10 1 4133 4227 1805
7920 2 2 10 1 3208 3999 3536
7921 2 2 10 1 2287 4004 2396
7922 2 2 10 1 3203 4068 2377
7923 2 2 10 1 4362 4407 2969
7924 2 2 10 1 2266 4012 3712
7925 2 2 10 1 2319 4026 2321
7926 2 2 10 1 124 4370 342
7927 2 2 10 1 168 4375 357
7928 2 2 10 1 275 4196 2909
7929 2 2 10 1 3275 4439 4033
7930 2 2 10 1 3194 4028 3193
7931 2 2 10 1 3155 4317 3158
7932 2 2 10 1 2 4354 76
7933 2 2 10 1 77 4354 2
7934 2 2 10 1 3671 3978 2299
7935 2 2 10 1 246 4401 346
7936 2 2 10 1 407 4490 150
7937 2 2 10 1 4024 4091 350
7938 2 2 10 1 3966 3970 3360
7939 2 2 10 1 3084 3991 3952
7940 2 2 10 1 346 4471 245
7941 2 2 10 1 2841 4032 2843
7942 2 2 10 1 75 4437 404
7943 2 2 10 1 2780 4188 2778
7944 2 2 10 1 357 4426 167
7945 2 2 10 1 314 4463 132
7946 2 2 10 1 301 4432 119
7947 2 2 10 1 414 4505 413
7948 2 2 10 1 165 4459 317
7949 2 2 10 1 1338 4000 3973
7950 2 2 10 1 117 4423 349
7951 2 2 10 1 381 4457 162
7952 2 2 10 1 3592 4364 3593
7953 2 2 10 1 3993 4128 3289
7954 2 2 10 1 962 4347 965
7955 2 2 10 1 3153 4218 4198
7956 2 2 10 1 444 4484 446
7957 2 2 10 1 387 4092 3893
7958 2 2 10 1 1683 4304 2060
7959 2 2 10 1 2833 4045 2658
7960 2 2 10 1 2771 4089 3826
7961 2 2 10 1 3936 4019 1911
7962 2 2 10 1 2212 4352 4249
7963 2 2 10 1 2691 4042 2692
7964 2 2 10 1 3762 4066 1839
7965 2 2 10 1 3450 4107 2122
7966 2 2 10 1 1923 4335 2497
7967 2 2 10 1 3647 4299 4160
7968 2 2 10 1 4033 4439 363
7969 2 2 10 1 1270 4388 4037
7970 2 2 10 1 442 4222 444
7971 2 2 10 1 2349 4039 2351
7972 2 2 10 1 750 4462 747
7973 2 2 10 1 3655 4003 1374
7974 2 2 10 1 1377 4267 432
7975 2 2 10 1 2567 4156 3271
7976 2 2 10 1 3407 3971 3692
7977 2 2 10 1 1328 4036 1326
7978 2 2 10 1 2402 4287 1883
7979 2 2 10 1 2496 4051 2809
7980 2 2 10 1 2855 4273 3977
7981 2 2 10 1 2826 4470 2515
7982 2 2 10 1 3702 4287 2402
7983 2 2 10 1 2121 4018 2118
7984 2 2 10 1 2767 4450 1305
7985 2 2 10 1 1911 4019 3607
7986 2 2 10 1 4090 4363 3259
7987 2 2 10 1 309 4175 3900
7988 2 2 10 1 3987 4071 2389
7989 2 2 10 1 535 4353 1311
7990 2 2 10 1 4117 4192 3866
7991 2 2 10 1 3208 4065 3999
7992 2 2 10 1 969 4149 3694
7993 2 2 10 1 364 4495 4470
7994 2 2 10 1 1389 4029 1527
7995 2 2 10 1 2557 4281 2229
7996 2 2 10 1 1834 4014 1481
7997 2 2 10 1 3423 4006 3658
7998 2 2 10 1 2633 4401 3928
7999 2 2 10 1 3403 4491 742
8000 2 2 10 1 1062 4427 1058
8001 2 2 10 1 4094 4138 2530
8002 2 2 10 1 2428 4247 3622
8003 2 2 10 1 2922 4410 2920
8004 2 2 10 1 3973 4000 2357
8005 2 2 10 1 1026 4025 1025
8006 2 2 10 1 4014 4130 3424
8007 2 2 10 1 204 4040 203
8008 2 2 10 1 1338 3973 3788
8009 2 2 10 1 687 3932 3931
8010 2 2 10 1 3287 4120 4065
8011 2 2 10 1 59 4041 58
8012 2 2 10 1 411 4009 3569
8013 2 2 10 1 4003 4094 2530
8014 2 2 10 1 1909 4017 1910
8015 2 2 10 1 2416 4367 3604
8016 2 2 10 1 2957 4443 991
8017 2 2 10 1 3848 4236 280
8018 2 2 10 1 128 4159 127
8019 2 2 10 1 3703 4277 1851
8020 2 2 10 1 1985 4035 2548
8021 2 2 10 1 3930 4380 2543
8022 2 2 10 1 814 4363 770
8023 2 2 10 1 203 4046 202
8024 2 2 10 1 2901 4114 2478
8025 2 2 10 1 2308 4125 3475
8026 2 2 10 1 2225 3961 3879
8027 2 2 10 1 3030 4200 3031
8028 2 2 10 1 3761 4103 1474
8029 2 2 10 1 653 4031 651
8030 2 2 10 1 769 4044 771
8031 2 2 10 1 3402 4169 389
8032 2 2 10 1 3153 4060 1837
8033 2 2 10 1 3771 4002 2706
8034 2 2 10 1 4016 4153 838
8035 2 2 10 1 3475 4125 4048
8036 2 2 10 1 2795 4228 2370
8037 2 2 10 1 2508 4052 2509
8038 2 2 10 1 2594 4375 3900
8039 2 2 10 1 201 4054 200
8040 2 2 10 1 354 4034 23
8041 2 2 10 1 3357 4107 3358
8042 2 2 10 1 3468 4450 4251
8043 2 2 10 1 3669 4238 1896
8044 2 2 10 1 3674 4022 1756
8045 2 2 10 1 2407 4037 2408
8046 2 2 10 1 2542 4420 3664
8047 2 2 10 1 3609 4022 2600
8048 2 2 10 1 4060 4093 1837
8049 2 2 10 1 200 4055 199
8050 2 2 10 1 3919 4309 2611
8051 2 2 10 1 3887 4143 1376
8052 2 2 10 1 633 4451 608
8053 2 2 10 1 2325 4030 2324
8054 2 2 10 1 3712 4012 1638
8055 2 2 10 1 3468 4251 511
8056 2 2 10 1 3952 3953 3084
8057 2 2 10 1 977 4050 979
8058 2 2 10 1 101 4058 100
8059 2 2 10 1 2533 4070 2387
8060 2 2 10 1 4098 4368 2670
8061 2 2 10 1 3554 4033 363
8062 2 2 10 1 3995 4448 1887
8063 2 2 10 1 3259 4279 4090
8064 2 2 10 1 2398 4073 2397
8065 2 2 10 1 195 4061 194
8066 2 2 10 1 3510 4122 4043
8067 2 2 10 1 31 4059 30
8068 2 2 10 1 2243 4237 3679
8069 2 2 10 1 3251 4233 4067
8070 2 2 10 1 88 4042 324
8071 2 2 10 1 198 4062 197
8072 2 2 10 1 3410 4043 1089
8073 2 2 10 1 197 4063 196
8074 2 2 10 1 3789 4000 1338
8075 2 2 10 1 4040 4046 203
8076 2 2 10 1 460 4049 463
8077 2 2 10 1 2582 4438 2581
8078 2 2 10 1 285 4064 284
8079 2 2 10 1 4395 4453 790
8080 2 2 10 1 3888 4436 1959
8081 2 2 10 1 3498 4210 4083
8082 2 2 10 1 531 4096 4086
8083 2 2 10 1 2418 4493 4100
8084 2 2 10 1 606 4451 1414
8085 2 2 10 1 3385 4229 2150
8086 2 2 10 1 4441 4474 2654
8087 2 2 10 1 3041 4479 2460
8088 2 2 10 1 3427 4048 1253
8089 2 2 10 1 2840 4032 2841
8090 2 2 10 1 371 4311 3566
8091 2 2 10 1 2649 4328 2648
8092 2 2 10 1 2854 4189 2419
8093 2 2 10 1 3926 4379 1614
8094 2 2 10 1 4054 4055 200
8095 2 2 10 1 531 4086 548
8096 2 2 10 1 2717 4440 4181
8097 2 2 10 1 3101 4065 3208
8098 2 2 10 1 4111 4180 2736
8099 2 2 10 1 288 4072 287
8100 2 2 10 1 2616 4332 4049
8101 2 2 10 1 2965 4121 2966
8102 2 2 10 1 2608 4475 2609
8103 2 2 10 1 3539 4118 2552
8104 2 2 10 1 3672 4331 459
8105 2 2 10 1 4084 4371 2184
8106 2 2 10 1 2403 4122 3510
8107 2 2 10 1 3478 4436 3888
8108 2 2 10 1 3818 4083 3906
8109 2 2 10 1 3664 4323 346
8110 2 2 10 1 2546 4453 3891
8111 2 2 10 1 2745 4310 2746
8112 2 2 10 1 3615 4489 1304
8113 2 2 10 1 1479 4324 2857
8114 2 2 10 1 4062 4063 197
8115 2 2 10 1 4470 4495 2974
8116 2 2 10 1 206 4078 205
8117 2 2 10 1 1837 4093 1774
8118 2 2 10 1 2413 4084 2665
8119 2 2 10 1 2437 4208 3205
8120 2 2 10 1 3571 4396 337
8121 2 2 10 1 3853 4192 2480
8122 2 2 10 1 3660 4170 1456
8123 2 2 10 1 530 4096 531
8124 2 2 10 1 3250 4233 3251
8125 2 2 10 1 811 4162 3787
8126 2 2 10 1 4273 4315 474
8127 2 2 10 1 3331 4102 2712
8128 2 2 10 1 3964 4325 3549
8129 2 2 10 1 54 4081 53
8130 2 2 10 1 1157 4309 3919
8131 2 2 10 1 53 4082 52
8132 2 2 10 1 297 4056 3837
8133 2 2 10 1 3958 4477 392
8134 2 2 10 1 2592 4289 4109
8135 2 2 10 1 3647 4160 3992
8136 2 2 10 1 4093 4117 1774
8137 2 2 10 1 2670 4368 2629
8138 2 2 10 1 2705 4508 2017
8139 2 2 10 1 4004 4113 2396
8140 2 2 10 1 546 4077 671
8141 2 2 10 1 2567 4216 4156
8142 2 2 10 1 56 4085 55
8143 2 2 10 1 324 4476 3958
8144 2 2 10 1 18 4409 17
8145 2 2 10 1 57 4087 56
8146 2 2 10 1 3431 4190 4158
8147 2 2 10 1 2483 4318 3026
8148 2 2 10 1 2386 4099 3082
8149 2 2 10 1 3920 4471 2822
8150 2 2 10 1 2497 4182 2403
8151 2 2 10 1 2389 4071 3353
8152 2 2 10 1 388 4187 2863
8153 2 2 10 1 44 4088 43
8154 2 2 10 1 2843 4032 3866
8155 2 2 10 1 3473 4300 3859
8156 2 2 10 1 742 4491 3680
8157 2 2 10 1 2588 4496 4114
8158 2 2 10 1 406 4378 4161
8159 2 2 10 1 4051 4357 355
8160 2 2 10 1 3686 4390 3248
8161 2 2 10 1 3431 4252 4190
8162 2 2 10 1 4164 4241 3667
8163 2 2 10 1 2547 4402 3889
8164 2 2 10 1 2718 4106 2622
8165 2 2 10 1 2311 4109 3456
8166 2 2 10 1 4089 4172 3300
8167 2 2 10 1 3904 4370 125
8168 2 2 10 1 2315 4293 3696
8169 2 2 10 1 2338 4069 2340
8170 2 2 10 1 2548 4486 3370
8171 2 2 10 1 1380 4435 3721
8172 2 2 10 1 4298 4466 3076
8173 2 2 10 1 3523 4178 2275
8174 2 2 10 1 685 4405 3627
8175 2 2 10 1 3915 4278 325
8176 2 2 10 1 4315 4324 3781
8177 2 2 10 1 4081 4082 53
8178 2 2 10 1 4348 4424 2630
8179 2 2 10 1 3359 4101 3356
8180 2 2 10 1 3697 4394 750
8181 2 2 10 1 56 4087 4085
8182 2 2 10 1 2568 4241 1982
8183 2 2 10 1 2312 4074 2750
8184 2 2 10 1 4118 4158 2552
8185 2 2 10 1 3328 4297 2523
8186 2 2 10 1 3140 4206 2184
8187 2 2 10 1 469 4105 472
8188 2 2 10 1 4043 4122 1089
8189 2 2 10 1 4056 4121 2965
8190 2 2 10 1 3780 4057 544
8191 2 2 10 1 2618 4080 2158
8192 2 2 10 1 1907 4101 3901
8193 2 2 10 1 3717 4264 2444
8194 2 2 10 1 3783 4449 4425
8195 2 2 10 1 1316 4116 1484
8196 2 2 10 1 2808 4151 3234
8197 2 2 10 1 2592 4109 3961
8198 2 2 10 1 362 4376 4219
8199 2 2 10 1 244 4471 3920
8200 2 2 10 1 4147 4308 3044
8201 2 2 10 1 401 4475 3918
8202 2 2 10 1 2200 4123 2032
8203 2 2 10 1 2414 4115 2415
8204 2 2 10 1 1834 4130 4014
8205 2 2 10 1 297 4121 4056
8206 2 2 10 1 3747 4067 1835
8207 2 2 10 1 2946 4174 2947
8208 2 2 10 1 1316 4139 4116
8209 2 2 10 1 373 4127 3570
8210 2 2 10 1 3151 4374 2582
8211 2 2 10 1 766 4090 811
8212 2 2 10 1 4048 4125 1253
8213 2 2 10 1 2634 4225 4149
8214 2 2 10 1 3242 4391 3559
8215 2 2 10 1 3061 4145 673
8216 2 2 10 1 142 4095 333
8217 2 2 10 1 2319 4173 4026
8218 2 2 10 1 546 4132 4077
8219 2 2 10 1 827 4112 837
8220 2 2 10 1 649 4097 647
8221 2 2 10 1 3806 4293 2315
8222 2 2 10 1 350 4091 3583
8223 2 2 10 1 3241 4391 3242
8224 2 2 10 1 3584 4092 387
8225 2 2 10 1 2420 4268 2585
8226 2 2 10 1 1774 4117 2902
8227 2 2 10 1 4344 4363 814
8228 2 2 10 1 464 4108 468
8229 2 2 10 1 3627 4244 2454
8230 2 2 10 1 2466 4066 3762
8231 2 2 10 1 127 4159 305
8232 2 2 10 1 778 4076 815
8233 2 2 10 1 3084 4024 3991
8234 2 2 10 1 1116 4303 1132
8235 2 2 10 1 3548 4385 372
8236 2 2 10 1 2313 4155 3253
8237 2 2 10 1 424 4098 426
8238 2 2 10 1 3622 4247 304
8239 2 2 10 1 2543 4358 2527
8240 2 2 10 1 2642 4386 4266
8241 2 2 10 1 3561 4297 3328
8242 2 2 10 1 3888 4408 3828
8243 2 2 10 1 2427 4202 2701
8244 2 2 10 1 4068 4215 1858
8245 2 2 10 1 1836 4119 2221
8246 2 2 10 1 3471 4133 2508
8247 2 2 10 1 746 4462 3032
8248 2 2 10 1 2466 4110 4066
8249 2 2 10 1 1439 4124 1441
8250 2 2 10 1 3097 4134 3096
8251 2 2 10 1 2323 4104 2703
8252 2 2 10 1 4447 4503 323
8253 2 2 10 1 2501 4387 2549
8254 2 2 10 1 2472 4204 3581
8255 2 2 10 1 372 4385 3825
8256 2 2 10 1 361 4390 3686
8257 2 2 10 1 3429 4144 2188
8258 2 2 10 1 3839 4438 2582
8259 2 2 10 1 1959 4408 3888
8260 2 2 10 1 3851 4317 3155
8261 2 2 10 1 2737 4416 4321
8262 2 2 10 1 2357 4075 3782
8263 2 2 10 1 2508 4133 4052
8264 2 2 10 1 2467 4110 2466
8265 2 2 10 1 474 4315 3781
8266 2 2 10 1 3906 4083 2837
8267 2 2 10 1 2519 4120 2518
8268 2 2 10 1 2460 4480 3041
8269 2 2 10 1 3918 4390 3555
8270 2 2 10 1 2693 4100 3910
8271 2 2 10 1 3918 4475 2608
8272 2 2 10 1 4177 4194 2412
8273 2 2 10 1 383 4402 3867
8274 2 2 10 1 4328 4455 2648
8275 2 2 10 1 3783 4425 1566
8276 2 2 10 1 2450 4146 3063
8277 2 2 10 1 4254 4383 3872
8278 2 2 10 1 2424 4223 2550
8279 2 2 10 1 2396 4113 2733
8280 2 2 10 1 2447 4272 3980
8281 2 2 10 1 1721 4289 3426
8282 2 2 10 1 3106 4139 1316
8283 2 2 10 1 2457 4135 3941
8284 2 2 10 1 2842 4399 1414
8285 2 2 10 1 991 4443 2937
8286 2 2 10 1 2887 4503 4447
8287 2 2 10 1 4052 4053 2509
8288 2 2 10 1 1311 4353 4002
8289 2 2 10 1 2551 4242 4232
8290 2 2 10 1 4192 4399 2843
8291 2 2 10 1 4358 4489 2527
8292 2 2 10 1 2221 4119 4102
8293 2 2 10 1 2403 4182 4122
8294 2 2 10 1 3650 4111 1394
8295 2 2 10 1 1566 4400 3716
8296 2 2 10 1 2866 4338 1498
8297 2 2 10 1 3901 4101 3359
8298 2 2 10 1 4338 4472 3698
8299 2 2 10 1 413 4505 4163
8300 2 2 10 1 3404 4094 3655
8301 2 2 10 1 304 4247 3568
8302 2 2 10 1 540 4366 536
8303 2 2 10 1 2611 4151 2808
8304 2 2 10 1 2915 4333 2913
8305 2 2 10 1 3022 4312 3982
8306 2 2 10 1 2723 4159 2904
8307 2 2 10 1 2253 4103 3761
8308 2 2 10 1 3147 4499 313
8309 2 2 10 1 3970 4242 4224
8310 2 2 10 1 3959 4228 2010
8311 2 2 10 1 2826 4481 4306
8312 2 2 10 1 2436 4170 3660
8313 2 2 10 1 335 4481 2805
8314 2 2 10 1 542 4132 546
8315 2 2 10 1 1307 4083 3818
8316 2 2 10 1 1089 4122 3505
8317 2 2 10 1 1132 4303 4151
8318 2 2 10 1 2941 4250 2631
8319 2 2 10 1 4251 4450 2584
8320 2 2 10 1 3563 4121 297
8321 2 2 10 1 4372 4457 381
8322 2 2 10 1 4091 4129 3583
8323 2 2 10 1 1105 4137 1144
8324 2 2 10 1 3021 4154 3018
8325 2 2 10 1 3397 4252 1233
8326 2 2 10 1 4197 4362 2968
8327 2 2 10 1 545 4166 541
8328 2 2 10 1 3153 4198 4060
8329 2 2 10 1 3506 4417 2575
8330 2 2 10 1 2909 4196 2908
8331 2 2 10 1 2913 4259 2914
8332 2 2 10 1 4368 4400 2629
8333 2 2 10 1 562 4128 560
8334 2 2 10 1 1752 4150 1754
8335 2 2 10 1 3576 4343 2531
8336 2 2 10 1 1929 4158 4118
8337 2 2 10 1 1566 4425 4400
8338 2 2 10 1 2151 4131 2540
8339 2 2 10 1 3026 4322 3024
8340 2 2 10 1 2864 4498 2375
8341 2 2 10 1 3604 4367 4108
8342 2 2 10 1 1929 4118 3638
8343 2 2 10 1 3583 4129 394
8344 2 2 10 1 2435 4157 2681
8345 2 2 10 1 3001 4177 3028
8346 2 2 10 1 2646 4234 2462
8347 2 2 10 1 332 4211 3374
8348 2 2 10 1 3977 4273 474
8349 2 2 10 1 2634 4318 2483
8350 2 2 10 1 2385 4325 3964
8351 2 2 10 1 2529 4053 4052
8352 2 2 10 1 3655 4094 4003
8353 2 2 10 1 3584 4148 4092
8354 2 2 10 1 3961 4109 2311
8355 2 2 10 1 2150 4142 2099
8356 2 2 10 1 1253 4125 3797
8357 2 2 10 1 3129 4477 3958
8358 2 2 10 1 2139 4406 2589
8359 2 2 10 1 399 4343 3576
8360 2 2 10 1 1932 4514 3148
8361 2 2 10 1 3958 4476 3129
8362 2 2 10 1 3082 4514 1932
8363 2 2 10 1 3003 4203 2996
8364 2 2 10 1 1838 4386 3262
8365 2 2 10 1 2914 4205 2917
8366 2 2 10 1 1206 4158 1929
8367 2 2 10 1 2530 4138 2635
8368 2 2 10 1 2637 4225 4183
8369 2 2 10 1 529 4140 3517
8370 2 2 10 1 1393 4176 1524
8371 2 2 10 1 538 4195 540
8372 2 2 10 1 2678 4378 3610
8373 2 2 10 1 2638 4288 3927
8374 2 2 10 1 2623 4376 2501
8375 2 2 10 1 78 4161 77
8376 2 2 10 1 989 4497 3022
8377 2 2 10 1 3058 4377 2525
8378 2 2 10 1 4120 4179 2518
8379 2 2 10 1 536 4366 534
8380 2 2 10 1 711 4184 806
8381 2 2 10 1 2863 4187 2469
8382 2 2 10 1 707 4153 709
8383 2 2 10 1 2062 4173 2319
8384 2 2 10 1 3522 4075 4000
8385 2 2 10 1 3968 4136 2121
8386 2 2 10 1 1456 4350 3657
8387 2 2 10 1 2648 4455 2650
8388 2 2 10 1 3057 4433 3589
8389 2 2 10 1 3300 4172 3211
8390 2 2 10 1 2500 4155 2313
8391 2 2 10 1 2789 4204 2472
8392 2 2 10 1 3065 4163 3632
8393 2 2 10 1 4070 4311 371
8394 2 2 10 1 2582 4374 3871
8395 2 2 10 1 1840 4147 1654
8396 2 2 10 1 1857 4183 2049
8397 2 2 10 1 2429 4260 2795
8398 2 2 10 1 3694 4149 2448
8399 2 2 10 1 3400 4254 4124
8400 2 2 10 1 4219 4376 2623
8401 2 2 10 1 513 4193 3351
8402 2 2 10 1 4321 4416 3729
8403 2 2 10 1 2100 4310 3926
8404 2 2 10 1 2131 4506 3341
8405 2 2 10 1 323 4148 3584
8406 2 2 10 1 4000 4075 2357
8407 2 2 10 1 3382 4485 959
8408 2 2 10 1 428 4152 430
8409 2 2 10 1 2562 4307 4264
8410 2 2 10 1 4020 4186 348
8411 2 2 10 1 4308 4467 3044
8412 2 2 10 1 3032 4258 2800
8413 2 2 10 1 4387 4431 2549
8414 2 2 10 1 792 4168 3611
8415 2 2 10 1 2493 4284 2495
8416 2 2 10 1 3505 4182 1289
8417 2 2 10 1 3129 4476 3130
8418 2 2 10 1 2764 4383 2765
8419 2 2 10 1 2444 4307 2560
8420 2 2 10 1 1376 4143 3767
8421 2 2 10 1 4322 4350 3024
8422 2 2 10 1 1855 4254 3872
8423 2 2 10 1 3867 4402 3162
8424 2 2 10 1 2566 4216 2567
8425 2 2 10 1 4283 4447 17
8426 2 2 10 1 1680 4164 1420
8427 2 2 10 1 2036 4421 3420
8428 2 2 10 1 2532 4406 2139
8429 2 2 10 1 3471 4227 4133
8430 2 2 10 1 123 4191 122
8431 2 2 10 1 355 4357 3565
8432 2 2 10 1 3374 4211 3114
8433 2 2 10 1 4129 4165 394
8434 2 2 10 1 2512 4472 4338
8435 2 2 10 1 313 4499 3511
8436 2 2 10 1 4065 4120 2519
8437 2 2 10 1 2974 4495 2554
8438 2 2 10 1 2552 4190 1965
8439 2 2 10 1 2379 4160 3815
8440 2 2 10 1 3610 4378 406
8441 2 2 10 1 394 4165 3598
8442 2 2 10 1 116 4199 115
8443 2 2 10 1 276 4196 275
8444 2 2 10 1 160 4181 322
8445 2 2 10 1 4122 4182 3505
8446 2 2 10 1 4198 4218 2222
8447 2 2 10 1 3599 4167 293
8448 2 2 10 1 389 4169 3596
8449 2 2 10 1 3563 4197 4121
8450 2 2 10 1 3011 4256 3009
8451 2 2 10 1 4319 4514 3082
8452 2 2 10 1 2275 4178 3947
8453 2 2 10 1 4106 4435 1380
8454 2 2 10 1 397 4171 3579
8455 2 2 10 1 225 4185 367
8456 2 2 10 1 4258 4462 750
8457 2 2 10 1 3459 4513 2655
8458 2 2 10 1 3582 4174 396
8459 2 2 10 1 882 4209 885
8460 2 2 10 1 339 4188 83
8461 2 2 10 1 3817 4334 391
8462 2 2 10 1 2360 4265 4246
8463 2 2 10 1 2518 4179 2520
8464 2 2 10 1 2435 4214 4157
8465 2 2 10 1 3152 4217 3153
8466 2 2 10 1 3877 4325 2385
8467 2 2 10 1 380 4317 3851
8468 2 2 10 1 3650 4180 4111
8469 2 2 10 1 2433 4214 2435
8470 2 2 10 1 2887 4283 2886
8471 2 2 10 1 3781 4324 1479
8472 2 2 10 1 93 4200 315
8473 2 2 10 1 790 4453 2853
8474 2 2 10 1 148 4213 147
8475 2 2 10 1 4253 4349 3419
8476 2 2 10 1 3231 4494 2141
8477 2 2 10 1 135 4201 378
8478 2 2 10 1 1393 4243 4176
8479 2 2 10 1 2360 4246 1853
8480 2 2 10 1 3527 4487 2555
8481 2 2 10 1 3447 4511 327
8482 2 2 10 1 3941 4135 2248
8483 2 2 10 1 3487 4501 828
8484 2 2 10 1 305 4460 3904
8485 2 2 10 1 2412 4194 2411
8486 2 2 10 1 1157 4180 3650
8487 2 2 10 1 2882 4262 2365
8488 2 2 10 1 2308 4240 4125
8489 2 2 10 1 4214 4245 1875
8490 2 2 10 1 2482 4198 3876
8491 2 2 10 1 858 4486 3435
8492 2 2 10 1 4035 4486 2548
8493 2 2 10 1 2679 4378 2678
8494 2 2 10 1 2461 4422 2646
8495 2 2 10 1 2925 4389 2923
8496 2 2 10 1 1115 4303 1116
8497 2 2 10 1 362 4219 3911
8498 2 2 10 1 369 4197 3563
8499 2 2 10 1 4329 4470 2826
8500 2 2 10 1 3491 4231 3425
8501 2 2 10 1 2765 4254 3400
8502 2 2 10 1 3930 4130 1834
8503 2 2 10 1 2740 4265 2360
8504 2 2 10 1 1523 4502 3126
8505 2 2 10 1 386 4492 3979
8506 2 2 10 1 2677 4279 2374
8507 2 2 10 1 2034 4488 2036
8508 2 2 10 1 3020 4238 3932
8509 2 2 10 1 2837 4210 2838
8510 2 2 10 1 2423 4207 2460
8511 2 2 10 1 1767 4242 2551
8512 2 2 10 1 3932 4238 3931
8513 2 2 10 1 3009 4339 3007
8514 2 2 10 1 2942 4250 2941
8515 2 2 10 1 3600 4202 398
8516 2 2 10 1 316 4456 4415
8517 2 2 10 1 2927 4478 2928
8518 2 2 10 1 3118 4290 3119
8519 2 2 10 1 3938 4411 339
8520 2 2 10 1 3140 4360 4206
8521 2 2 10 1 3825 4385 2431
8522 2 2 10 1 4037 4388 2408
8523 2 2 10 1 4121 4197 2966
8524 2 2 10 1 3593 4255 543
8525 2 2 10 1 4224 4242 1767
8526 2 2 10 1 3416 4263 3414
8527 2 2 10 1 4165 4212 3598
8528 2 2 10 1 4209 4263 3416
8529 2 2 10 1 3943 4126 403
8530 2 2 10 1 1859 4215 2442
8531 2 2 10 1 2602 4270 2429
8532 2 2 10 1 280 4236 279
8533 2 2 10 1 4171 4205 3579
8534 2 2 10 1 3579 4205 329
8535 2 2 10 1 3205 4313 2484
8536 2 2 10 1 4217 4218 3153
8537 2 2 10 1 46 4239 45
8538 2 2 10 1 3581 4204 352
8539 2 2 10 1 2585 4153 4016
8540 2 2 10 1 3417 4349 3418
8541 2 2 10 1 1110 4449 3783
8542 2 2 10 1 311 4220 26
8543 2 2 10 1 3575 4211 332
8544 2 2 10 1 1875 4245 1602
8545 2 2 10 1 2222 4218 1679
8546 2 2 10 1 2495 4284 3572
8547 2 2 10 1 3598 4212 296
8548 2 2 10 1 3866 4192 2843
8549 2 2 10 1 2474 4242 3970
8550 2 2 10 1 2211 4249 2405
8551 2 2 10 1 3035 4320 3036
8552 2 2 10 1 3258 4286 1887
8553 2 2 10 1 2023 4282 1738
8554 2 2 10 1 3162 4402 2547
8555 2 2 10 1 2405 4249 4172
8556 2 2 10 1 4221 4508 2705
8557 2 2 10 1 2452 4227 3471
8558 2 2 10 1 1940 4307 2562
8559 2 2 10 1 4316 4369 2513
8560 2 2 10 1 2765 4383 4254
8561 2 2 10 1 2680 4224 1767
8562 2 2 10 1 4271 4410 2922
8563 2 2 10 1 338 4235 227
8564 2 2 10 1 2575 4417 3333
8565 2 2 10 1 1479 4222 442
8566 2 2 10 1 2923 4384 2922
8567 2 2 10 1 4213 4475 401
8568 2 2 10 1 2514 4316 2513
8569 2 2 10 1 1394 4243 1393
8570 2 2 10 1 2586 4334 3817
8571 2 2 10 1 159 4257 158
8572 2 2 10 1 3899 4501 2522
8573 2 2 10 1 4217 4232 1966
8574 2 2 10 1 2604 4327 2602
8575 2 2 10 1 746 4226 743
8576 2 2 10 1 3139 4360 3140
8577 2 2 10 1 4376 4387 2501
8578 2 2 10 1 2714 4448 3995
8579 2 2 10 1 1773 4413 3602
8580 2 2 10 1 2920 4410 2927
8581 2 2 10 1 2728 4472 2512
8582 2 2 10 1 2536 4273 2307
8583 2 2 10 1 278 4269 277
8584 2 2 10 1 2913 4333 4259
8585 2 2 10 1 4282 4346 1738
8586 2 2 10 1 2214 4429 3984
8587 2 2 10 1 3467 4358 494
8588 2 2 10 1 1966 4232 1967
8589 2 2 10 1 3470 4461 1664
8590 2 2 10 1 1233 4252 3431
8591 2 2 10 1 2017 4275 2308
8592 2 2 10 1 1305 4450 3468
8593 2 2 10 1 2462 4356 3133
8594 2 2 10 1 3775 4290 338
8595 2 2 10 1 1805 4266 1483
8596 2 2 10 1 2454 4244 2785
8597 2 2 10 1 3007 4428 3006
8598 2 2 10 1 2043 4285 2187
8599 2 2 10 1 4263 4507 2777
8600 2 2 10 1 3840 4319 375
8601 2 2 10 1 2952 4469 2553
8602 2 2 10 1 3305 4507 886
8603 2 2 10 1 4021 4438 360
8604 2 2 10 1 4256 4339 3009
8605 2 2 10 1 2914 4259 4205
8606 2 2 10 1 2917 4205 4171
8607 2 2 10 1 2527 4489 3615
8608 2 2 10 1 1498 4338 3698
8609 2 2 10 1 1614 4379 1613
8610 2 2 10 1 2513 4369 3079
8611 2 2 10 1 2822 4323 2817
8612 2 2 10 1 1692 4261 1882
8613 2 2 10 1 3679 4237 2001
8614 2 2 10 1 4237 4330 2001
8615 2 2 10 1 2587 4334 2586
8616 2 2 10 1 2748 4382 2580
8617 2 2 10 1 2529 4444 4053
8618 2 2 10 1 1015 4253 1012
8619 2 2 10 1 2531 4343 3138
8620 2 2 10 1 2539 4314 1999
8621 2 2 10 1 2656 4272 2447
8622 2 2 10 1 965 4274 966
8623 2 2 10 1 3627 4405 4244
8624 2 2 10 1 4212 4248 296
8625 2 2 10 1 1741 4276 2368
8626 2 2 10 1 4205 4259 329
8627 2 2 10 1 3024 4350 3025
8628 2 2 10 1 1738 4346 1189
8629 2 2 10 1 4083 4210 2837
8630 2 2 10 1 2717 4372 2516
8631 2 2 10 1 325 4278 137
8632 2 2 10 1 3079 4415 3080
8633 2 2 10 1 4369 4415 3079
8634 2 2 10 1 2538 4324 4315
8635 2 2 10 1 3420 4373 3419
8636 2 2 10 1 296 4248 3601
8637 2 2 10 1 432 4267 434
8638 2 2 10 1 3370 4486 858
8639 2 2 10 1 2536 4315 4273
8640 2 2 10 1 2181 4328 2663
8641 2 2 10 1 2067 4271 1552
8642 2 2 10 1 3350 4458 2627
8643 2 2 10 1 3259 4344 3258
8644 2 2 10 1 46 4336 4239
8645 2 2 10 1 2576 4411 2683
8646 2 2 10 1 4049 4332 463
8647 2 2 10 1 2515 4470 2974
8648 2 2 10 1 750 4394 4258
8649 2 2 10 1 3667 4241 2445
8650 2 2 10 1 2843 4399 2842
8651 2 2 10 1 356 4291 95
8652 2 2 10 1 329 4259 3578
8653 2 2 10 1 3258 4344 4286
8654 2 2 10 1 3210 4352 3209
8655 2 2 10 1 4161 4378 2679
8656 2 2 10 1 3787 4230 1422
8657 2 2 10 1 220 4342 3944
8658 2 2 10 1 292 4341 3943
8659 2 2 10 1 2279 4361 1765
8660 2 2 10 1 315 4382 3954
8661 2 2 10 1 2637 4262 2638
8662 2 2 10 1 1851 4277 1865
8663 2 2 10 1 2534 4430 3162
8664 2 2 10 1 2010 4260 3641
8665 2 2 10 1 327 4296 65
8666 2 2 10 1 3876 4198 2222
8667 2 2 10 1 2763 4383 2764
8668 2 2 10 1 3549 4325 343
8669 2 2 10 1 4230 4264 1422
8670 2 2 10 1 2586 4444 2529
8671 2 2 10 1 2538 4315 2536
8672 2 2 10 1 3467 4489 4358
8673 2 2 10 1 2571 4298 4245
8674 2 2 10 1 3466 4483 1303
8675 2 2 10 1 81 4302 365
8676 2 2 10 1 3253 4388 3252
8677 2 2 10 1 3128 4477 3129
8678 2 2 10 1 3604 4332 2354
8679 2 2 10 1 361 4305 144
8680 2 2 10 1 3449 4429 2214
8681 2 2 10 1 1883 4287 1885
8682 2 2 10 1 369 4362 4197
8683 2 2 10 1 3673 4339 1730
8684 2 2 10 1 2041 4371 2617
8685 2 2 10 1 2383 4464 3184
8686 2 2 10 1 806 4487 3527
8687 2 2 10 1 2629 4425 2524
8688 2 2 10 1 2593 4289 2592
8689 2 2 10 1 3904 4460 2579
8690 2 2 10 1 1019 4295 1016
8691 2 2 10 1 70 4306 335
8692 2 2 10 1 1132 4309 1133
8693 2 2 10 1 3641 4270 2051
8694 2 2 10 1 2308 4275 4240
8695 2 2 10 1 2572 4298 2571
8696 2 2 10 1 405 4280 3557
8697 2 2 10 1 3119 4290 3775
8698 2 2 10 1 2751 4300 3473
8699 2 2 10 1 4249 4352 3210
8700 2 2 10 1 1730 4339 4256
8701 2 2 10 1 47 4336 46
8702 2 2 10 1 397 4468 4171
8703 2 2 10 1 3572 4284 318
8704 2 2 10 1 4292 4445 1458
8705 2 2 10 1 4210 4381 2838
8706 2 2 10 1 3041 4480 3042
8707 2 2 10 1 2727 4440 2517
8708 2 2 10 1 3553 4495 364
8709 2 2 10 1 2545 4348 2805
8710 2 2 10 1 4339 4428 3007
8711 2 2 10 1 2738 4416 2737
8712 2 2 10 1 2504 4304 1683
8713 2 2 10 1 2805 4481 2544
8714 2 2 10 1 2591 4499 3147
8715 2 2 10 1 2616 4331 3523
8716 2 2 10 1 3148 4514 2869
8717 2 2 10 1 3274 4439 3275
8718 2 2 10 1 1422 4264 3717
8719 2 2 10 1 4143 4292 3767
8720 2 2 10 1 367 4297 3561
8721 2 2 10 1 2636 4255 3703
8722 2 2 10 1 3696 4293 1019
8723 2 2 10 1 4270 4327 2051
8724 2 2 10 1 4099 4319 3082
8725 2 2 10 1 4261 4404 1882
8726 2 2 10 1 2550 4223 4195
8727 2 2 10 1 3246 4446 3247
8728 2 2 10 1 3992 4160 2379
8729 2 2 10 1 3588 4418 3594
8730 2 2 10 1 3185 4419 3308
8731 2 2 10 1 4060 4198 2482
8732 2 2 10 1 2460 4479 3937
8733 2 2 10 1 3797 4240 3297
8734 2 2 10 1 2533 4311 4070
8735 2 2 10 1 2579 4460 2725
8736 2 2 10 1 365 4301 3560
8737 2 2 10 1 17 4409 4283
8738 2 2 10 1 3767 4292 1458
8739 2 2 10 1 2590 4492 3160
8740 2 2 10 1 364 4329 72
8741 2 2 10 1 1394 4321 4243
8742 2 2 10 1 4285 4397 2187
8743 2 2 10 1 1870 4337 4299
8744 2 2 10 1 2585 4268 4184
8745 2 2 10 1 3479 4424 2545
8746 2 2 10 1 3805 4308 1840
8747 2 2 10 1 4293 4295 1019
8748 2 2 10 1 4425 4449 2524
8749 2 2 10 1 343 4325 3877
8750 2 2 10 1 125 4370 124
8751 2 2 10 1 377 4409 18
8752 2 2 10 1 2602 4327 4270
8753 2 2 10 1 4158 4190 2552
8754 2 2 10 1 2418 4482 1983
8755 2 2 10 1 1870 4299 3647
8756 2 2 10 1 3729 4416 2467
8757 2 2 10 1 169 4375 168
8758 2 2 10 1 533 4353 535
8759 2 2 10 1 2306 4405 2624
8760 2 2 10 1 1704 4448 1410
8761 2 2 10 1 3933 4320 356
8762 2 2 10 1 961 4347 962
8763 2 2 10 1 2296 4498 3392
8764 2 2 10 1 3881 4268 2420
8765 2 2 10 1 4259 4333 3578
8766 2 2 10 1 2001 4330 2224
8767 2 2 10 1 3590 4317 380
8768 2 2 10 1 2375 4498 2296
8769 2 2 10 1 3558 4341 5
8770 2 2 10 1 3557 4342 221
8771 2 2 10 1 1984 4335 1923
8772 2 2 10 1 2679 4354 4161
8773 2 2 10 1 1772 4510 1684
8774 2 2 10 1 4260 4270 3641
8775 2 2 10 1 3022 4497 4312
8776 2 2 10 1 2276 4337 1870
8777 2 2 10 1 2480 4192 4117
8778 2 2 10 1 4125 4240 3797
8779 2 2 10 1 2186 4355 3421
8780 2 2 10 1 2181 4455 4328
8781 2 2 10 1 3044 4467 683
8782 2 2 10 1 247 4401 246
8783 2 2 10 1 2060 4356 3345
8784 2 2 10 1 2589 4186 4020
8785 2 2 10 1 3203 4215 4068
8786 2 2 10 1 2643 4386 2642
8787 2 2 10 1 3578 4333 384
8788 2 2 10 1 2524 4449 3280
8789 2 2 10 1 3701 4473 340
8790 2 2 10 1 2683 4411 3938
8791 2 2 10 1 312 4345 3550
8792 2 2 10 1 3926 4310 2745
8793 2 2 10 1 1311 4364 3592
8794 2 2 10 1 2869 4514 4319
8795 2 2 10 1 2051 4327 3642
8796 2 2 10 1 770 4363 768
8797 2 2 10 1 1874 4474 2533
8798 2 2 10 1 118 4423 117
8799 2 2 10 1 4090 4279 811
8800 2 2 10 1 2141 4412 2138
8801 2 2 10 1 1882 4404 2325
8802 2 2 10 1 294 4360 3850
8803 2 2 10 1 167 4426 166
8804 2 2 10 1 63 4403 382
8805 2 2 10 1 2599 4367 2416
8806 2 2 10 1 3580 4362 369
8807 2 2 10 1 4248 4468 3601
8808 2 2 10 1 2838 4381 2840
8809 2 2 10 1 3673 4428 4339
8810 2 2 10 1 119 4432 118
8811 2 2 10 1 1984 4392 4335
8812 2 2 10 1 1058 4427 1056
8813 2 2 10 1 76 4437 75
8814 2 2 10 1 1961 4493 3690
8815 2 2 10 1 3126 4420 2542
8816 2 2 10 1 2923 4389 4384
8817 2 2 10 1 3871 4374 308
8818 2 2 10 1 3979 4492 2590
8819 2 2 10 1 3435 4486 4035
8820 2 2 10 1 1304 4489 3467
8821 2 2 10 1 446 4484 467
8822 2 2 10 1 3721 4435 2207
8823 2 2 10 1 1011 4373 3682
8824 2 2 10 1 2429 4270 4260
8825 2 2 10 1 544 4505 414
8826 2 2 10 1 166 4459 165
8827 2 2 10 1 1414 4399 3853
8828 2 2 10 1 162 4457 161
8829 2 2 10 1 2716 4392 1984
8830 2 2 10 1 2630 4500 2578
8831 2 2 10 1 3556 4376 362
8832 2 2 10 1 132 4463 131
8833 2 2 10 1 245 4471 244
8834 2 2 10 1 3980 4223 2424
8835 2 2 10 1 2561 4394 3697
8836 2 2 10 1 4300 4443 2957
8837 2 2 10 1 2520 4395 2521
8838 2 2 10 1 4227 4266 1805
8839 2 2 10 1 118 4432 4423
8840 2 2 10 1 2574 4434 2573
8841 2 2 10 1 2413 4371 4084
8842 2 2 10 1 150 4490 149
8843 2 2 10 1 3241 4504 4391
8844 2 2 10 1 402 4387 3556
8845 2 2 10 1 2036 4488 4421
8846 2 2 10 1 2597 4414 2212
8847 2 2 10 1 3555 4390 361
8848 2 2 10 1 4312 4497 2368
8849 2 2 10 1 354 4464 4034
8850 2 2 10 1 4426 4459 166
8851 2 2 10 1 2425 4417 3506
8852 2 2 10 1 3931 4238 3669
8853 2 2 10 1 2545 4424 4348
8854 2 2 10 1 3559 4391 408
8855 2 2 10 1 3412 4455 2181
8856 2 2 10 1 4384 4389 3676
8857 2 2 10 1 4002 4353 3256
8858 2 2 10 1 2224 4454 3752
8859 2 2 10 1 363 4439 4072
8860 2 2 10 1 1554 4384 3676
8861 2 2 10 1 3392 4498 2864
8862 2 2 10 1 16 4447 323
8863 2 2 10 1 21 4456 316
8864 2 2 10 1 331 4407 3580
8865 2 2 10 1 3676 4389 2161
8866 2 2 10 1 376 4465 90
8867 2 2 10 1 3580 4407 4362
8868 2 2 10 1 747 4462 746
8869 2 2 10 1 3632 4505 544
8870 2 2 10 1 3556 4387 4376
8871 2 2 10 1 337 4446 4064
8872 2 2 10 1 2869 4319 3840
8873 2 2 10 1 2212 4414 4352
8874 2 2 10 1 1448 4422 2680
8875 2 2 10 1 2681 4157 4134
8876 2 2 10 1 3850 4360 3139
8877 2 2 10 1 3970 4224 2449
8878 2 2 10 1 1755 4436 2347
8879 2 2 10 1 3828 4408 2504
8880 2 2 10 1 3982 4312 2568
8881 2 2 10 1 2265 4368 3706
8882 2 2 10 1 3984 4429 3179
8883 2 2 10 1 2265 4400 4368
8884 2 2 10 1 2572 4466 4298
8885 2 2 10 1 2584 4450 2767
8886 2 2 10 1 2604 4413 4327
8887 2 2 10 1 3680 4491 2223
8888 2 2 10 1 4108 4367 468
8889 2 2 10 1 3642 4413 1773
8890 2 2 10 1 3690 4493 3366
8891 2 2 10 1 608 4451 606
8892 2 2 10 1 2533 4441 4311
8893 2 2 10 1 360 4438 3839
8894 2 2 10 1 3589 4433 381
8895 2 2 10 1 2533 4474 4441
8896 2 2 10 1 4373 4421 3682
8897 2 2 10 1 2430 4428 3673
8898 2 2 10 1 3111 4398 3825
8899 2 2 10 1 3573 4442 314
8900 2 2 10 1 2718 4435 4106
8901 2 2 10 1 3716 4400 2265
8902 2 2 10 1 3420 4421 4373
8903 2 2 10 1 1730 4256 3956
8904 2 2 10 1 2455 4509 2639
8905 2 2 10 1 1840 4308 4147
8906 2 2 10 1 4400 4425 2629
8907 2 2 10 1 2737 4321 4111
8908 2 2 10 1 4327 4413 3642
8909 2 2 10 1 2504 4408 4304
8910 2 2 10 1 375 4319 4099
8911 2 2 10 1 4391 4504 408
8912 2 2 10 1 3601 4468 397
8913 2 2 10 1 2731 4488 2732
8914 2 2 10 1 340 4473 3809
8915 2 2 10 1 1458 4445 3765
8916 2 2 10 1 4421 4488 2731
8917 2 2 10 1 2368 4497 2684
8918 2 2 10 1 2229 4281 3969
8919 2 2 10 1 3698 4472 1062
8920 2 2 10 1 300 4496 3864
8921 2 2 10 1 4134 4157 3096
8922 2 2 10 1 3682 4421 2731
8923 2 2 10 1 408 4504 3558
8924 2 2 10 1 3689 4506 2719
8925 2 2 10 1 402 4431 4387
8926 2 2 10 1 4410 4478 2927
8927 2 2 10 1 4424 4500 2630
8928 2 2 10 1 370 4512 3562
8929 2 2 10 1 3891 4395 2520
8930 2 2 10 1 3944 4342 3557
8931 2 2 10 1 3943 4341 3558
8932 2 2 10 1 2679 4437 4354
8933 2 2 10 1 3988 4345 312
8934 2 2 10 1 2407 4233 4037
8935 2 2 10 1 3954 4382 2748
8936 2 2 10 1 3872 4383 2763
8937 2 2 10 1 2589 4406 4186
8938 2 2 10 1 828 4501 3899
8939 2 2 10 1 4272 4366 540
8940 2 2 10 1 2067 4478 4410
8941 2 2 10 1 3594 4418 4053
8942 2 2 10 1 3126 4502 4420
8943 2 2 10 1 3566 4311 3972
8944 2 2 10 1 3709 4478 2067
8945 2 2 10 1 3397 4509 4252
8946 2 2 10 1 3259 4363 4344
8947 2 2 10 1 3937 4479 2615
8948 2 2 10 1 3036 4320 3933
8949 2 2 10 1 4244 4405 2306
8950 2 2 10 1 314 4442 4027
8951 2 2 10 1 4114 4496 300
8952 2 2 10 1 4162 4230 3787
8953 2 2 10 1 3809 4473 2499
8954 2 2 10 1 2467 4326 4110
8955 2 2 10 1 2563 4230 4162
8956 2 2 10 1 3913 4466 2572
8957 2 2 10 1 4195 4223 540
8958 2 2 10 1 3881 4487 4268
8959 2 2 10 1 4252 4509 2455
8960 2 2 10 1 4274 4318 2634
8961 2 2 10 1 4131 4485 2540
8962 2 2 10 1 2555 4487 3881
8963 2 2 10 1 2150 4229 4142
8964 2 2 10 1 4053 4418 2509
8965 2 2 10 1 4149 4225 2448
8966 2 2 10 1 4268 4487 806
8967 2 2 10 1 4213 4351 2609
8968 2 2 10 1 2496 4357 4051
8969 2 2 10 1 3944 4431 402
8970 2 2 10 1 4250 4348 2631
8971 2 2 10 1 4330 4454 2224
8972 2 2 10 1 4183 4225 2049
8973 2 2 10 1 4171 4365 2917
8974 2 2 10 1 4111 4321 1394
8975 2 2 10 1 2141 4494 4412
8976 2 2 10 1 2805 4348 4250
8977 2 2 10 1 3972 4441 2305
8978 2 2 10 1 4151 4303 3234
8979 2 2 10 1 4184 4268 806
8980 2 2 10 1 2568 4312 4276
8981 2 2 10 1 2609 4475 4213
8982 2 2 10 1 4311 4441 3972
8983 2 2 10 1 4351 4490 2609
8984 2 2 10 1 4100 4493 1961
8985 2 2 10 1 886 4507 4263
8986 2 2 10 1 323 4503 4148
8987 2 2 10 1 4072 4439 3274
8988 2 2 10 1 4064 4446 3246
8989 2 2 10 1 4181 4440 322
8990 2 2 10 1 4161 4354 77
8991 2 2 10 1 3891 4453 4395
8992 2 2 10 1 4126 4504 3241
8993 2 2 10 1 2717 4457 4372
8994 2 2 10 1 965 4318 4274
8995 2 2 10 1 4276 4312 2368
8996 2 2 10 1 148 4351 4213
8997 2 2 10 1 1015 4349 4253
8998 2 2 10 1 4396 4446 337
8999 2 2 10 1 4294 4465 376
9000 2 2 10 1 4208 4512 370
9001 2 2 10 1 2692 4465 4294
9002 2 2 10 1 4186 4406 3015
9003 2 2 10 1 4163 4505 3632
9004 2 2 10 1 3247 4446 4396
9005 2 2 10 1 2656 4366 4272
9006 2 2 10 1 4328 4359 2663
9007 2 2 10 1 4322 4347 961
9008 2 2 10 1 3026 4347 4322
9009 2 2 10 1 327 4511 4296
9010 2 2 10 1 4258 4394 2800
9011 2 2 10 1 2649 4359 4328
9012 2 2 10 1 2543 4380 4358
9013 2 2 10 1 2067 4410 4271
9014 2 2 10 1 4358 4380 494
9015 2 2 10 1 4283 4409 2886
9016 2 2 10 1 4354 4437 76
9017 2 2 10 1 4207 4480 2460
9018 2 2 10 1 3032 4462 4258
9019 2 2 10 1 2549 4431 4280
9020 2 2 10 1 149 4490 4351
9021 2 2 10 1 2887 4447 4283
9022 2 2 10 1 2557 4508 4221
9023 2 2 10 1 2751 4443 4300
9024 2 2 10 1 4306 4481 335
9025 2 2 10 1 364 4470 4329
9026 2 2 10 1 2017 4508 4275
$EndElements
