$MeshFormat
2.2 0 8
$EndMeshFormat
$PhysicalNames
6
1 1 "bottom"
1 2 "right"
1 3 "top"
1 4 "left"
1 5 "obstacle_boundary"
2 10 "fluid_domain"
$EndPhysicalNames
$Nodes
2714
1 0 0 0
2 2.2 0 0
3 2.2 0.41 0
4 0 0.41 0
5 0.25 0.205 0
6 0.01981981981981985 0 0
7 0.03963963963963969 0 0
8 0.05945945945945953 0 0
9 0.07927927927927937 0 0
10 0.09909909909909921 0 0
11 0.1189189189189191 0 0
12 0.1387387387387389 0 0
13 0.1585585585585587 0 0
14 0.1783783783783786 0 0
15 0.1981981981981984 0 0
16 0.2180180180180183 0 0
17 0.2378378378378381 0 0
18 0.257657657657658 0 0
19 0.2774774774774778 0 0
20 0.2972972972972976 0 0
21 0.3171171171171175 0 0
22 0.3369369369369373 0 0
23 0.3567567567567572 0 0
24 0.376576576576577 0 0
25 0.3963963963963968 0 0
26 0.4162162162162167 0 0
27 0.4360360360360366 0 0
28 0.4558558558558564 0 0
29 0.4756756756756762 0 0
30 0.495495495495496 0 0
31 0.5153153153153159 0 0
32 0.5351351351351358 0 0
33 0.5549549549549556 0 0
34 0.5747747747747753 0 0
35 0.5945945945945953 0 0
36 0.6144144144144151 0 0
37 0.634234234234235 0 0
38 0.6540540540540548 0 0
39 0.6738738738738747 0 0
40 0.6936936936936946 0 0
41 0.7135135135135146 0 0
42 0.7333333333333345 0 0
43 0.7531531531531545 0 0
44 0.7729729729729743 0 0
45 0.7927927927927942 0 0
46 0.8126126126126141 0 0
47 0.832432432432434 0 0
48 0.8522522522522539 0 0
49 0.8720720720720737 0 0
50 0.8918918918918936 0 0
51 0.9117117117117135 0 0
52 0.9315315315315335 0 0
53 0.9513513513513533 0 0
54 0.9711711711711732 0 0
55 0.9909909909909931 0 0
56 1.010810810810813 0 0
57 1.030630630630633 0 0
58 1.050450450450453 0 0
59 1.070270270270272 0 0
60 1.090090090090092 0 0
61 1.109909909909912 0 0
62 1.129729729729732 0 0
63 1.149549549549552 0 0
64 1.169369369369372 0 0
65 1.189189189189191 0 0
66 1.209009009009011 0 0
67 1.228828828828831 0 0
68 1.248648648648651 0 0
69 1.268468468468471 0 0
70 1.288288288288291 0 0
71 1.30810810810811 0 0
72 1.32792792792793 0 0
73 1.34774774774775 0 0
74 1.36756756756757 0 0
75 1.387387387387389 0 0
76 1.407207207207209 0 0
77 1.427027027027029 0 0
78 1.446846846846849 0 0
79 1.466666666666669 0 0
80 1.486486486486488 0 0
81 1.506306306306308 0 0
82 1.526126126126128 0 0
83 1.545945945945947 0 0
84 1.565765765765767 0 0
85 1.585585585585587 0 0
86 1.605405405405407 0 0
87 1.625225225225227 0 0
88 1.645045045045046 0 0
89 1.664864864864866 0 0
90 1.684684684684686 0 0
91 1.704504504504506 0 0
92 1.724324324324325 0 0
93 1.744144144144145 0 0
94 1.763963963963965 0 0
95 1.783783783783785 0 0
96 1.803603603603604 0 0
97 1.823423423423424 0 0
98 1.843243243243244 0 0
99 1.863063063063064 0 0
100 1.882882882882884 0 0
101 1.902702702702703 0 0
102 1.922522522522523 0 0
103 1.942342342342343 0 0
104 1.962162162162163 0 0
105 1.981981981981982 0 0
106 2.001801801801802 0 0
107 2.021621621621622 0 0
108 2.041441441441441 0 0
109 2.061261261261262 0 0
110 2.081081081081081 0 0
111 2.100900900900901 0 0
112 2.120720720720721 0 0
113 2.140540540540541 0 0
114 2.16036036036036 0 0
115 2.180180180180181 0 0
116 2.2 0.01952380952380954 0
117 2.2 0.03904761904761908 0
118 2.2 0.05857142857142861 0
119 2.2 0.07809523809523813 0
120 2.2 0.09761904761904767 0
121 2.2 0.1171428571428572 0
122 2.2 0.1366666666666667 0
123 2.2 0.1561904761904762 0
124 2.2 0.1757142857142858 0
125 2.2 0.1952380952380953 0
126 2.2 0.2147619047619048 0
127 2.2 0.2342857142857143 0
128 2.2 0.2538095238095239 0
129 2.2 0.2733333333333334 0
130 2.2 0.2928571428571429 0
131 2.2 0.3123809523809524 0
132 2.2 0.3319047619047619 0
133 2.2 0.3514285714285715 0
134 2.2 0.370952380952381 0
135 2.2 0.3904761904761905 0
136 2.18018018018018 0.41 0
137 2.16036036036036 0.41 0
138 2.14054054054054 0.41 0
139 2.120720720720721 0.41 0
140 2.100900900900901 0.41 0
141 2.081081081081081 0.41 0
142 2.061261261261261 0.41 0
143 2.041441441441441 0.41 0
144 2.021621621621621 0.41 0
145 2.001801801801802 0.41 0
146 1.981981981981982 0.41 0
147 1.962162162162162 0.41 0
148 1.942342342342342 0.41 0
149 1.922522522522522 0.41 0
150 1.902702702702703 0.41 0
151 1.882882882882883 0.41 0
152 1.863063063063063 0.41 0
153 1.843243243243243 0.41 0
154 1.823423423423423 0.41 0
155 1.803603603603603 0.41 0
156 1.783783783783784 0.41 0
157 1.763963963963964 0.41 0
158 1.744144144144144 0.41 0
159 1.724324324324324 0.41 0
160 1.704504504504504 0.41 0
161 1.684684684684684 0.41 0
162 1.664864864864864 0.41 0
163 1.645045045045045 0.41 0
164 1.625225225225225 0.41 0
165 1.605405405405405 0.41 0
166 1.585585585585585 0.41 0
167 1.565765765765765 0.41 0
168 1.545945945945945 0.41 0
169 1.526126126126126 0.41 0
170 1.506306306306306 0.41 0
171 1.486486486486486 0.41 0
172 1.466666666666666 0.41 0
173 1.446846846846846 0.41 0
174 1.427027027027026 0.41 0
175 1.407207207207206 0.41 0
176 1.387387387387386 0.41 0
177 1.367567567567566 0.41 0
178 1.347747747747746 0.41 0
179 1.327927927927926 0.41 0
180 1.308108108108107 0.41 0
181 1.288288288288287 0.41 0
182 1.268468468468467 0.41 0
183 1.248648648648647 0.41 0
184 1.228828828828827 0.41 0
185 1.209009009009007 0.41 0
186 1.189189189189187 0.41 0
187 1.169369369369367 0.41 0
188 1.149549549549548 0.41 0
189 1.129729729729728 0.41 0
190 1.109909909909908 0.41 0
191 1.090090090090088 0.41 0
192 1.070270270270268 0.41 0
193 1.050450450450448 0.41 0
194 1.030630630630629 0.41 0
195 1.010810810810809 0.41 0
196 0.9909909909909889 0.41 0
197 0.9711711711711692 0.41 0
198 0.9513513513513492 0.41 0
199 0.9315315315315293 0.41 0
200 0.9117117117117095 0.41 0
201 0.8918918918918899 0.41 0
202 0.8720720720720698 0.41 0
203 0.8522522522522502 0.41 0
204 0.8324324324324304 0.41 0
205 0.8126126126126108 0.41 0
206 0.7927927927927909 0.41 0
207 0.7729729729729713 0.41 0
208 0.7531531531531512 0.41 0
209 0.7333333333333316 0.41 0
210 0.7135135135135118 0.41 0
211 0.6936936936936922 0.41 0
212 0.6738738738738725 0.41 0
213 0.6540540540540527 0.41 0
214 0.6342342342342331 0.41 0
215 0.614414414414413 0.41 0
216 0.5945945945945934 0.41 0
217 0.5747747747747736 0.41 0
218 0.5549549549549539 0.41 0
219 0.5351351351351341 0.41 0
220 0.5153153153153143 0.41 0
221 0.4954954954954944 0.41 0
222 0.4756756756756748 0.41 0
223 0.4558558558558548 0.41 0
224 0.4360360360360354 0.41 0
225 0.4162162162162155 0.41 0
226 0.3963963963963957 0.41 0
227 0.3765765765765761 0.41 0
228 0.3567567567567562 0.41 0
229 0.3369369369369366 0.41 0
230 0.3171171171171165 0.41 0
231 0.2972972972972971 0.41 0
232 0.2774774774774771 0.41 0
233 0.2576576576576575 0.41 0
234 0.2378378378378376 0.41 0
235 0.2180180180180178 0.41 0
236 0.198198198198198 0.41 0
237 0.1783783783783783 0.41 0
238 0.1585585585585587 0.41 0
239 0.1387387387387387 0.41 0
240 0.118918918918919 0.41 0
241 0.09909909909909898 0.41 0
242 0.07927927927927936 0.41 0
243 0.0594594594594593 0.41 0
244 0.03963963963963968 0.41 0
245 0.01981981981981962 0.41 0
246 0 0.3904761904761904 0
247 0 0.3709523809523809 0
248 0 0.3514285714285714 0
249 0 0.3319047619047618 0
250 0 0.3123809523809523 0
251 0 0.2928571428571428 0
252 0 0.2733333333333333 0
253 0 0.2538095238095237 0
254 0 0.2342857142857142 0
255 0 0.2147619047619047 0
256 0 0.1952380952380952 0
257 0 0.1757142857142856 0
258 0 0.1561904761904761 0
259 0 0.1366666666666666 0
260 0 0.117142857142857 0
261 0 0.09761904761904755 0
262 0 0.07809523809523805 0
263 0 0.0585714285714285 0
264 0 0.039047619047619 0
265 0 0.01952380952380944 0
266 0.2475528258147577 0.2204508497187474 0
267 0.2404508497187474 0.2343892626146237 0
268 0.2293892626146236 0.2454508497187474 0
269 0.2154508497187473 0.2525528258147577 0
270 0.1999999999999999 0.255 0
271 0.1845491502812525 0.2525528258147576 0
272 0.1706107373853762 0.2454508497187473 0
273 0.1595491502812525 0.2343892626146235 0
274 0.1524471741852423 0.2204508497187472 0
275 0.15 0.2049999999999998 0
276 0.1524471741852424 0.1895491502812524 0
277 0.1595491502812527 0.1756107373853762 0
278 0.1706107373853765 0.1645491502812525 0
279 0.1845491502812528 0.1574471741852422 0
280 0.2000000000000002 0.155 0
281 0.2154508497187476 0.1574471741852424 0
282 0.2293892626146238 0.1645491502812527 0
283 0.2404508497187474 0.1756107373853764 0
284 0.2475528258147577 0.1895491502812527 0
285 0.4469278158035771 0.3941791466348979 0
286 0.4461179367818193 0.01633179104350591 0
287 2.182180409668186 0.2040512753614489 0
288 1.754865799344926 0.01547260661916275 0
289 1.892792792792794 0.01668332161797068 0
290 1.655070631846308 0.3946822975748964 0
291 1.537799909174555 0.3899158048364953 0
292 1.316600255645773 0.3938583151610269 0
293 0.5829044610164675 0.3927139242291603 0
294 0.8030169188847686 0.3937206783623116 0
295 0.6803433193891228 0.3909391801472653 0
296 0.9032491416821754 0.3931279229205689 0
297 1.437021237649769 0.01849161567085819 0
298 1.219568467785033 0.01604124185899966 0
299 1.000900900900899 0.3928355325376058 0
300 1.101736704035003 0.3927521156502626 0
301 1.972215310848474 0.3914525649495344 0
302 1.59831353879645 0.01525502329436546 0
303 1.831906393299646 0.3931624502705852 0
304 0.7436644373925443 0.01625675474177249 0
305 1.038524562211572 0.01660550772791081 0
306 0.9414426340932703 0.01768812421781721 0
307 0.842342342342344 0.01716446746239431 0
308 0.6261493788756685 0.01868725140659239 0
309 1.336761804020939 0.01381285645899702 0
310 1.195339091275006 0.3950392429951004 0
311 1.417117117117116 0.3928355325376057 0
312 1.989367910925372 0.0137251078189691 0
313 1.674561087735378 0.01757882321490656 0
314 1.514066992855627 0.01625241138488873 0
315 1.734398880466003 0.3921504905991012 0
316 1.139537445177916 0.01736860241192356 0
317 0.525225225225226 0.01716446746239431 0
318 0.2625968269588215 0.1935222974387254 0
319 0.256072857423018 0.2335705478829001 0
320 2.052094314824373 0.3934175608716621 0
321 2.069871612132376 0.01759150272663371 0
322 0.368746709094367 0.01635233228775554 0
323 0.366666666666666 0.3928355325376058 0
324 0.2438572355484125 0.1594297299884019 0
325 2.185059142571971 0.2815358689778873 0
326 0.1533424652760786 0.1609946253123955 0
327 0.1550569488832356 0.2497078763270376 0
328 2.183329551594021 0.1268434715276519 0
329 1.813513513513514 0.01716446746239411 0
330 1.477689385213433 0.3932889228579897 0
331 0.5055580892106873 0.393489171468189 0
332 1.597494279538506 0.393369522001606 0
333 1.278378378378381 0.0171644674623942 0
334 0.6799845610296367 0.0153651499164745 0
335 1.258155504736856 0.3925427620124932 0
336 1.895622392587883 0.393308689319435 0
337 0.7458887110695207 0.3933102378695055 0
338 0.2300244987924911 0.2612333812939553 0
339 0.3083114590029468 0.394916954094337 0
340 0.3063552164581322 0.01704108932935264 0
341 0.2080685884924547 0.1408144111696308 0
342 0.1919118640153638 0.2678061036861904 0
343 0.08995366903909563 0.3925638538575119 0
344 0.0874095098348433 0.01715074402053124 0
345 0.1378427587261303 0.1951552601287204 0
346 0.01572546503978023 0.1074329843172543 0
347 0.01690811502626755 0.3026190476190476 0
348 2.110810810810811 0.3928355325376058 0
349 0.1527741814196023 0.01964636505050044 0
350 0.01690532162365832 0.2448923042366404 0
351 0.149935464996124 0.3947768986562438 0
352 0.2477477477477477 0.01716446746239428 0
353 0.2480614593900076 0.3914812989261831 0
354 0.01690811502626755 0.1659523809523809 0
355 2.129839125727113 0.01570996034487787 0
356 2.181994080911235 0.3402277123678528 0
357 2.183091884973733 0.06833333333333338 0
358 2.012035844759478 0.3917329895117323 0
359 1.932871941296887 0.01885032925947094 0
360 0.1863315739794656 0.3925000751927055 0
361 1.556781551969814 0.0201952661537034 0
362 1.356802065454377 0.3950251752022193 0
363 0.8632666828773958 0.3914687887139271 0
364 1.853153153153154 0.01678582656454794 0
365 0.1899557421456899 0.01564550042510016 0
366 1.39722261241458 0.01671323754199386 0
367 1.476933798866287 0.0148395247225446 0
368 0.6232208261196445 0.3940649181368178 0
369 0.9608877375537164 0.3953518398045186 0
370 1.635026757148635 0.01743776527939125 0
371 0.4078416764456912 0.3924305817434008 0
372 1.080920191520796 0.01801799308557125 0
373 1.694567848182281 0.3935256934721645 0
374 1.162136151243433 0.3950922518608063 0
375 0.9014419336853157 0.01577071846115641 0
376 0.8039564346058385 0.01665505151681237 0
377 0.9810810810810832 0.01716446746239431 0
378 0.583119348547341 0.01644127689079067 0
379 0.545045045045044 0.3928355325376058 0
380 1.03792584750029 0.3941371836660102 0
381 0.4861645775815941 0.01757719145521094 0
382 1.712380168906626 0.01792438528431203 0
383 1.934350130697772 0.3932338391208015 0
384 1.7749860384872 0.392468737842263 0
385 1.178976348528244 0.01766331833125848 0
386 2.02958932540464 0.01582901589419297 0
387 0.4051237393117381 0.01767617157764559 0
388 2.181787535173531 0.2464201350202853 0
389 2.183138782211553 0.1657289872506545 0
390 0.01653074897586237 0.06996799093386855 0
391 0.0161974822718447 0.2038850266541495 0
392 0.01690811502626755 0.3416666666666666 0
393 2.150006247539918 0.3922848060177907 0
394 0.04884719609106458 0.3945080669810278 0
395 0.0495495495495506 0.01716446746239431 0
396 2.167926706098285 0.01707865303616632 0
397 2.185186835907226 0.3804998607892888 0
398 0.01614207539882395 0.02874051657050689 0
399 0.01525655165927331 0.3804599223948266 0
400 0.2444996716050309 0.249499671605031 0
401 0.2632850169188592 0.2519413576261799 0
402 0.2748758308440333 0.2351073118312532 0
403 0.2840023550817365 0.2538789914790496 0
404 0.2959188864217618 0.2374295311179722 0
405 0.3042974048009792 0.2561905996519049 0
406 0.3162576395778934 0.2394206413588122 0
407 0.3247272245712418 0.2582057450388716 0
408 0.3368247010004872 0.2414233336130318 0
409 0.345322431018708 0.2603089427334601 0
410 0.3576056570035648 0.2434646809727156 0
411 0.3489379695404786 0.224424671857526 0
412 0.3698604906346212 0.2264977915718217 0
413 0.3611240768767714 0.2072837747277894 0
414 0.3820556297055175 0.2093584934044579 0
415 0.3906933489229878 0.2285970505232964 0
416 0.4030081329320983 0.2115165251978131 0
417 0.4116759514595485 0.2307230631667945 0
418 0.4239392727845422 0.2136218606132077 0
419 0.4325729147588917 0.2328114769337396 0
420 0.4448607444052244 0.2157341447587743 0
421 0.4534660606330712 0.2349194739237096 0
422 0.4657556774197151 0.2178444806747306 0
423 0.4743620336773002 0.2370301166777067 0
424 0.4866673153765343 0.2200311616084791 0
425 0.4953325522742957 0.239217041002947 0
426 0.5076695667365169 0.2222225198355031 0
427 0.4989639908868289 0.202952123919016 0
428 0.5199143890606086 0.2050709595409287 0
429 0.5286590231671568 0.2244091458548755 0
430 0.5408880678851248 0.207272234162788 0
431 0.5495488801269832 0.2265335772647059 0
432 0.5618475981017744 0.2094515169599088 0
433 0.5704476499762753 0.2286714420668827 0
434 0.5827909879331196 0.2116199756405413 0
435 0.5914148102355752 0.2308170481990526 0
436 0.6037255892232829 0.2137920093515883 0
437 0.6123448512972756 0.2329765702737734 0
438 0.6246433532150326 0.215965949722806 0
439 0.6332042697370096 0.2351447466018816 0
440 0.6455324183640191 0.218111383491021 0
441 0.6540894322702047 0.2373015377557502 0
442 0.6664080653612893 0.2202843174183104 0
443 0.6749670708498057 0.2394600578959352 0
444 0.6872769406645867 0.2224596994384284 0
445 0.6957938999116755 0.2416231560312164 0
446 0.7081733637833449 0.2246482684120783 0
447 0.699605852072132 0.2054233025614725 0
448 0.7205660697572276 0.2076445256518992 0
449 0.729109437551775 0.2268631810323977 0
450 0.7415102430140545 0.2098664927241224 0
451 0.7501730679034684 0.2279890019901816 0
452 0.7624771345839234 0.2117789580588251 0
453 0.7711283210622399 0.2299728485329258 0
454 0.7834078759715608 0.2139180154863653 0
455 0.7909880231915641 0.2325689693608855 0
456 0.8041274846737849 0.2162994712203086 0
457 0.8114834334453045 0.2391310447403412 0
458 0.82490883113862 0.2192648813698598 0
459 0.8339831948940599 0.2397214121054283 0
460 0.8460421818793059 0.2213646736835076 0
461 0.854610282363506 0.2405472311792634 0
462 0.8669723683243317 0.2233741958560148 0
463 0.858421433029234 0.2040649339339788 0
464 0.8793627551487027 0.2062703510224481 0
465 0.887897266199034 0.2255462242877054 0
466 0.9003106060928894 0.20853347587917 0
467 0.908711117529869 0.2288412812616198 0
468 0.9212424140942151 0.2108533933253116 0
469 0.9296209813302274 0.2312891890263122 0
470 0.9421616908188443 0.2131725691166418 0
471 0.9508836508606946 0.2336105753572756 0
472 0.963118363557856 0.2156043087683912 0
473 0.9719455670562265 0.2358789659510337 0
474 0.984040863896124 0.2179079879003544 0
475 0.9924590996787822 0.2368996140166801 0
476 1.004865378091879 0.2199522899199805 0
477 1.013311159629694 0.239143394901646 0
478 1.025746460785691 0.2222143291733253 0
479 1.017283346469858 0.2029492996310009 0
480 1.038220977371267 0.2052496787832658 0
481 1.046695011151613 0.2245244953349243 0
482 1.059173398273311 0.2075700027306884 0
483 1.067654282657762 0.2268630426773567 0
484 1.080110456999649 0.209883782221859 0
485 1.08856931388594 0.2292066737949663 0
486 1.101025664683455 0.212213055961703 0
487 1.109572319407909 0.2314721165632142 0
488 1.121956820032238 0.2145490742397273 0
489 1.130493502588637 0.2337799127874267 0
490 1.142863461586582 0.2168858726124143 0
491 1.151281785715569 0.236123816054974 0
492 1.163726596775302 0.2192345596243873 0
493 1.172135229464448 0.2384444739991107 0
494 1.184585084536622 0.2215510794489682 0
495 1.19296774098691 0.2407652425918583 0
496 1.205437957144127 0.2238840069521214 0
497 1.197035551756307 0.2046949621857702 0
498 1.217956241780118 0.2070388183087719 0
499 1.226290746668614 0.226254844766528 0
500 1.238889414872916 0.2093349957968256 0
501 1.247227708222229 0.2286150474078403 0
502 1.259780491378325 0.211988125322103 0
503 1.268228457562731 0.2310207305838912 0
504 1.280697148116583 0.2144167057624912 0
505 1.289129335717657 0.2333898864168126 0
506 1.301616476396053 0.2164996519836996 0
507 1.30999459250246 0.2357384785189126 0
508 1.322499585219863 0.2188505246679974 0
509 1.33086173326894 0.238096155182713 0
510 1.343366267538683 0.221241915955061 0
511 1.352096175332175 0.2432153994351498 0
512 1.363295988986152 0.22332443826304 0
513 1.355696990166507 0.2042457106747612 0
514 1.376602422764075 0.2066460777822085 0
515 1.383908412503551 0.22784955349883 0
516 1.397719300553568 0.2091499508223132 0
517 1.406502588064466 0.2284985104369803 0
518 1.418680880384027 0.2115714697145447 0
519 1.42711138860694 0.2309232642034315 0
520 1.439602969237093 0.2139740248081148 0
521 1.447965159254793 0.2333575306603791 0
522 1.460448281796563 0.2164173352855923 0
523 1.468761244945994 0.2357548786288773 0
524 1.481284449218275 0.2188352817499071 0
525 1.489623649434329 0.238157390099361 0
526 1.502149296011606 0.2213231738861934 0
527 1.51145157833084 0.2408665205016571 0
528 1.523656592900928 0.2239866909641497 0
529 1.514785896770061 0.2044458996739108 0
530 1.535717900993051 0.206917597779404 0
531 1.544744510173355 0.2266441888968734 0
532 1.556530868298895 0.2093686227664814 0
533 1.565198633590976 0.2289663577451736 0
534 1.577453514443374 0.2118473136785114 0
535 1.585802261788972 0.2312214851640417 0
536 1.598335540974253 0.2143495936809786 0
537 1.606620255648035 0.2336604488993106 0
538 1.61920886153655 0.216835339341047 0
539 1.627478920552004 0.2361266159200153 0
540 1.640067763385908 0.2193136231951268 0
541 1.648352735127211 0.2386224632609013 0
542 1.660985000168449 0.2218292615456696 0
543 1.653562922862275 0.2002153187831552 0
544 1.673576679895882 0.2049605612954981 0
545 1.681918405773322 0.2243506365716159 0
546 1.694572284129992 0.207447110823621 0
547 1.702819569219925 0.2268517563512678 0
548 1.715518251013461 0.2099404325757376 0
549 1.722763916690739 0.2286623595443188 0
550 1.736209689024716 0.2123819425292616 0
551 1.74355737657203 0.2337069069279668 0
552 1.757212219183742 0.2150988156386242 0
553 1.765988583037793 0.2344258525036572 0
554 1.778144845407155 0.2176036369984979 0
555 1.786420629049386 0.2369290710300785 0
556 1.798948860596457 0.220139549888594 0
557 1.809044143718774 0.2400338045848655 0
558 1.821019184880335 0.2231299731248485 0
559 1.811764692414629 0.2033778325142471 0
560 1.833611871284445 0.2056456077694494 0
561 1.842478404748537 0.2254394210376133 0
562 1.855307254721456 0.2075879658296366 0
563 1.862389508446582 0.2276124653713146 0
564 1.875264951325551 0.210295921454046 0
565 1.882795048519603 0.230237198107478 0
566 1.895332813146291 0.2134851834507554 0
567 1.90344023716629 0.2329137065822304 0
568 1.916095614555346 0.2161263545945311 0
569 1.924247231379126 0.2355067044429294 0
570 1.936910257144983 0.2187366475391841 0
571 1.945098755461196 0.238091976878448 0
572 1.95778911036395 0.2213514710291078 0
573 1.949561152742162 0.2019650719893202 0
574 1.970467288128385 0.2045607884701316 0
575 1.978687628807284 0.2239689116237463 0
576 1.991379661794793 0.2071818685906658 0
577 1.999574202825812 0.2265772821982752 0
578 0.6369750562680321 0.1988984761436687 0
579 1.295277935863311 0.1979685149486585 0
580 1.452171286579369 0.1970328443193216 0
581 1.134351103811448 0.1981791811732048 0
582 0.9543499137195181 0.1965253981248658 0
583 0.7956123795864704 0.1970458365403704 0
584 0.4351491380639408 0.1932387784350192 0
585 1.748987865711284 0.1956649295752102 0
586 1.58933020361438 0.1959528350943653 0
587 2.012336158601537 0.2099504213668985 0
588 2.020501453134603 0.2294454415098587 0
589 1.888253159836079 0.1930023448334993 0
590 0.5532244960049666 0.1904024133911061 0
591 2.004012497406118 0.1903711366866622 0
592 1.230508716999288 0.1899588696294703 0
593 0.3733277543224258 0.1901501672333975 0
594 0.7119336234222182 0.1883870011019954 0
595 1.071632541795918 0.1905744726909075 0
596 1.686636772284928 0.1882909124322732 0
597 1.38945369294887 0.1897623878681459 0
598 0.870784177272153 0.1869940168789399 0
599 1.527250345328493 0.187515302694493 0
600 1.826303862354003 0.185859142907485 0
601 2.025037393009658 0.1934309560213178 0
602 2.016847859201312 0.1736615724232039 0
603 2.037641244379719 0.1765993771343652 0
604 1.076099934976091 0.2461279380122648 0
605 1.870919661851024 0.2472696073800965 0
606 1.573664520299683 0.2483664816538456 0
607 0.9387822462760556 0.2525025926153409 0
608 2.007773300639118 0.2459473716435708 0
609 2.028542365574658 0.2486622573456938 0
610 0.7777947864986874 0.2510167413491985 0
611 0.5581844618587435 0.2456897622365525 0
612 1.711550858438925 0.2489451397371669 0
613 1.415781972288507 0.2479279053475786 0
614 1.25549416595215 0.2478474818513037 0
615 1.139082473216887 0.2530720042934295 0
616 0.4203607353864681 0.2498413411562719 0
617 1.6357672135431 0.2553670719050568 0
618 0.4829669387727078 0.2560756274985626 0
619 0.6625968775225783 0.2564015282213851 0
620 2.029518233920374 0.1570979810029986 0
621 2.008801723003697 0.154380554716247 0
622 0.8430124086003817 0.2589205744926113 0
623 1.775904284064274 0.2540264835009087 0
624 1.932422820061504 0.2546894086747923 0
625 1.318318091495791 0.2549197723959846 0
626 1.477185241860789 0.2549720274120321 0
627 2.049969955749263 0.1598291285938573 0
628 2.058017545248446 0.1793346750873069 0
629 1.00107303337331 0.2560044837926467 0
630 0.2711060007109851 0.2705887512324517 0
631 2.015992879392829 0.265148692992216 0
632 2.036586017291187 0.2677580591788278 0
633 2.042113236013193 0.1405451597537602 0
634 2.062748395820662 0.1430959120953507 0
635 0.3330967686448442 0.27710227578039 0
636 2.02410639793673 0.2842502879124297 0
637 2.044649944808611 0.2867880318245143 0
638 2.057129194059287 0.2703272576343034 0
639 2.065147497077049 0.2893452907885284 0
640 2.077621121421387 0.2729601801483955 0
641 2.085436050687389 0.2920174313838328 0
642 2.054730241458981 0.1240329313919463 0
643 2.075230400331388 0.1263445516549559 0
644 0.353687550752126 0.2792576243171309 0
645 0.3524033143422693 0.1881004304619404 0
646 0.3646133946606752 0.1710194315719407 0
647 0.3443825850478197 0.168723451428644 0
648 0.3560000176710001 0.1519644620620572 0
649 0.3359048777309508 0.1496604890633686 0
650 0.3473248017097949 0.1330433296051168 0
651 0.3676009513456886 0.1351556717870078 0
652 0.3267502874661554 0.1310289196875971 0
653 0.3415751790324961 0.2959718790615279 0
654 0.3620140755114614 0.2981531382172754 0
655 0.3385931721246014 0.1142663576540114 0
656 0.3181341147132337 0.1122907629249695 0
657 2.032197953479312 0.3032086354734848 0
658 2.011781305882214 0.3006941760350768 0
659 2.097871953666322 0.2756901864810945 0
660 2.105253590495626 0.2949503866964168 0
661 2.067229025028647 0.107599990945666 0
662 2.046845449403092 0.1050360758939581 0
663 2.087640117758236 0.1101923397714332 0
664 2.095639220843187 0.1288114024351477 0
665 2.090065278322618 0.2566561141127184 0
666 0.620925397516511 0.2521066751825077 0
667 1.180489492117371 0.2575877380079997 0
668 0.8965685167772367 0.2455218442774152 0
669 0.7403102099967824 0.2462981534235538 0
670 0.5112321147282496 0.1858279558029317 0
671 1.030385742276016 0.1873842998753955 0
672 0.9125831427070638 0.1912959493687396 0
673 0.7537544925486139 0.192542885403868 0
674 0.5951638809559134 0.1945653888682416 0
675 2.072749147616393 0.3084346821931641 0
676 0.33000902256002 0.09558479085525347 0
677 0.3095730248222902 0.09361972297376987 0
678 0.3504069634689307 0.09755429560844787 0
679 2.107957016301188 0.1126994300174759 0
680 2.100034496441299 0.09392708037862414 0
681 0.3498804180538307 0.3147079084535676 0
682 0.3295596953606234 0.312592402733597 0
683 0.3702451232532213 0.316881569623528 0
684 2.115904032410128 0.1315269348666626 0
685 0.2976990676280007 0.110282919419155 0
686 0.2892159017008672 0.09165265521367125 0
687 2.110416983077546 0.2592181343937122 0
688 2.102495913702057 0.2403369176642057 0
689 2.019799737248637 0.319607386945605 0
690 1.999479836774634 0.3170932862661022 0
691 2.059279785589317 0.08874660420383447 0
692 2.038987763940301 0.0861148513415083 0
693 1.991340253531225 0.298230669053232 0
694 1.979187206848146 0.3146694209130156 0
695 0.3148113708796918 0.1499354461949111 0
696 0.3378257479562623 0.3312112413325929 0
697 0.3176068882095731 0.3290927821817843 0
698 2.120256530865857 0.09645671975498038 0
699 0.3418762353696743 0.07895974147030069 0
700 0.3619825108259759 0.08099123978798414 0
701 0.277338595116027 0.1082477573005532 0
702 0.2689476358527764 0.08964402114742272 0
703 0.3823714084276024 0.3003941020741634 0
704 0.3907216126853432 0.3190516074667603 0
705 0.3294581416405155 0.1841488702330111 0
706 0.4027157022752763 0.3026020781709959 0
707 0.4110697372663783 0.3212505637282533 0
708 0.4230354683833902 0.3048275067030327 0
709 0.4312497380725894 0.3235314920019037 0
710 0.4433153447875761 0.307049319262915 0
711 0.4515025906511765 0.3257343685532426 0
712 0.4635962674562337 0.3092713842449301 0
713 0.4717738544239215 0.3279382996238453 0
714 0.4838580328124851 0.3114831279625344 0
715 0.4920590534294105 0.3301198303865216 0
716 0.5041145713084914 0.3136996574351395 0
717 0.5123118877884507 0.3323173396851403 0
718 0.5243636638504262 0.3159149428093282 0
719 0.5325238203267763 0.3345438804749683 0
720 0.5445794199526677 0.3181268101763636 0
721 0.5527382274975621 0.3367460224562802 0
722 0.5648008737045077 0.3203344330024844 0
723 0.5039775432691532 0.2582876718319631 0
724 0.3850891448493772 0.1732206316537915 0
725 1.65655328320051 0.2578552035086857 0
726 1.644036626290003 0.2744679467013051 0
727 1.664659442610896 0.2769424454008063 0
728 1.652259089416772 0.2935071901423911 0
729 1.672773492541086 0.295728614046725 0
730 1.631743736433108 0.2910726047924584 0
731 1.639923045201555 0.3099475830848668 0
732 1.619568921381086 0.3075738758345743 0
733 1.627615620725027 0.3264146649213681 0
734 1.607331861792207 0.3240099629283317 0
735 1.646285437203207 0.3297015479323094 0
736 1.599261093394487 0.3052517653175272 0
737 1.587050829189843 0.3216681109823592 0
738 1.021703013713808 0.2582566240151036 0
739 1.009465645174542 0.2750607489483313 0
740 1.030673139246907 0.2769956830746712 0
741 1.017937789724171 0.2939008872777897 0
742 1.039061515125385 0.2958384276963051 0
743 0.9970259875776992 0.2925120272348196 0
744 1.026312374231719 0.3126783217299428 0
745 1.046646340246037 0.3149951754085938 0
746 1.201266287584502 0.2599102764769559 0
747 1.188903350331929 0.2766286533002843 0
748 1.209536268171691 0.2789377159191188 0
749 1.19727638478261 0.2955447663587042 0
750 1.217775590550651 0.2978301396722788 0
751 1.176737201473435 0.2933163410752785 0
752 1.185090525634255 0.312116571243313 0
753 1.164739307923966 0.3099088991878338 0
754 2.102722847959893 0.1475974655890133 0
755 2.026557332968511 0.102374702796753 0
756 2.018725642324525 0.08351206531872907 0
757 2.006344717379359 0.09968790308667069 0
758 1.998538225859952 0.08087889272515436 0
759 1.986145916881016 0.09700461769544201 0
760 1.978341649401526 0.07824280122296698 0
761 1.965955801341068 0.09435354731468518 0
762 1.95813763525068 0.07560108679103714 0
763 1.945717883027346 0.09173894800548489 0
764 1.953347500015788 0.1103704729680826 0
765 1.933279384703605 0.1079137035291854 0
766 1.925473786624714 0.08906054744396055 0
767 1.913035982397322 0.1052232594043137 0
768 1.905252511013896 0.08635308241878496 0
769 1.89280369167021 0.1025095639926909 0
770 1.885056590574284 0.08366677383166315 0
771 1.872584947875872 0.09983357359415676 0
772 1.920038065872498 0.1240379453385318 0
773 1.864821488208752 0.08099438638666048 0
774 1.852352980071544 0.09714710803772549 0
775 1.860130972662963 0.116054874093503 0
776 1.84096141760041 0.1128715890878045 0
777 1.832274271099089 0.09433659249239763 0
778 1.820359006496834 0.1127410918078868 0
779 1.811967614800336 0.09199563111158648 0
780 1.799279922776448 0.1077922182219397 0
781 1.791594144677497 0.08896112946286307 0
782 1.779016917830446 0.105057456261637 0
783 1.785507922491931 0.1244391596298291 0
784 1.76621564381167 0.1212990764972669 0
785 1.758661404766121 0.1022446184298561 0
786 1.746050663256599 0.1184237800876423 0
787 1.738339109500162 0.09942235924833553 0
788 1.725770924456613 0.1155793308758329 0
789 1.718075050490382 0.09660889184020184 0
790 1.705483708252376 0.1127605632740219 0
791 1.697795943948336 0.09380292138580959 0
792 1.685213359761496 0.1099215305837324 0
793 1.677529449155546 0.09099639234497031 0
794 1.664958934260012 0.1070903774046829 0
795 1.6572805491203 0.08819283313518966 0
796 1.644717389543451 0.1043000983768056 0
797 1.63704380866196 0.08538956720464122 0
798 1.624471824641136 0.1014978726968459 0
799 1.632159666631766 0.1204743182258312 0
800 1.611853442350407 0.1176386007110468 0
801 1.604247975449198 0.09866489484276161 0
802 1.59156373164138 0.1147671035625467 0
803 1.583960924159743 0.09578852449676142 0
804 1.571285214804514 0.1118866641268639 0
805 1.563650181873092 0.09291255181431497 0
806 1.551014121812828 0.1090078911066769 0
807 1.543387696509377 0.09005195630164065 0
808 1.530772389545196 0.1061295958272014 0
809 1.523150922870874 0.08719584713622489 0
810 1.510547728538493 0.1032641496194198 0
811 1.502827084147993 0.08431591837429699 0
812 1.490255069096134 0.1003871474002108 0
813 1.497940728910502 0.1193916741394452 0
814 1.477759957280797 0.1164559593389198 0
815 1.470014345087249 0.09747816581751409 0
816 1.457603902960656 0.112791048829558 0
817 1.449819555247092 0.09443548383556599 0
818 1.437261498900843 0.1097597286669318 0
819 1.429562361105764 0.09148446733937354 0
820 1.416996790930141 0.1068510000989197 0
821 1.409320268297499 0.08857105258745626 0
822 1.396714071408848 0.1042453277242123 0
823 1.389091011157208 0.08571633369335221 0
824 1.376535464816595 0.1011553292937004 0
825 1.368904632072914 0.08280069217265347 0
826 1.356243713391514 0.09881002249137161 0
827 1.36343342442881 0.116250279877848 0
828 1.343543165928583 0.1141860866845118 0
829 1.336035983342353 0.09584751709544355 0
830 1.323276752641497 0.1118420322812973 0
831 1.31577797486247 0.09296677685781765 0
832 1.303030885541188 0.1089706279559048 0
833 1.295468316715792 0.09000904999193793 0
834 1.282788032968766 0.1060376103574472 0
835 1.275263174820125 0.08706096393957659 0
836 1.262555483688283 0.1030768316200656 0
837 1.270093608909842 0.1221256027765059 0
838 1.249800346838502 0.1191246714023504 0
839 1.242282235701748 0.10001815772488 0
840 1.229517349038483 0.116058048866712 0
841 1.221970696108369 0.09701687661261713 0
842 1.20924794762096 0.113004544721172 0
843 1.201706267554977 0.09399498017561843 0
844 1.188996249566995 0.1099913561782532 0
845 1.181518360169814 0.09096285221787929 0
846 1.168753250796015 0.1069643965169302 0
847 1.176250094264493 0.1260577728935351 0
848 1.155940576710928 0.122996881368407 0
849 1.14846535025604 0.1038457142759082 0
850 1.13563816804985 0.1198904104951792 0
851 1.128188057708733 0.1007828052711098 0
852 1.11535845622371 0.1167898354490735 0
853 1.107916332926395 0.09770420602976326 0
854 1.095097376412808 0.1136920174166575 0
855 1.087669710182094 0.0946315562539794 0
856 1.074857263190176 0.1105975869151487 0
857 1.067437303681298 0.09155646043125043 0
858 1.054639533397367 0.1074860677027681 0
859 1.047217314468855 0.0884742537317689 0
860 1.034439756158072 0.1043830997267848 0
861 1.027023193984143 0.08540016182985233 0
862 1.014254958200982 0.1013221121404508 0
863 1.330408599223815 0.1299001153235344 0
864 1.006843690977322 0.08232763329481846 0
865 0.9940682995832586 0.09824941795255515 0
866 1.001491536409964 0.1173089235928891 0
867 0.9812481822110012 0.1141904934851185 0
868 0.9738433564301292 0.09508457521003953 0
869 0.9610104025303647 0.111044906664407 0
870 0.9536326820661729 0.09197535893297762 0
871 0.9408816652508467 0.1073578857911147 0
872 0.9334421152214254 0.08876072018409506 0
873 0.9207041626865244 0.1041088538394258 0
874 0.9132860079353557 0.08557822295920516 0
875 0.9005071987284284 0.1011396847833226 0
876 0.8931208809115212 0.08247516099027088 0
877 0.8803500231389305 0.098032983796368 0
878 0.8729071870340342 0.07945712909117603 0
879 0.8601269468250113 0.09527130002722108 0
880 1.422862697391424 0.123638095554104 0
881 0.98866802997379 0.133351690770293 0
882 0.8674793549375076 0.1143785866508296 0
883 0.8472967894615658 0.1110327994950261 0
884 0.8399207435068401 0.09213110521297353 0
885 0.8270701267912381 0.1079550869226388 0
886 0.8197405040085874 0.08895560920456502 0
887 0.8069179730905159 0.1048563290826421 0
888 0.799570121311199 0.08579360357389883 0
889 0.7867497293409432 0.1017395787170107 0
890 0.834378743777936 0.1271805470053109 0
891 0.7794231803364942 0.08264151971838393 0
892 0.7665477155525104 0.09848306031616569 0
893 0.7741262227407743 0.1191048959059057 0
894 0.753561860872874 0.1136212365880842 0
895 0.7463284466613943 0.09518759625077276 0
896 0.7333962427090448 0.1109632835152002 0
897 0.7261696477840471 0.09196291308061219 0
898 0.7132167578360191 0.1077995933005695 0
899 0.7059336873603785 0.08872286463322429 0
900 0.6930348252462172 0.1045646804179974 0
901 0.6856512693515344 0.08546949670768085 0
902 0.6727888773731782 0.101307333174557 0
903 0.680119253424359 0.1204607554658081 0
904 0.6598863992015134 0.1171749883037035 0
905 0.6525861637052479 0.09802214670422646 0
906 0.6396523180428069 0.1138677211630028 0
907 0.6324229520904655 0.09472234138857771 0
908 0.6194531467861739 0.110553796261767 0
909 0.6122340610894978 0.09142712814698141 0
910 0.5992701874683347 0.10724175842209 0
911 0.5920582701985113 0.08813557037030237 0
912 0.5791069280783613 0.1039330995177125 0
913 0.5719024451873951 0.08484762544804467 0
914 0.5589649025780029 0.1006280469359862 0
915 0.5517623121297336 0.08155344550083493 0
916 0.5388183887666039 0.09733240814286283 0
917 0.5460325246320022 0.1164663123068698 0
918 0.5247091073861105 0.1134333518995739 0
919 0.5184556894094844 0.09404662154224686 0
920 0.5035607643242941 0.110986547825176 0
921 0.4980746807154441 0.09084255065759581 0
922 0.4843165768723353 0.1075020282271096 0
923 0.4780412297741522 0.08747716085141483 0
924 0.4653087457823378 0.1030316176852036 0
925 0.4708263429955416 0.1242299629507004 0
926 0.4519651770098329 0.1191669463357491 0
927 0.445025651597976 0.0996688348599285 0
928 0.5864067703264357 0.1227700053985241 0
929 1.484077039000391 0.1345805717637823 0
930 0.9083314893687194 0.121461929611431 0
931 0.6260521207494165 0.1291317619935747 0
932 0.645338579787432 0.07892399896918142 0
933 0.6667520054704474 0.1354068988189626 0
934 1.100459662918626 0.07866958304320096 0
935 0.9470494337608222 0.1256065859258447 0
936 1.234695993683513 0.08105535608218298 0
937 1.730482580933321 0.08159929869450602 0
938 1.141078173436302 0.08484900248489899 0
939 1.557738246810493 0.1267258356526129 0
940 1.308301374344044 0.07407329752723005 0
941 0.4319578390809102 0.115477571638953 0
942 0.4248721717814086 0.0962314261041626 0
943 1.962224102488143 0.1851174492908289 0
944 1.101723643470083 0.1353518353348712 0
945 1.172991714131582 0.3285960431027439 0
946 1.15268180108286 0.3263702951723134 0
947 1.193244525718917 0.3308160032945126 0
948 1.144461219563993 0.3077422781193401 0
949 1.132400670282233 0.3241891744181217 0
950 1.124166188403981 0.3055575797636361 0
951 1.112171710694958 0.3220432218362667 0
952 1.103873845497771 0.303372849282665 0
953 0.849878857241662 0.1847609015455204 0
954 2.082179755343651 0.2377222184124792 0
955 2.094621802188112 0.2215036911242101 0
956 2.11489998656185 0.2240910664451483 0
957 1.619540171591161 0.1367195944557034 0
958 1.639964202417728 0.1395469838343991 0
959 1.578960856920915 0.3029446641211271 0
960 1.566777575512059 0.3193161577295647 0
961 1.558661033220687 0.300603930302033 0
962 1.546470946688013 0.3169824746729626 0
963 1.538356654367807 0.2982306270576349 0
964 1.526205272882574 0.3146626222726687 0
965 1.941358214678449 0.1825641959598198 0
966 0.4903306356638921 0.1837271643648844 0
967 1.80369362217542 0.1838546912446178 0
968 1.061657833367768 0.1258956963021605 0
969 0.7406709031273856 0.1303935059330923 0
970 0.2807830852440034 0.07309030764924243 0
971 2.123191708800682 0.1506065737609396 0
972 2.112401497712876 0.07773613466971308 0
973 0.4378926054356405 0.08048768254863561 0
974 0.4178258151770216 0.07710785223400629 0
975 1.733477101661131 0.1346224270650354 0
976 0.2605345231137182 0.07107575099745214 0
977 0.248701085092946 0.08760206646055448 0
978 0.2403046320844566 0.06904909375233523 0
979 0.22842563069704 0.08615358927031744 0
980 0.5729683895696724 0.3389144594749914 0
981 0.5849970662879892 0.3225424533798407 0
982 1.576437933055932 0.07687916449275811 0
983 0.593163010718565 0.3411039939953489 0
984 0.6051725676695271 0.3247452206196321 0
985 1.462425341454828 0.07849283230512352 0
986 0.5768161389055229 0.3039025939282466 0
987 1.163434017798532 0.1421942500651032 0
988 1.183863499576267 0.1452483216975042 0
989 1.194202585524418 0.07502039459254997 0
990 1.034465922407493 0.3314278810834089 0
991 1.014200571760991 0.3292352820255018 0
992 1.056893554301296 0.33387700955352 0
993 1.689300683952578 0.07566928169520901 0
994 1.574830639730685 0.3380175302039944 0
995 0.7188157705659761 0.07289843314811267 0
996 0.4578376343612249 0.13948750706896 0
997 0.2201280442910052 0.06712676155343694 0
998 0.2082363609647445 0.08422713113551314 0
999 1.987143149889269 0.3337098970895349 0
1000 1.966958622453091 0.3312748026252739 0
1001 1.958941585864939 0.312356769518355 0
1002 1.946752297041209 0.3286679116827633 0
1003 1.938709693848751 0.309939309595642 0
1004 1.926513841403032 0.3262497597801227 0
1005 1.918456446494144 0.3075840586623034 0
1006 1.906255301404756 0.3238725112757769 0
1007 1.898191116739581 0.3051991031314132 0
1008 1.885980964468318 0.3214956315453043 0
1009 1.877907350344388 0.3028364825892839 0
1010 1.865705199110502 0.3191225544181453 0
1011 1.857611930635603 0.3004566327772243 0
1012 1.84537576304922 0.3167352051901237 0
1013 1.837317713384214 0.2979564438039479 0
1014 1.825052991671415 0.3143337586722858 0
1015 1.853387707432737 0.3354400554666825 0
1016 1.824440514314326 0.07560709575849411 0
1017 0.966566564715867 0.07610755069139682 0
1018 1.533430198408083 0.3334934059946991 0
1019 1.513976785502792 0.331012623604071 0
1020 1.505929337379557 0.3123617908173408 0
1021 1.493838895701837 0.3287580915796286 0
1022 1.485671243557813 0.3102143472009339 0
1023 1.47362912532053 0.3262578412177564 0
1024 1.465427644454294 0.3078344088499613 0
1025 1.453354391308038 0.3239342949887318 0
1026 1.445142805146947 0.3056172230321524 0
1027 1.433056131481947 0.3219185530136708 0
1028 1.424844969349432 0.303420120916588 0
1029 1.412727219140696 0.3196923572987494 0
1030 1.404533763499931 0.3011550224321499 0
1031 1.392411619004385 0.3174267561554626 0
1032 1.384238449932404 0.2986861335695131 0
1033 1.372134690255386 0.3151505447421897 0
1034 1.38027952442361 0.333823489951976 0
1035 1.360037518271985 0.3315635650511336 0
1036 1.351869533953814 0.3129081192364918 0
1037 1.339795931417389 0.329334430839404 0
1038 1.331586768316944 0.3108829024287253 0
1039 1.319522926384763 0.327141916688977 0
1040 1.311334387371492 0.3085877503732274 0
1041 1.29925150769005 0.3249180192721384 0
1042 1.291042378088241 0.3064433002289632 0
1043 1.279001811072083 0.3227056731795583 0
1044 1.287203008102376 0.3413031575964772 0
1045 1.267043151457586 0.33912050991599 0
1046 1.060046003871619 0.07252020701804632 0
1047 0.5113780259637389 0.07496553733827518 0
1048 1.816989339741145 0.2955582350795113 0
1049 1.804784285356333 0.311971850649674 0
1050 1.812836117244351 0.3306976830491268 0
1051 1.79259134065424 0.3283406703030366 0
1052 1.784512124198058 0.3096251956786909 0
1053 1.772341689157075 0.3260072450289285 0
1054 1.764241552922623 0.307309371542867 0
1055 1.752104839465076 0.323685860445416 0
1056 1.743970983730464 0.3049822222024434 0
1057 1.73182858268568 0.3213639357916687 0
1058 1.441538876146579 0.3389782162506534 0
1059 0.6050848263528035 0.07230458208081958 0
1060 0.3790246220988827 0.3355784943067134 0
1061 1.847630033985566 0.1323080126371235 0
1062 1.868028353850136 0.1350525703034516 0
1063 1.535796474089848 0.0711653443854775 0
1064 1.257335698320469 0.1382777348426057 0
1065 1.27774738928208 0.1412726940421653 0
1066 1.774182499194894 0.1402838240895469 0
1067 0.4800061019301924 0.3465155916084645 0
1068 0.6133364592134926 0.3432934399538016 0
1069 0.6253391175499836 0.3269425502813703 0
1070 0.6334909955434389 0.3455808560555722 0
1071 0.6455586976353757 0.3292316030053215 0
1072 0.6381157360445515 0.3106009691283791 0
1073 0.6583369983204868 0.3132386044180235 0
1074 0.6659116004484221 0.331552898586376 0
1075 0.677970503545491 0.3151221038739684 0
1076 0.6859756358401425 0.3336793996617899 0
1077 0.6980671454771279 0.317302489706614 0
1078 0.7061824561137044 0.3359122971179935 0
1079 0.7182541064745305 0.319549206879863 0
1080 0.7263808257591341 0.3381562902325099 0
1081 0.7384445292412505 0.321807509796721 0
1082 0.7465365244926356 0.3404116670736814 0
1083 0.7586220753628653 0.3240715395751936 0
1084 0.7667215317226689 0.3426607755274594 0
1085 0.7787854535640681 0.3263287280502236 0
1086 0.7100471818868919 0.3014869728104275 0
1087 0.751503270363313 0.3064285153605388 0
1088 0.5363960542697735 0.2994587094748969 0
1089 1.69240707982727 0.130780584603705 0
1090 1.422030937024313 0.07261214776322775 0
1091 2.106827723984876 0.2047791217580107 0
1092 2.127305137505452 0.2078912528515209 0
1093 2.0513456223205 0.06995402437690337 0
1094 1.120387806492836 0.3406238089796227 0
1095 0.5308665237169701 0.1329467349966533 0
1096 0.8325692141472141 0.07310246804561246 0
1097 1.627291759934556 0.1558812206785413 0
1098 0.691015297228186 0.186210987158892 0
1099 1.008702553364758 0.1862884298459247 0
1100 1.649575312589401 0.06934859018593545 0
1101 1.629458918852978 0.06656971868486952 0
1102 0.7039513594154939 0.1696497089652411 0
1103 1.270781125176675 0.3040203320401084 0
1104 1.914341859102379 0.3425285786066138 0
1105 0.199968780511417 0.06512993334416903 0
1106 0.1881266549298997 0.08158321708588219 0
1107 0.1798203691488276 0.06292530828532256 0
1108 0.1679026573081271 0.07936930618280283 0
1109 0.1762584679620542 0.0979464978326704 0
1110 0.1560279004243538 0.09584839922816252 0
1111 0.1477259257447402 0.07725170704041695 0
1112 0.1357871549700452 0.093754149335599 0
1113 0.1275043563135096 0.07517774992405632 0
1114 0.1155318426481501 0.09164956980084879 0
1115 0.1238353042196295 0.1102903949655015 0
1116 0.1034994575913029 0.1081921727047037 0
1117 0.09520048875422971 0.08956258603766112 0
1118 0.1117260974317359 0.1267730762514874 0
1119 0.09146911947595338 0.1247485969340983 0
1120 0.1005070178177973 0.1437291248098752 0
1121 0.07964228219519365 0.1413384226582049 0
1122 0.08877822117025747 0.1603680688873732 0
1123 0.07124538634060951 0.1227013478059163 0
1124 1.506350364048353 0.1850869481384801 0
1125 0.7869354377692286 0.3449359089382845 0
1126 0.7990171210565029 0.3286305603849521 0
1127 0.7908365235925239 0.3099476071488971 0
1128 0.8109828708855944 0.3122683920650164 0
1129 0.8192216489334749 0.3309352348793981 0
1130 0.831050075958027 0.3142424865036115 0
1131 0.8393807189383355 0.3331578868358256 0
1132 0.8513276049614962 0.3164501322750045 0
1133 0.85963496087109 0.3355323609922798 0
1134 0.8715693721008735 0.3202743168261542 0
1135 0.8798257369537353 0.3379966343379165 0
1136 0.8917654513203788 0.3228685292497573 0
1137 0.8999751700152536 0.3403718583666381 0
1138 0.9120699227889034 0.3240787479379265 0
1139 0.9201607977988027 0.3425003990412824 0
1140 0.9322548546189713 0.3261789179694027 0
1141 0.901539186071563 0.305153369016941 0
1142 0.9403467367255602 0.3447374714580108 0
1143 0.9521185402607193 0.328202225101848 0
1144 0.9442924423229152 0.3097350071501782 0
1145 0.9603412969583791 0.3457953955832387 0
1146 1.800670823260077 0.34697877042769 0
1147 1.917698062886727 0.07019080383169995 0
1148 1.009029504022595 0.1364633646130035 0
1149 0.9260543185514307 0.06982601162902999 0
1150 1.953508903744728 0.2573464371135364 0
1151 1.615222622697777 0.3428363864187719 0
1152 1.519574265126448 0.1687604780621564 0
1153 0.3092651351327491 0.310498924636407 0
1154 0.297308113498135 0.3270414407984752 0
1155 0.419568213048178 0.3397875754235854 0
1156 1.171172910623736 0.1602623832942288 0
1157 1.019578682129892 0.06647149458267665 0
1158 1.501999632442134 0.3474033376055781 0
1159 1.760219808966226 0.3423735889688966 0
1160 1.724438158180839 0.3031937869697711 0
1161 1.711943147509076 0.3193661384548965 0
1162 1.719742102364708 0.3377638380792266 0
1163 1.700273782756439 0.3360074609129375 0
1164 1.95393797919585 0.1657908624961232 0
1165 0.5646650258559043 0.06583904782921343 0
1166 0.7142711510742812 0.354463531271337 0
1167 2.01090818006024 0.06471232540370186 0
1168 1.28377762997506 0.2851707014367711 0
1169 1.381459666469527 0.0669176498717656 0
1170 1.361394586110685 0.06404729369581061 0
1171 2.132576003399113 0.08035427500291475 0
1172 2.135055466792028 0.2266486659637106 0
1173 0.06778529613967832 0.1578213207834849 0
1174 0.07604691562537891 0.1763876232030686 0
1175 0.8028201162947689 0.2935239595524727 0
1176 0.862219083187678 0.1677825192258914 0
1177 0.8273868696517822 0.3495296653914549 0
1178 1.181203134153192 0.3471817857611903 0
1179 1.201354856388896 0.3494414199351673 0
1180 1.954785494260559 0.3464172652967658 0
1181 1.022406327787956 0.3478213164531396 0
1182 2.140417047688106 0.09897279370044798 0
1183 0.864974387414839 0.2989060756553302 0
1184 1.539798226420218 0.1707100987379674 0
1185 1.735988798686278 0.2862588524577395 0
1186 0.7922259236790995 0.06682516934591659 0
1187 0.7721823936083311 0.0636710991818038 0
1188 1.344485335815978 0.2950721069142257 0
1189 1.877269505865308 0.06489312691208896 0
1190 1.264960980262472 0.157336330180231 0
1191 1.607288458088997 0.1528214192052972 0
1192 0.2368110060319384 0.1040685749887612 0
1193 0.3258993017187494 0.3476449831753564 0
1194 0.2723657476682479 0.05462561207891495 0
1195 0.8856731666457519 0.06362752940875105 0
1196 1.8158777402317 0.16710705323946 0
1197 1.854332422271851 0.1517333095505399 0
1198 0.77487473961661 0.361176848149 0
1199 0.4117785994139989 0.1120102180613652 0
1200 0.4189238247154263 0.1312746245200497 0
1201 1.97050987862006 0.05952157315384224 0
1202 1.327631174129641 0.345708556057908 0
1203 1.100236372932572 0.3384859229346352 0
1204 0.5025634558730036 0.1666993930560388 0
1205 0.2925020655780748 0.05661269393677901 0
1206 1.829242265983029 0.2790700217768805 0
1207 1.43511958185474 0.2866228612107564 0
1208 0.3536587503726122 0.06245550894357527 0
1209 0.3773360094070902 0.06468873491846039 0
1210 1.061327860523192 0.2983356844528841 0
1211 0.4308729616716142 0.06142533813287351 0
1212 0.1644586345618821 0.1136119976761818 0
1213 1.150488873650034 0.1581905529502762 0
1214 1.647842316916492 0.1587153232435436 0
1215 1.890144453062948 0.2863219703900189 0
1216 1.497248375720098 0.2935224896490928 0
1217 0.4556196922951556 0.2904692023517376 0
1218 0.09606051515622771 0.1784545268983711 0
1219 0.0840940696069814 0.1948981802736368 0
1220 0.06395628352425575 0.1927267816419955 0
1221 0.07212759370026189 0.2112924298995765 0
1222 0.0923175411033319 0.2134634884752415 0
1223 0.08030591041984647 0.2298678755687381 0
1224 0.100523112465022 0.2320272240081509 0
1225 0.08851693344930034 0.2484394019420369 0
1226 0.06832311441869576 0.2462315806187712 0
1227 0.07650169962834141 0.2648270438912536 0
1228 0.09673920149267756 0.2670383416853963 0
1229 0.08467480714631015 0.2835203390509526 0
1230 0.104943222934998 0.2857056139441557 0
1231 0.09287478657018333 0.302210430360986 0
1232 0.1131830829193552 0.3044059256050801 0
1233 0.1011308800498089 0.3208581122966009 0
1234 0.1214168233586351 0.3230774733017607 0
1235 0.133487456422351 0.3066163296156826 0
1236 0.1417277485767897 0.3252852108851207 0
1237 0.08086996854862272 0.318700368169518 0
1238 0.1537021032223387 0.3095221728851523 0
1239 0.1619986876833885 0.3276119270297734 0
1240 0.1093443883754087 0.3395149299460559 0
1241 0.1745289063425702 0.3123072398761865 0
1242 0.1823195450801804 0.3299367653964067 0
1243 0.1949617347577794 0.3139550213347729 0
1244 0.2026064851350911 0.3320720387464077 0
1245 0.2145973217871231 0.3156714094701929 0
1246 0.2227457398816244 0.3341854499280593 0
1247 0.2347602109060849 0.3179277543124829 0
1248 0.2429575371270009 0.3363718657316054 0
1249 0.1700735130420207 0.345790371097531 0
1250 0.06445816719105668 0.2812508790133794 0
1251 0.2117601908905645 0.3502910330510589 0
1252 0.2549169119207568 0.3200215330123504 0
1253 0.5204388799042373 0.3509061468634605 0
1254 0.6740067273951057 0.3500827579334024 0
1255 2.124668723423195 0.06160581783541505 0
1256 2.104623078461304 0.05904694602575808 0
1257 2.074265071457097 0.2188251834003312 0
1258 0.9282245515872294 0.3609749465664185 0
1259 1.36820506784084 0.3501400994905876 0
1260 1.38831776779602 0.3523897263288389 0
1261 0.3947824456060092 0.2837318689269779 0
1262 1.590803191816239 0.2863595525908369 0
1263 0.2118246836419975 0.04864165029730635 0
1264 1.191547518580176 0.1645355265825922 0
1265 1.875995913035153 0.154157442673775 0
1266 0.3333306346824854 0.06048351008675171 0
1267 0.1170227715015667 0.2692300825510945 0
1268 0.3079327448287164 0.2208966991453528 0
1269 1.82079229732432 0.3493346652349553 0
1270 1.684492672198683 0.2787997561704112 0
1271 2.135957902671486 0.1341519933592774 0
1272 1.230049252378063 0.2812777197721121 0
1273 0.3460088839185353 0.3497652993914198 0
1274 0.8830730712878291 0.1699674325925897 0
1275 0.7242901265809888 0.1714112807365857 0
1276 0.4509906778548503 0.06478948279732114 0
1277 2.040103744089145 0.3221027836423238 0
1278 2.027794657309359 0.3383280001936246 0
1279 2.04794371030381 0.3408320669015295 0
1280 1.002264410988615 0.3456713913028275 0
1281 0.139373742379909 0.05875092647391825 0
1282 0.119292885949186 0.0566851545895545 0
1283 0.5446456072003106 0.0625771578833543 0
1284 0.557430423005431 0.04694124950576897 0
1285 0.865653357901613 0.06056116547763696 0
1286 1.174120074276169 0.07202546105156513 0
1287 0.9995203735540131 0.06342573521573777 0
1288 1.012138781805525 0.04764860631016951 0
1289 1.857149365469567 0.06224158262278265 0
1290 0.8634969329476168 0.2598440543041093 0
1291 1.950414793435374 0.0568754419658076 0
1292 1.995275686617464 0.262605571850035 0
1293 0.4116459750389752 0.0587566154563374 0
1294 1.212918002886298 0.3333306409402781 0
1295 1.221138456698872 0.3518511040154644 0
1296 1.93316042791224 0.1633165221652577 0
1297 0.3701896595321389 0.1009841662744696 0
1298 0.9934260674518709 0.3278256561251915 0
1299 0.2477485220720979 0.3022212494065051 0
1300 1.993381116122662 0.115970664157685 0
1301 2.143838053823845 0.1528501780715827 0
1302 0.2857390029219493 0.1269129148521839 0
1303 0.2635616808440248 0.1284779762100757 0
1304 0.2630332865737026 0.3386522279277497 0
1305 1.808820173318885 0.3645336589651325 0
1306 0.8413457225085268 0.165723035223324 0
1307 0.5242657719958139 0.1688898473365659 0
1308 0.145629959553973 0.2888482316379971 0
1309 1.204214466827152 0.1482404043553479 0
1310 0.5529459393837404 0.1358123100996902 0
1311 0.7830415174021893 0.2915645779834237 0
1312 0.2889718451314723 0.3084393232557314 0
1313 1.115796597212597 0.2868748485733127 0
1314 1.095490655529076 0.2846824617295126 0
1315 0.5609475184246806 0.3552700549224281 0
1316 0.33426813336435 0.3660286332299157 0
1317 1.707723821811345 0.354094390902618 0
1318 1.687629707824532 0.3518248687793886 0
1319 1.962581404032562 0.04094180770057773 0
1320 1.244658925685987 0.154099894063981 0
1321 2.035642981766693 0.356903963605259 0
1322 2.015501336252855 0.3545673782719737 0
1323 1.550372314855299 0.2818454982451428 0
1324 1.529802781265037 0.2791357702104222 0
1325 1.727765235561898 0.3561565293817901 0
1326 1.807849408337169 0.276544188294841 0
1327 1.373766199936169 0.04822785688205122 0
1328 1.394149428311464 0.05094299328926269 0
1329 2.055804784371099 0.3594751849443903 0
1330 2.06800133098139 0.343393154593885 0
1331 2.075900603912206 0.3619411290975192 0
1332 2.088016208019994 0.345911813298425 0
1333 0.8878762525564496 0.3563568368701321 0
1334 1.186769297546127 0.05617047149067952 0
1335 1.166772356027309 0.05317132388617118 0
1336 1.206751446697951 0.05914575780568429 0
1337 2.144734234946915 0.06415185734927481 0
1338 1.032115346107924 0.05080732967443655 0
1339 0.671250464408469 0.2973373313788575 0
1340 0.5773572237294748 0.05013322057495548 0
1341 1.275682351425055 0.3574209247523301 0
1342 1.295358236473714 0.3597774283501451 0
1343 0.1327026292190859 0.1291743480528322 0
1344 1.28551933191759 0.1601857655554548 0
1345 2.131057146200596 0.170228265270272 0
1346 0.2750854005673601 0.1430140541153209 0
1347 1.395798235639181 0.2825958268716351 0
1348 1.375897349278225 0.2799092491793376 0
1349 0.877970803078105 0.04496463240844015 0
1350 0.2511213723108375 0.3548972027295015 0
1351 0.2711889181743582 0.3571508800120619 0
1352 1.53177470029501 0.153219196855636 0
1353 0.6013485758627622 0.3593612814230289 0
1354 0.05239264440495939 0.2094568732140494 0
1355 1.108434490901464 0.3570096850586726 0
1356 1.088313129328291 0.3548281325389301 0
1357 1.128506152989238 0.3591250161465583 0
1358 0.8982238511389884 0.04800161840627307 0
1359 0.4959179477539253 0.2950091296319728 0
1360 0.1846387377635708 0.1164578579732062 0
1361 0.9639241812422911 0.3105357507760046 0
1362 0.9564779974482442 0.2933650131214025 0
1363 0.9362096218324321 0.2911147332199771 0
1364 2.147339118799951 0.2099900479271708 0
1365 0.8752234159666696 0.1513721874283985 0
1366 0.8953615355981587 0.1535706436281913 0
1367 0.04519657827959489 0.191989164080604 0
1368 1.776398440357126 0.2908896601650024 0
1369 0.7848448334414958 0.04833101602490839 0
1370 0.8050570069527283 0.05137316854984161 0
1371 1.863345171934197 0.1706408654850082 0
1372 0.3447432237466529 0.04429782001690119 0
1373 1.946386403392355 0.1463705460962573 0
1374 1.966869569213716 0.148798421749689 0
1375 1.788564620374466 0.3624752997667242 0
1376 0.2069766851048026 0.2987378753620471 0
1377 0.7648231989979586 0.04576511330396157 0
1378 0.7521921036909943 0.0606525025769091 0
1379 1.043531278426186 0.2604126751715627 0
1380 2.071829908283822 0.07256012600900411 0
1381 2.063833871857357 0.05386149187958802 0
1382 2.043533205220791 0.05163511718034089 0
1383 1.869886992219902 0.04705950969058215 0
1384 1.890067644707781 0.04943292860856024 0
1385 0.300945455868767 0.2918460982706356 0
1386 1.930448644382862 0.2910646706135848 0
1387 1.542160374848652 0.2629016721572808 0
1388 1.107251452526957 0.2679259459470353 0
1389 1.257076975637646 0.3562210376347605 0
1390 1.920553987390528 0.1799739289899723 0
1391 1.913374520084793 0.1598413864898162 0
1392 1.247925144187628 0.337625693970092 0
1393 0.7159939519077281 0.1539787572160062 0
1394 0.8288392367477784 0.182429886683029 0
1395 0.8199051311011384 0.1631536838953078 0
1396 2.151903435282921 0.171419066012666 0
1397 2.061742263651203 0.2350559339961116 0
1398 2.053844328443887 0.2160814640719083 0
1399 1.641830037526521 0.05108690641253674 0
1400 1.661277777272099 0.05370308300998219 0
1401 1.621818440094793 0.04838603667126193 0
1402 1.609409932856771 0.06386329596623266 0
1403 0.6831067199739609 0.1683235974952811 0
1404 0.6702508572645285 0.1842431842050522 0
1405 1.614541820653263 0.1722797011614318 0
1406 1.29832730523004 0.1441884073971454 0
1407 1.304676347989425 0.1626836443197466 0
1408 1.888391121587149 0.1375649424530219 0
1409 1.659791159281164 0.1418490538346629 0
1410 0.482111156225849 0.1648875883496286 0
1411 0.4941795165709546 0.1478092925325572 0
1412 0.4697506326551384 0.1818076784431701 0
1413 0.9955589695008432 0.1521452698918727 0
1414 0.975617076360673 0.149415107969243 0
1415 0.9813327228293515 0.1675020763474576 0
1416 0.9626069378143438 0.1656648907508012 0
1417 0.2835075434051411 0.03855077717957101 0
1418 0.4237534767087245 0.04333744717248236 0
1419 1.236797521102923 0.3008522372871595 0
1420 1.35410477111588 0.04590779700245187 0
1421 1.341425158874243 0.06117766662948818 0
1422 1.248987839459629 0.2844463826201905 0
1423 1.285364423461414 0.3762074313246887 0
1424 2.095259029641567 0.3640460466947468 0
1425 2.107952593733013 0.3483822597455836 0
1426 2.100271421265167 0.3298554354121553 0
1427 2.120267982459789 0.3323686576956106 0
1428 2.128072625013803 0.3510034222347378 0
1429 2.140323591630393 0.3349133165832405 0
1430 2.148078358283148 0.3535401943667693 0
1431 2.13262131729825 0.3163545527651411 0
1432 2.152569064065486 0.3188554980906612 0
1433 2.144897718114139 0.3003523216200387 0
1434 0.3135456334755713 0.3634415540459852 0
1435 1.498753129542103 0.1673036902065798 0
1436 1.485615973186952 0.182885977862434 0
1437 1.477164048344543 0.1643956692352528 0
1438 0.1125425190536589 0.2156246268806816 0
1439 0.1232275331252752 0.2330487202229996 0
1440 1.38695968925314 0.2632458887936212 0
1441 1.015348093594087 0.1546497144446855 0
1442 1.029122139648999 0.1393815270791443 0
1443 0.6615875603087999 0.1660665669175315 0
1444 1.682511843553081 0.3341393933026466 0
1445 1.668688909579078 0.3502715317312727 0
1446 1.675582974801291 0.3675408616163402 0
1447 0.7952212293358861 0.3626276817927173 0
1448 0.2575894235587722 0.1731898672201098 0
1449 0.2766454612967263 0.1800857647351256 0
1450 0.2808799082593868 0.199422296042803 0
1451 0.2955087012664467 0.1848496756911712 0
1452 0.228570547882901 0.1489271425769825 0
1453 0.1701369017410115 0.2638192203683972 0
1454 0.140545702960597 0.1767681963145314 0
1455 0.1675742837381947 0.1464806450873435 0
1456 0.2124838353535934 0.2692189442730687 0
1457 2.154103252268272 0.229523420322394 0
1458 2.142476117677907 0.2457791192888661 0
1459 1.377167544140791 0.3682552756600501 0
1460 1.199251109095093 0.04091287048419154 0
1461 1.158472051247885 0.1774717625035803 0
1462 0.3247769126241566 0.04305479927083947 0
1463 1.036827957648731 0.1560819840811533 0
1464 0.1336807370755688 0.157646432608586 0
1465 1.656487331674237 0.3655602753797619 0
1466 1.795655717514538 0.165029782189034 0
1467 1.782645372816094 0.1814601927165035 0
1468 1.809007886555837 0.147680628313325 0
1469 1.668432104282181 0.1615247597204387 0
1470 0.3983170386917716 0.1261263694404661 0
1471 0.4057417218923847 0.1452018742861735 0
1472 0.4258750983084955 0.1500550031136818 0
1473 0.4131527861514386 0.1654580908830871 0
1474 1.718240528979077 0.2846018149393379 0
1475 1.35724636842006 0.3652037939258591 0
1476 0.2913832075420997 0.1662566686434473 0
1477 0.9930052404125302 0.04523305053599433 0
1478 1.394868262139154 0.3724296768941395 0
1479 1.410285948384802 0.3581454216639248 0
1480 1.0105139628081 0.3634453026783763 0
1481 0.99064432907512 0.3624297517539951 0
1482 1.269958498377934 0.1761627373236983 0
1483 0.2634331267794031 0.2149613549660218 0
1484 1.219113273225521 0.0442038646690516 0
1485 0.7748837147261203 0.0317184393779073 0
1486 1.601775270359732 0.04612439299431381 0
1487 0.1301635293164569 0.04078923064608966 0
1488 0.1114027682867429 0.03778549373971493 0
1489 0.09929128354366323 0.05450119405146309 0
1490 1.982667017214539 0.04440729273657076 0
1491 0.6876192260688773 0.1372229188740202 0
1492 0.5383230781262193 0.04431465055003894 0
1493 2.08292261174345 0.3791484314670477 0
1494 1.365808303272992 0.03144329139007404 0
1495 1.006257074755783 0.0299315044153966 0
1496 0.8584935945897559 0.04265908062926868 0
1497 2.116726011586342 0.04393649255983836 0
1498 2.096938046541987 0.039784217692764 0
1499 1.716174961989818 0.3732238956616755 0
1500 0.187572424892865 0.143142391279761 0
1501 1.85000980748668 0.04492616538858649 0
1502 1.189497132393363 0.3646404925858745 0
1503 1.169178180052181 0.3626615151500974 0
1504 1.027330693797695 0.3641580253103706 0
1505 0.1506442699862331 0.04096241633332073 0
1506 0.7935442832419846 0.2703047011716225 0
1507 0.8143003068683479 0.2767559686027149 0
1508 2.15500185525794 0.136029344310327 0
1509 0.5510664611583874 0.02895538211561249 0
1510 2.135338846909196 0.3723174099702862 0
1511 0.3532269967358345 0.3675259560341587 0
1512 1.654056034125433 0.03390764991352976 0
1513 0.2268990395147082 0.1317563473649543 0
1514 1.333671886407807 0.04338665395206193 0
1515 1.504419604140937 0.1363268250640713 0
1516 1.212144191413376 0.1675735861371248 0
1517 0.1355272364877029 0.2149113371812971 0
1518 0.8513151438632972 0.2768165201926163 0
1519 1.796467262010807 0.3810822609108979 0
1520 0.1798373640650189 0.2810085280255559 0
1521 2.164776798915157 0.3028628743241331 0
1522 2.156066307872261 0.2845810206587245 0
1523 2.137104891245336 0.2817060294666153 0
1524 1.552056497732484 0.1537534729931135 0
1525 1.55993502337411 0.1731826214487291 0
1526 1.573648076902861 0.1565205041137314 0
1527 0.2466760663421949 0.2692440938321108 0
1528 1.727537867539393 0.2648737136561479 0
1529 1.747467701864163 0.2689004314109589 0
1530 1.690436058251439 0.2983862506510399 0
1531 0.9481221297270415 0.2739807533159047 0
1532 0.9685069038931746 0.2755554045658879 0
1533 0.9271150317928086 0.2720276978150432 0
1534 0.4335201833776986 0.1700873938926949 0
1535 0.3978698374274362 0.07361791431706047 0
1536 1.828790368568834 0.3672962859070771 0
1537 0.8698141603982895 0.02921222086114136 0
1538 0.3407960405712489 0.3829802978472613 0
1539 0.3353812950373913 0.02909861274015157 0
1540 0.1435939915217661 0.2340306854011498 0
1541 1.831947141516638 0.1464021124319053 0
1542 1.079151742883623 0.3362616450764259 0
1543 1.066658925630667 0.3525401367239395 0
1544 1.075709470998046 0.3717872454039747 0
1545 1.058436851877778 0.3677362720279409 0
1546 0.7449972765702744 0.04219716312664759 0
1547 0.1208336667665439 0.1840935207741182 0
1548 0.783011887450022 0.3796132354639615 0
1549 0.1325302516127123 0.2539889040862935 0
1550 0.2624650562756501 0.03322395899529254 0
1551 0.7606771609211811 0.3770296671401824 0
1552 1.594080568252983 0.1663114966181965 0
1553 0.8896004585206405 0.1353894503439879 0
1554 1.367112455366769 0.2586342673173251 0
1555 0.9602001234966444 0.2560009512263977 0
1556 0.7376276762446415 0.1524961516530226 0
1557 1.082831604696152 0.3010814460616961 0
1558 1.116621654245387 0.3754151424334013 0
1559 1.135096559527567 0.3768191028567546 0
1560 1.81930358323131 0.259755012681291 0
1561 1.840508391372841 0.262358964451069 0
1562 0.8713361392190633 0.2783106689667537 0
1563 0.3105854597883607 0.1708734589909814 0
1564 1.074855303723137 0.2819650319201989 0
1565 0.4633522184683333 0.161062372487758 0
1566 0.2445334845117637 0.1403687524404677 0
1567 2.112246098412145 0.02655425977311573 0
1568 2.056660259842125 0.03537608748628127 0
1569 2.139605091011196 0.1900907116272159 0
1570 2.161742383245693 0.1917618782102173 0
1571 1.942136797037252 0.03804899477136203 0
1572 1.955479241902633 0.0191075245797766 0
1573 1.921709897342154 0.03551262475023401 0
1574 2.118600995111518 0.1879588666983937 0
1575 2.098233946392774 0.1862487498515491 0
1576 1.059580933318562 0.3891914985229252 0
1577 1.614241277426213 0.02959969947092847 0
1578 1.653740868066423 0.1785868470473331 0
1579 0.5380272169125706 0.1523330599832191 0
1580 0.5595696436430025 0.1550670079042749 0
1581 1.384392686670636 0.3870354357211283 0
1582 2.023563960367315 0.3736384884713382 0
1583 2.003575920406247 0.3715270520435945 0
1584 2.171905373013837 0.3206752510310224 0
1585 1.840404190273408 0.168158547721105 0
1586 1.137539816436319 0.1738437694185253 0
1587 1.13058652828123 0.154817224031267 0
1588 1.116747086262715 0.1714914752048835 0
1589 0.4036719479097876 0.04006679766228943 0
1590 0.2594274893182755 0.3738451337515272 0
1591 0.2792260319976607 0.3755291710576043 0
1592 0.239339384478545 0.3718412662922415 0
1593 0.2283207890619467 0.3898766691607338 0
1594 0.2912027291862908 0.3593662158714374 0
1595 1.06945237931079 0.3175594292415459 0
1596 0.7721207230110829 0.2730965100278151 0
1597 0.7581853712141832 0.2583656193086433 0
1598 0.7531737664198332 0.2767164826406332 0
1599 0.1238231126555502 0.02016469326736212 0
1600 0.9170002022763669 0.2525159090153465 0
1601 0.9049577563518653 0.2704927886444889 0
1602 0.884406961052849 0.2936843581034172 0
1603 0.3915283796796377 0.1084887597125571 0
1604 0.2670664624398952 0.3035545072401211 0
1605 0.8424251376077387 0.2968646328601943 0
1606 0.1495647968889344 0.2683229369970211 0
1607 2.155816889727385 0.372156340361798 0
1608 0.8069467430977928 0.2580254874261003 0
1609 0.2060385695344046 0.1224346809286258 0
1610 1.520548384432472 0.2600011556254203 0
1611 2.066245921474007 0.1990232109847687 0
1612 2.149595806207277 0.2652574992599366 0
1613 1.178735198973703 0.3812561446745816 0
1614 2.075758322537304 0.03776182831099092 0
1615 0.2204286694746748 0.3692422480427046 0
1616 1.776284386363263 0.1621704717456535 0
1617 1.992217891430986 0.3890942443375525 0
1618 1.980425608669523 0.3697504253265957 0
1619 1.960160277317258 0.374822843906146 0
1620 0.304088243779719 0.03806920792046553 0
1621 0.8870395884086583 0.26391560467119 0
1622 2.16707825854062 0.3559417085412721 0
1623 0.3125434205437686 0.05846535744305753 0
1624 1.148629105318847 0.360371103503311 0
1625 1.05334529815579 0.2790532618675259 0
1626 2.110455262493597 0.1674987197565268 0
1627 2.090500877683084 0.1647090726622716 0
1628 0.2296284042480057 0.2792212465886053 0
1629 1.305826414659224 0.3773362964017595 0
1630 1.242316341852787 0.2647128997704 0
1631 2.161361252747677 0.2479920580529922 0
1632 2.170078426792966 0.2684299656147485 0
1633 1.019480500750298 0.3813151063093971 0
1634 2.147771265505942 0.1175579388920061 0
1635 2.084338366445148 0.0563709083564338 0
1636 0.7319022401502482 0.05730840249335958 0
1637 0.7248590625263548 0.03935320241828877 0
1638 1.321103985905453 0.05838820624933186 0
1639 1.313286116159273 0.03980500087372282 0
1640 1.589175522675552 0.06113247656086665 0
1641 1.581063970798547 0.0446822754968646 0
1642 1.841051983229325 0.351585802692377 0
1643 1.849017692837757 0.3690105504700911 0
1644 1.316055107924806 0.3612211509698592 0
1645 0.3666716604472742 0.3518815733669813 0
1646 0.3743609886908262 0.3728180005013761 0
1647 0.3871875162180326 0.391907302079907 0
1648 0.3980215083235595 0.3743974929490977 0
1649 0.4188317395751499 0.3764394893667541 0
1650 0.3877027561107826 0.3546642171310448 0
1651 0.2074910777027823 0.3861078852631188 0
1652 0.1906475060968501 0.3725188793339452 0
1653 0.1733489632965624 0.3780844127482104 0
1654 0.9039062648356235 0.1722096143716558 0
1655 0.916023598797945 0.155712027275488 0
1656 1.224174192230728 0.3173914044680634 0
1657 0.7452469324986606 0.1731307475549835 0
1658 0.7581638491102776 0.1565841416865703 0
1659 1.994888243032819 0.3525872673086431 0
1660 2.130304647573613 0.390139378379859 0
1661 1.929956774866417 0.0540602210403803 0
1662 1.22697477318902 0.06229550146492677 0
1663 1.239626530169051 0.04721726618725913 0
1664 0.3213833150315364 0.07703418957048189 0
1665 1.675141612843799 0.03973166022714311 0
1666 1.692803902485047 0.02892483335170459 0
1667 1.691389316427529 0.04526727224992314 0
1668 1.708496801802279 0.03963009691001199 0
1669 1.727888533049241 0.03298159828046413 0
1670 1.723810404954106 0.05169911583891815 0
1671 1.73964844073544 0.04614919135384268 0
1672 1.909968324207815 0.05171405768810955 0
1673 1.897552106542635 0.06770846221515114 0
1674 2.045712765294359 0.1963006648283858 0
1675 0.5247582888939402 0.0592147314329742 0
1676 0.5186671587532576 0.0369999902646608 0
1677 0.8456235980730826 0.05745909164055549 0
1678 0.8380094187078388 0.03658142354880192 0
1679 0.9795930655814183 0.06027856386502289 0
1680 0.9736094141214832 0.03836559452111266 0
1681 1.153940861205001 0.06899772160175408 0
1682 1.146791253158923 0.05011931555421009 0
1683 1.158917655301645 0.03333601491162563 0
1684 0.08320190685740325 0.1061357352974404 0
1685 0.07486357069726801 0.08758434300180863 0
1686 0.06297773180380095 0.1041155257806825 0
1687 0.05467565836746213 0.08561514459809319 0
1688 0.06646359175341932 0.06913393982553256 0
1689 0.05140433650167231 0.1204660434803296 0
1690 0.04720711621756379 0.06680829201571251 0
1691 0.0581509475007318 0.051147848876921 0
1692 0.03800532740838181 0.04886402637354439 0
1693 0.03436804716728203 0.08293375822716653 0
1694 0.07822329530787187 0.05272498111851112 0
1695 0.06941008700001339 0.03360067445203996 0
1696 1.837170374900975 0.05947542759918811 0
1697 1.829819646357655 0.04269441131157117 0
1698 1.849301343149593 0.1874626637750895 0
1699 1.739901942837156 0.3400224454008136 0
1700 1.747884873759104 0.3584486643569397 0
1701 1.768299099584852 0.3601821352916535 0
1702 1.755862543160818 0.3775303638926395 0
1703 1.442205286233443 0.07557372065790705 0
1704 1.454804408065669 0.05967836562089651 0
1705 1.474868584494528 0.06255835898396986 0
1706 1.466700477132908 0.04422848373674951 0
1707 1.487069322438114 0.04754885468963585 0
1708 1.447404719580711 0.04092842111316686 0
1709 1.494965959149316 0.06551866852711613 0
1710 1.507244873525964 0.04944081532737349 0
1711 1.500617747922731 0.03262138318283744 0
1712 1.434770678596606 0.05668576445547099 0
1713 1.426444179987703 0.03689262671025231 0
1714 1.460092982763961 0.02163284031364748 0
1715 1.414718189999448 0.05344224188884297 0
1716 1.405866372563538 0.03462864744920521 0
1717 0.6251893832483111 0.07565436095056749 0
1718 0.6380985834903588 0.05994969048632542 0
1719 0.6581095918276243 0.06319945943280603 0
1720 0.6508840711039408 0.04417842961162544 0
1721 0.6707555309069628 0.04798526582744345 0
1722 0.6312883417120279 0.04028726867071084 0
1723 0.6653612852461155 0.02993663318369419 0
1724 0.6782148979985401 0.06653802857790084 0
1725 0.6911610964878181 0.05106738430292154 0
1726 0.6179785095856563 0.05659566077791894 0
1727 0.6113273889360827 0.03688303071501808 0
1728 0.6469651975076437 0.02601341017106343 0
1729 0.5977578288643208 0.05343433449486715 0
1730 0.9080874024739316 0.3585856937164704 0
1731 0.915569814664728 0.3768230159927088 0
1732 0.9357457286397496 0.3792000488846423 0
1733 0.9475843545992673 0.3625635859528615 0
1734 0.9690310238803607 0.3649190881384509 0
1735 1.556037792490351 0.07401327075236405 0
1736 1.548357089439016 0.05521294106091035 0
1737 1.528284530702223 0.05230811123937168 0
1738 1.541663089812956 0.03662564052823838 0
1739 1.560887251668298 0.039750751492029 0
1740 1.51537830741437 0.06832411749831011 0
1741 0.5811859203226251 0.3571377576437544 0
1742 0.56916607743583 0.3737036835930099 0
1743 0.5491803191665454 0.3725267291332216 0
1744 1.120751392033691 0.08175824858467409 0
1745 1.113261324939679 0.06282927077404984 0
1746 1.093194833330636 0.05976010846042557 0
1747 1.105883843637698 0.04401712592053927 0
1748 1.086341154279278 0.0402354803748832 0
1749 1.125782623456116 0.04702549255758925 0
1750 1.121334233496214 0.03014018773311933 0
1751 1.073022598325335 0.05655901321434384 0
1752 1.066191848808024 0.03688637401082895 0
1753 1.159689364718441 0.2552867090628657 0
1754 1.147789415748752 0.2722878979916347 0
1755 1.168219501135033 0.2743937203606195 0
1756 1.710008255617001 0.07947029254506008 0
1757 0.641747114025495 0.2542504911195971 0
1758 0.6294643143253433 0.2711407055018108 0
1759 0.6087889161801685 0.2689894331449463 0
1760 0.6172657819558121 0.2879380528846089 0
1761 0.5966987069147216 0.2858202826546998 0
1762 0.5880176151328507 0.266878485036265 0
1763 0.6493405330084758 0.2740025799263233 0
1764 0.6706951484871686 0.2769027126156383 0
1765 0.6833700359895425 0.2587924234479527 0
1766 0.7041951088042689 0.2607697916941005 0
1767 0.6919430880437571 0.2775821370564646 0
1768 0.7126249038328164 0.2791418648888436 0
1769 0.7249404654422971 0.2625891098607534 0
1770 0.7331544612016317 0.2820192050993419 0
1771 0.9462993186864961 0.07296451030408493 0
1772 0.9388957967447061 0.05406949400455929 0
1773 0.9187489610487334 0.05118147418835742 0
1774 0.930633160661586 0.03530248370173728 0
1775 0.9511871596716694 0.03794838738278397 0
1776 0.9613994563488758 0.01997613051089878 0
1777 0.9593364636604657 0.05674823700076836 0
1778 1.179434391906088 0.03738578842179979 0
1779 0.6941294115612406 0.3522459104859877 0
1780 0.7032335000799852 0.3702937030038467 0
1781 0.7218903537137953 0.3731633918963999 0
1782 0.7103254980496767 0.389100067107062 0
1783 0.6827937230593586 0.3699597180348551 0
1784 0.6621770097306574 0.3656843706069303 0
1785 0.7343839032279531 0.3565109318502818 0
1786 0.6537690503868531 0.3477165846647292 0
1787 0.6417740748969967 0.3633417262250015 0
1788 0.6523391739495645 0.3793092359460168 0
1789 0.5002625394326803 0.3486768020242336 0
1790 0.4881560471391644 0.3643552072367732 0
1791 0.4682436536598991 0.362609854534126 0
1792 0.4771196771387201 0.3790045553852379 0
1793 0.5080509556060183 0.3656762414629359 0
1794 0.5281093708218184 0.3676136343100581 0
1795 0.5406563560236035 0.3529344113600694 0
1796 0.1914488942413415 0.3510783555958058 0
1797 0.3659967987547463 0.2625406909863131 0
1798 0.0891365406129101 0.3373046054835751 0
1799 0.06886580524680741 0.335040014014332 0
1800 0.0606452503000805 0.3165773622593608 0
1801 0.07712499684258445 0.353612827965134 0
1802 0.05696470675219611 0.3513590846324814 0
1803 0.06519117987042433 0.3698917609766702 0
1804 0.04710021500830353 0.367051895181794 0
1805 0.03527799851267877 0.3509576294634247 0
1806 0.08519050865059086 0.3720668844942617 0
1807 0.07264750678388965 0.2999658894956909 0
1808 0.05274888387052057 0.2975429395148446 0
1809 0.04467375592062073 0.2787642954988562 0
1810 0.03722237609364298 0.3139779969819093 0
1811 0.05946032797974676 0.1391495037687554 0
1812 0.03651838577696465 0.1374887553232388 0
1813 0.04746125865839201 0.1556257234766302 0
1814 0.05603963069509788 0.1744893321742734 0
1815 2.031175577076425 0.06740966509629812 0
1816 2.023417324291651 0.04908061303947189 0
1817 2.003005806847216 0.0471794709726103 0
1818 2.016298214636383 0.03223804568418651 0
1819 2.052509326279915 0.3057603478151315 0
1820 0.04411013812197373 0.1013674280776648 0
1821 1.553810608554578 0.3360157656704564 0
1822 1.561948746391014 0.3546545138857392 0
1823 1.582728353732619 0.3565253923828529 0
1824 1.570341760000164 0.3730274258487623 0
1825 1.549411467599162 0.372094288901634 0
1826 1.558229347043125 0.3901712844670545 0
1827 1.528619262886482 0.3703057026554456 0
1828 1.514391779639499 0.3904877809606181 0
1829 1.509094381202649 0.3692158674145147 0
1830 1.495511486297363 0.3822119896583297 0
1831 1.479008709923658 0.3705081453805817 0
1832 1.46099217554219 0.3791178556448976 0
1833 1.463330217041219 0.3593660464501993 0
1834 1.445650825484944 0.3680586472933953 0
1835 1.444091498222441 0.3872761621135583 0
1836 1.426961671067425 0.3755284570454613 0
1837 1.541316779872114 0.3525226885217823 0
1838 1.594998601948519 0.340452942355324 0
1839 1.60296684135924 0.358834895349477 0
1840 1.62238657777778 0.3617466637739276 0
1841 1.609981927266572 0.3771803212010295 0
1842 1.628848264603919 0.379457215883433 0
1843 1.633594779597096 0.3460713000752264 0
1844 0.9058511977052969 0.06678166959698126 0
1845 0.3399196865462946 0.2049597568292484 0
1846 0.3195614355200398 0.2035419486338707 0
1847 1.695629784248655 0.3702256104115017 0
1848 1.934575851864468 0.3447469146324159 0
1849 1.922542620256325 0.360447941504646 0
1850 1.902266875563467 0.3586346932807417 0
1851 1.909147575094293 0.3762080967707551 0
1852 1.944487255889695 0.3627438105647309 0
1853 0.8561156592462185 0.1493741071337238 0
1854 2.079722858315108 0.09135734741504993 0
1855 0.7543121806542582 0.3586067442590394 0
1856 0.2313921490272078 0.3528048442958618 0
1857 1.102383207125635 0.0259323643059941 0
1858 0.3645518450659399 0.04667565890504885 0
1859 0.3840280111099095 0.04575953874137778 0
1860 0.387273326567366 0.0277313271243238 0
1861 2.007446907343102 0.3358521722001531 0
1862 0.5159982814756141 0.1499053984818251 0
1863 0.5078725718815582 0.1308602378706894 0
1864 1.990745670603443 0.06224261782486565 0
1865 0.7660913965844001 0.1753671924491294 0
1866 0.7781207462260371 0.1584120007861421 0
1867 0.7693000209838052 0.1394337200072125 0
1868 0.7893449625245625 0.1411812486689171 0
1869 0.7986325851256151 0.1605080264834588 0
1870 0.8106821470350045 0.1434642790719548 0
1871 1.401772668930166 0.06981064361965048 0
1872 1.668811967035919 0.07258336445227356 0
1873 1.039686968715068 0.06951523589063607 0
1874 1.052571380410394 0.05370191353817291 0
1875 0.147724666305001 0.1429279338108284 0
1876 0.5848042700314016 0.06911573013303379 0
1877 0.04835201936608979 0.3333028082093785 0
1878 0.8123367511206612 0.06999800542805704 0
1879 0.8253861220637937 0.0538671680352775 0
1880 0.8153579191438707 0.03485476539865237 0
1881 1.025687000372653 0.0325939917876803 0
1882 0.4912238031003425 0.0715564207201862 0
1883 0.4711002808040428 0.06823637135212454 0
1884 0.4841935235583062 0.05267606069575329 0
1885 0.4640437677326852 0.04977622611897034 0
1886 0.4437641201458342 0.04716505092631615 0
1887 0.5040302048083956 0.05586318218658384 0
1888 0.4968245892406178 0.03619572625755288 0
1889 0.4580598652081667 0.08394852501577139 0
1890 2.160379270943364 0.3373435166415826 0
1891 0.6984339976887948 0.06969595478121712 0
1892 0.7117724977738971 0.05404164141136866 0
1893 0.7052784947945556 0.0357568483038351 0
1894 0.7227202444915335 0.01961785039142194 0
1895 0.5706230940251958 0.03210409670122841 0
1896 0.8475293496044527 0.3517880664361301 0
1897 0.8352788728383194 0.3690842812653524 0
1898 0.8552938473094521 0.372015320220355 0
1899 0.8154125848785366 0.3649447288995809 0
1900 0.8203918532024744 0.3827329468624575 0
1901 0.8678565769072012 0.3541191149462037 0
1902 0.8753943962928975 0.3734925966121135 0
1903 0.8072586727151407 0.3472299630982543 0
1904 1.287937785582389 0.0711186004079549 0
1905 1.267828660703896 0.06817267398638427 0
1906 1.280567095002973 0.05246343972852163 0
1907 1.260148748404218 0.0497718259135774 0
1908 1.30074669969266 0.0552566529129854 0
1909 1.292310363763326 0.03353258356728411 0
1910 1.307533342422333 0.02065256582293681 0
1911 1.247527657072066 0.06535185431029453 0
1912 1.250084703608311 0.03252322383245168 0
1913 1.796236709112052 0.256645997412311 0
1914 1.804120880519834 0.07288896008309606 0
1915 1.783927924645829 0.07009318255402855 0
1916 1.79634060667475 0.05407684625780326 0
1917 1.776800305019826 0.05171949432479725 0
1918 1.764204822669366 0.06790893874808568 0
1919 1.78779753018321 0.03514539941225453 0
1920 1.767411019389399 0.0328693804869348 0
1921 1.808729814382518 0.03574384388281854 0
1922 1.816520286831378 0.05673876747961887 0
1923 1.498471793512973 0.2573034876285749 0
1924 1.487159726851698 0.274208136565714 0
1925 1.464827641216158 0.2717350207274427 0
1926 1.456417003801152 0.2524080063705147 0
1927 1.435707277379378 0.249978382307564 0
1928 1.425437187507244 0.2675675621893957 0
1929 1.659241484377825 0.3127406488548398 0
1930 1.276598442920353 0.2499745079259341 0
1931 1.265530956130436 0.269749855737187 0
1932 1.297516878426684 0.252282263225927 0
1933 1.305633919006576 0.2729122369479287 0
1934 1.325407112151637 0.2715607636519162 0
1935 1.336704826616755 0.2583654235301377 0
1936 1.890891484227777 0.2495952791856167 0
1937 1.879506954127834 0.2668355434199201 0
1938 1.91163436886411 0.2520540266877229 0
1939 1.920762775708403 0.2714283285633635 0
1940 1.097028243952229 0.248432290803451 0
1941 0.3932978345611338 0.1926716731194139 0
1942 1.594160115724456 0.2504854456682244 0
1943 1.582358869257149 0.2674725416145337 0
1944 1.615011312462126 0.2528785941226543 0
1945 1.623473857106245 0.272030374023124 0
1946 1.044099546096641 0.3534982195183571 0
1947 2.128043965907118 0.1152276350984751 0
1948 2.160148152087985 0.101603641150293 0
1949 2.15297491914881 0.08321111288704593 0
1950 2.171411966142557 0.08547890508397867 0
1951 2.181365623940877 0.1050994896099402 0
1952 0.1296377553161221 0.3416835175090482 0
1953 0.1175849749906778 0.3580210245219279 0
1954 0.1378124938649323 0.3597145873261082 0
1955 0.1241808668565478 0.3759161861994289 0
1956 0.104805207784838 0.3744622182482805 0
1957 0.09719776954283521 0.3558304151098725 0
1958 0.149899684709657 0.3438241359597402 0
1959 0.1591520090766529 0.3639688014683243 0
1960 0.5791609030390095 0.2477917822784617 0
1961 0.566793180659576 0.2647118191982801 0
1962 0.5460109405269145 0.2625797014240783 0
1963 0.5545454564753078 0.2815824731604032 0
1964 0.5373817333437021 0.2435880354170617 0
1965 0.525075542878723 0.2604381094596695 0
1966 0.5163493269449246 0.2413604205670033 0
1967 0.5125312867507951 0.2773355336272938 0
1968 0.4394928563789651 0.3421526388242445 0
1969 0.4291451854399275 0.3585526214939907 0
1970 0.4491849595237475 0.3604442143677367 0
1971 0.4600340027613171 0.3442324945852766 0
1972 0.8075486624895361 0.1798644232760383 0
1973 0.4411279671458752 0.2518849051666036 0
1974 0.4289296586098171 0.2688569585055836 0
1975 0.4082190856468747 0.2668096228688971 0
1976 0.4620050525474134 0.254049178218085 0
1977 0.4707057113764029 0.273037907588342 0
1978 0.3993705565373531 0.2477670127866518 0
1979 0.7942187529172289 0.1212193347078008 0
1980 0.1916325302628547 0.04735037451754251 0
1981 0.1714458539787267 0.04507552902574552 0
1982 1.690209315536399 0.2441219940347026 0
1983 1.696106173771939 0.26324184102795 0
1984 1.751012155931827 0.08378500303422384 0
1985 1.055992568381271 0.2438373941984811 0
1986 0.2319022253369323 0.05086889955935678 0
1987 0.2211552083483901 0.03234439437937628 0
1988 0.2518472351838306 0.05241037787677374 0
1989 0.2009334156294384 0.03174321743543426 0
1990 0.5323606824205153 0.188183956467699 0
1991 2.136707064346862 0.04663019261362764 0
1992 2.154914727520612 0.04919078992862155 0
1993 2.148038784447964 0.02963350014513277 0
1994 1.133600938038285 0.06592984192619605 0
1995 1.568659926687949 0.05861181330929879 0
1996 0.3759984954074579 0.1543231976836245 0
1997 0.9246680832968709 0.1742226551107946 0
1998 0.9372920837549452 0.1577403385592156 0
1999 0.928248705596069 0.1381853321281871 0
2000 2.165288831047067 0.1549224785733091 0
2001 2.114260125834065 0.3661959681337609 0
2002 1.873693949299345 0.3379629719753574 0
2003 1.861421807216809 0.3540845773480327 0
2004 1.868868706869477 0.3728859883324565 0
2005 1.852554982773557 0.389690040925672 0
2006 1.881855206459334 0.3562833456733898 0
2007 1.893998045918806 0.3401961638277948 0
2008 1.348145664128965 0.3476969907135236 0
2009 1.336343284974934 0.3624393600898899 0
2010 0.2770375764219799 0.01995894684450755 0
2011 1.986983332123871 0.2433437658832036 0
2012 1.974482467552319 0.260039024452913 0
2013 1.983017263005015 0.279237088306221 0
2014 1.962286205630224 0.276617615564972 0
2015 1.974529435229603 0.3488072949255689 0
2016 1.78039113566799 0.3446742288344499 0
2017 1.160926392143325 0.3449971979133258 0
2018 1.421230350908291 0.3383883799546531 0
2019 1.480986810702371 0.3479856468455867 0
2020 1.937851886537186 0.07289856352707302 0
2021 1.669181727944136 0.2412027102364599 0
2022 2.021446214760059 0.1378177181866844 0
2023 1.966091699675558 0.2406902644968258 0
2024 0.8760974925033973 0.2431248590959497 0
2025 0.1594338010576302 0.06072301753817735 0
2026 1.974675499696135 0.1681995146642664 0
2027 1.98759952855302 0.1516217677021151 0
2028 1.980465307793705 0.1321913362582627 0
2029 1.995844561904183 0.1709987173049248 0
2030 0.06023654191359196 0.2277402940344688 0
2031 0.04896055317886461 0.2436998254579285 0
2032 0.04008190390184518 0.225567356393929 0
2033 0.05653310219236407 0.2625068505382387 0
2034 0.03424647935677472 0.2582476615822244 0
2035 0.02377826950913997 0.2756661543062141 0
2036 0.2875193768354727 0.2189491307272811 0
2037 1.213727238666482 0.2431542486513609 0
2038 1.819890058661445 0.1316174503506798 0
2039 1.209759141627123 0.3678034186251308 0
2040 1.229215380518837 0.3727340576263473 0
2041 1.901106921043923 0.1761100194395278 0
2042 0.1097599672744257 0.250628779082662 0
2043 0.3783408673367574 0.2456202156625747 0
2044 2.122511807784905 0.2432427319905026 0
2045 0.636628945058038 0.2904872184736099 0
2046 1.762021157514141 0.178897605370929 0
2047 1.755101515928143 0.1591351641716229 0
2048 1.908346242478837 0.1963405662736173 0
2049 0.08689398780935731 0.07110253763596569 0
2050 1.080324208048122 0.07563259558076976 0
2051 0.1045733839000225 0.1977540873054574 0
2052 0.1127732538061957 0.1639576659665424 0
2053 0.717087080915024 0.2437986100756833 0
2054 0.6215548948743392 0.3610474773829457 0
2055 0.6116649727314829 0.3767960579286837 0
2056 0.9334401053901136 0.1934844881499892 0
2057 1.769952364203681 0.1982484654788975 0
2058 1.464703363393309 0.1804089252519183 0
2059 1.456303486760744 0.1619943410364983 0
2060 1.443894045565846 0.1779577074332616 0
2061 1.435522496180751 0.1594986172509497 0
2062 1.423125582957268 0.1755042220528964 0
2063 1.414657217096315 0.1569858297816939 0
2064 1.449658647969888 0.1453244194485207 0
2065 1.402163663860808 0.1730864557685129 0
2066 1.39390916160219 0.153746151633959 0
2067 1.051554959406925 0.1890536271649839 0
2068 1.063623814865452 0.1716319954435153 0
2069 1.083430008117857 0.1739918422977963 0
2070 1.075996864371829 0.1564825284664113 0
2071 1.096965136095988 0.1585351090706522 0
2072 1.091737690624251 0.193273437689322 0
2073 1.741192292965656 0.1762413463933158 0
2074 1.733340987213409 0.1555860936934915 0
2075 1.720108462749847 0.1737240504976966 0
2076 1.711467996075526 0.155680940420742 0
2077 1.699886288273485 0.1719049034875587 0
2078 1.6912878883226 0.1518882562970746 0
2079 1.70748867443473 0.1907121932677135 0
2080 0.7328835813036274 0.190497155528909 0
2081 0.8916700028907103 0.1892118066855905 0
2082 1.548082475063468 0.1899591110431821 0
2083 1.568176038297795 0.1928155757008578 0
2084 2.092205638804042 0.07515257220128016 0
2085 0.4129563995152109 0.194730519697794 0
2086 0.774720634693037 0.1945511347612511 0
2087 1.983100601902959 0.1877382458345799 0
2088 0.1442848067162521 0.1115324298104247 0
2089 0.478101583299579 0.2008219343002245 0
2090 1.307389421743176 0.343447351892999 0
2091 1.833057197757268 0.3330330587522321 0
2092 1.400875404942967 0.3366443552256008 0
2093 1.140588654718223 0.3426127660222088 0
2094 1.368388012048979 0.1873373287980046 0
2095 1.347436194609954 0.1849747407684568 0
2096 1.359935636573961 0.1681101906731695 0
2097 1.340528347475674 0.1658500808857687 0
2098 1.328212774940003 0.1830900334654108 0
2099 1.354586834622569 0.1496057415497823 0
2100 1.372808981169482 0.1514402279504802 0
2101 1.381109858034048 0.1705804571153787 0
2102 1.388369015116654 0.1354842738777651 0
2103 1.408572595200607 0.1388760808206823 0
2104 0.9816138077733531 0.3448243178782047 0
2105 0.9834873498050698 0.3799362871949675 0
2106 1.205079870300576 0.3145049209961917 0
2107 0.4041905638713973 0.09179552257938686 0
2108 0.649315654164015 0.1820949838689876 0
2109 0.6407059060471885 0.1634666941862754 0
2110 0.6284473001710877 0.1798807495731012 0
2111 0.6199635542641789 0.1613753943082834 0
2112 0.607553761924248 0.1777181266388181 0
2113 0.5999566761070515 0.1593237031519549 0
2114 0.3580414750317907 0.333347204550888 0
2115 0.7593366853032298 0.07947350651997012 0
2116 0.837453119154241 0.2018847038506917 0
2117 0.8528441697984882 0.07639172176871159 0
2118 2.034279819401604 0.121435578432461 0
2119 1.16134211109908 0.08796709289229832 0
2120 0.5316945437451164 0.07830359980584711 0
2121 0.9867377151600871 0.07927748985496 0
2122 1.348773703272692 0.0799830112132322 0
2123 1.616912361866839 0.08262062821413849 0
2124 1.335218374000665 0.2019700793872883 0
2125 1.25511161541045 0.08413541034773012 0
2126 1.493858993647651 0.2019992092629429 0
2127 1.771402895086847 0.08634172141511572 0
2128 1.84466986359419 0.07834476065973925 0
2129 0.107285807503016 0.07311313200659159 0
2130 1.034389166666221 0.2413924664424391 0
2131 0.1965086023364846 0.1003360617728626 0
2132 0.2172330778228555 0.1020667140573742 0
2133 2.060207670608978 0.3246826629687739 0
2134 1.410571777247457 0.1921641463970485 0
2135 0.6787312364162397 0.2032659411869465 0
2136 0.1244632250811256 0.2880625799880914 0
2137 0.3127738980520424 0.2751348411330751 0
2138 0.3009675522109795 0.07509201459375797 0
2139 0.6001087489002318 0.2499266656858345 0
2140 0.6160848236262662 0.196803450049704 0
2141 1.113119923754322 0.1931706482875503 0
2142 1.952624712806302 0.3922550396490675 0
2143 0.358654583856618 0.1165865455814326 0
2144 1.482559397238342 0.08145851523470526 0
2145 1.214352848797845 0.07807202238767738 0
2146 1.25391955615442 0.1927569853752126 0
2147 1.005715711543958 0.3107815431218305 0
2148 0.9849667764774908 0.3093757411754611 0
2149 0.2941035534968868 0.1455479888024584 0
2150 0.3062062328509862 0.1293331586468792 0
2151 0.6654482300072595 0.08224341059439208 0
2152 2.003585631060913 0.2816944143582018 0
2153 0.5741818339418741 0.1926280336551218 0
2154 0.5870454239980646 0.1759815745040693 0
2155 1.258846130610641 0.3206083209483257 0
2156 1.091286276002645 0.3198007524055391 0
2157 1.096131236055155 0.373449374456179 0
2158 1.833333333333334 0.01664048877852148 0
2159 0.1708662536474036 0.01660680754507204 0
2160 0.2682062505380773 0.3923490870951364 0
2161 0.6041781795872287 0.01736607885942598 0
2162 0.4260401927792985 0.0163883035477235 0
2163 1.336343232003659 0.3939481932059059 0
2164 0.8831811878212008 0.392268401514443 0
2165 1.578770340081448 0.01649538403984441 0
2166 0.5252318493664361 0.393383314026825 0
2167 1.534633567013418 0.01783666773574227 0
2168 1.674578194919992 0.394714892711427 0
2169 1.238735988383455 0.3922825098097596 0
2170 0.5054054054054055 0.01716446746239322 0
2171 1.714414414414414 0.3928355325376064 0
2172 1.199769488440968 0.01547986023760953 0
2173 0.8412521139923739 0.3917010414486636 0
2174 1.872972972972973 0.01605056358374191 0
2175 0.9214121138991888 0.01701737740688025 0
2176 1.811078852776814 0.3949578857627056 0
2177 0.4662570168267387 0.01687475813103981 0
2178 2.032298102220925 0.3923230422244571 0
2179 1.416798106141638 0.01778768789538496 0
2180 1.059387628875102 0.01754256197520815 0
2181 1.215582179963432 0.3893880808747769 0
2182 1.912550426559961 0.017446637213411 0
2183 0.06885520518396371 0.389734417138546 0
2184 0.9963180250658006 0.2015329962740341 0
2185 1.248648648648647 0.3755827066821119 0
2186 1.508328411888193 0.2763646187510116 0
2187 2.112739154308309 0.3138309050420587 0
2188 1.610849279034164 0.198216759480554 0
2189 0.5756397695840029 0.2833255723173885 0
2190 1.237092079286269 0.1351028218342047 0
2191 1.143149540028934 0.1389958316109045 0
2192 1.599737980667393 0.1336045300456503 0
2193 0.2567513834571321 0.1065895185696439 0
2194 0.305450694257845 0.3451772288131346 0
2195 1.155784558236041 0.1991099654629338 0
2196 2.000971758056135 0.135079110148271 0
2197 0.7391876127241739 0.07623523579185967 0
2198 1.328671681084606 0.07706235671380432 0
2199 1.596733899504478 0.07980014194146084 0
2200 1.234402993137598 0.2454714089982465 0
2201 0.7203523370232344 0.1261950828812738 0
2202 0.4572723984718644 0.1983148310747991 0
2203 1.631794991171212 0.2000235549246141 0
2204 1.790858292935573 0.2007807281402263 0
2205 1.537194137645338 0.1237260181437995 0
2206 1.79650102157601 0.2932837669942867 0
2207 1.517645138917211 0.2957129864596951 0
2208 1.364034613017178 0.296544252302377 0
2209 1.928804244831717 0.1992844608910742 0
2210 1.676867102543761 0.2603606583965026 0
2211 0.4387428880399102 0.134654309102102 0
2212 0.5969990475008412 0.3061596419027873 0
2213 0.9681450894382269 0.129998397171263 0
2214 0.6461457457649974 0.1320490992762714 0
2215 1.753806621176198 0.1374127400234462 0
2216 0.6061636546364944 0.1256647165235733 0
2217 0.5661660406954278 0.1197782236055913 0
2218 1.021701441927872 0.1203624649435709 0
2219 0.7001573623083847 0.1224817453445488 0
2220 1.081207541455366 0.1285680082784012 0
2221 1.122809075683031 0.1358856707551943 0
2222 1.290425550856189 0.125086489295487 0
2223 1.176972356123877 0.2027168974658836 0
2224 1.189285661825067 0.1849840677518022 0
2225 1.196491435558918 0.1290284098852869 0
2226 1.88042185660155 0.1187183163318046 0
2227 0.6898971635248733 0.2993288189500892 0
2228 1.713183177517229 0.1317273259563103 0
2229 1.578140251481125 0.133622906804878 0
2230 0.6178861927924608 0.3082415620063385 0
2231 2.080331056484449 0.3272871230495719 0
2232 0.9237457169607364 0.307610643048169 0
2233 1.517212896917375 0.1211136664335621 0
2234 1.652373956726541 0.123199946256445 0
2235 0.7307962192963974 0.3025477399400696 0
2236 0.4352843884883213 0.2882856660580571 0
2237 0.975399776632022 0.1992608871380493 0
2238 0.4756513157955468 0.2928355772912355 0
2239 0.7712925442987092 0.3082415044277984 0
2240 1.221883063631854 0.2622440449313657 0
2241 1.473000655498059 0.1995455609490802 0
2242 0.374228438536536 0.2814885819427517 0
2243 0.6578688813063539 0.2011497143856644 0
2244 0.03460978108597046 0.1748896623905357 0
2245 0.8164149522984052 0.1994648671567163 0
2246 1.849027188940463 0.281764519340465 0
2247 1.728250872649949 0.1931108158064892 0
2248 1.315411177122274 0.2002374547498659 0
2249 0.3212026886819203 0.2938577369359388 0
2250 1.611280462773784 0.288645685507381 0
2251 1.75603984468452 0.2885225278217889 0
2252 0.4494333809395896 0.2708310022622318 0
2253 0.9886634870758571 0.274042905652827 0
2254 2.069644401614934 0.2540123548442906 0
2255 2.078347915072934 0.1818123879567103 0
2256 0.49161256238952 0.2748675971948419 0
2257 1.635095293353517 0.1750799136918398 0
2258 1.97111835611009 0.2959524023869053 0
2259 2.049152929000825 0.2513612258623755 0
2260 0.3282390295023183 0.2224445085729737 0
2261 0.9541970424023036 0.1453884913443489 0
2262 0.01616565403206049 0.3610695919763751 0
2263 0.01700134983776902 0.1271360069819558 0
2264 0.0193042889693118 0.0487190238869557 0
2265 0.0161399557062416 0.185030636722107 0
2266 0.01690811502626732 0.3221428571428572 0
2267 0.01690811502626755 0.1464285714285714 0
2268 0.01999631431886861 0.2245834862043145 0
2269 2.183770844279983 0.04714216695843873 0
2270 2.183856985371043 0.1461697911459041 0
2271 2.182755375889078 0.1848776089512209 0
2272 2.183399563328322 0.2245006408647626 0
2273 1.156475785682967 0.2912719886480693 0
2274 1.356567156258974 0.2781621633352002 0
2275 0.2590339648227313 0.2851140254822025 0
2276 0.4151441223339516 0.2859978317271603 0
2277 1.43134109032851 0.1947007357875313 0
2278 0.386823032069713 0.2646596655290277 0
2279 2.013830159781389 0.1187276128014209 0
2280 0.5648648648648641 0.3929498304181067 0
2281 0.5566034084481543 0.3017708412879139 0
2282 1.926885947148714 0.1431677573563681 0
2283 0.5166019875787368 0.2971813732752337 0
2284 1.60284796819 0.2696453655877924 0
2285 1.136013125966563 0.2890459307615346 0
2286 0.786787734117516 0.1776247690493984 0
2287 1.940019644358158 0.1267307245383107 0
2288 1.900316298093692 0.1211278826397311 0
2289 1.672652388225123 0.1259388458622883 0
2290 0.5339212702787024 0.2791608102391125 0
2291 1.310566083205214 0.1279239932437533 0
2292 1.21684023567615 0.1320865704522402 0
2293 2.041273331813683 0.2323514921750261 0
2294 1.041868595808395 0.1233731888071685 0
2295 2.092034653287517 0.01834622882277884 0
2296 1.950367735438071 0.2932268253504324 0
2297 0.2924012000769363 0.2729149953265334 0
2298 0.5732543733696464 0.1386592912749144 0
2299 0.2831660894883442 0.3411093162284796 0
2300 0.09112311496367687 0.03608066215205616 0
2301 2.033224025286046 0.2130431873313036 0
2302 2.06380172303874 0.3775667945481376 0
2303 1.118466059790004 0.2505502914933809 0
2304 2.086720392056709 0.2028485614386844 0
2305 1.570503939089819 0.2841462755679627 0
2306 0.8146535487223847 0.1209351153580695 0
2307 1.210425045145362 0.1879046735885569 0
2308 1.316944056613655 0.145866771582475 0
2309 1.973246034528372 0.1130690933892661 0
2310 1.049269079753077 0.1403132891718257 0
2311 0.9804747024289991 0.2557303875342455 0
2312 1.941176886333773 0.2737526486528861 0
2313 1.087128621524905 0.2661468310020557 0
2314 0.2877324746139484 0.3932477441982213 0
2315 1.533105322130758 0.243700103500036 0
2316 0.3994497955094156 0.3376867662588271 0
2317 0.2751123532336285 0.3226565597444658 0
2318 1.239463299333008 0.0157764953175302 0
2319 0.9455136537213322 0.1768261781328522 0
2320 1.909747511282654 0.2885436361608351 0
2321 2.129902888389132 0.2626404611425107 0
2322 2.043628726111466 0.3754384701721512 0
2323 1.794090228001377 0.01680596470149759 0
2324 0.5454960846419361 0.1715481625873165 0
2325 1.224483225772168 0.151192427595677 0
2326 2.092796736809555 0.3110626606295332 0
2327 0.1095180215937519 0.3932478997849735 0
2328 0.764078550917115 0.01546096282382411 0
2329 0.8958199458818745 0.374644216768785 0
2330 1.976103261626115 0.02695589407832152 0
2331 1.900036208874335 0.2688534516057757 0
2332 0.1200214087376674 0.1447170867101616 0
2333 1.385876172456838 0.03296856947814839 0
2334 2.125058669763682 0.2976754305230054 0
2335 0.8327722766747472 0.1472991517198015 0
2336 0.4762730561199593 0.03442106732543795 0
2337 1.868982617901763 0.284071964635222 0
2338 0.8224363770468966 0.2957012676463429 0
2339 2.049072849339235 0.01728277895319377 0
2340 1.830695818892043 0.2423587612751935 0
2341 0.9161082741296326 0.2894030829945884 0
2342 0.3211231507834599 0.3807689260245856 0
2343 2.117639739253177 0.2787072331926171 0
2344 1.74151407375379 0.06418191646133778 0
2345 1.463792844535946 0.1305757018529274 0
2346 1.12739985407696 0.2699594865100546 0
2347 2.18286531485415 0.3031580993537115 0
2348 2.162818039120654 0.067422522966402 0
2349 0.2276727114156697 0.2978960357828471 0
2350 1.740375785928032 0.2522865568701568 0
2351 1.476252555448935 0.2912385338118321 0
2352 0.2803097542052199 0.28905944729389 0
2353 1.787878888681715 0.2747189077716564 0
2354 1.767183470658299 0.2715737632078785 0
2355 1.901661994748898 0.03382116950142219 0
2356 0.01601790781791634 0.08839490233131694 0
2357 1.590688916992004 0.3744652085300334 0
2358 1.455151292939994 0.2885535214860482 0
2359 1.67835162861768 0.3152009031107142 0
2360 0.5901155006642742 0.03530248410501868 0
2361 1.736417298987528 0.3715019887784292 0
2362 1.445443330783111 0.2694775590486203 0
2363 1.045746294464278 0.03468961311903965 0
2364 1.231949455744075 0.1700512887311631 0
2365 1.380367158888437 0.2463689277237154 0
2366 0.8236625254641665 0.01714107716178112 0
2367 0.5662707201087844 0.1739832325440019 0
2368 0.2426558152886813 0.121073569303678 0
2369 1.415171604406474 0.2847391834053977 0
2370 1.562107382745343 0.2652400155458193 0
2371 2.166505650505938 0.2156028207313465 0
2372 0.9098795000912118 0.03286596640527031 0
2373 1.285811565291822 0.2660179130547495 0
2374 1.120658940213909 0.3937521902497624 0
2375 1.888674915433494 0.3751526670112557 0
2376 0.7411858622094725 0.375048115758714 0
2377 0.5911460942490294 0.3754291711448439 0
2378 1.30301417901738 0.2932623740296296 0
2379 1.251165061563751 0.1729095570717037 0
2380 0.4087366183856715 0.3565975830256134 0
2381 1.432747809921615 0.355308553607394 0
2382 0.8535723823021142 0.1297416170048321 0
2383 2.16976113688235 0.3902702884820637 0
2384 0.02960404454885546 0.391907540284534 0
2385 0.02874984990500229 0.01551462691160152 0
2386 0.3831120895405942 0.08577703020275299 0
2387 1.323156663894879 0.2902498445378227 0
2388 0.2413657553235745 0.03409337017378486 0
2389 1.654710757783872 0.01378484768156549 0
2390 2.069445151157814 0.1628576807020147 0
2391 2.184266815099252 0.0292857142857143 0
2392 1.27769442104757 0.3931689147221064 0
2393 1.553496790631461 0.2459698032498381 0
2394 1.461389925021524 0.3414064447141847 0
2395 0.6626245543809457 0.3944848452582195 0
2396 1.270776986182035 0.03380865123076335 0
2397 1.578017609154192 0.3918389068079093 0
2398 0.03223396791884059 0.2932201080670835 0
2399 1.159270073585346 0.01367358713096153 0
2400 0.06902157702462919 0.01358317718699312 0
2401 1.066871971361487 0.2634285643957692 0
2402 0.4578639183925624 0.3782897787078576 0
2403 1.520481037023439 0.03485633085540202 0
2404 2.082714482299338 0.1455693475231257 0
2405 1.27551443567108 0.1952097867714847 0
2406 1.874793372714546 0.3926994619428209 0
2407 0.3001902465099797 0.3778784275486951 0
2408 0.1621120128118536 0.2797009928152789 0
2409 1.960055743217016 0.1295884324999781 0
2410 0.450660281752559 0.1761742011650408 0
2411 1.521406173385709 0.3506589376326817 0
2412 0.3006705908076185 0.2025655440465325 0
2413 0.5799939092134603 0.1572234738519559 0
2414 0.131227939928879 0.3932515311676711 0
2415 0.9227549120908592 0.3943007393948469 0
2416 0.0321897661643642 0.1152181845911689 0
2417 0.2728586600984836 0.1620067875199903 0
2418 2.072025330489982 0.3943561895115839 0
2419 1.082114825403562 0.3919270449334084 0
2420 1.290098077688848 0.1792093954941973 0
2421 1.775318720777777 0.01671555853664164 0
2422 1.376535365351748 0.01615955418906234 0
2423 2.166533109787112 0.1195371551702819 0
2424 0.8900379889089003 0.03083498925317296 0
2425 0.5929514113479136 0.1412676889223144 0
2426 2.03619557726469 0.03395259767935693 0
2427 0.794497131958823 0.03271658665993715 0
2428 1.73444204184482 0.01555779095939749 0
2429 0.8870045345382445 0.1165017144406651 0
2430 0.4449980507180371 0.1552534644717063 0
2431 2.184654998492158 0.3614540296135768 0
2432 1.616182521546852 0.3946869463897352 0
2433 0.174892210019219 0.1291419639010132 0
2434 1.915884069877091 0.3931027497387733 0
2435 1.907263219324344 0.1401769851177365 0
2436 1.754671114044426 0.3964299184668008 0
2437 0.972731778360684 0.3277598477733247 0
2438 0.2284946887966454 0.01557557529464068 0
2439 1.881740910084235 0.03229071319866042 0
2440 0.7002551930473915 0.01714001764361572 0
2441 1.142449944789179 0.3935876867079682 0
2442 0.6029908938542718 0.3931673452399176 0
2443 0.4554153222738453 0.0325698194155648 0
2444 0.7664311280749546 0.3943959038906303 0
2445 1.89465168736327 0.156245188639774 0
2446 0.04962836355685152 0.03674375909760449 0
2447 0.1769341771506856 0.3622881640487633 0
2448 1.297328284153101 0.3939528910687483 0
2449 1.882099998481946 0.1730836589552498 0
2450 0.4669073661592417 0.394283950021059 0
2451 1.01935008445382 0.01515415288016353 0
2452 0.6125725060015076 0.1439640427825515 0
2453 0.4759124040620799 0.1454149053315371 0
2454 1.869019644033161 0.1897742907995624 0
2455 1.860127669932398 0.264289331833041 0
2456 0.03424430772516596 0.2088057905417022 0
2457 0.4273073296191452 0.3938838161221345 0
2458 0.5637213516882593 0.01490173272634179 0
2459 0.9075131575763065 0.1408638765974571 0
2460 0.8330340889783124 0.279133458335078 0
2461 0.377347866152871 0.1197305240941512 0
2462 1.357009776957097 0.01527264360852143 0
2463 1.633394509264319 0.03608361154952963 0
2464 0.01498601409791456 0.2611897954535872 0
2465 1.70329742562271 0.05951504062794574 0
2466 0.9760170219414736 0.2929790959245765 0
2467 0.6854660269187467 0.0328752165296641 0
2468 1.266434101546986 0.3736200097051489 0
2469 1.851186575873904 0.244888091891388 0
2470 0.1052960872931386 0.01853026552994408 0
2471 1.138472642118163 0.03559792263369357 0
2472 0.4866134436494954 0.3943589336092256 0
2473 1.259090598233262 0.01590588448651614 0
2474 0.8237933626473666 0.2586146576170457 0
2475 0.1460756284691926 0.3755682023653806 0
2476 0.3555979000696315 0.0303420973862564 0
2477 1.349205060156298 0.1318960133153296 0
2478 0.6324601090067008 0.1468120621585484 0
2479 0.9417059257193989 0.3955626942059869 0
2480 1.590579067078672 0.1485761713575507 0
2481 1.399967639790179 0.3943772554947002 0
2482 0.4890904852427677 0.1286265452282043 0
2483 0.03093372480498924 0.3324095916928472 0
2484 2.09130425942358 0.3944530996905407 0
2485 1.493914744173663 0.01610919270708067 0
2486 0.7426809078240659 0.2635218543410272 0
2487 1.776835912723629 0.3747477595408356 0
2488 0.1675825843536742 0.3946396073585923 0
2489 2.168663058405862 0.1753345362726961 0
2490 1.32599033541245 0.377803202696568 0
2491 0.9290430913325963 0.1193441174592007 0
2492 0.4389573649054272 0.3768221469429081 0
2493 0.2090731822137908 0.01529455454447759 0
2494 0.7634594066878432 0.2911109746953683 0
2495 0.1994155781388747 0.2831277027552402 0
2496 2.187385020907694 0.2647057653511556 0
2497 1.493436620967624 0.3622486295639956 0
2498 1.15676791441303 0.377105122310299 0
2499 0.6324496811193617 0.3786724883880142 0
2500 0.7267199944358878 0.3938203692324906 0
2501 1.459257314498315 0.3959365881232891 0
2502 1.930354704981199 0.3762278283902726 0
2503 1.635656227016523 0.3955071843167847 0
2504 2.16736481572796 0.03652021489065968 0
2505 1.113766293958609 0.1512162628793736 0
2506 0.6532661893888171 0.1494615617481701 0
2507 2.008855132999889 0.01576933203486974 0
2508 1.238734184824716 0.3552608777155721 0
2509 1.406079140124931 0.2649687186252131 0
2510 0.9666577835259552 0.1829920177370774 0
2511 0.4352178774842901 0.03079892394569453 0
2512 0.7836451400351014 0.3975459635433807 0
2513 1.384126765519879 0.1175563854181537 0
2514 0.1222639129868116 0.2015077664540549 0
2515 1.756675811152218 0.0493720874825371 0
2516 1.790577033626251 0.145097052430419 0
2517 0.8806584609114904 0.01516321863546266 0
2518 0.2595809808548029 0.1510811945823944 0
2519 1.57953468185768 0.1773232836241267 0
2520 1.804106222263994 0.1263850657354569 0
2521 0.03048113111477257 0.1560770187142714 0
2522 0.3853038356568105 0.1388696612047903 0
2523 0.3267910104187822 0.01484201792810858 0
2524 1.397137083349854 0.2444493559431453 0
2525 1.230269520116842 0.3367496013492009 0
2526 1.32539644569579 0.02622180932335674 0
2527 1.86218552744185 0.03095459853598306 0
2528 0.7838635996622776 0.01609184006308018 0
2529 0.3270284870174677 0.1646683431821832 0
2530 0.1659544537081368 0.296051009650426 0
2531 0.1869457870195305 0.2975312295007048 0
2532 1.001005408667897 0.3759923960948683 0
2533 0.2916751934904719 0.02476207608086192 0
2534 0.03302590632558067 0.03294177832312289 0
2535 1.429434547687888 0.1415980768892435 0
2536 2.149341103434852 0.01248442270523539 0
2537 0.9875849919837342 0.1853913519321572 0
2538 0.8601379700376472 0.01507149643314076 0
2539 0.6751412853338972 0.1515408196172443 0
2540 1.230436825222833 0.03139406435942302 0
2541 1.403474480762646 0.1206863955333753 0
2542 1.756963652146275 0.2502437904536475 0
2543 0.8992669487195333 0.28712157138053 0
2544 1.368602395247561 0.1338806529847901 0
2545 0.999692635696583 0.01531587153205446 0
2546 2.101620624676386 0.3798375679950859 0
2547 0.1545941132292468 0.1281554777843898 0
2548 1.677908030125588 0.05759000634235462 0
2549 0.4968022546765667 0.3796513708197014 0
2550 1.639828085414726 0.3637283351521117 0
2551 0.695402386158593 0.1532272072159028 0
2552 0.346701768052311 0.01510584339037868 0
2553 1.242134048838437 0.3206518676873032 0
2554 1.615642440800386 0.01245849760893705 0
2555 1.100399968971026 0.1780925025100409 0
2556 0.1820649447525131 0.03199186900886647 0
2557 0.3118741779667444 0.188479629079735 0
2558 1.345458831245084 0.0293408419559105 0
2559 1.347027982728529 0.379510088429496 0
2560 0.9524736442946898 0.3790675212991156 0
2561 1.676914123987668 0.1423963000636339 0
2562 0.9805934110094917 0.3965156163626448 0
2563 1.443435689907774 0.1272811785402142 0
2564 1.683084901141379 0.1724157350545805 0
2565 0.544444556682245 0.01433467997679219 0
2566 1.409840127699735 0.3786632687271663 0
2567 1.000851206960421 0.169366184138161 0
2568 1.469530741171188 0.1483718203348671 0
2569 1.669839041422178 0.1843323557222131 0
2570 1.254162649537718 0.304284331429471 0
2571 0.6623142473033934 0.01314117759022471 0
2572 1.665421771343797 0.3804404439030017 0
2573 0.03254518470956569 0.2398863065561612 0
2574 1.651352293471561 0.3482009384624499 0
2575 1.309387471752341 0.1810963706139079 0
2576 0.6540613042211983 0.293761569323472 0
2577 1.793983908132442 0.3977017769031733 0
2578 0.393744251919429 0.1585791641594308 0
2579 0.6431537539763004 0.3944219146215113 0
2580 0.3285219252097591 0.3962367918907814 0
2581 1.266384199272017 0.2881235977672793 0
2582 1.746821940919341 0.03206710919705649 0
2583 1.118457201326665 0.01325676255436084 0
2584 0.8034108947503376 0.3767278542762057 0
2585 1.041531581647371 0.3755548636306943 0
2586 0.0298067361710892 0.3712736752205572 0
2587 1.3357202358337 0.1477513172270764 0
2588 1.491464802995744 0.1505277859801707 0
2589 1.480001135807805 0.03118412076507168 0
2590 1.179046794087036 0.3980952621565286 0
2591 1.023140183100624 0.1710026393991289 0
2592 0.8709172921976921 0.1338099906125095 0
2593 1.322578205767466 0.1643897030157309 0
2594 1.664405266133739 0.3317091605657054 0
2595 1.694182490037786 0.01258867392056323 0
2596 1.511398215804004 0.1523302853293416 0
2597 0.1331910937734651 0.27363115906309 0
2598 1.996049557374919 0.03004585722092135 0
2599 2.170269175725204 0.2337896617020852 0
2600 1.646567163068587 0.379497359460039 0
2601 1.045422712491393 0.1720103954791294 0
2602 2.187972740227874 0.3221428571428572 0
2603 0.3864864864864872 0.01210615171708909 0
2604 0.7074478393665589 0.1389533929426402 0
2605 1.019949738118585 0.3976575645026026 0
2606 1.172064742905915 0.1872082446022793 0
2607 0.3720395583814429 0.03337219088895249 0
2608 1.601908567996573 0.1827115010316909 0
2609 0.1633750419046411 0.03147348938396449 0
2610 0.7532084392665557 0.1413056609516847 0
2611 1.695251837464393 0.31780519036615 0
2612 1.523308583005507 0.137853096497216 0
2613 1.841987481866016 0.02995448997231803 0
2614 2.187639745437185 0.08738166320977794 0
2615 1.36699307427014 0.3821460136788861 0
2616 0.7554544318254269 0.03056614552573197 0
2617 1.622971393593128 0.1862019732415011 0
2618 1.05721159600881 0.1561243847392466 0
2619 2.128711416904085 0.03249288108731843 0
2620 0.03142596467653291 0.06289980738859957 0
2621 1.543390417961525 0.1402646112257697 0
2622 1.721822548176186 0.06729313283355359 0
2623 1.642105859954731 0.188580114836286 0
2624 0.6694941870111488 0.3796393903653963 0
2625 0.4171437783964478 0.02923888565479618 0
2626 2.185677891303401 0.395759000886415 0
2627 0.01396131488906804 0.3959697801827221 0
2628 0.01432210869659878 0.01424099911358498 0
2629 0.3176064975563279 0.02893733187308264 0
2630 0.5164812758027768 0.3803507086276038 0
2631 1.685047513000087 0.3814175775359813 0
2632 2.185769461621216 0.01414804045212625 0
2633 0.4010422306048834 0.1774507094479092 0
2634 1.707994564098641 0.3037309957646648 0
2635 1.209835679926612 0.02947848886826746 0
2636 1.449470861241597 0.3526603295983398 0
2637 2.172499623909948 0.3720644455575999 0
2638 0.725777131317351 0.1408665058092501 0
2639 0.01423547493616728 0.287724386521637 0
2640 1.293735834626301 0.01432676874821373 0
2641 1.563745356009792 0.1430383397221071 0
2642 2.171233070790373 0.1366754602627792 0
2643 1.818603460900178 0.3794803843894382 0
2644 1.592321023365112 0.0314030461736039 0
2645 0.2048238062034345 0.3646157583183861 0
2646 0.2155697224609627 0.2851279129752821 0
2647 0.02840582277899451 0.09784780454314847 0
2648 0.02912435585336692 0.1945043693831949 0
2649 0.5351230398607837 0.02867199685115276 0
2650 1.701636409195281 0.282918194790285 0
2651 0.9907290892134926 0.02920209769339047 0
2652 1.068160256525198 0.1418433088713291 0
2653 0.3474664381807482 0.3966119115683947 0
2654 1.12639049752784 0.1847746246935597 0
2655 0.7462167792451222 0.2912065459197272 0
2656 0.6946630591034368 0.3855756271671721 0
2657 1.197898340633738 0.3791202934128095 0
2658 0.1386240344872738 0.02497705993616328 0
2659 0.4202111551844461 0.1800414933621252 0
2660 0.8223711959144435 0.3986304341993626 0
2661 0.3951567328784388 0.05718975915389679 0
2662 0.2630608666770076 0.01408485765079384 0
2663 1.086374057046308 0.1442340987319772 0
2664 0.7593873464877612 0.2420420501460855 0
2665 0.0412866870857207 0.381028336126063 0
2666 0.1269583401522264 0.1706164539159445 0
2667 0.8520131810344572 0.02837132364786063 0
2668 1.319314389344476 0.01160963361660053 0
2669 0.7951347497155481 0.2490594815900899 0
2670 1.972417130252677 0.01117729295964623 0
2671 1.100000000000002 0.01073067299361716 0
2672 1.711014367584923 0.2689161408301776 0
2673 1.496168319533697 0.3977943301937752 0
2674 1.145111192490505 0.1872415059411526 0
2675 0.2431729160476687 0.2866998071142596 0
2676 1.704504504504504 0.3820579631014526 0
2677 1.727325863197184 0.2449337191952821 0
2678 0.8864594216116554 0.2790456153451054 0
2679 1.372628556270021 0.3968413249204467 0
2680 0.1589425669129567 0.3824762575543945 0
2681 1.340356903984363 0.2782265664467193 0
2682 1.945411958799529 0.3778017234848944 0
2683 1.431198949951069 0.3961483608685027 0
2684 0.3029526569404875 0.1581050023694865 0
2685 1.823423423423423 0.02772544925469797 0
2686 0.5345297719805604 0.3820436079872506 0
2687 0.3566073221444886 0.3824764587904552 0
2688 0.05420153871930622 0.3800621691035431 0
2689 0.644362540008159 0.01078551994861796 0
2690 0.9681947875564196 0.3808234698959106 0
2691 1.702728773527423 0.1415090462032962 0
2692 1.572965315936993 0.0310551900381715 0
2693 0.2270006433393041 0.1154665152716225 0
2694 2.110933802428476 0.01096144638697283 0
2695 0.758173489398279 0.1287718038771959 0
2696 0.882904894510961 0.3086531351312836 0
2697 0.7011574395461395 0.2893007750719987 0
2698 2.169939696163853 0.05405269460957016 0
2699 2.171361755643847 0.2885530466361679 0
2700 1.351715290461701 0.2631292092780736 0
2701 0.7367761022295458 0.0299407800858017 0
2702 0.289231076560019 0.01173469007364966 0
2703 0.1922229476368305 0.1292830548702763 0
2704 0.1337842931829971 0.143437452435167 0
2705 0.7214290277953765 0.2914974815792177 0
2706 2.118852838191555 0.3810482255302042 0
2707 1.191546117318018 0.02866853849024412 0
2708 1.837497044075203 0.3791761087158154 0
2709 1.367559316185455 0.2389254610453477 0
2710 1.96293982295609 0.3596158524668629 0
2711 1.833540617232931 0.1268995389760656 0
2712 1.177420113045842 0.1744863492000487 0
2713 1.721845226595832 0.1435837397992396 0
2714 0.6809684418899781 0.2871475906789897 0
$EndNodes
$Elements
5428
1 1 2 1 1 1 6
2 1 2 1 1 6 7
3 1 2 1 1 7 8
4 1 2 1 1 8 9
5 1 2 1 1 9 10
6 1 2 1 1 10 11
7 1 2 1 1 11 12
8 1 2 1 1 12 13
9 1 2 1 1 13 14
10 1 2 1 1 14 15
11 1 2 1 1 15 16
12 1 2 1 1 16 17
13 1 2 1 1 17 18
14 1 2 1 1 18 19
15 1 2 1 1 19 20
16 1 2 1 1 20 21
17 1 2 1 1 21 22
18 1 2 1 1 22 23
19 1 2 1 1 23 24
20 1 2 1 1 24 25
21 1 2 1 1 25 26
22 1 2 1 1 26 27
23 1 2 1 1 27 28
24 1 2 1 1 28 29
25 1 2 1 1 29 30
26 1 2 1 1 30 31
27 1 2 1 1 31 32
28 1 2 1 1 32 33
29 1 2 1 1 33 34
30 1 2 1 1 34 35
31 1 2 1 1 35 36
32 1 2 1 1 36 37
33 1 2 1 1 37 38
34 1 2 1 1 38 39
35 1 2 1 1 39 40
36 1 2 1 1 40 41
37 1 2 1 1 41 42
38 1 2 1 1 42 43
39 1 2 1 1 43 44
40 1 2 1 1 44 45
41 1 2 1 1 45 46
42 1 2 1 1 46 47
43 1 2 1 1 47 48
44 1 2 1 1 48 49
45 1 2 1 1 49 50
46 1 2 1 1 50 51
47 1 2 1 1 51 52
48 1 2 1 1 52 53
49 1 2 1 1 53 54
50 1 2 1 1 54 55
51 1 2 1 1 55 56
52 1 2 1 1 56 57
53 1 2 1 1 57 58
54 1 2 1 1 58 59
55 1 2 1 1 59 60
56 1 2 1 1 60 61
57 1 2 1 1 61 62
58 1 2 1 1 62 63
59 1 2 1 1 63 64
60 1 2 1 1 64 65
61 1 2 1 1 65 66
62 1 2 1 1 66 67
63 1 2 1 1 67 68
64 1 2 1 1 68 69
65 1 2 1 1 69 70
66 1 2 1 1 70 71
67 1 2 1 1 71 72
68 1 2 1 1 72 73
69 1 2 1 1 73 74
70 1 2 1 1 74 75
71 1 2 1 1 75 76
72 1 2 1 1 76 77
73 1 2 1 1 77 78
74 1 2 1 1 78 79
75 1 2 1 1 79 80
76 1 2 1 1 80 81
77 1 2 1 1 81 82
78 1 2 1 1 82 83
79 1 2 1 1 83 84
80 1 2 1 1 84 85
81 1 2 1 1 85 86
82 1 2 1 1 86 87
83 1 2 1 1 87 88
84 1 2 1 1 88 89
85 1 2 1 1 89 90
86 1 2 1 1 90 91
87 1 2 1 1 91 92
88 1 2 1 1 92 93
89 1 2 1 1 93 94
90 1 2 1 1 94 95
91 1 2 1 1 95 96
92 1 2 1 1 96 97
93 1 2 1 1 97 98
94 1 2 1 1 98 99
95 1 2 1 1 99 100
96 1 2 1 1 100 101
97 1 2 1 1 101 102
98 1 2 1 1 102 103
99 1 2 1 1 103 104
100 1 2 1 1 104 105
101 1 2 1 1 105 106
102 1 2 1 1 106 107
103 1 2 1 1 107 108
104 1 2 1 1 108 109
105 1 2 1 1 109 110
106 1 2 1 1 110 111
107 1 2 1 1 111 112
108 1 2 1 1 112 113
109 1 2 1 1 113 114
110 1 2 1 1 114 115
111 1 2 1 1 115 2
112 1 2 2 2 2 116
113 1 2 2 2 116 117
114 1 2 2 2 117 118
115 1 2 2 2 118 119
116 1 2 2 2 119 120
117 1 2 2 2 120 121
118 1 2 2 2 121 122
119 1 2 2 2 122 123
120 1 2 2 2 123 124
121 1 2 2 2 124 125
122 1 2 2 2 125 126
123 1 2 2 2 126 127
124 1 2 2 2 127 128
125 1 2 2 2 128 129
126 1 2 2 2 129 130
127 1 2 2 2 130 131
128 1 2 2 2 131 132
129 1 2 2 2 132 133
130 1 2 2 2 133 134
131 1 2 2 2 134 135
132 1 2 2 2 135 3
133 1 2 3 3 3 136
134 1 2 3 3 136 137
135 1 2 3 3 137 138
136 1 2 3 3 138 139
137 1 2 3 3 139 140
138 1 2 3 3 140 141
139 1 2 3 3 141 142
140 1 2 3 3 142 143
141 1 2 3 3 143 144
142 1 2 3 3 144 145
143 1 2 3 3 145 146
144 1 2 3 3 146 147
145 1 2 3 3 147 148
146 1 2 3 3 148 149
147 1 2 3 3 149 150
148 1 2 3 3 150 151
149 1 2 3 3 151 152
150 1 2 3 3 152 153
151 1 2 3 3 153 154
152 1 2 3 3 154 155
153 1 2 3 3 155 156
154 1 2 3 3 156 157
155 1 2 3 3 157 158
156 1 2 3 3 158 159
157 1 2 3 3 159 160
158 1 2 3 3 160 161
159 1 2 3 3 161 162
160 1 2 3 3 162 163
161 1 2 3 3 163 164
162 1 2 3 3 164 165
163 1 2 3 3 165 166
164 1 2 3 3 166 167
165 1 2 3 3 167 168
166 1 2 3 3 168 169
167 1 2 3 3 169 170
168 1 2 3 3 170 171
169 1 2 3 3 171 172
170 1 2 3 3 172 173
171 1 2 3 3 173 174
172 1 2 3 3 174 175
173 1 2 3 3 175 176
174 1 2 3 3 176 177
175 1 2 3 3 177 178
176 1 2 3 3 178 179
177 1 2 3 3 179 180
178 1 2 3 3 180 181
179 1 2 3 3 181 182
180 1 2 3 3 182 183
181 1 2 3 3 183 184
182 1 2 3 3 184 185
183 1 2 3 3 185 186
184 1 2 3 3 186 187
185 1 2 3 3 187 188
186 1 2 3 3 188 189
187 1 2 3 3 189 190
188 1 2 3 3 190 191
189 1 2 3 3 191 192
190 1 2 3 3 192 193
191 1 2 3 3 193 194
192 1 2 3 3 194 195
193 1 2 3 3 195 196
194 1 2 3 3 196 197
195 1 2 3 3 197 198
196 1 2 3 3 198 199
197 1 2 3 3 199 200
198 1 2 3 3 200 201
199 1 2 3 3 201 202
200 1 2 3 3 202 203
201 1 2 3 3 203 204
202 1 2 3 3 204 205
203 1 2 3 3 205 206
204 1 2 3 3 206 207
205 1 2 3 3 207 208
206 1 2 3 3 208 209
207 1 2 3 3 209 210
208 1 2 3 3 210 211
209 1 2 3 3 211 212
210 1 2 3 3 212 213
211 1 2 3 3 213 214
212 1 2 3 3 214 215
213 1 2 3 3 215 216
214 1 2 3 3 216 217
215 1 2 3 3 217 218
216 1 2 3 3 218 219
217 1 2 3 3 219 220
218 1 2 3 3 220 221
219 1 2 3 3 221 222
220 1 2 3 3 222 223
221 1 2 3 3 223 224
222 1 2 3 3 224 225
223 1 2 3 3 225 226
224 1 2 3 3 226 227
225 1 2 3 3 227 228
226 1 2 3 3 228 229
227 1 2 3 3 229 230
228 1 2 3 3 230 231
229 1 2 3 3 231 232
230 1 2 3 3 232 233
231 1 2 3 3 233 234
232 1 2 3 3 234 235
233 1 2 3 3 235 236
234 1 2 3 3 236 237
235 1 2 3 3 237 238
236 1 2 3 3 238 239
237 1 2 3 3 239 240
238 1 2 3 3 240 241
239 1 2 3 3 241 242
240 1 2 3 3 242 243
241 1 2 3 3 243 244
242 1 2 3 3 244 245
243 1 2 3 3 245 4
244 1 2 4 4 4 246
245 1 2 4 4 246 247
246 1 2 4 4 247 248
247 1 2 4 4 248 249
248 1 2 4 4 249 250
249 1 2 4 4 250 251
250 1 2 4 4 251 252
251 1 2 4 4 252 253
252 1 2 4 4 253 254
253 1 2 4 4 254 255
254 1 2 4 4 255 256
255 1 2 4 4 256 257
256 1 2 4 4 257 258
257 1 2 4 4 258 259
258 1 2 4 4 259 260
259 1 2 4 4 260 261
260 1 2 4 4 261 262
261 1 2 4 4 262 263
262 1 2 4 4 263 264
263 1 2 4 4 264 265
264 1 2 4 4 265 1
265 1 2 5 5 5 266
266 1 2 5 5 266 267
267 1 2 5 5 267 268
268 1 2 5 5 268 269
269 1 2 5 5 269 270
270 1 2 5 5 270 271
271 1 2 5 5 271 272
272 1 2 5 5 272 273
273 1 2 5 5 273 274
274 1 2 5 5 274 275
275 1 2 5 5 275 276
276 1 2 5 5 276 277
277 1 2 5 5 277 278
278 1 2 5 5 278 279
279 1 2 5 5 279 280
280 1 2 5 5 280 281
281 1 2 5 5 281 282
282 1 2 5 5 282 283
283 1 2 5 5 283 284
284 1 2 5 5 284 5
285 2 2 10 1 1267 2042 1549
286 2 2 10 1 236 1651 235
287 2 2 10 1 1516 2224 1264
288 2 2 10 1 12 2658 1599
289 2 2 10 1 1516 2307 2224
290 2 2 10 1 459 2474 457
291 2 2 10 1 380 1576 193
292 2 2 10 1 893 1868 1867
293 2 2 10 1 1095 1863 918
294 2 2 10 1 1898 2173 1897
295 2 2 10 1 2040 2181 2039
296 2 2 10 1 1600 1601 668
297 2 2 10 1 1601 1621 668
298 2 2 10 1 1197 1541 1061
299 2 2 10 1 1603 2386 2107
300 2 2 10 1 1833 2019 1831
301 2 2 10 1 893 1979 1868
302 2 2 10 1 1646 1650 1648
303 2 2 10 1 1303 2518 1566
304 2 2 10 1 975 2215 2074
305 2 2 10 1 890 2335 1870
306 2 2 10 1 2074 2215 2047
307 2 2 10 1 1678 2366 307
308 2 2 10 1 1870 2306 890
309 2 2 10 1 1346 2518 1303
310 2 2 10 1 1438 1517 1439
311 2 2 10 1 12 1599 11
312 2 2 10 1 1810 2266 347
313 2 2 10 1 2300 2470 1488
314 2 2 10 1 1506 1596 610
315 2 2 10 1 193 1576 192
316 2 2 10 1 473 1555 471
317 2 2 10 1 469 1600 467
318 2 2 10 1 291 1827 1825
319 2 2 10 1 1764 2576 1763
320 2 2 10 1 315 2171 1499
321 2 2 10 1 1676 2170 317
322 2 2 10 1 610 2669 1506
323 2 2 10 1 935 2261 1999
324 2 2 10 1 2019 2497 1831
325 2 2 10 1 1510 1607 393
326 2 2 10 1 1825 1826 291
327 2 2 10 1 1880 2366 1678
328 2 2 10 1 1450 2036 1483
329 2 2 10 1 2515 2582 1920
330 2 2 10 1 890 2382 2335
331 2 2 10 1 1862 1863 1095
332 2 2 10 1 1196 1585 600
333 2 2 10 1 1499 2361 315
334 2 2 10 1 1483 2036 402
335 2 2 10 1 920 2482 922
336 2 2 10 1 211 2656 1782
337 2 2 10 1 1614 2295 1498
338 2 2 10 1 393 1660 1510
339 2 2 10 1 2335 2382 1853
340 2 2 10 1 1549 2042 1439
341 2 2 10 1 1516 2364 2307
342 2 2 10 1 1531 1533 607
343 2 2 10 1 2047 2215 1066
344 2 2 10 1 227 1647 226
345 2 2 10 1 235 1651 1593
346 2 2 10 1 1518 1562 1183
347 2 2 10 1 2307 2364 592
348 2 2 10 1 1646 1648 1647
349 2 2 10 1 630 1527 401
350 2 2 10 1 1616 2047 1066
351 2 2 10 1 287 2371 1570
352 2 2 10 1 1999 2261 1998
353 2 2 10 1 1570 2271 287
354 2 2 10 1 2181 2657 2039
355 2 2 10 1 301 1619 1618
356 2 2 10 1 1585 1698 600
357 2 2 10 1 1072 2230 2045
358 2 2 10 1 457 2474 1608
359 2 2 10 1 2045 2230 1760
360 2 2 10 1 1326 1913 1560
361 2 2 10 1 1183 1605 1518
362 2 2 10 1 1560 1913 557
363 2 2 10 1 1806 2183 1803
364 2 2 10 1 363 2173 1898
365 2 2 10 1 211 1782 210
366 2 2 10 1 600 1698 560
367 2 2 10 1 558 2340 557
368 2 2 10 1 1120 2052 1122
369 2 2 10 1 1680 1776 377
370 2 2 10 1 471 1555 607
371 2 2 10 1 1339 2576 1764
372 2 2 10 1 349 2658 12
373 2 2 10 1 2410 2430 1565
374 2 2 10 1 1836 2566 1479
375 2 2 10 1 104 1572 103
376 2 2 10 1 79 1714 78
377 2 2 10 1 1534 2430 2410
378 2 2 10 1 313 1665 1512
379 2 2 10 1 607 1555 1531
380 2 2 10 1 1479 2381 1836
381 2 2 10 1 1933 2378 1168
382 2 2 10 1 146 1617 145
383 2 2 10 1 1168 2373 1933
384 2 2 10 1 2376 2500 1781
385 2 2 10 1 1218 2052 1547
386 2 2 10 1 1743 2280 379
387 2 2 10 1 1748 1752 372
388 2 2 10 1 2169 2181 2040
389 2 2 10 1 1512 2389 313
390 2 2 10 1 1453 1606 327
391 2 2 10 1 388 1632 1631
392 2 2 10 1 1297 2386 1603
393 2 2 10 1 1708 1713 297
394 2 2 10 1 103 1572 359
395 2 2 10 1 1517 1540 1439
396 2 2 10 1 2375 2406 2004
397 2 2 10 1 1545 2585 1946
398 2 2 10 1 1168 2581 1931
399 2 2 10 1 557 2340 1560
400 2 2 10 1 1722 1727 308
401 2 2 10 1 1868 1979 1870
402 2 2 10 1 1545 1946 1543
403 2 2 10 1 1931 2373 1168
404 2 2 10 1 2359 2594 1929
405 2 2 10 1 344 2470 2300
406 2 2 10 1 1579 1862 1095
407 2 2 10 1 1482 2420 2405
408 2 2 10 1 1979 2306 1870
409 2 2 10 1 1946 2585 1504
410 2 2 10 1 1933 2387 2378
411 2 2 10 1 1543 1946 992
412 2 2 10 1 1893 2467 2440
413 2 2 10 1 1934 2387 1933
414 2 2 10 1 2405 2420 579
415 2 2 10 1 1197 1585 1541
416 2 2 10 1 315 2361 1702
417 2 2 10 1 783 2520 2516
418 2 2 10 1 388 2496 1632
419 2 2 10 1 1760 2230 2212
420 2 2 10 1 1888 2170 1676
421 2 2 10 1 301 1618 1617
422 2 2 10 1 1742 2280 1743
423 2 2 10 1 2157 2419 1544
424 2 2 10 1 1760 2212 1761
425 2 2 10 1 1734 2104 1481
426 2 2 10 1 1921 2323 329
427 2 2 10 1 1542 1543 992
428 2 2 10 1 1702 2436 315
429 2 2 10 1 303 2005 153
430 2 2 10 1 385 1778 1683
431 2 2 10 1 1444 2594 2359
432 2 2 10 1 343 2183 1806
433 2 2 10 1 1812 2267 2263
434 2 2 10 1 2516 2520 1468
435 2 2 10 1 1851 2502 2434
436 2 2 10 1 2434 2502 383
437 2 2 10 1 1829 2411 1827
438 2 2 10 1 170 1828 169
439 2 2 10 1 2440 2467 334
440 2 2 10 1 395 2400 1695
441 2 2 10 1 1145 2104 1734
442 2 2 10 1 297 1714 1708
443 2 2 10 1 2149 2417 1346
444 2 2 10 1 1695 2446 395
445 2 2 10 1 1476 2417 2149
446 2 2 10 1 1298 2437 2148
447 2 2 10 1 2364 2379 592
448 2 2 10 1 986 2189 1761
449 2 2 10 1 304 1894 42
450 2 2 10 1 592 2379 2146
451 2 2 10 1 1541 1585 1196
452 2 2 10 1 1547 2051 1218
453 2 2 10 1 291 1826 168
454 2 2 10 1 1670 2465 1668
455 2 2 10 1 337 2500 2376
456 2 2 10 1 1559 2498 2441
457 2 2 10 1 1683 2399 385
458 2 2 10 1 235 1593 234
459 2 2 10 1 1863 2482 920
460 2 2 10 1 1998 2261 1416
461 2 2 10 1 992 1595 1542
462 2 2 10 1 1822 1837 1821
463 2 2 10 1 344 2300 1695
464 2 2 10 1 347 2398 1810
465 2 2 10 1 1761 2212 986
466 2 2 10 1 1671 2582 2515
467 2 2 10 1 1307 1862 1579
468 2 2 10 1 2441 2498 374
469 2 2 10 1 2342 2407 1434
470 2 2 10 1 316 2399 1683
471 2 2 10 1 1683 2471 316
472 2 2 10 1 1985 2401 1379
473 2 2 10 1 1752 2363 2180
474 2 2 10 1 1897 2173 1900
475 2 2 10 1 1919 2323 1921
476 2 2 10 1 153 2005 152
477 2 2 10 1 1898 1902 363
478 2 2 10 1 321 2295 1614
479 2 2 10 1 1396 1569 1345
480 2 2 10 1 1649 2380 1969
481 2 2 10 1 168 1826 167
482 2 2 10 1 360 1651 236
483 2 2 10 1 467 1600 668
484 2 2 10 1 607 1600 469
485 2 2 10 1 740 1625 742
486 2 2 10 1 2189 2281 1963
487 2 2 10 1 918 1863 920
488 2 2 10 1 1416 2319 1998
489 2 2 10 1 1122 2052 1218
490 2 2 10 1 2388 2438 352
491 2 2 10 1 986 2281 2189
492 2 2 10 1 1695 2400 344
493 2 2 10 1 361 1739 1738
494 2 2 10 1 382 1668 1666
495 2 2 10 1 370 2389 1512
496 2 2 10 1 1999 2459 930
497 2 2 10 1 930 2491 1999
498 2 2 10 1 380 2585 1576
499 2 2 10 1 1512 2463 370
500 2 2 10 1 1806 1956 343
501 2 2 10 1 1987 2438 2388
502 2 2 10 1 1360 2131 1609
503 2 2 10 1 1818 2598 2507
504 2 2 10 1 1648 2380 1649
505 2 2 10 1 743 2466 2253
506 2 2 10 1 1752 2180 372
507 2 2 10 1 1290 2024 1621
508 2 2 10 1 339 2407 2342
509 2 2 10 1 2429 2592 882
510 2 2 10 1 295 2656 211
511 2 2 10 1 1557 1595 1210
512 2 2 10 1 1570 2371 1364
513 2 2 10 1 323 1647 227
514 2 2 10 1 226 1647 371
515 2 2 10 1 630 2275 1527
516 2 2 10 1 1633 2585 380
517 2 2 10 1 2507 2598 312
518 2 2 10 1 377 2651 1680
519 2 2 10 1 1210 1564 1557
520 2 2 10 1 1955 2475 2414
521 2 2 10 1 1528 2672 612
522 2 2 10 1 359 1572 1571
523 2 2 10 1 358 1583 1582
524 2 2 10 1 2377 2442 293
525 2 2 10 1 1607 2383 393
526 2 2 10 1 335 2468 2392
527 2 2 10 1 1541 2711 1061
528 2 2 10 1 308 1728 1722
529 2 2 10 1 336 2406 2375
530 2 2 10 1 612 2677 1528
531 2 2 10 1 1711 2589 2485
532 2 2 10 1 1513 2368 1566
533 2 2 10 1 272 1453 327
534 2 2 10 1 1455 1500 279
535 2 2 10 1 284 1448 318
536 2 2 10 1 277 1454 326
537 2 2 10 1 270 1456 342
538 2 2 10 1 2427 2528 376
539 2 2 10 1 139 1660 138
540 2 2 10 1 1532 2311 2253
541 2 2 10 1 562 2454 564
542 2 2 10 1 2414 2475 351
543 2 2 10 1 2564 2569 1469
544 2 2 10 1 979 2132 998
545 2 2 10 1 1529 2542 2354
546 2 2 10 1 2485 2589 367
547 2 2 10 1 1533 1600 607
548 2 2 10 1 2055 2442 2377
549 2 2 10 1 1469 2569 1578
550 2 2 10 1 1575 1627 1626
551 2 2 10 1 54 1776 53
552 2 2 10 1 310 2657 2181
553 2 2 10 1 1535 2386 1209
554 2 2 10 1 1550 2388 352
555 2 2 10 1 337 2376 1551
556 2 2 10 1 1727 2360 2161
557 2 2 10 1 367 1714 79
558 2 2 10 1 78 1714 297
559 2 2 10 1 2131 2132 1609
560 2 2 10 1 1345 1626 971
561 2 2 10 1 1530 2650 2634
562 2 2 10 1 1727 2161 308
563 2 2 10 1 1553 2592 2429
564 2 2 10 1 1485 2528 2427
565 2 2 10 1 1455 2547 2433
566 2 2 10 1 1555 2311 1532
567 2 2 10 1 1540 1549 1439
568 2 2 10 1 1534 2410 584
569 2 2 10 1 1714 2589 1706
570 2 2 10 1 145 1617 358
571 2 2 10 1 301 1617 146
572 2 2 10 1 1549 2597 1267
573 2 2 10 1 2634 2650 1474
574 2 2 10 1 1209 2661 1535
575 2 2 10 1 1575 2255 1627
576 2 2 10 1 356 1890 1584
577 2 2 10 1 384 2487 1519
578 2 2 10 1 1453 2408 1606
579 2 2 10 1 328 1951 121
580 2 2 10 1 1450 1483 318
581 2 2 10 1 2396 2473 333
582 2 2 10 1 1738 2403 2167
583 2 2 10 1 353 1592 1590
584 2 2 10 1 1967 2290 2283
585 2 2 10 1 1569 1574 1345
586 2 2 10 1 2034 2464 350
587 2 2 10 1 300 2419 2157
588 2 2 10 1 1548 2444 1551
589 2 2 10 1 2357 2397 1824
590 2 2 10 1 1713 2179 297
591 2 2 10 1 1913 2353 623
592 2 2 10 1 2255 2304 1611
593 2 2 10 1 1919 2421 2323
594 2 2 10 1 1519 2577 384
595 2 2 10 1 560 1698 562
596 2 2 10 1 401 1527 400
597 2 2 10 1 1513 1566 1452
598 2 2 10 1 319 1483 402
599 2 2 10 1 1396 1570 1569
600 2 2 10 1 1607 2637 2383
601 2 2 10 1 1912 2473 2396
602 2 2 10 1 1088 2290 1963
603 2 2 10 1 1060 1650 1645
604 2 2 10 1 2353 2354 623
605 2 2 10 1 2499 2579 368
606 2 2 10 1 1548 2512 2444
607 2 2 10 1 1956 2327 343
608 2 2 10 1 352 2662 1550
609 2 2 10 1 1909 2396 333
610 2 2 10 1 880 2563 2535
611 2 2 10 1 1505 2658 349
612 2 2 10 1 234 1593 353
613 2 2 10 1 1788 2579 2499
614 2 2 10 1 1438 2514 1517
615 2 2 10 1 1448 1449 318
616 2 2 10 1 1963 2281 1088
617 2 2 10 1 1645 1650 1646
618 2 2 10 1 584 2659 1534
619 2 2 10 1 1551 2444 337
620 2 2 10 1 350 2573 2034
621 2 2 10 1 1454 1464 326
622 2 2 10 1 372 1857 1748
623 2 2 10 1 2535 2563 2064
624 2 2 10 1 349 2609 1505
625 2 2 10 1 1875 2547 1455
626 2 2 10 1 2283 2290 1088
627 2 2 10 1 2148 2437 1361
628 2 2 10 1 1902 2164 363
629 2 2 10 1 473 2311 1555
630 2 2 10 1 2107 2386 1535
631 2 2 10 1 2146 2379 1482
632 2 2 10 1 293 2280 1742
633 2 2 10 1 1482 2405 2146
634 2 2 10 1 1379 2401 1625
635 2 2 10 1 169 1828 291
636 2 2 10 1 1738 2167 361
637 2 2 10 1 1571 1573 359
638 2 2 10 1 1920 2421 1919
639 2 2 10 1 1120 2332 2052
640 2 2 10 1 1827 2411 1837
641 2 2 10 1 1158 2411 1829
642 2 2 10 1 1742 2377 293
643 2 2 10 1 1821 1837 1018
644 2 2 10 1 2040 2185 2169
645 2 2 10 1 1569 1570 1364
646 2 2 10 1 1646 1647 323
647 2 2 10 1 1475 2615 2559
648 2 2 10 1 2180 2363 305
649 2 2 10 1 1091 1574 1092
650 2 2 10 1 1902 2329 2164
651 2 2 10 1 2268 2456 2032
652 2 2 10 1 2526 2558 1514
653 2 2 10 1 1610 1923 527
654 2 2 10 1 321 1614 1568
655 2 2 10 1 121 1951 120
656 2 2 10 1 300 2157 1558
657 2 2 10 1 528 2315 527
658 2 2 10 1 2559 2615 362
659 2 2 10 1 353 1593 1592
660 2 2 10 1 1666 2595 382
661 2 2 10 1 1810 2483 2266
662 2 2 10 1 309 2558 2526
663 2 2 10 1 358 1617 1583
664 2 2 10 1 1563 2529 705
665 2 2 10 1 2229 2480 1526
666 2 2 10 1 2358 2362 1925
667 2 2 10 1 1825 1837 1822
668 2 2 10 1 1775 1776 1680
669 2 2 10 1 42 1894 41
670 2 2 10 1 252 2464 2035
671 2 2 10 1 1526 2641 2229
672 2 2 10 1 1207 2362 2358
673 2 2 10 1 1805 2262 392
674 2 2 10 1 705 2557 1563
675 2 2 10 1 1506 2669 1608
676 2 2 10 1 1498 2295 1567
677 2 2 10 1 2591 2601 671
678 2 2 10 1 2167 2403 314
679 2 2 10 1 742 1625 1210
680 2 2 10 1 2263 2416 1812
681 2 2 10 1 1796 2645 1652
682 2 2 10 1 1463 2601 2591
683 2 2 10 1 1568 2426 2339
684 2 2 10 1 1566 2368 1303
685 2 2 10 1 1920 2582 288
686 2 2 10 1 1708 1714 1706
687 2 2 10 1 561 2340 558
688 2 2 10 1 1554 2700 511
689 2 2 10 1 993 2548 2465
690 2 2 10 1 1290 1621 1562
691 2 2 10 1 527 2315 1610
692 2 2 10 1 1622 1890 356
693 2 2 10 1 511 2709 1554
694 2 2 10 1 2035 2639 252
695 2 2 10 1 1379 1625 740
696 2 2 10 1 1515 2596 2588
697 2 2 10 1 306 1775 1774
698 2 2 10 1 2253 2466 1532
699 2 2 10 1 2588 2596 1435
700 2 2 10 1 1582 2178 358
701 2 2 10 1 2354 2542 623
702 2 2 10 1 1652 2447 1796
703 2 2 10 1 1423 2448 2392
704 2 2 10 1 1857 2583 1750
705 2 2 10 1 1880 2427 376
706 2 2 10 1 1993 2536 396
707 2 2 10 1 971 1626 754
708 2 2 10 1 1562 1602 1183
709 2 2 10 1 1359 2256 1967
710 2 2 10 1 2517 2538 49
711 2 2 10 1 1857 2671 2583
712 2 2 10 1 170 2673 1828
713 2 2 10 1 306 1776 1775
714 2 2 10 1 367 2589 1714
715 2 2 10 1 333 2640 1909
716 2 2 10 1 2392 2468 1423
717 2 2 10 1 1621 2024 668
718 2 2 10 1 22 2552 2523
719 2 2 10 1 1558 2374 300
720 2 2 10 1 1574 1626 1345
721 2 2 10 1 1698 2454 562
722 2 2 10 1 1812 2521 2267
723 2 2 10 1 1924 2186 1216
724 2 2 10 1 1326 2353 1913
725 2 2 10 1 1092 1574 1569
726 2 2 10 1 1668 2465 1667
727 2 2 10 1 1955 2327 1956
728 2 2 10 1 1969 2492 1649
729 2 2 10 1 2519 2608 586
730 2 2 10 1 1589 1860 387
731 2 2 10 1 2339 2426 386
732 2 2 10 1 925 2453 996
733 2 2 10 1 381 2170 1888
734 2 2 10 1 1552 2608 2519
735 2 2 10 1 1629 2448 1423
736 2 2 10 1 396 2504 1993
737 2 2 10 1 1324 2207 2186
738 2 2 10 1 925 2482 2453
739 2 2 10 1 1928 2362 1207
740 2 2 10 1 1455 2433 1500
741 2 2 10 1 1805 2586 2262
742 2 2 10 1 1518 2460 622
743 2 2 10 1 998 2132 2131
744 2 2 10 1 316 2471 1750
745 2 2 10 1 1590 2160 353
746 2 2 10 1 1504 2585 1633
747 2 2 10 1 628 2255 1611
748 2 2 10 1 1210 1595 745
749 2 2 10 1 348 1660 139
750 2 2 10 1 138 1660 393
751 2 2 10 1 1192 2132 979
752 2 2 10 1 1568 2339 321
753 2 2 10 1 745 1595 992
754 2 2 10 1 1888 2336 381
755 2 2 10 1 1977 2256 2238
756 2 2 10 1 1967 2283 1359
757 2 2 10 1 1458 1631 1612
758 2 2 10 1 1702 2487 384
759 2 2 10 1 1576 2585 1545
760 2 2 10 1 1557 2156 1595
761 2 2 10 1 1575 2304 2255
762 2 2 10 1 2460 2474 622
763 2 2 10 1 930 2459 1553
764 2 2 10 1 1553 2429 930
765 2 2 10 1 317 2649 1676
766 2 2 10 1 377 1776 54
767 2 2 10 1 53 1776 306
768 2 2 10 1 1595 2156 1542
769 2 2 10 1 1649 2492 2457
770 2 2 10 1 1987 2493 2438
771 2 2 10 1 370 2463 1577
772 2 2 10 1 1594 2194 1434
773 2 2 10 1 376 2366 1880
774 2 2 10 1 148 2142 147
775 2 2 10 1 622 2474 459
776 2 2 10 1 1458 2321 2044
777 2 2 10 1 1631 1632 1612
778 2 2 10 1 2238 2256 1359
779 2 2 10 1 1328 2333 1716
780 2 2 10 1 1716 2179 1713
781 2 2 10 1 2164 2329 296
782 2 2 10 1 2071 2505 1588
783 2 2 10 1 1358 2424 2372
784 2 2 10 1 2465 2548 1667
785 2 2 10 1 2161 2360 378
786 2 2 10 1 1613 2657 310
787 2 2 10 1 310 2590 1613
788 2 2 10 1 1610 2186 1923
789 2 2 10 1 332 2397 2357
790 2 2 10 1 1783 2656 295
791 2 2 10 1 380 2605 1633
792 2 2 10 1 630 2352 2275
793 2 2 10 1 1481 2105 1734
794 2 2 10 1 1955 2414 2327
795 2 2 10 1 1671 2344 1670
796 2 2 10 1 772 2287 2282
797 2 2 10 1 2539 2551 1403
798 2 2 10 1 2282 2287 1373
799 2 2 10 1 1989 2493 1987
800 2 2 10 1 384 2436 1702
801 2 2 10 1 1579 2324 1307
802 2 2 10 1 2244 2648 2265
803 2 2 10 1 2457 2492 285
804 2 2 10 1 2320 2331 1939
805 2 2 10 1 1559 2374 1558
806 2 2 10 1 1207 2369 1928
807 2 2 10 1 1091 1575 1574
808 2 2 10 1 1217 2252 1977
809 2 2 10 1 1526 2480 1552
810 2 2 10 1 634 2404 2390
811 2 2 10 1 2422 2462 74
812 2 2 10 1 1210 1625 1564
813 2 2 10 1 1612 2321 1458
814 2 2 10 1 336 2375 1851
815 2 2 10 1 1588 2555 2071
816 2 2 10 1 1130 1605 1132
817 2 2 10 1 1300 2196 2028
818 2 2 10 1 1373 2409 1374
819 2 2 10 1 1577 2554 370
820 2 2 10 1 1924 2351 1925
821 2 2 10 1 2269 2504 2391
822 2 2 10 1 2523 2552 1539
823 2 2 10 1 1537 2538 2517
824 2 2 10 1 1132 1605 1183
825 2 2 10 1 271 1453 272
826 2 2 10 1 283 1448 284
827 2 2 10 1 278 1455 279
828 2 2 10 1 269 1456 270
829 2 2 10 1 276 1454 277
830 2 2 10 1 1434 2407 1594
831 2 2 10 1 2244 2265 354
832 2 2 10 1 1215 2331 2320
833 2 2 10 1 295 2624 1783
834 2 2 10 1 2450 2472 222
835 2 2 10 1 1440 2524 2509
836 2 2 10 1 1594 2299 2194
837 2 2 10 1 1552 2519 1526
838 2 2 10 1 304 2701 1894
839 2 2 10 1 995 1892 1636
840 2 2 10 1 2351 2358 1925
841 2 2 10 1 1693 2356 390
842 2 2 10 1 1725 2467 1893
843 2 2 10 1 1750 2583 316
844 2 2 10 1 291 1828 1827
845 2 2 10 1 2194 2299 1154
846 2 2 10 1 1478 2481 1581
847 2 2 10 1 1576 2419 192
848 2 2 10 1 2530 2531 1241
849 2 2 10 1 1548 2584 294
850 2 2 10 1 2032 2573 2268
851 2 2 10 1 2299 2317 1154
852 2 2 10 1 2052 2332 1464
853 2 2 10 1 996 2453 1565
854 2 2 10 1 1469 2561 2078
855 2 2 10 1 2296 2312 2014
856 2 2 10 1 2513 2541 2102
857 2 2 10 1 1851 2434 336
858 2 2 10 1 2509 2524 613
859 2 2 10 1 2078 2564 1469
860 2 2 10 1 922 2482 925
861 2 2 10 1 294 2512 1548
862 2 2 10 1 2102 2541 2103
863 2 2 10 1 382 1669 1668
864 2 2 10 1 2000 2270 389
865 2 2 10 1 1491 2551 2539
866 2 2 10 1 1728 2571 1723
867 2 2 10 1 1559 2441 2374
868 2 2 10 1 1725 1893 1892
869 2 2 10 1 1561 2469 2455
870 2 2 10 1 1611 1674 628
871 2 2 10 1 1827 1837 1825
872 2 2 10 1 1833 2394 2019
873 2 2 10 1 1937 2331 1215
874 2 2 10 1 1544 2419 1576
875 2 2 10 1 1565 2430 996
876 2 2 10 1 999 2015 1000
877 2 2 10 1 944 2505 2071
878 2 2 10 1 2455 2469 605
879 2 2 10 1 1636 1892 1637
880 2 2 10 1 1977 2238 1217
881 2 2 10 1 1520 2531 2530
882 2 2 10 1 628 1674 603
883 2 2 10 1 1869 1870 1395
884 2 2 10 1 1154 2317 1312
885 2 2 10 1 1596 1597 610
886 2 2 10 1 1870 2335 1395
887 2 2 10 1 334 2467 1723
888 2 2 10 1 1478 2566 2481
889 2 2 10 1 969 2610 1556
890 2 2 10 1 1060 2316 1650
891 2 2 10 1 391 2456 2268
892 2 2 10 1 323 2687 1646
893 2 2 10 1 1641 1995 1739
894 2 2 10 1 2186 2207 1216
895 2 2 10 1 1046 1874 1751
896 2 2 10 1 1716 2333 366
897 2 2 10 1 1591 2160 1590
898 2 2 10 1 1663 1912 1907
899 2 2 10 1 1581 2481 176
900 2 2 10 1 1328 1716 1715
901 2 2 10 1 330 1831 1830
902 2 2 10 1 2028 2196 2027
903 2 2 10 1 1670 2622 2465
904 2 2 10 1 1215 2337 1937
905 2 2 10 1 1578 2569 543
906 2 2 10 1 1751 1874 1752
907 2 2 10 1 1261 2278 1975
908 2 2 10 1 2006 2007 1850
909 2 2 10 1 2104 2437 1298
910 2 2 10 1 1612 1632 1522
911 2 2 10 1 390 2620 1693
912 2 2 10 1 1907 1911 1663
913 2 2 10 1 1620 2533 340
914 2 2 10 1 1582 2322 2178
915 2 2 10 1 1324 2186 1610
916 2 2 10 1 2002 2007 2006
917 2 2 10 1 531 2315 528
918 2 2 10 1 533 2393 531
919 2 2 10 1 104 2670 1572
920 2 2 10 1 1580 2324 1579
921 2 2 10 1 669 2664 1597
922 2 2 10 1 604 2401 1985
923 2 2 10 1 1638 1908 1639
924 2 2 10 1 147 2142 301
925 2 2 10 1 383 2142 148
926 2 2 10 1 614 1931 1630
927 2 2 10 1 2236 2252 1217
928 2 2 10 1 1728 2689 2571
929 2 2 10 1 1216 2351 1924
930 2 2 10 1 1939 2312 1386
931 2 2 10 1 1959 2447 1653
932 2 2 10 1 1874 2363 1752
933 2 2 10 1 1630 1931 1422
934 2 2 10 1 2100 2102 2066
935 2 2 10 1 301 2142 1619
936 2 2 10 1 303 2708 2005
937 2 2 10 1 1940 2313 604
938 2 2 10 1 1662 1911 936
939 2 2 10 1 1940 2303 1388
940 2 2 10 1 1663 1911 1662
941 2 2 10 1 940 1908 1638
942 2 2 10 1 1974 2252 2236
943 2 2 10 1 2344 2622 1670
944 2 2 10 1 2071 2663 944
945 2 2 10 1 2066 2101 2100
946 2 2 10 1 1498 1635 1614
947 2 2 10 1 603 1674 601
948 2 2 10 1 2372 2424 375
949 2 2 10 1 1386 2312 2296
950 2 2 10 1 1580 2367 2324
951 2 2 10 1 1533 1601 1600
952 2 2 10 1 1737 1740 1710
953 2 2 10 1 1697 1922 1921
954 2 2 10 1 1096 1879 1677
955 2 2 10 1 1488 2470 1599
956 2 2 10 1 173 2683 1835
957 2 2 10 1 1394 2245 1972
958 2 2 10 1 2269 2698 2504
959 2 2 10 1 783 2516 1066
960 2 2 10 1 1923 2186 1924
961 2 2 10 1 1489 2049 1694
962 2 2 10 1 2644 2692 2165
963 2 2 10 1 1906 2396 1909
964 2 2 10 1 1682 1994 1749
965 2 2 10 1 1715 1871 1328
966 2 2 10 1 1729 1876 1340
967 2 2 10 1 1723 2571 334
968 2 2 10 1 1720 1728 1723
969 2 2 10 1 1462 1623 1620
970 2 2 10 1 2185 2508 1389
971 2 2 10 1 1370 1880 1879
972 2 2 10 1 1659 2015 999
973 2 2 10 1 2275 2352 1604
974 2 2 10 1 1722 1728 1720
975 2 2 10 1 1826 2397 167
976 2 2 10 1 2264 2534 1692
977 2 2 10 1 1251 1856 1615
978 2 2 10 1 1659 1861 1322
979 2 2 10 1 1312 2317 1604
980 2 2 10 1 1906 1909 1908
981 2 2 10 1 1381 1635 1380
982 2 2 10 1 601 2301 587
983 2 2 10 1 1974 2276 1975
984 2 2 10 1 1640 1995 1641
985 2 2 10 1 405 2297 403
986 2 2 10 1 1975 2278 1978
987 2 2 10 1 1614 1635 1381
988 2 2 10 1 1000 2015 1180
989 2 2 10 1 2302 2322 1329
990 2 2 10 1 1456 2495 342
991 2 2 10 1 322 2603 1860
992 2 2 10 1 328 2423 1951
993 2 2 10 1 982 1995 1640
994 2 2 10 1 1680 1777 1775
995 2 2 10 1 1817 1864 1490
996 2 2 10 1 1266 1623 1462
997 2 2 10 1 2014 2312 1150
998 2 2 10 1 1677 1879 1678
999 2 2 10 1 1846 2260 1268
1000 2 2 10 1 1563 2684 695
1001 2 2 10 1 2012 2014 1150
1002 2 2 10 1 543 2623 1578
1003 2 2 10 1 332 2357 1841
1004 2 2 10 1 1943 2284 1262
1005 2 2 10 1 1624 2017 1503
1006 2 2 10 1 1884 2336 1888
1007 2 2 10 1 1845 2260 1846
1008 2 2 10 1 1395 1972 1869
1009 2 2 10 1 2027 2196 621
1010 2 2 10 1 302 2644 2165
1011 2 2 10 1 695 2529 1563
1012 2 2 10 1 2006 2375 2004
1013 2 2 10 1 2390 2404 1627
1014 2 2 10 1 1701 2016 1375
1015 2 2 10 1 1642 2003 1643
1016 2 2 10 1 1370 2427 1880
1017 2 2 10 1 2005 2406 152
1018 2 2 10 1 2236 2276 1974
1019 2 2 10 1 1556 2638 969
1020 2 2 10 1 1418 1886 1211
1021 2 2 10 1 1675 1887 1676
1022 2 2 10 1 660 2326 641
1023 2 2 10 1 1573 2182 359
1024 2 2 10 1 1015 2003 1642
1025 2 2 10 1 1470 2461 1603
1026 2 2 10 1 1521 2347 1584
1027 2 2 10 1 2141 2555 1588
1028 2 2 10 1 1762 1961 1960
1029 2 2 10 1 296 2329 1731
1030 2 2 10 1 1965 1967 723
1031 2 2 10 1 1047 1887 1675
1032 2 2 10 1 1386 2320 1939
1033 2 2 10 1 591 2029 602
1034 2 2 10 1 305 2363 1881
1035 2 2 10 1 1784 1788 1787
1036 2 2 10 1 2183 2688 1803
1037 2 2 10 1 1983 2210 1982
1038 2 2 10 1 1202 2009 1644
1039 2 2 10 1 1468 2520 2038
1040 2 2 10 1 361 2692 1739
1041 2 2 10 1 1266 1664 1623
1042 2 2 10 1 1449 1450 318
1043 2 2 10 1 2028 2309 1300
1044 2 2 10 1 1774 2175 306
1045 2 2 10 1 1270 2210 1983
1046 2 2 10 1 1479 2566 1478
1047 2 2 10 1 621 2029 2027
1048 2 2 10 1 1593 1615 1592
1049 2 2 10 1 1635 2084 1380
1050 2 2 10 1 1630 2200 614
1051 2 2 10 1 1150 2023 2012
1052 2 2 10 1 314 2403 1711
1053 2 2 10 1 1571 1661 1573
1054 2 2 10 1 1619 2710 1618
1055 2 2 10 1 1908 1909 1639
1056 2 2 10 1 1892 1893 1637
1057 2 2 10 1 294 2584 1900
1058 2 2 10 1 1709 1740 811
1059 2 2 10 1 468 2056 470
1060 2 2 10 1 1884 1888 1887
1061 2 2 10 1 355 2619 1567
1062 2 2 10 1 2287 2409 1373
1063 2 2 10 1 999 1861 1659
1064 2 2 10 1 2513 2544 827
1065 2 2 10 1 2038 2711 1541
1066 2 2 10 1 452 2086 454
1067 2 2 10 1 1802 1877 1799
1068 2 2 10 1 1674 2301 601
1069 2 2 10 1 1710 1740 1709
1070 2 2 10 1 1337 1949 1171
1071 2 2 10 1 1831 2497 1830
1072 2 2 10 1 1394 1972 1395
1073 2 2 10 1 1599 2470 11
1074 2 2 10 1 1597 2486 669
1075 2 2 10 1 735 1843 733
1076 2 2 10 1 1604 2352 1312
1077 2 2 10 1 1696 1922 1697
1078 2 2 10 1 1059 1876 1729
1079 2 2 10 1 1380 2084 1854
1080 2 2 10 1 426 1966 425
1081 2 2 10 1 1090 1871 1715
1082 2 2 10 1 1942 2284 1943
1083 2 2 10 1 1891 1892 995
1084 2 2 10 1 1724 1891 901
1085 2 2 10 1 1636 2197 995
1086 2 2 10 1 1751 2050 1046
1087 2 2 10 1 1638 2198 940
1088 2 2 10 1 2065 2101 2066
1089 2 2 10 1 2003 2004 1643
1090 2 2 10 1 1016 1922 1696
1091 2 2 10 1 1640 2199 982
1092 2 2 10 1 1479 2092 2018
1093 2 2 10 1 1647 1648 371
1094 2 2 10 1 1763 2576 2045
1095 2 2 10 1 1681 1994 1682
1096 2 2 10 1 1800 1810 1808
1097 2 2 10 1 1494 2462 2422
1098 2 2 10 1 2044 2321 687
1099 2 2 10 1 1725 1891 1724
1100 2 2 10 1 1626 1627 754
1101 2 2 10 1 704 2316 1060
1102 2 2 10 1 597 2101 2065
1103 2 2 10 1 1835 2501 173
1104 2 2 10 1 1291 2020 1661
1105 2 2 10 1 1977 2252 1976
1106 2 2 10 1 938 1994 1681
1107 2 2 10 1 1615 1856 1592
1108 2 2 10 1 615 2346 2303
1109 2 2 10 1 602 2029 621
1110 2 2 10 1 1489 2129 2049
1111 2 2 10 1 2002 2006 2003
1112 2 2 10 1 2056 2319 582
1113 2 2 10 1 1182 1948 1634
1114 2 2 10 1 1470 2522 2461
1115 2 2 10 1 1772 1777 1771
1116 2 2 10 1 1784 1787 1786
1117 2 2 10 1 1388 2313 1940
1118 2 2 10 1 1603 2461 1297
1119 2 2 10 1 1950 2348 357
1120 2 2 10 1 723 1966 1965
1121 2 2 10 1 1887 1888 1676
1122 2 2 10 1 1806 1957 1956
1123 2 2 10 1 1830 2497 1829
1124 2 2 10 1 519 1927 613
1125 2 2 10 1 2066 2103 2063
1126 2 2 10 1 614 2200 501
1127 2 2 10 1 1975 2276 1261
1128 2 2 10 1 1792 2472 2450
1129 2 2 10 1 1642 2091 1015
1130 2 2 10 1 1644 2090 1202
1131 2 2 10 1 583 2286 1972
1132 2 2 10 1 1970 1971 1791
1133 2 2 10 1 1794 1795 1743
1134 2 2 10 1 487 2303 1940
1135 2 2 10 1 1773 1844 1358
1136 2 2 10 1 1276 1885 1883
1137 2 2 10 1 747 1755 667
1138 2 2 10 1 751 1755 747
1139 2 2 10 1 1645 2114 1060
1140 2 2 10 1 1294 2106 1656
1141 2 2 10 1 1575 1626 1574
1142 2 2 10 1 2319 2510 582
1143 2 2 10 1 1315 1795 721
1144 2 2 10 1 1927 1928 613
1145 2 2 10 1 1195 1844 876
1146 2 2 10 1 1805 1877 1802
1147 2 2 10 1 1151 1839 1838
1148 2 2 10 1 412 2043 410
1149 2 2 10 1 1965 2290 1967
1150 2 2 10 1 1918 2127 1984
1151 2 2 10 1 1960 2139 1762
1152 2 2 10 1 1379 2130 1985
1153 2 2 10 1 982 2199 803
1154 2 2 10 1 940 2198 831
1155 2 2 10 1 995 2197 897
1156 2 2 10 1 1211 1886 1276
1157 2 2 10 1 1584 2602 356
1158 2 2 10 1 936 2145 1662
1159 2 2 10 1 1071 1786 1070
1160 2 2 10 1 1624 2093 2017
1161 2 2 10 1 1067 1971 713
1162 2 2 10 1 1672 1673 1384
1163 2 2 10 1 1879 1880 1678
1164 2 2 10 1 1151 1840 1839
1165 2 2 10 1 1804 2586 1805
1166 2 2 10 1 403 2297 630
1167 2 2 10 1 1017 1777 1679
1168 2 2 10 1 1489 2300 1488
1169 2 2 10 1 1972 2245 583
1170 2 2 10 1 1074 1786 1071
1171 2 2 10 1 1800 1808 1807
1172 2 2 10 1 1769 2053 669
1173 2 2 10 1 2040 2508 2185
1174 2 2 10 1 2086 2286 583
1175 2 2 10 1 1596 1598 1597
1176 2 2 10 1 1617 1618 1583
1177 2 2 10 1 1824 2397 1826
1178 2 2 10 1 1567 2694 355
1179 2 2 10 1 1775 1777 1772
1180 2 2 10 1 1151 1838 734
1181 2 2 10 1 591 2087 2029
1182 2 2 10 1 1583 1659 1322
1183 2 2 10 1 320 2322 2302
1184 2 2 10 1 1189 1673 770
1185 2 2 10 1 1159 1701 1700
1186 2 2 10 1 1762 2189 1961
1187 2 2 10 1 1291 1661 1571
1188 2 2 10 1 176 2679 1581
1189 2 2 10 1 425 1966 723
1190 2 2 10 1 1634 1947 1182
1191 2 2 10 1 1367 2648 2244
1192 2 2 10 1 2178 2322 320
1193 2 2 10 1 1159 2016 1701
1194 2 2 10 1 596 2079 546
1195 2 2 10 1 2132 2693 1609
1196 2 2 10 1 684 1947 1271
1197 2 2 10 1 2077 2079 596
1198 2 2 10 1 1229 1807 1250
1199 2 2 10 1 470 2056 582
1200 2 2 10 1 532 2083 534
1201 2 2 10 1 2196 2279 2022
1202 2 2 10 1 411 2260 1845
1203 2 2 10 1 2148 2466 743
1204 2 2 10 1 1694 2300 1489
1205 2 2 10 1 1828 1829 1827
1206 2 2 10 1 1729 2360 1727
1207 2 2 10 1 1198 1855 1084
1208 2 2 10 1 1249 1959 1958
1209 2 2 10 1 1765 1767 1764
1210 2 2 10 1 811 2144 1709
1211 2 2 10 1 1333 1902 1901
1212 2 2 10 1 676 1664 699
1213 2 2 10 1 597 2134 516
1214 2 2 10 1 901 2151 1724
1215 2 2 10 1 1718 1726 1722
1216 2 2 10 1 429 1966 426
1217 2 2 10 1 1675 2120 1047
1218 2 2 10 1 1896 1901 1898
1219 2 2 10 1 2018 2092 1029
1220 2 2 10 1 1475 2009 2008
1221 2 2 10 1 976 1988 1194
1222 2 2 10 1 1952 1958 1954
1223 2 2 10 1 1167 1817 1816
1224 2 2 10 1 1799 1877 1800
1225 2 2 10 1 1167 1864 1817
1226 2 2 10 1 1677 2117 1096
1227 2 2 10 1 1704 1712 1708
1228 2 2 10 1 1609 2693 1513
1229 2 2 10 1 1430 1890 1622
1230 2 2 10 1 1679 2121 1017
1231 2 2 10 1 1681 2119 938
1232 2 2 10 1 1911 2125 936
1233 2 2 10 1 1126 1903 1125
1234 2 2 10 1 1725 1892 1891
1235 2 2 10 1 1696 2128 1016
1236 2 2 10 1 1333 2329 1902
1237 2 2 10 1 389 2489 2000
1238 2 2 10 1 1809 2035 2034
1239 2 2 10 1 1883 1889 1276
1240 2 2 10 1 454 2086 583
1241 2 2 10 1 1981 2025 1505
1242 2 2 10 1 1447 1903 1899
1243 2 2 10 1 1464 1875 326
1244 2 2 10 1 1679 1777 1680
1245 2 2 10 1 1194 1988 1550
1246 2 2 10 1 2013 2152 693
1247 2 2 10 1 1791 1971 1067
1248 2 2 10 1 1687 1820 1693
1249 2 2 10 1 2065 2134 597
1250 2 2 10 1 1171 1949 1182
1251 2 2 10 1 410 2043 1797
1252 2 2 10 1 1159 1700 1699
1253 2 2 10 1 2102 2103 2066
1254 2 2 10 1 1551 1855 1198
1255 2 2 10 1 1878 1879 1096
1256 2 2 10 1 672 2056 468
1257 2 2 10 1 1809 2034 2033
1258 2 2 10 1 1786 1787 1070
1259 2 2 10 1 1108 2025 1107
1260 2 2 10 1 1873 1874 1046
1261 2 2 10 1 1970 2492 1969
1262 2 2 10 1 672 2081 1654
1263 2 2 10 1 1276 1886 1885
1264 2 2 10 1 667 1755 1753
1265 2 2 10 1 1384 1673 1189
1266 2 2 10 1 673 2086 452
1267 2 2 10 1 1807 1808 1250
1268 2 2 10 1 841 2145 936
1269 2 2 10 1 1162 1699 1325
1270 2 2 10 1 435 2139 1960
1271 2 2 10 1 887 1979 889
1272 2 2 10 1 1743 1795 1315
1273 2 2 10 1 1367 1814 1220
1274 2 2 10 1 1901 1902 1898
1275 2 2 10 1 1860 2607 322
1276 2 2 10 1 1060 2114 683
1277 2 2 10 1 1958 1959 1954
1278 2 2 10 1 1661 2020 1147
1279 2 2 10 1 1656 2106 750
1280 2 2 10 1 1686 1687 1685
1281 2 2 10 1 1358 1844 1195
1282 2 2 10 1 1811 1813 1812
1283 2 2 10 1 673 2080 1657
1284 2 2 10 1 1300 2279 2196
1285 2 2 10 1 360 1652 1651
1286 2 2 10 1 1090 1712 1703
1287 2 2 10 1 1669 1670 1668
1288 2 2 10 1 1059 1726 1717
1289 2 2 10 1 1258 1731 1730
1290 2 2 10 1 934 1745 1744
1291 2 2 10 1 624 1939 1938
1292 2 2 10 1 1063 1736 1735
1293 2 2 10 1 619 1763 1757
1294 2 2 10 1 618 1977 1976
1295 2 2 10 1 542 2021 541
1296 2 2 10 1 721 1795 719
1297 2 2 10 1 1149 1772 1771
1298 2 2 10 1 1046 2050 857
1299 2 2 10 1 625 1933 1932
1300 2 2 10 1 876 1844 874
1301 2 2 10 1 534 2083 586
1302 2 2 10 1 1961 2189 1963
1303 2 2 10 1 1166 1780 1779
1304 2 2 10 1 1253 1793 1789
1305 2 2 10 1 1684 1685 1117
1306 2 2 10 1 657 1819 1277
1307 2 2 10 1 730 1945 726
1308 2 2 10 1 1749 1994 1745
1309 2 2 10 1 699 1664 1266
1310 2 2 10 1 1717 1726 1718
1311 2 2 10 1 2297 2352 630
1312 2 2 10 1 1739 1995 1736
1313 2 2 10 1 1745 1994 1744
1314 2 2 10 1 1703 1712 1704
1315 2 2 10 1 1093 1815 1382
1316 2 2 10 1 1167 1816 1815
1317 2 2 10 1 1726 1727 1722
1318 2 2 10 1 330 1832 1831
1319 2 2 10 1 1736 1995 1735
1320 2 2 10 1 1015 2091 1012
1321 2 2 10 1 1202 2090 1039
1322 2 2 10 1 1592 1856 1350
1323 2 2 10 1 1231 1807 1229
1324 2 2 10 1 1761 2189 1762
1325 2 2 10 1 1757 1763 1758
1326 2 2 10 1 1789 1793 1790
1327 2 2 10 1 1809 2033 1250
1328 2 2 10 1 1712 1713 1708
1329 2 2 10 1 2187 2326 660
1330 2 2 10 1 1558 2157 1355
1331 2 2 10 1 564 2454 589
1332 2 2 10 1 1490 1864 1201
1333 2 2 10 1 1985 2130 481
1334 2 2 10 1 1984 2127 785
1335 2 2 10 1 1811 1812 1689
1336 2 2 10 1 617 1945 1944
1337 2 2 10 1 1967 2256 723
1338 2 2 10 1 734 1838 737
1339 2 2 10 1 1380 1854 691
1340 2 2 10 1 1292 2152 2013
1341 2 2 10 1 994 1822 1821
1342 2 2 10 1 1926 1927 521
1343 2 2 10 1 1328 1871 1169
1344 2 2 10 1 1123 1811 1689
1345 2 2 10 1 1400 1872 1100
1346 2 2 10 1 1338 1873 1157
1347 2 2 10 1 1130 2338 1605
1348 2 2 10 1 2112 2154 2113
1349 2 2 10 1 2100 2101 2096
1350 2 2 10 1 1340 1876 1165
1351 2 2 10 1 1370 1878 1186
1352 2 2 10 1 1909 1910 1639
1353 2 2 10 1 1953 1957 1240
1354 2 2 10 1 1755 2273 1754
1355 2 2 10 1 1165 1876 913
1356 2 2 10 1 1180 1852 1848
1357 2 2 10 1 1090 1703 819
1358 2 2 10 1 1059 1717 909
1359 2 2 10 1 889 1979 893
1360 2 2 10 1 1186 1878 888
1361 2 2 10 1 934 1744 853
1362 2 2 10 1 1149 1771 872
1363 2 2 10 1 1157 1873 861
1364 2 2 10 1 1350 1856 1248
1365 2 2 10 1 993 1756 791
1366 2 2 10 1 1063 1735 807
1367 2 2 10 1 1169 1871 823
1368 2 2 10 1 624 1938 569
1369 2 2 10 1 1848 1852 1849
1370 2 2 10 1 1201 1864 760
1371 2 2 10 1 1100 1872 795
1372 2 2 10 1 617 1944 539
1373 2 2 10 1 1271 1947 1634
1374 2 2 10 1 2012 2023 2011
1375 2 2 10 1 1893 1894 1637
1376 2 2 10 1 733 1843 1151
1377 2 2 10 1 1353 1741 983
1378 2 2 10 1 667 1753 493
1379 2 2 10 1 1258 1730 1139
1380 2 2 10 1 521 1927 519
1381 2 2 10 1 625 1932 507
1382 2 2 10 1 619 1757 441
1383 2 2 10 1 1166 1779 1078
1384 2 2 10 1 618 1976 423
1385 2 2 10 1 1699 1700 1325
1386 2 2 10 1 1253 1789 717
1387 2 2 10 1 1850 2007 1104
1388 2 2 10 1 2137 2297 405
1389 2 2 10 1 1236 1958 1952
1390 2 2 10 1 1107 2025 1981
1391 2 2 10 1 1632 2699 1522
1392 2 2 10 1 1133 1901 1896
1393 2 2 10 1 1251 1796 1244
1394 2 2 10 1 726 1945 617
1395 2 2 10 1 1686 1820 1687
1396 2 2 10 1 1322 1861 1278
1397 2 2 10 1 1059 1729 1726
1398 2 2 10 1 1683 1778 1335
1399 2 2 10 1 2017 2093 946
1400 2 2 10 1 1859 1860 1589
1401 2 2 10 1 1684 1686 1685
1402 2 2 10 1 1090 1715 1712
1403 2 2 10 1 674 2154 2112
1404 2 2 10 1 677 1664 676
1405 2 2 10 1 1250 2033 1227
1406 2 2 10 1 541 2021 725
1407 2 2 10 1 713 1971 711
1408 2 2 10 1 1921 1922 1916
1409 2 2 10 1 2004 2005 1643
1410 2 2 10 1 1771 1777 1017
1411 2 2 10 1 1318 1847 1446
1412 2 2 10 1 2018 2381 1479
1413 2 2 10 1 313 1666 1665
1414 2 2 10 1 637 1819 657
1415 2 2 10 1 1129 1903 1126
1416 2 2 10 1 692 1815 1093
1417 2 2 10 1 994 1821 960
1418 2 2 10 1 1104 2007 1006
1419 2 2 10 1 1591 2314 2160
1420 2 2 10 1 1180 1848 1002
1421 2 2 10 1 523 1926 521
1422 2 2 10 1 431 1964 429
1423 2 2 10 1 417 1978 415
1424 2 2 10 1 1577 2644 302
1425 2 2 10 1 1057 1699 1162
1426 2 2 10 1 1815 1816 1382
1427 2 2 10 1 2030 2032 1354
1428 2 2 10 1 677 2138 1664
1429 2 2 10 1 1984 2344 1918
1430 2 2 10 1 302 2554 1577
1431 2 2 10 1 731 1929 735
1432 2 2 10 1 1145 2437 2104
1433 2 2 10 1 1181 1946 1504
1434 2 2 10 1 1978 2278 2043
1435 2 2 10 1 675 2133 1819
1436 2 2 10 1 1125 1903 1447
1437 2 2 10 1 430 1990 590
1438 2 2 10 1 1657 1865 673
1439 2 2 10 1 651 1996 648
1440 2 2 10 1 398 2534 2264
1441 2 2 10 1 1664 2138 1623
1442 2 2 10 1 1980 1989 1263
1443 2 2 10 1 1116 1684 1117
1444 2 2 10 1 770 1673 768
1445 2 2 10 1 1758 2045 1760
1446 2 2 10 1 1654 1997 672
1447 2 2 10 1 902 2151 901
1448 2 2 10 1 1783 1784 1254
1449 2 2 10 1 1429 1890 1430
1450 2 2 10 1 415 2043 412
1451 2 2 10 1 1259 2008 1035
1452 2 2 10 1 1916 1922 1914
1453 2 2 10 1 1695 2300 1694
1454 2 2 10 1 812 2144 811
1455 2 2 10 1 1146 2016 1051
1456 2 2 10 1 691 1854 661
1457 2 2 10 1 340 2629 1620
1458 2 2 10 1 2096 2101 2094
1459 2 2 10 1 679 1947 684
1460 2 2 10 1 1503 2017 1178
1461 2 2 10 1 2049 2129 1117
1462 2 2 10 1 1475 2008 1259
1463 2 2 10 1 1278 1861 689
1464 2 2 10 1 1900 2660 294
1465 2 2 10 1 1840 1841 1839
1466 2 2 10 1 1220 1814 1174
1467 2 2 10 1 1375 2016 1146
1468 2 2 10 1 1798 1957 1801
1469 2 2 10 1 1952 1953 1240
1470 2 2 10 1 1930 1931 614
1471 2 2 10 1 1923 1924 626
1472 2 2 10 1 1968 1969 1155
1473 2 2 10 1 1896 1897 1177
1474 2 2 10 1 1936 1937 605
1475 2 2 10 1 1942 1943 606
1476 2 2 10 1 1973 1974 616
1477 2 2 10 1 1960 1961 611
1478 2 2 10 1 1650 2380 1648
1479 2 2 10 1 1956 1957 1953
1480 2 2 10 1 1292 2011 608
1481 2 2 10 1 1982 2210 2021
1482 2 2 10 1 546 2079 548
1483 2 2 10 1 395 2534 2385
1484 2 2 10 1 1701 1702 1700
1485 2 2 10 1 1593 1651 1615
1486 2 2 10 1 589 2449 2041
1487 2 2 10 1 2002 2003 1015
1488 2 2 10 1 571 2023 1150
1489 2 2 10 1 762 2020 1291
1490 2 2 10 1 1240 1957 1798
1491 2 2 10 1 1166 1785 1781
1492 2 2 10 1 625 1935 1934
1493 2 2 10 1 619 1765 1764
1494 2 2 10 1 635 2249 2137
1495 2 2 10 1 648 1996 646
1496 2 2 10 1 1904 1908 940
1497 2 2 10 1 1258 1733 1732
1498 2 2 10 1 1063 1740 1737
1499 2 2 10 1 1047 2120 919
1500 2 2 10 1 1262 2305 1943
1501 2 2 10 1 1882 1887 1047
1502 2 2 10 1 1949 2348 1950
1503 2 2 10 1 1914 1922 1016
1504 2 2 10 1 1338 1874 1873
1505 2 2 10 1 936 2125 839
1506 2 2 10 1 1017 2121 868
1507 2 2 10 1 1096 2117 884
1508 2 2 10 1 461 2024 1290
1509 2 2 10 1 938 2119 849
1510 2 2 10 1 1016 2128 777
1511 2 2 10 1 1370 1879 1878
1512 2 2 10 1 1176 1853 1365
1513 2 2 10 1 2026 2087 943
1514 2 2 10 1 1779 1783 1254
1515 2 2 10 1 1817 1818 1816
1516 2 2 10 1 990 1946 1181
1517 2 2 10 1 728 1929 731
1518 2 2 10 1 1787 2054 1070
1519 2 2 10 1 1763 2045 1758
1520 2 2 10 1 927 1889 924
1521 2 2 10 1 1978 2043 415
1522 2 2 10 1 1178 2017 945
1523 2 2 10 1 1084 1855 1082
1524 2 2 10 1 1308 2597 1606
1525 2 2 10 1 1111 2025 1108
1526 2 2 10 1 1845 1846 705
1527 2 2 10 1 518 2277 520
1528 2 2 10 1 1292 2012 2011
1529 2 2 10 1 1131 1896 1177
1530 2 2 10 1 921 1882 1047
1531 2 2 10 1 899 1891 995
1532 2 2 10 1 555 1913 623
1533 2 2 10 1 525 1923 626
1534 2 2 10 1 503 1930 614
1535 2 2 10 1 485 1940 604
1536 2 2 10 1 833 1904 940
1537 2 2 10 1 565 1936 605
1538 2 2 10 1 779 1914 1016
1539 2 2 10 1 535 1942 606
1540 2 2 10 1 433 1960 611
1541 2 2 10 1 2029 2087 2026
1542 2 2 10 1 1234 1952 1240
1543 2 2 10 1 709 1968 1155
1544 2 2 10 1 419 1973 616
1545 2 2 10 1 924 1889 923
1546 2 2 10 1 1105 1980 1263
1547 2 2 10 1 572 2023 571
1548 2 2 10 1 1221 2030 1354
1549 2 2 10 1 1425 2001 1424
1550 2 2 10 1 1801 1957 1806
1551 2 2 10 1 462 2024 461
1552 2 2 10 1 763 2020 762
1553 2 2 10 1 545 2021 542
1554 2 2 10 1 934 2050 1746
1555 2 2 10 1 1438 1439 1224
1556 2 2 10 1 608 2011 577
1557 2 2 10 1 1121 1811 1123
1558 2 2 10 1 687 2343 659
1559 2 2 10 1 669 2053 449
1560 2 2 10 1 1808 1809 1250
1561 2 2 10 1 1010 2002 1015
1562 2 2 10 1 978 1988 976
1563 2 2 10 1 1800 1877 1810
1564 2 2 10 1 1746 2050 1751
1565 2 2 10 1 1694 2049 1688
1566 2 2 10 1 1653 2680 1959
1567 2 2 10 1 2004 2406 2005
1568 2 2 10 1 445 2053 1766
1569 2 2 10 1 1814 2244 1813
1570 2 2 10 1 973 1889 927
1571 2 2 10 1 1964 1966 429
1572 2 2 10 1 2082 2083 532
1573 2 2 10 1 1179 2039 1502
1574 2 2 10 1 1841 2432 332
1575 2 2 10 1 548 2247 550
1576 2 2 10 1 1182 1949 1948
1577 2 2 10 1 1091 2304 1575
1578 2 2 10 1 1302 1346 1303
1579 2 2 10 1 1766 2053 1769
1580 2 2 10 1 1147 1672 1661
1581 2 2 10 1 1798 1799 1237
1582 2 2 10 1 618 2256 1977
1583 2 2 10 1 1458 2044 1172
1584 2 2 10 1 2367 2413 2154
1585 2 2 10 1 2013 2258 2014
1586 2 2 10 1 934 1746 1745
1587 2 2 10 1 1606 2408 1308
1588 2 2 10 1 409 1797 644
1589 2 2 10 1 1999 2491 935
1590 2 2 10 1 1149 1773 1772
1591 2 2 10 1 620 2022 633
1592 2 2 10 1 1082 1855 1785
1593 2 2 10 1 1063 1737 1736
1594 2 2 10 1 1145 1734 1733
1595 2 2 10 1 1301 2000 1396
1596 2 2 10 1 1292 2013 2012
1597 2 2 10 1 625 1934 1933
1598 2 2 10 1 1166 1781 1780
1599 2 2 10 1 445 1766 1765
1600 2 2 10 1 1258 1732 1731
1601 2 2 10 1 2022 2118 633
1602 2 2 10 1 619 1764 1763
1603 2 2 10 1 1253 1794 1793
1604 2 2 10 1 1254 1786 1074
1605 2 2 10 1 1335 1778 1334
1606 2 2 10 1 1109 1360 1212
1607 2 2 10 1 1746 1747 1745
1608 2 2 10 1 1172 2044 956
1609 2 2 10 1 1773 1774 1772
1610 2 2 10 1 1222 2051 1438
1611 2 2 10 1 994 1823 1822
1612 2 2 10 1 1766 1767 1765
1613 2 2 10 1 428 1990 430
1614 2 2 10 1 531 2393 2315
1615 2 2 10 1 1737 1738 1736
1616 2 2 10 1 1823 1824 1822
1617 2 2 10 1 1781 1782 1780
1618 2 2 10 1 2137 2249 1385
1619 2 2 10 1 1748 1857 1747
1620 2 2 10 1 1298 2148 2147
1621 2 2 10 1 1954 1955 1953
1622 2 2 10 1 1858 1859 1209
1623 2 2 10 1 1496 1537 1349
1624 2 2 10 1 1854 2084 680
1625 2 2 10 1 1477 1495 1288
1626 2 2 10 1 692 1093 691
1627 2 2 10 1 1498 1567 1497
1628 2 2 10 1 1511 1538 1316
1629 2 2 10 1 1293 1418 1211
1630 2 2 10 1 1917 1919 1916
1631 2 2 10 1 745 990 744
1632 2 2 10 1 1883 1884 1882
1633 2 2 10 1 1291 1319 1201
1634 2 2 10 1 748 749 747
1635 2 2 10 1 1279 1321 1278
1636 2 2 10 1 632 636 631
1637 2 2 10 1 1462 1539 1372
1638 2 2 10 1 1170 1327 1169
1639 2 2 10 1 1271 1508 1301
1640 2 2 10 1 1325 1499 1317
1641 2 2 10 1 727 728 726
1642 2 2 10 1 974 1211 973
1643 2 2 10 1 1283 1284 1165
1644 2 2 10 1 1949 1950 1948
1645 2 2 10 1 1504 1633 1480
1646 2 2 10 1 1260 1459 1259
1647 2 2 10 1 1296 1373 1164
1648 2 2 10 1 740 741 739
1649 2 2 10 1 1187 1369 1186
1650 2 2 10 1 652 655 650
1651 2 2 10 1 1447 1548 1198
1652 2 2 10 1 947 1178 945
1653 2 2 10 1 1377 1485 1369
1654 2 2 10 1 1717 1718 932
1655 2 2 10 1 1492 1509 1284
1656 2 2 10 1 645 705 647
1657 2 2 10 1 1789 1790 1067
1658 2 2 10 1 1905 1906 1904
1659 2 2 10 1 637 657 636
1660 2 2 10 1 1342 1423 1341
1661 2 2 10 1 1282 1487 1281
1662 2 2 10 1 1306 1853 1176
1663 2 2 10 1 1277 1278 689
1664 2 2 10 1 1941 2085 416
1665 2 2 10 1 729 1929 728
1666 2 2 10 1 1101 1399 1100
1667 2 2 10 1 913 1876 911
1668 2 2 10 1 1848 1849 1104
1669 2 2 10 1 1092 1364 1172
1670 2 2 10 1 1915 1916 1914
1671 2 2 10 1 1466 1468 1196
1672 2 2 10 1 656 676 655
1673 2 2 10 1 725 726 617
1674 2 2 10 1 1382 1568 1381
1675 2 2 10 1 654 681 653
1676 2 2 10 1 742 744 741
1677 2 2 10 1 888 1878 886
1678 2 2 10 1 649 650 648
1679 2 2 10 1 992 1946 990
1680 2 2 10 1 1478 1581 1459
1681 2 2 10 1 738 739 629
1682 2 2 10 1 2097 2099 2096
1683 2 2 10 1 1753 1754 615
1684 2 2 10 1 1410 1411 1204
1685 2 2 10 1 1286 1334 989
1686 2 2 10 1 1173 1813 1811
1687 2 2 10 1 1289 1383 1189
1688 2 2 10 1 909 1717 907
1689 2 2 10 1 1290 1518 622
1690 2 2 10 1 872 1771 870
1691 2 2 10 1 1757 1758 666
1692 2 2 10 1 853 1744 851
1693 2 2 10 1 746 747 667
1694 2 2 10 1 1703 1704 985
1695 2 2 10 1 1287 1288 1157
1696 2 2 10 1 1179 1502 1178
1697 2 2 10 1 1273 1316 1193
1698 2 2 10 1 647 648 646
1699 2 2 10 1 1420 1494 1327
1700 2 2 10 1 411 1845 413
1701 2 2 10 1 1285 1349 1195
1702 2 2 10 1 1266 1372 1208
1703 2 2 10 1 1357 1558 1355
1704 2 2 10 1 1744 1994 938
1705 2 2 10 1 1488 1599 1487
1706 2 2 10 1 1961 1963 1962
1707 2 2 10 1 1269 1305 1146
1708 2 2 10 1 976 1194 970
1709 2 2 10 1 1897 1900 1899
1710 2 2 10 1 1571 1572 1319
1711 2 2 10 1 1780 1783 1779
1712 2 2 10 1 819 1703 817
1713 2 2 10 1 923 1889 1883
1714 2 2 10 1 1351 1590 1350
1715 2 2 10 1 823 1871 821
1716 2 2 10 1 1741 1742 1315
1717 2 2 10 1 662 691 661
1718 2 2 10 1 861 1873 859
1719 2 2 10 1 2008 2009 1202
1720 2 2 10 1 811 1740 809
1721 2 2 10 1 791 1756 789
1722 2 2 10 1 795 1872 793
1723 2 2 10 1 1226 2031 2030
1724 2 2 10 1 1735 1995 982
1725 2 2 10 1 1896 1898 1897
1726 2 2 10 1 1391 2445 2435
1727 2 2 10 1 807 1735 805
1728 2 2 10 1 760 1864 758
1729 2 2 10 1 1952 1954 1953
1730 2 2 10 1 1968 1970 1969
1731 2 2 10 1 644 653 635
1732 2 2 10 1 1840 1842 1841
1733 2 2 10 1 609 631 608
1734 2 2 10 1 569 1938 567
1735 2 2 10 1 2094 2101 597
1736 2 2 10 1 1991 1992 1337
1737 2 2 10 1 1550 2010 1417
1738 2 2 10 1 676 699 678
1739 2 2 10 1 1687 1693 1690
1740 2 2 10 1 1508 2000 1301
1741 2 2 10 1 539 1944 537
1742 2 2 10 1 1411 1863 1862
1743 2 2 10 1 1145 1733 1142
1744 2 2 10 1 990 1181 991
1745 2 2 10 1 1194 1417 1205
1746 2 2 10 1 1758 1760 1759
1747 2 2 10 1 699 1208 700
1748 2 2 10 1 681 696 682
1749 2 2 10 1 2031 2032 2030
1750 2 2 10 1 749 752 751
1751 2 2 10 1 2147 2148 743
1752 2 2 10 1 1790 1792 1791
1753 2 2 10 1 1364 1457 1172
1754 2 2 10 1 965 1164 943
1755 2 2 10 1 1078 1779 1076
1756 2 2 10 1 507 1932 505
1757 2 2 10 1 1365 1553 1366
1758 2 2 10 1 696 1193 697
1759 2 2 10 1 728 731 730
1760 2 2 10 1 1502 1613 1503
1761 2 2 10 1 1176 1365 1274
1762 2 2 10 1 511 1935 509
1763 2 2 10 1 1248 1856 1246
1764 2 2 10 1 966 1204 670
1765 2 2 10 1 1263 1987 1986
1766 2 2 10 1 1321 1582 1322
1767 2 2 10 1 657 689 658
1768 2 2 10 1 1093 1381 1380
1769 2 2 10 1 731 733 732
1770 2 2 10 1 983 1741 980
1771 2 2 10 1 493 1753 491
1772 2 2 10 1 1152 1352 1184
1773 2 2 10 1 1689 1820 1686
1774 2 2 10 1 717 1789 715
1775 2 2 10 1 1102 1393 1275
1776 2 2 10 1 967 1196 600
1777 2 2 10 1 1688 2049 1685
1778 2 2 10 1 1305 1519 1375
1779 2 2 10 1 1139 1730 1137
1780 2 2 10 1 752 945 753
1781 2 2 10 1 1082 1785 1080
1782 2 2 10 1 1544 1576 1545
1783 2 2 10 1 1399 1512 1400
1784 2 2 10 1 612 1983 1982
1785 2 2 10 1 1094 1355 1203
1786 2 2 10 1 2068 2070 2069
1787 2 2 10 1 1181 1480 1280
1788 2 2 10 1 733 1151 734
1789 2 2 10 1 445 1765 443
1790 2 2 10 1 1849 1851 1850
1791 2 2 10 1 1747 1750 1749
1792 2 2 10 1 441 1757 439
1793 2 2 10 1 1050 1146 1051
1794 2 2 10 1 423 1976 421
1795 2 2 10 1 1271 1301 971
1796 2 2 10 1 1334 1460 1336
1797 2 2 10 1 1034 1259 1035
1798 2 2 10 1 684 1271 971
1799 2 2 10 1 1044 1341 1045
1800 2 2 10 1 1123 1689 1686
1801 2 2 10 1 1162 1317 1163
1802 2 2 10 1 621 2022 620
1803 2 2 10 1 1824 1826 1825
1804 2 2 10 1 1704 1706 1705
1805 2 2 10 1 1124 1152 599
1806 2 2 10 1 1718 1720 1719
1807 2 2 10 1 953 1176 598
1808 2 2 10 1 1244 1796 1242
1809 2 2 10 1 646 1996 724
1810 2 2 10 1 1720 1723 1721
1811 2 2 10 1 2095 2096 2094
1812 2 2 10 1 1274 2081 598
1813 2 2 10 1 1256 1497 1255
1814 2 2 10 1 1233 1798 1237
1815 2 2 10 1 1986 1988 978
1816 2 2 10 1 911 1059 909
1817 2 2 10 1 1208 1858 1209
1818 2 2 10 1 878 1195 876
1819 2 2 10 1 845 989 843
1820 2 2 10 1 864 1157 861
1821 2 2 10 1 2003 2006 2004
1822 2 2 10 1 859 1046 857
1823 2 2 10 1 1424 1493 1331
1824 2 2 10 1 1661 1672 1573
1825 2 2 10 1 809 1063 807
1826 2 2 10 1 1419 1656 750
1827 2 2 10 1 1173 1811 1121
1828 2 2 10 1 1204 1862 1307
1829 2 2 10 1 499 2037 496
1830 2 2 10 1 1295 2039 1179
1831 2 2 10 1 874 1149 872
1832 2 2 10 1 915 1165 913
1833 2 2 10 1 899 995 897
1834 2 2 10 1 817 985 815
1835 2 2 10 1 2054 2055 1353
1836 2 2 10 1 923 1882 921
1837 2 2 10 1 1982 2021 545
1838 2 2 10 1 907 932 905
1839 2 2 10 1 805 982 803
1840 2 2 10 1 942 973 927
1841 2 2 10 1 768 1147 766
1842 2 2 10 1 1354 1367 1220
1843 2 2 10 1 1828 1830 1829
1844 2 2 10 1 891 1186 888
1845 2 2 10 1 921 1047 919
1846 2 2 10 1 797 1100 795
1847 2 2 10 1 835 1904 833
1848 2 2 10 1 901 1891 899
1849 2 2 10 1 1137 1333 1135
1850 2 2 10 1 773 1189 770
1851 2 2 10 1 1098 1102 594
1852 2 2 10 1 567 1936 565
1853 2 2 10 1 781 1914 779
1854 2 2 10 1 789 937 787
1855 2 2 10 1 555 623 553
1856 2 2 10 1 851 938 849
1857 2 2 10 1 1304 1350 1248
1858 2 2 10 1 1121 1123 1119
1859 2 2 10 1 1131 1177 1129
1860 2 2 10 1 1521 1584 1432
1861 2 2 10 1 758 1167 756
1862 2 2 10 1 980 1315 721
1863 2 2 10 1 525 626 523
1864 2 2 10 1 1092 1172 956
1865 2 2 10 1 1798 1801 1799
1866 2 2 10 1 841 936 839
1867 2 2 10 1 571 624 569
1868 2 2 10 1 821 1090 819
1869 2 2 10 1 537 1942 535
1870 2 2 10 1 833 940 831
1871 2 2 10 1 503 614 501
1872 2 2 10 1 1107 1980 1105
1873 2 2 10 1 549 612 547
1874 2 2 10 1 2061 2064 2059
1875 2 2 10 1 491 615 489
1876 2 2 10 1 719 1253 717
1877 2 2 10 1 855 934 853
1878 2 2 10 1 886 1096 884
1879 2 2 10 1 1142 1258 1139
1880 2 2 10 1 495 667 493
1881 2 2 10 1 541 617 539
1882 2 2 10 1 509 625 507
1883 2 2 10 1 461 622 459
1884 2 2 10 1 704 1060 683
1885 2 2 10 1 519 613 517
1886 2 2 10 1 825 1169 823
1887 2 2 10 1 487 1940 485
1888 2 2 10 1 439 666 437
1889 2 2 10 1 1486 1577 1401
1890 2 2 10 1 485 604 483
1891 2 2 10 1 702 970 686
1892 2 2 10 1 565 605 563
1893 2 2 10 1 870 1017 868
1894 2 2 10 1 435 1960 433
1895 2 2 10 1 477 629 475
1896 2 2 10 1 557 1913 555
1897 2 2 10 1 443 619 441
1898 2 2 10 1 793 993 791
1899 2 2 10 1 451 669 449
1900 2 2 10 1 1842 2432 1841
1901 2 2 10 1 535 606 533
1902 2 2 10 1 455 610 453
1903 2 2 10 1 527 1923 525
1904 2 2 10 1 421 1973 419
1905 2 2 10 1 1317 1847 1318
1906 2 2 10 1 1682 1683 1335
1907 2 2 10 1 779 1016 777
1908 2 2 10 1 1236 1952 1234
1909 2 2 10 1 505 1930 503
1910 2 2 10 1 433 611 431
1911 2 2 10 1 711 1968 709
1912 2 2 10 1 471 607 469
1913 2 2 10 1 425 618 423
1914 2 2 10 1 709 1155 707
1915 2 2 10 1 1080 1166 1078
1916 2 2 10 1 467 668 465
1917 2 2 10 1 1133 1896 1131
1918 2 2 10 1 1246 1251 1244
1919 2 2 10 1 762 1201 760
1920 2 2 10 1 1234 1240 1233
1921 2 2 10 1 1068 1353 983
1922 2 2 10 1 419 616 417
1923 2 2 10 1 414 1941 416
1924 2 2 10 1 1076 1254 1074
1925 2 2 10 1 1184 2082 599
1926 2 2 10 1 1242 1249 1239
1927 2 2 10 1 1105 1263 997
1928 2 2 10 1 1950 1951 1948
1929 2 2 10 1 715 1067 713
1930 2 2 10 1 679 684 664
1931 2 2 10 1 1070 2054 1068
1932 2 2 10 1 1125 1198 1084
1933 2 2 10 1 1113 1281 1111
1934 2 2 10 1 1912 2396 1907
1935 2 2 10 1 659 660 641
1936 2 2 10 1 945 2017 946
1937 2 2 10 1 663 679 664
1938 2 2 10 1 952 2156 1557
1939 2 2 10 1 1275 2080 594
1940 2 2 10 1 2303 2346 1388
1941 2 2 10 1 1746 1748 1747
1942 2 2 10 1 516 2134 518
1943 2 2 10 1 974 1293 1211
1944 2 2 10 1 1991 1993 1992
1945 2 2 10 1 1654 2081 1274
1946 2 2 10 1 1006 2007 1008
1947 2 2 10 1 1187 1377 1369
1948 2 2 10 1 960 1821 962
1949 2 2 10 1 1002 1848 1004
1950 2 2 10 1 2073 2074 2047
1951 2 2 10 1 1293 1589 1418
1952 2 2 10 1 1286 1335 1334
1953 2 2 10 1 577 2011 575
1954 2 2 10 1 1974 1975 616
1955 2 2 10 1 1035 2008 1037
1956 2 2 10 1 1276 1889 973
1957 2 2 10 1 1961 1962 611
1958 2 2 10 1 1883 1885 1884
1959 2 2 10 1 1285 1496 1349
1960 2 2 10 1 1283 1492 1284
1961 2 2 10 1 1223 2030 1221
1962 2 2 10 1 1170 1420 1327
1963 2 2 10 1 1287 1477 1288
1964 2 2 10 1 1766 1768 1767
1965 2 2 10 1 1101 1401 1399
1966 2 2 10 1 1917 1920 1919
1967 2 2 10 1 1897 1899 1177
1968 2 2 10 1 1924 1925 626
1969 2 2 10 1 1356 1544 1543
1970 2 2 10 1 1051 2016 1053
1971 2 2 10 1 642 661 643
1972 2 2 10 1 1648 1649 371
1973 2 2 10 1 1905 1907 1906
1974 2 2 10 1 1718 1722 1720
1975 2 2 10 1 2067 2068 595
1976 2 2 10 1 1019 1158 1021
1977 2 2 10 1 1801 1803 1802
1978 2 2 10 1 1050 2091 1269
1979 2 2 10 1 1658 1867 1866
1980 2 2 10 1 1279 1329 1321
1981 2 2 10 1 1915 1917 1916
1982 2 2 10 1 1374 2028 2027
1983 2 2 10 1 1655 1999 1998
1984 2 2 10 1 1034 2092 1260
1985 2 2 10 1 1334 1778 1460
1986 2 2 10 1 923 1883 1882
1987 2 2 10 1 1289 1501 1383
1988 2 2 10 1 949 1094 951
1989 2 2 10 1 1288 1881 1338
1990 2 2 10 1 501 2200 499
1991 2 2 10 1 915 1283 1165
1992 2 2 10 1 632 637 636
1993 2 2 10 1 727 729 728
1994 2 2 10 1 1037 1202 1039
1995 2 2 10 1 662 692 691
1996 2 2 10 1 1291 1571 1319
1997 2 2 10 1 1041 1044 1043
1998 2 2 10 1 1277 1279 1278
1999 2 2 10 1 1704 1708 1706
2000 2 2 10 1 690 999 694
2001 2 2 10 1 942 974 973
2002 2 2 10 1 911 1876 1059
2003 2 2 10 1 1053 1159 1055
2004 2 2 10 1 1000 1180 1002
2005 2 2 10 1 725 727 726
2006 2 2 10 1 1269 2091 1642
2007 2 2 10 1 962 1018 964
2008 2 2 10 1 1008 2002 1010
2009 2 2 10 1 737 994 960
2010 2 2 10 1 886 1878 1096
2011 2 2 10 1 1014 1050 1049
2012 2 2 10 1 465 2024 462
2013 2 2 10 1 1269 1536 1305
2014 2 2 10 1 1260 2092 1479
2015 2 2 10 1 1753 1755 1754
2016 2 2 10 1 1025 1058 1027
2017 2 2 10 1 907 1717 932
2018 2 2 10 1 1342 1629 1423
2019 2 2 10 1 740 742 741
2020 2 2 10 1 1004 1104 1006
2021 2 2 10 1 878 1285 1195
2022 2 2 10 1 947 1179 1178
2023 2 2 10 1 654 683 681
2024 2 2 10 1 1357 1559 1558
2025 2 2 10 1 864 1287 1157
2026 2 2 10 1 746 748 747
2027 2 2 10 1 748 750 749
2028 2 2 10 1 1318 1446 1445
2029 2 2 10 1 851 1744 938
2030 2 2 10 1 742 745 744
2031 2 2 10 1 745 992 990
2032 2 2 10 1 870 1771 1017
2033 2 2 10 1 1273 1511 1316
2034 2 2 10 1 1284 1895 1340
2035 2 2 10 1 609 632 631
2036 2 2 10 1 1044 2090 1342
2037 2 2 10 1 1226 2030 1223
2038 2 2 10 1 738 740 739
2039 2 2 10 1 1290 1562 1518
2040 2 2 10 1 891 1187 1186
2041 2 2 10 1 1351 1591 1590
2042 2 2 10 1 1031 1034 1033
2043 2 2 10 1 835 1905 1904
2044 2 2 10 1 1057 1162 1161
2045 2 2 10 1 1010 1015 1012
2046 2 2 10 1 821 1871 1090
2047 2 2 10 1 645 646 593
2048 2 2 10 1 657 1277 689
2049 2 2 10 1 965 1296 1164
2050 2 2 10 1 817 1703 985
2051 2 2 10 1 1256 1498 1497
2052 2 2 10 1 656 677 676
2053 2 2 10 1 859 1873 1046
2054 2 2 10 1 1094 2093 1357
2055 2 2 10 1 809 1740 1063
2056 2 2 10 1 1260 1478 1459
2057 2 2 10 1 1266 1462 1372
2058 2 2 10 1 649 652 650
2059 2 2 10 1 789 1756 937
2060 2 2 10 1 1525 2082 1184
2061 2 2 10 1 845 1286 989
2062 2 2 10 1 1342 2090 1644
2063 2 2 10 1 652 656 655
2064 2 2 10 1 680 698 679
2065 2 2 10 1 825 1170 1169
2066 2 2 10 1 1747 1857 1750
2067 2 2 10 1 781 1915 1914
2068 2 2 10 1 793 1872 993
2069 2 2 10 1 647 649 648
2070 2 2 10 1 967 1466 1196
2071 2 2 10 1 1162 1325 1317
2072 2 2 10 1 773 1289 1189
2073 2 2 10 1 1093 1382 1381
2074 2 2 10 1 1034 1260 1259
2075 2 2 10 1 2033 2034 2031
2076 2 2 10 1 805 1735 982
2077 2 2 10 1 1050 1269 1146
2078 2 2 10 1 758 1864 1167
2079 2 2 10 1 731 735 733
2080 2 2 10 1 797 1101 1100
2081 2 2 10 1 1282 1488 1487
2082 2 2 10 1 644 654 653
2083 2 2 10 1 1707 1711 1710
2084 2 2 10 1 1194 1550 1417
2085 2 2 10 1 1357 2093 1624
2086 2 2 10 1 752 947 945
2087 2 2 10 1 997 1986 978
2088 2 2 10 1 762 1291 1201
2089 2 2 10 1 1239 1958 1236
2090 2 2 10 1 1124 1435 1152
2091 2 2 10 1 1263 1989 1987
2092 2 2 10 1 1222 1438 1224
2093 2 2 10 1 766 2020 763
2094 2 2 10 1 1181 1504 1480
2095 2 2 10 1 2095 2097 2096
2096 2 2 10 1 571 1150 624
2097 2 2 10 1 696 1273 1193
2098 2 2 10 1 1091 1092 956
2099 2 2 10 1 953 1306 1176
2100 2 2 10 1 567 1938 1936
2101 2 2 10 1 1044 1342 1341
2102 2 2 10 1 1433 1521 1432
2103 2 2 10 1 665 687 659
2104 2 2 10 1 966 1410 1204
2105 2 2 10 1 541 725 617
2106 2 2 10 1 1094 1357 1355
2107 2 2 10 1 537 1944 1942
2108 2 2 10 1 857 2050 855
2109 2 2 10 1 1295 2040 2039
2110 2 2 10 1 1142 1733 1258
2111 2 2 10 1 699 1266 1208
2112 2 2 10 1 575 2023 572
2113 2 2 10 1 1255 1991 1337
2114 2 2 10 1 1076 1779 1254
2115 2 2 10 1 505 1932 1930
2116 2 2 10 1 509 1935 625
2117 2 2 10 1 495 746 667
2118 2 2 10 1 483 1985 481
2119 2 2 10 1 477 738 629
2120 2 2 10 1 1570 2489 2271
2121 2 2 10 1 491 1753 615
2122 2 2 10 1 1304 1351 1350
2123 2 2 10 1 980 1741 1315
2124 2 2 10 1 1242 1796 1249
2125 2 2 10 1 1428 2001 1425
2126 2 2 10 1 1125 1447 1198
2127 2 2 10 1 715 1789 1067
2128 2 2 10 1 1122 1173 1121
2129 2 2 10 1 1080 1785 1166
2130 2 2 10 1 547 1982 545
2131 2 2 10 1 1098 1403 1102
2132 2 2 10 1 461 1290 622
2133 2 2 10 1 443 1765 619
2134 2 2 10 1 425 723 618
2135 2 2 10 1 439 1757 666
2136 2 2 10 1 1113 1282 1281
2137 2 2 10 1 1135 1901 1133
2138 2 2 10 1 421 1976 1973
2139 2 2 10 1 675 2231 2133
2140 2 2 10 1 1137 1730 1333
2141 2 2 10 1 1246 1856 1251
2142 2 2 10 1 1107 1981 1980
2143 2 2 10 1 702 976 970
2144 2 2 10 1 1657 2080 1275
2145 2 2 10 1 1221 1354 1220
2146 2 2 10 1 633 642 634
2147 2 2 10 1 787 1984 785
2148 2 2 10 1 690 1861 999
2149 2 2 10 1 1004 1848 1104
2150 2 2 10 1 1008 2007 2002
2151 2 2 10 1 756 1815 692
2152 2 2 10 1 962 1821 1018
2153 2 2 10 1 1691 1695 1694
2154 2 2 10 1 1037 2008 1202
2155 2 2 10 1 639 1819 637
2156 2 2 10 1 1053 2016 1159
2157 2 2 10 1 689 1861 690
2158 2 2 10 1 1120 1121 1119
2159 2 2 10 1 645 647 646
2160 2 2 10 1 752 2106 947
2161 2 2 10 1 972 1171 698
2162 2 2 10 1 683 2114 681
2163 2 2 10 1 602 603 601
2164 2 2 10 1 642 662 661
2165 2 2 10 1 1687 1690 1688
2166 2 2 10 1 750 2106 749
2167 2 2 10 1 947 2106 1294
2168 2 2 10 1 696 2114 1273
2169 2 2 10 1 974 2107 1535
2170 2 2 10 1 1801 1806 1803
2171 2 2 10 1 587 2301 588
2172 2 2 10 1 2115 2197 1378
2173 2 2 10 1 588 609 608
2174 2 2 10 1 1273 2114 1645
2175 2 2 10 1 1228 2042 1267
2176 2 2 10 1 1283 2120 1675
2177 2 2 10 1 942 2107 974
2178 2 2 10 1 1799 1800 1237
2179 2 2 10 1 915 2120 1283
2180 2 2 10 1 366 2179 1716
2181 2 2 10 1 588 608 577
2182 2 2 10 1 620 633 627
2183 2 2 10 1 1285 2117 1677
2184 2 2 10 1 1171 1182 698
2185 2 2 10 1 1187 2115 1378
2186 2 2 10 1 878 2117 1285
2187 2 2 10 1 1287 2121 1679
2188 2 2 10 1 864 2121 1287
2189 2 2 10 1 897 2197 895
2190 2 2 10 1 891 2115 1187
2191 2 2 10 1 1286 2119 1681
2192 2 2 10 1 2273 2285 1754
2193 2 2 10 1 620 627 603
2194 2 2 10 1 2013 2014 2012
2195 2 2 10 1 835 2125 1905
2196 2 2 10 1 845 2119 1286
2197 2 2 10 1 1905 2125 1911
2198 2 2 10 1 1690 1692 1691
2199 2 2 10 1 1170 2122 1421
2200 2 2 10 1 662 2118 755
2201 2 2 10 1 1430 1607 1510
2202 2 2 10 1 641 675 639
2203 2 2 10 1 825 2122 1170
2204 2 2 10 1 2122 2198 1421
2205 2 2 10 1 1255 1337 1171
2206 2 2 10 1 355 2536 1993
2207 2 2 10 1 642 2118 662
2208 2 2 10 1 1824 1825 1822
2209 2 2 10 1 831 2198 829
2210 2 2 10 1 781 2127 1915
2211 2 2 10 1 676 678 655
2212 2 2 10 1 650 651 648
2213 2 2 10 1 1227 2033 1226
2214 2 2 10 1 1101 2123 1402
2215 2 2 10 1 1372 1858 1208
2216 2 2 10 1 1955 1956 1953
2217 2 2 10 1 773 2128 1289
2218 2 2 10 1 1411 1862 1204
2219 2 2 10 1 797 2123 1101
2220 2 2 10 1 1027 2018 1029
2221 2 2 10 1 1430 1510 1428
2222 2 2 10 1 1194 1205 970
2223 2 2 10 1 1915 2127 1918
2224 2 2 10 1 1487 1505 1281
2225 2 2 10 1 640 659 641
2226 2 2 10 1 1758 1759 666
2227 2 2 10 1 681 682 653
2228 2 2 10 1 990 991 744
2229 2 2 10 1 1316 1434 1193
2230 2 2 10 1 1055 1699 1057
2231 2 2 10 1 1289 2128 1696
2232 2 2 10 1 749 751 747
2233 2 2 10 1 1790 1791 1067
2234 2 2 10 1 1459 1475 1259
2235 2 2 10 1 972 1255 1171
2236 2 2 10 1 803 2199 801
2237 2 2 10 1 874 1844 1149
2238 2 2 10 1 1502 1503 1178
2239 2 2 10 1 1738 1739 1736
2240 2 2 10 1 1431 1432 1429
2241 2 2 10 1 741 743 739
2242 2 2 10 1 1499 1847 1317
2243 2 2 10 1 2099 2100 2096
2244 2 2 10 1 1742 1743 1315
2245 2 2 10 1 1590 1592 1350
2246 2 2 10 1 1548 1551 1198
2247 2 2 10 1 2123 2199 1402
2248 2 2 10 1 1849 1850 1104
2249 2 2 10 1 1237 1807 1231
2250 2 2 10 1 1208 1209 700
2251 2 2 10 1 1468 1541 1196
2252 2 2 10 1 1747 1749 1745
2253 2 2 10 1 955 956 688
2254 2 2 10 1 1373 1374 1164
2255 2 2 10 1 657 658 636
2256 2 2 10 1 1021 2019 1023
2257 2 2 10 1 1305 1375 1146
2258 2 2 10 1 699 700 678
2259 2 2 10 1 728 730 726
2260 2 2 10 1 1393 1556 1275
2261 2 2 10 1 719 1795 1253
2262 2 2 10 1 1417 1620 1205
2263 2 2 10 1 1204 1307 670
2264 2 2 10 1 1093 1380 691
2265 2 2 10 1 1147 1673 1672
2266 2 2 10 1 1760 1761 1759
2267 2 2 10 1 1181 1280 991
2268 2 2 10 1 1468 2038 1541
2269 2 2 10 1 1365 1366 1274
2270 2 2 10 1 1319 1490 1201
2271 2 2 10 1 752 753 751
2272 2 2 10 1 1176 1274 598
2273 2 2 10 1 1480 1481 1280
2274 2 2 10 1 945 946 753
2275 2 2 10 1 602 620 603
2276 2 2 10 1 1355 1356 1203
2277 2 2 10 1 1383 1384 1189
2278 2 2 10 1 1321 1322 1278
2279 2 2 10 1 1341 1389 1045
2280 2 2 10 1 696 697 682
2281 2 2 10 1 1774 1775 1772
2282 2 2 10 1 2070 2071 2069
2283 2 2 10 1 1352 1524 1184
2284 2 2 10 1 1068 2054 1353
2285 2 2 10 1 631 1292 608
2286 2 2 10 1 1568 1614 1381
2287 2 2 10 1 1317 1318 1163
2288 2 2 10 1 733 734 732
2289 2 2 10 1 731 732 730
2290 2 2 10 1 1102 1275 594
2291 2 2 10 1 1229 1250 1227
2292 2 2 10 1 1152 1184 599
2293 2 2 10 1 627 628 603
2294 2 2 10 1 1704 1705 985
2295 2 2 10 1 1906 1908 1904
2296 2 2 10 1 1263 1986 997
2297 2 2 10 1 1123 1686 1684
2298 2 2 10 1 633 634 627
2299 2 2 10 1 1582 1583 1322
2300 2 2 10 1 1334 1336 989
2301 2 2 10 1 1399 1400 1100
2302 2 2 10 1 689 690 658
2303 2 2 10 1 1327 1328 1169
2304 2 2 10 1 477 2130 738
2305 2 2 10 1 1113 2129 1282
2306 2 2 10 1 668 2024 465
2307 2 2 10 1 1240 1798 1233
2308 2 2 10 1 1919 1921 1916
2309 2 2 10 1 1288 1338 1157
2310 2 2 10 1 1249 1958 1239
2311 2 2 10 1 1333 1901 1135
2312 2 2 10 1 1349 1358 1195
2313 2 2 10 1 604 1985 483
2314 2 2 10 1 1497 1991 1255
2315 2 2 10 1 1495 1881 1288
2316 2 2 10 1 1284 1340 1165
2317 2 2 10 1 661 1854 663
2318 2 2 10 1 409 644 635
2319 2 2 10 1 1301 1396 1345
2320 2 2 10 1 1884 1887 1882
2321 2 2 10 1 1282 2129 1489
2322 2 2 10 1 612 1982 547
2323 2 2 10 1 738 2130 1379
2324 2 2 10 1 737 1838 994
2325 2 2 10 1 1706 1707 1705
2326 2 2 10 1 1457 1631 1458
2327 2 2 10 1 1718 1719 932
2328 2 2 10 1 646 724 593
2329 2 2 10 1 684 971 754
2330 2 2 10 1 1369 1370 1186
2331 2 2 10 1 1509 1895 1284
2332 2 2 10 1 1512 1665 1400
2333 2 2 10 1 1147 2020 766
2334 2 2 10 1 1867 1868 1866
2335 2 2 10 1 1211 1276 973
2336 2 2 10 1 1167 1815 756
2337 2 2 10 1 1151 1843 1840
2338 2 2 10 1 1801 1802 1799
2339 2 2 10 1 1044 1045 1043
2340 2 2 10 1 2068 2069 595
2341 2 2 10 1 1158 2019 1021
2342 2 2 10 1 1058 2018 1027
2343 2 2 10 1 1446 1465 1445
2344 2 2 10 1 937 1984 787
2345 2 2 10 1 1034 1035 1033
2346 2 2 10 1 1544 1545 1543
2347 2 2 10 1 1460 1484 1336
2348 2 2 10 1 1159 1699 1055
2349 2 2 10 1 1162 1163 1161
2350 2 2 10 1 1094 1203 951
2351 2 2 10 1 680 972 698
2352 2 2 10 1 999 1000 694
2353 2 2 10 1 1050 1051 1049
2354 2 2 10 1 1018 1019 964
2355 2 2 10 1 1797 2242 644
2356 2 2 10 1 591 601 587
2357 2 2 10 1 1803 1804 1802
2358 2 2 10 1 1219 1220 1174
2359 2 2 10 1 1233 1237 1231
2360 2 2 10 1 1720 1721 1719
2361 2 2 10 1 1687 1688 1685
2362 2 2 10 1 1429 1430 1428
2363 2 2 10 1 2011 2023 575
2364 2 2 10 1 1119 1684 1116
2365 2 2 10 1 642 643 634
2366 2 2 10 1 661 663 643
2367 2 2 10 1 573 965 943
2368 2 2 10 1 1993 2619 355
2369 2 2 10 1 640 641 639
2370 2 2 10 1 1262 2284 2250
2371 2 2 10 1 2041 2445 1391
2372 2 2 10 1 1174 1814 1173
2373 2 2 10 1 299 2562 2105
2374 2 2 10 1 663 680 679
2375 2 2 10 1 1205 2138 970
2376 2 2 10 1 427 966 670
2377 2 2 10 1 479 1099 671
2378 2 2 10 1 591 602 601
2379 2 2 10 1 1759 2139 666
2380 2 2 10 1 1302 1303 701
2381 2 2 10 1 1378 2197 1636
2382 2 2 10 1 768 1673 1147
2383 2 2 10 1 1115 1343 1118
2384 2 2 10 1 559 967 600
2385 2 2 10 1 2079 2247 548
2386 2 2 10 1 514 2094 597
2387 2 2 10 1 1881 2451 305
2388 2 2 10 1 1012 2091 1014
2389 2 2 10 1 1430 1622 1607
2390 2 2 10 1 1029 2092 1031
2391 2 2 10 1 688 2044 687
2392 2 2 10 1 946 2093 949
2393 2 2 10 1 1039 2090 1041
2394 2 2 10 1 466 2081 672
2395 2 2 10 1 1685 2049 1117
2396 2 2 10 1 1432 1890 1429
2397 2 2 10 1 675 1819 639
2398 2 2 10 1 463 953 598
2399 2 2 10 1 650 2143 651
2400 2 2 10 1 1243 1376 1245
2401 2 2 10 1 2046 2073 2047
2402 2 2 10 1 1705 2144 985
2403 2 2 10 1 1715 1716 1713
2404 2 2 10 1 678 2143 655
2405 2 2 10 1 741 2147 743
2406 2 2 10 1 972 1256 1255
2407 2 2 10 1 1421 2198 1638
2408 2 2 10 1 529 1124 599
2409 2 2 10 1 645 1845 705
2410 2 2 10 1 602 621 620
2411 2 2 10 1 631 2152 1292
2412 2 2 10 1 1336 2145 989
2413 2 2 10 1 1402 2199 1640
2414 2 2 10 1 1510 2001 1428
2415 2 2 10 1 576 2087 591
2416 2 2 10 1 1976 2252 1973
2417 2 2 10 1 991 2147 744
2418 2 2 10 1 587 588 577
2419 2 2 10 1 1623 2138 1205
2420 2 2 10 1 711 1971 1968
2421 2 2 10 1 1832 1835 1834
2422 2 2 10 1 2200 2240 2037
2423 2 2 10 1 658 2152 636
2424 2 2 10 1 513 2095 2094
2425 2 2 10 1 1762 2139 1759
2426 2 2 10 1 1719 2151 932
2427 2 2 10 1 1092 1569 1364
2428 2 2 10 1 589 2048 566
2429 2 2 10 1 1271 1634 1508
2430 2 2 10 1 447 1098 594
2431 2 2 10 1 484 2072 486
2432 2 2 10 1 1173 1814 1813
2433 2 2 10 1 409 635 407
2434 2 2 10 1 1226 2033 2031
2435 2 2 10 1 522 2241 524
2436 2 2 10 1 1675 1676 1492
2437 2 2 10 1 437 2139 435
2438 2 2 10 1 905 2151 902
2439 2 2 10 1 815 2144 812
2440 2 2 10 1 1677 1678 1496
2441 2 2 10 1 686 2138 677
2442 2 2 10 1 671 2067 480
2443 2 2 10 1 1804 1805 1802
2444 2 2 10 1 1751 1752 1748
2445 2 2 10 1 1297 2143 678
2446 2 2 10 1 1679 1680 1477
2447 2 2 10 1 1681 1682 1335
2448 2 2 10 1 1690 1691 1688
2449 2 2 10 1 1378 1546 1377
2450 2 2 10 1 956 2044 688
2451 2 2 10 1 663 664 643
2452 2 2 10 1 482 2067 595
2453 2 2 10 1 1421 1514 1420
2454 2 2 10 1 843 2145 841
2455 2 2 10 1 1944 2284 1942
2456 2 2 10 1 1434 2194 1193
2457 2 2 10 1 1225 1226 1223
2458 2 2 10 1 1696 1697 1501
2459 2 2 10 1 1433 1522 1521
2460 2 2 10 1 1709 2144 1705
2461 2 2 10 1 566 2048 568
2462 2 2 10 1 665 688 687
2463 2 2 10 1 912 913 911
2464 2 2 10 1 1636 1637 1546
2465 2 2 10 1 910 911 909
2466 2 2 10 1 450 2080 673
2467 2 2 10 1 1838 1839 1823
2468 2 2 10 1 2153 2154 674
2469 2 2 10 1 941 942 927
2470 2 2 10 1 922 923 921
2471 2 2 10 1 898 899 897
2472 2 2 10 1 755 756 692
2473 2 2 10 1 1298 2147 991
2474 2 2 10 1 914 915 913
2475 2 2 10 1 889 891 888
2476 2 2 10 1 920 921 919
2477 2 2 10 1 1402 1486 1401
2478 2 2 10 1 887 888 886
2479 2 2 10 1 1662 2145 1336
2480 2 2 10 1 908 909 907
2481 2 2 10 1 638 639 637
2482 2 2 10 1 2075 2076 2074
2483 2 2 10 1 873 874 872
2484 2 2 10 1 906 907 905
2485 2 2 10 1 877 878 876
2486 2 2 10 1 900 901 899
2487 2 2 10 1 855 2050 934
2488 2 2 10 1 871 872 870
2489 2 2 10 1 854 855 853
2490 2 2 10 1 858 859 857
2491 2 2 10 1 1642 1643 1536
2492 2 2 10 1 862 864 861
2493 2 2 10 1 896 897 895
2494 2 2 10 1 852 853 851
2495 2 2 10 1 1390 1391 1296
2496 2 2 10 1 1467 1616 1466
2497 2 2 10 1 856 857 855
2498 2 2 10 1 1270 1530 729
2499 2 2 10 1 844 845 843
2500 2 2 10 1 1638 1639 1514
2501 2 2 10 1 1330 1331 1329
2502 2 2 10 1 860 861 859
2503 2 2 10 1 875 876 874
2504 2 2 10 1 832 833 831
2505 2 2 10 1 1436 1437 1435
2506 2 2 10 1 842 843 841
2507 2 2 10 1 1640 1641 1486
2508 2 2 10 1 869 870 868
2509 2 2 10 1 824 825 823
2510 2 2 10 1 1272 1419 750
2511 2 2 10 1 822 823 821
2512 2 2 10 1 818 819 817
2513 2 2 10 1 885 886 884
2514 2 2 10 1 834 835 833
2515 2 2 10 1 1122 1174 1173
2516 2 2 10 1 810 811 809
2517 2 2 10 1 840 841 839
2518 2 2 10 1 1294 1295 1179
2519 2 2 10 1 808 809 807
2520 2 2 10 1 804 805 803
2521 2 2 10 1 850 851 849
2522 2 2 10 1 1769 1770 1768
2523 2 2 10 1 693 2152 658
2524 2 2 10 1 820 821 819
2525 2 2 10 1 830 831 829
2526 2 2 10 1 796 797 795
2527 2 2 10 1 790 791 789
2528 2 2 10 1 792 793 791
2529 2 2 10 1 794 795 793
2530 2 2 10 1 1645 1646 1511
2531 2 2 10 1 806 807 805
2532 2 2 10 1 703 704 683
2533 2 2 10 1 1120 1122 1121
2534 2 2 10 1 816 817 815
2535 2 2 10 1 788 789 787
2536 2 2 10 1 1394 1395 1306
2537 2 2 10 1 640 665 659
2538 2 2 10 1 1431 1433 1432
2539 2 2 10 1 955 1091 956
2540 2 2 10 1 780 781 779
2541 2 2 10 1 769 770 768
2542 2 2 10 1 1404 1443 1403
2543 2 2 10 1 802 803 801
2544 2 2 10 1 1412 1565 1410
2545 2 2 10 1 1177 1903 1129
2546 2 2 10 1 771 773 770
2547 2 2 10 1 786 787 785
2548 2 2 10 1 1724 2151 1719
2549 2 2 10 1 759 760 758
2550 2 2 10 1 761 762 760
2551 2 2 10 1 616 1978 417
2552 2 2 10 1 1332 1424 1331
2553 2 2 10 1 757 758 756
2554 2 2 10 1 1726 1729 1727
2555 2 2 10 1 977 978 976
2556 2 2 10 1 778 779 777
2557 2 2 10 1 685 686 677
2558 2 2 10 1 611 1964 431
2559 2 2 10 1 2077 2078 2076
2560 2 2 10 1 767 768 766
2561 2 2 10 1 626 1926 523
2562 2 2 10 1 566 567 565
2563 2 2 10 1 2046 2047 1616
2564 2 2 10 1 2072 2141 486
2565 2 2 10 1 568 569 567
2566 2 2 10 1 570 571 569
2567 2 2 10 1 554 555 553
2568 2 2 10 1 564 565 563
2569 2 2 10 1 550 551 549
2570 2 2 10 1 556 557 555
2571 2 2 10 1 548 549 547
2572 2 2 10 1 552 553 551
2573 2 2 10 1 536 537 535
2574 2 2 10 1 360 1653 1652
2575 2 2 10 1 1243 1244 1242
2576 2 2 10 1 538 539 537
2577 2 2 10 1 2058 2059 1437
2578 2 2 10 1 540 541 539
2579 2 2 10 1 534 535 533
2580 2 2 10 1 506 2248 508
2581 2 2 10 1 2060 2061 2059
2582 2 2 10 1 524 525 523
2583 2 2 10 1 2062 2063 2061
2584 2 2 10 1 526 527 525
2585 2 2 10 1 520 521 519
2586 2 2 10 1 1136 1137 1135
2587 2 2 10 1 2065 2066 2063
2588 2 2 10 1 522 523 521
2589 2 2 10 1 518 519 517
2590 2 2 10 1 1132 1133 1131
2591 2 2 10 1 1143 1145 1142
2592 2 2 10 1 1138 1139 1137
2593 2 2 10 1 502 503 501
2594 2 2 10 1 508 509 507
2595 2 2 10 1 506 507 505
2596 2 2 10 1 504 505 503
2597 2 2 10 1 1083 1084 1082
2598 2 2 10 1 2134 2277 518
2599 2 2 10 1 1079 1080 1078
2600 2 2 10 1 1077 1078 1076
2601 2 2 10 1 1140 1142 1139
2602 2 2 10 1 510 511 509
2603 2 2 10 1 1085 1125 1084
2604 2 2 10 1 706 707 704
2605 2 2 10 1 562 563 561
2606 2 2 10 1 490 491 489
2607 2 2 10 1 494 495 493
2608 2 2 10 1 1712 1715 1713
2609 2 2 10 1 1069 1070 1068
2610 2 2 10 1 486 487 485
2611 2 2 10 1 1252 1304 1248
2612 2 2 10 1 492 493 491
2613 2 2 10 1 1238 1239 1236
2614 2 2 10 1 1134 1135 1133
2615 2 2 10 1 484 485 483
2616 2 2 10 1 418 2085 584
2617 2 2 10 1 712 713 711
2618 2 2 10 1 722 980 721
2619 2 2 10 1 532 533 531
2620 2 2 10 1 488 489 487
2621 2 2 10 1 981 983 980
2622 2 2 10 1 708 709 707
2623 2 2 10 1 1241 1242 1239
2624 2 2 10 1 472 473 471
2625 2 2 10 1 718 719 717
2626 2 2 10 1 714 715 713
2627 2 2 10 1 468 469 467
2628 2 2 10 1 474 475 473
2629 2 2 10 1 470 471 469
2630 2 2 10 1 476 477 475
2631 2 2 10 1 1130 1131 1129
2632 2 2 10 1 716 717 715
2633 2 2 10 1 663 1854 680
2634 2 2 10 1 460 461 459
2635 2 2 10 1 1232 1234 1233
2636 2 2 10 1 1081 1082 1080
2637 2 2 10 1 720 721 719
2638 2 2 10 1 516 517 515
2639 2 2 10 1 1235 1236 1234
2640 2 2 10 1 456 457 455
2641 2 2 10 1 546 547 545
2642 2 2 10 1 454 455 453
2643 2 2 10 1 710 711 709
2644 2 2 10 1 452 453 451
2645 2 2 10 1 458 459 457
2646 2 2 10 1 2108 2109 1443
2647 2 2 10 1 1247 1248 1246
2648 2 2 10 1 2110 2111 2109
2649 2 2 10 1 438 439 437
2650 2 2 10 1 500 501 499
2651 2 2 10 1 434 435 433
2652 2 2 10 1 442 443 441
2653 2 2 10 1 444 445 443
2654 2 2 10 1 440 441 439
2655 2 2 10 1 984 1068 983
2656 2 2 10 1 2112 2113 2111
2657 2 2 10 1 979 997 978
2658 2 2 10 1 1106 1107 1105
2659 2 2 10 1 436 437 435
2660 2 2 10 1 432 433 431
2661 2 2 10 1 420 421 419
2662 2 2 10 1 701 702 686
2663 2 2 10 1 422 423 421
2664 2 2 10 1 1219 1221 1220
2665 2 2 10 1 418 419 417
2666 2 2 10 1 1075 1076 1074
2667 2 2 10 1 424 425 423
2668 2 2 10 1 482 483 481
2669 2 2 10 1 450 451 449
2670 2 2 10 1 466 467 465
2671 2 2 10 1 998 1105 997
2672 2 2 10 1 1112 1113 1111
2673 2 2 10 1 576 577 575
2674 2 2 10 1 416 417 415
2675 2 2 10 1 430 431 429
2676 2 2 10 1 1212 2088 1110
2677 2 2 10 1 2250 2284 1945
2678 2 2 10 1 1630 2240 2200
2679 2 2 10 1 1118 1119 1116
2680 2 2 10 1 1391 2435 2282
2681 2 2 10 1 1245 1246 1244
2682 2 2 10 1 420 2202 422
2683 2 2 10 1 413 645 593
2684 2 2 10 1 698 1947 679
2685 2 2 10 1 1355 2157 1356
2686 2 2 10 1 1819 2133 1277
2687 2 2 10 1 585 2073 2046
2688 2 2 10 1 456 2245 458
2689 2 2 10 1 649 695 652
2690 2 2 10 1 2112 2140 674
2691 2 2 10 1 638 640 639
2692 2 2 10 1 1669 1671 1670
2693 2 2 10 1 1225 1227 1226
2694 2 2 10 1 1367 2244 1814
2695 2 2 10 1 1427 1429 1428
2696 2 2 10 1 1797 2278 2242
2697 2 2 10 1 2041 2048 589
2698 2 2 10 1 926 927 924
2699 2 2 10 1 440 2243 442
2700 2 2 10 1 918 919 916
2701 2 2 10 1 1470 1603 1199
2702 2 2 10 1 904 905 902
2703 2 2 10 1 883 884 879
2704 2 2 10 1 1118 1120 1119
2705 2 2 10 1 1587 2191 1213
2706 2 2 10 1 894 895 892
2707 2 2 10 1 867 868 865
2708 2 2 10 1 670 1990 428
2709 2 2 10 1 848 849 846
2710 2 2 10 1 838 839 836
2711 2 2 10 1 828 829 826
2712 2 2 10 1 814 815 812
2713 2 2 10 1 800 801 798
2714 2 2 10 1 784 785 782
2715 2 2 10 1 1586 1587 1213
2716 2 2 10 1 1116 1117 1114
2717 2 2 10 1 776 777 774
2718 2 2 10 1 702 2193 977
2719 2 2 10 1 1123 1684 1119
2720 2 2 10 1 1427 1428 1425
2721 2 2 10 1 765 766 763
2722 2 2 10 1 1828 2673 1830
2723 2 2 10 1 381 2336 2177
2724 2 2 10 1 1301 1345 971
2725 2 2 10 1 1457 1458 1172
2726 2 2 10 1 552 2057 554
2727 2 2 10 1 1073 1074 1071
2728 2 2 10 1 1584 1890 1432
2729 2 2 10 1 684 754 664
2730 2 2 10 1 1128 1129 1126
2731 2 2 10 1 1110 1111 1108
2732 2 2 10 1 448 449 446
2733 2 2 10 1 498 499 496
2734 2 2 10 1 530 531 528
2735 2 2 10 1 1109 1212 1110
2736 2 2 10 1 1235 1308 1238
2737 2 2 10 1 514 515 512
2738 2 2 10 1 449 2053 446
2739 2 2 10 1 1232 1233 1231
2740 2 2 10 1 576 587 577
2741 2 2 10 1 2110 2140 2112
2742 2 2 10 1 1800 1807 1237
2743 2 2 10 1 464 465 462
2744 2 2 10 1 416 2085 418
2745 2 2 10 1 414 415 412
2746 2 2 10 1 560 561 558
2747 2 2 10 1 624 2312 1939
2748 2 2 10 1 1962 1965 1964
2749 2 2 10 1 2253 2311 629
2750 2 2 10 1 1182 1947 698
2751 2 2 10 1 1868 1870 1869
2752 2 2 10 1 697 1154 1153
2753 2 2 10 1 1366 1655 1654
2754 2 2 10 1 1556 1658 1657
2755 2 2 10 1 2313 2401 604
2756 2 2 10 1 1356 1543 1542
2757 2 2 10 1 480 481 478
2758 2 2 10 1 1019 1021 1020
2759 2 2 10 1 1318 1445 1444
2760 2 2 10 1 946 949 948
2761 2 2 10 1 544 545 542
2762 2 2 10 1 1051 1053 1052
2763 2 2 10 1 1035 1037 1036
2764 2 2 10 1 428 429 426
2765 2 2 10 1 1524 1526 1525
2766 2 2 10 1 690 694 693
2767 2 2 10 1 589 2454 2449
2768 2 2 10 1 1374 2027 2026
2769 2 2 10 1 574 575 572
2770 2 2 10 1 1000 1002 1001
2771 2 2 10 1 734 737 736
2772 2 2 10 1 919 2120 916
2773 2 2 10 1 1603 2107 1199
2774 2 2 10 1 578 2140 2110
2775 2 2 10 1 593 1941 414
2776 2 2 10 1 1658 1866 1865
2777 2 2 10 1 1014 2091 1050
2778 2 2 10 1 1031 2092 1034
2779 2 2 10 1 1655 1998 1997
2780 2 2 10 1 1041 2090 1044
2781 2 2 10 1 884 2117 879
2782 2 2 10 1 949 951 950
2783 2 2 10 1 1707 1710 1709
2784 2 2 10 1 413 1845 645
2785 2 2 10 1 1484 1663 1662
2786 2 2 10 1 868 2121 865
2787 2 2 10 1 949 2093 1094
2788 2 2 10 1 1039 1041 1040
2789 2 2 10 1 1296 2282 1373
2790 2 2 10 1 1037 1039 1038
2791 2 2 10 1 737 960 959
2792 2 2 10 1 1025 1027 1026
2793 2 2 10 1 895 2115 892
2794 2 2 10 1 1029 1031 1030
2795 2 2 10 1 1225 2042 1228
2796 2 2 10 1 1031 1033 1032
2797 2 2 10 1 1021 1023 1022
2798 2 2 10 1 1691 1694 1688
2799 2 2 10 1 1055 1057 1056
2800 2 2 10 1 849 2119 846
2801 2 2 10 1 1004 1006 1005
2802 2 2 10 1 1057 1161 1160
2803 2 2 10 1 1588 2654 2141
2804 2 2 10 1 839 2125 836
2805 2 2 10 1 1014 1049 1048
2806 2 2 10 1 1041 1043 1042
2807 2 2 10 1 1281 2025 1111
2808 2 2 10 1 962 964 963
2809 2 2 10 1 410 1797 409
2810 2 2 10 1 1010 1012 1011
2811 2 2 10 1 1023 1025 1024
2812 2 2 10 1 1027 1029 1028
2813 2 2 10 1 960 962 961
2814 2 2 10 1 1053 1055 1054
2815 2 2 10 1 1008 1010 1009
2816 2 2 10 1 1721 1725 1724
2817 2 2 10 1 1302 2149 1346
2818 2 2 10 1 1006 1008 1007
2819 2 2 10 1 1002 1004 1003
2820 2 2 10 1 1012 1014 1013
2821 2 2 10 1 749 2106 752
2822 2 2 10 1 829 2122 826
2823 2 2 10 1 681 2114 696
2824 2 2 10 1 785 2127 782
2825 2 2 10 1 777 2128 774
2826 2 2 10 1 801 2123 798
2827 2 2 10 1 1164 2026 943
2828 2 2 10 1 1235 2136 1308
2829 2 2 10 1 1149 1844 1773
2830 2 2 10 1 1525 2083 2082
2831 2 2 10 1 573 943 574
2832 2 2 10 1 1835 1836 1834
2833 2 2 10 1 544 596 546
2834 2 2 10 1 592 2146 500
2835 2 2 10 1 598 2081 464
2836 2 2 10 1 481 2130 478
2837 2 2 10 1 1865 2086 673
2838 2 2 10 1 599 2082 530
2839 2 2 10 1 1253 1795 1794
2840 2 2 10 1 994 1838 1823
2841 2 2 10 1 576 591 587
2842 2 2 10 1 446 2053 445
2843 2 2 10 1 427 670 428
2844 2 2 10 1 479 671 480
2845 2 2 10 1 1784 1786 1254
2846 2 2 10 1 594 2080 448
2847 2 2 10 1 2344 2515 1918
2848 2 2 10 1 693 2258 2013
2849 2 2 10 1 595 2072 484
2850 2 2 10 1 1267 2136 1230
2851 2 2 10 1 697 2194 1154
2852 2 2 10 1 974 1535 1293
2853 2 2 10 1 559 600 560
2854 2 2 10 1 1427 1431 1429
2855 2 2 10 1 952 1557 1314
2856 2 2 10 1 1115 2088 1343
2857 2 2 10 1 1285 1677 1496
2858 2 2 10 1 1187 1378 1377
2859 2 2 10 1 1218 2051 1219
2860 2 2 10 1 1286 1681 1335
2861 2 2 10 1 1287 1679 1477
2862 2 2 10 1 1968 1971 1970
2863 2 2 10 1 1746 1751 1748
2864 2 2 10 1 1117 2129 1114
2865 2 2 10 1 943 2087 574
2866 2 2 10 1 1283 1675 1492
2867 2 2 10 1 463 598 464
2868 2 2 10 1 1109 2131 1360
2869 2 2 10 1 1170 1421 1420
2870 2 2 10 1 1101 1402 1401
2871 2 2 10 1 288 2421 1920
2872 2 2 10 1 633 2118 642
2873 2 2 10 1 1062 1408 1265
2874 2 2 10 1 1905 1911 1907
2875 2 2 10 1 1449 1451 1450
2876 2 2 10 1 585 2057 552
2877 2 2 10 1 1256 1635 1498
2878 2 2 10 1 662 755 692
2879 2 2 10 1 1618 1659 1583
2880 2 2 10 1 514 597 516
2881 2 2 10 1 1289 1696 1501
2882 2 2 10 1 1915 1918 1917
2883 2 2 10 1 529 599 530
2884 2 2 10 1 1279 1330 1329
2885 2 2 10 1 2073 2075 2074
2886 2 2 10 1 1269 1642 1536
2887 2 2 10 1 958 1409 1214
2888 2 2 10 1 1065 1406 1344
2889 2 2 10 1 1791 2402 1970
2890 2 2 10 1 632 638 637
2891 2 2 10 1 965 1390 1296
2892 2 2 10 1 727 1270 729
2893 2 2 10 1 1351 1594 1591
2894 2 2 10 1 1357 1624 1559
2895 2 2 10 1 1148 1442 1441
2896 2 2 10 1 498 592 500
2897 2 2 10 1 988 1309 1264
2898 2 2 10 1 1273 1645 1511
2899 2 2 10 1 1219 2051 1222
2900 2 2 10 1 1766 1769 1768
2901 2 2 10 1 967 1467 1466
2902 2 2 10 1 742 1210 745
2903 2 2 10 1 1781 2500 1782
2904 2 2 10 1 1342 1644 1629
2905 2 2 10 1 654 703 683
2906 2 2 10 1 947 1294 1179
2907 2 2 10 1 748 1272 750
2908 2 2 10 1 738 1379 740
2909 2 2 10 1 2095 2098 2097
2910 2 2 10 1 751 2273 1755
2911 2 2 10 1 1124 1436 1435
2912 2 2 10 1 590 2153 432
2913 2 2 10 1 430 590 432
2914 2 2 10 1 1260 1479 1478
2915 2 2 10 1 495 2037 746
2916 2 2 10 1 953 1394 1306
2917 2 2 10 1 656 685 677
2918 2 2 10 1 695 2150 652
2919 2 2 10 1 1282 1489 1488
2920 2 2 10 1 966 1412 1410
2921 2 2 10 1 1098 1404 1403
2922 2 2 10 1 702 977 976
2923 2 2 10 1 513 2094 514
2924 2 2 10 1 482 595 484
2925 2 2 10 1 447 594 448
2926 2 2 10 1 1997 2056 672
2927 2 2 10 1 1731 2415 296
2928 2 2 10 1 970 2138 686
2929 2 2 10 1 1414 2261 2213
2930 2 2 10 1 1224 1225 1223
2931 2 2 10 1 422 2089 424
2932 2 2 10 1 666 2139 437
2933 2 2 10 1 910 912 911
2934 2 2 10 1 1832 1833 1831
2935 2 2 10 1 941 1199 942
2936 2 2 10 1 496 2037 495
2937 2 2 10 1 580 2060 2058
2938 2 2 10 1 920 922 921
2939 2 2 10 1 912 914 913
2940 2 2 10 1 906 908 907
2941 2 2 10 1 655 2143 650
2942 2 2 10 1 898 900 899
2943 2 2 10 1 887 889 888
2944 2 2 10 1 896 898 897
2945 2 2 10 1 877 879 878
2946 2 2 10 1 922 924 923
2947 2 2 10 1 889 892 891
2948 2 2 10 1 908 910 909
2949 2 2 10 1 873 875 874
2950 2 2 10 1 1378 1636 1546
2951 2 2 10 1 914 916 915
2952 2 2 10 1 852 854 853
2953 2 2 10 1 858 860 859
2954 2 2 10 1 871 873 872
2955 2 2 10 1 466 672 468
2956 2 2 10 1 900 902 901
2957 2 2 10 1 862 865 864
2958 2 2 10 1 2022 2279 2118
2959 2 2 10 1 844 846 845
2960 2 2 10 1 550 2247 585
2961 2 2 10 1 854 856 855
2962 2 2 10 1 885 887 886
2963 2 2 10 1 869 871 870
2964 2 2 10 1 488 2141 581
2965 2 2 10 1 875 877 876
2966 2 2 10 1 744 2147 741
2967 2 2 10 1 856 858 857
2968 2 2 10 1 830 832 831
2969 2 2 10 1 822 824 823
2970 2 2 10 1 860 862 861
2971 2 2 10 1 840 842 841
2972 2 2 10 1 832 834 833
2973 2 2 10 1 1241 1243 1242
2974 2 2 10 1 977 2193 1192
2975 2 2 10 1 818 820 819
2976 2 2 10 1 480 2067 482
2977 2 2 10 1 850 852 851
2978 2 2 10 1 808 810 809
2979 2 2 10 1 804 806 805
2980 2 2 10 1 824 826 825
2981 2 2 10 1 816 818 817
2982 2 2 10 1 842 844 843
2983 2 2 10 1 1421 1638 1514
2984 2 2 10 1 790 792 791
2985 2 2 10 1 810 812 811
2986 2 2 10 1 1666 1667 1665
2987 2 2 10 1 926 941 927
2988 2 2 10 1 796 798 797
2989 2 2 10 1 834 836 835
2990 2 2 10 1 1402 1640 1486
2991 2 2 10 1 918 920 919
2992 2 2 10 1 820 822 821
2993 2 2 10 1 755 757 756
2994 2 2 10 1 985 2144 815
2995 2 2 10 1 794 796 795
2996 2 2 10 1 806 808 807
2997 2 2 10 1 786 788 787
2998 2 2 10 1 802 804 803
2999 2 2 10 1 792 794 793
3000 2 2 10 1 636 2152 631
3001 2 2 10 1 767 769 768
3002 2 2 10 1 759 761 760
3003 2 2 10 1 2075 2077 2076
3004 2 2 10 1 778 780 779
3005 2 2 10 1 1332 1425 1424
3006 2 2 10 1 904 906 905
3007 2 2 10 1 788 790 789
3008 2 2 10 1 769 771 770
3009 2 2 10 1 989 2145 843
3010 2 2 10 1 780 782 781
3011 2 2 10 1 1062 2226 1408
3012 2 2 10 1 883 885 884
3013 2 2 10 1 1467 2046 1616
3014 2 2 10 1 771 774 773
3015 2 2 10 1 761 763 762
3016 2 2 10 1 1390 2041 1391
3017 2 2 10 1 867 869 868
3018 2 2 10 1 1523 1612 1522
3019 2 2 10 1 1436 2058 1437
3020 2 2 10 1 894 896 895
3021 2 2 10 1 566 568 567
3022 2 2 10 1 954 955 688
3023 2 2 10 1 1330 1332 1331
3024 2 2 10 1 757 759 758
3025 2 2 10 1 1439 2042 1224
3026 2 2 10 1 554 556 555
3027 2 2 10 1 1272 1422 1419
3028 2 2 10 1 568 570 569
3029 2 2 10 1 958 2234 1409
3030 2 2 10 1 838 840 839
3031 2 2 10 1 562 564 563
3032 2 2 10 1 848 850 849
3033 2 2 10 1 550 552 551
3034 2 2 10 1 570 572 571
3035 2 2 10 1 564 566 565
3036 2 2 10 1 556 558 557
3037 2 2 10 1 1218 1219 1174
3038 2 2 10 1 538 540 539
3039 2 2 10 1 548 550 549
3040 2 2 10 1 1136 1138 1137
3041 2 2 10 1 532 534 533
3042 2 2 10 1 536 538 537
3043 2 2 10 1 520 522 521
3044 2 2 10 1 2062 2065 2063
3045 2 2 10 1 524 526 525
3046 2 2 10 1 552 554 553
3047 2 2 10 1 534 536 535
3048 2 2 10 1 546 548 547
3049 2 2 10 1 1586 1588 1587
3050 2 2 10 1 2058 2060 2059
3051 2 2 10 1 1083 1085 1084
3052 2 2 10 1 932 2151 905
3053 2 2 10 1 526 528 527
3054 2 2 10 1 1132 1134 1133
3055 2 2 10 1 2060 2062 2061
3056 2 2 10 1 1130 1132 1131
3057 2 2 10 1 502 504 503
3058 2 2 10 1 2041 2449 2445
3059 2 2 10 1 508 510 509
3060 2 2 10 1 540 542 541
3061 2 2 10 1 516 518 517
3062 2 2 10 1 522 524 523
3063 2 2 10 1 1138 1140 1139
3064 2 2 10 1 1079 1081 1080
3065 2 2 10 1 1069 1071 1070
3066 2 2 10 1 1238 1241 1239
3067 2 2 10 1 1077 1079 1078
3068 2 2 10 1 504 506 505
3069 2 2 10 1 703 706 704
3070 2 2 10 1 718 720 719
3071 2 2 10 1 490 492 491
3072 2 2 10 1 712 714 713
3073 2 2 10 1 518 520 519
3074 2 2 10 1 486 488 487
3075 2 2 10 1 1404 2108 1443
3076 2 2 10 1 1085 1126 1125
3077 2 2 10 1 784 786 785
3078 2 2 10 1 981 984 983
3079 2 2 10 1 506 508 507
3080 2 2 10 1 828 830 829
3081 2 2 10 1 706 708 707
3082 2 2 10 1 468 470 469
3083 2 2 10 1 510 512 511
3084 2 2 10 1 708 710 709
3085 2 2 10 1 494 496 495
3086 2 2 10 1 1232 1235 1234
3087 2 2 10 1 814 816 815
3088 2 2 10 1 492 494 493
3089 2 2 10 1 722 981 980
3090 2 2 10 1 474 476 475
3091 2 2 10 1 500 502 501
3092 2 2 10 1 776 778 777
3093 2 2 10 1 800 802 801
3094 2 2 10 1 484 486 485
3095 2 2 10 1 1134 1136 1135
3096 2 2 10 1 714 716 715
3097 2 2 10 1 456 458 457
3098 2 2 10 1 472 474 473
3099 2 2 10 1 488 490 489
3100 2 2 10 1 482 484 483
3101 2 2 10 1 470 472 471
3102 2 2 10 1 460 462 461
3103 2 2 10 1 1140 1143 1142
3104 2 2 10 1 1245 1247 1246
3105 2 2 10 1 452 454 453
3106 2 2 10 1 2110 2112 2111
3107 2 2 10 1 1075 1077 1076
3108 2 2 10 1 720 722 721
3109 2 2 10 1 1081 1083 1082
3110 2 2 10 1 979 998 997
3111 2 2 10 1 1247 1252 1248
3112 2 2 10 1 434 436 435
3113 2 2 10 1 1356 2157 1544
3114 2 2 10 1 476 478 477
3115 2 2 10 1 444 446 445
3116 2 2 10 1 438 440 439
3117 2 2 10 1 458 460 459
3118 2 2 10 1 1235 1238 1236
3119 2 2 10 1 685 701 686
3120 2 2 10 1 710 712 711
3121 2 2 10 1 450 452 451
3122 2 2 10 1 1666 1668 1667
3123 2 2 10 1 466 468 467
3124 2 2 10 1 984 1069 1068
3125 2 2 10 1 440 442 441
3126 2 2 10 1 716 718 717
3127 2 2 10 1 422 424 423
3128 2 2 10 1 977 979 978
3129 2 2 10 1 454 456 455
3130 2 2 10 1 1106 1108 1107
3131 2 2 10 1 436 438 437
3132 2 2 10 1 1222 1223 1221
3133 2 2 10 1 430 432 431
3134 2 2 10 1 2108 2110 2109
3135 2 2 10 1 1065 2222 1406
3136 2 2 10 1 418 420 419
3137 2 2 10 1 442 444 443
3138 2 2 10 1 1112 1114 1113
3139 2 2 10 1 416 418 417
3140 2 2 10 1 432 434 433
3141 2 2 10 1 1228 1229 1227
3142 2 2 10 1 420 422 421
3143 2 2 10 1 424 426 425
3144 2 2 10 1 998 1106 1105
3145 2 2 10 1 988 2225 1309
3146 2 2 10 1 765 767 766
3147 2 2 10 1 2046 2057 585
3148 2 2 10 1 2213 2261 935
3149 2 2 10 1 1243 1245 1244
3150 2 2 10 1 1199 2107 942
3151 2 2 10 1 458 2116 460
3152 2 2 10 1 1148 2218 1442
3153 2 2 10 1 1256 2084 1635
3154 2 2 10 1 1073 1075 1074
3155 2 2 10 1 450 673 452
3156 2 2 10 1 498 500 499
3157 2 2 10 1 508 2124 510
3158 2 2 10 1 530 532 531
3159 2 2 10 1 514 516 515
3160 2 2 10 1 1128 1130 1129
3161 2 2 10 1 1975 1978 616
3162 2 2 10 1 413 593 414
3163 2 2 10 1 1110 1112 1111
3164 2 2 10 1 560 562 561
3165 2 2 10 1 1962 1964 611
3166 2 2 10 1 448 450 449
3167 2 2 10 1 434 2153 674
3168 2 2 10 1 916 2120 915
3169 2 2 10 1 544 546 545
3170 2 2 10 1 464 466 465
3171 2 2 10 1 1230 1231 1229
3172 2 2 10 1 879 2117 878
3173 2 2 10 1 1899 1903 1177
3174 2 2 10 1 892 2115 891
3175 2 2 10 1 480 482 481
3176 2 2 10 1 574 576 575
3177 2 2 10 1 524 2126 526
3178 2 2 10 1 1925 1926 626
3179 2 2 10 1 865 2121 864
3180 2 2 10 1 846 2119 845
3181 2 2 10 1 414 416 415
3182 2 2 10 1 428 430 429
3183 2 2 10 1 578 2110 2108
3184 2 2 10 1 826 2122 825
3185 2 2 10 1 836 2125 835
3186 2 2 10 1 1228 1267 1230
3187 2 2 10 1 1222 1224 1223
3188 2 2 10 1 972 2084 1256
3189 2 2 10 1 486 2141 488
3190 2 2 10 1 798 2123 797
3191 2 2 10 1 700 1297 678
3192 2 2 10 1 1505 2025 1281
3193 2 2 10 1 1620 1623 1205
3194 2 2 10 1 782 2127 781
3195 2 2 10 1 1307 1990 670
3196 2 2 10 1 774 2128 773
3197 2 2 10 1 653 2249 635
3198 2 2 10 1 1761 1762 1759
3199 2 2 10 1 1556 1657 1275
3200 2 2 10 1 1366 1654 1274
3201 2 2 10 1 422 2202 2089
3202 2 2 10 1 1356 1542 1203
3203 2 2 10 1 378 2360 1895
3204 2 2 10 1 697 1153 682
3205 2 2 10 1 724 1941 593
3206 2 2 10 1 1280 1298 991
3207 2 2 10 1 1868 1869 1866
3208 2 2 10 1 1481 2104 1280
3209 2 2 10 1 580 2241 522
3210 2 2 10 1 946 948 753
3211 2 2 10 1 1318 1444 1163
3212 2 2 10 1 1389 1392 1045
3213 2 2 10 1 1524 1525 1184
3214 2 2 10 1 680 2084 972
3215 2 2 10 1 1374 2026 1164
3216 2 2 10 1 564 589 566
3217 2 2 10 1 734 736 732
3218 2 2 10 1 2069 2072 595
3219 2 2 10 1 1963 2290 1962
3220 2 2 10 1 1035 1036 1033
3221 2 2 10 1 690 693 658
3222 2 2 10 1 448 2080 450
3223 2 2 10 1 1398 1611 1257
3224 2 2 10 1 1019 1020 964
3225 2 2 10 1 1051 1052 1049
3226 2 2 10 1 635 2137 407
3227 2 2 10 1 1000 1001 694
3228 2 2 10 1 530 2082 532
3229 2 2 10 1 568 2209 570
3230 2 2 10 1 1927 2362 1928
3231 2 2 10 1 1114 2129 1113
3232 2 2 10 1 478 2130 477
3233 2 2 10 1 1707 1709 1705
3234 2 2 10 1 1832 1834 1833
3235 2 2 10 1 2048 2209 568
3236 2 2 10 1 464 2081 466
3237 2 2 10 1 1484 1662 1336
3238 2 2 10 1 434 674 436
3239 2 2 10 1 1551 2376 1855
3240 2 2 10 1 730 2250 1945
3241 2 2 10 1 1307 2324 1990
3242 2 2 10 1 1721 1724 1719
3243 2 2 10 1 1110 2088 1112
3244 2 2 10 1 2242 2278 1261
3245 2 2 10 1 534 586 536
3246 2 2 10 1 739 2253 629
3247 2 2 10 1 1731 2329 1730
3248 2 2 10 1 499 2200 2037
3249 2 2 10 1 402 2036 404
3250 2 2 10 1 442 2135 444
3251 2 2 10 1 550 585 552
3252 2 2 10 1 1464 2666 2052
3253 2 2 10 1 404 2036 1268
3254 2 2 10 1 1193 2194 697
3255 2 2 10 1 574 2087 576
3256 2 2 10 1 1965 1966 1964
3257 2 2 10 1 1384 2355 1672
3258 2 2 10 1 1939 2331 1938
3259 2 2 10 1 510 2124 513
3260 2 2 10 1 1658 1865 1657
3261 2 2 10 1 584 2202 420
3262 2 2 10 1 424 2089 427
3263 2 2 10 1 1154 1312 1153
3264 2 2 10 1 1655 1997 1654
3265 2 2 10 1 470 582 472
3266 2 2 10 1 949 950 948
3267 2 2 10 1 1037 1038 1036
3268 2 2 10 1 1021 1022 1020
3269 2 2 10 1 1277 2133 1279
3270 2 2 10 1 951 952 950
3271 2 2 10 1 737 959 736
3272 2 2 10 1 526 2126 529
3273 2 2 10 1 1039 1040 1038
3274 2 2 10 1 1043 1103 1042
3275 2 2 10 1 1053 1054 1052
3276 2 2 10 1 2027 2029 2026
3277 2 2 10 1 1002 1003 1001
3278 2 2 10 1 1029 1030 1028
3279 2 2 10 1 1031 1032 1030
3280 2 2 10 1 1041 1042 1040
3281 2 2 10 1 1023 1024 1022
3282 2 2 10 1 1025 1026 1024
3283 2 2 10 1 2149 2150 695
3284 2 2 10 1 1055 1056 1054
3285 2 2 10 1 1057 1160 1056
3286 2 2 10 1 960 961 959
3287 2 2 10 1 962 963 961
3288 2 2 10 1 1027 1028 1026
3289 2 2 10 1 1010 1011 1009
3290 2 2 10 1 1008 1009 1007
3291 2 2 10 1 1006 1007 1005
3292 2 2 10 1 1014 1048 1013
3293 2 2 10 1 1004 1005 1003
3294 2 2 10 1 460 2116 463
3295 2 2 10 1 1012 1013 1011
3296 2 2 10 1 458 2245 2116
3297 2 2 10 1 1279 2133 1330
3298 2 2 10 1 418 584 420
3299 2 2 10 1 508 2248 2124
3300 2 2 10 1 2057 2204 554
3301 2 2 10 1 685 1302 701
3302 2 2 10 1 500 2146 502
3303 2 2 10 1 1557 1564 1314
3304 2 2 10 1 1303 2193 701
3305 2 2 10 1 2258 2296 2014
3306 2 2 10 1 520 580 522
3307 2 2 10 1 504 579 506
3308 2 2 10 1 444 2135 447
3309 2 2 10 1 588 2293 609
3310 2 2 10 1 554 2204 556
3311 2 2 10 1 454 583 456
3312 2 2 10 1 1247 1299 1252
3313 2 2 10 1 701 2193 702
3314 2 2 10 1 1409 1469 1214
3315 2 2 10 1 404 1268 406
3316 2 2 10 1 1224 2042 1225
3317 2 2 10 1 1406 1407 1344
3318 2 2 10 1 1309 1516 1264
3319 2 2 10 1 325 2699 1632
3320 2 2 10 1 488 581 490
3321 2 2 10 1 1442 1463 1441
3322 2 2 10 1 1230 1232 1231
3323 2 2 10 1 1122 1218 1174
3324 2 2 10 1 621 2196 2022
3325 2 2 10 1 998 2131 1106
3326 2 2 10 1 144 2178 143
3327 2 2 10 1 98 2158 97
3328 2 2 10 1 220 2166 219
3329 2 2 10 1 145 358 144
3330 2 2 10 1 110 321 109
3331 2 2 10 1 76 366 75
3332 2 2 10 1 140 348 139
3333 2 2 10 1 179 2163 178
3334 2 2 10 1 202 2164 201
3335 2 2 10 1 215 368 214
3336 2 2 10 1 233 2160 232
3337 2 2 10 1 147 301 146
3338 2 2 10 1 149 383 148
3339 2 2 10 1 151 336 150
3340 2 2 10 1 155 2176 154
3341 2 2 10 1 157 384 156
3342 2 2 10 1 159 315 158
3343 2 2 10 1 161 373 160
3344 2 2 10 1 186 310 185
3345 2 2 10 1 188 374 187
3346 2 2 10 1 194 380 193
3347 2 2 10 1 66 2172 65
3348 2 2 10 1 70 333 69
3349 2 2 10 1 106 312 105
3350 2 2 10 1 58 305 57
3351 2 2 10 1 60 372 59
3352 2 2 10 1 196 299 195
3353 2 2 10 1 78 297 77
3354 2 2 10 1 113 355 112
3355 2 2 10 1 115 396 114
3356 2 2 10 1 138 393 137
3357 2 2 10 1 239 351 238
3358 2 2 10 1 83 2167 82
3359 2 2 10 1 166 332 165
3360 2 2 10 1 184 2169 183
3361 2 2 10 1 198 369 197
3362 2 2 10 1 100 2174 99
3363 2 2 10 1 204 2173 203
3364 2 2 10 1 206 294 205
3365 2 2 10 1 217 293 216
3366 2 2 10 1 228 323 227
3367 2 2 10 1 15 365 14
3368 2 2 10 1 24 322 23
3369 2 2 10 1 26 387 25
3370 2 2 10 1 46 376 45
3371 2 2 10 1 13 349 12
3372 2 2 10 1 21 340 20
3373 2 2 10 1 30 381 29
3374 2 2 10 1 32 317 31
3375 2 2 10 1 37 308 36
3376 2 2 10 1 48 307 47
3377 2 2 10 1 53 306 52
3378 2 2 10 1 55 377 54
3379 2 2 10 1 8 395 7
3380 2 2 10 1 10 344 9
3381 2 2 10 1 219 379 218
3382 2 2 10 1 221 331 220
3383 2 2 10 1 226 371 225
3384 2 2 10 1 234 353 233
3385 2 2 10 1 18 352 17
3386 2 2 10 1 85 2165 84
3387 2 2 10 1 35 378 34
3388 2 2 10 1 43 304 42
3389 2 2 10 1 51 375 50
3390 2 2 10 1 40 334 39
3391 2 2 10 1 52 2175 51
3392 2 2 10 1 163 290 162
3393 2 2 10 1 169 291 168
3394 2 2 10 1 178 362 177
3395 2 2 10 1 180 292 179
3396 2 2 10 1 183 335 182
3397 2 2 10 1 201 296 200
3398 2 2 10 1 203 363 202
3399 2 2 10 1 209 337 208
3400 2 2 10 1 212 295 211
3401 2 2 10 1 237 360 236
3402 2 2 10 1 242 343 241
3403 2 2 10 1 244 394 243
3404 2 2 10 1 28 286 27
3405 2 2 10 1 67 298 66
3406 2 2 10 1 73 309 72
3407 2 2 10 1 77 2179 76
3408 2 2 10 1 82 314 81
3409 2 2 10 1 84 361 83
3410 2 2 10 1 86 302 85
3411 2 2 10 1 88 370 87
3412 2 2 10 1 92 382 91
3413 2 2 10 1 97 329 96
3414 2 2 10 1 99 364 98
3415 2 2 10 1 103 359 102
3416 2 2 10 1 162 2168 161
3417 2 2 10 1 80 367 79
3418 2 2 10 1 59 2180 58
3419 2 2 10 1 154 303 153
3420 2 2 10 1 172 330 171
3421 2 2 10 1 175 311 174
3422 2 2 10 1 185 2181 184
3423 2 2 10 1 191 300 190
3424 2 2 10 1 63 316 62
3425 2 2 10 1 65 385 64
3426 2 2 10 1 90 313 89
3427 2 2 10 1 224 285 223
3428 2 2 10 1 231 339 230
3429 2 2 10 1 14 2159 13
3430 2 2 10 1 94 288 93
3431 2 2 10 1 101 289 100
3432 2 2 10 1 36 2161 35
3433 2 2 10 1 143 320 142
3434 2 2 10 1 108 386 107
3435 2 2 10 1 160 2171 159
3436 2 2 10 1 31 2170 30
3437 2 2 10 1 102 2182 101
3438 2 2 10 1 27 2162 26
3439 2 2 10 1 29 2177 28
3440 2 2 10 1 243 2183 242
3441 2 2 10 1 479 2184 1099
3442 2 2 10 1 432 2153 434
3443 2 2 10 1 638 2259 2254
3444 2 2 10 1 1043 2155 1103
3445 2 2 10 1 951 2156 952
3446 2 2 10 1 579 2248 506
3447 2 2 10 1 967 2204 1467
3448 2 2 10 1 583 2245 456
3449 2 2 10 1 1433 1523 1522
3450 2 2 10 1 665 954 688
3451 2 2 10 1 965 2209 1390
3452 2 2 10 1 586 2188 536
3453 2 2 10 1 1230 2136 1232
3454 2 2 10 1 1115 1118 1116
3455 2 2 10 1 438 578 440
3456 2 2 10 1 1115 1116 1114
3457 2 2 10 1 1219 1222 1221
3458 2 2 10 1 529 2126 1124
3459 2 2 10 1 513 2124 2095
3460 2 2 10 1 447 2135 1098
3461 2 2 10 1 1225 1228 1227
3462 2 2 10 1 2477 2587 863
3463 2 2 10 1 674 2140 436
3464 2 2 10 1 1280 2104 1298
3465 2 2 10 1 463 2116 953
3466 2 2 10 1 524 2241 2126
3467 2 2 10 1 2021 2210 725
3468 2 2 10 1 1299 1604 1252
3469 2 2 10 1 427 2089 966
3470 2 2 10 1 474 2184 476
3471 2 2 10 1 1618 2015 1659
3472 2 2 10 1 977 1192 979
3473 2 2 10 1 573 574 572
3474 2 2 10 1 725 2210 727
3475 2 2 10 1 408 410 409
3476 2 2 10 1 2446 2534 395
3477 2 2 10 1 1200 1470 1199
3478 2 2 10 1 925 926 924
3479 2 2 10 1 2037 2240 746
3480 2 2 10 1 543 544 542
3481 2 2 10 1 917 918 916
3482 2 2 10 1 903 904 902
3483 2 2 10 1 893 894 892
3484 2 2 10 1 1427 2187 1431
3485 2 2 10 1 882 883 879
3486 2 2 10 1 847 848 846
3487 2 2 10 1 1618 2710 2015
3488 2 2 10 1 652 2150 656
3489 2 2 10 1 866 867 865
3490 2 2 10 1 559 560 558
3491 2 2 10 1 1737 2403 1738
3492 2 2 10 1 837 838 836
3493 2 2 10 1 748 2240 1272
3494 2 2 10 1 1020 2207 964
3495 2 2 10 1 827 828 826
3496 2 2 10 1 479 480 478
3497 2 2 10 1 813 814 812
3498 2 2 10 1 1052 2206 1049
3499 2 2 10 1 799 800 798
3500 2 2 10 1 954 1257 955
3501 2 2 10 1 427 428 426
3502 2 2 10 1 783 784 782
3503 2 2 10 1 1036 2208 1033
3504 2 2 10 1 775 776 774
3505 2 2 10 1 764 765 763
3506 2 2 10 1 1608 2669 457
3507 2 2 10 1 654 2242 703
3508 2 2 10 1 1426 1427 1425
3509 2 2 10 1 529 530 528
3510 2 2 10 1 513 514 512
3511 2 2 10 1 463 464 462
3512 2 2 10 1 1144 1361 1143
3513 2 2 10 1 497 498 496
3514 2 2 10 1 1228 1230 1229
3515 2 2 10 1 520 2277 580
3516 2 2 10 1 1415 1416 1414
3517 2 2 10 1 1127 1128 1126
3518 2 2 10 1 1461 1586 1213
3519 2 2 10 1 1072 1073 1071
3520 2 2 10 1 447 448 446
3521 2 2 10 1 442 2243 2135
3522 2 2 10 1 1398 1674 1611
3523 2 2 10 1 1109 1110 1108
3524 2 2 10 1 1405 1552 1191
3525 2 2 10 1 438 2140 578
3526 2 2 10 1 1533 2341 1601
3527 2 2 10 1 1232 2136 1235
3528 2 2 10 1 1112 2088 1115
3529 2 2 10 1 1413 1414 881
3530 2 2 10 1 1156 1213 987
3531 2 2 10 1 1190 1320 1064
3532 2 2 10 1 578 2243 440
3533 2 2 10 1 570 573 572
3534 2 2 10 1 656 2150 685
3535 2 2 10 1 1097 1191 957
3536 2 2 10 1 1371 1585 1197
3537 2 2 10 1 1560 1561 1206
3538 2 2 10 1 1331 2302 1329
3539 2 2 10 1 536 2188 538
3540 2 2 10 1 1528 1529 1185
3541 2 2 10 1 1506 1507 1175
3542 2 2 10 1 1531 1532 1362
3543 2 2 10 1 1988 2388 1550
3544 2 2 10 1 540 543 542
3545 2 2 10 1 1188 2274 2208
3546 2 2 10 1 2058 2241 580
3547 2 2 10 1 1045 2155 1043
3548 2 2 10 1 436 2140 438
3549 2 2 10 1 1203 2156 951
3550 2 2 10 1 838 2190 840
3551 2 2 10 1 848 2191 850
3552 2 2 10 1 476 479 478
3553 2 2 10 1 638 2254 640
3554 2 2 10 1 895 2197 2115
3555 2 2 10 1 476 2184 479
3556 2 2 10 1 424 427 426
3557 2 2 10 1 800 2192 802
3558 2 2 10 1 489 2303 487
3559 2 2 10 1 1973 2252 1974
3560 2 2 10 1 556 559 558
3561 2 2 10 1 1106 2131 1109
3562 2 2 10 1 694 2258 693
3563 2 2 10 1 685 2150 1302
3564 2 2 10 1 413 414 412
3565 2 2 10 1 829 2198 2122
3566 2 2 10 1 559 2204 967
3567 2 2 10 1 1936 2331 1937
3568 2 2 10 1 407 2137 405
3569 2 2 10 1 573 2209 965
3570 2 2 10 1 411 412 410
3571 2 2 10 1 801 2199 2123
3572 2 2 10 1 1467 2204 2057
3573 2 2 10 1 581 2195 490
3574 2 2 10 1 460 463 462
3575 2 2 10 1 510 513 512
3576 2 2 10 1 952 1314 1313
3577 2 2 10 1 963 1324 1323
3578 2 2 10 1 1032 1348 1347
3579 2 2 10 1 1160 1474 1185
3580 2 2 10 1 727 2210 1270
3581 2 2 10 1 526 529 528
3582 2 2 10 1 1124 2126 1436
3583 2 2 10 1 1390 2209 2048
3584 2 2 10 1 746 2240 748
3585 2 2 10 1 1048 1326 1206
3586 2 2 10 1 2095 2124 2098
3587 2 2 10 1 922 925 924
3588 2 2 10 1 609 2259 632
3589 2 2 10 1 1127 1311 1175
3590 2 2 10 1 953 2116 1394
3591 2 2 10 1 914 917 916
3592 2 2 10 1 900 903 902
3593 2 2 10 1 910 928 912
3594 2 2 10 1 941 1200 1199
3595 2 2 10 1 1098 2135 1404
3596 2 2 10 1 966 2089 1412
3597 2 2 10 1 1144 1363 1362
3598 2 2 10 1 877 882 879
3599 2 2 10 1 869 935 871
3600 2 2 10 1 906 931 908
3601 2 2 10 1 494 497 496
3602 2 2 10 1 862 866 865
3603 2 2 10 1 856 968 858
3604 2 2 10 1 852 944 854
3605 2 2 10 1 889 893 892
3606 2 2 10 1 844 847 846
3607 2 2 10 1 834 837 836
3608 2 2 10 1 894 969 896
3609 2 2 10 1 873 930 875
3610 2 2 10 1 824 827 826
3611 2 2 10 1 799 958 957
3612 2 2 10 1 644 2242 654
3613 2 2 10 1 790 1089 792
3614 2 2 10 1 775 1062 1061
3615 2 2 10 1 780 783 782
3616 2 2 10 1 813 1515 929
3617 2 2 10 1 804 939 806
3618 2 2 10 1 818 880 820
3619 2 2 10 1 828 863 830
3620 2 2 10 1 771 775 774
3621 2 2 10 1 810 813 812
3622 2 2 10 1 883 890 885
3623 2 2 10 1 786 975 788
3624 2 2 10 1 757 1300 759
3625 2 2 10 1 796 799 798
3626 2 2 10 1 1332 1426 1425
3627 2 2 10 1 761 764 763
3628 2 2 10 1 1390 2048 2041
3629 2 2 10 1 490 2195 492
3630 2 2 10 1 847 988 987
3631 2 2 10 1 1348 1554 1440
3632 2 2 10 1 2075 2079 2077
3633 2 2 10 1 1363 1533 1531
3634 2 2 10 1 1467 2057 2046
3635 2 2 10 1 1311 1596 1506
3636 2 2 10 1 866 1148 881
3637 2 2 10 1 837 1065 1064
3638 2 2 10 1 1324 1610 1387
3639 2 2 10 1 765 772 767
3640 2 2 10 1 1272 1630 1422
3641 2 2 10 1 1136 1141 1138
3642 2 2 10 1 1081 1087 1083
3643 2 2 10 1 1140 1144 1143
3644 2 2 10 1 703 1261 706
3645 2 2 10 1 1077 1086 1079
3646 2 2 10 1 582 2237 472
3647 2 2 10 1 1069 1072 1071
3648 2 2 10 1 710 1217 712
3649 2 2 10 1 2062 2134 2065
3650 2 2 10 1 722 986 981
3651 2 2 10 1 723 2256 618
3652 2 2 10 1 718 1088 720
3653 2 2 10 1 903 1491 933
3654 2 2 10 1 570 2209 573
3655 2 2 10 1 964 2207 963
3656 2 2 10 1 917 1310 1095
3657 2 2 10 1 1049 2206 1048
3658 2 2 10 1 1200 1472 1471
3659 2 2 10 1 1085 1127 1126
3660 2 2 10 1 1106 1109 1108
3661 2 2 10 1 1132 1183 1134
3662 2 2 10 1 714 1359 716
3663 2 2 10 1 444 447 446
3664 2 2 10 1 1062 1265 1197
3665 2 2 10 1 641 2326 675
3666 2 2 10 1 1112 1115 1114
3667 2 2 10 1 1033 2208 1032
3668 2 2 10 1 1073 1339 1075
3669 2 2 10 1 1414 2213 881
3670 2 2 10 1 958 1214 1097
3671 2 2 10 1 1065 1344 1190
3672 2 2 10 1 1426 2187 1427
3673 2 2 10 1 988 1264 1156
3674 2 2 10 1 1148 1441 1413
3675 2 2 10 1 472 2237 474
3676 2 2 10 1 1310 1580 1579
3677 2 2 10 1 1472 1534 1473
3678 2 2 10 1 475 2311 473
3679 2 2 10 1 1153 2249 682
3680 2 2 10 1 1542 2156 1203
3681 2 2 10 1 1449 1476 1451
3682 2 2 10 1 736 2250 732
3683 2 2 10 1 1392 2155 1045
3684 2 2 10 1 97 2158 329
3685 2 2 10 1 353 2160 233
3686 2 2 10 1 364 2158 98
3687 2 2 10 1 101 2182 289
3688 2 2 10 1 161 2168 373
3689 2 2 10 1 358 2178 144
3690 2 2 10 1 289 2174 100
3691 2 2 10 1 143 2178 320
3692 2 2 10 1 219 2166 379
3693 2 2 10 1 302 2165 85
3694 2 2 10 1 306 2175 52
3695 2 2 10 1 297 2179 77
3696 2 2 10 1 58 2180 305
3697 2 2 10 1 365 2159 14
3698 2 2 10 1 298 2172 66
3699 2 2 10 1 331 2166 220
3700 2 2 10 1 154 2176 303
3701 2 2 10 1 184 2181 2169
3702 2 2 10 1 178 2163 362
3703 2 2 10 1 183 2169 335
3704 2 2 10 1 201 2164 296
3705 2 2 10 1 203 2173 363
3706 2 2 10 1 82 2167 314
3707 2 2 10 1 317 2170 31
3708 2 2 10 1 51 2175 375
3709 2 2 10 1 363 2164 202
3710 2 2 10 1 286 2162 27
3711 2 2 10 1 361 2167 83
3712 2 2 10 1 308 2161 36
3713 2 2 10 1 310 2181 185
3714 2 2 10 1 372 2180 59
3715 2 2 10 1 84 2165 361
3716 2 2 10 1 159 2171 315
3717 2 2 10 1 35 2161 378
3718 2 2 10 1 65 2172 385
3719 2 2 10 1 76 2179 366
3720 2 2 10 1 381 2177 29
3721 2 2 10 1 290 2168 162
3722 2 2 10 1 292 2163 179
3723 2 2 10 1 13 2159 349
3724 2 2 10 1 373 2171 160
3725 2 2 10 1 394 2183 243
3726 2 2 10 1 26 2162 387
3727 2 2 10 1 30 2170 381
3728 2 2 10 1 28 2177 286
3729 2 2 10 1 99 2174 364
3730 2 2 10 1 359 2182 102
3731 2 2 10 1 242 2183 343
3732 2 2 10 1 2208 2274 1348
3733 2 2 10 1 556 2204 559
3734 2 2 10 1 1038 1188 1036
3735 2 2 10 1 959 1262 736
3736 2 2 10 1 1103 1168 1042
3737 2 2 10 1 1005 1386 1003
3738 2 2 10 1 1048 1206 1013
3739 2 2 10 1 963 1323 961
3740 2 2 10 1 1009 1215 1007
3741 2 2 10 1 1312 1385 1153
3742 2 2 10 1 408 411 410
3743 2 2 10 1 952 1313 950
3744 2 2 10 1 1054 1368 1052
3745 2 2 10 1 1032 1347 1030
3746 2 2 10 1 1022 1216 1020
3747 2 2 10 1 753 2273 751
3748 2 2 10 1 1028 1207 1026
3749 2 2 10 1 1160 1185 1056
3750 2 2 10 1 682 2249 653
3751 2 2 10 1 1469 1578 1214
3752 2 2 10 1 1272 2240 1630
3753 2 2 10 1 925 996 926
3754 2 2 10 1 917 1095 918
3755 2 2 10 1 732 2250 730
3756 2 2 10 1 863 2308 2291
3757 2 2 10 1 903 933 904
3758 2 2 10 1 1200 1471 1470
3759 2 2 10 1 866 881 867
3760 2 2 10 1 837 1064 838
3761 2 2 10 1 703 2242 1261
3762 2 2 10 1 847 987 848
3763 2 2 10 1 783 1066 784
3764 2 2 10 1 775 1061 776
3765 2 2 10 1 799 957 800
3766 2 2 10 1 813 929 814
3767 2 2 10 1 954 1397 1257
3768 2 2 10 1 408 409 407
3769 2 2 10 1 1397 1398 1257
3770 2 2 10 1 1144 1362 1361
3771 2 2 10 1 1413 1415 1414
3772 2 2 10 1 1156 1461 1213
3773 2 2 10 1 1216 2207 1020
3774 2 2 10 1 538 2203 540
3775 2 2 10 1 1368 2206 1052
3776 2 2 10 1 1188 2208 1036
3777 2 2 10 1 1127 1175 1128
3778 2 2 10 1 1097 1405 1191
3779 2 2 10 1 1371 1698 1585
3780 2 2 10 1 474 2237 2184
3781 2 2 10 1 1531 1555 1532
3782 2 2 10 1 1506 1608 1507
3783 2 2 10 1 2188 2203 538
3784 2 2 10 1 968 2310 2294
3785 2 2 10 1 1304 2317 2299
3786 2 2 10 1 640 2254 665
3787 2 2 10 1 896 2201 898
3788 2 2 10 1 2223 2224 497
3789 2 2 10 1 1314 1388 1313
3790 2 2 10 1 1348 1440 1347
3791 2 2 10 1 1311 1506 1175
3792 2 2 10 1 1474 1528 1185
3793 2 2 10 1 958 1097 957
3794 2 2 10 1 1326 1560 1206
3795 2 2 10 1 1363 1531 1362
3796 2 2 10 1 1324 1387 1323
3797 2 2 10 1 1472 1473 1471
3798 2 2 10 1 1265 1371 1197
3799 2 2 10 1 988 1156 987
3800 2 2 10 1 1062 1197 1061
3801 2 2 10 1 1344 1482 1190
3802 2 2 10 1 1065 1190 1064
3803 2 2 10 1 411 413 412
3804 2 2 10 1 1148 1413 881
3805 2 2 10 1 1310 1579 1095
3806 2 2 10 1 1587 2221 2191
3807 2 2 10 1 2254 2259 1397
3808 2 2 10 1 2169 2185 335
3809 2 2 10 1 806 2205 808
3810 2 2 10 1 743 2253 739
3811 2 2 10 1 319 402 401
3812 2 2 10 1 492 2223 494
3813 2 2 10 1 327 1606 1549
3814 2 2 10 1 2089 2202 1412
3815 2 2 10 1 1837 2411 1018
3816 2 2 10 1 1213 2191 987
3817 2 2 10 1 1320 2190 1064
3818 2 2 10 1 1191 2192 957
3819 2 2 10 1 2108 2243 578
3820 2 2 10 1 1064 2190 838
3821 2 2 10 1 987 2191 848
3822 2 2 10 1 981 2212 984
3823 2 2 10 1 540 2203 543
3824 2 2 10 1 957 2192 800
3825 2 2 10 1 665 2254 954
3826 2 2 10 1 111 2295 110
3827 2 2 10 1 1527 1628 338
3828 2 2 10 1 1001 2258 694
3829 2 2 10 1 1866 2286 1865
3830 2 2 10 1 1329 2322 1321
3831 2 2 10 1 2043 2278 1797
3832 2 2 10 1 1732 2415 1731
3833 2 2 10 1 955 2304 1091
3834 2 2 10 1 1363 2341 1533
3835 2 2 10 1 341 1609 1513
3836 2 2 10 1 2118 2279 755
3837 2 2 10 1 1436 2241 2058
3838 2 2 10 1 498 2307 592
3839 2 2 10 1 1404 2243 2108
3840 2 2 10 1 963 2207 1324
3841 2 2 10 1 1972 2286 1869
3842 2 2 10 1 1302 2150 2149
3843 2 2 10 1 1032 2208 1348
3844 2 2 10 1 1048 2206 1326
3845 2 2 10 1 926 2211 941
3846 2 2 10 1 904 2214 906
3847 2 2 10 1 1495 2451 1881
3848 2 2 10 1 867 2213 869
3849 2 2 10 1 908 2216 910
3850 2 2 10 1 860 2218 862
3851 2 2 10 1 784 2215 786
3852 2 2 10 1 912 2217 914
3853 2 2 10 1 850 2221 852
3854 2 2 10 1 854 2220 856
3855 2 2 10 1 1385 2249 1153
3856 2 2 10 1 842 2225 844
3857 2 2 10 1 898 2219 900
3858 2 2 10 1 1075 2227 1077
3859 2 2 10 1 832 2222 834
3860 2 2 10 1 984 2230 1069
3861 2 2 10 1 1330 2231 1332
3862 2 2 10 1 769 2226 771
3863 2 2 10 1 802 2229 804
3864 2 2 10 1 788 2228 790
3865 2 2 10 1 1262 2250 736
3866 2 2 10 1 794 2234 796
3867 2 2 10 1 808 2233 810
3868 2 2 10 1 1138 2232 1140
3869 2 2 10 1 1079 2235 1081
3870 2 2 10 1 928 2298 2217
3871 2 2 10 1 708 2236 710
3872 2 2 10 1 712 2238 714
3873 2 2 10 1 1083 2239 1085
3874 2 2 10 1 2195 2223 492
3875 2 2 10 1 707 2316 704
3876 2 2 10 1 2116 2245 1394
3877 2 2 10 1 1304 2299 1351
3878 2 2 10 1 585 2247 2073
3879 2 2 10 1 1013 2246 1011
3880 2 2 10 1 2124 2248 2098
3881 2 2 10 1 706 2276 708
3882 2 2 10 1 1992 2348 1337
3883 2 2 10 1 1529 2251 1185
3884 2 2 10 1 2073 2247 2075
3885 2 2 10 1 218 2280 217
3886 2 2 10 1 1945 2284 1944
3887 2 2 10 1 1810 2398 1808
3888 2 2 10 1 379 2280 218
3889 2 2 10 1 217 2280 293
3890 2 2 10 1 948 2273 753
3891 2 2 10 1 2133 2231 1330
3892 2 2 10 1 996 2211 926
3893 2 2 10 1 933 2214 904
3894 2 2 10 1 1343 2332 1118
3895 2 2 10 1 881 2213 867
3896 2 2 10 1 1066 2215 784
3897 2 2 10 1 494 2223 497
3898 2 2 10 1 1561 2246 1206
3899 2 2 10 1 1268 2260 406
3900 2 2 10 1 403 630 401
3901 2 2 10 1 1774 2372 2175
3902 2 2 10 1 374 2498 1613
3903 2 2 10 1 755 2279 757
3904 2 2 10 1 969 2201 896
3905 2 2 10 1 1416 2261 1414
3906 2 2 10 1 1056 2251 1054
3907 2 2 10 1 2217 2298 1310
3908 2 2 10 1 1391 2282 1296
3909 2 2 10 1 939 2205 806
3910 2 2 10 1 1319 2330 1490
3911 2 2 10 1 2191 2221 850
3912 2 2 10 1 2192 2229 802
3913 2 2 10 1 986 2212 981
3914 2 2 10 1 954 2254 1397
3915 2 2 10 1 941 2211 1200
3916 2 2 10 1 869 2213 935
3917 2 2 10 1 906 2214 931
3918 2 2 10 1 720 2281 722
3919 2 2 10 1 910 2216 928
3920 2 2 10 1 931 2216 908
3921 2 2 10 1 914 2217 917
3922 2 2 10 1 786 2215 975
3923 2 2 10 1 862 2218 866
3924 2 2 10 1 928 2217 912
3925 2 2 10 1 900 2219 903
3926 2 2 10 1 856 2220 968
3927 2 2 10 1 944 2220 854
3928 2 2 10 1 852 2221 944
3929 2 2 10 1 1144 2232 1363
3930 2 2 10 1 834 2222 837
3931 2 2 10 1 1127 2239 1311
3932 2 2 10 1 844 2225 847
3933 2 2 10 1 1339 2227 1075
3934 2 2 10 1 975 2228 788
3935 2 2 10 1 771 2226 775
3936 2 2 10 1 1306 2335 1853
3937 2 2 10 1 1077 2227 1086
3938 2 2 10 1 790 2228 1089
3939 2 2 10 1 804 2229 939
3940 2 2 10 1 1332 2231 1426
3941 2 2 10 1 775 2226 1062
3942 2 2 10 1 1069 2230 1072
3943 2 2 10 1 799 2234 958
3944 2 2 10 1 847 2225 988
3945 2 2 10 1 1140 2232 1144
3946 2 2 10 1 810 2233 813
3947 2 2 10 1 866 2218 1148
3948 2 2 10 1 796 2234 799
3949 2 2 10 1 813 2233 1515
3950 2 2 10 1 1200 2211 1472
3951 2 2 10 1 2126 2241 1436
3952 2 2 10 1 1087 2239 1083
3953 2 2 10 1 837 2222 1065
3954 2 2 10 1 1141 2232 1138
3955 2 2 10 1 1081 2235 1087
3956 2 2 10 1 716 2283 718
3957 2 2 10 1 1217 2238 712
3958 2 2 10 1 710 2236 1217
3959 2 2 10 1 1086 2235 1079
3960 2 2 10 1 917 2217 1310
3961 2 2 10 1 714 2238 1359
3962 2 2 10 1 903 2219 1491
3963 2 2 10 1 1085 2239 1127
3964 2 2 10 1 2135 2243 1404
3965 2 2 10 1 632 2259 638
3966 2 2 10 1 1865 2286 2086
3967 2 2 10 1 1261 2276 706
3968 2 2 10 1 1578 2257 1214
3969 2 2 10 1 1702 2361 1700
3970 2 2 10 1 1785 2376 1781
3971 2 2 10 1 1214 2257 1097
3972 2 2 10 1 1397 2293 1398
3973 2 2 10 1 1206 2246 1013
3974 2 2 10 1 1348 2274 1554
3975 2 2 10 1 2075 2247 2079
3976 2 2 10 1 2201 2219 898
3977 2 2 10 1 402 404 403
3978 2 2 10 1 402 403 401
3979 2 2 10 1 2205 2233 808
3980 2 2 10 1 1711 2403 1710
3981 2 2 10 1 1299 2275 1604
3982 2 2 10 1 1611 2304 1257
3983 2 2 10 1 1185 2251 1056
3984 2 2 10 1 2060 2277 2062
3985 2 2 10 1 722 2281 986
3986 2 2 10 1 1088 2281 720
3987 2 2 10 1 2212 2230 984
3988 2 2 10 1 1054 2251 1368
3989 2 2 10 1 1359 2283 716
3990 2 2 10 1 718 2283 1088
3991 2 2 10 1 2298 2425 2413
3992 2 2 10 1 2224 2307 497
3993 2 2 10 1 1841 2357 1839
3994 2 2 10 1 2226 2288 1408
3995 2 2 10 1 1327 2333 1328
3996 2 2 10 1 2234 2289 1409
3997 2 2 10 1 765 2287 772
3998 2 2 10 1 1500 2703 341
3999 2 2 10 1 2222 2291 1406
4000 2 2 10 1 2062 2277 2134
4001 2 2 10 1 408 2260 411
4002 2 2 10 1 2225 2292 1309
4003 2 2 10 1 341 2703 1609
4004 2 2 10 1 1097 2257 1405
4005 2 2 10 1 2218 2294 1442
4006 2 2 10 1 708 2276 2236
4007 2 2 10 1 248 2262 247
4008 2 2 10 1 265 398 264
4009 2 2 10 1 263 390 262
4010 2 2 10 1 247 399 246
4011 2 2 10 1 251 347 250
4012 2 2 10 1 254 350 253
4013 2 2 10 1 259 2267 258
4014 2 2 10 1 261 346 260
4015 2 2 10 1 264 2264 263
4016 2 2 10 1 258 354 257
4017 2 2 10 1 256 391 255
4018 2 2 10 1 133 356 132
4019 2 2 10 1 249 392 248
4020 2 2 10 1 135 397 134
4021 2 2 10 1 260 2263 259
4022 2 2 10 1 255 2268 254
4023 2 2 10 1 118 2269 117
4024 2 2 10 1 119 357 118
4025 2 2 10 1 130 325 129
4026 2 2 10 1 257 2265 256
4027 2 2 10 1 128 388 127
4028 2 2 10 1 122 328 121
4029 2 2 10 1 250 2266 249
4030 2 2 10 1 123 2270 122
4031 2 2 10 1 124 389 123
4032 2 2 10 1 125 2271 124
4033 2 2 10 1 126 287 125
4034 2 2 10 1 127 2272 126
4035 2 2 10 1 404 406 405
4036 2 2 10 1 2185 2468 335
4037 2 2 10 1 580 2277 2060
4038 2 2 10 1 1829 2497 1158
4039 2 2 10 1 2291 2308 1406
4040 2 2 10 1 757 2279 1300
4041 2 2 10 1 406 408 407
4042 2 2 10 1 1476 1563 1451
4043 2 2 10 1 2294 2310 1442
4044 2 2 10 1 2190 2292 840
4045 2 2 10 1 1895 2360 1340
4046 2 2 10 1 2102 2544 2513
4047 2 2 10 1 2259 2293 1397
4048 2 2 10 1 772 2288 767
4049 2 2 10 1 863 2291 830
4050 2 2 10 1 1089 2289 792
4051 2 2 10 1 1313 2285 950
4052 2 2 10 1 968 2294 858
4053 2 2 10 1 1962 2290 1965
4054 2 2 10 1 68 2318 67
4055 2 2 10 1 319 401 400
4056 2 2 10 1 1869 2286 1866
4057 2 2 10 1 2334 2343 1523
4058 2 2 10 1 400 1527 338
4059 2 2 10 1 1452 1566 324
4060 2 2 10 1 950 2285 948
4061 2 2 10 1 341 1513 1452
4062 2 2 10 1 327 1549 1540
4063 2 2 10 1 1386 2296 1003
4064 2 2 10 1 404 405 403
4065 2 2 10 1 1374 2409 2028
4066 2 2 10 1 767 2288 769
4067 2 2 10 1 1316 2342 1434
4068 2 2 10 1 1836 2683 311
4069 2 2 10 1 406 407 405
4070 2 2 10 1 792 2289 794
4071 2 2 10 1 764 2287 765
4072 2 2 10 1 399 2586 2384
4073 2 2 10 1 840 2292 842
4074 2 2 10 1 830 2291 832
4075 2 2 10 1 858 2294 860
4076 2 2 10 1 1358 2372 1773
4077 2 2 10 1 2078 2561 1089
4078 2 2 10 1 769 2288 2226
4079 2 2 10 1 794 2289 2234
4080 2 2 10 1 842 2292 2225
4081 2 2 10 1 860 2294 2218
4082 2 2 10 1 832 2291 2222
4083 2 2 10 1 1003 2296 1001
4084 2 2 10 1 1754 2346 615
4085 2 2 10 1 1389 2468 2185
4086 2 2 10 1 1471 2522 1470
4087 2 2 10 1 948 2285 2273
4088 2 2 10 1 406 2260 408
4089 2 2 10 1 1001 2296 2258
4090 2 2 10 1 1711 2485 314
4091 2 2 10 1 1351 2299 1594
4092 2 2 10 1 1580 2413 2367
4093 2 2 10 1 1629 2490 292
4094 2 2 10 1 1933 2373 1932
4095 2 2 10 1 110 2295 321
4096 2 2 10 1 588 2301 2293
4097 2 2 10 1 44 2328 43
4098 2 2 10 1 1407 2593 2575
4099 2 2 10 1 1376 2349 1245
4100 2 2 10 1 1823 2357 1824
4101 2 2 10 1 231 2314 339
4102 2 2 10 1 2160 2314 232
4103 2 2 10 1 1493 2302 1331
4104 2 2 10 1 1859 2661 1209
4105 2 2 10 1 1385 2297 2137
4106 2 2 10 1 959 2305 1262
4107 2 2 10 1 1323 2305 961
4108 2 2 10 1 2321 2343 687
4109 2 2 10 1 1310 2298 1580
4110 2 2 10 1 1300 2309 759
4111 2 2 10 1 761 2309 764
4112 2 2 10 1 2103 2535 2063
4113 2 2 10 1 1741 2377 1742
4114 2 2 10 1 1604 2317 1252
4115 2 2 10 1 609 2293 2259
4116 2 2 10 1 615 2303 489
4117 2 2 10 1 729 2359 1929
4118 2 2 10 1 1314 2313 1388
4119 2 2 10 1 890 2306 885
4120 2 2 10 1 2055 2377 1353
4121 2 2 10 1 1860 2603 387
4122 2 2 10 1 1881 2363 1338
4123 2 2 10 1 1925 2362 1926
4124 2 2 10 1 1930 2373 1931
4125 2 2 10 1 887 2306 1979
4126 2 2 10 1 329 2323 96
4127 2 2 10 1 2575 2593 2098
4128 2 2 10 1 1325 2361 1499
4129 2 2 10 1 1398 2301 1674
4130 2 2 10 1 343 2327 241
4131 2 2 10 1 629 2311 475
4132 2 2 10 1 1471 2578 2522
4133 2 2 10 1 2187 2334 1431
4134 2 2 10 1 961 2305 959
4135 2 2 10 1 1128 2338 1130
4136 2 2 10 1 1842 2503 2432
4137 2 2 10 1 1150 2312 624
4138 2 2 10 1 1005 2320 1386
4139 2 2 10 1 1215 2320 1007
4140 2 2 10 1 2586 2665 2384
4141 2 2 10 1 1257 2304 955
4142 2 2 10 1 1433 2334 1523
4143 2 2 10 1 1550 2662 2010
4144 2 2 10 1 1943 2370 606
4145 2 2 10 1 759 2309 761
4146 2 2 10 1 2019 2394 1023
4147 2 2 10 1 1337 2348 1949
4148 2 2 10 1 1340 2360 1729
4149 2 2 10 1 814 2345 816
4150 2 2 10 1 1809 2398 2035
4151 2 2 10 1 1507 2338 1175
4152 2 2 10 1 108 2339 386
4153 2 2 10 1 321 2339 109
4154 2 2 10 1 1247 2349 1299
4155 2 2 10 1 2190 2325 2292
4156 2 2 10 1 368 2442 2055
4157 2 2 10 1 606 2393 533
4158 2 2 10 1 1573 2355 2182
4159 2 2 10 1 1416 2510 2319
4160 2 2 10 1 1406 2308 1407
4161 2 2 10 1 1309 2325 1516
4162 2 2 10 1 1442 2310 1463
4163 2 2 10 1 1606 2597 1549
4164 2 2 10 1 885 2306 887
4165 2 2 10 1 232 2314 231
4166 2 2 10 1 386 2426 1818
4167 2 2 10 1 2231 2326 1426
4168 2 2 10 1 122 2270 328
4169 2 2 10 1 124 2271 389
4170 2 2 10 1 126 2272 287
4171 2 2 10 1 247 2262 399
4172 2 2 10 1 398 2264 264
4173 2 2 10 1 263 2264 390
4174 2 2 10 1 347 2266 250
4175 2 2 10 1 258 2267 354
4176 2 2 10 1 392 2262 248
4177 2 2 10 1 2263 2267 259
4178 2 2 10 1 346 2263 260
4179 2 2 10 1 254 2268 350
4180 2 2 10 1 391 2268 255
4181 2 2 10 1 354 2265 257
4182 2 2 10 1 256 2265 391
4183 2 2 10 1 389 2270 123
4184 2 2 10 1 287 2271 125
4185 2 2 10 1 388 2272 127
4186 2 2 10 1 249 2266 392
4187 2 2 10 1 357 2269 118
4188 2 2 10 1 2293 2301 1398
4189 2 2 10 1 2153 2367 2154
4190 2 2 10 1 1564 2313 1314
4191 2 2 10 1 675 2326 2231
4192 2 2 10 1 1782 2500 210
4193 2 2 10 1 1252 2317 1304
4194 2 2 10 1 1303 2368 2193
4195 2 2 10 1 1009 2337 1215
4196 2 2 10 1 1987 2388 1986
4197 2 2 10 1 497 2307 498
4198 2 2 10 1 660 2334 2187
4199 2 2 10 1 1155 2316 707
4200 2 2 10 1 1990 2324 590
4201 2 2 10 1 1025 2394 1058
4202 2 2 10 1 2246 2337 1011
4203 2 2 10 1 1321 2322 1582
4204 2 2 10 1 634 2390 627
4205 2 2 10 1 1682 2471 1683
4206 2 2 10 1 1610 2315 1387
4207 2 2 10 1 2268 2573 350
4208 2 2 10 1 67 2318 298
4209 2 2 10 1 1523 2321 1612
4210 2 2 10 1 1313 2346 2285
4211 2 2 10 1 1209 2386 700
4212 2 2 10 1 1701 2487 1702
4213 2 2 10 1 1022 2351 1216
4214 2 2 10 1 2099 2544 2100
4215 2 2 10 1 1836 2381 1834
4216 2 2 10 1 1066 2516 1616
4217 2 2 10 1 880 2535 2103
4218 2 2 10 1 1007 2320 1005
4219 2 2 10 1 2347 2602 1584
4220 2 2 10 1 2292 2325 1309
4221 2 2 10 1 96 2323 95
4222 2 2 10 1 1998 2319 1997
4223 2 2 10 1 1572 2330 1319
4224 2 2 10 1 1730 2329 1333
4225 2 2 10 1 1627 2404 754
4226 2 2 10 1 1207 2358 1026
4227 2 2 10 1 735 2574 1843
4228 2 2 10 1 1663 2540 1912
4229 2 2 10 1 1997 2319 2056
4230 2 2 10 1 1938 2331 1936
4231 2 2 10 1 2055 2499 368
4232 2 2 10 1 241 2327 240
4233 2 2 10 1 1323 2370 2305
4234 2 2 10 1 46 2366 376
4235 2 2 10 1 307 2366 47
4236 2 2 10 1 1812 2416 1689
4237 2 2 10 1 1773 2372 1774
4238 2 2 10 1 137 2383 136
4239 2 2 10 1 245 2384 244
4240 2 2 10 1 7 2385 6
4241 2 2 10 1 659 2343 660
4242 2 2 10 1 2336 2443 2177
4243 2 2 10 1 2490 2559 2163
4244 2 2 10 1 1937 2455 605
4245 2 2 10 1 356 2431 1622
4246 2 2 10 1 43 2328 304
4247 2 2 10 1 292 2448 1629
4248 2 2 10 1 1852 2710 1619
4249 2 2 10 1 2285 2346 1754
4250 2 2 10 1 1750 2471 1749
4251 2 2 10 1 1813 2521 1812
4252 2 2 10 1 1494 2333 1327
4253 2 2 10 1 1426 2326 2187
4254 2 2 10 1 300 2374 190
4255 2 2 10 1 660 2343 2334
4256 2 2 10 1 2383 2637 397
4257 2 2 10 1 1850 2375 2006
4258 2 2 10 1 2206 2353 1326
4259 2 2 10 1 754 2404 664
4260 2 2 10 1 1431 2334 1433
4261 2 2 10 1 1885 2336 1884
4262 2 2 10 1 2330 2598 1490
4263 2 2 10 1 1818 2426 1816
4264 2 2 10 1 1395 2335 1306
4265 2 2 10 1 213 2395 212
4266 2 2 10 1 2370 2393 606
4267 2 2 10 1 1347 2369 1030
4268 2 2 10 1 1710 2403 1737
4269 2 2 10 1 1018 2411 1019
4270 2 2 10 1 1028 2369 1207
4271 2 2 10 1 2272 2371 287
4272 2 2 10 1 167 2397 166
4273 2 2 10 1 1671 2515 2344
4274 2 2 10 1 1320 2325 2190
4275 2 2 10 1 313 2389 89
4276 2 2 10 1 88 2389 370
4277 2 2 10 1 883 2382 890
4278 2 2 10 1 1361 2466 2148
4279 2 2 10 1 1788 2499 1787
4280 2 2 10 1 1463 2618 2601
4281 2 2 10 1 643 2404 634
4282 2 2 10 1 1634 2423 1508
4283 2 2 10 1 1835 2683 1836
4284 2 2 10 1 1851 2375 1850
4285 2 2 10 1 2316 2380 1650
4286 2 2 10 1 1343 2547 1875
4287 2 2 10 1 382 2428 1669
4288 2 2 10 1 335 2392 182
4289 2 2 10 1 1732 2479 2415
4290 2 2 10 1 1118 2332 1120
4291 2 2 10 1 292 2490 2163
4292 2 2 10 1 1168 2378 1042
4293 2 2 10 1 1312 2352 1385
4294 2 2 10 1 109 2339 108
4295 2 2 10 1 1011 2337 1009
4296 2 2 10 1 1482 2379 1190
4297 2 2 10 1 1830 2673 330
4298 2 2 10 1 1038 2387 1188
4299 2 2 10 1 1089 2691 2078
4300 2 2 10 1 1412 2410 1565
4301 2 2 10 1 152 2406 151
4302 2 2 10 1 2035 2464 2034
4303 2 2 10 1 1495 2545 2451
4304 2 2 10 1 385 2399 64
4305 2 2 10 1 63 2399 316
4306 2 2 10 1 1485 2427 1369
4307 2 2 10 1 1625 2401 1564
4308 2 2 10 1 1538 2342 1316
4309 2 2 10 1 2232 2341 1363
4310 2 2 10 1 1560 2340 1561
4311 2 2 10 1 2146 2405 502
4312 2 2 10 1 1175 2338 1128
4313 2 2 10 1 8 2400 395
4314 2 2 10 1 344 2400 9
4315 2 2 10 1 1461 2606 2195
4316 2 2 10 1 1155 2380 2316
4317 2 2 10 1 2305 2370 1943
4318 2 2 10 1 1141 2696 1602
4319 2 2 10 1 1349 2424 1358
4320 2 2 10 1 504 2405 579
4321 2 2 10 1 1529 2354 2251
4322 2 2 10 1 2083 2519 586
4323 2 2 10 1 1672 2355 1573
4324 2 2 10 1 2324 2367 590
4325 2 2 10 1 130 2347 325
4326 2 2 10 1 584 2410 2202
4327 2 2 10 1 1817 2598 1818
4328 2 2 10 1 937 2344 1984
4329 2 2 10 1 1644 2490 1629
4330 2 2 10 1 1624 2498 1559
4331 2 2 10 1 261 2356 346
4332 2 2 10 1 390 2356 262
4333 2 2 10 1 2309 2409 764
4334 2 2 10 1 1249 2447 1959
4335 2 2 10 1 1382 2426 1568
4336 2 2 10 1 1251 2645 1796
4337 2 2 10 1 1354 2456 1367
4338 2 2 10 1 213 2579 2395
4339 2 2 10 1 2349 2675 1299
4340 2 2 10 1 929 2345 814
4341 2 2 10 1 192 2419 191
4342 2 2 10 1 1024 2351 1022
4343 2 2 10 1 2176 2643 303
4344 2 2 10 1 1528 2350 1529
4345 2 2 10 1 1141 2341 2232
4346 2 2 10 1 239 2414 351
4347 2 2 10 1 1839 2357 1823
4348 2 2 10 1 1613 2590 374
4349 2 2 10 1 1951 2423 1948
4350 2 2 10 1 1929 2594 735
4351 2 2 10 1 131 2347 130
4352 2 2 10 1 1613 2498 1503
4353 2 2 10 1 1388 2346 1313
4354 2 2 10 1 1770 2486 1598
4355 2 2 10 1 296 2415 200
4356 2 2 10 1 1691 2446 1695
4357 2 2 10 1 1894 2440 41
4358 2 2 10 1 299 2532 1633
4359 2 2 10 1 369 2690 2562
4360 2 2 10 1 1909 2640 1910
4361 2 2 10 1 2182 2355 289
4362 2 2 10 1 320 2418 142
4363 2 2 10 1 2000 2489 1396
4364 2 2 10 1 1245 2349 1247
4365 2 2 10 1 1450 2412 2036
4366 2 2 10 1 2325 2364 1516
4367 2 2 10 1 365 2556 2159
4368 2 2 10 1 1368 2353 2206
4369 2 2 10 1 1652 2645 1651
4370 2 2 10 1 312 2598 2330
4371 2 2 10 1 2556 2609 2159
4372 2 2 10 1 1895 2458 378
4373 2 2 10 1 1399 2463 1512
4374 2 2 10 1 1026 2358 1024
4375 2 2 10 1 1700 2361 1325
4376 2 2 10 1 1651 2645 1615
4377 2 2 10 1 262 2356 261
4378 2 2 10 1 1655 2459 1999
4379 2 2 10 1 2105 2532 299
4380 2 2 10 1 1926 2362 1927
4381 2 2 10 1 94 2421 288
4382 2 2 10 1 1565 2453 1410
4383 2 2 10 1 2165 2692 361
4384 2 2 10 1 2251 2354 1368
4385 2 2 10 1 1143 2437 1145
4386 2 2 10 1 1530 2359 729
4387 2 2 10 1 1024 2358 2351
4388 2 2 10 1 1553 2459 1366
4389 2 2 10 1 1577 2463 1401
4390 2 2 10 1 1344 2420 1482
4391 2 2 10 1 2381 2636 1834
4392 2 2 10 1 612 2672 1983
4393 2 2 10 1 1338 2363 1874
4394 2 2 10 1 1347 2509 2369
4395 2 2 10 1 1472 2430 1534
4396 2 2 10 1 1784 2624 1788
4397 2 2 10 1 1341 2468 1389
4398 2 2 10 1 1519 2487 1375
4399 2 2 10 1 1989 2556 365
4400 2 2 10 1 1368 2354 2353
4401 2 2 10 1 1297 2461 2143
4402 2 2 10 1 1723 2467 1721
4403 2 2 10 1 563 2469 561
4404 2 2 10 1 1628 2675 2349
4405 2 2 10 1 2310 2618 1463
4406 2 2 10 1 1931 2581 1422
4407 2 2 10 1 92 2428 382
4408 2 2 10 1 288 2428 93
4409 2 2 10 1 2269 2391 117
4410 2 2 10 1 2413 2425 2113
4411 2 2 10 1 41 2440 40
4412 2 2 10 1 1415 2510 1416
4413 2 2 10 1 2028 2409 2309
4414 2 2 10 1 1353 2377 1741
4415 2 2 10 1 68 2473 2318
4416 2 2 10 1 332 2432 165
4417 2 2 10 1 2643 2708 303
4418 2 2 10 1 1912 2540 2318
4419 2 2 10 1 1980 2556 1989
4420 2 2 10 1 1849 2502 1851
4421 2 2 10 1 392 2483 1805
4422 2 2 10 1 930 2429 875
4423 2 2 10 1 336 2434 150
4424 2 2 10 1 149 2434 383
4425 2 2 10 1 1385 2352 2297
4426 2 2 10 1 877 2429 882
4427 2 2 10 1 1954 2475 1955
4428 2 2 10 1 1928 2509 613
4429 2 2 10 1 2314 2407 339
4430 2 2 10 1 1372 2476 1858
4431 2 2 10 1 157 2436 384
4432 2 2 10 1 315 2436 158
4433 2 2 10 1 2099 2587 2477
4434 2 2 10 1 352 2438 17
4435 2 2 10 1 1523 2343 2321
4436 2 2 10 1 47 2366 46
4437 2 2 10 1 2340 2469 1561
4438 2 2 10 1 735 2594 2574
4439 2 2 10 1 1554 2365 1440
4440 2 2 10 1 188 2441 374
4441 2 2 10 1 1872 2548 993
4442 2 2 10 1 293 2442 216
4443 2 2 10 1 215 2442 368
4444 2 2 10 1 1448 2417 1449
4445 2 2 10 1 1364 2371 1457
4446 2 2 10 1 1320 2364 2325
4447 2 2 10 1 1656 2525 1294
4448 2 2 10 1 2302 2418 320
4449 2 2 10 1 337 2444 208
4450 2 2 10 1 1900 2584 1899
4451 2 2 10 1 1384 2439 2355
4452 2 2 10 1 1268 2412 1846
4453 2 2 10 1 590 2367 2153
4454 2 2 10 1 180 2448 292
4455 2 2 10 1 1158 2497 2019
4456 2 2 10 1 2246 2455 2337
4457 2 2 10 1 1030 2369 1028
4458 2 2 10 1 74 2462 73
4459 2 2 10 1 2036 2412 1268
4460 2 2 10 1 1692 2620 2264
4461 2 2 10 1 305 2451 57
4462 2 2 10 1 1588 2505 1587
4463 2 2 10 1 1855 2376 1785
4464 2 2 10 1 1649 2457 371
4465 2 2 10 1 1932 2373 1930
4466 2 2 10 1 11 2470 10
4467 2 2 10 1 1528 2677 2350
4468 2 2 10 1 929 2588 2568
4469 2 2 10 1 222 2472 221
4470 2 2 10 1 705 2529 647
4471 2 2 10 1 1415 2537 2510
4472 2 2 10 1 2327 2414 240
4473 2 2 10 1 224 2457 285
4474 2 2 10 1 371 2457 225
4475 2 2 10 1 2193 2368 1192
4476 2 2 10 1 378 2458 34
4477 2 2 10 1 1362 2466 1361
4478 2 2 10 1 1935 2681 1934
4479 2 2 10 1 190 2374 189
4480 2 2 10 1 1632 2496 325
4481 2 2 10 1 1734 2560 1733
4482 2 2 10 1 2001 2546 1424
4483 2 2 10 1 1387 2370 1323
4484 2 2 10 1 1969 2380 1155
4485 2 2 10 1 2175 2372 375
4486 2 2 10 1 1596 2494 1598
4487 2 2 10 1 44 2528 2328
4488 2 2 10 1 1058 2381 2018
4489 2 2 10 1 1447 2584 1548
4490 2 2 10 1 1509 2458 1895
4491 2 2 10 1 1910 2640 71
4492 2 2 10 1 342 2495 1520
4493 2 2 10 1 1609 2703 1360
4494 2 2 10 1 338 1628 1456
4495 2 2 10 1 511 2700 1935
4496 2 2 10 1 1552 2480 1191
4497 2 2 10 1 1419 2553 1656
4498 2 2 10 1 2345 2563 816
4499 2 2 10 1 1818 2507 386
4500 2 2 10 1 2495 2531 1520
4501 2 2 10 1 1986 2388 1988
4502 2 2 10 1 1616 2516 1466
4503 2 2 10 1 2054 2499 2055
4504 2 2 10 1 1633 2532 1480
4505 2 2 10 1 517 2524 515
4506 2 2 10 1 1853 2592 1365
4507 2 2 10 1 365 2493 1989
4508 2 2 10 1 1597 2664 610
4509 2 2 10 1 2323 2421 95
4510 2 2 10 1 1042 2378 1040
4511 2 2 10 1 2173 2660 1900
4512 2 2 10 1 996 2430 2211
4513 2 2 10 1 333 2473 69
4514 2 2 10 1 1190 2379 1320
4515 2 2 10 1 1877 2483 1810
4516 2 2 10 1 2255 2390 1627
4517 2 2 10 1 176 2481 175
4518 2 2 10 1 253 2464 252
4519 2 2 10 1 2061 2535 2064
4520 2 2 10 1 2350 2542 1529
4521 2 2 10 1 700 2386 1297
4522 2 2 10 1 1917 2515 1920
4523 2 2 10 1 882 2382 883
4524 2 2 10 1 1422 2570 1419
4525 2 2 10 1 1417 2533 1620
4526 2 2 10 1 627 2390 628
4527 2 2 10 1 1602 2696 1183
4528 2 2 10 1 89 2389 88
4529 2 2 10 1 1040 2387 1038
4530 2 2 10 1 928 2425 2298
4531 2 2 10 1 1519 2643 2176
4532 2 2 10 1 393 2383 137
4533 2 2 10 1 395 2385 7
4534 2 2 10 1 244 2384 394
4535 2 2 10 1 1403 2551 1102
4536 2 2 10 1 1530 2634 2611
4537 2 2 10 1 1308 2530 1238
4538 2 2 10 1 1564 2401 2313
4539 2 2 10 1 198 2479 369
4540 2 2 10 1 75 2422 74
4541 2 2 10 1 553 2542 551
4542 2 2 10 1 1311 2494 1596
4543 2 2 10 1 182 2392 181
4544 2 2 10 1 828 2477 863
4545 2 2 10 1 2378 2387 1040
4546 2 2 10 1 1591 2407 2314
4547 2 2 10 1 1387 2393 2370
4548 2 2 10 1 360 2488 1653
4549 2 2 10 1 2034 2573 2031
4550 2 2 10 1 1389 2508 1392
4551 2 2 10 1 140 2484 348
4552 2 2 10 1 2318 2473 1912
4553 2 2 10 1 649 2529 695
4554 2 2 10 1 397 2431 134
4555 2 2 10 1 133 2431 356
4556 2 2 10 1 2064 2568 2059
4557 2 2 10 1 308 2689 1728
4558 2 2 10 1 210 2500 209
4559 2 2 10 1 330 2501 1832
4560 2 2 10 1 80 2485 367
4561 2 2 10 1 314 2485 81
4562 2 2 10 1 351 2488 238
4563 2 2 10 1 237 2488 360
4564 2 2 10 1 1633 2605 299
4565 2 2 10 1 1907 2396 1906
4566 2 2 10 1 2387 2681 1188
4567 2 2 10 1 2443 2511 286
4568 2 2 10 1 1023 2394 1025
4569 2 2 10 1 1808 2398 1809
4570 2 2 10 1 2038 2520 778
4571 2 2 10 1 1422 2581 2570
4572 2 2 10 1 2085 2659 584
4573 2 2 10 1 1769 2486 1770
4574 2 2 10 1 1473 2578 1471
4575 2 2 10 1 628 2390 2255
4576 2 2 10 1 15 2493 365
4577 2 2 10 1 2072 2555 2141
4578 2 2 10 1 1517 2514 345
4579 2 2 10 1 931 2452 2216
4580 2 2 10 1 1435 2596 1152
4581 2 2 10 1 2077 2564 2078
4582 2 2 10 1 1320 2379 2364
4583 2 2 10 1 1241 2531 1243
4584 2 2 10 1 935 2491 871
4585 2 2 10 1 22 2523 21
4586 2 2 10 1 2103 2541 880
4587 2 2 10 1 172 2501 330
4588 2 2 10 1 117 2391 116
4589 2 2 10 1 873 2491 930
4590 2 2 10 1 2508 2525 1392
4591 2 2 10 1 1707 2589 1711
4592 2 2 10 1 2088 2547 1343
4593 2 2 10 1 212 2395 295
4594 2 2 10 1 163 2503 290
4595 2 2 10 1 2000 2642 2270
4596 2 2 10 1 1409 2561 1469
4597 2 2 10 1 1589 2661 1859
4598 2 2 10 1 387 2625 1589
4599 2 2 10 1 64 2399 63
4600 2 2 10 1 1693 2620 1690
4601 2 2 10 1 1567 2619 1497
4602 2 2 10 1 1941 2633 2085
4603 2 2 10 1 1502 2657 1613
4604 2 2 10 1 1792 2402 1791
4605 2 2 10 1 1513 2693 2368
4606 2 2 10 1 386 2507 107
4607 2 2 10 1 106 2507 312
4608 2 2 10 1 1383 2439 1384
4609 2 2 10 1 2071 2555 2069
4610 2 2 10 1 1377 2616 1485
4611 2 2 10 1 206 2512 294
4612 2 2 10 1 1459 2615 1475
4613 2 2 10 1 1305 2643 1519
4614 2 2 10 1 671 2601 2067
4615 2 2 10 1 9 2400 8
4616 2 2 10 1 1526 2519 1525
4617 2 2 10 1 1486 2644 1577
4618 2 2 10 1 2176 2577 1519
4619 2 2 10 1 2136 2597 1308
4620 2 2 10 1 166 2397 332
4621 2 2 10 1 1556 2610 1658
4622 2 2 10 1 1419 2570 2553
4623 2 2 10 1 561 2469 2340
4624 2 2 10 1 1885 2443 2336
4625 2 2 10 1 451 2664 669
4626 2 2 10 1 2184 2537 1099
4627 2 2 10 1 778 2520 780
4628 2 2 10 1 1601 2678 1621
4629 2 2 10 1 2192 2480 2229
4630 2 2 10 1 49 2538 48
4631 2 2 10 1 610 2664 453
4632 2 2 10 1 1991 2619 1993
4633 2 2 10 1 551 2677 549
4634 2 2 10 1 1487 2658 1505
4635 2 2 10 1 1859 2607 1860
4636 2 2 10 1 457 2669 455
4637 2 2 10 1 2337 2455 1937
4638 2 2 10 1 664 2404 643
4639 2 2 10 1 1646 2687 1511
4640 2 2 10 1 824 2513 827
4641 2 2 10 1 376 2528 45
4642 2 2 10 1 1665 2548 1400
4643 2 2 10 1 1676 2649 1492
4644 2 2 10 1 1680 2651 1477
4645 2 2 10 1 1935 2700 2681
4646 2 2 10 1 2398 2639 2035
4647 2 2 10 1 2395 2579 1788
4648 2 2 10 1 1639 2526 1514
4649 2 2 10 1 2369 2509 1928
4650 2 2 10 1 1858 2607 1859
4651 2 2 10 1 1667 2548 1665
4652 2 2 10 1 2214 2506 2478
4653 2 2 10 1 1602 2543 1141
4654 2 2 10 1 1780 2656 1783
4655 2 2 10 1 1843 2550 1840
4656 2 2 10 1 543 2569 544
4657 2 2 10 1 396 2536 114
4658 2 2 10 1 113 2536 355
4659 2 2 10 1 2045 2576 1072
4660 2 2 10 1 2272 2599 2371
4661 2 2 10 1 2005 2708 1643
4662 2 2 10 1 515 2709 512
4663 2 2 10 1 2154 2413 2113
4664 2 2 10 1 2328 2528 1485
4665 2 2 10 1 55 2545 377
4666 2 2 10 1 366 2422 75
4667 2 2 10 1 2214 2478 931
4668 2 2 10 1 1293 2661 1589
4669 2 2 10 1 2537 2567 1099
4670 2 2 10 1 1473 2633 2578
4671 2 2 10 1 86 2554 302
4672 2 2 10 1 370 2554 87
4673 2 2 10 1 2282 2435 772
4674 2 2 10 1 929 2568 2345
4675 2 2 10 1 880 2541 820
4676 2 2 10 1 1058 2636 2381
4677 2 2 10 1 1594 2407 1591
4678 2 2 10 1 196 2562 299
4679 2 2 10 1 369 2562 197
4680 2 2 10 1 32 2565 317
4681 2 2 10 1 772 2435 2288
4682 2 2 10 1 579 2575 2248
4683 2 2 10 1 151 2406 336
4684 2 2 10 1 2355 2439 289
4685 2 2 10 1 313 2595 1666
4686 2 2 10 1 2479 2560 369
4687 2 2 10 1 1515 2588 929
4688 2 2 10 1 372 2671 1857
4689 2 2 10 1 1019 2411 1158
4690 2 2 10 1 2010 2662 19
4691 2 2 10 1 334 2571 39
4692 2 2 10 1 2315 2393 1387
4693 2 2 10 1 2503 2600 290
4694 2 2 10 1 502 2405 504
4695 2 2 10 1 778 2711 2038
4696 2 2 10 1 357 2614 1950
4697 2 2 10 1 1530 2611 2359
4698 2 2 10 1 384 2577 156
4699 2 2 10 1 155 2577 2176
4700 2 2 10 1 1554 2709 2365
4701 2 2 10 1 1072 2576 1073
4702 2 2 10 1 368 2579 214
4703 2 2 10 1 818 2563 880
4704 2 2 10 1 111 2694 2295
4705 2 2 10 1 2365 2524 1440
4706 2 2 10 1 339 2580 230
4707 2 2 10 1 316 2583 62
4708 2 2 10 1 2177 2443 286
4709 2 2 10 1 186 2590 310
4710 2 2 10 1 374 2590 187
4711 2 2 10 1 1441 2567 1413
4712 2 2 10 1 90 2595 313
4713 2 2 10 1 382 2595 91
4714 2 2 10 1 1547 2514 2051
4715 2 2 10 1 1444 2611 1163
4716 2 2 10 1 2064 2563 2345
4717 2 2 10 1 71 2640 70
4718 2 2 10 1 1087 2494 2239
4719 2 2 10 1 346 2416 2263
4720 2 2 10 1 24 2603 322
4721 2 2 10 1 387 2603 25
4722 2 2 10 1 1619 2682 1852
4723 2 2 10 1 2202 2410 1412
4724 2 2 10 1 174 2683 173
4725 2 2 10 1 194 2605 380
4726 2 2 10 1 299 2605 195
4727 2 2 10 1 1749 2471 1682
4728 2 2 10 1 19 2662 18
4729 2 2 10 1 1656 2553 2525
4730 2 2 10 1 1160 2634 1474
4731 2 2 10 1 1270 2650 1530
4732 2 2 10 1 1788 2624 2395
4733 2 2 10 1 128 2496 388
4734 2 2 10 1 325 2496 129
4735 2 2 10 1 776 2711 778
4736 2 2 10 1 240 2414 239
4737 2 2 10 1 1689 2416 1820
4738 2 2 10 1 340 2702 20
4739 2 2 10 1 285 2450 223
4740 2 2 10 1 355 2694 112
4741 2 2 10 1 37 2689 308
4742 2 2 10 1 2374 2441 189
4743 2 2 10 1 228 2653 323
4744 2 2 10 1 1493 2418 2302
4745 2 2 10 1 294 2660 205
4746 2 2 10 1 204 2660 2173
4747 2 2 10 1 330 2673 171
4748 2 2 10 1 312 2670 105
4749 2 2 10 1 60 2671 372
4750 2 2 10 1 1451 2412 1450
4751 2 2 10 1 2195 2606 2223
4752 2 2 10 1 2345 2568 2064
4753 2 2 10 1 764 2409 2287
4754 2 2 10 1 1485 2616 2328
4755 2 2 10 1 1183 2696 1134
4756 2 2 10 1 1605 2460 1518
4757 2 2 10 1 1136 2696 1141
4758 2 2 10 1 200 2415 199
4759 2 2 10 1 2295 2694 1567
4760 2 2 10 1 4 2627 245
4761 2 2 10 1 136 2626 3
4762 2 2 10 1 6 2628 1
4763 2 2 10 1 1156 2712 1461
4764 2 2 10 1 1948 2423 1634
4765 2 2 10 1 931 2478 2452
4766 2 2 10 1 551 2542 2350
4767 2 2 10 1 1 2628 265
4768 2 2 10 1 246 2627 4
4769 2 2 10 1 3 2626 135
4770 2 2 10 1 252 2639 251
4771 2 2 10 1 1463 2591 1441
4772 2 2 10 1 142 2418 141
4773 2 2 10 1 223 2450 222
4774 2 2 10 1 515 2524 2365
4775 2 2 10 1 2221 2505 944
4776 2 2 10 1 1449 2417 1476
4777 2 2 10 1 1441 2591 2567
4778 2 2 10 1 2392 2448 181
4779 2 2 10 1 2298 2413 1580
4780 2 2 10 1 1934 2681 2387
4781 2 2 10 1 1509 2565 2458
4782 2 2 10 1 191 2419 300
4783 2 2 10 1 2350 2677 551
4784 2 2 10 1 2477 2544 2099
4785 2 2 10 1 1407 2420 1344
4786 2 2 10 1 1843 2574 2550
4787 2 2 10 1 95 2421 94
4788 2 2 10 1 2633 2659 2085
4789 2 2 10 1 2 2632 115
4790 2 2 10 1 307 2667 1678
4791 2 2 10 1 1796 2447 1249
4792 2 2 10 1 379 2686 1743
4793 2 2 10 1 2333 2422 366
4794 2 2 10 1 1462 2629 1539
4795 2 2 10 1 116 2632 2
4796 2 2 10 1 1537 2424 1349
4797 2 2 10 1 2545 2651 377
4798 2 2 10 1 1951 2614 120
4799 2 2 10 1 1816 2426 1382
4800 2 2 10 1 1893 2440 1894
4801 2 2 10 1 2382 2592 1853
4802 2 2 10 1 2408 2530 1308
4803 2 2 10 1 1886 2511 2443
4804 2 2 10 1 1770 2655 2235
4805 2 2 10 1 2052 2666 1547
4806 2 2 10 1 1360 2433 1212
4807 2 2 10 1 2159 2609 349
4808 2 2 10 1 1369 2427 1370
4809 2 2 10 1 2113 2452 2111
4810 2 2 10 1 356 2602 132
4811 2 2 10 1 1180 2710 1852
4812 2 2 10 1 2365 2709 515
4813 2 2 10 1 2433 2703 1500
4814 2 2 10 1 275 1517 345
4815 2 2 10 1 327 1540 273
4816 2 2 10 1 318 1483 5
4817 2 2 10 1 268 400 338
4818 2 2 10 1 341 1452 281
4819 2 2 10 1 319 400 267
4820 2 2 10 1 266 1483 319
4821 2 2 10 1 280 1500 341
4822 2 2 10 1 282 1452 324
4823 2 2 10 1 274 1540 1517
4824 2 2 10 1 119 2614 357
4825 2 2 10 1 1396 2489 1570
4826 2 2 10 1 2330 2670 312
4827 2 2 10 1 2342 2580 339
4828 2 2 10 1 1894 2701 1637
4829 2 2 10 1 329 2685 1921
4830 2 2 10 1 2163 2559 362
4831 2 2 10 1 93 2428 92
4832 2 2 10 1 1660 2706 1510
4833 2 2 10 1 2562 2690 2105
4834 2 2 10 1 937 2622 2344
4835 2 2 10 1 875 2429 877
4836 2 2 10 1 375 2517 50
4837 2 2 10 1 2216 2425 928
4838 2 2 10 1 1520 2408 1453
4839 2 2 10 1 1383 2527 2439
4840 2 2 10 1 165 2432 164
4841 2 2 10 1 394 2688 2183
4842 2 2 10 1 2359 2611 1444
4843 2 2 10 1 1886 2443 1885
4844 2 2 10 1 1493 2484 2418
4845 2 2 10 1 1089 2561 2289
4846 2 2 10 1 1867 2695 893
4847 2 2 10 1 2435 2445 1408
4848 2 2 10 1 1790 2549 1792
4849 2 2 10 1 150 2434 149
4850 2 2 10 1 2205 2621 2612
4851 2 2 10 1 1572 2670 2330
4852 2 2 10 1 134 2431 133
4853 2 2 10 1 1508 2642 2000
4854 2 2 10 1 1510 2706 2001
4855 2 2 10 1 2264 2620 390
4856 2 2 10 1 158 2436 157
4857 2 2 10 1 933 2539 2506
4858 2 2 10 1 2211 2430 1472
4859 2 2 10 1 2074 2713 975
4860 2 2 10 1 17 2438 16
4861 2 2 10 1 1361 2437 1143
4862 2 2 10 1 1739 2692 1641
4863 2 2 10 1 933 2506 2214
4864 2 2 10 1 346 2647 2416
4865 2 2 10 1 189 2441 188
4866 2 2 10 1 1538 2653 2580
4867 2 2 10 1 2371 2599 1457
4868 2 2 10 1 1805 2483 1877
4869 2 2 10 1 216 2442 215
4870 2 2 10 1 326 1875 1455
4871 2 2 10 1 345 1547 1454
4872 2 2 10 1 1538 2580 2342
4873 2 2 10 1 1375 2487 1701
4874 2 2 10 1 342 1520 1453
4875 2 2 10 1 40 2440 334
4876 2 2 10 1 289 2439 2174
4877 2 2 10 1 208 2444 207
4878 2 2 10 1 1692 2446 1691
4879 2 2 10 1 2032 2456 1354
4880 2 2 10 1 2205 2612 2233
4881 2 2 10 1 1408 2445 1265
4882 2 2 10 1 1503 2498 1624
4883 2 2 10 1 347 2639 2398
4884 2 2 10 1 1653 2447 1652
4885 2 2 10 1 2415 2479 199
4886 2 2 10 1 181 2448 180
4887 2 2 10 1 1494 2422 2333
4888 2 2 10 1 2009 2490 1644
4889 2 2 10 1 309 2668 72
4890 2 2 10 1 993 2465 1756
4891 2 2 10 1 1501 2527 1383
4892 2 2 10 1 1410 2453 1411
4893 2 2 10 1 2445 2449 1265
4894 2 2 10 1 322 2552 23
4895 2 2 10 1 1507 2460 2338
4896 2 2 10 1 2418 2484 141
4897 2 2 10 1 2051 2514 1438
4898 2 2 10 1 1265 2449 1371
4899 2 2 10 1 2288 2435 1408
4900 2 2 10 1 57 2451 56
4901 2 2 10 1 2420 2575 579
4902 2 2 10 1 131 2602 2347
4903 2 2 10 1 2143 2461 651
4904 2 2 10 1 1921 2685 1697
4905 2 2 10 1 2653 2687 323
4906 2 2 10 1 1366 2459 1655
4907 2 2 10 1 2449 2454 1371
4908 2 2 10 1 669 2486 1769
4909 2 2 10 1 1401 2463 1399
4910 2 2 10 1 1371 2454 1698
4911 2 2 10 1 1420 2558 1494
4912 2 2 10 1 225 2457 224
4913 2 2 10 1 34 2458 33
4914 2 2 10 1 383 2682 2142
4915 2 2 10 1 2616 2701 304
4916 2 2 10 1 1448 2518 2417
4917 2 2 10 1 1423 2468 1341
4918 2 2 10 1 2402 2450 285
4919 2 2 10 1 605 2469 563
4920 2 2 10 1 1561 2455 2246
4921 2 2 10 1 1721 2467 1725
4922 2 2 10 1 2453 2482 1411
4923 2 2 10 1 1481 2532 2105
4924 2 2 10 1 2416 2647 1820
4925 2 2 10 1 1418 2511 1886
4926 2 2 10 1 939 2641 2621
4927 2 2 10 1 882 2592 2382
4928 2 2 10 1 2433 2547 1212
4929 2 2 10 1 2328 2616 304
4930 2 2 10 1 73 2462 309
4931 2 2 10 1 1532 2466 1362
4932 2 2 10 1 2402 2492 1970
4933 2 2 10 1 2318 2540 298
4934 2 2 10 1 1507 2474 2460
4935 2 2 10 1 2540 2635 298
4936 2 2 10 1 1846 2557 705
4937 2 2 10 1 1959 2475 1954
4938 2 2 10 1 2432 2503 164
4939 2 2 10 1 1620 2629 1462
4940 2 2 10 1 2438 2493 16
4941 2 2 10 1 2235 2655 1087
4942 2 2 10 1 10 2470 344
4943 2 2 10 1 69 2473 68
4944 2 2 10 1 221 2472 331
4945 2 2 10 1 2565 2649 317
4946 2 2 10 1 1793 2549 1790
4947 2 2 10 1 2476 2607 1858
4948 2 2 10 1 939 2621 2205
4949 2 2 10 1 2195 2674 1461
4950 2 2 10 1 2484 2546 348
4951 2 2 10 1 2098 2593 2097
4952 2 2 10 1 2001 2706 2546
4953 2 2 10 1 50 2517 49
4954 2 2 10 1 1539 2476 1372
4955 2 2 10 1 2338 2460 1605
4956 2 2 10 1 2461 2522 651
4957 2 2 10 1 350 2464 253
4958 2 2 10 1 1491 2539 933
4959 2 2 10 1 2111 2478 2109
4960 2 2 10 1 1514 2558 1420
4961 2 2 10 1 2444 2512 207
4962 2 2 10 1 2412 2557 1846
4963 2 2 10 1 1411 2482 1863
4964 2 2 10 1 2504 2698 1992
4965 2 2 10 1 177 2679 176
4966 2 2 10 1 1608 2474 1507
4967 2 2 10 1 2009 2559 2490
4968 2 2 10 1 199 2479 198
4969 2 2 10 1 1598 2486 1597
4970 2 2 10 1 1496 2667 1537
4971 2 2 10 1 2439 2527 2174
4972 2 2 10 1 827 2477 828
4973 2 2 10 1 1451 2557 2412
4974 2 2 10 1 2097 2587 2099
4975 2 2 10 1 2220 2663 2652
4976 2 2 10 1 2391 2504 396
4977 2 2 10 1 311 2566 1836
4978 2 2 10 1 1852 2502 1849
4979 2 2 10 1 2244 2521 1813
4980 2 2 10 1 2478 2506 2109
4981 2 2 10 1 175 2481 311
4982 2 2 10 1 141 2484 140
4983 2 2 10 1 274 1517 275
4984 2 2 10 1 275 345 276
4985 2 2 10 1 273 1540 274
4986 2 2 10 1 277 326 278
4987 2 2 10 1 5 1483 266
4988 2 2 10 1 270 342 271
4989 2 2 10 1 272 327 273
4990 2 2 10 1 267 400 268
4991 2 2 10 1 279 1500 280
4992 2 2 10 1 280 341 281
4993 2 2 10 1 266 319 267
4994 2 2 10 1 268 338 269
4995 2 2 10 1 282 324 283
4996 2 2 10 1 284 318 5
4997 2 2 10 1 281 1452 282
4998 2 2 10 1 81 2485 80
4999 2 2 10 1 1191 2480 2192
5000 2 2 10 1 1950 2614 1951
5001 2 2 10 1 2533 2702 340
5002 2 2 10 1 238 2488 237
5003 2 2 10 1 2423 2642 1508
5004 2 2 10 1 2220 2652 968
5005 2 2 10 1 1501 2613 2527
5006 2 2 10 1 324 2518 1448
5007 2 2 10 1 1520 2530 2408
5008 2 2 10 1 2451 2545 56
5009 2 2 10 1 23 2552 22
5010 2 2 10 1 1787 2499 2054
5011 2 2 10 1 871 2491 873
5012 2 2 10 1 2271 2489 389
5013 2 2 10 1 1376 2646 2349
5014 2 2 10 1 16 2493 15
5015 2 2 10 1 1743 2686 1794
5016 2 2 10 1 2229 2641 939
5017 2 2 10 1 1490 2598 1817
5018 2 2 10 1 2452 2478 2111
5019 2 2 10 1 1832 2501 1835
5020 2 2 10 1 2219 2604 1491
5021 2 2 10 1 2465 2622 1756
5022 2 2 10 1 894 2695 969
5023 2 2 10 1 1461 2712 2606
5024 2 2 10 1 288 2582 2428
5025 2 2 10 1 1993 2504 1992
5026 2 2 10 1 651 2522 1996
5027 2 2 10 1 2458 2565 33
5028 2 2 10 1 2100 2544 2102
5029 2 2 10 1 173 2501 172
5030 2 2 10 1 2109 2506 1443
5031 2 2 10 1 357 2698 2269
5032 2 2 10 1 1875 2704 1343
5033 2 2 10 1 209 2500 337
5034 2 2 10 1 1732 2560 2479
5035 2 2 10 1 164 2503 163
5036 2 2 10 1 2239 2494 1311
5037 2 2 10 1 1466 2516 1468
5038 2 2 10 1 1615 2645 1251
5039 2 2 10 1 1295 2508 2040
5040 2 2 10 1 129 2496 128
5041 2 2 10 1 2543 2678 1601
5042 2 2 10 1 2424 2517 375
5043 2 2 10 1 2266 2483 392
5044 2 2 10 1 1697 2613 1501
5045 2 2 10 1 107 2507 106
5046 2 2 10 1 1918 2515 1917
5047 2 2 10 1 354 2521 2244
5048 2 2 10 1 1910 2526 1639
5049 2 2 10 1 2425 2452 2113
5050 2 2 10 1 207 2512 206
5051 2 2 10 1 1641 2692 2644
5052 2 2 10 1 613 2524 517
5053 2 2 10 1 1295 2525 2508
5054 2 2 10 1 1525 2519 2083
5055 2 2 10 1 1631 2599 388
5056 2 2 10 1 345 1454 276
5057 2 2 10 1 324 1448 283
5058 2 2 10 1 342 1453 271
5059 2 2 10 1 326 1455 278
5060 2 2 10 1 338 1456 269
5061 2 2 10 1 822 2513 824
5062 2 2 10 1 2506 2539 1443
5063 2 2 10 1 2097 2593 2587
5064 2 2 10 1 596 2569 2564
5065 2 2 10 1 1440 2509 1347
5066 2 2 10 1 1475 2559 2009
5067 2 2 10 1 596 2564 2077
5068 2 2 10 1 2522 2578 1996
5069 2 2 10 1 582 2510 2237
5070 2 2 10 1 286 2511 2162
5071 2 2 10 1 1842 2600 2503
5072 2 2 10 1 2481 2566 311
5073 2 2 10 1 1792 2450 2402
5074 2 2 10 1 1294 2525 1295
5075 2 2 10 1 1454 2666 1464
5076 2 2 10 1 1141 2543 2341
5077 2 2 10 1 780 2520 783
5078 2 2 10 1 1566 2518 324
5079 2 2 10 1 2348 2698 357
5080 2 2 10 1 1587 2505 2221
5081 2 2 10 1 21 2523 340
5082 2 2 10 1 1899 2584 1447
5083 2 2 10 1 1087 2655 2494
5084 2 2 10 1 1243 2531 1376
5085 2 2 10 1 647 2529 649
5086 2 2 10 1 45 2528 44
5087 2 2 10 1 1480 2532 1481
5088 2 2 10 1 2572 2631 2168
5089 2 2 10 1 2174 2527 364
5090 2 2 10 1 1794 2630 1793
5091 2 2 10 1 944 2663 2220
5092 2 2 10 1 1400 2548 1872
5093 2 2 10 1 2010 2533 1417
5094 2 2 10 1 1734 2690 2560
5095 2 2 10 1 2063 2535 2061
5096 2 2 10 1 1238 2530 1241
5097 2 2 10 1 2510 2537 2237
5098 2 2 10 1 1733 2560 1732
5099 2 2 10 1 290 2572 2168
5100 2 2 10 1 822 2541 2513
5101 2 2 10 1 2201 2638 2604
5102 2 2 10 1 2235 2705 1770
5103 2 2 10 1 1443 2539 1403
5104 2 2 10 1 623 2542 553
5105 2 2 10 1 71 2668 1910
5106 2 2 10 1 1484 2540 1663
5107 2 2 10 1 298 2635 2172
5108 2 2 10 1 1562 2678 1602
5109 2 2 10 1 1424 2546 1493
5110 2 2 10 1 114 2536 113
5111 2 2 10 1 1793 2630 2549
5112 2 2 10 1 1539 2629 2523
5113 2 2 10 1 1102 2551 1393
5114 2 2 10 1 2201 2604 2219
5115 2 2 10 1 1212 2547 2088
5116 2 2 10 1 1376 2531 2495
5117 2 2 10 1 48 2538 307
5118 2 2 10 1 1981 2556 1980
5119 2 2 10 1 2635 2707 2172
5120 2 2 10 1 2267 2521 354
5121 2 2 10 1 1981 2609 2556
5122 2 2 10 1 1840 2550 1842
5123 2 2 10 1 2216 2452 2425
5124 2 2 10 1 1415 2567 2537
5125 2 2 10 1 1407 2575 2420
5126 2 2 10 1 2237 2537 2184
5127 2 2 10 1 1598 2655 1770
5128 2 2 10 1 820 2541 822
5129 2 2 10 1 1505 2609 1981
5130 2 2 10 1 56 2545 55
5131 2 2 10 1 2349 2646 1628
5132 2 2 10 1 2347 2699 325
5133 2 2 10 1 2525 2553 1392
5134 2 2 10 1 2069 2555 2072
5135 2 2 10 1 87 2554 86
5136 2 2 10 1 1792 2549 2472
5137 2 2 10 1 2105 2690 1734
5138 2 2 10 1 2059 2568 1437
5139 2 2 10 1 197 2562 196
5140 2 2 10 1 2031 2573 2032
5141 2 2 10 1 1392 2553 2155
5142 2 2 10 1 1446 2572 1465
5143 2 2 10 1 1983 2650 1270
5144 2 2 10 1 33 2565 32
5145 2 2 10 1 2568 2588 1437
5146 2 2 10 1 544 2569 596
5147 2 2 10 1 345 2514 1547
5148 2 2 10 1 1697 2685 2613
5149 2 2 10 1 816 2563 818
5150 2 2 10 1 2395 2624 295
5151 2 2 10 1 1621 2678 1562
5152 2 2 10 1 2456 2648 1367
5153 2 2 10 1 2155 2570 1103
5154 2 2 10 1 1996 2578 724
5155 2 2 10 1 1446 2631 2572
5156 2 2 10 1 1563 2557 1451
5157 2 2 10 1 2570 2581 1103
5158 2 2 10 1 2511 2625 2162
5159 2 2 10 1 1465 2574 1445
5160 2 2 10 1 39 2571 38
5161 2 2 10 1 1484 2635 2540
5162 2 2 10 1 2527 2613 364
5163 2 2 10 1 2553 2570 2155
5164 2 2 10 1 1413 2567 1415
5165 2 2 10 1 1418 2625 2511
5166 2 2 10 1 1669 2582 1671
5167 2 2 10 1 2275 2675 1527
5168 2 2 10 1 156 2577 155
5169 2 2 10 1 1437 2588 1435
5170 2 2 10 1 1706 2589 1707
5171 2 2 10 1 1365 2592 1553
5172 2 2 10 1 1099 2591 671
5173 2 2 10 1 2142 2682 1619
5174 2 2 10 1 1527 2675 1628
5175 2 2 10 1 214 2579 213
5176 2 2 10 1 2248 2575 2098
5177 2 2 10 1 2574 2594 1445
5178 2 2 10 1 1678 2667 1496
5179 2 2 10 1 2631 2676 373
5180 2 2 10 1 230 2580 229
5181 2 2 10 1 1073 2576 1339
5182 2 2 10 1 2383 2626 136
5183 2 2 10 1 2385 2628 6
5184 2 2 10 1 245 2627 2384
5185 2 2 10 1 1495 2651 2545
5186 2 2 10 1 1794 2686 2630
5187 2 2 10 1 285 2492 2402
5188 2 2 10 1 62 2583 61
5189 2 2 10 1 1152 2596 1352
5190 2 2 10 1 397 2637 2431
5191 2 2 10 1 1457 2599 1631
5192 2 2 10 1 2526 2668 309
5193 2 2 10 1 351 2680 2488
5194 2 2 10 1 1959 2680 2475
5195 2 2 10 1 1847 2631 1446
5196 2 2 10 1 1267 2597 2136
5197 2 2 10 1 969 2638 2201
5198 2 2 10 1 2289 2561 1409
5199 2 2 10 1 1103 2581 1168
5200 2 2 10 1 187 2590 186
5201 2 2 10 1 2476 2552 322
5202 2 2 10 1 385 2707 1778
5203 2 2 10 1 1445 2594 1444
5204 2 2 10 1 2394 2636 1058
5205 2 2 10 1 1589 2625 1418
5206 2 2 10 1 2067 2601 2068
5207 2 2 10 1 2550 2574 1465
5208 2 2 10 1 91 2595 90
5209 2 2 10 1 2601 2618 2068
5210 2 2 10 1 2578 2633 724
5211 2 2 10 1 1847 2676 2631
5212 2 2 10 1 586 2608 2188
5213 2 2 10 1 1494 2558 2462
5214 2 2 10 1 1992 2698 2348
5215 2 2 10 1 1658 2610 1867
5216 2 2 10 1 1820 2647 1693
5217 2 2 10 1 2171 2676 1499
5218 2 2 10 1 1628 2646 1456
5219 2 2 10 1 1581 2615 1459
5220 2 2 10 1 2502 2682 383
5221 2 2 10 1 1546 2616 1377
5222 2 2 10 1 1521 2699 2347
5223 2 2 10 1 2612 2621 1352
5224 2 2 10 1 1767 2714 1764
5225 2 2 10 1 1783 2624 1784
5226 2 2 10 1 2368 2693 1192
5227 2 2 10 1 25 2603 24
5228 2 2 10 1 2068 2618 2070
5229 2 2 10 1 2567 2591 1099
5230 2 2 10 1 1497 2619 1991
5231 2 2 10 1 2549 2630 331
5232 2 2 10 1 2233 2612 1515
5233 2 2 10 1 1756 2622 937
5234 2 2 10 1 1163 2611 1161
5235 2 2 10 1 1352 2621 1524
5236 2 2 10 1 2076 2713 2074
5237 2 2 10 1 195 2605 194
5238 2 2 10 1 1690 2620 1692
5239 2 2 10 1 2223 2606 2224
5240 2 2 10 1 388 2599 2272
5241 2 2 10 1 2078 2691 2076
5242 2 2 10 1 2168 2631 373
5243 2 2 10 1 2604 2638 1393
5244 2 2 10 1 1460 2635 1484
5245 2 2 10 1 2621 2641 1524
5246 2 2 10 1 132 2602 131
5247 2 2 10 1 2188 2617 2203
5248 2 2 10 1 1192 2693 2132
5249 2 2 10 1 2341 2543 1601
5250 2 2 10 1 2611 2634 1161
5251 2 2 10 1 2580 2653 229
5252 2 2 10 1 1405 2608 1552
5253 2 2 10 1 1393 2638 1556
5254 2 2 10 1 1622 2637 1607
5255 2 2 10 1 863 2587 2308
5256 2 2 10 1 1764 2714 1339
5257 2 2 10 1 115 2632 396
5258 2 2 10 1 2571 2689 38
5259 2 2 10 1 1536 2643 1305
5260 2 2 10 1 1546 2701 2616
5261 2 2 10 1 364 2613 2158
5262 2 2 10 1 1343 2704 2332
5263 2 2 10 1 1524 2641 1526
5264 2 2 10 1 1360 2703 2433
5265 2 2 10 1 2587 2593 2308
5266 2 2 10 1 2039 2657 1502
5267 2 2 10 1 1641 2644 1486
5268 2 2 10 1 1492 2649 1509
5269 2 2 10 1 1464 2704 1875
5270 2 2 10 1 362 2679 177
5271 2 2 10 1 724 2633 1941
5272 2 2 10 1 120 2614 119
5273 2 2 10 1 1477 2651 1495
5274 2 2 10 1 2583 2671 61
5275 2 2 10 1 2262 2586 399
5276 2 2 10 1 1460 2707 2635
5277 2 2 10 1 2149 2684 1476
5278 2 2 10 1 2608 2617 2188
5279 2 2 10 1 348 2706 1660
5280 2 2 10 1 1405 2617 2608
5281 2 2 10 1 1161 2634 1160
5282 2 2 10 1 893 2695 894
5283 2 2 10 1 19 2702 2010
5284 2 2 10 1 2015 2710 1180
5285 2 2 10 1 968 2652 2310
5286 2 2 10 1 2162 2625 387
5287 2 2 10 1 1782 2656 1780
5288 2 2 10 1 2203 2623 543
5289 2 2 10 1 2172 2707 385
5290 2 2 10 1 331 2630 2166
5291 2 2 10 1 1834 2636 1833
5292 2 2 10 1 2308 2593 1407
5293 2 2 10 1 1536 2708 2643
5294 2 2 10 1 1599 2658 1487
5295 2 2 10 1 72 2668 71
5296 2 2 10 1 2070 2663 2071
5297 2 2 10 1 2257 2617 1405
5298 2 2 10 1 453 2664 451
5299 2 2 10 1 2652 2663 2070
5300 2 2 10 1 70 2640 333
5301 2 2 10 1 1578 2623 2257
5302 2 2 10 1 2385 2534 398
5303 2 2 10 1 1499 2676 1847
5304 2 2 10 1 455 2669 610
5305 2 2 10 1 1535 2661 1293
5306 2 2 10 1 549 2677 612
5307 2 2 10 1 229 2653 228
5308 2 2 10 1 2141 2654 581
5309 2 2 10 1 1768 2697 1767
5310 2 2 10 1 1511 2687 1538
5311 2 2 10 1 1778 2707 1460
5312 2 2 10 1 328 2642 2423
5313 2 2 10 1 1770 2705 1768
5314 2 2 10 1 1803 2688 1804
5315 2 2 10 1 2428 2582 1669
5316 2 2 10 1 2417 2518 1346
5317 2 2 10 1 2613 2685 2158
5318 2 2 10 1 1637 2701 1546
5319 2 2 10 1 2265 2648 391
5320 2 2 10 1 2257 2623 2617
5321 2 2 10 1 1643 2708 1536
5322 2 2 10 1 2224 2712 1264
5323 2 2 10 1 1522 2699 1521
5324 2 2 10 1 1586 2654 1588
5325 2 2 10 1 205 2660 204
5326 2 2 10 1 695 2684 2149
5327 2 2 10 1 135 2626 397
5328 2 2 10 1 265 2628 398
5329 2 2 10 1 399 2627 246
5330 2 2 10 1 2630 2686 2166
5331 2 2 10 1 18 2662 352
5332 2 2 10 1 1299 2675 2275
5333 2 2 10 1 1537 2517 2424
5334 2 2 10 1 2617 2623 2203
5335 2 2 10 1 1586 2674 2654
5336 2 2 10 1 61 2671 60
5337 2 2 10 1 105 2670 104
5338 2 2 10 1 1534 2659 1473
5339 2 2 10 1 171 2673 170
5340 2 2 10 1 512 2709 511
5341 2 2 10 1 251 2639 347
5342 2 2 10 1 581 2674 2195
5343 2 2 10 1 1474 2672 1528
5344 2 2 10 1 2691 2713 2076
5345 2 2 10 1 38 2689 37
5346 2 2 10 1 2654 2674 581
5347 2 2 10 1 112 2694 111
5348 2 2 10 1 1493 2546 2484
5349 2 2 10 1 1461 2674 1586
5350 2 2 10 1 20 2702 19
5351 2 2 10 1 311 2683 174
5352 2 2 10 1 322 2607 2476
5353 2 2 10 1 2356 2647 346
5354 2 2 10 1 373 2676 2171
5355 2 2 10 1 1188 2681 2274
5356 2 2 10 1 1134 2696 1136
5357 2 2 10 1 2681 2700 2274
5358 2 2 10 1 1061 2711 776
5359 2 2 10 1 2158 2685 329
5360 2 2 10 1 2166 2686 379
5361 2 2 10 1 2270 2642 328
5362 2 2 10 1 1264 2712 1156
5363 2 2 10 1 1476 2684 1563
5364 2 2 10 1 2697 2705 1086
5365 2 2 10 1 1537 2667 2538
5366 2 2 10 1 2228 2691 1089
5367 2 2 10 1 2227 2697 1086
5368 2 2 10 1 1086 2705 2235
5369 2 2 10 1 397 2626 2383
5370 2 2 10 1 398 2628 2385
5371 2 2 10 1 2384 2627 399
5372 2 2 10 1 975 2713 2228
5373 2 2 10 1 1339 2714 2227
5374 2 2 10 1 1768 2705 2697
5375 2 2 10 1 2274 2700 1554
5376 2 2 10 1 1473 2659 2633
5377 2 2 10 1 2228 2713 2691
5378 2 2 10 1 2227 2714 2697
5379 2 2 10 1 2697 2714 1767
5380 2 2 10 1 1692 2534 2446
5381 2 2 10 1 1547 2666 1454
5382 2 2 10 1 2332 2704 1464
5383 2 2 10 1 2494 2655 1598
5384 2 2 10 1 1491 2604 2551
5385 2 2 10 1 1509 2649 2565
5386 2 2 10 1 1833 2636 2394
5387 2 2 10 1 1693 2647 2356
5388 2 2 10 1 2431 2637 1622
5389 2 2 10 1 969 2695 2610
5390 2 2 10 1 2546 2706 348
5391 2 2 10 1 2472 2549 331
5392 2 2 10 1 2462 2558 309
5393 2 2 10 1 396 2632 2391
5394 2 2 10 1 827 2544 2477
5395 2 2 10 1 2391 2632 116
5396 2 2 10 1 1539 2552 2476
5397 2 2 10 1 1538 2687 2653
5398 2 2 10 1 2572 2600 1465
5399 2 2 10 1 2384 2665 394
5400 2 2 10 1 290 2600 2572
5401 2 2 10 1 391 2648 2456
5402 2 2 10 1 2488 2680 1653
5403 2 2 10 1 1465 2600 2550
5404 2 2 10 1 1456 2646 2495
5405 2 2 10 1 2495 2646 1376
5406 2 2 10 1 2550 2600 1842
5407 2 2 10 1 2523 2629 340
5408 2 2 10 1 2551 2604 1393
5409 2 2 10 1 1515 2612 2596
5410 2 2 10 1 2475 2680 351
5411 2 2 10 1 1602 2678 2543
5412 2 2 10 1 2310 2652 2618
5413 2 2 10 1 2596 2612 1352
5414 2 2 10 1 2615 2679 362
5415 2 2 10 1 1910 2668 2526
5416 2 2 10 1 1852 2682 2502
5417 2 2 10 1 2538 2667 307
5418 2 2 10 1 2560 2690 369
5419 2 2 10 1 2010 2702 2533
5420 2 2 10 1 1804 2665 2586
5421 2 2 10 1 2618 2652 2070
5422 2 2 10 1 1581 2679 2615
5423 2 2 10 1 2650 2672 1474
5424 2 2 10 1 1983 2672 2650
5425 2 2 10 1 2610 2695 1867
5426 2 2 10 1 2606 2712 2224
5427 2 2 10 1 1804 2688 2665
5428 2 2 10 1 2665 2688 394
$EndElements
