$MeshFormat
2.2 0 8
$EndMeshFormat
$PhysicalNames
5
1 1 "bottom"
1 2 "right"
1 3 "top"
1 4 "left"
2 10 "fluid_domain"
$EndPhysicalNames
$Nodes
2779
1 0 0 0
2 5 0 0
3 5 1 0
4 0 1 0
5 0.04587155963302755 0 0
6 0.09174311926605511 0 0
7 0.1376146788990827 0 0
8 0.1834862385321102 0 0
9 0.2293577981651377 0 0
10 0.2752293577981653 0 0
11 0.3211009174311928 0 0
12 0.3669724770642204 0 0
13 0.412844036697248 0 0
14 0.4587155963302755 0 0
15 0.5045871559633031 0 0
16 0.5504587155963305 0 0
17 0.5963302752293581 0 0
18 0.6422018348623856 0 0
19 0.6880733944954132 0 0
20 0.7339449541284407 0 0
21 0.7798165137614683 0 0
22 0.8256880733944959 0 0
23 0.8715596330275235 0 0
24 0.917431192660551 0 0
25 0.9633027522935785 0 0
26 1.009174311926606 0 0
27 1.055045871559634 0 0
28 1.100917431192661 0 0
29 1.146788990825689 0 0
30 1.192660550458716 0 0
31 1.238532110091744 0 0
32 1.284403669724771 0 0
33 1.330275229357799 0 0
34 1.376146788990826 0 0
35 1.422018348623854 0 0
36 1.467889908256881 0 0
37 1.513761467889909 0 0
38 1.559633027522937 0 0
39 1.605504587155965 0 0
40 1.651376146788992 0 0
41 1.69724770642202 0 0
42 1.743119266055048 0 0
43 1.788990825688076 0 0
44 1.834862385321103 0 0
45 1.880733944954131 0 0
46 1.926605504587159 0 0
47 1.972477064220187 0 0
48 2.018348623853214 0 0
49 2.064220183486242 0 0
50 2.11009174311927 0 0
51 2.155963302752298 0 0
52 2.201834862385325 0 0
53 2.247706422018353 0 0
54 2.293577981651381 0 0
55 2.339449541284409 0 0
56 2.385321100917436 0 0
57 2.431192660550464 0 0
58 2.477064220183491 0 0
59 2.522935779816519 0 0
60 2.568807339449547 0 0
61 2.614678899082575 0 0
62 2.660550458715603 0 0
63 2.70642201834863 0 0
64 2.752293577981658 0 0
65 2.798165137614686 0 0
66 2.844036697247713 0 0
67 2.889908256880741 0 0
68 2.935779816513769 0 0
69 2.981651376146796 0 0
70 3.027522935779824 0 0
71 3.073394495412851 0 0
72 3.119266055045879 0 0
73 3.165137614678906 0 0
74 3.211009174311934 0 0
75 3.256880733944961 0 0
76 3.302752293577988 0 0
77 3.348623853211015 0 0
78 3.394495412844043 0 0
79 3.44036697247707 0 0
80 3.486238532110097 0 0
81 3.532110091743125 0 0
82 3.577981651376152 0 0
83 3.623853211009179 0 0
84 3.669724770642207 0 0
85 3.715596330275234 0 0
86 3.761467889908262 0 0
87 3.807339449541289 0 0
88 3.853211009174316 0 0
89 3.899082568807343 0 0
90 3.944954128440371 0 0
91 3.990825688073398 0 0
92 4.036697247706426 0 0
93 4.082568807339453 0 0
94 4.12844036697248 0 0
95 4.174311926605507 0 0
96 4.220183486238535 0 0
97 4.266055045871562 0 0
98 4.31192660550459 0 0
99 4.357798165137617 0 0
100 4.403669724770644 0 0
101 4.449541284403672 0 0
102 4.495412844036699 0 0
103 4.541284403669726 0 0
104 4.587155963302753 0 0
105 4.633027522935781 0 0
106 4.678899082568808 0 0
107 4.724770642201836 0 0
108 4.770642201834863 0 0
109 4.816513761467891 0 0
110 4.862385321100918 0 0
111 4.908256880733945 0 0
112 4.954128440366972 0 0
113 5 0.04545454545454557 0
114 5 0.09090909090909112 0
115 5 0.1363636363636367 0
116 5 0.1818181818181824 0
117 5 0.2272727272727279 0
118 5 0.2727272727272735 0
119 5 0.3181818181818192 0
120 5 0.3636363636363648 0
121 5 0.4090909090909102 0
122 5 0.4545454545454555 0
123 5 0.5000000000000009 0
124 5 0.5454545454545463 0
125 5 0.5909090909090916 0
126 5 0.636363636363637 0
127 5 0.6818181818181824 0
128 5 0.7272727272727277 0
129 5 0.7727272727272732 0
130 5 0.8181818181818186 0
131 5 0.8636363636363639 0
132 5 0.9090909090909093 0
133 5 0.9545454545454546 0
134 4.954128440366972 1 0
135 4.908256880733945 1 0
136 4.862385321100917 1 0
137 4.81651376146789 1 0
138 4.770642201834862 1 0
139 4.724770642201834 1 0
140 4.678899082568807 1 0
141 4.633027522935779 1 0
142 4.587155963302752 1 0
143 4.541284403669724 1 0
144 4.495412844036696 1 0
145 4.449541284403669 1 0
146 4.403669724770642 1 0
147 4.357798165137615 1 0
148 4.311926605504587 1 0
149 4.26605504587156 1 0
150 4.220183486238532 1 0
151 4.174311926605504 1 0
152 4.128440366972477 1 0
153 4.082568807339449 1 0
154 4.036697247706422 1 0
155 3.990825688073394 1 0
156 3.944954128440366 1 0
157 3.899082568807339 1 0
158 3.853211009174311 1 0
159 3.807339449541284 1 0
160 3.761467889908256 1 0
161 3.715596330275229 1 0
162 3.669724770642201 1 0
163 3.623853211009174 1 0
164 3.577981651376146 1 0
165 3.532110091743118 1 0
166 3.486238532110091 1 0
167 3.440366972477063 1 0
168 3.394495412844035 1 0
169 3.348623853211008 1 0
170 3.30275229357798 1 0
171 3.256880733944952 1 0
172 3.211009174311924 1 0
173 3.165137614678897 1 0
174 3.119266055045869 1 0
175 3.073394495412841 1 0
176 3.027522935779813 1 0
177 2.981651376146786 1 0
178 2.935779816513758 1 0
179 2.88990825688073 1 0
180 2.844036697247702 1 0
181 2.798165137614675 1 0
182 2.752293577981647 1 0
183 2.706422018348619 1 0
184 2.660550458715591 1 0
185 2.614678899082564 1 0
186 2.568807339449536 1 0
187 2.522935779816509 1 0
188 2.477064220183481 1 0
189 2.431192660550453 1 0
190 2.385321100917425 1 0
191 2.339449541284397 1 0
192 2.29357798165137 1 0
193 2.247706422018342 1 0
194 2.201834862385314 1 0
195 2.155963302752287 1 0
196 2.110091743119259 1 0
197 2.064220183486231 1 0
198 2.018348623853204 1 0
199 1.972477064220176 1 0
200 1.926605504587149 1 0
201 1.880733944954121 1 0
202 1.834862385321094 1 0
203 1.788990825688066 1 0
204 1.743119266055039 1 0
205 1.697247706422012 1 0
206 1.651376146788985 1 0
207 1.605504587155957 1 0
208 1.55963302752293 1 0
209 1.513761467889903 1 0
210 1.467889908256875 1 0
211 1.422018348623848 1 0
212 1.376146788990821 1 0
213 1.330275229357793 1 0
214 1.284403669724766 1 0
215 1.238532110091738 1 0
216 1.192660550458711 1 0
217 1.146788990825684 1 0
218 1.100917431192657 1 0
219 1.055045871559629 1 0
220 1.009174311926602 1 0
221 0.9633027522935738 1 0
222 0.9174311926605467 1 0
223 0.8715596330275197 1 0
224 0.8256880733944927 1 0
225 0.7798165137614648 1 0
226 0.7339449541284377 1 0
227 0.6880733944954098 1 0
228 0.6422018348623828 1 0
229 0.5963302752293558 1 0
230 0.5504587155963279 1 0
231 0.5045871559633008 1 0
232 0.4587155963302738 1 0
233 0.4128440366972468 1 0
234 0.3669724770642189 1 0
235 0.3211009174311918 1 0
236 0.2752293577981639 1 0
237 0.2293577981651369 1 0
238 0.183486238532109 1 0
239 0.137614678899082 1 0
240 0.09174311926605494 1 0
241 0.04587155963302791 1 0
242 0 0.9545454545454545 0
243 0 0.9090909090909088 0
244 0 0.8636363636363633 0
245 0 0.8181818181818177 0
246 0 0.772727272727272 0
247 0 0.7272727272727264 0
248 0 0.6818181818181808 0
249 0 0.6363636363636352 0
250 0 0.5909090909090898 0
251 0 0.5454545454545445 0
252 0 0.4999999999999991 0
253 0 0.4545454545454537 0
254 0 0.4090909090909084 0
255 0 0.363636363636363 0
256 0 0.3181818181818176 0
257 0 0.2727272727272723 0
258 0 0.2272727272727268 0
259 0 0.1818181818181814 0
260 0 0.1363636363636361 0
261 0 0.09090909090909072 0
262 0 0.04545454545454541 0
263 3.743304208482983 0.962928673905341 0
264 4.062619774332358 0.9616625020216978 0
265 4.288494001694467 0.04028674434367835 0
266 0.5260297133148395 0.9545800722267951 0
267 0.8967293167746591 0.9567101271577676 0
268 1.124936569012592 0.9557243917319114 0
269 3.370201030738661 0.0348922160491984 0
270 1.353211009174307 0.9602740640465859 0
271 2.958715596330283 0.03972593595341417 0
272 1.582568807339443 0.9602740640465859 0
273 1.813437999860628 0.9663154701749043 0
274 2.041284403669717 0.9602740640465859 0
275 2.372193463129796 0.0452256822484175 0
276 2.591743119266061 0.03972593595341456 0
277 4.47104015441202 0.9559956938529283 0
278 3.18807339449541 0.9602740640465854 0
279 0.706079598468349 0.03886394733547549 0
280 2.776176642909959 0.955463921840316 0
281 3.879802485125782 0.03776845296795739 0
282 3.601561755247084 0.03747962665835769 0
283 2.134238554353304 0.04484676853310732 0
284 3.513511296540252 0.9646839167938526 0
285 1.215477380762927 0.03963765063383801 0
286 0.9862497238037591 0.04038777206085409 0
287 1.444283249987691 0.04019631114362676 0
288 1.903660288884887 0.04314833093488457 0
289 2.501292117785664 0.9543635006791068 0
290 2.269536259279302 0.9538500280935943 0
291 1.673660880683827 0.04209913814899502 0
292 4.963115623093079 0.475741185080499 0
293 0.04104400680692066 0.480211872804754 0
294 4.518348623853213 0.03972593595341417 0
295 0.4787688033151549 0.03632265299014015 0
296 4.284720346771467 0.9632045741151797 0
297 4.064463122767028 0.03580382896022394 0
298 3.00541737861686 0.9554627222771657 0
299 3.142201834862392 0.03972593595341417 0
300 0.7105691872081259 0.9563348203829896 0
301 2.775229357798172 0.03972593595341478 0
302 4.655256558913031 0.9637954869226548 0
303 0.3468544375089451 0.9649155745017145 0
304 0.04270610711343226 0.6649052581724627 0
305 4.961940719973105 0.6554786454600297 0
306 4.695617153452791 0.03807352691660437 0
307 0.2931174219577422 0.0367912460934931 0
308 4.960827111874066 0.2886581603327044 0
309 0.04106680537097152 0.2921179560308209 0
310 3.866499439656706 0.9682677028514225 0
311 3.371555887620117 0.9647129785301686 0
312 2.640320568751236 0.9540408086117541 0
313 3.741152791703294 0.03723220174764064 0
314 0.8462822225215452 0.03973652171638042 0
315 0.2052282716913743 0.9610143444361455 0
316 4.796363055393163 0.9654017111539615 0
317 4.960284988942146 0.7903450506767001 0
318 0.03686088646368413 0.7985352322826517 0
319 4.834588071609376 0.03842447450405251 0
320 0.1567370832761004 0.0410814780883989 0
321 0.03365378131843322 0.1607202736492114 0
322 4.961877922830245 0.1532342429548121 0
323 4.376811567009752 0.9631419265978154 0
324 4.150094008696103 0.9579005718926459 0
325 3.508763029776139 0.03660440945954424 0
326 1.954083470108323 0.9611921557302896 0
327 1.673642852476691 0.9637672929466962 0
328 1.032110091743115 0.9602740640465859 0
329 3.233682674314176 0.0388699057344149 0
330 3.972137586522776 0.03674739456147469 0
331 2.271818543092672 0.04407448428878946 0
332 2.496400120938092 0.04412687421074424 0
333 2.912844036697244 0.9602740640465854 0
334 1.260832559984657 0.9519778326512911 0
335 4.202959784803443 0.03635164633249055 0
336 4.42640842591325 0.04046699197158876 0
337 2.13107950490911 0.9668261443676327 0
338 3.650231233808819 0.9579579796490851 0
339 3.281458561866387 0.9635876882063599 0
340 2.408256880733939 0.9602740640465854 0
341 4.564220183486238 0.9602740640465854 0
342 2.041922466448426 0.04526171370576754 0
343 1.48939299379097 0.9599290971958807 0
344 3.050458715596338 0.03972593595341417 0
345 2.683486238532116 0.03972593595341456 0
346 1.123853211009175 0.03972593595341456 0
347 1.765284215354287 0.0438590808458314 0
348 1.580543820926667 0.04343255332167573 0
349 3.967089214085038 0.9610151095965634 0
350 1.352444959632283 0.04014891394641029 0
351 0.6182130934652577 0.954563225943128 0
352 0.4339023219972713 0.9580515799165192 0
353 2.866972477064227 0.03972593595341478 0
354 3.095891435045943 0.9625004103295567 0
355 0.6134535571855346 0.03849435076616942 0
356 0.8027027737680648 0.9565234051495184 0
357 4.610091743119265 0.03972593595341417 0
358 0.3848402111826124 0.03758716135501022 0
359 4.962105537822884 0.3862529160665383 0
360 0.03936479108111079 0.5681818181818171 0
361 4.962263097664934 0.5668646151584558 0
362 0.04110601280365156 0.3915717048902726 0
363 4.88532110091743 0.9602740640465859 0
364 0.1147107140048726 0.9602324369419202 0
365 0.04095493332109745 0.889832277961644 0
366 4.961568450142942 0.8865306826385835 0
367 4.928814127362143 0.04336321618388495 0
368 0.07495182119654586 0.04174549960777829 0
369 0.06906266031645103 0.9615494037035165 0
370 0.08460795644044339 0.9167365847191209 0
371 0.1366843674280345 0.9196274018068543 0
372 0.1149168754759047 0.8801260769509696 0
373 0.1611332387128677 0.879995094112647 0
374 0.1381405892488923 0.8396785643742525 0
375 0.1848984877669575 0.8398337798033058 0
376 0.1616002223246964 0.7991328234358268 0
377 0.2085912795389664 0.7992812044894866 0
378 0.1851766053997848 0.7584156794606782 0
379 0.2323494588070973 0.75856974713154 0
380 0.2086960327468224 0.7174560293234639 0
381 0.2561773843792903 0.717691140712293 0
382 0.2324379434595603 0.6764238266830809 0
383 0.2801081591617685 0.6766765410109943 0
384 0.2564353378190178 0.6352966400925928 0
385 0.3041720255229192 0.6355750032986538 0
386 0.2804026489645728 0.5940856099181788 0
387 0.32832654613137 0.5943238218260285 0
388 0.3044407026496105 0.5525984891953202 0
389 0.3525214634815721 0.5527485515909636 0
390 0.3764673034324098 0.5946342245848948 0
391 0.4007758239635817 0.5528475852374745 0
392 0.3285402370240398 0.5111170384646081 0
393 0.4248724761218847 0.5926508035307341 0
394 0.449315449813755 0.5525339631722234 0
395 0.4735225954208149 0.5924151160400881 0
396 0.4979993212759637 0.5550943761577229 0
397 0.5222512256253338 0.595193357616318 0
398 0.5467416917774421 0.5560770795963452 0
399 0.5712517797305559 0.5959925776001072 0
400 0.5957066921060608 0.553916096417528 0
401 0.5631132826382463 0.518749605520105 0
402 0.6121082918020491 0.504273428497988 0
403 0.6432835782605899 0.5525584120774022 0
404 0.6677026893416316 0.5127424556050142 0
405 0.6930556737758911 0.5539425009040621 0
406 0.7182213936167801 0.5130999219210373 0
407 0.7426046128608912 0.5542071861973363 0
408 0.7673240581669871 0.514866990647088 0
409 0.7915761225241287 0.5549197994949685 0
410 0.8163900014706373 0.5121463282888812 0
411 0.8406038387340451 0.5547643951529435 0
412 0.865678474255132 0.5108537296967166 0
413 0.8896943785761973 0.5547125256233086 0
414 0.9145975180540518 0.5115384495723572 0
415 0.9387150214741087 0.5549972979971405 0
416 0.9635054437649897 0.5120702982505183 0
417 0.9877604700496125 0.5555533067591326 0
418 1.012514924629837 0.5124325768451292 0
419 1.036391482079171 0.5559328230448342 0
420 1.059354312791636 0.5145666572789819 0
421 1.085109007174658 0.5564048293273481 0
422 1.107872749790013 0.5069661880662898 0
423 1.134227343945707 0.5552342605818489 0
424 1.159576028824842 0.514042778530716 0
425 1.183710667650341 0.5563976458441955 0
426 1.208595605733138 0.5143131446904522 0
427 1.23278870481567 0.5568055506622348 0
428 1.257609058969089 0.5145746470355478 0
429 1.281814529591509 0.5570961439177193 0
430 1.306615242233678 0.5148202167250999 0
431 1.330846827378532 0.5573750554051902 0
432 1.355630440240215 0.5150885034448288 0
433 1.37986272924752 0.5576453586298956 0
434 1.404610834821407 0.515269705185586 0
435 1.42920134795964 0.5581049869541133 0
436 1.453605368980428 0.5153736679394193 0
437 1.478405142679926 0.5585374411687974 0
438 1.502674753532671 0.5157767911965553 0
439 1.527163420516224 0.5586534754123746 0
440 1.551586952158601 0.5157671938044307 0
441 1.575927959661534 0.5586886206768655 0
442 1.600285941232493 0.5155326837020574 0
443 1.624840612013703 0.5588344877721476 0
444 1.649685957092527 0.5167499114500169 0
445 1.673893381536491 0.5592408522804067 0
446 1.698447498439637 0.5162858567123233 0
447 1.722861977934818 0.5594102655120968 0
448 1.746967966958597 0.5157628990464768 0
449 1.771883262036293 0.5598077419149415 0
450 1.796118462035602 0.5166027132064203 0
451 1.820445997151808 0.5602031957355665 0
452 1.845165747232759 0.5166833515030389 0
453 1.869500293087119 0.5603360586188283 0
454 1.893561894391875 0.5160098167510053 0
455 1.918675213552807 0.5602657504108497 0
456 1.942818732397785 0.5170269766899229 0
457 1.967699977604717 0.5606000837668597 0
458 1.992481856442875 0.5169762514487832 0
459 2.01680663101154 0.560826409867761 0
460 2.041601534802713 0.5171861143845186 0
461 2.065875826957084 0.5610809468660851 0
462 2.090582089305662 0.5194350918056361 0
463 2.11488545030525 0.561743773316822 0
464 2.14063601999049 0.5207436210495757 0
465 2.164106832974354 0.5621671896032113 0
466 2.189870416594044 0.5205690846840865 0
467 2.213102542528289 0.5624056904240915 0
468 2.237828643026651 0.5201384534880741 0
469 2.261893695938599 0.5625504410840991 0
470 2.286605472640129 0.5202715908441716 0
471 2.31086775638752 0.562775566669045 0
472 2.335547662568698 0.5204696077687548 0
473 2.359619120321026 0.5632725822702938 0
474 2.384504533634049 0.5208099205253844 0
475 2.408203166528854 0.5638749729657642 0
476 2.433385034037161 0.5211461059835829 0
477 2.457272458081802 0.5639653180742386 0
478 2.482356669289832 0.52141838694846 0
479 2.506568078911392 0.5639185773960771 0
480 2.531380653430145 0.5216159157889209 0
481 2.55559990847523 0.5641226305080173 0
482 2.580360515594193 0.5217935072326605 0
483 2.604561696639097 0.5643550282398737 0
484 2.629327628454376 0.5220426028224906 0
485 2.653583237699013 0.5646563004237333 0
486 2.678308830517608 0.522351734562797 0
487 2.702600109666792 0.5649055033260575 0
488 2.727282909168697 0.5226256053948383 0
489 2.751420528511009 0.5651307052414867 0
490 2.776101161937997 0.5226839273459839 0
491 2.800339544978824 0.5641492251464224 0
492 2.824789609277744 0.5225307263487797 0
493 2.849356243642404 0.5641828954295481 0
494 2.874153245281873 0.5235158911806824 0
495 2.898342524238426 0.5657368265020677 0
496 2.92309867344892 0.5236706332106928 0
497 2.94729980849611 0.5662007072213913 0
498 2.972050657537705 0.5239542684310756 0
499 2.996199155479668 0.5665853821883632 0
500 3.020992760905299 0.5242383769407852 0
501 3.045139009710866 0.5668759498577781 0
502 3.06993891688161 0.5245147069308841 0
503 3.094178894726608 0.5670705470729995 0
504 3.118908897281366 0.5248678301000662 0
505 3.143218619478595 0.5673194035732403 0
506 3.167865922158012 0.5251058961129403 0
507 3.192180635971871 0.5675794506511063 0
508 3.21681769346999 0.5247464243732155 0
509 3.24101305639148 0.5677607526116812 0
510 3.265742608038717 0.5248974496457346 0
511 3.289932682718366 0.5679951534187566 0
512 3.31466971810316 0.5260483682073227 0
513 3.338784069740217 0.5685339191577045 0
514 3.363588024088171 0.5270982806723836 0
515 3.387552588391054 0.5690235922185489 0
516 3.412496220856585 0.52723112657653 0
517 3.436457701203225 0.5692949421160676 0
518 3.461424072350263 0.5269120292716134 0
519 3.485656078830196 0.569305253064688 0
520 3.510399611293027 0.5270715807800156 0
521 3.534713227226165 0.5694907502761652 0
522 3.559358481967001 0.5272892318847211 0
523 3.583668641479329 0.569736985741772 0
524 3.608296546734158 0.5275373028434083 0
525 3.632487870668058 0.5700173341440304 0
526 3.657206971554701 0.5278058252445071 0
527 3.681393169799817 0.5702878232358715 0
528 3.7061344207915 0.5280132998720404 0
529 3.730314360341455 0.5705462365413729 0
530 3.755061954210334 0.5281989654364643 0
531 3.779250773256833 0.5708240754788926 0
532 3.803978498544323 0.5284989155217077 0
533 3.828106024898046 0.5711555189156468 0
534 3.852898929847138 0.5289241860976169 0
535 3.877124495449703 0.5714237210822257 0
536 3.901823968604276 0.5292470452898774 0
537 3.925937430614202 0.5717261635896309 0
538 3.950716393812665 0.5295113119627437 0
539 3.974896378862774 0.5719301577192246 0
540 3.999647566566212 0.5297349327908593 0
541 4.023742958351959 0.5722034070473678 0
542 4.048538287290173 0.5300105421431773 0
543 4.072680275498999 0.5724762783091797 0
544 4.097470542958614 0.530275741186764 0
545 4.121581504288099 0.572795901773469 0
546 4.146378904627358 0.5305464940158461 0
547 4.170599474349268 0.5730367168228123 0
548 4.195285721203913 0.5307959986820956 0
549 4.219395437157029 0.5733231636545685 0
550 4.244190943470068 0.5310343166328246 0
551 4.268350496129242 0.5735234425503289 0
552 4.29311167374907 0.5312584445395994 0
553 4.31726423407294 0.5737731025695335 0
554 4.341999747046787 0.5315285813676213 0
555 4.366164288664121 0.5740384425727653 0
556 4.390875413673474 0.5317444000909246 0
557 4.415058940854523 0.5742975528993423 0
558 4.439743499581037 0.5319684316276135 0
559 4.463950006428313 0.5745569121765475 0
560 4.488688832421576 0.5324381419494824 0
561 4.512850316217877 0.5748554788331498 0
562 4.367540304738133 0.4885412574010315 0
563 4.122179297503727 0.4880044734912126 0
564 4.53768533288831 0.5325758624262044 0
565 3.436983624023971 0.4859215985683869 0
566 3.681896271289835 0.485435333074593 0
567 3.828791026473997 0.4862561863333966 0
568 4.513398898866576 0.4900616217873268 0
569 3.291478293356469 0.482937491103341 0
570 3.97548557603941 0.4871301439995521 0
571 3.094317882322015 0.4820114492167022 0
572 1.966125389113108 0.4713882302827053 0
573 2.213072013719593 0.4787432105992921 0
574 2.898256122715655 0.480732449579131 0
575 2.408424445327242 0.4786600891413233 0
576 2.556112070794514 0.4792099031496371 0
577 1.81934391067687 0.4718147892486576 0
578 1.282397277484737 0.4722191751461087 0
579 2.751506572810726 0.4798422638892563 0
580 1.527254605481414 0.4732217465036621 0
581 1.035929083543525 0.4690352210494919 0
582 0.7844951701869829 0.4655205149891516 0
583 1.673144852827384 0.4722135018940154 0
584 0.6496200585642684 0.4700593700843332 0
585 4.561800167958943 0.5750424106725304 0
586 4.562416338478389 0.4902151287174611 0
587 4.5381272594837 0.4478472996418447 0
588 4.58697776679325 0.4480657517642892 0
589 0.9627194287466359 0.5977694703418788 0
590 4.562849046443837 0.4057963363961418 0
591 4.611492486717387 0.4060837265740183 0
592 1.746900895837774 0.6020595836298699 0
593 1.207865007474869 0.5989620535413624 0
594 0.7667684150696958 0.5966804770849867 0
595 1.40487505481367 0.6004793525943877 0
596 1.893424059704254 0.6029786816953414 0
597 2.334558394809088 0.6056371032402773 0
598 2.188362588681345 0.604398960460075 0
599 2.579669790355411 0.6064860485465711 0
600 1.551543107475488 0.6011218514169214 0
601 2.722147306182318 0.605335567403002 0
602 3.803229216767255 0.6132681511524505 0
603 2.044677878461503 0.6021423093484495 0
604 2.873224226112121 0.6038690053887037 0
605 3.460293446759902 0.6116691194529845 0
606 3.06972894377395 0.6092319458547385 0
607 3.31389356588059 0.610630572777152 0
608 3.607883861746971 0.6120999120723678 0
609 4.635963953158286 0.4490888268127259 0
610 4.243598654388001 0.6156383102206482 0
611 4.096840253240734 0.6148911958009393 0
612 3.950024105216681 0.6140917206691595 0
613 4.439394662157125 0.6165510837032069 0
614 4.58750697247806 0.3638783770089588 0
615 4.539011931761706 0.3635577989267936 0
616 4.63573321808367 0.3640500210001395 0
617 0.4944883912871298 0.6371624702467115 0
618 0.3004156036706234 0.7172742600339592 0
619 4.563553438903681 0.321926424251019 0
620 4.51540473599737 0.3215276144958929 0
621 0.2805853482640575 0.5109704690849801 0
622 0.3045803859388458 0.4695858729107165 0
623 4.539793915192502 0.2801594714240135 0
624 4.491847613031677 0.2797611161242242 0
625 0.2568622077434486 0.4695828191021572 0
626 0.280782220584225 0.4281929796340444 0
627 0.3286082695023551 0.4281854516246518 0
628 0.3046484107244694 0.3867074890638681 0
629 0.3512834125384123 0.3858731378817573 0
630 0.3284134881270648 0.3449543982777131 0
631 0.3750550062851405 0.3440683800040057 0
632 0.352368923599883 0.3032506831807323 0
633 0.4004317375175397 0.3032111776910817 0
634 0.3045930287531773 0.303400077678239 0
635 0.3287778901626797 0.2618764964272007 0
636 0.28084106891286 0.2619103282564745 0
637 0.4230951208718952 0.341884414174332 0
638 0.4485664259502489 0.3030212712899834 0
639 4.467418811279984 0.320972724898799 0
640 4.444040945125966 0.2793605570810593 0
641 4.419548966461623 0.3205212394497464 0
642 4.396168155972823 0.2788991133964146 0
643 4.371665373226886 0.3200500753578417 0
644 4.348365895129065 0.2784714293661514 0
645 4.323793457566573 0.3195472852088672 0
646 4.300456544548419 0.2779984335767969 0
647 4.275907264878342 0.3190817546168293 0
648 4.252343071125823 0.2774089473758583 0
649 4.227988092269833 0.3185066844626131 0
650 4.20445551254593 0.2772280913146458 0
651 4.374238021175032 0.2372704388353326 0
652 4.180102147640477 0.3180576356458419 0
653 4.156576340985806 0.2768030766119992 0
654 4.13222475978624 0.3176747313259103 0
655 4.108701461939376 0.2764084614067669 0
656 4.084352214125812 0.3172218789104441 0
657 4.060831184624442 0.2759470561867765 0
658 4.136250603753908 0.2353595551460787 0
659 4.036484343012023 0.3166150056060976 0
660 4.012963810818924 0.2754990751852411 0
661 3.988618907080447 0.3161319330354307 0
662 3.965100348140761 0.2750236793489487 0
663 3.94075807816211 0.3156333092102364 0
664 3.917239781038459 0.2745815987208686 0
665 3.892899210239556 0.3152184434911645 0
666 3.869342438877167 0.2741209834533341 0
667 3.84504385907777 0.314680505625804 0
668 3.821487015385958 0.27314809155919 0
669 3.797185435664993 0.3141247723818442 0
670 3.773670292239873 0.2730982115013125 0
671 3.749341174414117 0.3136919419368331 0
672 3.725789763794455 0.2727002435695913 0
673 3.701497844936326 0.3132294862813019 0
674 3.677945928766737 0.2717095083958911 0
675 3.653649298338241 0.3126732476922516 0
676 3.630139071780649 0.2716746586380653 0
677 3.605813760340034 0.3123704909450583 0
678 3.582307889351046 0.2712987045988132 0
679 3.557980000058613 0.3119346696658809 0
680 3.534475361751189 0.270842832798566 0
681 3.510148686193268 0.3114106656091615 0
682 3.486645264525603 0.2703596961507944 0
683 3.462320141568916 0.3109202671000017 0
684 3.438823434861195 0.2693323503159712 0
685 3.414494712422585 0.3103964496507138 0
686 3.390995244080069 0.2692793124167959 0
687 3.366671738615826 0.3099777298392371 0
688 3.343173550331437 0.2688809883683844 0
689 3.320790543012993 0.308430110886623 0
690 3.295684371864038 0.2677112863556588 0
691 3.271650708377691 0.313873125686012 0
692 3.247699232493932 0.2685870261747111 0
693 3.223224839955189 0.3083962100330365 0
694 3.199757658484492 0.2675002682384162 0
695 3.175419509343581 0.3080573976001412 0
696 3.151929520204177 0.2669020736714295 0
697 3.127610945819878 0.3075788431421275 0
698 3.10412115565981 0.2664027152776287 0
699 3.079806936763674 0.3070927698648893 0
700 3.056319871838755 0.2658677211523895 0
701 3.032007310947689 0.3066001388375686 0
702 3.008521872755975 0.26537695020479 0
703 2.984211389120061 0.3061137194156701 0
704 2.960728174609145 0.2648333106213405 0
705 2.936418609037688 0.3056196477984787 0
706 2.912936964145645 0.2643409669697634 0
707 2.888629257805332 0.3051332031994216 0
708 2.865152401569703 0.2635277771486999 0
709 2.84084343229798 0.3045938864435752 0
710 2.817145052132776 0.263089320512923 0
711 2.793023594807945 0.3041089142741101 0
712 2.769320310983159 0.2626157279172583 0
713 2.745230441257752 0.3036264443688012 0
714 2.72161641764254 0.2620891883993779 0
715 2.697453353793317 0.3042088652672661 0
716 2.673853765807469 0.2617791610955438 0
717 2.64968243097171 0.3039318652157238 0
718 2.626173331171123 0.2613113368075318 0
719 2.602064472574073 0.3023419550349853 0
720 2.57844558921115 0.2606490621202697 0
721 2.554740319678038 0.3032139952663238 0
722 2.530852814970209 0.2603586409568068 0
723 2.506804506548959 0.3025281802290677 0
724 2.482998635277455 0.2596679519928612 0
725 2.458801561024754 0.3009030058498647 0
726 2.435200972519918 0.2591411175332956 0
727 2.411287965192305 0.301864067941266 0
728 2.38745523202573 0.258587259790122 0
729 2.36351448922627 0.301664591003914 0
730 2.339928392347873 0.2585532587798564 0
731 2.315494329248436 0.3011125796874567 0
732 2.29199020951413 0.2581070356534296 0
733 2.267670777848095 0.3006239226861175 0
734 2.244214595730262 0.2578235667466443 0
735 2.219922096596129 0.2982546326006152 0
736 2.196465974349933 0.257130238329496 0
737 2.172512015134759 0.2956799139295295 0
738 2.148732551075797 0.2562090833547391 0
739 2.124520770791753 0.2949873983111955 0
740 2.100967668957121 0.2553724202862188 0
741 2.076700711985152 0.2983236328074287 0
742 2.053252470687119 0.2558585102314842 0
743 2.028958658821438 0.2986386804921135 0
744 2.005524407897583 0.2556730155224679 0
745 1.981249155902501 0.2964012457609003 0
746 1.95780160311724 0.2549926721157523 0
747 1.933528566410418 0.2955926987875915 0
748 1.910040921642445 0.2544279024234446 0
749 1.887946732608803 0.2938367752865196 0
750 1.862676210740814 0.2532873759572021 0
751 1.839325102410886 0.3023760658717443 0
752 1.814903836780814 0.2546785234777744 0
753 1.788818139852993 0.2979468533278897 0
754 1.766716342185727 0.2538532000281267 0
755 1.744235206754412 0.2933246233043345 0
756 1.719449360953493 0.2526435487704851 0
757 1.696019884080551 0.295177398929242 0
758 1.671732432797531 0.2524318562502526 0
759 1.647494369252854 0.2904096886980373 0
760 1.623891058001854 0.251290306377014 0
761 1.599606824202563 0.2917226798141063 0
762 1.576098079549626 0.2510023511877666 0
763 1.551861313575404 0.2915514653550209 0
764 1.528383446733443 0.2501015565223168 0
765 1.504157207060378 0.2910707937429031 0
766 1.480720943242164 0.2500471831748465 0
767 1.45646958067929 0.2906598395001325 0
768 1.433036990539528 0.2496508206866189 0
769 1.408783588117411 0.29020358837364 0
770 1.385357231266213 0.2486919224441984 0
771 1.361100365842137 0.2896458629856339 0
772 1.337670991599136 0.2485879278482724 0
773 1.313419017816913 0.2892143004607415 0
774 1.28999075375138 0.2481795258922652 0
775 1.265740763765321 0.2887521787755306 0
776 1.242359065696043 0.2472501736497665 0
777 1.218073636102085 0.2881986514266826 0
778 1.194694607164663 0.2466841485229582 0
779 1.170405084707126 0.2876901376204976 0
780 1.147026827974437 0.2461860601481426 0
781 1.122984051048144 0.2870622846344476 0
782 1.099401716595242 0.2456797643626339 0
783 1.075928414687212 0.2875224251462613 0
784 1.051929572582837 0.2454022728505679 0
785 1.028153615748091 0.2873895963097788 0
786 1.004555631506952 0.245016196675573 0
787 0.9799491999679482 0.2874221065453352 0
788 0.9566185648103849 0.2444775463459181 0
789 0.9321561823199058 0.2870157032047275 0
790 0.9087374588754542 0.2441089811927744 0
791 0.8844580194828517 0.2851334982500068 0
792 0.8610549908420255 0.2433338121877656 0
793 0.8367967397636797 0.2843689143783437 0
794 0.813426767416209 0.2428420873470311 0
795 0.789145830850047 0.283801814264297 0
796 0.7657855493965333 0.2423469383734851 0
797 0.7415101875138523 0.2833393356435085 0
798 0.7181467019115466 0.2418684478917895 0
799 0.6938626502681324 0.2828264763287714 0
800 0.6705541399613297 0.2413584780479203 0
801 4.536904961511993 0.617136863103809 0
802 4.585677379978205 0.61740853744226 0
803 4.56105385913719 0.6592260629474924 0
804 4.609499455112375 0.6594996670863161 0
805 4.585338836579242 0.7011749856363534 0
806 4.633571216318962 0.7014925929839708 0
807 4.657650767079865 0.6599987992327534 0
808 4.681315908769258 0.7017989240723568 0
809 4.705607826353641 0.6605021212963202 0
810 4.729184276818813 0.7020402407289273 0
811 4.7534143992891 0.6608278796307626 0
812 4.704998028207025 0.7433435511856732 0
813 4.752664061135763 0.7435236965799027 0
814 4.729928409067874 0.6193912095111426 0
815 4.536969327384726 0.7009008536938089 0
816 4.560967632969621 0.742543083847176 0
817 4.513174148919485 0.7423082456828258 0
818 0.4246429416988362 0.2618949619378897 0
819 0.4714722811471335 0.2612370722613734 0
820 0.4980541144559361 0.2956836371566207 0
821 4.587695314402717 0.280457861874384 0
822 3.705623346200606 0.6126169629358067 0
823 4.341394196670743 0.6158385562245847 0
824 1.648981954905212 0.6013853368986132 0
825 1.109146855710816 0.5986334509994254 0
826 2.971307648673645 0.608717685527798 0
827 0.2567406963444077 0.386760507355656 0
828 2.481161853489792 0.6064976442757547 0
829 1.305854725996636 0.5996145492275839 0
830 0.8645774835441082 0.5971565665221441 0
831 3.216357665705146 0.6100160503684591 0
832 4.564057537738484 0.2389723706307672 0
833 4.61162373428146 0.2392110646453839 0
834 3.803790250864467 0.2312024390754063 0
835 0.6686077579904328 0.5958526887830722 0
836 4.469040082411284 0.238164535959497 0
837 0.2328815085817264 0.5107023672298042 0
838 3.654488826756438 0.2300068345548796 0
839 0.2562563705900573 0.7995125673301924 0
840 4.23122396315687 0.2357171177023336 0
841 3.313721351891415 0.2262650927006755 0
842 3.463152508645353 0.2280955708869897 0
843 3.558813607590292 0.2290513417258095 0
844 4.041256447910364 0.2344849715342567 0
845 3.946275948413652 0.2335879727349923 0
846 4.728715893391906 0.784637162850031 0
847 4.77604660943488 0.784891182746706 0
848 4.777617367087579 0.6198492029290547 0
849 4.754249451705864 0.5784878499441923 0
850 1.844544124744817 0.2117204417162268 0
851 3.17134838817338 0.2258155047689177 0
852 1.986522035662177 0.2138885132256901 0
853 2.411747622838636 0.217593476938835 0
854 3.076483227565394 0.2247805022805529 0
855 0.2094265697247408 0.4690532771977138 0
856 2.223327741698174 0.2160488040487266 0
857 2.981636296121642 0.2237477696876692 0
858 1.504994720053795 0.2085346970431389 0
859 2.31828279276843 0.2168098452325024 0
860 0.4486003635944957 0.2205566788901631 0
861 0.4949526046848769 0.2199130447205425 0
862 2.554991162324792 0.2188907659762899 0
863 2.889460674975246 0.2223654676195133 0
864 2.650563043408903 0.2199792663964093 0
865 2.746113380636108 0.2209334162853726 0
866 0.2087710977956228 0.6346432172605299 0
867 4.800096285476029 0.7440369146652386 0
868 0.9105198012827769 0.3325055496283574 0
869 0.30494145463362 0.2206397408719175 0
870 0.2570356133673886 0.2208140169904287 0
871 0.2332722337172379 0.2618183217066008 0
872 0.2096662623751491 0.2207307601480843 0
873 1.147353305888918 0.3255448917812724 0
874 1.432210572231955 0.33171492417212 0
875 2.077542791762212 0.2142549252421854 0
876 4.537490172733531 0.7837285373457001 0
877 4.489355117213225 0.783420432387417 0
878 1.262365487127114 0.20692547158332 0
879 0.7900141211872409 0.2015002287900075 0
880 0.9329191695524379 0.2028186139453655 0
881 2.100159589042833 0.3385072668384546 0
882 1.076599744689475 0.2043471909070697 0
883 1.171270670287696 0.2053110140168922 0
884 1.409615012152017 0.2075820394407292 0
885 1.749802941360212 0.2116857607330931 0
886 1.648085933322831 0.2099643868385555 0
887 2.311270447700528 0.4778665881166055 0
888 3.007690759498747 0.3477350422190671 0
889 3.198900574792917 0.349679519302808 0
890 2.653895087244056 0.4795981261601628 0
891 0.4807065118780813 0.5093878343437543 0
892 3.532872041690373 0.3577573975795979 0
893 4.801628156946182 0.5789977620275438 0
894 4.778420451359791 0.5377198918001647 0
895 0.717276724001235 0.324513428763073 0
896 0.669376081418072 0.324033038799711 0
897 4.25028224678227 0.3606105340590543 0
898 0.2332593698698631 0.1798367220968274 0
899 0.6947450524564518 0.2005387932361772 0
900 0.6473975061534432 0.2000089480852151 0
901 4.588120374257642 0.1979113162659073 0
902 4.635533681783604 0.1982757471552292 0
903 4.659000582992511 0.2394063653101187 0
904 4.682892416149295 0.1984948259268248 0
905 4.706363944786441 0.239560051855362 0
906 4.730240209164025 0.1986813315026267 0
907 4.753712554079836 0.2397323887175702 0
908 4.777537131911322 0.1988104700650949 0
909 4.80099279399503 0.2398945464029622 0
910 4.777230068247825 0.2807693690780956 0
911 2.482856484424842 0.3451951534493413 0
912 0.1853798572121037 0.5105780487224498 0
913 0.1861422953299936 0.1797934372997512 0
914 0.1859710052605221 0.2616938124188698 0
915 4.585408815888723 0.7840524595650119 0
916 1.909250911854339 0.3365664249856747 0
917 4.465694274480546 0.742252546738334 0
918 4.44184658633036 0.7832809468005117 0
919 4.418220103293295 0.7421509719660188 0
920 4.39435438227047 0.7831730649941816 0
921 2.816532089294302 0.345791884017242 0
922 1.336841602301301 0.3307454225900703 0
923 4.370747238525423 0.7421413716629202 0
924 4.346881125704665 0.7830957110641233 0
925 4.323276931430414 0.7420688538686564 0
926 4.299427642992825 0.7830229538009413 0
927 1.766104617933967 0.3351102461923514 0
928 4.275809907444186 0.7420529460110301 0
929 4.25196092113268 0.7829500585424503 0
930 4.228351592390672 0.7418220608014672 0
931 4.204604238913766 0.7828231058277328 0
932 4.18089163217113 0.7418749091851805 0
933 4.157319780118454 0.7827589626901461 0
934 4.228261383015846 0.8238356916181332 0
935 4.706667769301571 0.5778721020836629 0
936 4.133453546603204 0.7418948552571508 0
937 4.109813604087894 0.7827150953539164 0
938 4.085949910516454 0.7417005365484406 0
939 4.062182940346263 0.7826146964157005 0
940 4.038477577103143 0.7417215005187181 0
941 4.01470884892505 0.7809858734437622 0
942 3.991004746098097 0.7414177260247412 0
943 3.967196086596773 0.7806085618623475 0
944 3.943521764209953 0.7412986130003917 0
945 3.919547222748631 0.782025570151237 0
946 3.896020147874212 0.7414098977606369 0
947 3.871967991219409 0.7822017135364348 0
948 3.850499433565011 0.7422651483081548 0
949 3.824965655925575 0.7823098888696893 0
950 3.80078132455437 0.7395645903765841 0
951 3.777350729006239 0.7821541301003981 0
952 3.800910236230014 0.8230669917611667 0
953 3.753664839916476 0.8230153865372007 0
954 3.730078511081553 0.7822894898587174 0
955 3.706463169719062 0.8230394550756613 0
956 3.682873727062761 0.7824130475040909 0
957 3.659343399907352 0.8230866644994805 0
958 3.635689539599782 0.7823918015315589 0
959 3.612162288951751 0.8231131385238784 0
960 3.588496277862514 0.7824633631531388 0
961 3.565020483974346 0.8232310950670019 0
962 3.541312598496609 0.7824354144402871 0
963 3.518019322614257 0.8234117948073778 0
964 3.494183598771825 0.7823989350206411 0
965 3.470777781966235 0.8233817966617967 0
966 3.447055746414863 0.7823206161594218 0
967 3.423403610675928 0.8232361701586794 0
968 3.399811083333097 0.7822677118405157 0
969 3.376431059097841 0.8230942453980993 0
970 3.352516526045486 0.782446658143535 0
971 3.329257386829033 0.8231294375228595 0
972 3.305374036629354 0.7824267704222835 0
973 3.281661166330582 0.8239837224798569 0
974 3.258281587051425 0.7826792386955908 0
975 3.234360484541491 0.8246100516079523 0
976 3.211435807453468 0.7822652756645052 0
977 3.187361164028006 0.8239692132637537 0
978 3.164173401082842 0.7820003796778893 0
979 3.140198270520433 0.8238960375491713 0
980 3.116445342165069 0.7812111190507887 0
981 3.092921400789025 0.8237749044831484 0
982 3.069120537108399 0.7811182758358164 0
983 3.04570539734785 0.8239045883753946 0
984 3.022081752682986 0.78248606022905 0
985 2.998534700571729 0.8241767337042568 0
986 2.97494645725742 0.7817945024669484 0
987 2.951235289592305 0.8244479296890209 0
988 2.927746173743619 0.7817467733231929 0
989 2.903970503884085 0.825063060593619 0
990 2.880541160860451 0.7828360531568387 0
991 2.856919222560907 0.8244329417881365 0
992 2.833370596181705 0.7829349944565456 0
993 2.809627313240017 0.8244316028914646 0
994 2.78616690405789 0.7838855462399467 0
995 2.762335417692956 0.8249501367761133 0
996 2.738958509888236 0.7866988542071069 0
997 2.715305129109787 0.8249072587091977 0
998 2.691790974715361 0.7862506478145495 0
999 2.668125200689507 0.8245749837737284 0
1000 2.646701926034051 0.7848234143155655 0
1001 2.621064104812389 0.8238404800727247 0
1002 2.599138943242488 0.7776911448216961 0
1003 2.574067073184899 0.8230272358893732 0
1004 2.550249347750059 0.7830223526785689 0
1005 2.526676432245311 0.8237236832800339 0
1006 2.504586271308755 0.7838840590203374 0
1007 2.47970764083993 0.8240056688549259 0
1008 2.456465119002985 0.7811062668908345 0
1009 2.432308043622749 0.8236784188663518 0
1010 2.408781708100175 0.7855438824753654 0
1011 2.385002772503282 0.8242677113657332 0
1012 2.362771296224009 0.784321922336592 0
1013 2.338158829361569 0.8242364745345208 0
1014 2.314864785729856 0.7789881854460241 0
1015 2.290908002190525 0.8233649142993911 0
1016 2.267201546875962 0.7846400026138246 0
1017 2.243590834609715 0.8241862836891143 0
1018 2.22091259669837 0.784043228497174 0
1019 2.196620298119999 0.82429837662488 0
1020 2.176350771064564 0.7818942743214881 0
1021 2.150089158557996 0.8240788353385766 0
1022 2.128906414400799 0.7724607553130958 0
1023 2.102877986977902 0.8224401560830912 0
1024 2.079070191538115 0.7837696919337248 0
1025 2.055292036065231 0.8238639212487943 0
1026 2.031375376636749 0.7871591151655781 0
1027 2.007606242331731 0.8242784432697824 0
1028 1.984018635532525 0.7852608864268741 0
1029 1.960371180240002 0.8251318183023274 0
1030 1.936866062290806 0.7838051589141728 0
1031 1.91318212503097 0.825053833296638 0
1032 1.890169989772154 0.7817955017075215 0
1033 1.865949549627412 0.8247925366597143 0
1034 1.842957335407928 0.7813623581447473 0
1035 1.818669081560864 0.8250364819841622 0
1036 1.795014067431236 0.7807932673872494 0
1037 1.771520982868306 0.8243847380503436 0
1038 1.747757174716803 0.7805474083437414 0
1039 1.724310219044884 0.8239851340044976 0
1040 1.700833968244324 0.7829362709265597 0
1041 1.677138802172622 0.8244437132795273 0
1042 1.65364549662103 0.7835183100561935 0
1043 1.629991881849551 0.8245471491411905 0
1044 1.606472985919288 0.7836678749544741 0
1045 1.582865052473899 0.824532822042368 0
1046 1.55929216289005 0.7837005937515935 0
1047 1.535689934736664 0.8245579003064022 0
1048 1.512109663431521 0.7837327432225343 0
1049 1.488507032721179 0.8245899509176059 0
1050 1.464927198147649 0.7864864197259746 0
1051 1.441323190950193 0.8250765980602431 0
1052 1.417218388065777 0.7873710549299733 0
1053 1.394024760476275 0.8257863730655176 0
1054 1.369925341499582 0.7849190686910852 0
1055 1.346803470545578 0.8255185804723608 0
1056 1.323382060847412 0.7839035580980025 0
1057 1.29971140591542 0.8250298090693992 0
1058 1.276179944673921 0.7839583305828148 0
1059 1.252354615112928 0.8254358092862704 0
1060 1.228964071247813 0.7840576174222849 0
1061 1.205313967451316 0.8251459534263781 0
1062 1.181799152365517 0.7840481599384256 0
1063 1.158168535220509 0.8250114096316138 0
1064 1.135620738248719 0.7846189140576953 0
1065 1.111083810678779 0.8249175586110906 0
1066 1.088622932295136 0.7869182939545908 0
1067 1.063975415647496 0.8253635356410065 0
1068 1.040487736361108 0.786806515767553 0
1069 1.016756639454312 0.8262265952355706 0
1070 0.9931386322542612 0.7847771862802719 0
1071 0.9695353915098177 0.8250186399248061 0
1072 0.9459221770341573 0.7842599481823127 0
1073 0.9222923633374775 0.8254824456361392 0
1074 0.8987236940970156 0.7842744027379175 0
1075 0.8750975793256424 0.8255846608635725 0
1076 0.8515368281607401 0.7843162816538652 0
1077 0.8279043331584859 0.8255766276116876 0
1078 0.8043526439880364 0.7843443743561276 0
1079 0.780720587567783 0.8256025729417058 0
1080 0.7571701678570899 0.7843759600961508 0
1081 0.7335255723745824 0.8254988088177129 0
1082 0.7099866445384233 0.7843859101646591 0
1083 0.6863415410706781 0.8255058016925746 0
1084 0.6628043120486793 0.7844117699828008 0
1085 0.6391535228646592 0.8253439182628807 0
1086 0.6156237120109391 0.7866803603254744 0
1087 0.5919713910577133 0.8257172252658691 0
1088 0.5684431120833477 0.78714337839827 0
1089 0.5448409083147006 0.8258001594771828 0
1090 0.5212692762294413 0.7849885084775097 0
1091 0.4976698741636274 0.8254769470473617 0
1092 0.4740919554670047 0.7845978944801049 0
1093 0.4530466324751821 0.8239438428733661 0
1094 1.818894173713515 0.7353004940311 0
1095 1.959165218776267 0.7429662550497967 0
1096 1.492746953005027 0.7407414714386186 0
1097 3.141177788631631 0.7383096809787503 0
1098 1.016271613872451 0.7498735792103126 0
1099 2.093460885992444 0.741445785943708 0
1100 2.804957378170301 0.7369222941927943 0
1101 1.158869782448707 0.7459879601819021 0
1102 2.243489280300622 0.7422553895253569 0
1103 4.489206154205041 0.4475019307158252 0
1104 1.252573891626784 0.744029533644229 0
1105 0.9191935223157344 0.7455407976897821 0
1106 2.671775254514026 0.7403425026615209 0
1107 1.623643540712439 0.3334584434614561 0
1108 0.4056997369692072 0.6347836779807641 0
1109 0.8232257021102289 0.7453477984017076 0
1110 3.376914804232358 0.7409563080090056 0
1111 0.7279841681697155 0.7451370769301364 0
1112 1.349483612810944 0.7462512724553333 0
1113 0.6328719407902761 0.7500749378471209 0
1114 4.825620470802282 0.5382415229088874 0
1115 4.802495690358755 0.4954066164281816 0
1116 2.385054335064616 0.7421531376517323 0
1117 4.058235678276402 0.3587954409829338 0
1118 1.23918110331077 0.3264238306282094 0
1119 1.380254741346867 0.4726109046887688 0
1120 4.823292600451005 0.7852010914112202 0
1121 3.517669064201407 0.7413357145787145 0
1122 3.91640862590399 0.3569740056891585 0
1123 1.007159829010548 0.3345862034027463 0
1124 1.185385062740556 0.4721456201744945 0
1125 4.514352588665002 0.8247029369108447 0
1126 4.752064247542173 0.8256918010270377 0
1127 4.704981506048636 0.8254912474180368 0
1128 4.824641596284969 0.1990683437447962 0
1129 1.588481209345988 0.7452856767777403 0
1130 2.527716052592771 0.7465057867661737 0
1131 4.41776421468388 0.8242504346831889 0
1132 3.772847698452692 0.3555144732534696 0
1133 4.82495887430151 0.6208835867928268 0
1134 4.824424854618492 0.2809426688568361 0
1135 4.800719796003845 0.321741505123062 0
1136 0.9392723932593112 0.4679354169776709 0
1137 4.847221519123509 0.7447172896901868 0
1138 4.322900009849501 0.8240058291027114 0
1139 3.627844152901488 0.3530754462854592 0
1140 1.676468892996731 0.7520643245252148 0
1141 3.342343547018041 0.3511374887738998 0
1142 0.8125468126037976 0.3254132726751772 0
1143 2.000677617603202 0.3423805275184393 0
1144 4.087717174599043 0.8232757583185537 0
1145 0.4721510241271689 0.1795121968727992 0
1146 0.4250887605355489 0.1795595938608279 0
1147 0.5196091335455384 0.1795098205660388 0
1148 3.94248106624707 0.822675414810107 0
1149 0.6237290252349728 0.2411138870049135 0
1150 2.068531164082507 0.4757328935111377 0
1151 0.4281198525272383 0.7837989388210156 0
1152 0.4070998310848921 0.8282171516309942 0
1153 3.65925274625468 0.7412337005003171 0
1154 2.243048231013006 0.3411489559357939 0
1155 3.584044929491487 0.4852566258172079 0
1156 2.338531649442982 0.3461818063406703 0
1157 1.527592400350789 0.332684844995185 0
1158 2.723080553461025 0.348953464529871 0
1159 0.1609438016274338 0.7159527306286375 0
1160 2.627076142818343 0.3482186198699451 0
1161 2.904154325647307 0.7417789395375308 0
1162 4.753931804446717 0.1578974904692587 0
1163 0.1618923708239186 0.4695822548663813 0
1164 2.997213649454312 0.737969367438836 0
1165 3.28235718407358 0.7410013539498279 0
1166 2.912105378110966 0.346763918712688 0
1167 4.847786854351278 0.3218914168405508 0
1168 4.824228215811843 0.3625081137295285 0
1169 4.777239429346038 0.3633830339336046 0
1170 4.155173106201708 0.3589998358513914 0
1171 2.996482782684607 0.4814837280784138 0
1172 3.103289466541281 0.3487072757790047 0
1173 0.6715420438090844 0.1593677919293247 0
1174 4.659385840310322 0.1575623249848492 0
1175 4.219979926983335 0.4884591110038553 0
1176 3.192561052173883 0.4827624483373645 0
1177 3.437078142745964 0.3515778759930372 0
1178 4.395022797950352 0.3617662699846456 0
1179 4.755183243720895 0.4962247719682757 0
1180 4.728257944090505 0.8662892199844487 0
1181 1.416967497192003 0.8670053957183906 0
1182 1.747332838680317 0.8657668015697961 0
1183 3.447211585467596 0.8641514943255209 0
1184 0.3803690171019412 0.4250578606352017 0
1185 1.888906048555419 0.8668335518755614 0
1186 3.588825267219056 0.8639280306540168 0
1187 2.832673495784185 0.8662094519562467 0
1188 0.6243913172024829 0.1588864054181307 0
1189 3.872386084257061 0.6999314305917894 0
1190 1.181355196239541 0.8661695716213577 0
1191 0.4506929396253909 0.7433763010625629 0
1192 0.5478834554437544 0.7447924170687468 0
1193 2.691113591993779 0.8655092188017544 0
1194 0.2096595801935504 0.1419582768360296 0
1195 0.1626927808118133 0.1424423526610606 0
1196 0.2565862669753911 0.1395812993317102 0
1197 4.849594149255655 0.4957243215383466 0
1198 0.1383534509985931 0.5103381533588992 0
1199 4.014807491629747 0.7001954115143562 0
1200 0.1391846487358723 0.1801939519828931 0
1201 2.220205608196387 0.8648952728580559 0
1202 2.550085643540123 0.8644852478587661 0
1203 0.945829544207216 0.8693027920095967 0
1204 0.6940219950710886 0.3652862830125213 0
1205 0.6427978908529091 0.371330025979435 0
1206 4.681270625507118 0.8660747224168611 0
1207 2.357985727171346 0.8685162283948981 0
1208 4.775181043074002 0.8665782350720488 0
1209 4.157222372580174 0.7004585318748757 0
1210 2.454893246475305 0.866271627547581 0
1211 0.756449211822912 0.8672455446065839 0
1212 0.662248636558245 0.8665391493173652 0
1213 0.8510147159011194 0.8671212331508273 0
1214 3.7772097787657 0.8637547545330104 0
1215 3.824153421382327 0.8638449873474054 0
1216 0.4486647696535186 0.1388559179951207 0
1217 0.4009310334852785 0.1383503966590554 0
1218 0.5683778514939979 0.8661304679019053 0
1219 3.682887731877187 0.8637432089087138 0
1220 2.078720835884311 0.8648126929065827 0
1221 0.4770953745338526 0.8643680566548494 0
1222 1.087293364400094 0.866578357941568 0
1223 1.985005169676267 0.8655488257103527 0
1224 2.974265788167429 0.8666961383658812 0
1225 0.404108280879846 0.7428905961197529 0
1226 3.069026854788023 0.8654317790880963 0
1227 1.322458662486448 0.8672179994129767 0
1228 3.306445271093476 0.864697152239132 0
1229 0.1616849773236311 0.5510822496225539 0
1230 3.163303089660669 0.8655533102691142 0
1231 0.2094940243808505 0.3027090641850552 0
1232 0.1623126155062282 0.3025950558896014 0
1233 0.7191035465938103 0.1598404793143067 0
1234 0.1389373679675994 0.2614991698221562 0
1235 4.540768573334985 0.1976395507292585 0
1236 4.564743044974806 0.1569759173405893 0
1237 4.51769580754311 0.156580825731946 0
1238 0.2282341910576626 0.1002461712942577 0
1239 0.1857710693551127 0.3434863704182145 0
1240 0.1387532071479631 0.3433469538172708 0
1241 1.606266040109495 0.8653184850888497 0
1242 4.610454997722252 0.575480515518448 0
1243 4.87126575747574 0.2810535945791837 0
1244 1.51213239401129 0.8652695533796015 0
1245 0.620937737865594 0.3244356198000425 0
1246 0.5965733183023667 0.3647517099858255 0
1247 4.682597342659419 0.2805495073179773 0
1248 0.213351478537918 0.8846425288519303 0
1249 4.393626790219085 0.7006624011573548 0
1250 0.7421476963686215 0.366910000678666 0
1251 0.7180507255201651 0.407379559212168 0
1252 4.298985510538978 0.7006046472081695 0
1253 3.800625458923077 0.9015669409124675 0
1254 4.87107960513255 0.3627014578103827 0
1255 4.848502609821585 0.4059285201296752 0
1256 4.870136787409632 0.7854614597516829 0
1257 4.893873928689351 0.7450773575577992 0
1258 4.871103547906396 0.704468469284163 0
1259 4.846297108039986 0.8261398624120313 0
1260 4.872620242448731 0.538247642953855 0
1261 4.77921703410527 0.4543150349641888 0
1262 4.731972748545646 0.4551912265964961 0
1263 4.708101552370126 0.4948622151738526 0
1264 0.1167257673131146 0.1392389584387332 0
1265 0.6484730638830427 0.1191936488774619 0
1266 0.6014318819291808 0.1188757296831859 0
1267 0.1622429393945248 0.3849699565186586 0
1268 4.891463440559152 0.8250441840703813 0
1269 4.869181744562049 0.8665533035480214 0
1270 4.657987992117445 0.8253570927417964 0
1271 4.634355754165885 0.8659161721080511 0
1272 0.3773852441834231 0.1794841714971106 0
1273 0.3518289354638902 0.1382648997693623 0
1274 0.5448676218672521 0.223762688752959 0
1275 4.541457235810668 0.1171617439131253 0
1276 4.49462011836434 0.1169359375554622 0
1277 4.470834722003871 0.1562765811587873 0
1278 4.588647595202005 0.1176359291019028 0
1279 4.447833139684616 0.116621064556268 0
1280 4.424049078102688 0.1558392820266354 0
1281 4.401058574418943 0.1161841204341181 0
1282 4.377277250118897 0.1553034742880228 0
1283 4.354299462188479 0.1146551969967042 0
1284 4.330510900474708 0.1546183150800904 0
1285 4.307524194269869 0.115136587930644 0
1286 4.283747305691016 0.1542071107105445 0
1287 4.260760734420276 0.1148362357029137 0
1288 4.236987354929955 0.1536740380898824 0
1289 4.214000747830404 0.1144480987546727 0
1290 4.190229644145156 0.1532752897505235 0
1291 4.167245036451092 0.1140045649760694 0
1292 4.14347607883289 0.1527303534192259 0
1293 4.12050440194959 0.1123024530788324 0
1294 4.096727377420365 0.1520649337016625 0
1295 4.305503618905459 0.1950853708195114 0
1296 4.073744210508083 0.1129013581538086 0
1297 4.049978278893561 0.1516829373372088 0
1298 4.026996417669099 0.1126255345751318 0
1299 4.003233545979683 0.151258825747678 0
1300 0.1161690158589028 0.4677059372522986 0
1301 3.980252471964243 0.1122408945363982 0
1302 3.956492570643826 0.1507634443095904 0
1303 3.933520910214331 0.1109178309240039 0
1304 3.909755539972095 0.1501458683502607 0
1305 0.1165333589376747 0.3841352919647592 0
1306 3.886791200990166 0.1096623847248674 0
1307 3.863022573004019 0.1494822606552968 0
1308 3.840045028917174 0.1105508548934904 0
1309 3.816287094915991 0.1492597932803952 0
1310 3.793312389791466 0.110357935915491 0
1311 3.769559143806672 0.1488086369853469 0
1312 0.115826236856079 0.5502628138443193 0
1313 0.1379644522652694 0.5915143909343632 0
1314 0.114759417510617 0.799181201234278 0
1315 4.704528609032623 0.9042506707288922 0
1316 0.5741098977510954 0.3235995027753169 0
1317 0.548382802595561 0.364133239572451 0
1318 0.5697575099730092 0.4050624278419105 0
1319 0.5242985336075026 0.4062314754989349 0
1320 3.880686226465742 0.1905837218600073 0
1321 3.74659325438883 0.1090663441860153 0
1322 3.722835710668151 0.148183192016494 0
1323 3.699862682401016 0.10933834022567 0
1324 3.676110222675459 0.1480161550948593 0
1325 3.653140472073544 0.1090282081886638 0
1326 3.629393068658783 0.147409892619677 0
1327 3.605504974651899 0.109451036118135 0
1328 3.582673969778668 0.1470754874405271 0
1329 3.557874448425152 0.1087088194786835 0
1330 3.535962237619948 0.1466017854432853 0
1331 3.51071487124862 0.1079740009254516 0
1332 3.489252271109113 0.1461320084197009 0
1333 3.464709711608574 0.1064970875176214 0
1334 3.442546950042837 0.1456599899028601 0
1335 3.419321580416695 0.1066205334189171 0
1336 3.395801953232773 0.1450502878121868 0
1337 4.894357642224952 0.4034368576179813 0
1338 3.371677018972639 0.1068609438633915 0
1339 3.349142795139872 0.144719469665469 0
1340 3.324842868986104 0.1051068866760965 0
1341 3.302447103819247 0.1442455725367493 0
1342 3.279318818778999 0.1052200009059566 0
1343 3.255726747211853 0.1436722324360462 0
1344 3.739375755672644 0.1891520041868439 0
1345 0.09392399862801559 0.3428779536553373 0
1346 3.378661508691856 0.185568594388004 0
1347 3.232912919603452 0.1047050474725286 0
1348 3.209079073423136 0.1432121426213602 0
1349 3.186507001602375 0.1048524552025503 0
1350 3.162376768481078 0.1428329526021177 0
1351 3.237459121041549 0.1841793553912683 0
1352 0.4240919284205562 0.1026804766100847 0
1353 3.140289598597491 0.1053738443586788 0
1354 3.115691955001764 0.14236361049508 0
1355 3.093955580606645 0.1050576619015797 0
1356 3.069012434272523 0.1418902923922121 0
1357 3.813501874546746 0.0742773905030556 0
1358 0.4283057323426966 0.7037334970709817 0
1359 0.3773725307154137 0.7020284333133735 0
1360 0.4722927016978846 0.7048205851253277 0
1361 3.047603944931968 0.1046045063944737 0
1362 3.022334120848797 0.1414208011536311 0
1363 3.00125046369946 0.1041313069056221 0
1364 2.975970742228746 0.1412717291574749 0
1365 2.954950727184846 0.1037108581077728 0
1366 2.929292329375681 0.1408004692516654 0
1367 2.908607948568327 0.1032482100145642 0
1368 2.882800565621566 0.1402845890246862 0
1369 4.138855782022562 0.07374975606389178 0
1370 3.673955010840519 0.07327939548715795 0
1371 2.86229044143473 0.1027731621937057 0
1372 2.836220930393433 0.1400167565430403 0
1373 2.815963501772414 0.1023408373821499 0
1374 2.789629175651849 0.1396680270345895 0
1375 2.813396839232585 0.1801514763405206 0
1376 4.894927206334604 0.4959224306263708 0
1377 2.76963371121056 0.1019043046380754 0
1378 2.743036844489191 0.1392221144833906 0
1379 2.723305078274989 0.1014534739173564 0
1380 2.696446990459461 0.1388314968891713 0
1381 2.676977691450817 0.1010124702925839 0
1382 2.649860687559956 0.1383784337677531 0
1383 2.63065232087433 0.1005649372489451 0
1384 2.603276854008566 0.1379139890314669 0
1385 2.584328862768448 0.1001177858869128 0
1386 2.556696665574349 0.1374292449174689 0
1387 2.53800667199984 0.09966971574663763 0
1388 2.510117795450489 0.1369787902927108 0
1389 3.512199236130839 0.1869361820918622 0
1390 0.7656404231340201 0.4111227530093756 0
1391 2.490365618205665 0.0924294429856099 0
1392 2.463322577627641 0.1353820894005522 0
1393 2.440357542666451 0.09727462420204069 0
1394 2.416019238904479 0.1354981091892706 0
1395 2.485257974069267 0.1767463637240615 0
1396 3.439915038323226 0.07066003974898549 0
1397 3.605624103527058 0.1878847147704275 0
1398 3.847333721131974 0.90116057539178 0
1399 3.870974458999907 0.8634477827478981 0
1400 3.894822503071549 0.9036994601502939 0
1401 0.5469986907427777 0.4454274311528991 0
1402 0.4925951782947178 0.4551686423068435 0
1403 0.4748021773900177 0.409006795772928 0
1404 0.4460010962646495 0.4447675948331337 0
1405 0.2794196148361578 0.1011278471479881 0
1406 2.393443485855402 0.09361424959000081 0
1407 2.369185961794682 0.1348297296691614 0
1408 2.345590536237756 0.09194411971491578 0
1409 2.322443438357504 0.1339043574810549 0
1410 3.30058799757784 0.06958784450005584 0
1411 4.378090707052586 0.07420449635147586 0
1412 4.915246939856727 0.7060410624381261 0
1413 4.892441359539512 0.6657330971955678 0
1414 0.1452944833266834 0.09679024306506706 0
1415 0.0942241804703059 0.0954862840927635 0
1416 0.4704403749306456 0.1046132843738789 0
1417 2.299649954172776 0.09374480553478892 0
1418 2.275912174978632 0.1337354148034754 0
1419 2.251717486680477 0.09172711112921922 0
1420 2.229087513810589 0.1329830460557849 0
1421 2.206401841925652 0.09280747935667405 0
1422 2.182652241272351 0.132723679516671 0
1423 0.5778733695277429 0.1543407523131152 0
1424 0.5548712230716366 0.1128030815912179 0
1425 4.565139757799807 0.07584582462655443 0
1426 4.471627531863842 0.07513071996123566 0
1427 3.753795456415168 0.9021014624030915 0
1428 2.159117449780263 0.09042864850441673 0
1429 2.135955569500991 0.1319009675473208 0
1430 2.158969217314323 0.1732014324629673 0
1431 2.112080342669318 0.08998359595254757 0
1432 2.089261643134815 0.1310938464848867 0
1433 0.08501299412334884 0.5910156670552893 0
1434 0.1143899624656859 0.6317762183514624 0
1435 0.09572060312534525 0.1801189044543335 0
1436 0.3624904227201018 0.746717978656538 0
1437 2.066557756878647 0.09140596748227209 0
1438 2.042816688189535 0.1311411231583308 0
1439 2.019363728601803 0.08820948717978222 0
1440 1.996139702810944 0.1302538426493339 0
1441 1.972937533216298 0.08816235780542236 0
1442 1.949554398228582 0.1297843998845676 0
1443 3.824188441434674 0.9429429404361487 0
1444 4.872887412466113 0.4512331611478679 0
1445 0.5833753624525968 0.07742699216342713 0
1446 0.538241732967967 0.0738075218682922 0
1447 3.138626731980425 0.1831446528955308 0
1448 2.422344340348483 0.06145146516157773 0
1449 3.975729410919971 0.1917765419558835 0
1450 1.926627966106364 0.08845877871688557 0
1451 1.90300524656055 0.129400714845467 0
1452 1.922311474892889 0.1707673115275398 0
1453 1.880086647753909 0.08813310718296402 0
1454 1.85643478445577 0.1293760144673953 0
1455 1.833776317852111 0.08739782566428134 0
1456 1.809884344292047 0.1285149421327575 0
1457 2.180795260766744 0.04677771444853374 0
1458 2.019132003666239 0.1717832830505465 0
1459 0.7327960790103316 0.4508589712406211 0
1460 0.8166245965294459 0.420431775327174 0
1461 3.04526550195179 0.1821978958377014 0
1462 4.755827789942193 0.4132767728088889 0
1463 4.70841534487937 0.412258281435165 0
1464 4.937018987287495 0.7468816942904626 0
1465 0.4258695739907599 0.4069346952287696 0
1466 4.072940865193399 0.1926267250192217 0
1467 4.921711616558502 0.4503442632745713 0
1468 1.787442635790688 0.08610681632182526 0
1469 1.763343597290938 0.1278193068014295 0
1470 1.740900102311667 0.08709669224453204 0
1471 1.716772193771353 0.1275549498314753 0
1472 1.781089994580265 0.1693961936888667 0
1473 4.240684994603312 0.07126423630308559 0
1474 2.951914824045819 0.1812504134980478 0
1475 4.166441340603194 0.1935764678956257 0
1476 0.450590159534451 0.6608626439781481 0
1477 1.694797343243051 0.08635391406307819 0
1478 1.670269919570337 0.1270595830342941 0
1479 1.648158832733559 0.08616907562446152 0
1480 1.623692838336381 0.1266326546873642 0
1481 1.688092180582883 0.1683705900236088 0
1482 2.252206750024243 0.1741490042448158 0
1483 0.5259877901231444 0.4892215001007251 0
1484 0.3037775581774804 0.139244267995319 0
1485 0.3264911565161763 0.09832792338590629 0
1486 0.3746104749532027 0.09972385194898636 0
1487 0.8400687559140816 0.4661127140165469 0
1488 0.8661436935639415 0.4225470652088852 0
1489 0.8402890332070783 0.3742197810683849 0
1490 0.8905019571807844 0.3795693583548238 0
1491 1.601964622048138 0.08572240792806801 0
1492 1.577180024334357 0.1261722533922151 0
1493 1.599799351874216 0.1675245818668073 0
1494 1.555421551170912 0.08501432570822942 0
1495 1.530342113957027 0.1263640309470817 0
1496 1.509253306656269 0.0840805368343262 0
1497 1.484073148974574 0.1252272998753369 0
1498 0.9150133671874525 0.4233035385365181 0
1499 0.9372341335264958 0.3792970344625242 0
1500 0.9633866380301404 0.4238254650812178 0
1501 0.9853896797486712 0.3798460578857601 0
1502 1.013254524096493 0.4232814338346679 0
1503 1.035762778678299 0.3768844323977247 0
1504 1.054993026841244 0.3317199984209585 0
1505 1.084121811193724 0.3715135633164397 0
1506 1.065971139462187 0.4259583955702366 0
1507 1.11719589419971 0.4082117756155226 0
1508 1.101935525026992 0.4543953181464614 0
1509 4.921506186242009 0.5418299980965082 0
1510 4.895817085593634 0.578976476201932 0
1511 0.1388091063032757 0.4269928694067466 0
1512 0.0864366587289207 0.4204357214915378 0
1513 2.345462509016397 0.1750950275886859 0
1514 0.1859198957141492 0.4267373702162144 0
1515 0.5990089348963286 0.4454416721011736 0
1516 0.6363889568142527 0.4193507081001239 0
1517 2.719339523841504 0.1791880241772258 0
1518 4.918614132588056 0.3631156887413334 0
1519 1.535038018463725 0.04259980530317442 0
1520 0.1171772934704416 0.05995644862017185 0
1521 0.1889251555170151 0.07312624598089679 0
1522 0.2260228839558041 0.05227658483243935 0
1523 0.04466542058166612 0.08047010590021775 0
1524 0.1852619785186955 0.5925499169162168 0
1525 4.847663235366803 0.6632876741582061 0
1526 1.949842278599588 0.04519943260980841 0
1527 4.4002515023987 0.1959488129055734 0
1528 4.826384244900588 0.4477641639463187 0
1529 0.3286364449613202 0.1796067307862305 0
1530 1.462539120267373 0.08379322443320059 0
1531 1.437320158427038 0.1251569323571466 0
1532 1.416189607312573 0.08355753331403959 0
1533 1.390635230956053 0.1249527850723133 0
1534 1.46524455903937 0.1661742447653495 0
1535 4.610669600173906 0.8252459828554364 0
1536 4.587503389338119 0.8658979492212149 0
1537 4.61077335619561 0.9052379030927293 0
1538 4.564164382094896 0.9050562896582932 0
1539 4.63388489946463 0.7843034699157551 0
1540 4.539442704307566 0.8654604841946831 0
1541 4.517175227681696 0.9046556828811327 0
1542 2.625295812534419 0.1779358982655714 0
1543 4.919456667748058 0.8649767317063352 0
1544 4.889328120222748 0.9033019406841827 0
1545 4.843875675480315 0.9018869815533439 0
1546 0.2328963406540998 0.3436997198978621 0
1547 0.3530910537699246 0.2205540742438824 0
1548 1.857453065361541 0.04481742424493551 0
1549 3.917256207110448 0.8642305180593758 0
1550 3.948803257261209 0.9126141968196982 0
1551 2.320380003261465 0.0458315152978187 0
1552 4.000180304128737 0.07511225334364824 0
1553 2.088185174492534 0.0452496742789491 0
1554 0.6864105571258823 0.4424089260676153 0
1555 4.871671273439611 0.6225569398446169 0
1556 4.919494209136356 0.6257734899685277 0
1557 0.1159039453521142 0.2203224979692491 0
1558 0.0723695195256413 0.2173003869522965 0
1559 4.609452742606845 0.742772318874964 0
1560 4.800914034791969 0.6614837898830679 0
1561 4.776741848313121 0.7026290630104268 0
1562 1.368499032304231 0.08397829215014785 0
1563 1.344200028032133 0.124056181567225 0
1564 1.321946951715798 0.08358710369158789 0
1565 1.29766262404952 0.1235550741978206 0
1566 1.326472319596222 0.1648207648071195 0
1567 1.279037638442138 0.08090756232857504 0
1568 1.255274452419163 0.1217361025391479 0
1569 1.123842977589786 0.2048414573153998 0
1570 1.147977242547866 0.1641512174685551 0
1571 1.192720088522726 0.1645873181841284 0
1572 1.170232544113112 0.1229993948442891 0
1573 1.124782769329732 0.1231374655650502 0
1574 1.148033227401101 0.0822078945196506 0
1575 1.101530200952219 0.08150010064270452 0
1576 1.078235139529508 0.1224414684784021 0
1577 1.055353203680208 0.08135001930604985 0
1578 1.031791612034457 0.1218220865771618 0
1579 1.192734864752051 0.08091470789864469 0
1580 1.009044067856348 0.08102797811593998 0
1581 0.98531638753915 0.1212511938457562 0
1582 1.007727851701155 0.1622234081489521 0
1583 0.9602166020057084 0.1617332766571712 0
1584 0.938562855707707 0.120565661433633 0
1585 1.032206722344145 0.04037761176267507 0
1586 0.9625666241521742 0.08044945003662041 0
1587 0.91540038517786 0.08047225353068077 0
1588 0.889540664620422 0.1205028754138954 0
1589 1.559250318551344 0.865225284433074 0
1590 1.535801874127897 0.9047032265859518 0
1591 1.487304110807959 0.9114644265863336 0
1592 1.582806265222136 0.9046212824364772 0
1593 1.629437287571799 0.9043120919732552 0
1594 1.653223901490515 0.8650923367234676 0
1595 1.676177639729922 0.9049906188801551 0
1596 1.700229551757671 0.8652790600004707 0
1597 1.723254846492086 0.9036995356647206 0
1598 1.769620304333319 0.9044760215877004 0
1599 1.744814118949092 0.9437817261647309 0
1600 1.794646720048742 0.8669236955443672 0
1601 1.816459643912766 0.9056486471475502 0
1602 1.841340043117805 0.8672037115005684 0
1603 1.864346666387993 0.9049827557787244 0
1604 1.910623400717221 0.9061624184917926 0
1605 1.88500704886959 0.9497556817627675 0
1606 1.936775858679547 0.8666684001646278 0
1607 1.966483862196565 0.917558640406773 0
1608 2.011673810951446 0.8977823291993309 0
1609 0.5217478018933366 0.8658188287356912 0
1610 0.4986647033361802 0.9071364800874477 0
1611 0.450430175043417 0.9052464036455392 0
1612 0.5466239651600318 0.9083985129901158 0
1613 0.5915292255089932 0.9066830038285251 0
1614 0.4808887342399668 0.9515551643667703 0
1615 0.4053773895238058 0.9225604253917079 0
1616 0.4081522783658391 0.8786241419561558 0
1617 0.3678898140623126 0.859909941277026 0
1618 0.3576046194329421 0.8165401958123153 0
1619 0.3241497029028411 0.8473781995251873 0
1620 0.3348446203670159 0.8915949426750696 0
1621 0.2920519720812749 0.8813987410071449 0
1622 0.2974035521501808 0.9237855984520817 0
1623 0.2567748773569232 0.9113415944137666 0
1624 0.312053317473592 0.8019479144106068 0
1625 0.6151638771420482 0.86647008327113 0
1626 0.639567041477237 0.9085838096202912 0
1627 0.6851098015099795 0.9073358306608135 0
1628 0.5720633068173364 0.9528959708777806 0
1629 0.7092348436849343 0.8667838916564746 0
1630 0.7328977716293588 0.9091926047030092 0
1631 0.7797861274852591 0.9100509129584594 0
1632 0.6642934081247316 0.9531673145106081 0
1633 0.8040068911601499 0.8682886872193553 0
1634 0.8265980431538282 0.9101235490901542 0
1635 0.8737598363478929 0.9120393056724954 0
1636 0.7566941773153084 0.9536768556917288 0
1637 0.8495062794110761 0.9558993978449892 0
1638 0.9230673698692042 0.9116356891850306 0
1639 0.8985102348314253 0.8685276877529435 0
1640 0.9701680043760064 0.9094792405801835 0
1641 0.9932213944849992 0.8677507005034562 0
1642 1.015932674265565 0.9092614960968965 0
1643 0.9510855285330375 0.9559153244163465 0
1644 1.040109454896335 0.8674369375386686 0
1645 1.063608128847273 0.9081950289275448 0
1646 1.10849204784075 0.9085994803585513 0
1647 1.133967987513786 0.866350866072935 0
1648 1.155682201164853 0.9170152982178512 0
1649 1.204122146987154 0.9059195510503605 0
1650 1.186826645047488 0.947256824301824 0
1651 1.228224499904323 0.8663955310475127 0
1652 1.251008247033036 0.9077825843648702 0
1653 1.275228605555514 0.8667753553875563 0
1654 1.297614202880924 0.9087903991443087 0
1655 1.341806757579444 0.9103495237490049 0
1656 1.368984079649101 0.8675767697965731 0
1657 1.389287741202483 0.9184644879281187 0
1658 1.439626157809255 0.907982086601876 0
1659 1.42141387922942 0.9511915806719528 0
1660 2.502881285921115 0.8646564147817399 0
1661 2.526302413888356 0.9062848622865438 0
1662 2.57259632978482 0.9079377603838265 0
1663 2.54809515270543 0.9521931162211374 0
1664 2.477162441836852 0.915265446513511 0
1665 2.429337411429874 0.9056124827483509 0
1666 2.596958584676075 0.8650645767658374 0
1667 2.618855569674791 0.9097610270657985 0
1668 2.643811960797208 0.8657746457485966 0
1669 2.665916004295402 0.9088857853806274 0
1670 2.712644969740247 0.9079812752252573 0
1671 2.686348480241647 0.9530156664052765 0
1672 2.737840415229763 0.8665458757707265 0
1673 2.758521820835265 0.9091219470471603 0
1674 2.784819287870772 0.8671767412958195 0
1675 2.806691527557188 0.9174862507077342 0
1676 2.854736089361119 0.9089435025274422 0
1677 2.842256434239528 0.9526329708245134 0
1678 2.879490431467464 0.8673149359355883 0
1679 2.899421833270865 0.9103896060531045 0
1680 2.926340815242031 0.8682496220421543 0
1681 2.950000987123318 0.9157952475116254 0
1682 2.996138408033133 0.9087295955615036 0
1683 3.02142721652614 0.8668692855650117 0
1684 3.043906306629256 0.9141763064389594 0
1685 3.092488527493245 0.9037240150135937 0
1686 3.116018536614898 0.865125566203101 0
1687 3.139117113536122 0.9032298255588564 0
1688 3.186189555483085 0.9053822182358712 0
1689 3.21017844063611 0.8659582936298738 0
1690 3.234809287739067 0.9020244722926798 0
1691 3.258720050027327 0.8646386353629339 0
1692 3.284164314595769 0.9028073577570798 0
1693 3.330176956467273 0.8997510085015211 0
1694 0.7176727478619707 0.5962776118293952 0
1695 0.6930060756588925 0.6382117773237285 0
1696 0.6444921966208355 0.6379601875277928 0
1697 0.6685211685319468 0.680079725128454 0
1698 0.6203022329900685 0.6774130993337809 0
1699 0.7167422884982262 0.6803304190585605 0
1700 0.5958143279781836 0.6373940104182415 0
1701 0.5712595508551579 0.6766070009667802 0
1702 0.5936364743680618 0.7171416027314902 0
1703 0.7417700702974597 0.6385407512359242 0
1704 0.7904718767444885 0.6389351395514495 0
1705 0.7658913341734743 0.680680784056473 0
1706 0.8141090021582325 0.6811303735050985 0
1707 0.8393568053838514 0.6392053167414471 0
1708 0.8630295012655447 0.678973140127799 0
1709 3.635833356693498 0.8637693431060453 0
1710 3.610166728820755 0.9030485934487218 0
1711 3.565240438236408 0.9017904240095651 0
1712 3.582011205853031 0.9349623842911297 0
1713 3.655752430111202 0.9082927531265139 0
1714 3.706014029957741 0.9016189776540574 0
1715 3.541885007902908 0.8636993809384967 0
1716 3.518719435286303 0.9028191727085217 0
1717 3.494504825793785 0.86373022319423 0
1718 3.470905305368507 0.9015753126038448 0
1719 3.42377664226957 0.9016234342710892 0
1720 3.445155262960433 0.9419329329516424 0
1721 1.158803452726931 0.5986499765753527 0
1722 1.183129688149383 0.6409213374846952 0
1723 1.231700869172509 0.6413054426924641 0
1724 1.207009882899989 0.682062098236478 0
1725 1.157656021966994 0.6786140180112221 0
1726 1.254932457426086 0.6815129692934956 0
1727 1.280407309338025 0.641523871649974 0
1728 1.30504577782252 0.6792607245272679 0
1729 1.697975027974723 0.6016498064227693 0
1730 1.722143918357439 0.6439124541146081 0
1731 1.770692555615118 0.6444064602606252 0
1732 1.74665910071269 0.6883807080839254 0
1733 1.794620227002752 0.6879776660328126 0
1734 1.819004904490727 0.6452645957245925 0
1735 1.843268864625759 0.6888442838035734 0
1736 1.69804757207631 0.6855530520001366 0
1737 1.868731316459747 0.7310472593289845 0
1738 1.891898901516994 0.6903817237888599 0
1739 1.770622044677237 0.7318969130637876 0
1740 1.868274723580961 0.6460022637857274 0
1741 1.60024951337189 0.6011241877827854 0
1742 1.624310864352663 0.643380178824313 0
1743 1.57576496328835 0.6431838135252286 0
1744 1.527385827863149 0.6432430774526287 0
1745 1.551504773240908 0.6850757010024401 0
1746 1.49968648971604 0.6893383765478582 0
1747 1.478539818562638 0.6440903991010836 0
1748 1.451988741139759 0.6845364404881495 0
1749 1.429449408575961 0.6430180767399597 0
1750 1.405511539739525 0.682224080095968 0
1751 1.422886303058019 0.7166322548958755 0
1752 4.275541448918907 0.8239141054476218 0
1753 4.25181875658556 0.8645964871558731 0
1754 4.204856871384511 0.8645257290956871 0
1755 4.228239636533033 0.9022945529285694 0
1756 4.180563688362522 0.906223265213425 0
1757 4.158151085728792 0.8647383557410784 0
1758 4.134372066281894 0.905975815908761 0
1759 4.275045334669548 0.9029976125145823 0
1760 4.205429321768918 0.9468576026567468 0
1761 4.103693481277172 0.9358061334397013 0
1762 4.06603540098239 0.9117877153837932 0
1763 4.026246917539304 0.9260689891082934 0
1764 4.031782255220118 0.8791329826632548 0
1765 3.992755132021447 0.8952112196763109 0
1766 4.001834203817062 0.854984503864903 0
1767 4.11247497577244 0.8641624326586507 0
1768 4.298992577217613 0.8643279167815021 0
1769 4.346101269390035 0.8648382240153087 0
1770 4.322412892342184 0.9038026880006397 0
1771 4.36915527096537 0.9041388387365883 0
1772 4.393508147205716 0.8647551681588612 0
1773 4.418143220538088 0.9001883941695217 0
1774 2.530084323097043 0.6066362877016308 0
1775 2.554239615328177 0.6488105220902636 0
1776 2.603490347377211 0.648885033245245 0
1777 2.578809850057815 0.6875569391205456 0
1778 2.631017730608778 0.6999107485802673 0
1779 2.651423784373837 0.6499199266648357 0
1780 2.528811459415653 0.6844885525900171 0
1781 2.67990024349839 0.6888159210791003 0
1782 2.717897075800069 0.7190056162227723 0
1783 2.72317636951437 0.6759978880180628 0
1784 2.761179336110119 0.7045372481880539 0
1785 2.76753893609532 0.6598398655794242 0
1786 2.802326877973675 0.6882161071111901 0
1787 2.81061911844782 0.6435226465995225 0
1788 2.847320210502756 0.6711538722189599 0
1789 2.598145221733671 0.7307208003909649 0
1790 4.488056255286805 0.6168349765903136 0
1791 4.464420888481912 0.6588126145383952 0
1792 4.512170840984224 0.6590496069144431 0
1793 1.354931929942707 0.599876393946588 0
1794 1.380609032784441 0.6422930705257267 0
1795 1.356919721897504 0.681892322963833 0
1796 1.330628082963639 0.6407434888068289 0
1797 4.390568439178447 0.6162013705121774 0
1798 4.367528950157716 0.6581528233254885 0
1799 3.265173714979971 0.6101728569188429 0
1800 3.240529424259184 0.6520791672407522 0
1801 3.192106176670583 0.651839061564236 0
1802 3.214930726243896 0.695308988017534 0
1803 3.167915506815399 0.6935778937959344 0
1804 3.143958426766034 0.6518761667276386 0
1805 3.119039425491244 0.693042600590472 0
1806 3.093870247810321 0.7375730257386506 0
1807 3.069640308605664 0.6946667288238995 0
1808 3.18940288080819 0.7380739198250704 0
1809 3.262645672145991 0.6962446645976175 0
1810 3.288879339565122 0.6527401231153676 0
1811 3.337667564914944 0.6529465162039055 0
1812 3.311130704968179 0.6959548338383631 0
1813 3.360239012677851 0.6955553051531804 0
1814 3.385694096780714 0.6536354310552219 0
1815 3.408608200078845 0.6958321436648527 0
1816 3.434632577165926 0.6538035067510479 0
1817 3.457476796221531 0.6960693862736087 0
1818 4.612242322967075 0.157283325365444 0
1819 4.635821385457256 0.1179397777423189 0
1820 4.683184485739131 0.1181035755069461 0
1821 4.659519810580805 0.07642812114976077 0
1822 3.754482939499094 0.6128677303369158 0
1823 3.729841915055919 0.6547280538741461 0
1824 3.681395110210069 0.6545953980987829 0
1825 3.705375489518167 0.6964670072407897 0
1826 3.753484676526056 0.6967173127985273 0
1827 3.778448292398507 0.6546497342783324 0
1828 3.831625042003555 0.6624373406903485 0
1829 3.852823276628145 0.6143504843693849 0
1830 3.901116220670579 0.6137382614558844 0
1831 3.925605954113933 0.6561161290703879 0
1832 3.974047511171752 0.6562666643785282 0
1833 0.9138042908096673 0.5973415376979001 0
1834 0.9380261138870192 0.6396201230875767 0
1835 0.9865229312321677 0.6401434757829195 0
1836 0.9620245387762771 0.6817435814584766 0
1837 1.012074606753845 0.6789155492858779 0
1838 1.035118375174761 0.6402024096467074 0
1839 1.06058078635707 0.681080223030859 0
1840 0.9135252330951507 0.6794916007484019 0
1841 1.084180683939031 0.6405452206181891 0
1842 1.10862788723875 0.6795160968318433 0
1843 1.085039398044458 0.7199761096123327 0
1844 4.292528395056942 0.6155153298591122 0
1845 4.267837156679686 0.6577684787575808 0
1846 4.219462078548634 0.6575168442365957 0
1847 2.922459240895713 0.6075732878209589 0
1848 2.946727180123342 0.6505442410926832 0
1849 2.995177622642622 0.6510120931637458 0
1850 2.971945823204656 0.6934577301765237 0
1851 2.925404893201054 0.6961618332997952 0
1852 3.019615082841481 0.6940693308702731 0
1853 3.02012002990735 0.608977754993328 0
1854 4.892920747490308 0.3212873456889299 0
1855 0.1170759829536068 0.3032872543371136 0
1856 0.08577076490213242 0.264789362410539 0
1857 0.2565170648557156 0.5521854359121321 0
1858 0.2326780465187297 0.5934252430969376 0
1859 1.673281588269341 0.643554479949823 0
1860 1.648474778393978 0.6823062020250614 0
1861 1.464310063915313 0.8668980018773418 0
1862 3.656787136811171 0.6123222662650003 0
1863 3.631939462241504 0.6543161671031428 0
1864 3.583591419080587 0.6539734900669241 0
1865 3.60752295804916 0.6959392349396749 0
1866 3.55940907160667 0.6956900355405551 0
1867 3.535234438507977 0.6538666716742656 0
1868 1.216341355098534 0.20662648337936 0
1869 4.84804573534168 0.2401652129412692 0
1870 4.894790585291891 0.2400871247394571 0
1871 4.871631942510279 0.19935362719643 0
1872 4.848323416043726 0.1585456776350784 0
1873 4.892882590270568 0.1601894541851216 0
1874 4.871671421224633 0.1191818326810729 0
1875 4.824667061650035 0.1186041441426918 0
1876 4.919912674283698 0.1233158754116175 0
1877 4.896591894148553 0.07985149307138817 0
1878 4.915209215043893 0.2014223953355471 0
1879 4.937454017911636 0.2438214416939007 0
1880 0.7424108746651927 0.2010601428789313 0
1881 0.7663707557383297 0.1603376618392578 0
1882 0.7430401540700164 0.1199310268286803 0
1883 0.7898980098438764 0.1197717098845072 0
1884 0.770984440119225 0.07914437491390447 0
1885 0.8184653904274342 0.07965926983640287 0
1886 0.8396767389670208 0.1208012962047153 0
1887 0.6957666169863905 0.1197877179719075 0
1888 0.6767984820454771 0.07973202033421639 0
1889 4.70691790737516 0.1576677160802207 0
1890 4.730418308062111 0.1182769751399031 0
1891 4.777460799532652 0.1177289874682307 0
1892 4.759457886865722 0.07758848255531203 0
1893 4.806456986082102 0.07826065187968168 0
1894 0.1616827198138355 0.6330919965394213 0
1895 0.1373265877523981 0.6735298697279877 0
1896 0.09016548055356521 0.6717704112271499 0
1897 0.1134611584082168 0.7139154521257116 0
1898 0.06723276625783381 0.7095827128892507 0
1899 0.08825316583415033 0.7523597012647273 0
1900 0.1849763638659456 0.6751829450271869 0
1901 3.998881171824699 0.6139188918286259 0
1902 4.047882766085302 0.6140930133717611 0
1903 4.072209402784159 0.656782478182278 0
1904 4.120634225512266 0.6571344183347629 0
1905 4.145568199488718 0.61484930232988 0
1906 4.194702660957923 0.6149704039656658 0
1907 4.750818299210725 0.9044000222958077 0
1908 4.726299524288283 0.943871787087518 0
1909 4.797517637800757 0.900968433886861 0
1910 4.657486260838782 0.9038400335868201 0
1911 4.465707722678363 0.8243233355264037 0
1912 4.491457800764293 0.8655044719562577 0
1913 4.46815302077008 0.9077290668523487 0
1914 4.442455687773403 0.8644584785577636 0
1915 1.599752233140715 0.6835065918934919 0
1916 1.080031678987948 0.9546047894352252 0
1917 0.08584913166112562 0.5057506420744637 0
1918 0.5463810369743585 0.6373196118769796 0
1919 0.5267135931087683 0.6735043455820234 0
1920 0.8861813773364247 0.202265907613801 0
1921 0.8378544485982891 0.2018813725683065 0
1922 0.8635993724867725 0.161071233557327 0
1923 2.267192353947629 0.8647157076385124 0
1924 2.244211172531809 0.9074795992392778 0
1925 2.197524737687266 0.9066051165187323 0
1926 2.289490287882896 0.9057821953140675 0
1927 2.318252977282165 0.9463740040663584 0
1928 2.222803044038915 0.9522782577169926 0
1929 2.311148495824434 0.864016488505241 0
1930 2.173418868213393 0.8652090038489936 0
1931 2.15032154549548 0.9028238339740572 0
1932 2.126254278360806 0.8641854927061637 0
1933 2.102097275035753 0.9057484340856815 0
1934 3.851379328035828 0.2320163156572491 0
1935 3.266218167631303 0.2262357266088731 0
1936 4.277466676010899 0.2362099482409448 0
1937 2.237155179822686 0.6046484438977436 0
1938 2.212534848517501 0.64661410751021 0
1939 2.164009481182676 0.6463290625067819 0
1940 2.261064749554919 0.6469976672948679 0
1941 2.188200884736658 0.6854357952867176 0
1942 2.142224102498771 0.6862708487938241 0
1943 2.116764231785777 0.6453237391302618 0
1944 2.09376454929829 0.6909449134655944 0
1945 2.0507753676933 0.720810153787927 0
1946 2.043858572642768 0.676853190105309 0
1947 2.014770768702604 0.7034022153705217 0
1948 1.993559249633007 0.6659840481091759 0
1949 2.168546153986249 0.729453957911315 0
1950 2.285828285391878 0.6050515717669573 0
1951 2.309625199867616 0.6475428611488931 0
1952 2.358064102852396 0.6481622251413943 0
1953 2.333458736220229 0.6867968361200697 0
1954 2.382750064987465 0.6920462249281744 0
1955 2.406453947888984 0.6491981275981251 0
1956 2.4319739388297 0.6900897288476842 0
1957 2.454896802501518 0.6493180553444569 0
1958 2.479366729958707 0.6868603801521639 0
1959 2.454574823868622 0.7318451251562348 0
1960 2.287347802760652 0.6874571099776998 0
1961 2.309022115422407 0.7310695396864506 0
1962 2.238997076884496 0.6912240951167208 0
1963 2.504095479202464 0.6480223770086933 0
1964 2.43182705602558 0.606639008575809 0
1965 1.361931506313097 0.2071059975149926 0
1966 3.119396424443409 0.6093633257265606 0
1967 1.941905381996525 0.6023675025519205 0
1968 1.91612513690105 0.6454185777117837 0
1969 1.940028757920398 0.6887963774400812 0
1970 1.993744617975312 0.6106171731344222 0
1971 3.510081443034049 0.6116090028814006 0
1972 3.484616286409071 0.6535510351019052 0
1973 0.4948559399280246 0.1396019651400803 0
1974 4.037010000330335 0.8281905306425471 0
1975 2.841675970409499 0.2218885597321372 0
1976 2.125036360534272 0.2147469468829821 0
1977 3.707805521730083 0.2306346530759734 0
1978 3.409653214730398 0.2276409280955375 0
1979 2.092448379739477 0.602938088866088 0
1980 2.459264341202684 0.2180858654157639 0
1981 1.552449593206995 0.2090266202774587 0
1982 4.092297256915333 0.074333061359519 0
1983 2.675085740896948 0.606157997905632 0
1984 4.324626974596328 0.07631977758504671 0
1985 1.890550135296069 0.2123144721993747 0
1986 4.611448734201141 0.3220156280720201 0
1987 2.89174603019956 0.6525720813569903 0
1988 0.888719904664224 0.6386313808208781 0
1989 1.133590764955318 0.6394800167534547 0
1990 3.729929150228378 0.8635504976249889 0
1991 4.799116795913139 0.8259369098077514 0
1992 0.9882493798073106 0.4668639298111247 0
1993 0.376691253236888 0.2619488318000062 0
1994 0.9587348043093911 0.3334454425215751 0
1995 1.454215268698396 0.6011694735503699 0
1996 4.516334525809773 0.2385291598212154 0
1997 3.400233330327224 0.863495771606551 0
1998 2.507504558977253 0.2185659539845601 0
1999 0.599156521107195 0.2824249898611154 0
2000 0.5488807928863666 0.2788642939465235 0
2001 4.611276031414574 0.4906884938255452 0
2002 4.586551099089307 0.532993054639652 0
2003 4.635100735301334 0.5337456239392818 0
2004 4.660188581462972 0.4931027321123511 0
2005 0.8143433226410932 0.1608490468418705 0
2006 0.1373657285174836 0.7564929313583099 0
2007 4.660388531727075 0.4082581855100604 0
2008 4.684263739719514 0.3645232267455092 0
2009 4.514206726580456 0.4054447880014049 0
2010 4.465943243031427 0.4047219764371325 0
2011 4.441007092071111 0.446515715273158 0
2012 3.411174390864638 0.6115067803560689 0
2013 1.844133061439813 0.6031303400942338 0
2014 1.059827753783597 0.5988205295865091 0
2015 2.602390779530444 0.2194095533266537 0
2016 4.848719350588659 0.5796506551216103 0
2017 4.801093634978237 0.1584425189208585 0
2018 4.821834655472352 0.8662293450462246 0
2019 4.370251524850711 0.8240197386697292 0
2020 0.8155590903333862 0.5969436157579899 0
2021 1.256738524398203 0.5992179352818897 0
2022 2.627969099556919 0.6067433891709818 0
2023 0.2806273561195352 0.3452381752403566 0
2024 1.719168252344984 0.04323480421707282 0
2025 0.162634254170209 0.2207056049401673 0
2026 0.0915171546199649 0.8397296829366383 0
2027 0.6462385120821832 0.2824365506491143 0
2028 0.4752530394908963 0.3375767427736912 0
2029 4.464591452841069 0.4895914603855617 0
2030 2.139549035399824 0.604065981101467 0
2031 1.30733944954128 0.9540492916607727 0
2032 3.847980588882363 0.823037306154194 0
2033 4.181240910213307 0.8237446185816959 0
2034 4.63395385710503 0.6179180011267774 0
2035 3.167869658172606 0.6096655764352068 0
2036 0.6198593887811099 0.595612328804024 0
2037 3.559331168615167 0.6117959362554944 0
2038 0.4009166028365199 0.2206663853716466 0
2039 0.2807061179975103 0.1799537963454055 0
2040 1.1009619388977 0.1637176585888331 0
2041 1.811529167476342 0.04264720153860102 0
2042 4.490920894734551 0.3629330686552281 0
2043 0.5933477243273395 0.2009463608967454 0
2044 3.423661843596121 0.7408626904049453 0
2045 4.493774799024513 0.1970096436700535 0
2046 4.657545054419895 0.7430673213015168 0
2047 0.2094059985262904 0.3853102025518385 0
2048 2.365928003588004 0.9573838780288111 0
2049 2.357080015580166 0.9136509158623258 0
2050 1.716211082462484 0.7328834789596451 0
2051 1.233567841414798 0.4720154003533994 0
2052 1.20954150859068 0.4293995374546098 0
2053 1.331326384480962 0.4724279067057363 0
2054 1.307084071406528 0.429895050714913 0
2055 1.258249004727971 0.4296918083795457 0
2056 1.283695872138871 0.392176673370027 0
2057 1.332532041456761 0.3901962215022896 0
2058 1.233973685649333 0.3887992290720446 0
2059 1.189017570887445 0.3928776040332649 0
2060 1.356063912085622 0.4305506403242657 0
2061 1.404731076305003 0.430264183522356 0
2062 1.381080727523047 0.3903015165006218 0
2063 1.429317723265676 0.3891680929621015 0
2064 1.45351528063638 0.4302772238490107 0
2065 1.477866621987324 0.3890107002580887 0
2066 1.502292611187187 0.4302996697740288 0
2067 1.526424578645286 0.3888896024470035 0
2068 1.550998803747524 0.4300956777950664 0
2069 1.574979637915778 0.3887471699767937 0
2070 1.599531782717737 0.4296915906655731 0
2071 1.624608635516626 0.384011776980359 0
2072 1.648353618649284 0.4289047345745155 0
2073 1.674130152607758 0.3873973148841964 0
2074 1.696700832400023 0.4289973903060466 0
2075 1.720747584901011 0.3894576091563364 0
2076 1.745459269024321 0.4291839488795359 0
2077 1.769976265394424 0.382650801883578 0
2078 1.794216806943823 0.4282313680197882 0
2079 1.819790978623049 0.3865871015795185 0
2080 1.84284540038721 0.4284218192882377 0
2081 1.870732457205535 0.3769735464861208 0
2082 1.892149718712355 0.4265673653586733 0
2083 1.696361426068909 0.3448881923813171 0
2084 1.77069202198435 0.4720187699937882 0
2085 1.917132731655612 0.3849079538096852 0
2086 1.940382197052983 0.4278642326639776 0
2087 1.968785356826288 0.3848588726659017 0
2088 1.989840009468234 0.427936952844597 0
2089 1.917240144355952 0.471417895608795 0
2090 1.84225413796174 0.3443039154949592 0
2091 1.624056454986431 0.4717649676054244 0
2092 2.017937655972387 0.473275885114105 0
2093 2.046689960881719 0.4319442250312097 0
2094 2.097384253240819 0.4382088759236431 0
2095 2.081274953415746 0.3873604397043114 0
2096 2.13052450113529 0.4015924586585811 0
2097 2.146567180026259 0.4426959741732149 0
2098 2.176361348668002 0.4087702815720174 0
2099 2.161387400994337 0.365802568338346 0
2100 2.023263393930562 0.3873338053897294 0
2101 2.051974385920306 0.3442138937771284 0
2102 1.478090329723299 0.4729167213492944 0
2103 1.304929389796841 0.04069193408969352 0
2104 1.626868148389525 0.04290386250386669 0
2105 4.729935557805997 0.2806918366751188 0
2106 4.706717090745466 0.323477076370258 0
2107 1.995669268726468 0.04316984758476294 0
2108 0.4307510834428703 0.03653727952733193 0
2109 4.931192660550463 0.9602740640465793 0
2110 4.329254696493114 0.9639734682429082 0
2111 3.555084711876963 0.03621565972527663 0
2112 4.610061081249247 0.9615459328683889 0
2113 3.141268568072327 0.9648088491462838 0
2114 2.454050955420044 0.9559192489979257 0
2115 1.995171007983532 0.9625337139584826 0
2116 1.628411339391566 0.9615381733233779 0
2117 2.545271579789381 0.03541106851463427 0
2118 3.18807339449542 0.03972593595341523 0
2119 3.92728035562339 0.03839655744211878 0
2120 2.729357798165144 0.03972593595341473 0
2121 3.00458715596331 0.03972593595341417 0
2122 3.050458715596327 0.9602740640465852 0
2123 1.398435554282464 0.04013919409384764 0
2124 0.9403669724770647 0.03972593595341595 0
2125 3.698625646884845 0.9628377314925285 0
2126 2.821100917431199 0.03972593595341478 0
2127 3.32719178735792 0.9652727481481191 0
2128 3.234294474166822 0.9626667344546934 0
2129 2.961224161874125 0.9614013700039312 0
2130 2.090125347863387 0.9523243322887345 0
2131 2.637614678899089 0.03972593595341473 0
2132 2.912844036697255 0.03972593595341456 0
2133 3.096330275229365 0.03972593595341412 0
2134 3.913110313732561 0.9533491613195346 0
2135 1.536635090693608 0.9613570246241874 0
2136 0.254115477523368 0.9567704723184176 0
2137 1.16992470420161 0.04041436483425798 0
2138 4.422531679066733 0.9629149310579903 0
2139 4.840893260813944 0.9654543392444037 0
2140 4.518348623853203 0.9602740640465937 0
2141 0.336284117455504 0.03681566193434671 0
2142 0.1602758601175513 0.9601813052554264 0
2143 4.68198212192697 0.618840826486645 0
2144 2.260690803980685 0.4765585081377625 0
2145 2.285142889754658 0.4338302776913937 0
2146 2.335419417677188 0.4354054817989281 0
2147 2.312230942548365 0.3918009659052571 0
2148 2.361276727339559 0.3927419470077643 0
2149 2.388359468748142 0.3512740418408453 0
2150 2.409336389018191 0.3938324088070185 0
2151 2.262625234936005 0.3871990869923668 0
2152 2.2902477318469 0.3459578147142679 0
2153 2.21428263299812 0.3794014309617723 0
2154 2.228453312562287 0.4270704813435316 0
2155 2.35984031075538 0.4782442996790193 0
2156 0.2326192369980573 0.8390180362323172 0
2157 0.3530340157901084 0.6335532589630745 0
2158 2.456364347964762 0.478172203641693 0
2159 3.895034589201305 0.8229363842432078 0
2160 4.824065130732317 0.7036451951157605 0
2161 2.505751907921999 0.4781372974797488 0
2162 2.530573342019631 0.4357791534017252 0
2163 2.580493682443035 0.436720307897561 0
2164 2.555807604910001 0.3927566155130247 0
2165 2.507333788329012 0.3932934026082691 0
2166 2.60419917776159 0.3920527862111786 0
2167 2.531858680440294 0.350232057388373 0
2168 2.457833088622285 0.3878657724923828 0
2169 2.481365466774474 0.4350309665846265 0
2170 2.629289438192712 0.4365818089745398 0
2171 2.652844869118377 0.3937112276187074 0
2172 2.678087666410783 0.4370023755882582 0
2173 2.700883591471553 0.39376518537006 0
2174 2.726725108212635 0.437161377321667 0
2175 2.74916191011436 0.3929290680981566 0
2176 2.775306864642353 0.436973426134513 0
2177 2.797110341365838 0.3922709162602656 0
2178 2.823786128999919 0.4368608393301803 0
2179 2.846292956093441 0.3931937155395674 0
2180 2.872631125243848 0.4372775423319951 0
2181 2.894845204889713 0.3935308116810987 0
2182 2.921610914899164 0.437663795614076 0
2183 2.944116407953074 0.3942973761280408 0
2184 2.970301898569176 0.4377819627615031 0
2185 2.993289323235606 0.3948586122980596 0
2186 3.018994582650179 0.4379010674023516 0
2187 3.042337706423453 0.3952635017788602 0
2188 3.067687309994067 0.4380194702580942 0
2189 2.848974203229147 0.4800328088175809 0
2190 3.090888005695795 0.395465406895012 0
2191 3.116354591659241 0.4381225577966614 0
2192 3.140716458669126 0.3959685212639522 0
2193 3.165718723698961 0.4386368144029463 0
2194 2.604913070453814 0.4793243760395086 0
2195 2.702634362394084 0.4797635804861633 0
2196 2.947384195862116 0.4810703777178568 0
2197 3.045218464549373 0.4815589068567201 0
2198 2.675170156939054 0.3487982046452622 0
2199 4.134395544714795 0.8236287265459282 0
2200 0.2089209384814601 0.5514662971836449 0
2201 0.2569029232977336 0.3028848801328022 0
2202 1.429153106222083 0.4727184947302205 0
2203 4.753780934999893 0.3236975944687715 0
2204 3.14335694954247 0.4824342659908006 0
2205 3.215454627703099 0.4383548527087925 0
2206 3.24190102658943 0.4821076151891369 0
2207 3.268264888755203 0.4398574374189956 0
2208 3.31819525555105 0.4428381134321954 0
2209 3.299326000573228 0.3905999661462617 0
2210 3.24001611178364 0.3881186920312005 0
2211 3.347386437561107 0.4015266300860464 0
2212 3.366512552036384 0.4452294506138884 0
2213 3.394599773942623 0.4054264140187235 0
2214 3.271012930337339 0.3564773556140603 0
2215 3.486181484322021 0.4847983525156568 0
2216 3.462186257665264 0.4431901069027263 0
2217 3.511020621659052 0.4427644157080695 0
2218 3.490949403958307 0.3994864009339785 0
2219 3.535111233705368 0.485019106266128 0
2220 3.632977987519439 0.4854103950255214 0
2221 3.659459740211658 0.4414870462261653 0
2222 3.706838013563712 0.4428764331589104 0
2223 3.685351685011151 0.3994363929382464 0
2224 3.732798996438928 0.4006048768999581 0
2225 3.755891024760478 0.4434226089810188 0
2226 3.730933493312945 0.4855898167255453 0
2227 3.779916278417791 0.4858897277851494 0
2228 3.804796509131531 0.4439771348194784 0
2229 3.853804445467623 0.4442969058700451 0
2230 3.830097528052637 0.4014776946027579 0
2231 3.878869808888094 0.4023392609300481 0
2232 3.902577506313689 0.4448592890355854 0
2233 3.877733959618437 0.4868112102737147 0
2234 0.4262736118713377 0.5131185647466864 0
2235 4.024402515147675 0.4874520725164526 0
2236 4.000380866739334 0.4447777045702274 0
2237 4.050730040478852 0.4448341844887198 0
2238 4.026516047835819 0.4023184931943211 0
2239 3.97643203036249 0.4021352872386839 0
2240 3.951307980096025 0.4449491065712404 0
2241 4.073516820346921 0.4877605033932838 0
2242 4.171066225028635 0.4883270419433415 0
2243 4.196597931307445 0.4453512336870145 0
2244 4.245681732165396 0.4458287206355654 0
2245 4.224414733386165 0.4021402322479311 0
2246 4.269088807004264 0.4886291776960041 0
2247 4.295250180102909 0.4458162854801804 0
2248 0.2331895981062106 0.4276061926762708 0
2249 2.950777218503406 0.7374559763202627 0
2250 0.279481033785121 0.7595648942025538 0
2251 0.3768804954475913 0.5115162392406645 0
2252 2.53207918035568 0.1771599930904733 0
2253 2.769257091114646 0.3459039430190475 0
2254 1.19241536852904 0.3240018481444288 0
2255 1.287739702289196 0.3256116620297275 0
2256 4.107435402492065 0.3589839046715585 0
2257 4.12953108148158 0.4012921663046887 0
2258 0.8625187272534951 0.3302017290591823 0
2259 0.7917053484810712 0.3704915021163747 0
2260 2.864318026706019 0.3461553516201161 0
2261 3.583152239627478 0.3530513660253813 0
2262 3.604866547348379 0.3955442034225332 0
2263 4.347139460130306 0.361352459320241 0
2264 4.370682117139085 0.4033766253866472 0
2265 4.32229083041845 0.4026853429727019 0
2266 4.344864914509126 0.445534677657308 0
2267 0.6784007502543643 0.7464781579423969 0
2268 1.956974078783157 0.3369289833683811 0
2269 0.7649056870632958 0.3248065199584533 0
2270 4.318642604525047 0.4885514040236241 0
2271 1.384524894259091 0.3311069347680859 0
2272 2.672393224409389 0.1786163863488175 0
2273 2.578652061700816 0.177342047823014 0
2274 3.15109440721378 0.349069996195487 0
2275 1.636997998861902 0.7471040768834547 0
2276 2.959896693801812 0.3471254946327555 0
2277 1.575331969533464 0.3318124349460275 0
2278 0.9663451675706332 0.7473519722667321 0
2279 2.438527206451339 0.1760576436772859 0
2280 0.7739337502879955 0.7458245407120399 0
2281 3.388652204289182 0.3562205213537915 0
2282 1.479899564208087 0.3320758784554247 0
2283 3.055488080612818 0.3480968867189015 0
2284 1.205418499987884 0.7442646507754614 0
2285 0.4965088442541679 0.7458636953889506 0
2286 1.301278024415881 0.7470849468705102 0
2287 1.542594605396024 0.745393548781626 0
2288 3.32954885191234 0.7411076023839762 0
2289 2.856551424901545 0.7430115335723398 0
2290 0.8697988195415332 0.7460682110103249 0
2291 4.489479505779441 0.7010732202412543 0
2292 4.681352228941589 0.7843666409021348 0
2293 4.635176468115493 0.2804609788016487 0
2294 2.772896445671029 0.6115396752886443 0
2295 4.442795890127649 0.3623580297495921 0
2296 4.447026491980582 0.1962804036570784 0
2297 1.795510112761923 0.6024786528933049 0
2298 0.04440119327659797 0.8436184699179183 0
2299 0.04274954933656572 0.7506299697404055 0
2300 0.03936479108111435 0.6136363636363625 0
2301 0.04710114067716598 0.3421162886284758 0
2302 0.04076403949865171 0.4362944356934035 0
2303 4.961893860443203 0.8405697380042755 0
2304 4.961733636310433 0.3400248313479041 0
2305 0.04007446515383517 0.5244493952852978 0
2306 3.362461046095359 0.6110461352947669 0
2307 1.011390073510991 0.5980703358603302 0
2308 1.502967129577308 0.6013884190159139 0
2309 4.416150083196746 0.4888861438129835 0
2310 0.8901290337056618 0.4670484856681158 0
2311 0.3532823962808482 0.4691797008377037 0
2312 4.731141539531255 0.5369755055666742 0
2313 3.045290402151926 0.6514968771984493 0
2314 1.25957063586404 0.03940509538844744 0
2315 1.029414672520322 0.2038750017102071 0
2316 4.658458420810513 0.5762796609942418 0
2317 3.508468990558935 0.694999155944517 0
2318 3.92660756408075 0.4870846845221189 0
2319 2.407412613418221 0.8629674965097084 0
2320 0.3329107272216385 0.6773447969060155 0
2321 4.441200004608109 0.7005225494776572 0
2322 1.156280793096174 0.4322771286481115 0
2323 4.298961948459062 0.3609646890194197 0
2324 2.392094495890167 0.1753745487957006 0
2325 2.697495247391059 0.2208108924299569 0
2326 2.053551296643596 0.9116351720323468 0
2327 1.054433692377753 0.1626210169202695 0
2328 0.8925764774255605 0.04047636247649244 0
2329 4.421511058448697 0.2378461525304643 0
2330 3.564195597361929 0.4344164345074109 0
2331 0.9819087486828271 0.2033573405805312 0
2332 0.1839308901498322 0.9202136483476392 0
2333 2.383120964737655 0.6061306699652773 0
2334 4.415853432007078 0.6582617036402623 0
2335 3.187617274498001 0.3951095418149282 0
2336 0.9126158084883536 0.1611346853449271 0
2337 3.045343341422011 0.7390989488953267 0
2338 3.471727533797737 0.7410947389636373 0
2339 3.376242804749152 0.8987329246922394 0
2340 4.562477878517807 0.8248480583488151 0
2341 0.8662554976182153 0.08103153475701347 0
2342 4.730915480443201 0.3701717927636401 0
2343 4.100171985283982 0.4451020253709363 0
2344 3.535126705874469 0.4023139122246029 0
2345 2.365208160883049 0.2174295973707915 0
2346 3.483320062165626 0.3531853156778121 0
2347 1.078151106789674 0.04049227794414068 0
2348 4.272813611885709 0.4030076340691421 0
2349 1.575619090054033 0.472678976679369 0
2350 4.149248383137332 0.4445597872428704 0
2351 4.078770039308116 0.401887702502193 0
2352 3.867371330739594 0.3564008267863615 0
2353 2.766324870841213 0.1795153293466804 0
2354 2.434746899691641 0.3442531856943858 0
2355 3.614938885939706 0.4388040222599414 0
2356 0.4007159726703118 0.4696157421503793 0
2357 4.352285928336743 0.195933993137362 0
2358 4.915504521326852 0.2817811571867554 0
2359 2.800120727589513 0.4796660192606685 0
2360 4.801411995959339 0.4046901705750208 0
2361 4.202317350749846 0.3595994508211434 0
2362 4.345148508878775 0.7000300310090977 0
2363 4.915491016451696 0.7853189888754128 0
2364 2.383875357624575 0.4362541107231191 0
2365 4.65932276558745 0.3225127397179255 0
2366 2.2976206308992 0.1748462195109008 0
2367 3.566481027903238 0.7415086916863043 0
2368 4.010786777301004 0.3577607819742638 0
2369 4.683276433129628 0.5354729733116774 0
2370 4.316725632401035 0.6565500888319968 0
2371 2.792550347212142 0.2220500930159892 0
2372 2.593472084110867 0.9558964863209657 0
2373 4.961819121904378 0.5224646510692981 0
2374 3.819340351634708 0.3557709950453575 0
2375 4.325934276947663 0.2373775468956411 0
2376 3.676057014638779 0.3537528577481895 0
2377 2.169386957472596 0.9509507439883771 0
2378 1.914476707789394 0.7364653793715694 0
2379 3.927812786301232 0.4029338602163565 0
2380 2.032608779247349 0.8643269281322651 0
2381 3.72361341933382 0.3546412438258242 0
2382 3.781706328095614 0.4019476624632707 0
2383 3.963198886829803 0.3570806047458781 0
2384 1.488794178586975 0.04177831295238804 0
2385 2.27047643353405 0.2166700749640918 0
2386 2.226712402811537 0.04589779820386947 0
2387 3.613861564241828 0.7415411326734953 0
2388 3.654736738469247 0.6951429558724127 0
2389 2.579040570871876 0.346616930519565 0
2390 2.860058721170955 0.1799941488045828 0
2391 4.250645022577494 0.7009596932695417 0
2392 1.721902073605718 0.472410394472031 0
2393 3.353131134760666 0.8621500899934003 0
2394 4.259462142849991 0.1937154691833696 0
2395 4.202821424622928 0.7006681656863608 0
2396 2.203890543838278 0.1738378252752663 0
2397 4.418048021682663 0.4037444253218559 0
2398 3.236508976296092 0.7392622401250243 0
2399 2.907545754067433 0.1809927481262243 0
2400 3.78733694494243 0.03662602201926723 0
2401 4.210876235674073 0.1945398966512107 0
2402 2.172995347878296 0.2170572254905328 0
2403 2.732067918342898 0.9542638017530016 0
2404 3.708445143873971 0.7419801013771726 0
2405 3.340457716762012 0.4852546046408362 0
2406 2.934949856527207 0.2234655680602927 0
2407 4.393075607190289 0.4457728905109586 0
2408 4.962293942645585 0.6116390870462771 0
2409 4.183335133426434 0.2360355474770434 0
2410 3.754028077008438 0.7485411249022799 0
2411 2.111052091433152 0.1717031435916906 0
2412 4.169592121815891 0.6554580865294903 0
2413 4.059765309173796 0.7006449041553919 0
2414 1.868384469292837 0.4718191729597346 0
2415 4.107971419919531 0.7011886541781572 0
2416 4.962090437370341 0.704545454545455 0
2417 4.024241405238599 0.6549880707087943 0
2418 3.001656282062751 0.1826723020243662 0
2419 2.063637629095028 0.1716441870417293 0
2420 4.11683316852733 0.1938407298256418 0
2421 3.800220720299637 0.692037254159211 0
2422 3.094508988538704 0.6516129408202931 0
2423 3.965805753473854 0.7012426781719368 0
2424 3.917448213573393 0.7007567955989309 0
2425 1.10209349999152 0.3283726271381495 0
2426 3.029600232086621 0.2246894795161288 0
2427 3.881396636090702 0.6566693602903362 0
2428 2.032988633288635 0.2145009329231813 0
2429 3.440946249852211 0.3979915906686228 0
2430 4.088238609620637 0.2353231814490034 0
2431 3.790635468002075 0.9684807677964219 0
2432 4.962291757348525 0.1098965093687453 0
2433 1.967999206020961 0.1719847284070318 0
2434 3.094547915884017 0.1827828704398443 0
2435 4.022094061080256 0.1929768238275342 0
2436 1.937813198417574 0.2137392914463887 0
2437 3.125572145868434 0.2261635672009777 0
2438 3.993903337880655 0.2338915107644761 0
2439 0.03860721390077249 0.2464588599898516 0
2440 1.281772328474183 0.1659121509726895 0
2441 1.877738709926446 0.1688861751602324 0
2442 1.313130971119925 0.2087806301746914 0
2443 2.432143604431607 0.435531747513288 0
2444 3.190486284418338 0.1846317730052638 0
2445 0.2781766095451967 0.8405503817922919 0
2446 3.927106987099508 0.1920288666676968 0
2447 1.826811988968464 0.1703612749601504 0
2448 1.797311538103383 0.2119492324340397 0
2449 3.218828142040499 0.2261582756979084 0
2450 3.898671784988393 0.2328199098490247 0
2451 1.369677344033389 0.1636898722556953 0
2452 4.684171785357245 0.4521269112734418 0
2453 1.700781480538841 0.2111689942946203 0
2454 1.452928445046076 0.2085337448592166 0
2455 1.733313731354082 0.1693326325621823 0
2456 1.415450485119883 0.1639238685707818 0
2457 2.194423169534958 0.3355943384874087 0
2458 1.600064803191104 0.2177616493095204 0
2459 3.2804591813466 0.182955918354877 0
2460 3.837572907732274 0.1885386874607049 0
2461 1.645988044737329 0.159910359290126 0
2462 1.509729023602991 0.1649995287392694 0
2463 1.553900021395117 0.1588174030445664 0
2464 4.963025802539001 0.4318181818181829 0
2465 3.331984143809973 0.1856746067355628 0
2466 3.361364835589191 0.2272182537841601 0
2467 3.786121689793115 0.190181450739939 0
2468 3.756092212349106 0.2311615003581778 0
2469 4.245581507006668 0.9677909008830095 0
2470 3.511057195728655 0.2370571247308044 0
2471 3.422423495919325 0.1846429255690485 0
2472 3.606274699801097 0.237983250857599 0
2473 3.695555414821963 0.1873810203519679 0
2474 3.465914892369494 0.1782933353740923 0
2475 3.652300540096292 0.1828150159079076 0
2476 3.559054630929361 0.1795099022943824 0
2477 0.8005622474709855 0.03856800843049124 0
2478 0.03806937257069176 0.9320757973987814 0
2479 4.964928240085086 0.9309667173125454 0
2480 4.963262725004229 0.06916707994413562 0
2481 3.648645317264418 0.03624951793724973 0
2482 0.389908256880739 0.9632137904615676 0
2483 0.751927275547549 0.03981147801595192 0
2484 2.449726801693003 0.03332305078574138 0
2485 3.388373870461263 0.4871251553856016 0
2486 0.7240994278728345 0.07954509423335598 0
2487 4.879937735023065 0.04057622288501345 0
2488 4.961187967307742 0.2025430935796171 0
2489 2.119072826652027 0.47961999377963 0
2490 4.85231886162296 0.07914980319398346 0
2491 0.6586274943294188 0.0398894535957397 0
2492 1.397310906679146 0.7508637162384233 0
2493 0.630359973637542 0.07893536590336681 0
2494 4.176213764377346 0.4019904510258399 0
2495 2.878599530249073 0.7035104810322682 0
2496 0.5682304298685998 0.03746535232035753 0
2497 4.790470534028762 0.03743818921862974 0
2498 4.712650677786485 0.0772864426715093 0
2499 4.743821965358869 0.03749783104611026 0
2500 3.414933721330286 0.4441473860263249 0
2501 3.558170426802703 0.9675224925994496 0
2502 0.5242649064024385 0.03602776220231774 0
2503 1.221214039662598 0.9659614032903177 0
2504 3.961290703575786 0.8655090699934627 0
2505 4.611844058431828 0.08551511771479026 0
2506 4.655431062531489 0.03084551680395586 0
2507 0.5819963370846253 0.2454224440924513 0
2508 2.875246174126595 0.9417396350937977 0
2509 0.9911069662055627 0.9421848564320605 0
2510 4.564404098348954 0.03105953930667649 0
2511 0.07419168248655206 0.1360675916157001 0
2512 4.518238653538374 0.08496003240195837 0
2513 3.417474945970202 0.03499785661731114 0
2514 2.756518527254064 0.747878191071824 0
2515 0.384808661041578 0.7826605797687836 0
2516 4.472267742014135 0.03106472957724771 0
2517 1.142210031895716 0.4759654067132146 0
2518 2.072937855527426 0.6432717834334424 0
2519 0.3007125719360273 0.9645959159641171 0
2520 4.071831244788942 0.865945502307791 0
2521 4.425003675786647 0.08452147865493725 0
2522 1.957072628885258 0.6426367357894767 0
2523 4.380165881639041 0.02961161192136658 0
2524 2.392209131740071 0.9226894636984954 0
2525 0.5124087762659668 0.2565845423697221 0
2526 4.340183722604104 0.03673710503359462 0
2527 1.128090818719486 0.3647079556434281 0
2528 2.82530192414158 0.6027072083804231 0
2529 4.28441817991685 0.08356871637307373 0
2530 0.07418886137385394 0.5470974931962085 0
2531 2.204291037156329 0.7500948885655443 0
2532 1.235585246301069 0.08039398678480381 0
2533 4.243675462642264 0.02958052539585099 0
2534 0.07416329400925781 0.6346304755517027 0
2535 2.167646635152214 0.4812620611494557 0
2536 4.187315343498002 0.0754416449671525 0
2537 1.110856559847536 0.7508764588394867 0
2538 3.279398144286604 0.03526991346386205 0
2539 3.410416458976826 0.9674556284491111 0
2540 0.5298341583989044 0.3265148408198517 0
2541 1.850950514800839 0.9680834643745837 0
2542 4.153853265013823 0.03451857123262947 0
2543 4.013020779700047 0.9655062915726882 0
2544 0.03243619360588967 0.2045454545454541 0
2545 4.108772572643453 0.035276192407242 0
2546 3.348260909802396 0.07016537112329435 0
2547 2.009657468094422 0.7434857458010009 0
2548 4.045240463313032 0.07382524993701134 0
2549 0.6755340250768593 0.4011511004743727 0
2550 4.018257402085233 0.03691478780039303 0
2551 0.2560388570706045 0.03212349940396475 0
2552 3.956039249264095 0.07704629950081843 0
2553 3.485499586179047 0.07038560283109407 0
2554 0.07549126228071756 0.4619548836901072 0
2555 3.909146314706784 0.07645037131015586 0
2556 0.5046657597030642 0.3683910239751065 0
2557 3.859927022274075 0.07340778344812815 0
2558 0.03050217687732992 0.1209061396875712 0
2559 3.769579383825723 0.07584698726354788 0
2560 1.211966900128451 0.1206762873190091 0
2561 3.626798196908936 0.07284941459376476 0
2562 3.833519797600773 0.03701327482306815 0
2563 3.720633945603018 0.07271666684736439 0
2564 0.3218276042302888 0.7574980113437314 0
2565 3.394475087370636 0.07069949347018295 0
2566 3.579822363142193 0.07271762927249192 0
2567 3.324970704865751 0.03498589085606846 0
2568 3.532419764981061 0.07178336236297722 0
2569 3.694951361054781 0.03657963033656886 0
2570 3.256797092910159 0.07159797558197467 0
2571 0.254594834903874 0.8713902564594902 0
2572 1.236740101961695 0.1644106356629426 0
2573 3.46304301747263 0.03544131810948919 0
2574 2.694930162395854 0.6450374429821173 0
2575 1.456538254015593 0.9411915173247367 0
2576 0.07698773850637863 0.3090377630124573 0
2577 3.989965432134208 0.8162554043276901 0
2578 3.210518449600748 0.07170865931823234 0
2579 2.3457886479219 0.7501935196847833 0
2580 0.07649377415531866 0.8754073897493406 0
2581 0.3714146893696353 0.9010564847287377 0
2582 1.711654596653092 0.9679797939780141 0
2583 2.565922807601205 0.7486401971506425 0
2584 0.3967195305325326 0.3807856266212231 0
2585 0.07745413224376696 0.7893866872007571 0
2586 4.693223521091825 0.9680232299875196 0
2587 3.164476055700717 0.07189687474224515 0
2588 0.07702023395508562 0.3762273921260765 0
2589 0.2217506666039277 0.9253242901760608 0
2590 1.80437820702951 0.3414958307250069 0
2591 2.835850529152995 0.708763290497152 0
2592 3.11844130673491 0.071878943923815 0
2593 3.64475300434186 0.3970166614800892 0
2594 4.929776534899511 0.9113721090838242 0
2595 0.0302257445458407 0.7061856798548476 0
2596 3.072385459813175 0.07166563702661866 0
2597 1.133817697302272 0.7146821232480607 0
2598 2.489143678832407 0.7495280069521502 0
2599 1.657916031700633 0.3528074032088794 0
2600 2.186420098025671 0.4477084017675024 0
2601 3.026322852691841 0.07139512900340839 0
2602 4.93196294634668 0.4069935815037214 0
2603 4.930053055826075 0.8197477811858518 0
2604 1.181856534267185 0.7131220960115771 0
2605 4.930368953174902 0.3187472599516078 0
2606 2.980267768730585 0.07112142009100308 0
2607 2.029755634848003 0.6397737008261598 0
2608 4.93090281256698 0.5896515806017122 0
2609 1.037281761784498 0.7160368642599186 0
2610 2.146638429049089 0.331058237929889 0
2611 1.229669017297418 0.7132109672618248 0
2612 3.238708784097908 0.3436203536629366 0
2613 2.934215722398673 0.07085060233844226 0
2614 0.5113157251748977 0.1060784648822677 0
2615 1.980383249086934 0.7083999091486384 0
2616 4.932615950826515 0.4972605056294495 0
2617 0.4489651683070472 0.374053167453404 0
2618 4.75798670940094 0.9675921253656645 0
2619 0.3693664721430294 0.9347990117040752 0
2620 1.776230671926742 0.9676807615272229 0
2621 2.888161220568488 0.07057220907650613 0
2622 1.278887494591389 0.7125319454050503 0
2623 0.03365018249799157 0.966460027318939 0
2624 4.966349817502008 0.0335399726810614 0
2625 4.966349817502012 0.9664600273189485 0
2626 0.03365018249798934 0.03353997268105358 0
2627 0.8882535373897222 0.7084712023814647 0
2628 0.3759569740313062 0.6640724930263388 0
2629 0.9868702861655625 0.7114804823200067 0
2630 1.729305419073669 0.3269410943934069 0
2631 1.329825798959644 0.7100925308329742 0
2632 0.5326057701712683 0.1456203226772872 0
2633 0.9381146844281785 0.7102976205511655 0
2634 0.4489681966300001 0.6234766383268537 0
2635 2.849642301880768 0.6347649627889199 0
2636 2.842108949314291 0.07029887554893055 0
2637 1.559633027522929 0.932925930848499 0
2638 0.5494267158595287 0.7054124416015315 0
2639 1.063465159970176 0.7539735955284586 0
2640 0.2564668234761731 0.07154966609389163 0
2641 1.605648081310852 0.9329577391033534 0
2642 4.587206571280218 0.9332083091915355 0
2643 3.302490295583341 0.3440726843142247 0
2644 3.259349041491435 0.9312549098332912 0
2645 3.475982121871788 0.9671643012173836 0
2646 4.541184183466882 0.9330649938887087 0
2647 2.417346557081771 0.7236918681702127 0
2648 2.796055002584716 0.07003452512725733 0
2649 0.7411238505854982 0.7075740495730768 0
2650 0.5549402427734298 0.1862659454447707 0
2651 1.515841838438314 0.933632983504739 0
2652 0.6455200021642442 0.7094256373125025 0
2653 0.6944755112222296 0.7095693964966518 0
2654 1.652127706640576 0.9333193111675802 0
2655 0.7897459690174027 0.7081679849150398 0
2656 4.497434761466959 0.9332720288814191 0
2657 3.352635411639661 0.9314708303245814 0
2658 0.5916917389392757 0.7571665392742204 0
2659 4.633612604327342 0.9333460902649255 0
2660 3.83272016238729 0.7071243356329447 0
2661 4.933004412649572 0.0851546447436039 0
2662 0.3391940200706287 0.7157814027422676 0
2663 1.073598359496565 0.4783870246313482 0
2664 2.750000494397035 0.06976942634710037 0
2665 0.8378596331757573 0.7084587831972132 0
2666 0.4008138680257245 0.07305300737813536 0
2667 4.099694129461552 0.8978216479109938 0
2668 3.989583060121409 0.9320831613547109 0
2669 1.39096437956186 0.9662916451986036 0
2670 0.4952592546495511 0.07151842362626704 0
2671 0.4489136405512988 0.07187733433238264 0
2672 4.680243469254526 0.9334221701717409 0
2673 1.698797293769024 0.9333668263049016 0
2674 3.399499193277259 0.9315925660683211 0
2675 2.273909133925679 0.7222521668599337 0
2676 1.503398755553597 0.3595743473692334 0
2677 1.551086740909037 0.3603443760024081 0
2678 2.70394629325595 0.06950515933195311 0
2679 4.439154957794652 0.9298427985984079 0
2680 0.1943619052758669 0.03276302642440149 0
2681 1.40802170805066 0.3585502939117824 0
2682 3.164465688799063 0.933951309463662 0
2683 0.4493393860356947 0.4833520367747265 0
2684 1.455849914188209 0.3590001883450407 0
2685 4.972636856645204 0.2478603850866036 0
2686 3.56561242896494 0.3883336128952919 0
2687 1.596485992215761 0.3601800616095483 0
2688 4.973565977680023 0.7494003060869259 0
2689 1.360165910617685 0.3583693035034895 0
2690 1.311665073155731 0.35818214469531 0
2691 4.928683209923075 0.6721938309737415 0
2692 2.630566613027255 0.7474514414455082 0
2693 1.872105214970845 0.3297905480792285 0
2694 3.211143269109941 0.9331846394272715 0
2695 2.657892687015813 0.06924281080067812 0
2696 1.259218955401887 0.3605771433009557 0
2697 3.494511525570112 0.9330802626060949 0
2698 0.5224487912314102 0.5263600929673138 0
2699 3.305829345569741 0.9323574237951586 0
2700 0.3497674117667158 0.7800765101821577 0
2701 1.150186064319815 0.394304420639508 0
2702 2.50534641448826 0.7165999173455688 0
2703 2.12352437505397 0.3654885752516758 0
2704 0.407585026718615 0.6730961490739212 0
2705 0.6069668139152122 0.3989894109137453 0
2706 1.212722067576105 0.3588453341550479 0
2707 1.924300966388864 0.9427865241260787 0
2708 2.611839834712215 0.06898098122366747 0
2709 0.3030793055502432 0.07349747531247208 0
2710 2.715395908813718 0.756888611000999 0
2711 0.569951633589715 0.4789959276581887 0
2712 1.791365680038964 0.9358434494750261 0
2713 4.772554432619739 0.9350943176419136 0
2714 2.054746269078592 0.7577192336713621 0
2715 3.539778863113719 0.9328471904238456 0
2716 3.619815805957294 0.9360285941261257 0
2717 1.169964199320135 0.3600470090661584 0
2718 2.733439400993729 0.6421295493597943 0
2719 0.1149303308139014 0.02568819967344954 0
2720 1.451450676783341 0.9704624390385141 0
2721 1.37871445030366 0.7135368117890249 0
2722 4.818931563868139 0.9341451162539085 0
2723 2.126667360139577 0.7233812135575359 0
2724 3.074949982823791 0.9352310644600252 0
2725 2.566578983694212 0.0670036859936915 0
2726 2.3859523580451 0.8908196115793745 0
2727 1.66750152824924 0.3208739511683397 0
2728 0.6996219739298155 0.4791700984566101 0
2729 0.7429810659199982 0.4858509458210396 0
2730 2.324480747554286 0.8982795316877105 0
2731 4.927952311625207 0.1670962697682766 0
2732 0.4115840245420808 0.4361283804145906 0
2733 0.3500934389668977 0.07218929130606844 0
2734 2.460771371236968 0.0672889533833248 0
2735 3.118030219295082 0.9339075789953296 0
2736 3.602010589134528 0.966078575110965 0
2737 2.52517497119862 0.06595360823381147 0
2738 3.730068083634778 0.9278367898114708 0
2739 0.5131954522298674 0.7100101721535481 0
2740 0.9870500163953577 0.9748698056975883 0
2741 3.684764032312879 0.9295441630664817 0
2742 0.3364241116597126 0.9276193194641368 0
2743 4.863430786698791 0.9347978754757674 0
2744 3.774760396569363 0.9325806394532616 0
2745 2.210395415813999 0.7163302623217463 0
2746 0.4895736218260103 0.6731032551538327 0
2747 1.462514821395926 0.7181386988266567 0
2748 2.015942630197983 0.9330036278332966 0
2749 0.06018045847495834 0.1839582578127913 0
2750 2.354161356533261 0.7175047308087933 0
2751 1.530979566156366 0.7127138821872715 0
2752 1.838571916174897 0.9343853484074707 0
2753 1.442934095058591 0.7500389360092536 0
2754 4.253250304876934 0.9312176732586274 0
2755 4.29973832728056 0.9299046460438234 0
2756 4.906058046894874 0.9357960311029209 0
2757 2.869975458071433 0.9736372677191982 0
2758 3.415319092707495 0.3778041005085437 0
2759 1.157221778383632 0.9672081012856927 0
2760 1.574849879606577 0.7104440889257311 0
2761 2.553640570661122 0.7156718553838373 0
2762 0.06498160437611489 0.8200065246769737 0
2763 4.346620204686351 0.9302314971746777 0
2764 1.669814841363185 0.7135981654817667 0
2765 1.621737679191226 0.7115401848175054 0
2766 1.738208370496598 0.3570283702224274 0
2767 0.1867251338647926 0.1122310530014649 0
2768 4.393863813636082 0.9305476054509308 0
2769 4.105489373275641 0.9726759868725041 0
2770 1.225984860798045 0.9332291348215649 0
2771 3.830275229357798 0.9767547440443514 0
2772 3.869570941234131 0.9321593085409585 0
2773 0.4405897064329976 0.8588207856447457 0
2774 2.809259659863201 0.9672688286141249 0
2775 2.424444508623634 0.752868056068876 0
2776 2.409677723515979 0.0249183697337696 0
2777 2.28426652153928 0.7539592405883528 0
2778 2.127910577265132 0.9335595999124193 0
2779 2.979182703121838 0.9357840773670292 0
$EndNodes
$Elements
5556
1 1 2 1 1 1 5
2 1 2 1 1 5 6
3 1 2 1 1 6 7
4 1 2 1 1 7 8
5 1 2 1 1 8 9
6 1 2 1 1 9 10
7 1 2 1 1 10 11
8 1 2 1 1 11 12
9 1 2 1 1 12 13
10 1 2 1 1 13 14
11 1 2 1 1 14 15
12 1 2 1 1 15 16
13 1 2 1 1 16 17
14 1 2 1 1 17 18
15 1 2 1 1 18 19
16 1 2 1 1 19 20
17 1 2 1 1 20 21
18 1 2 1 1 21 22
19 1 2 1 1 22 23
20 1 2 1 1 23 24
21 1 2 1 1 24 25
22 1 2 1 1 25 26
23 1 2 1 1 26 27
24 1 2 1 1 27 28
25 1 2 1 1 28 29
26 1 2 1 1 29 30
27 1 2 1 1 30 31
28 1 2 1 1 31 32
29 1 2 1 1 32 33
30 1 2 1 1 33 34
31 1 2 1 1 34 35
32 1 2 1 1 35 36
33 1 2 1 1 36 37
34 1 2 1 1 37 38
35 1 2 1 1 38 39
36 1 2 1 1 39 40
37 1 2 1 1 40 41
38 1 2 1 1 41 42
39 1 2 1 1 42 43
40 1 2 1 1 43 44
41 1 2 1 1 44 45
42 1 2 1 1 45 46
43 1 2 1 1 46 47
44 1 2 1 1 47 48
45 1 2 1 1 48 49
46 1 2 1 1 49 50
47 1 2 1 1 50 51
48 1 2 1 1 51 52
49 1 2 1 1 52 53
50 1 2 1 1 53 54
51 1 2 1 1 54 55
52 1 2 1 1 55 56
53 1 2 1 1 56 57
54 1 2 1 1 57 58
55 1 2 1 1 58 59
56 1 2 1 1 59 60
57 1 2 1 1 60 61
58 1 2 1 1 61 62
59 1 2 1 1 62 63
60 1 2 1 1 63 64
61 1 2 1 1 64 65
62 1 2 1 1 65 66
63 1 2 1 1 66 67
64 1 2 1 1 67 68
65 1 2 1 1 68 69
66 1 2 1 1 69 70
67 1 2 1 1 70 71
68 1 2 1 1 71 72
69 1 2 1 1 72 73
70 1 2 1 1 73 74
71 1 2 1 1 74 75
72 1 2 1 1 75 76
73 1 2 1 1 76 77
74 1 2 1 1 77 78
75 1 2 1 1 78 79
76 1 2 1 1 79 80
77 1 2 1 1 80 81
78 1 2 1 1 81 82
79 1 2 1 1 82 83
80 1 2 1 1 83 84
81 1 2 1 1 84 85
82 1 2 1 1 85 86
83 1 2 1 1 86 87
84 1 2 1 1 87 88
85 1 2 1 1 88 89
86 1 2 1 1 89 90
87 1 2 1 1 90 91
88 1 2 1 1 91 92
89 1 2 1 1 92 93
90 1 2 1 1 93 94
91 1 2 1 1 94 95
92 1 2 1 1 95 96
93 1 2 1 1 96 97
94 1 2 1 1 97 98
95 1 2 1 1 98 99
96 1 2 1 1 99 100
97 1 2 1 1 100 101
98 1 2 1 1 101 102
99 1 2 1 1 102 103
100 1 2 1 1 103 104
101 1 2 1 1 104 105
102 1 2 1 1 105 106
103 1 2 1 1 106 107
104 1 2 1 1 107 108
105 1 2 1 1 108 109
106 1 2 1 1 109 110
107 1 2 1 1 110 111
108 1 2 1 1 111 112
109 1 2 1 1 112 2
110 1 2 2 2 2 113
111 1 2 2 2 113 114
112 1 2 2 2 114 115
113 1 2 2 2 115 116
114 1 2 2 2 116 117
115 1 2 2 2 117 118
116 1 2 2 2 118 119
117 1 2 2 2 119 120
118 1 2 2 2 120 121
119 1 2 2 2 121 122
120 1 2 2 2 122 123
121 1 2 2 2 123 124
122 1 2 2 2 124 125
123 1 2 2 2 125 126
124 1 2 2 2 126 127
125 1 2 2 2 127 128
126 1 2 2 2 128 129
127 1 2 2 2 129 130
128 1 2 2 2 130 131
129 1 2 2 2 131 132
130 1 2 2 2 132 133
131 1 2 2 2 133 3
132 1 2 3 3 3 134
133 1 2 3 3 134 135
134 1 2 3 3 135 136
135 1 2 3 3 136 137
136 1 2 3 3 137 138
137 1 2 3 3 138 139
138 1 2 3 3 139 140
139 1 2 3 3 140 141
140 1 2 3 3 141 142
141 1 2 3 3 142 143
142 1 2 3 3 143 144
143 1 2 3 3 144 145
144 1 2 3 3 145 146
145 1 2 3 3 146 147
146 1 2 3 3 147 148
147 1 2 3 3 148 149
148 1 2 3 3 149 150
149 1 2 3 3 150 151
150 1 2 3 3 151 152
151 1 2 3 3 152 153
152 1 2 3 3 153 154
153 1 2 3 3 154 155
154 1 2 3 3 155 156
155 1 2 3 3 156 157
156 1 2 3 3 157 158
157 1 2 3 3 158 159
158 1 2 3 3 159 160
159 1 2 3 3 160 161
160 1 2 3 3 161 162
161 1 2 3 3 162 163
162 1 2 3 3 163 164
163 1 2 3 3 164 165
164 1 2 3 3 165 166
165 1 2 3 3 166 167
166 1 2 3 3 167 168
167 1 2 3 3 168 169
168 1 2 3 3 169 170
169 1 2 3 3 170 171
170 1 2 3 3 171 172
171 1 2 3 3 172 173
172 1 2 3 3 173 174
173 1 2 3 3 174 175
174 1 2 3 3 175 176
175 1 2 3 3 176 177
176 1 2 3 3 177 178
177 1 2 3 3 178 179
178 1 2 3 3 179 180
179 1 2 3 3 180 181
180 1 2 3 3 181 182
181 1 2 3 3 182 183
182 1 2 3 3 183 184
183 1 2 3 3 184 185
184 1 2 3 3 185 186
185 1 2 3 3 186 187
186 1 2 3 3 187 188
187 1 2 3 3 188 189
188 1 2 3 3 189 190
189 1 2 3 3 190 191
190 1 2 3 3 191 192
191 1 2 3 3 192 193
192 1 2 3 3 193 194
193 1 2 3 3 194 195
194 1 2 3 3 195 196
195 1 2 3 3 196 197
196 1 2 3 3 197 198
197 1 2 3 3 198 199
198 1 2 3 3 199 200
199 1 2 3 3 200 201
200 1 2 3 3 201 202
201 1 2 3 3 202 203
202 1 2 3 3 203 204
203 1 2 3 3 204 205
204 1 2 3 3 205 206
205 1 2 3 3 206 207
206 1 2 3 3 207 208
207 1 2 3 3 208 209
208 1 2 3 3 209 210
209 1 2 3 3 210 211
210 1 2 3 3 211 212
211 1 2 3 3 212 213
212 1 2 3 3 213 214
213 1 2 3 3 214 215
214 1 2 3 3 215 216
215 1 2 3 3 216 217
216 1 2 3 3 217 218
217 1 2 3 3 218 219
218 1 2 3 3 219 220
219 1 2 3 3 220 221
220 1 2 3 3 221 222
221 1 2 3 3 222 223
222 1 2 3 3 223 224
223 1 2 3 3 224 225
224 1 2 3 3 225 226
225 1 2 3 3 226 227
226 1 2 3 3 227 228
227 1 2 3 3 228 229
228 1 2 3 3 229 230
229 1 2 3 3 230 231
230 1 2 3 3 231 232
231 1 2 3 3 232 233
232 1 2 3 3 233 234
233 1 2 3 3 234 235
234 1 2 3 3 235 236
235 1 2 3 3 236 237
236 1 2 3 3 237 238
237 1 2 3 3 238 239
238 1 2 3 3 239 240
239 1 2 3 3 240 241
240 1 2 3 3 241 4
241 1 2 4 4 4 242
242 1 2 4 4 242 243
243 1 2 4 4 243 244
244 1 2 4 4 244 245
245 1 2 4 4 245 246
246 1 2 4 4 246 247
247 1 2 4 4 247 248
248 1 2 4 4 248 249
249 1 2 4 4 249 250
250 1 2 4 4 250 251
251 1 2 4 4 251 252
252 1 2 4 4 252 253
253 1 2 4 4 253 254
254 1 2 4 4 254 255
255 1 2 4 4 255 256
256 1 2 4 4 256 257
257 1 2 4 4 257 258
258 1 2 4 4 258 259
259 1 2 4 4 259 260
260 1 2 4 4 260 261
261 1 2 4 4 261 262
262 1 2 4 4 262 1
263 2 2 10 1 324 1758 1756
264 2 2 10 1 2211 2281 2213
265 2 2 10 1 274 2326 2130
266 2 2 10 1 151 1760 150
267 2 2 10 1 1550 2134 1400
268 2 2 10 1 2130 2326 1933
269 2 2 10 1 1406 1408 275
270 2 2 10 1 275 1448 1406
271 2 2 10 1 1667 2372 1662
272 2 2 10 1 1390 1460 582
273 2 2 10 1 1022 1949 1020
274 2 2 10 1 349 2134 1550
275 2 2 10 1 1141 2281 2211
276 2 2 10 1 751 2590 753
277 2 2 10 1 1512 2302 362
278 2 2 10 1 1682 1684 298
279 2 2 10 1 1756 1760 324
280 2 2 10 1 1022 2723 1949
281 2 2 10 1 1646 1648 268
282 2 2 10 1 1924 1926 290
283 2 2 10 1 324 1760 151
284 2 2 10 1 1667 1669 312
285 2 2 10 1 187 1663 186
286 2 2 10 1 1655 1657 270
287 2 2 10 1 1648 2759 268
288 2 2 10 1 1732 2050 1736
289 2 2 10 1 362 2588 1512
290 2 2 10 1 1607 2748 2115
291 2 2 10 1 1684 2122 298
292 2 2 10 1 1605 2707 200
293 2 2 10 1 312 2372 1667
294 2 2 10 1 195 2377 194
295 2 2 10 1 891 2683 1402
296 2 2 10 1 201 1605 200
297 2 2 10 1 1402 1483 891
298 2 2 10 1 1610 1612 266
299 2 2 10 1 267 1643 222
300 2 2 10 1 1665 2114 340
301 2 2 10 1 1652 1654 334
302 2 2 10 1 582 1459 1390
303 2 2 10 1 1038 1739 1036
304 2 2 10 1 368 1520 1415
305 2 2 10 1 1417 1419 331
306 2 2 10 1 1607 2115 326
307 2 2 10 1 1657 2669 270
308 2 2 10 1 1733 1735 1094
309 2 2 10 1 1415 1523 368
310 2 2 10 1 1778 1781 1106
311 2 2 10 1 1143 2100 2087
312 2 2 10 1 1106 2692 1778
313 2 2 10 1 192 1927 191
314 2 2 10 1 320 1521 1414
315 2 2 10 1 309 2439 1856
316 2 2 10 1 1669 1671 312
317 2 2 10 1 2134 2772 1400
318 2 2 10 1 402 1515 584
319 2 2 10 1 2454 2456 1534
320 2 2 10 1 370 2478 365
321 2 2 10 1 1826 2410 2404
322 2 2 10 1 1613 1626 351
323 2 2 10 1 1123 1503 1501
324 2 2 10 1 1337 1444 1255
325 2 2 10 1 884 2456 2454
326 2 2 10 1 402 2711 1515
327 2 2 10 1 1826 2404 1825
328 2 2 10 1 1917 2305 293
329 2 2 10 1 290 1928 1924
330 2 2 10 1 1969 2378 1738
331 2 2 10 1 1784 1786 1100
332 2 2 10 1 1608 2748 1607
333 2 2 10 1 1502 1506 581
334 2 2 10 1 289 1664 1661
335 2 2 10 1 1141 2211 2209
336 2 2 10 1 2387 2388 1153
337 2 2 10 1 868 1499 1490
338 2 2 10 1 1865 2388 2387
339 2 2 10 1 183 2403 182
340 2 2 10 1 1123 1504 1503
341 2 2 10 1 1397 2475 838
342 2 2 10 1 1493 2461 886
343 2 2 10 1 1489 2258 1490
344 2 2 10 1 2090 2590 751
345 2 2 10 1 2218 2346 892
346 2 2 10 1 1642 1645 328
347 2 2 10 1 950 2410 1826
348 2 2 10 1 838 2472 1397
349 2 2 10 1 892 2344 2218
350 2 2 10 1 1826 2421 950
351 2 2 10 1 886 2458 1493
352 2 2 10 1 1481 2455 2453
353 2 2 10 1 2462 2463 1981
354 2 2 10 1 1654 2031 334
355 2 2 10 1 1414 1520 320
356 2 2 10 1 53 2386 52
357 2 2 10 1 1490 2258 868
358 2 2 10 1 2453 2455 885
359 2 2 10 1 858 2462 1981
360 2 2 10 1 916 2085 2081
361 2 2 10 1 2081 2693 916
362 2 2 10 1 1661 1663 289
363 2 2 10 1 1673 1675 280
364 2 2 10 1 2209 2643 1141
365 2 2 10 1 1428 1431 283
366 2 2 10 1 1189 2427 2424
367 2 2 10 1 2424 2427 1831
368 2 2 10 1 842 2474 1389
369 2 2 10 1 289 1663 187
370 2 2 10 1 1627 1630 300
371 2 2 10 1 1142 2258 1489
372 2 2 10 1 1389 2470 842
373 2 2 10 1 1550 2668 349
374 2 2 10 1 1638 1639 1203
375 2 2 10 1 194 2377 1928
376 2 2 10 1 1153 2388 1825
377 2 2 10 1 2050 2764 1736
378 2 2 10 1 1346 2466 2465
379 2 2 10 1 1650 2759 1648
380 2 2 10 1 2262 2355 2330
381 2 2 10 1 1825 2404 1153
382 2 2 10 1 1807 2337 1852
383 2 2 10 1 2465 2466 841
384 2 2 10 1 365 2580 370
385 2 2 10 1 2330 2686 2262
386 2 2 10 1 1679 1681 333
387 2 2 10 1 1856 2576 309
388 2 2 10 1 2210 2335 889
389 2 2 10 1 2346 2429 1177
390 2 2 10 1 270 2031 1655
391 2 2 10 1 1948 2615 1969
392 2 2 10 1 2144 2154 2145
393 2 2 10 1 916 2268 2085
394 2 2 10 1 1664 2114 1665
395 2 2 10 1 1969 2522 1948
396 2 2 10 1 2218 2429 2346
397 2 2 10 1 1095 2378 1969
398 2 2 10 1 2085 2268 2087
399 2 2 10 1 2355 2593 2221
400 2 2 10 1 306 2499 2498
401 2 2 10 1 2467 2468 1344
402 2 2 10 1 266 1614 1610
403 2 2 10 1 2498 2499 1892
404 2 2 10 1 331 1551 1417
405 2 2 10 1 834 2468 2467
406 2 2 10 1 1675 2774 280
407 2 2 10 1 1100 2514 1784
408 2 2 10 1 1493 2458 1981
409 2 2 10 1 1631 1634 356
410 2 2 10 1 1622 2136 1623
411 2 2 10 1 1981 2463 1493
412 2 2 10 1 1437 1439 342
413 2 2 10 1 262 1523 261
414 2 2 10 1 293 2554 1917
415 2 2 10 1 2471 2474 842
416 2 2 10 1 1978 2471 842
417 2 2 10 1 283 1457 1428
418 2 2 10 1 1433 2300 360
419 2 2 10 1 310 2772 2134
420 2 2 10 1 1681 2129 333
421 2 2 10 1 843 2470 1389
422 2 2 10 1 1389 2476 843
423 2 2 10 1 1034 1737 1032
424 2 2 10 1 357 2506 1821
425 2 2 10 1 1821 2505 357
426 2 2 10 1 2447 2448 1472
427 2 2 10 1 1896 1898 304
428 2 2 10 1 850 2448 2447
429 2 2 10 1 2536 2542 335
430 2 2 10 1 1645 1916 328
431 2 2 10 1 1203 1640 1638
432 2 2 10 1 1507 2322 1508
433 2 2 10 1 1439 2107 342
434 2 2 10 1 1735 1737 1094
435 2 2 10 1 1369 2542 2536
436 2 2 10 1 868 1994 1499
437 2 2 10 1 1828 2427 1189
438 2 2 10 1 1566 2442 2440
439 2 2 10 1 838 2475 2473
440 2 2 10 1 741 2101 743
441 2 2 10 1 1148 2577 2504
442 2 2 10 1 2317 2338 1817
443 2 2 10 1 2440 2442 878
444 2 2 10 1 838 2473 1977
445 2 2 10 1 1441 2107 1439
446 2 2 10 1 1622 2519 2136
447 2 2 10 1 226 1636 225
448 2 2 10 1 268 1916 1646
449 2 2 10 1 2087 2268 1143
450 2 2 10 1 351 1628 1613
451 2 2 10 1 889 2612 2210
452 2 2 10 1 1926 1927 290
453 2 2 10 1 1397 2472 843
454 2 2 10 1 1888 2493 2491
455 2 2 10 1 2491 2493 355
456 2 2 10 1 1865 2367 1866
457 2 2 10 1 843 2476 1397
458 2 2 10 1 1865 2387 2367
459 2 2 10 1 1036 1739 1094
460 2 2 10 1 1671 2403 183
461 2 2 10 1 1638 1643 267
462 2 2 10 1 1189 2660 1828
463 2 2 10 1 2504 2577 1766
464 2 2 10 1 52 2386 1457
465 2 2 10 1 1516 1554 584
466 2 2 10 1 1094 1739 1733
467 2 2 10 1 1660 1664 1210
468 2 2 10 1 1965 2451 884
469 2 2 10 1 2451 2456 884
470 2 2 10 1 2322 2517 1508
471 2 2 10 1 290 1927 192
472 2 2 10 1 858 2454 1534
473 2 2 10 1 1408 1551 275
474 2 2 10 1 1473 2533 265
475 2 2 10 1 228 1632 227
476 2 2 10 1 265 2529 1473
477 2 2 10 1 1121 2317 1866
478 2 2 10 1 1534 2462 858
479 2 2 10 1 1156 2148 2147
480 2 2 10 1 47 1526 46
481 2 2 10 1 230 1628 229
482 2 2 10 1 55 1551 54
483 2 2 10 1 2376 2381 2223
484 2 2 10 1 2223 2381 2224
485 2 2 10 1 2088 2100 2093
486 2 2 10 1 1444 1528 1255
487 2 2 10 1 262 2626 1523
488 2 2 10 1 1766 1974 1764
489 2 2 10 1 1450 1453 288
490 2 2 10 1 1506 2663 581
491 2 2 10 1 1337 1467 1444
492 2 2 10 1 1655 2031 1654
493 2 2 10 1 1467 2616 1376
494 2 2 10 1 1099 2723 1022
495 2 2 10 1 194 1928 193
496 2 2 10 1 1115 1528 1197
497 2 2 10 1 1611 1614 352
498 2 2 10 1 1489 2259 1142
499 2 2 10 1 1444 1467 1376
500 2 2 10 1 1866 2367 1121
501 2 2 10 1 2164 2389 2166
502 2 2 10 1 224 1637 223
503 2 2 10 1 2262 2593 2355
504 2 2 10 1 1481 2453 886
505 2 2 10 1 2230 2382 2374
506 2 2 10 1 232 1614 231
507 2 2 10 1 1121 2338 2317
508 2 2 10 1 886 2461 1481
509 2 2 10 1 50 1553 49
510 2 2 10 1 222 1643 221
511 2 2 10 1 1612 1628 266
512 2 2 10 1 300 1632 1627
513 2 2 10 1 1351 2449 2444
514 2 2 10 1 2444 2449 851
515 2 2 10 1 2374 2382 1132
516 2 2 10 1 324 1761 1758
517 2 2 10 1 200 2707 326
518 2 2 10 1 2238 2351 2237
519 2 2 10 1 2413 2417 1903
520 2 2 10 1 727 2149 729
521 2 2 10 1 1832 2423 1831
522 2 2 10 1 45 1548 44
523 2 2 10 1 1117 2351 2238
524 2 2 10 1 1974 2520 1764
525 2 2 10 1 2423 2424 1831
526 2 2 10 1 2274 2335 2192
527 2 2 10 1 1199 2417 2413
528 2 2 10 1 1415 2511 1523
529 2 2 10 1 1140 2764 2050
530 2 2 10 1 308 2358 1879
531 2 2 10 1 2511 2558 1523
532 2 2 10 1 1501 1994 1123
533 2 2 10 1 1160 2171 2166
534 2 2 10 1 889 2335 2274
535 2 2 10 1 1516 2549 1554
536 2 2 10 1 1132 2382 2224
537 2 2 10 1 573 2154 2144
538 2 2 10 1 845 2450 2446
539 2 2 10 1 2446 2450 1320
540 2 2 10 1 721 2167 723
541 2 2 10 1 1626 1632 351
542 2 2 10 1 1935 2459 841
543 2 2 10 1 2100 2101 2095
544 2 2 10 1 1468 2041 1455
545 2 2 10 1 2459 2465 841
546 2 2 10 1 1978 2466 1346
547 2 2 10 1 336 2521 1411
548 2 2 10 1 2224 2381 1132
549 2 2 10 1 839 2250 1624
550 2 2 10 1 1094 1737 1034
551 2 2 10 1 2150 2354 2168
552 2 2 10 1 1468 1470 347
553 2 2 10 1 1274 2507 2000
554 2 2 10 1 2166 2389 1160
555 2 2 10 1 2203 2342 2106
556 2 2 10 1 2093 2100 2095
557 2 2 10 1 1411 2523 336
558 2 2 10 1 1158 2175 2173
559 2 2 10 1 347 2041 1468
560 2 2 10 1 1635 1638 267
561 2 2 10 1 1346 2471 1978
562 2 2 10 1 2175 2253 2177
563 2 2 10 1 2043 2507 1274
564 2 2 10 1 1739 2050 1732
565 2 2 10 1 2548 2550 297
566 2 2 10 1 1038 2050 1739
567 2 2 10 1 1984 2526 1411
568 2 2 10 1 1411 2526 2523
569 2 2 10 1 1661 1664 1660
570 2 2 10 1 1552 2550 2548
571 2 2 10 1 193 1928 290
572 2 2 10 1 1344 2468 1977
573 2 2 10 1 1662 2372 1663
574 2 2 10 1 1588 1922 1886
575 2 2 10 1 1274 2650 2043
576 2 2 10 1 852 2436 2433
577 2 2 10 1 184 1671 183
578 2 2 10 1 2433 2436 1452
579 2 2 10 1 1425 2512 294
580 2 2 10 1 1987 2495 1788
581 2 2 10 1 834 2460 1934
582 2 2 10 1 2179 2260 2181
583 2 2 10 1 921 2179 2177
584 2 2 10 1 1773 1914 1913
585 2 2 10 1 834 2467 2460
586 2 2 10 1 1261 2360 1528
587 2 2 10 1 1158 2253 2175
588 2 2 10 1 352 1615 1611
589 2 2 10 1 294 2510 1425
590 2 2 10 1 356 1636 1631
591 2 2 10 1 1977 2473 1344
592 2 2 10 1 2000 2525 1274
593 2 2 10 1 52 1457 51
594 2 2 10 1 342 1553 1437
595 2 2 10 1 2183 2276 2185
596 2 2 10 1 731 2152 733
597 2 2 10 1 820 2540 2028
598 2 2 10 1 1472 2448 885
599 2 2 10 1 2177 2253 921
600 2 2 10 1 1677 2774 1675
601 2 2 10 1 1166 2183 2181
602 2 2 10 1 1927 2048 191
603 2 2 10 1 2187 2283 2190
604 2 2 10 1 1623 2589 1248
605 2 2 10 1 1965 2442 1566
606 2 2 10 1 2088 2093 2092
607 2 2 10 1 850 2441 1985
608 2 2 10 1 1431 1553 283
609 2 2 10 1 888 2187 2185
610 2 2 10 1 337 2377 195
611 2 2 10 1 1172 2192 2190
612 2 2 10 1 921 2260 2179
613 2 2 10 1 850 2447 2441
614 2 2 10 1 787 1994 789
615 2 2 10 1 267 1637 1635
616 2 2 10 1 2181 2260 1166
617 2 2 10 1 1477 1479 291
618 2 2 10 1 2540 2556 2028
619 2 2 10 1 1738 2378 1737
620 2 2 10 1 885 2455 1472
621 2 2 10 1 2379 2383 2239
622 2 2 10 1 2483 2486 279
623 2 2 10 1 1884 2486 2483
624 2 2 10 1 1248 2571 1623
625 2 2 10 1 1663 2372 186
626 2 2 10 1 2190 2283 1172
627 2 2 10 1 1566 2451 1965
628 2 2 10 1 294 2512 1426
629 2 2 10 1 2185 2276 888
630 2 2 10 1 1166 2276 2183
631 2 2 10 1 312 1671 184
632 2 2 10 1 2434 2437 854
633 2 2 10 1 888 2283 2187
634 2 2 10 1 1832 2417 1199
635 2 2 10 1 1172 2274 2192
636 2 2 10 1 1447 2437 2434
637 2 2 10 1 1446 2496 1445
638 2 2 10 1 219 1916 218
639 2 2 10 1 1876 2432 322
640 2 2 10 1 1850 1852 1164
641 2 2 10 1 1426 2516 294
642 2 2 10 1 1446 2502 2496
643 2 2 10 1 1898 2595 304
644 2 2 10 1 1877 2490 2487
645 2 2 10 1 982 1806 980
646 2 2 10 1 2095 2101 881
647 2 2 10 1 458 2092 460
648 2 2 10 1 1122 2383 2379
649 2 2 10 1 2161 2169 2162
650 2 2 10 1 2487 2490 319
651 2 2 10 1 1879 2685 308
652 2 2 10 1 2149 2354 2150
653 2 2 10 1 1199 2423 1832
654 2 2 10 1 844 2438 2435
655 2 2 10 1 1630 1636 300
656 2 2 10 1 2435 2438 1449
657 2 2 10 1 911 2167 2165
658 2 2 10 1 1664 1665 1210
659 2 2 10 1 1809 1812 1165
660 2 2 10 1 1491 1494 348
661 2 2 10 1 1419 2386 331
662 2 2 10 1 2165 2168 911
663 2 2 10 1 1809 2398 1802
664 2 2 10 1 357 2505 1425
665 2 2 10 1 51 1457 283
666 2 2 10 1 2099 2153 2098
667 2 2 10 1 340 2524 1665
668 2 2 10 1 2230 2352 2231
669 2 2 10 1 1635 1639 1638
670 2 2 10 1 1156 2149 2148
671 2 2 10 1 2147 2152 1156
672 2 2 10 1 1646 1916 1645
673 2 2 10 1 723 2167 911
674 2 2 10 1 1852 2337 1164
675 2 2 10 1 2230 2374 2352
676 2 2 10 1 875 2428 2419
677 2 2 10 1 46 1526 288
678 2 2 10 1 1806 2337 1807
679 2 2 10 1 322 2731 1876
680 2 2 10 1 1530 2384 1496
681 2 2 10 1 1097 1805 1803
682 2 2 10 1 729 2149 1156
683 2 2 10 1 2419 2428 1458
684 2 2 10 1 1634 1637 356
685 2 2 10 1 331 2386 53
686 2 2 10 1 743 2101 1143
687 2 2 10 1 881 2101 741
688 2 2 10 1 1390 2259 1460
689 2 2 10 1 288 1526 1450
690 2 2 10 1 1425 2510 357
691 2 2 10 1 182 2403 280
692 2 2 10 1 1935 2449 1351
693 2 2 10 1 1154 2152 2151
694 2 2 10 1 1813 2288 1812
695 2 2 10 1 1728 1796 1795
696 2 2 10 1 225 1636 356
697 2 2 10 1 300 1636 226
698 2 2 10 1 2395 2412 1846
699 2 2 10 1 1224 1682 1681
700 2 2 10 1 2145 2154 2151
701 2 2 10 1 1250 2269 2259
702 2 2 10 1 1494 1519 348
703 2 2 10 1 42 2024 41
704 2 2 10 1 314 2341 1885
705 2 2 10 1 1760 2469 150
706 2 2 10 1 1904 2415 1903
707 2 2 10 1 1320 2450 1934
708 2 2 10 1 1426 2521 336
709 2 2 10 1 1160 2198 2171
710 2 2 10 1 1903 2415 2413
711 2 2 10 1 1452 2436 1985
712 2 2 10 1 1670 1671 1669
713 2 2 10 1 2087 2100 2088
714 2 2 10 1 1587 2341 2328
715 2 2 10 1 1892 2497 1893
716 2 2 10 1 1899 2006 1314
717 2 2 10 1 2231 2352 1122
718 2 2 10 1 1970 2607 1948
719 2 2 10 1 1351 2459 1935
720 2 2 10 1 1453 1548 288
721 2 2 10 1 1197 1528 1444
722 2 2 10 1 1812 2288 1165
723 2 2 10 1 351 1632 228
724 2 2 10 1 227 1632 300
725 2 2 10 1 1099 1945 1944
726 2 2 10 1 336 2516 1426
727 2 2 10 1 2418 2426 857
728 2 2 10 1 1892 2499 2497
729 2 2 10 1 1803 1808 1097
730 2 2 10 1 1530 1532 287
731 2 2 10 1 1096 2747 1746
732 2 2 10 1 1813 1815 1110
733 2 2 10 1 229 1628 351
734 2 2 10 1 266 1628 230
735 2 2 10 1 1746 2751 1096
736 2 2 10 1 1462 2360 1261
737 2 2 10 1 275 1551 55
738 2 2 10 1 54 1551 331
739 2 2 10 1 1461 2426 2418
740 2 2 10 1 1122 2379 2231
741 2 2 10 1 1110 2288 1813
742 2 2 10 1 1948 2522 1970
743 2 2 10 1 214 2031 213
744 2 2 10 1 1261 1528 1115
745 2 2 10 1 1934 2460 1320
746 2 2 10 1 1562 2123 1532
747 2 2 10 1 2609 2629 1837
748 2 2 10 1 1985 2441 1452
749 2 2 10 1 1209 2412 2395
750 2 2 10 1 1098 2629 2609
751 2 2 10 1 1659 2669 1657
752 2 2 10 1 288 1548 45
753 2 2 10 1 1165 2398 1809
754 2 2 10 1 1462 2342 1169
755 2 2 10 1 1765 2668 1550
756 2 2 10 1 360 2530 1433
757 2 2 10 1 1532 2123 287
758 2 2 10 1 356 1637 224
759 2 2 10 1 223 1637 267
760 2 2 10 1 1526 2107 1441
761 2 2 10 1 280 2403 1673
762 2 2 10 1 658 2430 2420
763 2 2 10 1 332 2737 1391
764 2 2 10 1 715 2198 717
765 2 2 10 1 1402 2683 1404
766 2 2 10 1 1391 2734 332
767 2 2 10 1 987 1680 989
768 2 2 10 1 287 2384 1530
769 2 2 10 1 292 2616 1467
770 2 2 10 1 572 2089 2086
771 2 2 10 1 338 2716 1713
772 2 2 10 1 1217 1486 1352
773 2 2 10 1 306 2498 1821
774 2 2 10 1 231 1614 266
775 2 2 10 1 352 1614 232
776 2 2 10 1 1562 1564 350
777 2 2 10 1 1815 2044 1110
778 2 2 10 1 2216 2500 2429
779 2 2 10 1 49 1553 342
780 2 2 10 1 283 1553 50
781 2 2 10 1 1503 1506 1502
782 2 2 10 1 2420 2430 1466
783 2 2 10 1 2099 2457 2153
784 2 2 10 1 1470 2024 347
785 2 2 10 1 1508 2517 422
786 2 2 10 1 456 2089 572
787 2 2 10 1 1922 2336 1920
788 2 2 10 1 47 2107 1526
789 2 2 10 1 350 2123 1562
790 2 2 10 1 2168 2443 2150
791 2 2 10 1 1224 1681 1680
792 2 2 10 1 783 1504 785
793 2 2 10 1 851 2437 1447
794 2 2 10 1 401 2711 402
795 2 2 10 1 2086 2088 572
796 2 2 10 1 1713 2741 338
797 2 2 10 1 1588 2336 1922
798 2 2 10 1 1886 2341 1588
799 2 2 10 1 1164 2249 1850
800 2 2 10 1 1479 2104 291
801 2 2 10 1 1357 2562 2557
802 2 2 10 1 452 2414 454
803 2 2 10 1 785 1504 1123
804 2 2 10 1 1499 1994 1501
805 2 2 10 1 2557 2562 281
806 2 2 10 1 1851 2249 1161
807 2 2 10 1 1508 2663 1506
808 2 2 10 1 2173 2198 1158
809 2 2 10 1 1433 2534 2300
810 2 2 10 1 1564 2103 350
811 2 2 10 1 988 2249 986
812 2 2 10 1 2239 2368 2238
813 2 2 10 1 897 2348 2245
814 2 2 10 1 1737 2378 1032
815 2 2 10 1 1904 2412 1209
816 2 2 10 1 2151 2153 1154
817 2 2 10 1 1817 2044 1815
818 2 2 10 1 1884 2477 1885
819 2 2 10 1 1897 2006 1899
820 2 2 10 1 1821 2506 306
821 2 2 10 1 454 2089 456
822 2 2 10 1 1924 1928 1925
823 2 2 10 1 1856 2439 1558
824 2 2 10 1 355 2493 1445
825 2 2 10 1 2007 2452 609
826 2 2 10 1 40 2104 39
827 2 2 10 1 2245 2348 2244
828 2 2 10 1 1567 2103 1564
829 2 2 10 1 1548 2041 44
830 2 2 10 1 980 1806 1097
831 2 2 10 1 1447 2444 851
832 2 2 10 1 2239 2383 2368
833 2 2 10 1 1624 2445 839
834 2 2 10 1 1778 2692 1789
835 2 2 10 1 606 2422 2313
836 2 2 10 1 1884 2483 2477
837 2 2 10 1 1449 2438 845
838 2 2 10 1 279 2486 1888
839 2 2 10 1 1458 2428 852
840 2 2 10 1 274 2748 2326
841 2 2 10 1 2158 2169 2161
842 2 2 10 1 2169 2443 2168
843 2 2 10 1 1933 2778 2130
844 2 2 10 1 1610 1614 1611
845 2 2 10 1 1169 2360 1462
846 2 2 10 1 1817 2338 2044
847 2 2 10 1 326 2707 1607
848 2 2 10 1 422 2663 1508
849 2 2 10 1 2007 2008 1463
850 2 2 10 1 2106 2342 2008
851 2 2 10 1 1226 1685 1684
852 2 2 10 1 1345 2588 2301
853 2 2 10 1 2399 2406 863
854 2 2 10 1 1541 1912 1540
855 2 2 10 1 1417 1551 1408
856 2 2 10 1 820 2525 2000
857 2 2 10 1 1567 2314 2103
858 2 2 10 1 1187 1676 1675
859 2 2 10 1 1185 1604 1603
860 2 2 10 1 1616 1617 1152
861 2 2 10 1 291 2024 1477
862 2 2 10 1 2205 2210 2207
863 2 2 10 1 317 2363 1464
864 2 2 10 1 1445 2496 355
865 2 2 10 1 1159 2006 1897
866 2 2 10 1 1851 2495 1987
867 2 2 10 1 856 2402 2396
868 2 2 10 1 1428 1457 1421
869 2 2 10 1 1540 1912 1125
870 2 2 10 1 733 2152 1154
871 2 2 10 1 1156 2152 731
872 2 2 10 1 2000 2540 820
873 2 2 10 1 1209 2415 1904
874 2 2 10 1 1510 1556 1555
875 2 2 10 1 1169 2342 2203
876 2 2 10 1 1775 1963 1774
877 2 2 10 1 1474 2406 2399
878 2 2 10 1 875 2411 1976
879 2 2 10 1 1455 2041 1548
880 2 2 10 1 289 2114 1664
881 2 2 10 1 845 2446 1449
882 2 2 10 1 2257 2350 2343
883 2 2 10 1 852 2433 1458
884 2 2 10 1 789 1994 868
885 2 2 10 1 2396 2402 1430
886 2 2 10 1 1123 1994 787
887 2 2 10 1 1403 2617 2556
888 2 2 10 1 1460 2259 1489
889 2 2 10 1 572 2092 458
890 2 2 10 1 460 2092 1150
891 2 2 10 1 1267 1511 1305
892 2 2 10 1 319 2490 1893
893 2 2 10 1 412 2310 414
894 2 2 10 1 343 2575 1591
895 2 2 10 1 854 2426 1461
896 2 2 10 1 348 2104 1491
897 2 2 10 1 989 1680 1678
898 2 2 10 1 275 2776 1448
899 2 2 10 1 875 2419 2411
900 2 2 10 1 167 2539 1720
901 2 2 10 1 840 2409 2401
902 2 2 10 1 2167 2389 2164
903 2 2 10 1 328 1916 219
904 2 2 10 1 218 1916 268
905 2 2 10 1 727 2354 2149
906 2 2 10 1 973 1691 975
907 2 2 10 1 2207 2210 2209
908 2 2 10 1 1224 1680 987
909 2 2 10 1 1498 1500 1136
910 2 2 10 1 1496 2384 1519
911 2 2 10 1 2238 2368 1117
912 2 2 10 1 454 2414 2089
913 2 2 10 1 2401 2409 1475
914 2 2 10 1 2237 2351 2343
915 2 2 10 1 369 2478 370
916 2 2 10 1 1556 2408 305
917 2 2 10 1 2350 2494 2243
918 2 2 10 1 1969 2615 1095
919 2 2 10 1 1187 1675 1674
920 2 2 10 1 1484 1485 1273
921 2 2 10 1 1185 1603 1602
922 2 2 10 1 577 2084 2078
923 2 2 10 1 2162 2169 2165
924 2 2 10 1 2556 2617 2028
925 2 2 10 1 1487 2310 412
926 2 2 10 1 1982 2545 1369
927 2 2 10 1 410 1487 412
928 2 2 10 1 1842 1989 1725
929 2 2 10 1 876 2340 1125
930 2 2 10 1 1888 2491 279
931 2 2 10 1 1555 2016 1510
932 2 2 10 1 1899 2585 2299
933 2 2 10 1 2078 2080 577
934 2 2 10 1 1466 2430 844
935 2 2 10 1 1181 1658 1657
936 2 2 10 1 1460 1487 582
937 2 2 10 1 2153 2154 2098
938 2 2 10 1 450 2084 577
939 2 2 10 1 1461 2434 854
940 2 2 10 1 2343 2351 2257
941 2 2 10 1 1802 2398 1808
942 2 2 10 1 1613 1628 1612
943 2 2 10 1 1369 2545 2542
944 2 2 10 1 2328 2341 314
945 2 2 10 1 993 1674 995
946 2 2 10 1 1033 1602 1035
947 2 2 10 1 983 1683 985
948 2 2 10 1 1230 1688 1687
949 2 2 10 1 2259 2269 1142
950 2 2 10 1 1972 2317 1817
951 2 2 10 1 1691 1692 1690
952 2 2 10 1 2008 2342 1463
953 2 2 10 1 1273 1529 1484
954 2 2 10 1 1125 2340 1540
955 2 2 10 1 1226 1684 1683
956 2 2 10 1 1430 2402 1976
957 2 2 10 1 1650 2503 216
958 2 2 10 1 1097 1806 1805
959 2 2 10 1 446 2392 448
960 2 2 10 1 1720 2645 167
961 2 2 10 1 1159 1897 1895
962 2 2 10 1 1913 1914 1912
963 2 2 10 1 1845 2391 1846
964 2 2 10 1 721 2389 2167
965 2 2 10 1 1496 1519 1494
966 2 2 10 1 1543 2303 366
967 2 2 10 1 448 2084 450
968 2 2 10 1 2210 2214 2209
969 2 2 10 1 881 2703 2095
970 2 2 10 1 1606 1607 1604
971 2 2 10 1 1213 1635 1634
972 2 2 10 1 1984 2529 265
973 2 2 10 1 2362 2370 1798
974 2 2 10 1 41 2024 291
975 2 2 10 1 347 2024 42
976 2 2 10 1 2320 2628 1359
977 2 2 10 1 1574 2137 1579
978 2 2 10 1 1750 1794 1749
979 2 2 10 1 982 2337 1806
980 2 2 10 1 857 2406 1474
981 2 2 10 1 1511 1512 1305
982 2 2 10 1 1658 1861 1591
983 2 2 10 1 2265 2266 2247
984 2 2 10 1 989 1678 991
985 2 2 10 1 1029 1606 1031
986 2 2 10 1 2391 2395 1846
987 2 2 10 1 844 2435 1466
988 2 2 10 1 2004 2369 2003
989 2 2 10 1 1273 1486 1217
990 2 2 10 1 1579 2137 285
991 2 2 10 1 1228 1691 973
992 2 2 10 1 859 2385 2366
993 2 2 10 1 1784 2514 1782
994 2 2 10 1 2666 2733 358
995 2 2 10 1 1515 1516 584
996 2 2 10 1 416 1992 418
997 2 2 10 1 1749 1794 595
998 2 2 10 1 2205 2207 2206
999 2 2 10 1 1740 1968 1738
1000 2 2 10 1 1250 2259 1390
1001 2 2 10 1 2090 2693 2081
1002 2 2 10 1 298 2779 1682
1003 2 2 10 1 753 2590 927
1004 2 2 10 1 1958 1963 1780
1005 2 2 10 1 1227 1655 1654
1006 2 2 10 1 975 1691 1689
1007 2 2 10 1 265 2526 1984
1008 2 2 10 1 1252 2370 2362
1009 2 2 10 1 1359 2662 2320
1010 2 2 10 1 334 2031 214
1011 2 2 10 1 213 2031 270
1012 2 2 10 1 1187 1674 993
1013 2 2 10 1 1185 1602 1033
1014 2 2 10 1 1163 1514 855
1015 2 2 10 1 1463 2452 2007
1016 2 2 10 1 1370 2569 2563
1017 2 2 10 1 508 2206 510
1018 2 2 10 1 1181 1657 1656
1019 2 2 10 1 1845 2370 1252
1020 2 2 10 1 1192 2638 1702
1021 2 2 10 1 1893 2497 319
1022 2 2 10 1 2266 2270 2247
1023 2 2 10 1 1267 1514 1511
1024 2 2 10 1 1708 1988 1840
1025 2 2 10 1 978 1808 976
1026 2 2 10 1 2366 2385 1482
1027 2 2 10 1 1816 1972 1817
1028 2 2 10 1 1627 1632 1626
1029 2 2 10 1 1975 2390 863
1030 2 2 10 1 1802 1808 1803
1031 2 2 10 1 1475 2409 658
1032 2 2 10 1 2563 2569 313
1033 2 2 10 1 1976 2411 1430
1034 2 2 10 1 1852 2313 1807
1035 2 2 10 1 1913 2679 1773
1036 2 2 10 1 1230 1687 1686
1037 2 2 10 1 1640 1643 1638
1038 2 2 10 1 717 2198 1160
1039 2 2 10 1 1158 2198 715
1040 2 2 10 1 1097 1808 978
1041 2 2 10 1 1574 1575 346
1042 2 2 10 1 1841 1989 1842
1043 2 2 10 1 1300 1512 1511
1044 2 2 10 1 1975 2371 1375
1045 2 2 10 1 1885 2477 314
1046 2 2 10 1 1568 2572 2560
1047 2 2 10 1 1957 1964 828
1048 2 2 10 1 1227 1654 1653
1049 2 2 10 1 979 1686 981
1050 2 2 10 1 582 1487 410
1051 2 2 10 1 1670 2403 1671
1052 2 2 10 1 605 1972 1816
1053 2 2 10 1 596 1968 1740
1054 2 2 10 1 1541 1913 1912
1055 2 2 10 1 2299 2585 318
1056 2 2 10 1 2429 2500 2213
1057 2 2 10 1 1213 1634 1633
1058 2 2 10 1 1474 2418 857
1059 2 2 10 1 1780 1963 1775
1060 2 2 10 1 448 2392 2084
1061 2 2 10 1 2313 2422 1807
1062 2 2 10 1 1053 1656 1055
1063 2 2 10 1 1073 1639 1075
1064 2 2 10 1 2519 2742 303
1065 2 2 10 1 828 1964 477
1066 2 2 10 1 2301 2576 1345
1067 2 2 10 1 1295 2375 1936
1068 2 2 10 1 1588 2341 1587
1069 2 2 10 1 346 2137 1574
1070 2 2 10 1 825 1989 1841
1071 2 2 10 1 2205 2335 2210
1072 2 2 10 1 1895 1900 1159
1073 2 2 10 1 2026 2580 2298
1074 2 2 10 1 1521 1522 1238
1075 2 2 10 1 1143 2101 2100
1076 2 2 10 1 2193 2205 1176
1077 2 2 10 1 1443 2772 310
1078 2 2 10 1 995 1674 1672
1079 2 2 10 1 1788 2635 1987
1080 2 2 10 1 1035 1602 1600
1081 2 2 10 1 1482 2385 856
1082 2 2 10 1 1885 2341 1886
1083 2 2 10 1 1798 2334 1249
1084 2 2 10 1 2171 2198 2173
1085 2 2 10 1 1622 2742 2519
1086 2 2 10 1 1945 2547 1947
1087 2 2 10 1 1203 1641 1640
1088 2 2 10 1 1850 2249 1851
1089 2 2 10 1 1161 2249 988
1090 2 2 10 1 1735 1738 1737
1091 2 2 10 1 986 2249 1164
1092 2 2 10 1 1500 1992 1136
1093 2 2 10 1 38 1519 37
1094 2 2 10 1 1607 2707 1604
1095 2 2 10 1 2489 2535 464
1096 2 2 10 1 2390 2399 863
1097 2 2 10 1 1583 2331 880
1098 2 2 10 1 975 1689 977
1099 2 2 10 1 1211 1631 1630
1100 2 2 10 1 1577 2347 1575
1101 2 2 10 1 1795 1796 1794
1102 2 2 10 1 915 1539 1535
1103 2 2 10 1 1750 1795 1794
1104 2 2 10 1 2560 2572 1571
1105 2 2 10 1 291 2104 40
1106 2 2 10 1 39 2104 348
1107 2 2 10 1 2546 2565 1338
1108 2 2 10 1 637 2617 2584
1109 2 2 10 1 1781 1782 1106
1110 2 2 10 1 1513 2345 859
1111 2 2 10 1 840 2394 1936
1112 2 2 10 1 1077 1633 1079
1113 2 2 10 1 305 2691 1556
1114 2 2 10 1 1057 1653 1059
1115 2 2 10 1 2072 2074 583
1116 2 2 10 1 581 1992 1502
1117 2 2 10 1 1226 1683 983
1118 2 2 10 1 310 2771 1443
1119 2 2 10 1 348 1519 38
1120 2 2 10 1 1774 1963 828
1121 2 2 10 1 1069 1641 1071
1122 2 2 10 1 1727 1796 1728
1123 2 2 10 1 583 2091 2072
1124 2 2 10 1 1635 1637 1634
1125 2 2 10 1 658 2420 1475
1126 2 2 10 1 1227 1653 1057
1127 2 2 10 1 1504 1505 1503
1128 2 2 10 1 1459 2728 1554
1129 2 2 10 1 595 1995 1749
1130 2 2 10 1 829 1796 1727
1131 2 2 10 1 1772 1914 1773
1132 2 2 10 1 2088 2092 572
1133 2 2 10 1 1437 1553 1431
1134 2 2 10 1 1067 1644 1069
1135 2 2 10 1 1252 2391 1845
1136 2 2 10 1 1223 1606 1029
1137 2 2 10 1 216 2759 1650
1138 2 2 10 1 1459 2729 2728
1139 2 2 10 1 435 1995 595
1140 2 2 10 1 1528 2360 1255
1141 2 2 10 1 1511 1514 1163
1142 2 2 10 1 444 2091 583
1143 2 2 10 1 1920 2336 880
1144 2 2 10 1 1181 1861 1658
1145 2 2 10 1 1131 1914 1772
1146 2 2 10 1 1211 1630 1629
1147 2 2 10 1 1485 1486 1273
1148 2 2 10 1 1702 2658 1192
1149 2 2 10 1 840 2401 2394
1150 2 2 10 1 1491 2104 1479
1151 2 2 10 1 442 2091 444
1152 2 2 10 1 1877 2487 367
1153 2 2 10 1 1263 2369 2004
1154 2 2 10 1 865 2325 1517
1155 2 2 10 1 1069 1644 1641
1156 2 2 10 1 361 2608 1509
1157 2 2 10 1 1816 2012 605
1158 2 2 10 1 1968 1969 1738
1159 2 2 10 1 1841 2014 825
1160 2 2 10 1 985 1683 1224
1161 2 2 10 1 1740 2013 596
1162 2 2 10 1 995 1672 997
1163 2 2 10 1 1035 1600 1037
1164 2 2 10 1 1575 2347 346
1165 2 2 10 1 2151 2152 2147
1166 2 2 10 1 1707 1988 1708
1167 2 2 10 1 605 2012 517
1168 2 2 10 1 825 2014 421
1169 2 2 10 1 596 2013 453
1170 2 2 10 1 915 1559 1539
1171 2 2 10 1 1181 1656 1053
1172 2 2 10 1 2245 2361 897
1173 2 2 10 1 440 2349 442
1174 2 2 10 1 1203 1639 1073
1175 2 2 10 1 856 2396 1482
1176 2 2 10 1 1230 1686 979
1177 2 2 10 1 1133 2016 1555
1178 2 2 10 1 1136 2310 1498
1179 2 2 10 1 1928 2377 1925
1180 2 2 10 1 1524 1858 866
1181 2 2 10 1 414 2310 1136
1182 2 2 10 1 1518 2304 359
1183 2 2 10 1 1922 2005 1886
1184 2 2 10 1 830 1988 1707
1185 2 2 10 1 204 2582 1599
1186 2 2 10 1 1213 1633 1077
1187 2 2 10 1 1176 2204 2193
1188 2 2 10 1 1591 2651 343
1189 2 2 10 1 1457 2386 1421
1190 2 2 10 1 264 1762 1761
1191 2 2 10 1 2257 2494 2350
1192 2 2 10 1 1108 2634 1476
1193 2 2 10 1 1949 2531 1020
1194 2 2 10 1 9 2551 1522
1195 2 2 10 1 2244 2348 2247
1196 2 2 10 1 828 1963 1957
1197 2 2 10 1 477 1964 475
1198 2 2 10 1 991 1678 1187
1199 2 2 10 1 1031 1606 1185
1200 2 2 10 1 1473 2536 335
1201 2 2 10 1 1615 1616 1611
1202 2 2 10 1 2193 2204 2191
1203 2 2 10 1 1222 1646 1645
1204 2 2 10 1 1701 1919 1918
1205 2 2 10 1 1527 2329 651
1206 2 2 10 1 1631 1636 1630
1207 2 2 10 1 1136 1992 416
1208 2 2 10 1 418 1992 581
1209 2 2 10 1 1568 2560 2532
1210 2 2 10 1 1899 2299 1898
1211 2 2 10 1 2514 2710 1782
1212 2 2 10 1 1525 1560 1133
1213 2 2 10 1 139 2586 1908
1214 2 2 10 1 1944 2723 1099
1215 2 2 10 1 1081 1629 1083
1216 2 2 10 1 1071 1641 1203
1217 2 2 10 1 328 2509 1642
1218 2 2 10 1 1222 1644 1067
1219 2 2 10 1 1557 1856 1558
1220 2 2 10 1 827 2248 2047
1221 2 2 10 1 2168 2354 911
1222 2 2 10 1 880 2331 788
1223 2 2 10 1 1059 1653 1651
1224 2 2 10 1 1867 1972 1971
1225 2 2 10 1 1665 2319 1210
1226 2 2 10 1 1375 2371 2353
1227 2 2 10 1 2001 2004 2003
1228 2 2 10 1 2191 2204 571
1229 2 2 10 1 965 1717 1183
1230 2 2 10 1 1375 2390 1975
1231 2 2 10 1 866 1894 1524
1232 2 2 10 1 442 2349 2091
1233 2 2 10 1 1395 1998 1980
1234 2 2 10 1 1133 1555 1525
1235 2 2 10 1 1549 2159 1148
1236 2 2 10 1 2301 2588 362
1237 2 2 10 1 1144 2199 1767
1238 2 2 10 1 1272 1529 1273
1239 2 2 10 1 2149 2150 2148
1240 2 2 10 1 981 1686 1226
1241 2 2 10 1 1176 2206 508
1242 2 2 10 1 510 2206 569
1243 2 2 10 1 1514 2248 855
1244 2 2 10 1 1222 1645 1644
1245 2 2 10 1 475 2333 473
1246 2 2 10 1 1477 2024 1470
1247 2 2 10 1 1182 1597 1596
1248 2 2 10 1 1193 1669 1668
1249 2 2 10 1 1785 2294 1787
1250 2 2 10 1 869 1547 635
1251 2 2 10 1 1599 2620 204
1252 2 2 10 1 1211 1629 1081
1253 2 2 10 1 1529 2039 1484
1254 2 2 10 1 1464 2688 317
1255 2 2 10 1 1023 1932 1220
1256 2 2 10 1 805 1559 816
1257 2 2 10 1 1509 2373 361
1258 2 2 10 1 2047 2248 1514
1259 2 2 10 1 1529 1547 869
1260 2 2 10 1 1224 1683 1682
1261 2 2 10 1 2584 2617 1465
1262 2 2 10 1 577 2414 452
1263 2 2 10 1 2652 2653 2267
1264 2 2 10 1 1193 1670 1669
1265 2 2 10 1 864 2015 1542
1266 2 2 10 1 1182 1598 1597
1267 2 2 10 1 869 2039 1529
1268 2 2 10 1 2188 2191 571
1269 2 2 10 1 1075 1639 1213
1270 2 2 10 1 1234 1856 1557
1271 2 2 10 1 1779 2022 1983
1272 2 2 10 1 1059 1651 1061
1273 2 2 10 1 1055 1656 1227
1274 2 2 10 1 574 2189 2180
1275 2 2 10 1 27 1585 26
1276 2 2 10 1 494 2189 574
1277 2 2 10 1 335 2533 1473
1278 2 2 10 1 1797 2334 1798
1279 2 2 10 1 1945 2714 2547
1280 2 2 10 1 1604 1605 1603
1281 2 2 10 1 1676 1677 1675
1282 2 2 10 1 1891 1893 1875
1283 2 2 10 1 1908 2618 139
1284 2 2 10 1 1095 2615 2547
1285 2 2 10 1 1272 1547 1529
1286 2 2 10 1 562 2407 2309
1287 2 2 10 1 1716 1718 1717
1288 2 2 10 1 977 1689 1230
1289 2 2 10 1 1936 2375 646
1290 2 2 10 1 1228 1692 1691
1291 2 2 10 1 1945 1946 1944
1292 2 2 10 1 1701 1918 1700
1293 2 2 10 1 571 2197 2188
1294 2 2 10 1 1700 1918 399
1295 2 2 10 1 437 1995 435
1296 2 2 10 1 1717 1718 1183
1297 2 2 10 1 1932 1933 1220
1298 2 2 10 1 915 2340 876
1299 2 2 10 1 2353 2371 865
1300 2 2 10 1 859 2366 1513
1301 2 2 10 1 1736 1860 1859
1302 2 2 10 1 1113 2652 2267
1303 2 2 10 1 616 2365 2008
1304 2 2 10 1 1936 2394 1295
1305 2 2 10 1 971 2393 1228
1306 2 2 10 1 880 2336 1583
1307 2 2 10 1 2357 2375 1295
1308 2 2 10 1 853 2279 1980
1309 2 2 10 1 562 2270 2266
1310 2 2 10 1 1707 2020 830
1311 2 2 10 1 1772 2019 1131
1312 2 2 10 1 1727 2021 829
1313 2 2 10 1 1917 2530 2305
1314 2 2 10 1 1764 2520 1762
1315 2 2 10 1 1079 1633 1211
1316 2 2 10 1 380 1900 382
1317 2 2 10 1 1512 2554 2302
1318 2 2 10 1 2324 2345 1513
1319 2 2 10 1 1249 2362 1798
1320 2 2 10 1 1269 2018 1259
1321 2 2 10 1 1658 1659 1657
1322 2 2 10 1 1027 2380 1223
1323 2 2 10 1 1212 1626 1625
1324 2 2 10 1 2186 2197 1171
1325 2 2 10 1 937 2199 1144
1326 2 2 10 1 1148 2159 945
1327 2 2 10 1 2247 2348 2265
1328 2 2 10 1 1265 1887 1173
1329 2 2 10 1 1931 1933 1932
1330 2 2 10 1 710 2371 1975
1331 2 2 10 1 2184 2186 1171
1332 2 2 10 1 2281 2758 2213
1333 2 2 10 1 2188 2197 2186
1334 2 2 10 1 1190 1648 1647
1335 2 2 10 1 1547 1993 635
1336 2 2 10 1 1979 2030 1943
1337 2 2 10 1 517 2012 515
1338 2 2 10 1 2066 2068 580
1339 2 2 10 1 26 1585 286
1340 2 2 10 1 453 2013 451
1341 2 2 10 1 421 2014 419
1342 2 2 10 1 815 1792 803
1343 2 2 10 1 269 2565 2546
1344 2 2 10 1 1998 2252 862
1345 2 2 10 1 2552 2555 2119
1346 2 2 10 1 1190 1649 1648
1347 2 2 10 1 1212 1627 1626
1348 2 2 10 1 1964 2333 475
1349 2 2 10 1 1233 1882 1881
1350 2 2 10 1 1557 2025 1234
1351 2 2 10 1 1265 1888 1887
1352 2 2 10 1 1714 1990 1427
1353 2 2 10 1 439 2308 437
1354 2 2 10 1 862 2273 2015
1355 2 2 10 1 1205 2549 1516
1356 2 2 10 1 816 1559 915
1357 2 2 10 1 76 2567 2538
1358 2 2 10 1 1730 1859 1729
1359 2 2 10 1 1226 1686 1685
1360 2 2 10 1 1171 2196 2184
1361 2 2 10 1 1522 2680 9
1362 2 2 10 1 1184 2584 1465
1363 2 2 10 1 1187 1678 1676
1364 2 2 10 1 1185 1606 1604
1365 2 2 10 1 610 1906 549
1366 2 2 10 1 1460 1488 1487
1367 2 2 10 1 1966 2035 1804
1368 2 2 10 1 1971 2037 1867
1369 2 2 10 1 853 2345 2324
1370 2 2 10 1 612 1830 537
1371 2 2 10 1 963 1717 965
1372 2 2 10 1 1871 1878 1870
1373 2 2 10 1 333 2508 1679
1374 2 2 10 1 1193 1668 999
1375 2 2 10 1 1182 1596 1039
1376 2 2 10 1 1517 2353 865
1377 2 2 10 1 1921 2005 1922
1378 2 2 10 1 1190 1647 1063
1379 2 2 10 1 1824 1863 1862
1380 2 2 10 1 1233 1881 1880
1381 2 2 10 1 1212 1625 1085
1382 2 2 10 1 606 1853 501
1383 2 2 10 1 490 2359 492
1384 2 2 10 1 2001 2003 2002
1385 2 2 10 1 1820 1890 1889
1386 2 2 10 1 803 1792 801
1387 2 2 10 1 606 2313 1853
1388 2 2 10 1 997 1672 1193
1389 2 2 10 1 1037 1600 1182
1390 2 2 10 1 286 1585 1580
1391 2 2 10 1 1546 2023 827
1392 2 2 10 1 1894 1900 1895
1393 2 2 10 1 1938 1962 1941
1394 2 2 10 1 597 1952 1951
1395 2 2 10 1 2165 2169 2168
1396 2 2 10 1 1617 1618 1152
1397 2 2 10 1 859 2345 730
1398 2 2 10 1 1517 2325 2272
1399 2 2 10 1 1703 1705 1699
1400 2 2 10 1 1810 1812 1809
1401 2 2 10 1 1768 1770 1759
1402 2 2 10 1 583 2392 446
1403 2 2 10 1 612 1831 1830
1404 2 2 10 1 1467 2464 292
1405 2 2 10 1 1278 1819 1818
1406 2 2 10 1 1736 1859 1730
1407 2 2 10 1 651 2375 2357
1408 2 2 10 1 1525 2160 1560
1409 2 2 10 1 866 1900 1894
1410 2 2 10 1 515 2306 513
1411 2 2 10 1 419 2307 417
1412 2 2 10 1 451 2297 449
1413 2 2 10 1 2272 2325 864
1414 2 2 10 1 2182 2196 574
1415 2 2 10 1 1159 1900 380
1416 2 2 10 1 783 2425 1504
1417 2 2 10 1 651 2329 642
1418 2 2 10 1 201 2541 1605
1419 2 2 10 1 1543 2603 2303
1420 2 2 10 1 1878 1879 1870
1421 2 2 10 1 2184 2196 2182
1422 2 2 10 1 714 2325 865
1423 2 2 10 1 436 2102 438
1424 2 2 10 1 399 2036 1700
1425 2 2 10 1 1580 1586 286
1426 2 2 10 1 1909 2018 1545
1427 2 2 10 1 330 2552 2119
1428 2 2 10 1 180 2774 1677
1429 2 2 10 1 580 2102 2066
1430 2 2 10 1 827 2047 1546
1431 2 2 10 1 1249 2334 2321
1432 2 2 10 1 2180 2182 574
1433 2 2 10 1 1210 2319 1009
1434 2 2 10 1 1063 1647 1065
1435 2 2 10 1 806 1559 805
1436 2 2 10 1 1584 1586 1581
1437 2 2 10 1 492 2189 494
1438 2 2 10 1 853 2324 2279
1439 2 2 10 1 1230 1689 1688
1440 2 2 10 1 836 2045 1996
1441 2 2 10 1 1846 1906 610
1442 2 2 10 1 611 1903 1902
1443 2 2 10 1 1223 1607 1606
1444 2 2 10 1 1560 2160 1561
1445 2 2 10 1 2561 2566 282
1446 2 2 10 1 611 1902 543
1447 2 2 10 1 1983 2022 485
1448 2 2 10 1 1021 1932 1023
1449 2 2 10 1 1858 2200 1857
1450 2 2 10 1 597 1951 1950
1451 2 2 10 1 1591 2575 1658
1452 2 2 10 1 1524 2200 1858
1453 2 2 10 1 382 1900 866
1454 2 2 10 1 1806 1807 1805
1455 2 2 10 1 1213 1639 1635
1456 2 2 10 1 1313 1894 1434
1457 2 2 10 1 1083 1629 1212
1458 2 2 10 1 1234 2025 914
1459 2 2 10 1 2023 2201 634
1460 2 2 10 1 1980 1998 724
1461 2 2 10 1 1259 2018 1991
1462 2 2 10 1 1641 1642 1640
1463 2 2 10 1 438 2102 580
1464 2 2 10 1 1128 2017 1872
1465 2 2 10 1 813 1561 867
1466 2 2 10 1 1937 1950 1940
1467 2 2 10 1 1962 2675 1102
1468 2 2 10 1 535 1830 1829
1469 2 2 10 1 564 2002 585
1470 2 2 10 1 1001 1668 1666
1471 2 2 10 1 1923 1929 1926
1472 2 2 10 1 1041 1596 1594
1473 2 2 10 1 2275 2765 2764
1474 2 2 10 1 437 2308 1995
1475 2 2 10 1 2214 2643 2209
1476 2 2 10 1 1958 2702 1959
1477 2 2 10 1 866 1858 384
1478 2 2 10 1 2321 2334 1791
1479 2 2 10 1 1869 1871 1870
1480 2 2 10 1 1875 2017 1891
1481 2 2 10 1 1585 2347 1577
1482 2 2 10 1 1227 1656 1655
1483 2 2 10 1 1111 2653 2649
1484 2 2 10 1 1792 2291 1791
1485 2 2 10 1 1535 2340 915
1486 2 2 10 1 585 2002 1242
1487 2 2 10 1 547 1906 1905
1488 2 2 10 1 1260 2016 1114
1489 2 2 10 1 2315 2327 882
1490 2 2 10 1 1823 1827 1826
1491 2 2 10 1 1695 1703 1699
1492 2 2 10 1 1960 1962 1940
1493 2 2 10 1 1800 1810 1809
1494 2 2 10 1 505 2035 1966
1495 2 2 10 1 521 2037 1971
1496 2 2 10 1 1753 1768 1759
1497 2 2 10 1 1591 1861 1244
1498 2 2 10 1 1041 1594 1043
1499 2 2 10 1 501 1853 499
1500 2 2 10 1 1085 1625 1087
1501 2 2 10 1 1824 1862 822
1502 2 2 10 1 2344 2686 2330
1503 2 2 10 1 1867 2317 1972
1504 2 2 10 1 1001 1666 1003
1505 2 2 10 1 535 1829 533
1506 2 2 10 1 961 1715 963
1507 2 2 10 1 1571 1868 883
1508 2 2 10 1 1980 2279 1395
1509 2 2 10 1 1233 1880 899
1510 2 2 10 1 1545 2018 1269
1511 2 2 10 1 1820 1889 1174
1512 2 2 10 1 879 2005 1921
1513 2 2 10 1 1241 1592 1589
1514 2 2 10 1 1278 1818 1236
1515 2 2 10 1 593 1722 1721
1516 2 2 10 1 599 1775 1774
1517 2 2 10 1 1218 1612 1609
1518 2 2 10 1 595 1794 1793
1519 2 2 10 1 592 1730 1729
1520 2 2 10 1 589 1834 1833
1521 2 2 10 1 824 1742 1741
1522 2 2 10 1 826 1848 1847
1523 2 2 10 1 1202 1661 1660
1524 2 2 10 1 463 2030 1979
1525 2 2 10 1 1709 1710 1186
1526 2 2 10 1 1228 2393 1693
1527 2 2 10 1 594 1703 1694
1528 2 2 10 1 801 1792 1790
1529 2 2 10 1 602 1827 1822
1530 2 2 10 1 607 1810 1799
1531 2 2 10 1 1138 1768 1752
1532 2 2 10 1 547 1905 545
1533 2 2 10 1 1584 1587 1586
1534 2 2 10 1 1149 2027 1999
1535 2 2 10 1 651 2357 1527
1536 2 2 10 1 1061 1651 1190
1537 2 2 10 1 1869 1870 1243
1538 2 2 10 1 1735 1740 1738
1539 2 2 10 1 829 2021 429
1540 2 2 10 1 830 2020 411
1541 2 2 10 1 1254 1854 1518
1542 2 2 10 1 1345 1855 1240
1543 2 2 10 1 1131 2019 920
1544 2 2 10 1 1950 1951 1940
1545 2 2 10 1 1524 1894 1313
1546 2 2 10 1 2026 2585 1314
1547 2 2 10 1 1542 2272 864
1548 2 2 10 1 1851 1987 1848
1549 2 2 10 1 1223 2380 1608
1550 2 2 10 1 1582 2331 1583
1551 2 2 10 1 1725 1989 1722
1552 2 2 10 1 1840 1988 1834
1553 2 2 10 1 718 2015 864
1554 2 2 10 1 537 1830 535
1555 2 2 10 1 1598 1599 1597
1556 2 2 10 1 860 2038 1146
1557 2 2 10 1 1940 1962 1938
1558 2 2 10 1 999 1668 1001
1559 2 2 10 1 1039 1596 1041
1560 2 2 10 1 1173 1887 1233
1561 2 2 10 1 618 2662 2564
1562 2 2 10 1 1589 1592 1590
1563 2 2 10 1 1609 1612 1610
1564 2 2 10 1 1951 1960 1940
1565 2 2 10 1 1709 1713 1710
1566 2 2 10 1 1822 1827 1823
1567 2 2 10 1 1134 1869 1243
1568 2 2 10 1 1582 2327 2315
1569 2 2 10 1 1694 1703 1695
1570 2 2 10 1 2015 2273 1542
1571 2 2 10 1 1848 1987 1847
1572 2 2 10 1 1722 1989 1721
1573 2 2 10 1 1866 2317 1867
1574 2 2 10 1 1799 1810 1800
1575 2 2 10 1 1834 1988 1833
1576 2 2 10 1 2252 2273 862
1577 2 2 10 1 1752 1768 1753
1578 2 2 10 1 1596 1597 1595
1579 2 2 10 1 2296 2329 1527
1580 2 2 10 1 386 1858 1857
1581 2 2 10 1 549 1906 547
1582 2 2 10 1 1668 1669 1667
1583 2 2 10 1 1673 2403 1670
1584 2 2 10 1 1502 1992 1500
1585 2 2 10 1 2008 2365 2106
1586 2 2 10 1 1879 2358 1870
1587 2 2 10 1 1715 1717 963
1588 2 2 10 1 1395 2252 1998
1589 2 2 10 1 2026 2762 2585
1590 2 2 10 1 883 1868 778
1591 2 2 10 1 594 1694 407
1592 2 2 10 1 899 1880 798
1593 2 2 10 1 1125 1912 1911
1594 2 2 10 1 882 1569 782
1595 2 2 10 1 836 1996 624
1596 2 2 10 1 824 1741 443
1597 2 2 10 1 592 1729 447
1598 2 2 10 1 613 1797 557
1599 2 2 10 1 602 1822 531
1600 2 2 10 1 823 1844 553
1601 2 2 10 1 607 1799 511
1602 2 2 10 1 1241 1589 1045
1603 2 2 10 1 822 1862 527
1604 2 2 10 1 593 1721 425
1605 2 2 10 1 589 1833 415
1606 2 2 10 1 603 1970 459
1607 2 2 10 1 595 1793 433
1608 2 2 10 1 599 1774 481
1609 2 2 10 1 1138 1752 926
1610 2 2 10 1 2092 2093 1150
1611 2 2 10 1 826 1847 497
1612 2 2 10 1 879 1921 794
1613 2 2 10 1 1218 1609 1089
1614 2 2 10 1 1883 2005 1881
1615 2 2 10 1 959 1709 1186
1616 2 2 10 1 469 1950 1937
1617 2 2 10 1 1202 1660 1005
1618 2 2 10 1 1244 1861 1049
1619 2 2 10 1 801 1790 561
1620 2 2 10 1 635 1993 632
1621 2 2 10 1 1015 1929 1923
1622 2 2 10 1 1174 1889 904
1623 2 2 10 1 1427 1990 1214
1624 2 2 10 1 1785 2718 2294
1625 2 2 10 1 1211 1633 1631
1626 2 2 10 1 1510 2016 1260
1627 2 2 10 1 882 2040 1569
1628 2 2 10 1 1421 2386 1419
1629 2 2 10 1 810 1561 813
1630 2 2 10 1 1860 1915 1742
1631 2 2 10 1 1999 2027 1245
1632 2 2 10 1 2315 2331 1582
1633 2 2 10 1 1019 1930 1021
1634 2 2 10 1 1594 1596 1595
1635 2 2 10 1 1666 1668 1667
1636 2 2 10 1 1886 2005 1883
1637 2 2 10 1 2012 2306 515
1638 2 2 10 1 2266 2407 562
1639 2 2 10 1 1463 2342 1462
1640 2 2 10 1 1214 1990 953
1641 2 2 10 1 2014 2307 419
1642 2 2 10 1 2013 2297 451
1643 2 2 10 1 1315 1910 1206
1644 2 2 10 1 1125 1911 877
1645 2 2 10 1 1649 1650 1648
1646 2 2 10 1 836 2329 2296
1647 2 2 10 1 1546 2201 2023
1648 2 2 10 1 1416 1973 1216
1649 2 2 10 1 1581 1586 1580
1650 2 2 10 1 1907 1908 1315
1651 2 2 10 1 609 2452 2004
1652 2 2 10 1 1236 1818 901
1653 2 2 10 1 1719 1997 1183
1654 2 2 10 1 2055 2058 2056
1655 2 2 10 1 1460 1489 1488
1656 2 2 10 1 580 2349 440
1657 2 2 10 1 2002 2003 1242
1658 2 2 10 1 821 1986 619
1659 2 2 10 1 1743 1744 600
1660 2 2 10 1 436 2202 2102
1661 2 2 10 1 1952 1953 1951
1662 2 2 10 1 1718 1719 1183
1663 2 2 10 1 1683 1684 1682
1664 2 2 10 1 570 2318 2240
1665 2 2 10 1 1918 1919 617
1666 2 2 10 1 1923 1924 1201
1667 2 2 10 1 1937 1938 598
1668 2 2 10 1 1967 1968 596
1669 2 2 10 1 1971 1972 605
1670 2 2 10 1 1228 1693 1692
1671 2 2 10 1 386 1857 388
1672 2 2 10 1 384 1858 386
1673 2 2 10 1 400 2036 399
1674 2 2 10 1 2205 2206 1176
1675 2 2 10 1 2010 2042 2009
1676 2 2 10 1 908 2017 1128
1677 2 2 10 1 1781 1783 1782
1678 2 2 10 1 2555 2557 281
1679 2 2 10 1 1729 1859 824
1680 2 2 10 1 2298 2762 2026
1681 2 2 10 1 1872 2017 1875
1682 2 2 10 1 1216 1973 1145
1683 2 2 10 1 1180 1907 1315
1684 2 2 10 1 2174 2176 579
1685 2 2 10 1 1327 2566 2561
1686 2 2 10 1 1233 1887 1882
1687 2 2 10 1 492 2359 2189
1688 2 2 10 1 1882 1883 1881
1689 2 2 10 1 1741 1743 600
1690 2 2 10 1 1894 1895 1434
1691 2 2 10 1 1793 1796 829
1692 2 2 10 1 264 1763 1762
1693 2 2 10 1 619 1986 614
1694 2 2 10 1 1267 2047 1514
1695 2 2 10 1 397 1918 617
1696 2 2 10 1 790 1920 880
1697 2 2 10 1 467 1937 598
1698 2 2 10 1 455 1967 596
1699 2 2 10 1 519 1971 605
1700 2 2 10 1 503 1966 606
1701 2 2 10 1 684 1978 842
1702 2 2 10 1 1017 1923 1201
1703 2 2 10 1 690 1935 841
1704 2 2 10 1 770 1965 884
1705 2 2 10 1 708 1975 863
1706 2 2 10 1 461 1979 603
1707 2 2 10 1 1283 1984 1411
1708 2 2 10 1 1293 1982 1369
1709 2 2 10 1 1240 1855 1232
1710 2 2 10 1 1167 1854 1254
1711 2 2 10 1 1465 2732 1184
1712 2 2 10 1 594 2020 1704
1713 2 2 10 1 599 2022 1776
1714 2 2 10 1 593 2021 1723
1715 2 2 10 1 1930 1932 1021
1716 2 2 10 1 579 2195 2174
1717 2 2 10 1 1138 2019 1769
1718 2 2 10 1 612 1832 1831
1719 2 2 10 1 590 2009 615
1720 2 2 10 1 1066 2639 2537
1721 2 2 10 1 1183 1997 967
1722 2 2 10 1 543 1902 541
1723 2 2 10 1 1065 1647 1222
1724 2 2 10 1 2158 2443 2169
1725 2 2 10 1 1314 2006 376
1726 2 2 10 1 1198 1917 1300
1727 2 2 10 1 612 1901 1832
1728 2 2 10 1 1945 1947 1946
1729 2 2 10 1 1686 1687 1685
1730 2 2 10 1 2052 2058 2055
1731 2 2 10 1 1678 1679 1676
1732 2 2 10 1 1505 1506 1503
1733 2 2 10 1 2052 2055 2051
1734 2 2 10 1 1704 2020 1707
1735 2 2 10 1 1769 2019 1772
1736 2 2 10 1 1776 2022 1779
1737 2 2 10 1 1723 2021 1727
1738 2 2 10 1 582 2729 1459
1739 2 2 10 1 1222 1647 1646
1740 2 2 10 1 1743 1745 1744
1741 2 2 10 1 1146 2038 1272
1742 2 2 10 1 1718 1720 1719
1743 2 2 10 1 611 1904 1903
1744 2 2 10 1 1107 2599 2071
1745 2 2 10 1 1846 2412 1906
1746 2 2 10 1 613 2334 1797
1747 2 2 10 1 909 1869 1134
1748 2 2 10 1 1911 1914 1131
1749 2 2 10 1 334 2770 1652
1750 2 2 10 1 1966 2422 606
1751 2 2 10 1 1882 1884 1883
1752 2 2 10 1 2141 2709 307
1753 2 2 10 1 1223 1608 1607
1754 2 2 10 1 2143 2316 935
1755 2 2 10 1 586 2002 564
1756 2 2 10 1 1133 1560 848
1757 2 2 10 1 914 2025 872
1758 2 2 10 1 2291 2321 1791
1759 2 2 10 1 1476 2704 1108
1760 2 2 10 1 1114 2016 893
1761 2 2 10 1 630 2023 634
1762 2 2 10 1 1742 1915 1743
1763 2 2 10 1 1152 2773 1616
1764 2 2 10 1 1710 1712 1711
1765 2 2 10 1 1859 1860 1742
1766 2 2 10 1 1731 1732 1730
1767 2 2 10 1 1723 1724 1722
1768 2 2 10 1 2060 2061 1119
1769 2 2 10 1 1662 1663 1661
1770 2 2 10 1 1776 1777 1775
1771 2 2 10 1 1835 1836 1834
1772 2 2 10 1 1849 1850 1848
1773 2 2 10 1 2267 2653 1111
1774 2 2 10 1 1704 1705 1703
1775 2 2 10 1 593 1723 1722
1776 2 2 10 1 592 1731 1730
1777 2 2 10 1 824 1859 1742
1778 2 2 10 1 1811 1812 1810
1779 2 2 10 1 826 1849 1848
1780 2 2 10 1 599 1776 1775
1781 2 2 10 1 589 1835 1834
1782 2 2 10 1 1769 1770 1768
1783 2 2 10 1 1710 1711 1186
1784 2 2 10 1 1202 1662 1661
1785 2 2 10 1 1742 1743 1741
1786 2 2 10 1 1218 1613 1612
1787 2 2 10 1 1794 1796 1793
1788 2 2 10 1 1241 1593 1592
1789 2 2 10 1 2080 2414 577
1790 2 2 10 1 1689 1690 1688
1791 2 2 10 1 602 1828 1827
1792 2 2 10 1 594 1704 1703
1793 2 2 10 1 788 2331 786
1794 2 2 10 1 607 1811 1810
1795 2 2 10 1 1259 1991 1120
1796 2 2 10 1 1953 1961 1960
1797 2 2 10 1 945 2159 947
1798 2 2 10 1 1138 1769 1768
1799 2 2 10 1 1938 1941 1939
1800 2 2 10 1 1126 1991 1208
1801 2 2 10 1 933 2199 937
1802 2 2 10 1 1219 1990 1714
1803 2 2 10 1 591 2007 609
1804 2 2 10 1 473 2333 597
1805 2 2 10 1 1895 1896 1434
1806 2 2 10 1 912 1198 1163
1807 2 2 10 1 624 1996 623
1808 2 2 10 1 1198 1300 1163
1809 2 2 10 1 541 1902 1901
1810 2 2 10 1 912 1163 855
1811 2 2 10 1 2225 2228 2227
1812 2 2 10 1 832 1996 1235
1813 2 2 10 1 2097 2535 2489
1814 2 2 10 1 837 912 855
1815 2 2 10 1 1137 1257 1256
1816 2 2 10 1 1733 1739 1732
1817 2 2 10 1 1855 1856 1234
1818 2 2 10 1 2093 2095 2094
1819 2 2 10 1 1778 1789 1777
1820 2 2 10 1 1376 1509 1260
1821 2 2 10 1 1235 1236 901
1822 2 2 10 1 1398 1443 1253
1823 2 2 10 1 860 1145 861
1824 2 2 10 1 1215 1253 1214
1825 2 2 10 1 1753 1755 1754
1826 2 2 10 1 1275 1425 1278
1827 2 2 10 1 805 816 815
1828 2 2 10 1 1800 1802 1801
1829 2 2 10 1 1695 1697 1696
1830 2 2 10 1 1941 1949 1942
1831 2 2 10 1 804 805 803
1832 2 2 10 1 623 832 821
1833 2 2 10 1 1912 1914 1911
1834 2 2 10 1 1617 1620 1619
1835 2 2 10 1 1217 1352 1216
1836 2 2 10 1 1145 1973 1147
1837 2 2 10 1 1188 1265 1173
1838 2 2 10 1 1570 1572 1571
1839 2 2 10 1 434 2202 436
1840 2 2 10 1 1573 1574 1572
1841 2 2 10 1 816 876 817
1842 2 2 10 1 1880 1881 879
1843 2 2 10 1 620 623 619
1844 2 2 10 1 1237 1275 1236
1845 2 2 10 1 1823 1825 1824
1846 2 2 10 1 1819 1821 1820
1847 2 2 10 1 1863 1865 1864
1848 2 2 10 1 900 1173 899
1849 2 2 10 1 832 901 833
1850 2 2 10 1 2165 2167 2164
1851 2 2 10 1 1146 1216 1145
1852 2 2 10 1 1197 1376 1260
1853 2 2 10 1 1844 1845 610
1854 2 2 10 1 1822 1823 822
1855 2 2 10 1 1862 1863 608
1856 2 2 10 1 1921 1922 1920
1857 2 2 10 1 1797 1798 823
1858 2 2 10 1 1889 1890 1162
1859 2 2 10 1 1180 1315 1206
1860 2 2 10 1 1790 1791 613
1861 2 2 10 1 1126 1180 1127
1862 2 2 10 1 876 1125 877
1863 2 2 10 1 1587 2124 1586
1864 2 2 10 1 1194 1238 1196
1865 2 2 10 1 1219 1713 1709
1866 2 2 10 1 1208 1907 1180
1867 2 2 10 1 1569 1570 883
1868 2 2 10 1 1232 1855 1234
1869 2 2 10 1 1694 1695 835
1870 2 2 10 1 1818 1819 1174
1871 2 2 10 1 802 803 801
1872 2 2 10 1 1799 1800 831
1873 2 2 10 1 818 860 819
1874 2 2 10 1 837 855 625
1875 2 2 10 1 1890 1892 1891
1876 2 2 10 1 1243 1854 1167
1877 2 2 10 1 1755 1760 1756
1878 2 2 10 1 1609 1610 1221
1879 2 2 10 1 1752 1753 934
1880 2 2 10 1 636 869 635
1881 2 2 10 1 1589 1590 1244
1882 2 2 10 1 952 1214 953
1883 2 2 10 1 848 1560 811
1884 2 2 10 1 1193 1672 1670
1885 2 2 10 1 1137 1256 1120
1886 2 2 10 1 1939 2030 598
1887 2 2 10 1 1182 1600 1598
1888 2 2 10 1 2240 2318 2232
1889 2 2 10 1 1847 1987 604
1890 2 2 10 1 2055 2056 2054
1891 2 2 10 1 1617 1619 1618
1892 2 2 10 1 1721 1989 825
1893 2 2 10 1 1833 1988 830
1894 2 2 10 1 615 619 614
1895 2 2 10 1 1656 1657 1655
1896 2 2 10 1 2145 2147 2146
1897 2 2 10 1 1128 1871 1869
1898 2 2 10 1 2162 2164 2163
1899 2 2 10 1 1312 1917 1198
1900 2 2 10 1 1412 1464 1257
1901 2 2 10 1 1873 1878 1871
1902 2 2 10 1 812 2292 2046
1903 2 2 10 1 1254 1518 1337
1904 2 2 10 1 1305 1345 1240
1905 2 2 10 1 1197 1260 1114
1906 2 2 10 1 893 1133 848
1907 2 2 10 1 1134 1243 1167
1908 2 2 10 1 1232 1234 914
1909 2 2 10 1 621 837 625
1910 2 2 10 1 2207 2209 2208
1911 2 2 10 1 2216 2218 2217
1912 2 2 10 1 806 2046 1559
1913 2 2 10 1 1952 1954 1953
1914 2 2 10 1 2221 2223 2222
1915 2 2 10 1 1489 1490 1488
1916 2 2 10 1 2236 2238 2237
1917 2 2 10 1 1893 2490 1875
1918 2 2 10 1 2243 2245 2244
1919 2 2 10 1 2228 2230 2229
1920 2 2 10 1 2032 2159 1399
1921 2 2 10 1 2062 2063 2061
1922 2 2 10 1 1953 1960 1951
1923 2 2 10 1 1937 1940 1938
1924 2 2 10 1 1923 1926 1924
1925 2 2 10 1 1938 1939 598
1926 2 2 10 1 1943 2030 1939
1927 2 2 10 1 867 1137 1120
1928 2 2 10 1 1924 1925 1201
1929 2 2 10 1 847 1126 846
1930 2 2 10 1 1620 1622 1621
1931 2 2 10 1 616 2008 2007
1932 2 2 10 1 1757 2199 2033
1933 2 2 10 1 640 836 624
1934 2 2 10 1 1698 1702 1701
1935 2 2 10 1 2093 2094 1150
1936 2 2 10 1 1958 1959 1956
1937 2 2 10 1 1424 1445 1266
1938 2 2 10 1 1842 1843 1839
1939 2 2 10 1 790 880 788
1940 2 2 10 1 1406 1448 1393
1941 2 2 10 1 752 850 750
1942 2 2 10 1 700 854 698
1943 2 2 10 1 766 858 764
1944 2 2 10 1 714 865 712
1945 2 2 10 1 913 1194 898
1946 2 2 10 1 728 853 726
1947 2 2 10 1 780 883 778
1948 2 2 10 1 686 1978 684
1949 2 2 10 1 742 875 740
1950 2 2 10 1 902 1174 904
1951 2 2 10 1 676 838 674
1952 2 2 10 1 690 841 688
1953 2 2 10 1 756 885 754
1954 2 2 10 1 704 857 702
1955 2 2 10 1 1279 1426 1276
1956 2 2 10 1 776 878 774
1957 2 2 10 1 718 864 716
1958 2 2 10 1 1310 1357 1308
1959 2 2 10 1 770 884 768
1960 2 2 10 1 732 859 730
1961 2 2 10 1 650 840 648
1962 2 2 10 1 680 843 678
1963 2 2 10 1 1285 1984 1283
1964 2 2 10 1 784 882 782
1965 2 2 10 1 746 852 744
1966 2 2 10 1 800 899 798
1967 2 2 10 1 708 863 706
1968 2 2 10 1 710 1975 708
1969 2 2 10 1 760 886 758
1970 2 2 10 1 467 598 465
1971 2 2 10 1 441 600 439
1972 2 2 10 1 1296 1982 1293
1973 2 2 10 1 722 862 720
1974 2 2 10 1 519 605 517
1975 2 2 10 1 445 824 443
1976 2 2 10 1 696 851 694
1977 2 2 10 1 1043 1241 1045
1978 2 2 10 1 545 611 543
1979 2 2 10 1 489 601 487
1980 2 2 10 1 423 825 421
1981 2 2 10 1 449 592 447
1982 2 2 10 1 655 658 653
1983 2 2 10 1 427 593 425
1984 2 2 10 1 463 1979 461
1985 2 2 10 1 559 613 557
1986 2 2 10 1 479 828 477
1987 2 2 10 1 1023 1220 1025
1988 2 2 10 1 959 1186 961
1989 2 2 10 1 1087 1218 1089
1990 2 2 10 1 670 834 668
1991 2 2 10 1 955 1219 957
1992 2 2 10 1 736 856 734
1993 2 2 10 1 505 1966 503
1994 2 2 10 1 431 829 429
1995 2 2 10 1 457 1967 455
1996 2 2 10 1 1083 1212 1085
1997 2 2 10 1 684 842 682
1998 2 2 10 1 1450 1526 1441
1999 2 2 10 1 533 602 531
2000 2 2 10 1 483 599 481
2001 2 2 10 1 1003 1202 1005
2002 2 2 10 1 924 1138 926
2003 2 2 10 1 633 818 638
2004 2 2 10 1 409 594 407
2005 2 2 10 1 509 831 507
2006 2 2 10 1 435 595 433
2007 2 2 10 1 2079 2090 2081
2008 2 2 10 1 555 823 553
2009 2 2 10 1 772 1965 770
2010 2 2 10 1 461 603 459
2011 2 2 10 1 644 651 642
2012 2 2 10 1 399 1918 397
2013 2 2 10 1 556 2309 558
2014 2 2 10 1 660 844 657
2015 2 2 10 1 1748 1751 1750
2016 2 2 10 1 937 1144 939
2017 2 2 10 1 1047 1244 1049
2018 2 2 10 1 965 1183 967
2019 2 2 10 1 413 830 411
2020 2 2 10 1 529 822 527
2021 2 2 10 1 513 607 511
2022 2 2 10 1 455 596 453
2023 2 2 10 1 417 589 415
2024 2 2 10 1 539 612 537
2025 2 2 10 1 929 934 931
2026 2 2 10 1 1037 1182 1039
2027 2 2 10 1 469 1937 467
2028 2 2 10 1 405 835 403
2029 2 2 10 1 551 610 549
2030 2 2 10 1 495 604 493
2031 2 2 10 1 503 606 501
2032 2 2 10 1 796 879 794
2033 2 2 10 1 521 1971 519
2034 2 2 10 1 473 597 471
2035 2 2 10 1 792 1920 790
2036 2 2 10 1 499 826 497
2037 2 2 10 1 1027 1223 1029
2038 2 2 10 1 664 845 662
2039 2 2 10 1 525 608 523
2040 2 2 10 1 1091 1221 1093
2041 2 2 10 1 692 1935 690
2042 2 2 10 1 2073 2083 2075
2043 2 2 10 1 918 1131 920
2044 2 2 10 1 1017 1201 1019
2045 2 2 10 1 985 1224 987
2046 2 2 10 1 1007 1210 1009
2047 2 2 10 1 1071 1203 1073
2048 2 2 10 1 997 1193 999
2049 2 2 10 1 1061 1190 1063
2050 2 2 10 1 1051 1181 1053
2051 2 2 10 1 949 952 951
2052 2 2 10 1 977 1230 979
2053 2 2 10 1 1031 1185 1033
2054 2 2 10 1 1289 1473 1287
2055 2 2 10 1 1079 1211 1081
2056 2 2 10 1 1011 1207 1013
2057 2 2 10 1 1075 1213 1077
2058 2 2 10 1 1015 1923 1017
2059 2 2 10 1 906 1162 908
2060 2 2 10 1 1335 1396 1333
2061 2 2 10 1 1065 1222 1067
2062 2 2 10 1 1301 1552 1298
2063 2 2 10 1 943 1148 945
2064 2 2 10 1 991 1187 993
2065 2 2 10 1 1055 1227 1057
2066 2 2 10 1 981 1226 983
2067 2 2 10 1 971 1228 973
2068 2 2 10 1 397 617 395
2069 2 2 10 1 1325 1370 1323
2070 2 2 10 1 1271 1537 1536
2071 2 2 10 1 2172 2195 890
2072 2 2 10 1 1283 1411 1281
2073 2 2 10 1 1455 1548 1453
2074 2 2 10 1 1342 1410 1340
2075 2 2 10 1 587 2009 590
2076 2 2 10 1 1293 1369 1291
2077 2 2 10 1 378 2006 1159
2078 2 2 10 1 818 2038 860
2079 2 2 10 1 1519 2384 37
2080 2 2 10 1 798 1880 796
2081 2 2 10 1 808 2046 806
2082 2 2 10 1 794 1921 792
2083 2 2 10 1 585 801 561
2084 2 2 10 1 2275 2764 1140
2085 2 2 10 1 2060 2062 2061
2086 2 2 10 1 778 1868 776
2087 2 2 10 1 527 1862 525
2088 2 2 10 1 553 1844 551
2089 2 2 10 1 867 1120 847
2090 2 2 10 1 531 1822 529
2091 2 2 10 1 497 1847 495
2092 2 2 10 1 782 1569 780
2093 2 2 10 1 557 1797 555
2094 2 2 10 1 541 1901 539
2095 2 2 10 1 407 1694 405
2096 2 2 10 1 415 1833 413
2097 2 2 10 1 443 1741 441
2098 2 2 10 1 561 1790 559
2099 2 2 10 1 2228 2382 2230
2100 2 2 10 1 511 1799 509
2101 2 2 10 1 447 1729 445
2102 2 2 10 1 459 1970 457
2103 2 2 10 1 433 1793 431
2104 2 2 10 1 481 1774 479
2105 2 2 10 1 425 1721 423
2106 2 2 10 1 1013 1929 1015
2107 2 2 10 1 724 1998 722
2108 2 2 10 1 1120 1991 847
2109 2 2 10 1 904 1889 906
2110 2 2 10 1 1049 1861 1051
2111 2 2 10 1 471 1950 469
2112 2 2 10 1 1206 1910 1271
2113 2 2 10 1 957 1709 959
2114 2 2 10 1 1005 1660 1007
2115 2 2 10 1 926 1752 929
2116 2 2 10 1 668 1934 666
2117 2 2 10 1 487 1983 485
2118 2 2 10 1 939 1974 941
2119 2 2 10 1 614 1986 616
2120 2 2 10 1 1089 1609 1091
2121 2 2 10 1 1045 1589 1047
2122 2 2 10 1 648 1936 646
2123 2 2 10 1 674 1977 672
2124 2 2 10 1 740 1976 738
2125 2 2 10 1 877 1911 918
2126 2 2 10 1 726 1980 724
2127 2 2 10 1 764 1981 762
2128 2 2 10 1 1633 1634 1631
2129 2 2 10 1 750 1985 748
2130 2 2 10 1 2052 2059 2058
2131 2 2 10 1 953 1990 955
2132 2 2 10 1 634 635 632
2133 2 2 10 1 1808 2398 976
2134 2 2 10 1 968 2044 966
2135 2 2 10 1 1743 1915 1745
2136 2 2 10 1 2096 2099 2098
2137 2 2 10 1 1745 1746 1744
2138 2 2 10 1 632 1993 633
2139 2 2 10 1 1884 1885 1883
2140 2 2 10 1 1516 2705 1205
2141 2 2 10 1 809 811 810
2142 2 2 10 1 2174 2195 2172
2143 2 2 10 1 1580 1585 1577
2144 2 2 10 1 1835 1837 1836
2145 2 2 10 1 1849 1852 1850
2146 2 2 10 1 1776 1778 1777
2147 2 2 10 1 1811 1813 1812
2148 2 2 10 1 1704 1706 1705
2149 2 2 10 1 1723 1726 1724
2150 2 2 10 1 1731 1733 1732
2151 2 2 10 1 1769 1771 1770
2152 2 2 10 1 813 846 812
2153 2 2 10 1 811 1561 810
2154 2 2 10 1 1415 1520 1414
2155 2 2 10 1 1836 1840 1834
2156 2 2 10 1 1850 1851 1848
2157 2 2 10 1 530 2227 532
2158 2 2 10 1 1777 1780 1775
2159 2 2 10 1 1732 1736 1730
2160 2 2 10 1 1724 1725 1722
2161 2 2 10 1 1573 1575 1574
2162 2 2 10 1 1188 1266 1265
2163 2 2 10 1 1941 1942 1939
2164 2 2 10 1 1237 1276 1275
2165 2 2 10 1 1897 1898 1896
2166 2 2 10 1 620 624 623
2167 2 2 10 1 1208 1909 1907
2168 2 2 10 1 804 806 805
2169 2 2 10 1 1874 1876 1873
2170 2 2 10 1 832 1235 901
2171 2 2 10 1 1823 1826 1825
2172 2 2 10 1 1800 1809 1802
2173 2 2 10 1 376 2006 378
2174 2 2 10 1 1352 1416 1216
2175 2 2 10 1 1235 1237 1236
2176 2 2 10 1 816 915 876
2177 2 2 10 1 1695 1699 1697
2178 2 2 10 1 1925 2377 1931
2179 2 2 10 1 900 1188 1173
2180 2 2 10 1 623 1996 832
2181 2 2 10 1 2053 2060 1119
2182 2 2 10 1 1253 1427 1214
2183 2 2 10 1 1126 1208 1180
2184 2 2 10 1 967 1997 969
2185 2 2 10 1 1146 1217 1216
2186 2 2 10 1 1200 1435 1264
2187 2 2 10 1 802 804 803
2188 2 2 10 1 952 1215 1214
2189 2 2 10 1 1790 1792 1791
2190 2 2 10 1 1215 1398 1253
2191 2 2 10 1 860 861 819
2192 2 2 10 1 860 1146 1145
2193 2 2 10 1 1892 1893 1891
2194 2 2 10 1 1570 1573 1572
2195 2 2 10 1 805 815 803
2196 2 2 10 1 876 877 817
2197 2 2 10 1 901 1818 902
2198 2 2 10 1 1865 1866 1864
2199 2 2 10 1 1863 1864 608
2200 2 2 10 1 1258 1412 1257
2201 2 2 10 1 901 902 833
2202 2 2 10 1 1753 1754 934
2203 2 2 10 1 1845 1846 610
2204 2 2 10 1 1695 1696 835
2205 2 2 10 1 1800 1801 831
2206 2 2 10 1 623 821 619
2207 2 2 10 1 1802 1803 1801
2208 2 2 10 1 1823 1824 822
2209 2 2 10 1 1145 1147 861
2210 2 2 10 1 1238 1405 1196
2211 2 2 10 1 1753 1759 1755
2212 2 2 10 1 1275 1278 1236
2213 2 2 10 1 1590 1591 1244
2214 2 2 10 1 636 870 869
2215 2 2 10 1 1128 1869 909
2216 2 2 10 1 1697 1698 1696
2217 2 2 10 1 1755 1756 1754
2218 2 2 10 1 816 817 815
2219 2 2 10 1 1316 1999 1245
2220 2 2 10 1 1890 1891 1162
2221 2 2 10 1 832 833 821
2222 2 2 10 1 1229 1312 1198
2223 2 2 10 1 1610 1611 1221
2224 2 2 10 1 1570 1571 883
2225 2 2 10 1 615 620 619
2226 2 2 10 1 1574 1579 1572
2227 2 2 10 1 1819 1820 1174
2228 2 2 10 1 2162 2165 2164
2229 2 2 10 1 1219 1714 1713
2230 2 2 10 1 358 2733 2141
2231 2 2 10 1 1173 1233 899
2232 2 2 10 1 2145 2151 2147
2233 2 2 10 1 1872 1873 1871
2234 2 2 10 1 1180 1206 1127
2235 2 2 10 1 2056 2057 2054
2236 2 2 10 1 2236 2239 2238
2237 2 2 10 1 2147 2148 2146
2238 2 2 10 1 2164 2166 2163
2239 2 2 10 1 587 588 586
2240 2 2 10 1 814 848 811
2241 2 2 10 1 1256 1268 1259
2242 2 2 10 1 1424 1446 1445
2243 2 2 10 1 2377 2778 1931
2244 2 2 10 1 847 1991 1126
2245 2 2 10 1 2223 2224 2222
2246 2 2 10 1 849 893 848
2247 2 2 10 1 894 1114 893
2248 2 2 10 1 1115 1197 1114
2249 2 2 10 1 792 1921 1920
2250 2 2 10 1 776 1868 878
2251 2 2 10 1 800 900 899
2252 2 2 10 1 796 1880 879
2253 2 2 10 1 1313 1433 1312
2254 2 2 10 1 1557 1558 1435
2255 2 2 10 1 441 1741 600
2256 2 2 10 1 559 1790 613
2257 2 2 10 1 590 614 591
2258 2 2 10 1 555 1797 823
2259 2 2 10 1 809 810 808
2260 2 2 10 1 529 1822 822
2261 2 2 10 1 539 1901 612
2262 2 2 10 1 551 1844 610
2263 2 2 10 1 495 1847 604
2264 2 2 10 1 525 1862 608
2265 2 2 10 1 413 1833 830
2266 2 2 10 1 1126 1127 846
2267 2 2 10 1 509 1799 831
2268 2 2 10 1 445 1729 824
2269 2 2 10 1 1267 1305 1240
2270 2 2 10 1 780 1569 883
2271 2 2 10 1 457 1970 1967
2272 2 2 10 1 913 1195 1194
2273 2 2 10 1 1239 1240 1232
2274 2 2 10 1 431 1793 829
2275 2 2 10 1 872 898 870
2276 2 2 10 1 918 1911 1131
2277 2 2 10 1 479 1774 828
2278 2 2 10 1 405 1694 835
2279 2 2 10 1 423 1721 825
2280 2 2 10 1 955 1990 1219
2281 2 2 10 1 818 819 638
2282 2 2 10 1 906 1889 1162
2283 2 2 10 1 1959 2702 2598
2284 2 2 10 1 1207 1929 1013
2285 2 2 10 1 1194 1196 898
2286 2 2 10 1 633 1993 818
2287 2 2 10 1 902 1818 1174
2288 2 2 10 1 1219 1709 957
2289 2 2 10 1 952 953 951
2290 2 2 10 1 1271 1910 1537
2291 2 2 10 1 2230 2231 2229
2292 2 2 10 1 1254 1337 1255
2293 2 2 10 1 1144 1974 939
2294 2 2 10 1 1167 1254 1168
2295 2 2 10 1 1537 1538 1536
2296 2 2 10 1 601 1983 487
2297 2 2 10 1 1051 1861 1181
2298 2 2 10 1 929 1752 934
2299 2 2 10 1 1268 1543 1269
2300 2 2 10 1 597 1950 471
2301 2 2 10 1 585 802 801
2302 2 2 10 1 1231 1232 914
2303 2 2 10 1 1007 1660 1210
2304 2 2 10 1 850 1985 750
2305 2 2 10 1 858 1981 764
2306 2 2 10 1 853 1980 726
2307 2 2 10 1 838 1977 674
2308 2 2 10 1 875 1976 740
2309 2 2 10 1 722 1998 862
2310 2 2 10 1 1091 1609 1221
2311 2 2 10 1 1047 1589 1244
2312 2 2 10 1 834 1934 668
2313 2 2 10 1 621 625 622
2314 2 2 10 1 840 1936 648
2315 2 2 10 1 1134 1167 1135
2316 2 2 10 1 720 2015 718
2317 2 2 10 1 952 2032 1215
2318 2 2 10 1 1399 2159 1549
2319 2 2 10 1 634 636 635
2320 2 2 10 1 374 2026 1314
2321 2 2 10 1 590 591 588
2322 2 2 10 1 591 609 588
2323 2 2 10 1 1200 1264 1195
2324 2 2 10 1 1314 2585 1899
2325 2 2 10 1 1801 2035 831
2326 2 2 10 1 1754 2033 934
2327 2 2 10 1 1696 2036 835
2328 2 2 10 1 1864 2037 608
2329 2 2 10 1 1272 2038 1547
2330 2 2 10 1 2209 2211 2208
2331 2 2 10 1 1881 2005 879
2332 2 2 10 1 513 2306 607
2333 2 2 10 1 1264 1414 1195
2334 2 2 10 1 1561 2160 867
2335 2 2 10 1 1043 1594 1241
2336 2 2 10 1 1767 2199 1757
2337 2 2 10 1 1190 1651 1649
2338 2 2 10 1 1087 1625 1218
2339 2 2 10 1 908 1128 909
2340 2 2 10 1 499 1853 826
2341 2 2 10 1 533 1829 602
2342 2 2 10 1 1003 1666 1202
2343 2 2 10 1 1212 1629 1627
2344 2 2 10 1 1186 1715 961
2345 2 2 10 1 417 2307 589
2346 2 2 10 1 411 2020 409
2347 2 2 10 1 810 813 812
2348 2 2 10 1 449 2297 592
2349 2 2 10 1 485 2022 483
2350 2 2 10 1 429 2021 427
2351 2 2 10 1 810 812 808
2352 2 2 10 1 813 847 846
2353 2 2 10 1 1215 2032 1399
2354 2 2 10 1 600 2308 439
2355 2 2 10 1 920 2019 924
2356 2 2 10 1 855 2248 625
2357 2 2 10 1 1757 2033 1754
2358 2 2 10 1 1570 2040 1573
2359 2 2 10 1 1804 2035 1801
2360 2 2 10 1 1700 2036 1696
2361 2 2 10 1 2095 2096 2094
2362 2 2 10 1 1867 2037 1864
2363 2 2 10 1 1264 1415 1414
2364 2 2 10 1 1196 2039 898
2365 2 2 10 1 545 1905 611
2366 2 2 10 1 1316 2000 1999
2367 2 2 10 1 1559 2046 1539
2368 2 2 10 1 872 913 898
2369 2 2 10 1 2119 2555 281
2370 2 2 10 1 388 1857 621
2371 2 2 10 1 2240 2379 2239
2372 2 2 10 1 1647 1648 1646
2373 2 2 10 1 871 914 872
2374 2 2 10 1 587 590 588
2375 2 2 10 1 614 616 591
2376 2 2 10 1 1573 2040 1576
2377 2 2 10 1 1555 1556 1413
2378 2 2 10 1 609 2004 2001
2379 2 2 10 1 578 2055 2054
2380 2 2 10 1 909 1134 910
2381 2 2 10 1 1484 2039 1196
2382 2 2 10 1 1600 1601 1598
2383 2 2 10 1 626 827 628
2384 2 2 10 1 1672 1673 1670
2385 2 2 10 1 1874 1877 1876
2386 2 2 10 1 388 621 392
2387 2 2 10 1 382 866 384
2388 2 2 10 1 465 2030 463
2389 2 2 10 1 1620 1621 1619
2390 2 2 10 1 378 1159 380
2391 2 2 10 1 590 615 614
2392 2 2 10 1 893 2016 1133
2393 2 2 10 1 616 2007 591
2394 2 2 10 1 2170 2172 890
2395 2 2 10 1 2145 2146 887
2396 2 2 10 1 2207 2208 569
2397 2 2 10 1 2046 2292 1539
2398 2 2 10 1 1103 2009 587
2399 2 2 10 1 1622 1623 1621
2400 2 2 10 1 2162 2163 576
2401 2 2 10 1 630 634 632
2402 2 2 10 1 403 2036 400
2403 2 2 10 1 871 872 870
2404 2 2 10 1 1629 1630 1627
2405 2 2 10 1 947 2032 949
2406 2 2 10 1 1110 2044 968
2407 2 2 10 1 482 2194 484
2408 2 2 10 1 1560 1561 811
2409 2 2 10 1 813 867 847
2410 2 2 10 1 2051 2055 578
2411 2 2 10 1 507 2035 505
2412 2 2 10 1 1651 1652 1649
2413 2 2 10 1 523 2037 521
2414 2 2 10 1 931 2033 933
2415 2 2 10 1 1103 2010 2009
2416 2 2 10 1 836 2296 2045
2417 2 2 10 1 33 2103 32
2418 2 2 10 1 1547 2038 1993
2419 2 2 10 1 2216 2217 2215
2420 2 2 10 1 632 633 631
2421 2 2 10 1 802 2034 804
2422 2 2 10 1 862 2015 720
2423 2 2 10 1 2221 2222 566
2424 2 2 10 1 1543 1544 1269
2425 2 2 10 1 2236 2237 2235
2426 2 2 10 1 2228 2229 567
2427 2 2 10 1 2243 2244 1175
2428 2 2 10 1 1201 1930 1019
2429 2 2 10 1 804 2034 807
2430 2 2 10 1 1783 1784 1782
2431 2 2 10 1 1872 1874 1873
2432 2 2 10 1 815 2291 1792
2433 2 2 10 1 2010 2295 2042
2434 2 2 10 1 570 2240 2236
2435 2 2 10 1 588 2001 586
2436 2 2 10 1 870 2039 869
2437 2 2 10 1 1644 1645 1642
2438 2 2 10 1 630 632 631
2439 2 2 10 1 1568 2532 1567
2440 2 2 10 1 1895 1897 1896
2441 2 2 10 1 913 1200 1195
2442 2 2 10 1 1124 2052 2051
2443 2 2 10 1 1137 1258 1257
2444 2 2 10 1 44 2041 43
2445 2 2 10 1 2192 2335 2193
2446 2 2 10 1 1197 1444 1376
2447 2 2 10 1 1488 2310 1487
2448 2 2 10 1 912 1229 1198
2449 2 2 10 1 409 2020 594
2450 2 2 10 1 924 2019 1138
2451 2 2 10 1 1680 1681 1679
2452 2 2 10 1 1300 1511 1163
2453 2 2 10 1 483 2022 599
2454 2 2 10 1 427 2021 593
2455 2 2 10 1 1509 1510 1260
2456 2 2 10 1 578 2054 2053
2457 2 2 10 1 1128 1872 1871
2458 2 2 10 1 1256 1259 1120
2459 2 2 10 1 2206 2207 569
2460 2 2 10 1 621 1857 837
2461 2 2 10 1 2001 2002 586
2462 2 2 10 1 1040 2050 1038
2463 2 2 10 1 1641 1644 1642
2464 2 2 10 1 1825 2388 1824
2465 2 2 10 1 568 587 586
2466 2 2 10 1 1897 1899 1898
2467 2 2 10 1 809 814 811
2468 2 2 10 1 1594 1595 1593
2469 2 2 10 1 1625 1626 1613
2470 2 2 10 1 374 1314 376
2471 2 2 10 1 1666 1667 1662
2472 2 2 10 1 1711 1716 1715
2473 2 2 10 1 807 809 808
2474 2 2 10 1 191 2048 190
2475 2 2 10 1 1258 1413 1412
2476 2 2 10 1 1955 1956 1954
2477 2 2 10 1 1925 1931 1930
2478 2 2 10 1 1674 1675 1673
2479 2 2 10 1 2054 2060 2053
2480 2 2 10 1 814 849 848
2481 2 2 10 1 1200 1557 1435
2482 2 2 10 1 849 894 893
2483 2 2 10 1 894 1115 1114
2484 2 2 10 1 1229 1313 1312
2485 2 2 10 1 1734 1735 1733
2486 2 2 10 1 1602 1603 1601
2487 2 2 10 1 2063 2065 2064
2488 2 2 10 1 1727 1728 1726
2489 2 2 10 1 1779 1781 1778
2490 2 2 10 1 1707 1708 1706
2491 2 2 10 1 1814 1815 1813
2492 2 2 10 1 1313 1434 1433
2493 2 2 10 1 1838 1839 1837
2494 2 2 10 1 1239 1267 1240
2495 2 2 10 1 639 640 624
2496 2 2 10 1 1231 1239 1232
2497 2 2 10 1 1772 1773 1771
2498 2 2 10 1 1991 2018 1208
2499 2 2 10 1 1399 1400 1398
2500 2 2 10 1 1746 1748 1747
2501 2 2 10 1 1405 1485 1484
2502 2 2 10 1 1576 1577 1575
2503 2 2 10 1 1423 1424 1266
2504 2 2 10 1 1756 1758 1757
2505 2 2 10 1 1268 1269 1259
2506 2 2 10 1 807 808 806
2507 2 2 10 1 585 1242 802
2508 2 2 10 1 1653 1654 1652
2509 2 2 10 1 1254 1255 1168
2510 2 2 10 1 625 626 622
2511 2 2 10 1 1490 1499 1498
2512 2 2 10 1 1277 1279 1276
2513 2 2 10 1 1167 1168 1135
2514 2 2 10 1 1206 1271 1270
2515 2 2 10 1 1942 1944 1943
2516 2 2 10 1 1698 1701 1700
2517 2 2 10 1 609 2001 588
2518 2 2 10 1 877 918 917
2519 2 2 10 1 1803 1805 1804
2520 2 2 10 1 2166 2171 2170
2521 2 2 10 1 1272 1273 1217
2522 2 2 10 1 2057 2062 2060
2523 2 2 10 1 953 955 954
2524 2 2 10 1 2226 2227 530
2525 2 2 10 1 902 904 903
2526 2 2 10 1 1538 1541 1540
2527 2 2 10 1 564 585 561
2528 2 2 10 1 1578 1580 1577
2529 2 2 10 1 1957 1958 1956
2530 2 2 10 1 1280 1281 1279
2531 2 2 10 1 1478 1479 1477
2532 2 2 10 1 1841 1842 1839
2533 2 2 10 1 1531 1532 1530
2534 2 2 10 1 1388 1391 1387
2535 2 2 10 1 1816 1817 1815
2536 2 2 10 1 1418 1419 1417
2537 2 2 10 1 1339 1340 1338
2538 2 2 10 1 1328 1329 1327
2539 2 2 10 1 1451 1453 1450
2540 2 2 10 1 1354 1355 1353
2541 2 2 10 1 1378 1379 1377
2542 2 2 10 1 1309 1310 1308
2543 2 2 10 1 1438 1439 1437
2544 2 2 10 1 1290 1291 1289
2545 2 2 10 1 1565 1567 1564
2546 2 2 10 1 641 642 640
2547 2 2 10 1 1368 1371 1367
2548 2 2 10 1 871 1231 914
2549 2 2 10 1 1297 1298 1296
2550 2 2 10 1 1364 1365 1363
2551 2 2 10 1 1302 1303 1301
2552 2 2 10 1 1429 1431 1428
2553 2 2 10 1 633 638 637
2554 2 2 10 1 789 790 788
2555 2 2 10 1 751 752 750
2556 2 2 10 1 1456 1468 1455
2557 2 2 10 1 699 700 698
2558 2 2 10 1 765 766 764
2559 2 2 10 1 713 714 712
2560 2 2 10 1 1286 1287 1285
2561 2 2 10 1 1382 1383 1381
2562 2 2 10 1 727 728 726
2563 2 2 10 1 1322 1323 1321
2564 2 2 10 1 685 686 684
2565 2 2 10 1 779 780 778
2566 2 2 10 1 645 646 644
2567 2 2 10 1 661 662 660
2568 2 2 10 1 737 738 736
2569 2 2 10 1 741 742 740
2570 2 2 10 1 675 676 674
2571 2 2 10 1 775 776 774
2572 2 2 10 1 671 672 670
2573 2 2 10 1 1348 1349 1347
2574 2 2 10 1 689 690 688
2575 2 2 10 1 755 756 754
2576 2 2 10 1 793 794 792
2577 2 2 10 1 703 704 702
2578 2 2 10 1 656 657 655
2579 2 2 10 1 717 718 716
2580 2 2 10 1 1495 1496 1494
2581 2 2 10 1 723 724 722
2582 2 2 10 1 769 770 768
2583 2 2 10 1 799 800 798
2584 2 2 10 1 649 650 648
2585 2 2 10 1 731 732 730
2586 2 2 10 1 665 666 664
2587 2 2 10 1 761 762 760
2588 2 2 10 1 1407 1408 1406
2589 2 2 10 1 1332 1333 1331
2590 2 2 10 1 679 680 678
2591 2 2 10 1 709 710 708
2592 2 2 10 1 783 784 782
2593 2 2 10 1 745 746 744
2594 2 2 10 1 693 694 692
2595 2 2 10 1 1394 1406 1393
2596 2 2 10 1 707 708 706
2597 2 2 10 1 1334 1335 1333
2598 2 2 10 1 695 696 694
2599 2 2 10 1 747 748 746
2600 2 2 10 1 785 786 784
2601 2 2 10 1 1492 1494 1491
2602 2 2 10 1 759 760 758
2603 2 2 10 1 1863 2388 1865
2604 2 2 10 1 681 682 680
2605 2 2 10 1 1343 1347 1342
2606 2 2 10 1 797 798 796
2607 2 2 10 1 667 668 666
2608 2 2 10 1 733 734 732
2609 2 2 10 1 652 653 650
2610 2 2 10 1 771 772 770
2611 2 2 10 1 1384 1385 1383
2612 2 2 10 1 1284 1285 1283
2613 2 2 10 1 1469 1470 1468
2614 2 2 10 1 1324 1325 1323
2615 2 2 10 1 721 722 720
2616 2 2 10 1 719 720 718
2617 2 2 10 1 795 796 794
2618 2 2 10 1 1422 1428 1421
2619 2 2 10 1 757 758 756
2620 2 2 10 1 705 706 704
2621 2 2 10 1 691 692 690
2622 2 2 10 1 1362 1363 1361
2623 2 2 10 1 1294 1296 1293
2624 2 2 10 1 743 744 742
2625 2 2 10 1 677 678 676
2626 2 2 10 1 781 782 780
2627 2 2 10 1 663 664 662
2628 2 2 10 1 647 648 646
2629 2 2 10 1 654 655 653
2630 2 2 10 1 729 730 728
2631 2 2 10 1 1304 1306 1303
2632 2 2 10 1 767 768 766
2633 2 2 10 1 715 716 714
2634 2 2 10 1 773 774 772
2635 2 2 10 1 701 702 700
2636 2 2 10 1 1563 1564 1562
2637 2 2 10 1 753 754 752
2638 2 2 10 1 791 792 790
2639 2 2 10 1 1372 1373 1371
2640 2 2 10 1 1292 1293 1291
2641 2 2 10 1 1282 1283 1281
2642 2 2 10 1 1440 1441 1439
2643 2 2 10 1 687 688 686
2644 2 2 10 1 669 670 668
2645 2 2 10 1 735 736 734
2646 2 2 10 1 1356 1361 1355
2647 2 2 10 1 673 674 672
2648 2 2 10 1 739 740 738
2649 2 2 10 1 1420 1421 1419
2650 2 2 10 1 1341 1342 1340
2651 2 2 10 1 1533 1562 1532
2652 2 2 10 1 659 660 657
2653 2 2 10 1 643 644 642
2654 2 2 10 1 777 778 776
2655 2 2 10 1 683 684 682
2656 2 2 10 1 725 726 724
2657 2 2 10 1 514 515 513
2658 2 2 10 1 540 541 539
2659 2 2 10 1 466 467 465
2660 2 2 10 1 492 493 491
2661 2 2 10 1 1442 1450 1441
2662 2 2 10 1 1374 1377 1373
2663 2 2 10 1 518 519 517
2664 2 2 10 1 440 441 439
2665 2 2 10 1 1307 1308 1306
2666 2 2 10 1 444 445 443
2667 2 2 10 1 418 419 417
2668 2 2 10 1 470 471 469
2669 2 2 10 1 544 545 543
2670 2 2 10 1 496 497 495
2671 2 2 10 1 422 423 421
2672 2 2 10 1 522 523 521
2673 2 2 10 1 448 449 447
2674 2 2 10 1 474 475 473
2675 2 2 10 1 414 415 413
2676 2 2 10 1 1246 1316 1245
2677 2 2 10 1 500 501 499
2678 2 2 10 1 548 549 547
2679 2 2 10 1 426 427 425
2680 2 2 10 1 452 453 451
2681 2 2 10 1 526 527 525
2682 2 2 10 1 478 479 477
2683 2 2 10 1 763 764 762
2684 2 2 10 1 711 712 710
2685 2 2 10 1 536 537 535
2686 2 2 10 1 488 489 487
2687 2 2 10 1 1330 1331 1329
2688 2 2 10 1 1392 1393 1391
2689 2 2 10 1 504 505 503
2690 2 2 10 1 462 463 461
2691 2 2 10 1 1404 1465 1403
2692 2 2 10 1 558 559 557
2693 2 2 10 1 697 698 696
2694 2 2 10 1 430 431 429
2695 2 2 10 1 1480 1491 1479
2696 2 2 10 1 510 511 509
2697 2 2 10 1 552 553 551
2698 2 2 10 1 436 437 435
2699 2 2 10 1 410 411 409
2700 2 2 10 1 749 750 748
2701 2 2 10 1 787 788 786
2702 2 2 10 1 456 457 455
2703 2 2 10 1 484 485 483
2704 2 2 10 1 532 533 531
2705 2 2 10 1 2067 2069 2068
2706 2 2 10 1 458 459 457
2707 2 2 10 1 554 555 553
2708 2 2 10 1 2071 2073 2072
2709 2 2 10 1 1311 1321 1310
2710 2 2 10 1 530 531 529
2711 2 2 10 1 432 433 431
2712 2 2 10 1 506 507 505
2713 2 2 10 1 482 483 481
2714 2 2 10 1 2075 2077 2076
2715 2 2 10 1 955 957 956
2716 2 2 10 1 1748 1750 1749
2717 2 2 10 1 480 481 479
2718 2 2 10 1 528 529 527
2719 2 2 10 1 1380 1381 1379
2720 2 2 10 1 406 407 405
2721 2 2 10 1 454 455 453
2722 2 2 10 1 408 409 407
2723 2 2 10 1 428 429 427
2724 2 2 10 1 550 551 549
2725 2 2 10 1 508 509 507
2726 2 2 10 1 434 435 433
2727 2 2 10 1 502 503 501
2728 2 2 10 1 1299 1301 1298
2729 2 2 10 1 2081 2085 2082
2730 2 2 10 1 556 557 555
2731 2 2 10 1 476 477 475
2732 2 2 10 1 524 525 523
2733 2 2 10 1 450 451 449
2734 2 2 10 1 460 461 459
2735 2 2 10 1 2079 2081 2080
2736 2 2 10 1 424 425 423
2737 2 2 10 1 546 547 545
2738 2 2 10 1 498 499 497
2739 2 2 10 1 1454 1455 1453
2740 2 2 10 1 472 473 471
2741 2 2 10 1 999 1001 1000
2742 2 2 10 1 1063 1065 1064
2743 2 2 10 1 520 521 519
2744 2 2 10 1 1073 1075 1074
2745 2 2 10 1 446 447 445
2746 2 2 10 1 375 2156 1248
2747 2 2 10 1 420 421 419
2748 2 2 10 1 2065 2067 2066
2749 2 2 10 1 1009 1011 1010
2750 2 2 10 1 542 543 541
2751 2 2 10 1 494 495 493
2752 2 2 10 1 468 469 467
2753 2 2 10 1 1053 1055 1054
2754 2 2 10 1 989 991 990
2755 2 2 10 1 534 535 533
2756 2 2 10 1 516 517 515
2757 2 2 10 1 486 487 485
2758 2 2 10 1 442 443 441
2759 2 2 10 1 416 417 415
2760 2 2 10 1 1288 1289 1287
2761 2 2 10 1 1083 1085 1084
2762 2 2 10 1 1366 1367 1365
2763 2 2 10 1 1019 1021 1020
2764 2 2 10 1 1043 1045 1044
2765 2 2 10 1 979 981 980
2766 2 2 10 1 490 491 489
2767 2 2 10 1 2077 2079 2078
2768 2 2 10 1 538 539 537
2769 2 2 10 1 1326 1327 1325
2770 2 2 10 1 412 413 411
2771 2 2 10 1 1033 1035 1034
2772 2 2 10 1 969 971 970
2773 2 2 10 1 464 465 463
2774 2 2 10 1 1093 1152 1151
2775 2 2 10 1 560 561 559
2776 2 2 10 1 438 439 437
2777 2 2 10 1 965 967 966
2778 2 2 10 1 1029 1031 1030
2779 2 2 10 1 1134 1135 910
2780 2 2 10 1 512 513 511
2781 2 2 10 1 1023 1025 1024
2782 2 2 10 1 959 961 960
2783 2 2 10 1 1087 1089 1088
2784 2 2 10 1 2073 2075 2074
2785 2 2 10 1 1039 1041 1040
2786 2 2 10 1 975 977 976
2787 2 2 10 1 1013 1015 1014
2788 2 2 10 1 1077 1079 1078
2789 2 2 10 1 2069 2071 2070
2790 2 2 10 1 1432 1437 1431
2791 2 2 10 1 1003 1005 1004
2792 2 2 10 1 1067 1069 1068
2793 2 2 10 1 1350 1353 1349
2794 2 2 10 1 398 399 397
2795 2 2 10 1 1049 1051 1050
2796 2 2 10 1 985 987 986
2797 2 2 10 1 2085 2087 2086
2798 2 2 10 1 993 995 994
2799 2 2 10 1 1386 1387 1385
2800 2 2 10 1 1057 1059 1058
2801 2 2 10 1 983 985 984
2802 2 2 10 1 1047 1049 1048
2803 2 2 10 1 1059 1061 1060
2804 2 2 10 1 995 997 996
2805 2 2 10 1 1471 1477 1470
2806 2 2 10 1 621 622 392
2807 2 2 10 1 918 920 919
2808 2 2 10 1 973 975 974
2809 2 2 10 1 1037 1039 1038
2810 2 2 10 1 1336 1338 1335
2811 2 2 10 1 924 926 925
2812 2 2 10 1 1069 1071 1070
2813 2 2 10 1 1005 1007 1006
2814 2 2 10 1 937 939 938
2815 2 2 10 1 904 906 905
2816 2 2 10 1 1409 1417 1408
2817 2 2 10 1 1079 1081 1080
2818 2 2 10 1 941 943 942
2819 2 2 10 1 1015 1017 1016
2820 2 2 10 1 1089 1091 1090
2821 2 2 10 1 947 949 948
2822 2 2 10 1 929 931 930
2823 2 2 10 1 961 963 962
2824 2 2 10 1 1025 1027 1026
2825 2 2 10 1 1497 1530 1496
2826 2 2 10 1 1027 1029 1028
2827 2 2 10 1 963 965 964
2828 2 2 10 1 1584 1588 1587
2829 2 2 10 1 2177 2179 2178
2830 2 2 10 1 404 405 403
2831 2 2 10 1 2181 2183 2182
2832 2 2 10 1 1091 1093 1092
2833 2 2 10 1 1549 1550 1400
2834 2 2 10 1 2173 2175 2174
2835 2 2 10 1 971 973 972
2836 2 2 10 1 1035 1037 1036
2837 2 2 10 1 2185 2187 2186
2838 2 2 10 1 981 983 982
2839 2 2 10 1 1045 1047 1046
2840 2 2 10 1 1055 1057 1056
2841 2 2 10 1 991 993 992
2842 2 2 10 1 1065 1067 1066
2843 2 2 10 1 1001 1003 1002
2844 2 2 10 1 1075 1077 1076
2845 2 2 10 1 945 947 946
2846 2 2 10 1 1011 1013 1012
2847 2 2 10 1 931 933 932
2848 2 2 10 1 957 959 958
2849 2 2 10 1 1085 1087 1086
2850 2 2 10 1 1017 1019 1018
2851 2 2 10 1 1021 1023 1022
2852 2 2 10 1 2171 2173 2172
2853 2 2 10 1 1081 1083 1082
2854 2 2 10 1 967 969 968
2855 2 2 10 1 1031 1033 1032
2856 2 2 10 1 943 945 944
2857 2 2 10 1 1271 1536 1535
2858 2 2 10 1 977 979 978
2859 2 2 10 1 1041 1043 1042
2860 2 2 10 1 2183 2185 2184
2861 2 2 10 1 926 929 928
2862 2 2 10 1 2179 2181 2180
2863 2 2 10 1 908 909 907
2864 2 2 10 1 1007 1009 1008
2865 2 2 10 1 987 989 988
2866 2 2 10 1 1051 1053 1052
2867 2 2 10 1 1071 1073 1072
2868 2 2 10 1 939 941 940
2869 2 2 10 1 2175 2177 2176
2870 2 2 10 1 1061 1063 1062
2871 2 2 10 1 997 999 998
2872 2 2 10 1 933 937 936
2873 2 2 10 1 949 951 950
2874 2 2 10 1 920 924 923
2875 2 2 10 1 906 908 907
2876 2 2 10 1 1501 1503 1502
2877 2 2 10 1 1499 1501 1500
2878 2 2 10 1 528 2226 530
2879 2 2 10 1 2141 2733 2709
2880 2 2 10 1 636 871 870
2881 2 2 10 1 2049 2730 1207
2882 2 2 10 1 2074 2392 583
2883 2 2 10 1 1162 2017 908
2884 2 2 10 1 396 397 395
2885 2 2 10 1 2547 2615 1947
2886 2 2 10 1 1827 2421 1826
2887 2 2 10 1 890 2194 2170
2888 2 2 10 1 2211 2213 2212
2889 2 2 10 1 1544 1545 1269
2890 2 2 10 1 1200 2025 1557
2891 2 2 10 1 2151 2154 2153
2892 2 2 10 1 27 2347 1585
2893 2 2 10 1 568 586 564
2894 2 2 10 1 2244 2247 2246
2895 2 2 10 1 568 1103 587
2896 2 2 10 1 2190 2192 2191
2897 2 2 10 1 598 2030 465
2898 2 2 10 1 2144 2145 887
2899 2 2 10 1 484 2194 890
2900 2 2 10 1 1872 1875 1874
2901 2 2 10 1 626 2248 827
2902 2 2 10 1 1583 1584 1581
2903 2 2 10 1 393 1108 390
2904 2 2 10 1 372 2026 374
2905 2 2 10 1 1402 1403 1319
2906 2 2 10 1 402 403 400
2907 2 2 10 1 1205 1245 896
2908 2 2 10 1 491 2294 489
2909 2 2 10 1 1225 1436 1359
2910 2 2 10 1 2096 2098 2097
2911 2 2 10 1 2161 2162 576
2912 2 2 10 1 1961 2579 1014
2913 2 2 10 1 500 2197 502
2914 2 2 10 1 827 2023 628
2915 2 2 10 1 1242 2034 802
2916 2 2 10 1 1993 2038 818
2917 2 2 10 1 2034 2316 2143
2918 2 2 10 1 1996 2045 1235
2919 2 2 10 1 949 2032 952
2920 2 2 10 1 1798 2370 823
2921 2 2 10 1 1678 1680 1679
2922 2 2 10 1 472 2155 474
2923 2 2 10 1 934 2033 931
2924 2 2 10 1 831 2035 507
2925 2 2 10 1 608 2037 523
2926 2 2 10 1 835 2036 403
2927 2 2 10 1 1119 2202 434
2928 2 2 10 1 809 2143 814
2929 2 2 10 1 1140 2050 1040
2930 2 2 10 1 1569 2040 1570
2931 2 2 10 1 48 2107 47
2932 2 2 10 1 558 2029 560
2933 2 2 10 1 1831 2427 1830
2934 2 2 10 1 1509 2608 1510
2935 2 2 10 1 558 2309 2029
2936 2 2 10 1 1137 2160 1258
2937 2 2 10 1 611 1905 1904
2938 2 2 10 1 628 2023 630
2939 2 2 10 1 392 2251 389
2940 2 2 10 1 1689 1691 1690
2941 2 2 10 1 786 2315 784
2942 2 2 10 1 1857 2200 837
2943 2 2 10 1 2009 2042 615
2944 2 2 10 1 496 2196 498
2945 2 2 10 1 826 1853 1849
2946 2 2 10 1 1844 2370 1845
2947 2 2 10 1 602 1829 1828
2948 2 2 10 1 79 2573 2513
2949 2 2 10 1 375 1248 373
2950 2 2 10 1 1505 1507 1506
2951 2 2 10 1 909 910 907
2952 2 2 10 1 1241 1594 1593
2953 2 2 10 1 1218 1625 1613
2954 2 2 10 1 1711 1715 1186
2955 2 2 10 1 1202 1666 1662
2956 2 2 10 1 2193 2335 2205
2957 2 2 10 1 912 2200 1229
2958 2 2 10 1 565 2216 2215
2959 2 2 10 1 1952 1955 1954
2960 2 2 10 1 2343 2350 563
2961 2 2 10 1 1245 2027 896
2962 2 2 10 1 576 2194 482
2963 2 2 10 1 2063 2064 2061
2964 2 2 10 1 552 2270 554
2965 2 2 10 1 1925 1930 1201
2966 2 2 10 1 898 2039 870
2967 2 2 10 1 913 2025 1200
2968 2 2 10 1 1490 1498 1488
2969 2 2 10 1 821 2293 1986
2970 2 2 10 1 1785 1786 1784
2971 2 2 10 1 2150 2364 2148
2972 2 2 10 1 350 2103 33
2973 2 2 10 1 2220 2221 566
2974 2 2 10 1 1243 2358 1854
2975 2 2 10 1 1009 2319 1011
2976 2 2 10 1 1746 1747 1744
2977 2 2 10 1 1573 1576 1575
2978 2 2 10 1 1769 1772 1771
2979 2 2 10 1 1811 1814 1813
2980 2 2 10 1 1835 1838 1837
2981 2 2 10 1 1704 1707 1706
2982 2 2 10 1 1776 1779 1778
2983 2 2 10 1 1885 1886 1883
2984 2 2 10 1 1188 1423 1266
2985 2 2 10 1 1723 1727 1726
2986 2 2 10 1 1731 1734 1733
2987 2 2 10 1 1237 1277 1276
2988 2 2 10 1 352 2482 1615
2989 2 2 10 1 1208 2018 1909
2990 2 2 10 1 620 639 624
2991 2 2 10 1 804 807 806
2992 2 2 10 1 532 2227 567
2993 2 2 10 1 2236 2240 2239
2994 2 2 10 1 1146 1272 1217
2995 2 2 10 1 1787 1788 1786
2996 2 2 10 1 1942 1943 1939
2997 2 2 10 1 1405 1484 1196
2998 2 2 10 1 1147 1274 861
2999 2 2 10 1 877 917 817
3000 2 2 10 1 1756 1757 1754
3001 2 2 10 1 1215 1399 1398
3002 2 2 10 1 800 1149 900
3003 2 2 10 1 1891 2017 1162
3004 2 2 10 1 902 903 833
3005 2 2 10 1 1866 1867 1864
3006 2 2 10 1 2187 2190 2188
3007 2 2 10 1 819 820 638
3008 2 2 10 1 1698 1700 1696
3009 2 2 10 1 1803 1804 1801
3010 2 2 10 1 953 954 951
3011 2 2 10 1 1538 1540 1536
3012 2 2 10 1 2224 2225 2222
3013 2 2 10 1 1206 1270 1127
3014 2 2 10 1 1600 1602 1601
3015 2 2 10 1 2166 2170 2163
3016 2 2 10 1 2057 2060 2054
3017 2 2 10 1 1849 2313 1852
3018 2 2 10 1 1672 1674 1673
3019 2 2 10 1 402 584 404
3020 2 2 10 1 474 2155 575
3021 2 2 10 1 2231 2232 2229
3022 2 2 10 1 872 2025 913
3023 2 2 10 1 887 2155 472
3024 2 2 10 1 408 582 410
3025 2 2 10 1 1917 2554 1300
3026 2 2 10 1 560 2029 568
3027 2 2 10 1 304 2534 1896
3028 2 2 10 1 387 2157 385
3029 2 2 10 1 1239 2047 1267
3030 2 2 10 1 570 2236 2235
3031 2 2 10 1 1651 1653 1652
3032 2 2 10 1 414 1136 416
3033 2 2 10 1 1498 2310 1488
3034 2 2 10 1 1903 2417 1902
3035 2 2 10 1 486 2195 488
3036 2 2 10 1 2146 2155 887
3037 2 2 10 1 1103 2011 2010
3038 2 2 10 1 2218 2344 2217
3039 2 2 10 1 814 2143 935
3040 2 2 10 1 2227 2228 567
3041 2 2 10 1 418 581 420
3042 2 2 10 1 560 564 561
3043 2 2 10 1 566 2226 528
3044 2 2 10 1 633 637 631
3045 2 2 10 1 716 2325 714
3046 2 2 10 1 1947 1948 1946
3047 2 2 10 1 2211 2212 2208
3048 2 2 10 1 424 1124 426
3049 2 2 10 1 2242 2243 1175
3050 2 2 10 1 800 2027 1149
3051 2 2 10 1 43 2041 347
3052 2 2 10 1 428 578 430
3053 2 2 10 1 1258 2160 1525
3054 2 2 10 1 1716 1717 1715
3055 2 2 10 1 1955 1957 1956
3056 2 2 10 1 1734 1740 1735
3057 2 2 10 1 1931 1932 1930
3058 2 2 10 1 882 2327 2040
3059 2 2 10 1 947 2159 2032
3060 2 2 10 1 432 1119 434
3061 2 2 10 1 1578 1581 1580
3062 2 2 10 1 1124 2051 426
3063 2 2 10 1 1814 1816 1815
3064 2 2 10 1 1838 1841 1839
3065 2 2 10 1 1399 1549 1400
3066 2 2 10 1 1576 1578 1577
3067 2 2 10 1 2065 2066 2064
3068 2 2 10 1 639 641 640
3069 2 2 10 1 1565 1568 1567
3070 2 2 10 1 1495 1497 1496
3071 2 2 10 1 1478 1480 1479
3072 2 2 10 1 1469 1471 1470
3073 2 2 10 1 1277 1280 1279
3074 2 2 10 1 1451 1454 1453
3075 2 2 10 1 1440 1442 1441
3076 2 2 10 1 1429 1432 1431
3077 2 2 10 1 1372 1374 1373
3078 2 2 10 1 1407 1409 1408
3079 2 2 10 1 1384 1386 1385
3080 2 2 10 1 1388 1392 1391
3081 2 2 10 1 1378 1380 1379
3082 2 2 10 1 1364 1366 1365
3083 2 2 10 1 1304 1307 1306
3084 2 2 10 1 1348 1350 1349
3085 2 2 10 1 1324 1326 1325
3086 2 2 10 1 1334 1336 1335
3087 2 2 10 1 1328 1330 1329
3088 2 2 10 1 1957 1963 1958
3089 2 2 10 1 1309 1311 1310
3090 2 2 10 1 1297 1299 1298
3091 2 2 10 1 1286 1288 1287
3092 2 2 10 1 1533 1563 1562
3093 2 2 10 1 1292 1294 1293
3094 2 2 10 1 1356 1362 1361
3095 2 2 10 1 1420 1422 1421
3096 2 2 10 1 1339 1341 1340
3097 2 2 10 1 1282 1284 1283
3098 2 2 10 1 1341 1343 1342
3099 2 2 10 1 641 643 642
3100 2 2 10 1 795 797 796
3101 2 2 10 1 1246 1317 1316
3102 2 2 10 1 757 759 758
3103 2 2 10 1 771 773 772
3104 2 2 10 1 785 787 786
3105 2 2 10 1 799 2027 800
3106 2 2 10 1 719 721 720
3107 2 2 10 1 705 707 706
3108 2 2 10 1 733 735 734
3109 2 2 10 1 747 749 748
3110 2 2 10 1 761 763 762
3111 2 2 10 1 775 777 776
3112 2 2 10 1 1418 1420 1419
3113 2 2 10 1 789 791 790
3114 2 2 10 1 709 711 710
3115 2 2 10 1 723 725 724
3116 2 2 10 1 695 697 696
3117 2 2 10 1 737 739 738
3118 2 2 10 1 751 753 752
3119 2 2 10 1 1480 1492 1491
3120 2 2 10 1 681 683 682
3121 2 2 10 1 667 669 668
3122 2 2 10 1 652 654 653
3123 2 2 10 1 685 687 686
3124 2 2 10 1 671 673 672
3125 2 2 10 1 656 659 657
3126 2 2 10 1 1392 1394 1393
3127 2 2 10 1 1531 1533 1532
3128 2 2 10 1 699 701 700
3129 2 2 10 1 691 693 692
3130 2 2 10 1 743 745 744
3131 2 2 10 1 781 783 782
3132 2 2 10 1 1330 1332 1331
3133 2 2 10 1 677 679 678
3134 2 2 10 1 663 665 664
3135 2 2 10 1 729 731 730
3136 2 2 10 1 647 649 648
3137 2 2 10 1 767 769 768
3138 2 2 10 1 713 715 714
3139 2 2 10 1 715 717 716
3140 2 2 10 1 1280 1282 1281
3141 2 2 10 1 1525 1555 1413
3142 2 2 10 1 791 793 792
3143 2 2 10 1 1311 1322 1321
3144 2 2 10 1 1380 1382 1381
3145 2 2 10 1 753 755 754
3146 2 2 10 1 701 703 702
3147 2 2 10 1 765 767 766
3148 2 2 10 1 1454 1456 1455
3149 2 2 10 1 687 689 688
3150 2 2 10 1 739 741 740
3151 2 2 10 1 673 675 674
3152 2 2 10 1 777 779 778
3153 2 2 10 1 727 729 728
3154 2 2 10 1 1354 1356 1355
3155 2 2 10 1 645 647 646
3156 2 2 10 1 1299 1302 1301
3157 2 2 10 1 659 661 660
3158 2 2 10 1 428 2051 578
3159 2 2 10 1 1748 1749 1747
3160 2 2 10 1 643 645 644
3161 2 2 10 1 725 727 726
3162 2 2 10 1 1366 1368 1367
3163 2 2 10 1 1179 1261 1115
3164 2 2 10 1 661 663 662
3165 2 2 10 1 763 765 764
3166 2 2 10 1 711 713 712
3167 2 2 10 1 1288 1290 1289
3168 2 2 10 1 1432 1438 1437
3169 2 2 10 1 675 677 676
3170 2 2 10 1 1171 2197 500
3171 2 2 10 1 779 781 780
3172 2 2 10 1 697 699 698
3173 2 2 10 1 683 685 684
3174 2 2 10 1 669 671 670
3175 2 2 10 1 654 656 655
3176 2 2 10 1 749 751 750
3177 2 2 10 1 735 737 736
3178 2 2 10 1 787 789 788
3179 2 2 10 1 721 723 722
3180 2 2 10 1 741 743 742
3181 2 2 10 1 773 775 774
3182 2 2 10 1 707 709 708
3183 2 2 10 1 759 761 760
3184 2 2 10 1 797 799 798
3185 2 2 10 1 1350 1354 1353
3186 2 2 10 1 693 695 694
3187 2 2 10 1 745 747 746
3188 2 2 10 1 1271 1535 1270
3189 2 2 10 1 679 681 680
3190 2 2 10 1 1290 1292 1291
3191 2 2 10 1 783 785 784
3192 2 2 10 1 689 691 690
3193 2 2 10 1 665 667 666
3194 2 2 10 1 649 652 650
3195 2 2 10 1 731 733 732
3196 2 2 10 1 769 771 770
3197 2 2 10 1 717 719 718
3198 2 2 10 1 514 516 515
3199 2 2 10 1 440 442 441
3200 2 2 10 1 536 538 537
3201 2 2 10 1 414 416 415
3202 2 2 10 1 488 490 489
3203 2 2 10 1 558 560 559
3204 2 2 10 1 1307 1309 1308
3205 2 2 10 1 462 464 463
3206 2 2 10 1 510 512 511
3207 2 2 10 1 436 438 437
3208 2 2 10 1 532 534 533
3209 2 2 10 1 1409 1418 1417
3210 2 2 10 1 484 486 485
3211 2 2 10 1 554 556 555
3212 2 2 10 1 410 412 411
3213 2 2 10 1 506 508 507
3214 2 2 10 1 458 460 459
3215 2 2 10 1 846 2292 812
3216 2 2 10 1 1294 1297 1296
3217 2 2 10 1 432 434 433
3218 2 2 10 1 528 530 529
3219 2 2 10 1 480 482 481
3220 2 2 10 1 550 552 551
3221 2 2 10 1 1374 1378 1377
3222 2 2 10 1 1497 1531 1530
3223 2 2 10 1 454 456 455
3224 2 2 10 1 502 504 503
3225 2 2 10 1 428 430 429
3226 2 2 10 1 703 705 704
3227 2 2 10 1 1438 1440 1439
3228 2 2 10 1 755 757 756
3229 2 2 10 1 793 795 794
3230 2 2 10 1 1336 1339 1338
3231 2 2 10 1 406 408 407
3232 2 2 10 1 466 468 467
3233 2 2 10 1 1326 1328 1327
3234 2 2 10 1 1284 1286 1285
3235 2 2 10 1 476 478 477
3236 2 2 10 1 1442 1451 1450
3237 2 2 10 1 1362 1364 1363
3238 2 2 10 1 524 526 525
3239 2 2 10 1 2171 2172 2170
3240 2 2 10 1 450 452 451
3241 2 2 10 1 1386 1388 1387
3242 2 2 10 1 1343 1348 1347
3243 2 2 10 1 1422 1429 1428
3244 2 2 10 1 424 426 425
3245 2 2 10 1 546 548 547
3246 2 2 10 1 498 500 499
3247 2 2 10 1 1563 1565 1564
3248 2 2 10 1 1471 1478 1477
3249 2 2 10 1 492 494 493
3250 2 2 10 1 540 542 541
3251 2 2 10 1 1332 1334 1333
3252 2 2 10 1 1394 1407 1406
3253 2 2 10 1 1492 1495 1494
3254 2 2 10 1 472 474 473
3255 2 2 10 1 1322 1324 1323
3256 2 2 10 1 520 522 521
3257 2 2 10 1 1382 1384 1383
3258 2 2 10 1 418 420 419
3259 2 2 10 1 1456 1469 1468
3260 2 2 10 1 955 956 954
3261 2 2 10 1 446 448 447
3262 2 2 10 1 1302 1304 1303
3263 2 2 10 1 2085 2086 2082
3264 2 2 10 1 1368 1372 1371
3265 2 2 10 1 420 422 421
3266 2 2 10 1 2079 2080 2078
3267 2 2 10 1 444 446 445
3268 2 2 10 1 542 544 543
3269 2 2 10 1 494 496 495
3270 2 2 10 1 1758 1767 1757
3271 2 2 10 1 518 520 519
3272 2 2 10 1 2069 2070 2068
3273 2 2 10 1 468 470 469
3274 2 2 10 1 470 472 471
3275 2 2 10 1 516 518 517
3276 2 2 10 1 442 444 443
3277 2 2 10 1 2075 2076 2074
3278 2 2 10 1 416 418 417
3279 2 2 10 1 538 540 539
3280 2 2 10 1 490 492 491
3281 2 2 10 1 496 498 497
3282 2 2 10 1 464 466 465
3283 2 2 10 1 544 546 545
3284 2 2 10 1 422 424 423
3285 2 2 10 1 438 440 439
3286 2 2 10 1 512 514 513
3287 2 2 10 1 642 2329 640
3288 2 2 10 1 412 414 413
3289 2 2 10 1 486 488 487
3290 2 2 10 1 534 536 535
3291 2 2 10 1 460 462 461
3292 2 2 10 1 398 400 399
3293 2 2 10 1 556 558 557
3294 2 2 10 1 434 436 435
3295 2 2 10 1 508 510 509
3296 2 2 10 1 408 410 409
3297 2 2 10 1 918 919 917
3298 2 2 10 1 448 450 449
3299 2 2 10 1 2071 2072 2070
3300 2 2 10 1 482 484 483
3301 2 2 10 1 530 532 531
3302 2 2 10 1 456 458 457
3303 2 2 10 1 430 432 431
3304 2 2 10 1 552 554 553
3305 2 2 10 1 1037 1038 1036
3306 2 2 10 1 973 974 972
3307 2 2 10 1 504 506 505
3308 2 2 10 1 1091 1092 1090
3309 2 2 10 1 1027 1028 1026
3310 2 2 10 1 957 958 956
3311 2 2 10 1 963 964 962
3312 2 2 10 1 522 524 523
3313 2 2 10 1 1081 1082 1080
3314 2 2 10 1 1017 1018 1016
3315 2 2 10 1 478 480 479
3316 2 2 10 1 1071 1072 1070
3317 2 2 10 1 1007 1008 1006
3318 2 2 10 1 526 528 527
3319 2 2 10 1 1061 1062 1060
3320 2 2 10 1 997 998 996
3321 2 2 10 1 2067 2068 2066
3322 2 2 10 1 474 476 475
3323 2 2 10 1 1051 1052 1050
3324 2 2 10 1 987 988 986
3325 2 2 10 1 452 454 453
3326 2 2 10 1 1041 1042 1040
3327 2 2 10 1 977 978 976
3328 2 2 10 1 1031 1032 1030
3329 2 2 10 1 967 968 966
3330 2 2 10 1 426 428 427
3331 2 2 10 1 1085 1086 1084
3332 2 2 10 1 1021 1022 1020
3333 2 2 10 1 548 550 549
3334 2 2 10 1 1047 1048 1046
3335 2 2 10 1 1075 1076 1074
3336 2 2 10 1 1011 1012 1010
3337 2 2 10 1 983 984 982
3338 2 2 10 1 500 502 501
3339 2 2 10 1 2073 2074 2072
3340 2 2 10 1 1057 1058 1056
3341 2 2 10 1 993 994 992
3342 2 2 10 1 2087 2088 2086
3343 2 2 10 1 1001 1002 1000
3344 2 2 10 1 2081 2082 2080
3345 2 2 10 1 1065 1066 1064
3346 2 2 10 1 1067 1068 1066
3347 2 2 10 1 1003 1004 1002
3348 2 2 10 1 1499 1500 1498
3349 2 2 10 1 404 406 405
3350 2 2 10 1 904 905 903
3351 2 2 10 1 2077 2078 2076
3352 2 2 10 1 1077 1078 1076
3353 2 2 10 1 1013 1014 1012
3354 2 2 10 1 1087 1088 1086
3355 2 2 10 1 959 960 958
3356 2 2 10 1 1023 1024 1022
3357 2 2 10 1 920 923 919
3358 2 2 10 1 2064 2202 2061
3359 2 2 10 1 991 992 990
3360 2 2 10 1 945 946 944
3361 2 2 10 1 1055 1056 1054
3362 2 2 10 1 933 936 932
3363 2 2 10 1 969 970 968
3364 2 2 10 1 1033 1034 1032
3365 2 2 10 1 949 950 948
3366 2 2 10 1 939 940 938
3367 2 2 10 1 979 980 978
3368 2 2 10 1 1043 1044 1042
3369 2 2 10 1 929 930 928
3370 2 2 10 1 438 580 440
3371 2 2 10 1 1053 1054 1052
3372 2 2 10 1 989 990 988
3373 2 2 10 1 502 2197 571
3374 2 2 10 1 2175 2176 2174
3375 2 2 10 1 981 982 980
3376 2 2 10 1 1045 1046 1044
3377 2 2 10 1 2185 2186 2184
3378 2 2 10 1 906 907 905
3379 2 2 10 1 1063 1064 1062
3380 2 2 10 1 999 1000 998
3381 2 2 10 1 975 976 974
3382 2 2 10 1 1039 1040 1038
3383 2 2 10 1 965 966 964
3384 2 2 10 1 1029 1030 1028
3385 2 2 10 1 1093 1151 1092
3386 2 2 10 1 1019 1020 1018
3387 2 2 10 1 1083 1084 1082
3388 2 2 10 1 1009 1010 1008
3389 2 2 10 1 926 928 925
3390 2 2 10 1 1073 1074 1072
3391 2 2 10 1 941 942 940
3392 2 2 10 1 985 986 984
3393 2 2 10 1 1049 1050 1048
3394 2 2 10 1 1059 1060 1058
3395 2 2 10 1 995 996 994
3396 2 2 10 1 2181 2182 2180
3397 2 2 10 1 1069 1070 1068
3398 2 2 10 1 1005 1006 1004
3399 2 2 10 1 2179 2180 2178
3400 2 2 10 1 1079 1080 1078
3401 2 2 10 1 1015 1016 1014
3402 2 2 10 1 1089 1090 1088
3403 2 2 10 1 961 962 960
3404 2 2 10 1 1025 1026 1024
3405 2 2 10 1 2033 2199 933
3406 2 2 10 1 1035 1036 1034
3407 2 2 10 1 971 972 970
3408 2 2 10 1 626 628 627
3409 2 2 10 1 2177 2178 2176
3410 2 2 10 1 924 925 923
3411 2 2 10 1 2173 2174 2172
3412 2 2 10 1 947 948 946
3413 2 2 10 1 937 938 936
3414 2 2 10 1 2187 2188 2186
3415 2 2 10 1 579 2359 490
3416 2 2 10 1 931 932 930
3417 2 2 10 1 2183 2184 2182
3418 2 2 10 1 943 944 942
3419 2 2 10 1 578 2053 430
3420 2 2 10 1 396 398 397
3421 2 2 10 1 394 395 393
3422 2 2 10 1 1501 1502 1500
3423 2 2 10 1 1619 1624 1618
3424 2 2 10 1 432 2053 1119
3425 2 2 10 1 1402 1404 1403
3426 2 2 10 1 444 583 446
3427 2 2 10 1 2192 2193 2191
3428 2 2 10 1 1205 1246 1245
3429 2 2 10 1 2096 2097 2094
3430 2 2 10 1 190 2048 340
3431 2 2 10 1 402 404 403
3432 2 2 10 1 1262 1462 1261
3433 2 2 10 1 1229 2200 1524
3434 2 2 10 1 628 630 629
3435 2 2 10 1 450 577 452
3436 2 2 10 1 574 2196 496
3437 2 2 10 1 388 392 389
3438 2 2 10 1 386 388 387
3439 2 2 10 1 384 386 385
3440 2 2 10 1 382 384 383
3441 2 2 10 1 2003 2316 1242
3442 2 2 10 1 380 382 381
3443 2 2 10 1 498 2196 1171
3444 2 2 10 1 1763 1764 1762
3445 2 2 10 1 2244 2246 1175
3446 2 2 10 1 562 2309 556
3447 2 2 10 1 456 572 458
3448 2 2 10 1 890 2195 486
3449 2 2 10 1 379 839 377
3450 2 2 10 1 460 1150 462
3451 2 2 10 1 488 2195 579
3452 2 2 10 1 812 2046 808
3453 2 2 10 1 871 2201 1231
3454 2 2 10 1 466 573 468
3455 2 2 10 1 1763 1765 1764
3456 2 2 10 1 630 631 629
3457 2 2 10 1 470 887 472
3458 2 2 10 1 307 2709 2640
3459 2 2 10 1 474 575 476
3460 2 2 10 1 378 380 379
3461 2 2 10 1 394 396 395
3462 2 2 10 1 2068 2349 580
3463 2 2 10 1 480 576 482
3464 2 2 10 1 484 890 486
3465 2 2 10 1 488 579 490
3466 2 2 10 1 550 2246 552
3467 2 2 10 1 1933 2326 1220
3468 2 2 10 1 494 574 496
3469 2 2 10 1 498 1171 500
3470 2 2 10 1 502 571 504
3471 2 2 10 1 1175 2246 550
3472 2 2 10 1 730 2345 728
3473 2 2 10 1 1783 1785 1784
3474 2 2 10 1 1986 2365 616
3475 2 2 10 1 506 1176 508
3476 2 2 10 1 867 2160 1137
3477 2 2 10 1 510 569 512
3478 2 2 10 1 1523 2626 368
3479 2 2 10 1 615 2042 620
3480 2 2 10 1 389 2251 391
3481 2 2 10 1 900 2043 1188
3482 2 2 10 1 837 2200 912
3483 2 2 10 1 1256 2363 1268
3484 2 2 10 1 1235 2045 1237
3485 2 2 10 1 377 2156 375
3486 2 2 10 1 1464 2363 1257
3487 2 2 10 1 390 2157 387
3488 2 2 10 1 376 378 377
3489 2 2 10 1 516 565 518
3490 2 2 10 1 2061 2202 1119
3491 2 2 10 1 573 2144 468
3492 2 2 10 1 470 2144 887
3493 2 2 10 1 634 2201 636
3494 2 2 10 1 522 1155 524
3495 2 2 10 1 2564 2662 1436
3496 2 2 10 1 839 2156 377
3497 2 2 10 1 1149 2043 900
3498 2 2 10 1 526 566 528
3499 2 2 10 1 2190 2191 2188
3500 2 2 10 1 620 2042 639
3501 2 2 10 1 568 2029 1103
3502 2 2 10 1 1188 2043 1423
3503 2 2 10 1 1231 2201 1546
3504 2 2 10 1 1237 2045 1277
3505 2 2 10 1 532 567 534
3506 2 2 10 1 575 2158 476
3507 2 2 10 1 638 2028 637
3508 2 2 10 1 391 2234 394
3509 2 2 10 1 342 2107 48
3510 2 2 10 1 1258 1525 1413
3511 2 2 10 1 814 935 849
3512 2 2 10 1 894 1179 1115
3513 2 2 10 1 538 570 540
3514 2 2 10 1 1229 1524 1313
3515 2 2 10 1 480 2161 576
3516 2 2 10 1 1108 2157 390
3517 2 2 10 1 1231 1546 1239
3518 2 2 10 1 626 627 622
3519 2 2 10 1 2217 2219 2215
3520 2 2 10 1 1168 1169 1135
3521 2 2 10 1 211 2669 1659
3522 2 2 10 1 560 568 564
3523 2 2 10 1 237 2136 236
3524 2 2 10 1 135 2109 134
3525 2 2 10 1 146 2138 145
3526 2 2 10 1 25 2124 24
3527 2 2 10 1 74 2118 73
3528 2 2 10 1 103 294 102
3529 2 2 10 1 110 319 109
3530 2 2 10 1 112 367 111
3531 2 2 10 1 147 323 146
3532 2 2 10 1 152 324 151
3533 2 2 10 1 72 2133 71
3534 2 2 10 1 63 345 62
3535 2 2 10 1 173 278 172
3536 2 2 10 1 179 333 178
3537 2 2 10 1 182 280 181
3538 2 2 10 1 62 2131 61
3539 2 2 10 1 70 2121 69
3540 2 2 10 1 78 269 77
3541 2 2 10 1 86 313 85
3542 2 2 10 1 96 335 95
3543 2 2 10 1 98 265 97
3544 2 2 10 1 101 336 100
3545 2 2 10 1 105 357 104
3546 2 2 10 1 107 306 106
3547 2 2 10 1 43 347 42
3548 2 2 10 1 136 363 135
3549 2 2 10 1 141 302 140
3550 2 2 10 1 199 2115 198
3551 2 2 10 1 203 273 202
3552 2 2 10 1 207 2116 206
3553 2 2 10 1 215 334 214
3554 2 2 10 1 225 356 224
3555 2 2 10 1 227 300 226
3556 2 2 10 1 238 315 237
3557 2 2 10 1 138 316 137
3558 2 2 10 1 143 341 142
3559 2 2 10 1 197 2130 196
3560 2 2 10 1 175 354 174
3561 2 2 10 1 51 283 50
3562 2 2 10 1 68 2132 67
3563 2 2 10 1 46 288 45
3564 2 2 10 1 49 342 48
3565 2 2 10 1 54 331 53
3566 2 2 10 1 59 332 58
3567 2 2 10 1 65 301 64
3568 2 2 10 1 67 353 66
3569 2 2 10 1 169 311 168
3570 2 2 10 1 171 339 170
3571 2 2 10 1 176 2122 175
3572 2 2 10 1 188 289 187
3573 2 2 10 1 193 290 192
3574 2 2 10 1 196 337 195
3575 2 2 10 1 64 2120 63
3576 2 2 10 1 60 2117 59
3577 2 2 10 1 20 279 19
3578 2 2 10 1 23 314 22
3579 2 2 10 1 26 286 25
3580 2 2 10 1 174 2113 173
3581 2 2 10 1 189 2114 188
3582 2 2 10 1 13 358 12
3583 2 2 10 1 15 295 14
3584 2 2 10 1 6 368 5
3585 2 2 10 1 8 320 7
3586 2 2 10 1 178 2129 177
3587 2 2 10 1 213 270 212
3588 2 2 10 1 18 355 17
3589 2 2 10 1 29 346 28
3590 2 2 10 1 31 285 30
3591 2 2 10 1 34 350 33
3592 2 2 10 1 11 307 10
3593 2 2 10 1 14 2108 13
3594 2 2 10 1 30 2137 29
3595 2 2 10 1 39 348 38
3596 2 2 10 1 41 291 40
3597 2 2 10 1 36 287 35
3598 2 2 10 1 69 271 68
3599 2 2 10 1 71 344 70
3600 2 2 10 1 73 299 72
3601 2 2 10 1 75 329 74
3602 2 2 10 1 81 325 80
3603 2 2 10 1 83 282 82
3604 2 2 10 1 89 281 88
3605 2 2 10 1 91 330 90
3606 2 2 10 1 66 2126 65
3607 2 2 10 1 161 263 160
3608 2 2 10 1 198 274 197
3609 2 2 10 1 200 326 199
3610 2 2 10 1 206 327 205
3611 2 2 10 1 208 272 207
3612 2 2 10 1 210 343 209
3613 2 2 10 1 218 268 217
3614 2 2 10 1 220 328 219
3615 2 2 10 1 223 267 222
3616 2 2 10 1 229 351 228
3617 2 2 10 1 231 266 230
3618 2 2 10 1 233 352 232
3619 2 2 10 1 235 303 234
3620 2 2 10 1 240 364 239
3621 2 2 10 1 241 369 240
3622 2 2 10 1 82 2111 81
3623 2 2 10 1 56 275 55
3624 2 2 10 1 61 276 60
3625 2 2 10 1 156 349 155
3626 2 2 10 1 158 310 157
3627 2 2 10 1 163 338 162
3628 2 2 10 1 166 284 165
3629 2 2 10 1 177 298 176
3630 2 2 10 1 185 312 184
3631 2 2 10 1 190 340 189
3632 2 2 10 1 35 2123 34
3633 2 2 10 1 148 2110 147
3634 2 2 10 1 172 2128 171
3635 2 2 10 1 170 2127 169
3636 2 2 10 1 93 297 92
3637 2 2 10 1 145 277 144
3638 2 2 10 1 149 296 148
3639 2 2 10 1 154 264 153
3640 2 2 10 1 157 2134 156
3641 2 2 10 1 209 2135 208
3642 2 2 10 1 90 2119 89
3643 2 2 10 1 162 2125 161
3644 2 2 10 1 137 2139 136
3645 2 2 10 1 144 2140 143
3646 2 2 10 1 239 2142 238
3647 2 2 10 1 12 2141 11
3648 2 2 10 1 142 2112 141
3649 2 2 10 1 426 2051 428
3650 2 2 10 1 1785 1787 1786
3651 2 2 10 1 544 563 546
3652 2 2 10 1 2102 2202 2064
3653 2 2 10 1 839 2445 2156
3654 2 2 10 1 430 2053 432
3655 2 2 10 1 2222 2226 566
3656 2 2 10 1 1587 2328 2124
3657 2 2 10 1 2163 2194 576
3658 2 2 10 1 548 1175 550
3659 2 2 10 1 374 376 375
3660 2 2 10 1 1124 2322 2052
3661 2 2 10 1 554 562 556
3662 2 2 10 1 807 2143 809
3663 2 2 10 1 2246 2270 552
3664 2 2 10 1 383 618 381
3665 2 2 10 1 1976 2402 738
3666 2 2 10 1 1546 2047 1239
3667 2 2 10 1 817 2291 815
3668 2 2 10 1 370 371 364
3669 2 2 10 1 625 2248 626
3670 2 2 10 1 1968 2522 1969
3671 2 2 10 1 1179 1262 1261
3672 2 2 10 1 372 373 371
3673 2 2 10 1 1582 1583 1581
3674 2 2 10 1 895 896 799
3675 2 2 10 1 1318 1319 1317
3676 2 2 10 1 1262 1463 1462
3677 2 2 10 1 628 629 627
3678 2 2 10 1 1151 1225 1191
3679 2 2 10 1 2229 2233 567
3680 2 2 10 1 401 402 400
3681 2 2 10 1 394 891 396
3682 2 2 10 1 468 2144 470
3683 2 2 10 1 388 389 387
3684 2 2 10 1 386 387 385
3685 2 2 10 1 384 385 383
3686 2 2 10 1 2237 2241 2235
3687 2 2 10 1 382 383 381
3688 2 2 10 1 571 2204 504
3689 2 2 10 1 374 375 373
3690 2 2 10 1 1248 2332 373
3691 2 2 10 1 554 2270 562
3692 2 2 10 1 489 2294 601
3693 2 2 10 1 1270 2292 1127
3694 2 2 10 1 1401 1402 1319
3695 2 2 10 1 372 374 373
3696 2 2 10 1 1204 1205 896
3697 2 2 10 1 856 2385 734
3698 2 2 10 1 1459 1554 1251
3699 2 2 10 1 380 381 379
3700 2 2 10 1 1225 1359 1358
3701 2 2 10 1 1358 1360 1191
3702 2 2 10 1 476 2158 478
3703 2 2 10 1 506 2204 1176
3704 2 2 10 1 379 2250 839
3705 2 2 10 1 732 2385 859
3706 2 2 10 1 895 1250 1204
3707 2 2 10 1 478 2161 480
3708 2 2 10 1 2158 2161 478
3709 2 2 10 1 1318 1515 1401
3710 2 2 10 1 1250 1390 1251
3711 2 2 10 1 903 2293 833
3712 2 2 10 1 2649 2655 2280
3713 2 2 10 1 391 393 390
3714 2 2 10 1 1586 2124 286
3715 2 2 10 1 1901 2417 1832
3716 2 2 10 1 1507 1508 1506
3717 2 2 10 1 896 2027 799
3718 2 2 10 1 378 379 377
3719 2 2 10 1 565 2215 518
3720 2 2 10 1 2034 2143 807
3721 2 2 10 1 376 377 375
3722 2 2 10 1 1765 1766 1764
3723 2 2 10 1 636 2201 871
3724 2 2 10 1 370 372 371
3725 2 2 10 1 504 2204 506
3726 2 2 10 1 820 2028 638
3727 2 2 10 1 2225 2226 2222
3728 2 2 10 1 2170 2194 2163
3729 2 2 10 1 1103 2029 2011
3730 2 2 10 1 1155 2220 524
3731 2 2 10 1 1127 2292 846
3732 2 2 10 1 1372 1375 1374
3733 2 2 10 1 1304 1320 1307
3734 2 2 10 1 1356 1461 1362
3735 2 2 10 1 1407 1513 1409
3736 2 2 10 1 1578 1582 1581
3737 2 2 10 1 1955 1964 1957
3738 2 2 10 1 1480 1493 1492
3739 2 2 10 1 1734 2013 1740
3740 2 2 10 1 1364 1474 1366
3741 2 2 10 1 1378 1517 1380
3742 2 2 10 1 1330 1389 1332
3743 2 2 10 1 526 2220 566
3744 2 2 10 1 1388 1395 1392
3745 2 2 10 1 1814 2012 1816
3746 2 2 10 1 1838 2014 1841
3747 2 2 10 1 705 1166 707
3748 2 2 10 1 1471 1481 1478
3749 2 2 10 1 771 922 773
3750 2 2 10 1 733 1154 735
3751 2 2 10 1 743 1143 745
3752 2 2 10 1 652 1170 654
3753 2 2 10 1 1311 1344 1322
3754 2 2 10 1 785 1123 787
3755 2 2 10 1 747 916 749
3756 2 2 10 1 1418 1482 1420
3757 2 2 10 1 709 921 711
3758 2 2 10 1 1442 1452 1451
3759 2 2 10 1 663 1122 665
3760 2 2 10 1 2066 2102 2064
3761 2 2 10 1 641 1178 643
3762 2 2 10 1 723 911 725
3763 2 2 10 1 1246 1318 1317
3764 2 2 10 1 729 1156 731
3765 2 2 10 1 775 1118 777
3766 2 2 10 1 1326 1397 1328
3767 2 2 10 1 656 1117 659
3768 2 2 10 1 647 897 649
3769 2 2 10 1 1563 1566 1565
3770 2 2 10 1 1299 1449 1302
3771 2 2 10 1 1497 1534 1531
3772 2 2 10 1 767 874 769
3773 2 2 10 1 789 868 791
3774 2 2 10 1 1280 1527 1282
3775 2 2 10 1 1336 1346 1339
3776 2 2 10 1 1422 1430 1429
3777 2 2 10 1 713 1158 715
3778 2 2 10 1 1350 1447 1354
3779 2 2 10 1 1294 1466 1297
3780 2 2 10 1 753 927 755
3781 2 2 10 1 701 888 703
3782 2 2 10 1 974 1165 972
3783 2 2 10 1 1343 1351 1348
3784 2 2 10 1 1438 1458 1440
3785 2 2 10 1 1284 1295 1286
3786 2 2 10 1 1290 1475 1292
3787 2 2 10 1 687 1141 689
3788 2 2 10 1 1456 1472 1469
3789 2 2 10 1 964 1121 962
3790 2 2 10 1 1382 1542 1384
3791 2 2 10 1 739 881 741
3792 2 2 10 1 675 1139 677
3793 2 2 10 1 779 873 781
3794 2 2 10 1 1018 1102 1016
3795 2 2 10 1 1082 1111 1080
3796 2 2 10 1 797 895 799
3797 2 2 10 1 683 1177 685
3798 2 2 10 1 759 1107 761
3799 2 2 10 1 669 1132 671
3800 2 2 10 1 697 1172 699
3801 2 2 10 1 693 889 695
3802 2 2 10 1 679 892 681
3803 2 2 10 1 717 1160 719
3804 2 2 10 1 793 1142 795
3805 2 2 10 1 994 1100 992
3806 2 2 10 1 763 1157 765
3807 2 2 10 1 2086 2089 2082
3808 2 2 10 1 1749 1995 1747
3809 2 2 10 1 1535 1539 1270
3810 2 2 10 1 1042 1140 1040
3811 2 2 10 1 1078 1109 1076
3812 2 2 10 1 398 401 400
3813 2 2 10 1 958 1153 956
3814 2 2 10 1 1086 1113 1084
3815 2 2 10 1 936 1209 932
3816 2 2 10 1 2072 2091 2070
3817 2 2 10 1 1012 1116 1010
3818 2 2 10 1 1024 1099 1022
3819 2 2 10 1 923 1249 919
3820 2 2 10 1 970 1110 968
3821 2 2 10 1 518 2215 520
3822 2 2 10 1 2078 2084 2076
3823 2 2 10 1 980 1097 978
3824 2 2 10 1 1056 1112 1054
3825 2 2 10 1 942 1199 940
3826 2 2 10 1 990 1161 988
3827 2 2 10 1 1046 1129 1044
3828 2 2 10 1 1064 1101 1062
3829 2 2 10 1 1000 1106 998
3830 2 2 10 1 1074 1105 1072
3831 2 2 10 1 928 1252 925
3832 2 2 10 1 1151 1191 1092
3833 2 2 10 1 1030 1095 1028
3834 2 2 10 1 905 1247 903
3835 2 2 10 1 1050 1096 1048
3836 2 2 10 1 986 1164 984
3837 2 2 10 1 1036 1094 1034
3838 2 2 10 1 1060 1104 1058
3839 2 2 10 1 1070 1098 1068
3840 2 2 10 1 1006 1130 1004
3841 2 2 10 1 1090 1192 1088
3842 2 2 10 1 2180 2189 2178
3843 2 2 10 1 1927 2049 2048
3844 2 2 10 1 948 1189 946
3845 2 2 10 1 833 2293 821
3846 2 2 10 1 2224 2382 2225
3847 2 2 10 1 2264 2265 2263
3848 2 2 10 1 394 2234 891
3849 2 2 10 1 524 2220 526
3850 2 2 10 1 917 2291 817
3851 2 2 10 1 607 2306 1811
3852 2 2 10 1 592 2297 1731
3853 2 2 10 1 589 2307 1835
3854 2 2 10 1 910 2105 907
3855 2 2 10 1 1242 2316 2034
3856 2 2 10 1 2247 2270 2246
3857 2 2 10 1 391 394 393
3858 2 2 10 1 522 2219 1155
3859 2 2 10 1 1161 2495 1851
3860 2 2 10 1 629 1184 627
3861 2 2 10 1 1179 1263 1262
3862 2 2 10 1 389 390 387
3863 2 2 10 1 1888 2486 1887
3864 2 2 10 1 540 2235 542
3865 2 2 10 1 567 2233 534
3866 2 2 10 1 1719 2339 1997
3867 2 2 10 1 570 2235 540
3868 2 2 10 1 337 2778 2377
3869 2 2 10 1 2148 2364 2146
3870 2 2 10 1 2225 2227 2226
3871 2 2 10 1 2003 2369 2316
3872 2 2 10 1 546 2242 548
3873 2 2 10 1 2221 2593 2223
3874 2 2 10 1 895 1204 896
3875 2 2 10 1 1318 1401 1319
3876 2 2 10 1 320 2680 1521
3877 2 2 10 1 1225 1358 1191
3878 2 2 10 1 391 2251 2234
3879 2 2 10 1 389 391 390
3880 2 2 10 1 1401 1483 1402
3881 2 2 10 1 1135 2203 910
3882 2 2 10 1 1358 1476 1360
3883 2 2 10 1 1250 1251 1204
3884 2 2 10 1 1390 1459 1251
3885 2 2 10 1 563 2242 546
3886 2 2 10 1 622 2311 392
3887 2 2 10 1 849 2312 894
3888 2 2 10 1 548 2242 1175
3889 2 2 10 1 712 2371 710
3890 2 2 10 1 1744 2308 600
3891 2 2 10 1 2264 2266 2265
3892 2 2 10 1 2520 2667 1762
3893 2 2 10 1 646 2375 644
3894 2 2 10 1 597 2333 1952
3895 2 2 10 1 784 2315 882
3896 2 2 10 1 618 2250 381
3897 2 2 10 1 2142 2332 315
3898 2 2 10 1 520 2219 522
3899 2 2 10 1 1539 2292 1270
3900 2 2 10 1 1536 2340 1535
3901 2 2 10 1 544 2241 563
3902 2 2 10 1 1583 2336 1584
3903 2 2 10 1 1247 2293 903
3904 2 2 10 1 2232 2233 2229
3905 2 2 10 1 2215 2219 520
3906 2 2 10 1 1608 2380 2326
3907 2 2 10 1 1025 2380 1027
3908 2 2 10 1 907 2105 905
3909 2 2 10 1 2323 2348 897
3910 2 2 10 1 542 2241 544
3911 2 2 10 1 1605 2752 1603
3912 2 2 10 1 1853 2313 1849
3913 2 2 10 1 363 2109 135
3914 2 2 10 1 316 2139 137
3915 2 2 10 1 238 2142 315
3916 2 2 10 1 315 2136 237
3917 2 2 10 1 143 2140 341
3918 2 2 10 1 295 2108 14
3919 2 2 10 1 298 2122 176
3920 2 2 10 1 286 2124 25
3921 2 2 10 1 145 2138 277
3922 2 2 10 1 147 2110 323
3923 2 2 10 1 339 2127 170
3924 2 2 10 1 171 2128 339
3925 2 2 10 1 353 2126 66
3926 2 2 10 1 333 2129 178
3927 2 2 10 1 345 2131 62
3928 2 2 10 1 63 2120 345
3929 2 2 10 1 13 2108 358
3930 2 2 10 1 338 2125 162
3931 2 2 10 1 340 2114 189
3932 2 2 10 1 73 2118 299
3933 2 2 10 1 188 2114 289
3934 2 2 10 1 276 2117 60
3935 2 2 10 1 301 2120 64
3936 2 2 10 1 274 2130 197
3937 2 2 10 1 173 2113 278
3938 2 2 10 1 177 2129 298
3939 2 2 10 1 59 2117 332
3940 2 2 10 1 206 2116 327
3941 2 2 10 1 240 369 364
3942 2 2 10 1 65 2126 301
3943 2 2 10 1 67 2132 353
3944 2 2 10 1 285 2137 30
3945 2 2 10 1 287 2123 35
3946 2 2 10 1 329 2118 74
3947 2 2 10 1 61 2131 276
3948 2 2 10 1 282 2111 82
3949 2 2 10 1 175 2122 354
3950 2 2 10 1 196 2130 337
3951 2 2 10 1 198 2115 274
3952 2 2 10 1 89 2119 281
3953 2 2 10 1 69 2121 271
3954 2 2 10 1 71 2133 344
3955 2 2 10 1 326 2115 199
3956 2 2 10 1 354 2113 174
3957 2 2 10 1 310 2134 157
3958 2 2 10 1 278 2128 172
3959 2 2 10 1 34 2123 350
3960 2 2 10 1 169 2127 311
3961 2 2 10 1 272 2116 207
3962 2 2 10 1 344 2121 70
3963 2 2 10 1 29 2137 346
3964 2 2 10 1 271 2132 68
3965 2 2 10 1 81 2111 325
3966 2 2 10 1 341 2112 142
3967 2 2 10 1 208 2135 272
3968 2 2 10 1 299 2133 72
3969 2 2 10 1 343 2135 209
3970 2 2 10 1 323 2138 146
3971 2 2 10 1 156 2134 349
3972 2 2 10 1 161 2125 263
3973 2 2 10 1 296 2110 148
3974 2 2 10 1 330 2119 90
3975 2 2 10 1 11 2141 307
3976 2 2 10 1 358 2141 12
3977 2 2 10 1 136 2139 363
3978 2 2 10 1 141 2112 302
3979 2 2 10 1 277 2140 144
3980 2 2 10 1 364 2142 239
3981 2 2 10 1 392 2311 2251
3982 2 2 10 1 2105 2203 2106
3983 2 2 10 1 935 2312 849
3984 2 2 10 1 1169 2203 1135
3985 2 2 10 1 627 2311 622
3986 2 2 10 1 1476 2634 617
3987 2 2 10 1 1011 2319 1207
3988 2 2 10 1 2040 2327 1576
3989 2 2 10 1 2631 2721 1112
3990 2 2 10 1 1386 2252 1388
3991 2 2 10 1 894 2312 1179
3992 2 2 10 1 1982 2548 297
3993 2 2 10 1 643 2263 645
3994 2 2 10 1 711 2253 713
3995 2 2 10 1 777 2254 779
3996 2 2 10 1 1380 2272 1382
3997 2 2 10 1 791 2258 793
3998 2 2 10 1 773 2255 775
3999 2 2 10 1 677 2261 679
4000 2 2 10 1 1384 2273 1386
4001 2 2 10 1 654 2256 656
4002 2 2 10 1 795 2269 797
4003 2 2 10 1 2105 2106 1247
4004 2 2 10 1 1392 2279 1394
4005 2 2 10 1 1084 2267 1082
4006 2 2 10 1 707 2260 709
4007 2 2 10 1 695 2274 697
4008 2 2 10 1 369 370 364
4009 2 2 10 1 745 2268 747
4010 2 2 10 1 1072 2278 1070
4011 2 2 10 1 761 2277 763
4012 2 2 10 1 2235 2241 542
4013 2 2 10 1 1062 2284 1060
4014 2 2 10 1 769 2271 771
4015 2 2 10 1 685 2281 687
4016 2 2 10 1 1044 2275 1042
4017 2 2 10 1 1092 2285 1090
4018 2 2 10 1 699 2283 701
4019 2 2 10 1 765 2282 767
4020 2 2 10 1 703 2276 705
4021 2 2 10 1 1080 2280 1078
4022 2 2 10 1 1048 2287 1046
4023 2 2 10 1 1058 2286 1056
4024 2 2 10 1 1076 2290 1074
4025 2 2 10 1 992 2289 990
4026 2 2 10 1 972 2288 970
4027 2 2 10 1 32 2314 31
4028 2 2 10 1 28 2347 27
4029 2 2 10 1 1693 2393 2339
4030 2 2 10 1 534 2233 536
4031 2 2 10 1 1731 2297 1734
4032 2 2 10 1 1811 2306 1814
4033 2 2 10 1 1835 2307 1838
4034 2 2 10 1 639 2295 641
4035 2 2 10 1 1747 2308 1744
4036 2 2 10 1 2029 2309 2011
4037 2 2 10 1 1277 2296 1280
4038 2 2 10 1 736 2402 856
4039 2 2 10 1 910 2203 2105
4040 2 2 10 1 381 2250 379
4041 2 2 10 1 1905 2412 1904
4042 2 2 10 1 1404 2683 2356
4043 2 2 10 1 120 2304 119
4044 2 2 10 1 250 2300 249
4045 2 2 10 1 254 2302 253
4046 2 2 10 1 131 2303 130
4047 2 2 10 1 251 360 250
4048 2 2 10 1 252 2305 251
4049 2 2 10 1 253 293 252
4050 2 2 10 1 255 362 254
4051 2 2 10 1 256 2301 255
4052 2 2 10 1 257 309 256
4053 2 2 10 1 260 321 259
4054 2 2 10 1 245 2298 244
4055 2 2 10 1 246 318 245
4056 2 2 10 1 247 2299 246
4057 2 2 10 1 249 304 248
4058 2 2 10 1 244 365 243
4059 2 2 10 1 132 366 131
4060 2 2 10 1 116 322 115
4061 2 2 10 1 119 308 118
4062 2 2 10 1 123 292 122
4063 2 2 10 1 127 305 126
4064 2 2 10 1 130 317 129
4065 2 2 10 1 121 359 120
4066 2 2 10 1 125 361 124
4067 2 2 10 1 2044 2338 966
4068 2 2 10 1 919 2321 917
4069 2 2 10 1 864 2325 716
4070 2 2 10 1 786 2331 2315
4071 2 2 10 1 645 2323 647
4072 2 2 10 1 969 2393 971
4073 2 2 10 1 371 2142 364
4074 2 2 10 1 538 2318 570
4075 2 2 10 1 371 2332 2142
4076 2 2 10 1 1576 2327 1578
4077 2 2 10 1 1360 2285 1191
4078 2 2 10 1 905 2105 1247
4079 2 2 10 1 895 2269 1250
4080 2 2 10 1 2011 2397 2010
4081 2 2 10 1 2052 2322 2059
4082 2 2 10 1 2042 2295 639
4083 2 2 10 1 383 2320 618
4084 2 2 10 1 1394 2324 1407
4085 2 2 10 1 2220 2355 2221
4086 2 2 10 1 2045 2296 1277
4087 2 2 10 1 863 2406 706
4088 2 2 10 1 704 2406 857
4089 2 2 10 1 1824 2388 1863
4090 2 2 10 1 640 2329 836
4091 2 2 10 1 2103 2314 32
4092 2 2 10 1 2217 2330 2219
4093 2 2 10 1 31 2314 285
4094 2 2 10 1 24 2328 23
4095 2 2 10 1 2155 2364 575
4096 2 2 10 1 1842 2597 1843
4097 2 2 10 1 658 2409 653
4098 2 2 10 1 367 2661 1877
4099 2 2 10 1 650 2409 840
4100 2 2 10 1 1388 2252 1395
4101 2 2 10 1 1382 2272 1542
4102 2 2 10 1 984 2337 982
4103 2 2 10 1 793 2258 1142
4104 2 2 10 1 779 2254 873
4105 2 2 10 1 713 2253 1158
4106 2 2 10 1 1184 2311 627
4107 2 2 10 1 679 2261 892
4108 2 2 10 1 1166 2260 707
4109 2 2 10 1 1143 2268 745
4110 2 2 10 1 797 2269 895
4111 2 2 10 1 922 2255 773
4112 2 2 10 1 775 2255 1118
4113 2 2 10 1 1170 2256 654
4114 2 2 10 1 656 2256 1117
4115 2 2 10 1 874 2271 769
4116 2 2 10 1 1113 2267 1084
4117 2 2 10 1 888 2276 703
4118 2 2 10 1 1129 2275 1044
4119 2 2 10 1 1178 2263 643
4120 2 2 10 1 1078 2280 1109
4121 2 2 10 1 709 2260 921
4122 2 2 10 1 921 2253 711
4123 2 2 10 1 1082 2267 1111
4124 2 2 10 1 1952 2333 1955
4125 2 2 10 1 1172 2283 699
4126 2 2 10 1 1118 2254 777
4127 2 2 10 1 1157 2282 765
4128 2 2 10 1 970 2288 1110
4129 2 2 10 1 1177 2281 685
4130 2 2 10 1 747 2268 916
4131 2 2 10 1 1104 2286 1058
4132 2 2 10 1 1096 2287 1048
4133 2 2 10 1 1107 2277 761
4134 2 2 10 1 868 2258 791
4135 2 2 10 1 889 2274 695
4136 2 2 10 1 1139 2261 677
4137 2 2 10 1 1142 2269 795
4138 2 2 10 1 990 2289 1161
4139 2 2 10 1 1191 2285 1092
4140 2 2 10 1 697 2274 1172
4141 2 2 10 1 1542 2273 1384
4142 2 2 10 1 771 2271 922
4143 2 2 10 1 1074 2290 1105
4144 2 2 10 1 1517 2272 1380
4145 2 2 10 1 763 2277 1157
4146 2 2 10 1 1105 2278 1072
4147 2 2 10 1 1060 2284 1104
4148 2 2 10 1 705 2276 1166
4149 2 2 10 1 1070 2278 1098
4150 2 2 10 1 687 2281 1141
4151 2 2 10 1 1101 2284 1062
4152 2 2 10 1 767 2282 874
4153 2 2 10 1 1395 2279 1392
4154 2 2 10 1 701 2283 888
4155 2 2 10 1 1111 2280 1080
4156 2 2 10 1 1042 2275 1140
4157 2 2 10 1 1090 2285 1192
4158 2 2 10 1 1165 2288 972
4159 2 2 10 1 1046 2287 1129
4160 2 2 10 1 1056 2286 1112
4161 2 2 10 1 1100 2289 992
4162 2 2 10 1 1109 2290 1076
4163 2 2 10 1 1179 2312 1263
4164 2 2 10 1 2330 2355 1155
4165 2 2 10 1 1829 2427 1828
4166 2 2 10 1 966 2338 964
4167 2 2 10 1 1280 2296 1527
4168 2 2 10 1 641 2295 1178
4169 2 2 10 1 2326 2380 1220
4170 2 2 10 1 1170 2257 2256
4171 2 2 10 1 1178 2264 2263
4172 2 2 10 1 1139 2262 2261
4173 2 2 10 1 2124 2328 24
4174 2 2 10 1 23 2328 314
4175 2 2 10 1 1249 2321 919
4176 2 2 10 1 1734 2297 2013
4177 2 2 10 1 1814 2306 2012
4178 2 2 10 1 1838 2307 2014
4179 2 2 10 1 647 2323 897
4180 2 2 10 1 1791 2334 613
4181 2 2 10 1 2232 2318 2233
4182 2 2 10 1 1995 2308 1747
4183 2 2 10 1 1407 2324 1513
4184 2 2 10 1 1985 2436 748
4185 2 2 10 1 385 2320 383
4186 2 2 10 1 917 2321 2291
4187 2 2 10 1 1677 2757 180
4188 2 2 10 1 2265 2348 2323
4189 2 2 10 1 1386 2273 2252
4190 2 2 10 1 1584 2336 1588
4191 2 2 10 1 2157 2320 385
4192 2 2 10 1 2339 2393 1997
4193 2 2 10 1 186 2372 185
4194 2 2 10 1 575 2443 2158
4195 2 2 10 1 2263 2323 645
4196 2 2 10 1 1954 2647 1116
4197 2 2 10 1 2250 2564 1624
4198 2 2 10 1 2237 2343 2241
4199 2 2 10 1 2279 2324 1394
4200 2 2 10 1 2070 2349 2068
4201 2 2 10 1 725 2354 727
4202 2 2 10 1 536 2318 538
4203 2 2 10 1 1540 2340 1536
4204 2 2 10 1 2176 2359 579
4205 2 2 10 1 2265 2323 2263
4206 2 2 10 1 2219 2330 1155
4207 2 2 10 1 2233 2318 536
4208 2 2 10 1 1578 2327 1582
4209 2 2 10 1 603 2607 1970
4210 2 2 10 1 37 2384 36
4211 2 2 10 1 728 2345 853
4212 2 2 10 1 700 2426 854
4213 2 2 10 1 857 2426 702
4214 2 2 10 1 1168 2360 1169
4215 2 2 10 1 742 2428 875
4216 2 2 10 1 852 2428 744
4217 2 2 10 1 2178 2359 2176
4218 2 2 10 1 373 2332 371
4219 2 2 10 1 844 2430 657
4220 2 2 10 1 655 2430 658
4221 2 2 10 1 2257 2351 2256
4222 2 2 10 1 683 2346 1177
4223 2 2 10 1 892 2346 681
4224 2 2 10 1 1934 2450 666
4225 2 2 10 1 2256 2351 1117
4226 2 2 10 1 823 2370 1844
4227 2 2 10 1 1111 2649 2280
4228 2 2 10 1 1955 2333 1964
4229 2 2 10 1 1870 2358 1243
4230 2 2 10 1 1122 2352 665
4231 2 2 10 1 1164 2337 984
4232 2 2 10 1 2311 2356 2251
4233 2 2 10 1 681 2346 683
4234 2 2 10 1 1144 2520 1974
4235 2 2 10 1 1375 2353 1374
4236 2 2 10 1 1378 2353 1517
4237 2 2 10 1 1981 2458 762
4238 2 2 10 1 964 2338 1121
4239 2 2 10 1 2241 2343 563
4240 2 2 10 1 1284 2357 1295
4241 2 2 10 1 1527 2357 1282
4242 2 2 10 1 1032 2378 1030
4243 2 2 10 1 897 2361 649
4244 2 2 10 1 2011 2407 2397
4245 2 2 10 1 652 2361 1170
4246 2 2 10 1 1795 2631 1728
4247 2 2 10 1 746 2436 852
4248 2 2 10 1 1184 2356 2311
4249 2 2 10 1 2309 2407 2011
4250 2 2 10 1 1987 2635 604
4251 2 2 10 1 1977 2468 672
4252 2 2 10 1 1252 2362 925
4253 2 2 10 1 696 2437 851
4254 2 2 10 1 923 2362 1249
4255 2 2 10 1 854 2437 698
4256 2 2 10 1 2243 2494 2245
4257 2 2 10 1 660 2438 844
4258 2 2 10 1 845 2438 662
4259 2 2 10 1 1418 2366 1482
4260 2 2 10 1 1513 2366 1409
4261 2 2 10 1 87 2400 86
4262 2 2 10 1 665 2352 667
4263 2 2 10 1 1121 2367 962
4264 2 2 10 1 1117 2368 659
4265 2 2 10 1 563 2350 2242
4266 2 2 10 1 719 2389 721
4267 2 2 10 1 2242 2350 2243
4268 2 2 10 1 772 2442 1965
4269 2 2 10 1 2225 2382 2228
4270 2 2 10 1 1255 2360 1168
4271 2 2 10 1 878 2442 774
4272 2 2 10 1 669 2374 1132
4273 2 2 10 1 675 2376 1139
4274 2 2 10 1 1374 2353 1378
4275 2 2 10 1 346 2347 28
4276 2 2 10 1 1257 2363 1256
4277 2 2 10 1 1132 2381 671
4278 2 2 10 1 752 2448 850
4279 2 2 10 1 2298 2580 365
4280 2 2 10 1 885 2448 754
4281 2 2 10 1 1807 2422 1805
4282 2 2 10 1 2076 2392 2074
4283 2 2 10 1 692 2449 1935
4284 2 2 10 1 851 2449 694
4285 2 2 10 1 359 2304 120
4286 2 2 10 1 366 2303 131
4287 2 2 10 1 249 2300 304
4288 2 2 10 1 253 2302 293
4289 2 2 10 1 362 2302 254
4290 2 2 10 1 360 2300 250
4291 2 2 10 1 130 2303 317
4292 2 2 10 1 119 2304 308
4293 2 2 10 1 244 2298 365
4294 2 2 10 1 309 2301 256
4295 2 2 10 1 246 2299 318
4296 2 2 10 1 255 2301 362
4297 2 2 10 1 293 2305 252
4298 2 2 10 1 251 2305 360
4299 2 2 10 1 318 2298 245
4300 2 2 10 1 1282 2357 1284
4301 2 2 10 1 664 2450 845
4302 2 2 10 1 663 2383 1122
4303 2 2 10 1 565 2500 2216
4304 2 2 10 1 2217 2344 2330
4305 2 2 10 1 2290 2665 2627
4306 2 2 10 1 958 2387 1153
4307 2 2 10 1 2091 2349 2070
4308 2 2 10 1 951 2410 950
4309 2 2 10 1 2553 2568 1331
4310 2 2 10 1 649 2361 652
4311 2 2 10 1 766 2454 858
4312 2 2 10 1 886 2453 758
4313 2 2 10 1 756 2453 885
4314 2 2 10 1 884 2454 768
4315 2 2 10 1 911 2354 725
4316 2 2 10 1 2316 2369 935
4317 2 2 10 1 760 2458 886
4318 2 2 10 1 976 2398 974
4319 2 2 10 1 2208 2405 569
4320 2 2 10 1 2293 2365 1986
4321 2 2 10 1 927 2590 2077
4322 2 2 10 1 1247 2365 2293
4323 2 2 10 1 925 2362 923
4324 2 2 10 1 1372 2390 1375
4325 2 2 10 1 928 2391 1252
4326 2 2 10 1 1979 2518 603
4327 2 2 10 1 686 2466 1978
4328 2 2 10 1 297 2545 1982
4329 2 2 10 1 841 2466 688
4330 2 2 10 1 368 2719 1520
4331 2 2 10 1 670 2468 834
4332 2 2 10 1 1409 2366 1418
4333 2 2 10 1 1295 2394 1286
4334 2 2 10 1 1209 2395 932
4335 2 2 10 1 1422 2396 1430
4336 2 2 10 1 2189 2359 2178
4337 2 2 10 1 1482 2396 1420
4338 2 2 10 1 962 2367 960
4339 2 2 10 1 1805 2422 1804
4340 2 2 10 1 865 2371 712
4341 2 2 10 1 842 2470 682
4342 2 2 10 1 2146 2364 2155
4343 2 2 10 1 1786 2591 1100
4344 2 2 10 1 680 2470 843
4345 2 2 10 1 676 2472 838
4346 2 2 10 1 843 2472 678
4347 2 2 10 1 659 2368 661
4348 2 2 10 1 1155 2355 2220
4349 2 2 10 1 1412 2416 1464
4350 2 2 10 1 2154 2600 2098
4351 2 2 10 1 644 2375 651
4352 2 2 10 1 569 2405 512
4353 2 2 10 1 2294 2718 601
4354 2 2 10 1 1474 2399 1366
4355 2 2 10 1 1290 2401 1475
4356 2 2 10 1 1220 2380 1025
4357 2 2 10 1 2231 2379 2232
4358 2 2 10 1 160 2431 159
4359 2 2 10 1 1486 2733 2666
4360 2 2 10 1 667 2374 669
4361 2 2 10 1 2251 2356 2234
4362 2 2 10 1 1153 2404 956
4363 2 2 10 1 673 2376 675
4364 2 2 10 1 2352 2374 667
4365 2 2 10 1 2106 2365 1247
4366 2 2 10 1 2010 2397 2295
4367 2 2 10 1 2501 2736 164
4368 2 2 10 1 2082 2414 2080
4369 2 2 10 1 1002 2583 1789
4370 2 2 10 1 2295 2397 1178
4371 2 2 10 1 734 2385 732
4372 2 2 10 1 1265 2493 1888
4373 2 2 10 1 124 2373 123
4374 2 2 10 1 671 2381 673
4375 2 2 10 1 2232 2379 2240
4376 2 2 10 1 2622 2631 2286
4377 2 2 10 1 661 2383 663
4378 2 2 10 1 185 2372 312
4379 2 2 10 1 1430 2411 1429
4380 2 2 10 1 1030 2378 1095
4381 2 2 10 1 781 2425 783
4382 2 2 10 1 1199 2413 940
4383 2 2 10 1 936 2415 1209
4384 2 2 10 1 960 2387 958
4385 2 2 10 1 361 2373 124
4386 2 2 10 1 123 2373 292
4387 2 2 10 1 2216 2429 2218
4388 2 2 10 1 1504 2425 1505
4389 2 2 10 1 1461 2418 1362
4390 2 2 10 1 1364 2418 1474
4391 2 2 10 1 1438 2419 1458
4392 2 2 10 1 1294 2420 1466
4393 2 2 10 1 1475 2420 1292
4394 2 2 10 1 2368 2383 661
4395 2 2 10 1 942 2423 1199
4396 2 2 10 1 2367 2387 960
4397 2 2 10 1 1189 2424 946
4398 2 2 10 1 673 2381 2376
4399 2 2 10 1 1821 2498 1820
4400 2 2 10 1 258 2439 257
4401 2 2 10 1 1435 2749 2511
4402 2 2 10 1 36 2384 287
4403 2 2 10 1 935 2369 2312
4404 2 2 10 1 1890 2498 1892
4405 2 2 10 1 1997 2393 969
4406 2 2 10 1 1804 2422 1966
4407 2 2 10 1 2538 2567 1410
4408 2 2 10 1 1368 2390 1372
4409 2 2 10 1 1550 2504 1765
4410 2 2 10 1 1238 2767 1521
4411 2 2 10 1 930 2391 928
4412 2 2 10 1 757 2630 2083
4413 2 2 10 1 1148 2504 1549
4414 2 2 10 1 309 2576 2301
4415 2 2 10 1 1160 2389 719
4416 2 2 10 1 2004 2452 1263
4417 2 2 10 1 2537 2639 1843
4418 2 2 10 1 1619 2445 1624
4419 2 2 10 1 2000 2507 1999
4420 2 2 10 1 1442 2433 1452
4421 2 2 10 1 1458 2433 1440
4422 2 2 10 1 1447 2434 1354
4423 2 2 10 1 2312 2369 1263
4424 2 2 10 1 1356 2434 1461
4425 2 2 10 1 1466 2435 1297
4426 2 2 10 1 1299 2435 1449
4427 2 2 10 1 1286 2394 1288
4428 2 2 10 1 150 2469 149
4429 2 2 10 1 307 2640 2551
4430 2 2 10 1 932 2395 930
4431 2 2 10 1 1420 2396 1422
4432 2 2 10 1 2109 2594 2479
4433 2 2 10 1 1521 2767 1414
4434 2 2 10 1 2084 2392 2076
4435 2 2 10 1 2210 2612 2214
4436 2 2 10 1 1882 2486 1884
4437 2 2 10 1 1425 2505 1278
4438 2 2 10 1 1566 2440 1565
4439 2 2 10 1 1452 2441 1451
4440 2 2 10 1 735 2457 737
4441 2 2 10 1 84 2481 83
4442 2 2 10 1 1351 2444 1348
4443 2 2 10 1 1350 2444 1447
4444 2 2 10 1 1449 2446 1302
4445 2 2 10 1 1456 2447 1472
4446 2 2 10 1 1304 2446 1320
4447 2 2 10 1 738 2402 736
4448 2 2 10 1 125 2408 361
4449 2 2 10 1 305 2408 126
4450 2 2 10 1 2760 2765 1129
4451 2 2 10 1 2541 2752 1605
4452 2 2 10 1 930 2395 2391
4453 2 2 10 1 1766 2577 1974
4454 2 2 10 1 1445 2493 1266
4455 2 2 10 1 401 2698 1483
4456 2 2 10 1 1366 2399 1368
4457 2 2 10 1 1563 2451 1566
4458 2 2 10 1 1819 2505 1821
4459 2 2 10 1 601 2574 1983
4460 2 2 10 1 1874 2490 1877
4461 2 2 10 1 1534 2456 1531
4462 2 2 10 1 1471 2455 1481
4463 2 2 10 1 58 2484 57
4464 2 2 10 1 1472 2455 1469
4465 2 2 10 1 1288 2401 1290
4466 2 2 10 1 1483 2711 401
4467 2 2 10 1 974 2398 1165
4468 2 2 10 1 1368 2399 2390
4469 2 2 10 1 1178 2397 2264
4470 2 2 10 1 127 2416 305
4471 2 2 10 1 1343 2459 1351
4472 2 2 10 1 1263 2452 1262
4473 2 2 10 1 1481 2461 1478
4474 2 2 10 1 1320 2460 1307
4475 2 2 10 1 1493 2463 1492
4476 2 2 10 1 1497 2462 1534
4477 2 2 10 1 1480 2461 1493
4478 2 2 10 1 86 2400 313
4479 2 2 10 1 243 2478 242
4480 2 2 10 1 133 2479 132
4481 2 2 10 1 1926 2730 1927
4482 2 2 10 1 114 2480 113
4483 2 2 10 1 1346 2465 1339
4484 2 2 10 1 956 2404 954
4485 2 2 10 1 1311 2467 1344
4486 2 2 10 1 1906 2412 1905
4487 2 2 10 1 2394 2401 1288
4488 2 2 10 1 706 2406 704
4489 2 2 10 1 2559 2563 313
4490 2 2 10 1 653 2409 650
4491 2 2 10 1 314 2477 22
4492 2 2 10 1 1336 2471 1346
4493 2 2 10 1 1344 2473 1322
4494 2 2 10 1 1389 2474 1332
4495 2 2 10 1 1326 2475 1397
4496 2 2 10 1 2397 2407 2264
4497 2 2 10 1 1397 2476 1328
4498 2 2 10 1 1330 2476 1389
4499 2 2 10 1 516 2485 565
4500 2 2 10 1 1692 2644 1690
4501 2 2 10 1 303 2482 234
4502 2 2 10 1 233 2482 352
4503 2 2 10 1 20 2483 279
4504 2 2 10 1 322 2432 115
4505 2 2 10 1 1789 2692 1002
4506 2 2 10 1 1902 2417 1901
4507 2 2 10 1 126 2408 125
4508 2 2 10 1 1483 2698 891
4509 2 2 10 1 954 2410 951
4510 2 2 10 1 2094 2489 1150
4511 2 2 10 1 84 2569 2481
4512 2 2 10 1 2212 2405 2208
4513 2 2 10 1 359 2602 1518
4514 2 2 10 1 1521 2680 1522
4515 2 2 10 1 491 2528 2294
4516 2 2 10 1 117 2488 116
4517 2 2 10 1 1552 2552 330
4518 2 2 10 1 1429 2411 1432
4519 2 2 10 1 1014 2777 1961
4520 2 2 10 1 2264 2407 2266
4521 2 2 10 1 1828 2421 1827
4522 2 2 10 1 1959 2598 1008
4523 2 2 10 1 940 2413 938
4524 2 2 10 1 1830 2427 1829
4525 2 2 10 1 1129 2765 2275
4526 2 2 10 1 1124 2517 2322
4527 2 2 10 1 938 2415 936
4528 2 2 10 1 2404 2410 954
4529 2 2 10 1 2048 2524 340
4530 2 2 10 1 512 2405 514
4531 2 2 10 1 1150 2489 462
4532 2 2 10 1 367 2487 111
4533 2 2 10 1 110 2487 319
4534 2 2 10 1 128 2416 127
4535 2 2 10 1 2294 2528 1787
4536 2 2 10 1 1362 2418 1364
4537 2 2 10 1 2690 2696 2255
4538 2 2 10 1 2655 2665 1109
4539 2 2 10 1 1275 2512 1425
4540 2 2 10 1 2657 2674 311
4541 2 2 10 1 2089 2414 2082
4542 2 2 10 1 2049 2524 2048
4543 2 2 10 1 1523 2558 261
4544 2 2 10 1 1432 2419 1438
4545 2 2 10 1 1292 2420 1294
4546 2 2 10 1 2492 2753 1052
4547 2 2 10 1 1947 2615 1948
4548 2 2 10 1 944 2423 942
4549 2 2 10 1 1435 2511 1264
4550 2 2 10 1 1054 2492 1052
4551 2 2 10 1 702 2426 700
4552 2 2 10 1 744 2428 742
4553 2 2 10 1 121 2464 359
4554 2 2 10 1 292 2464 122
4555 2 2 10 1 2413 2415 938
4556 2 2 10 1 657 2430 655
4557 2 2 10 1 946 2424 944
4558 2 2 10 1 1426 2512 1276
4559 2 2 10 1 2411 2419 1432
4560 2 2 10 1 18 2491 355
4561 2 2 10 1 279 2491 19
4562 2 2 10 1 277 2679 1913
4563 2 2 10 1 1512 2588 1305
4564 2 2 10 1 2361 2494 1170
4565 2 2 10 1 1102 2745 1962
4566 2 2 10 1 1970 2522 1967
4567 2 2 10 1 1411 2521 1281
4568 2 2 10 1 1279 2521 1426
4569 2 2 10 1 873 2425 781
4570 2 2 10 1 944 2424 2423
4571 2 2 10 1 1718 2697 1720
4572 2 2 10 1 165 2501 164
4573 2 2 10 1 1728 2631 2622
4574 2 2 10 1 2738 2744 263
4575 2 2 10 1 2445 2571 2156
4576 2 2 10 1 2484 2776 57
4577 2 2 10 1 1946 2518 1944
4578 2 2 10 1 2280 2655 1109
4579 2 2 10 1 2339 2674 2657
4580 2 2 10 1 1618 2515 1152
4581 2 2 10 1 748 2436 746
4582 2 2 10 1 1440 2433 1442
4583 2 2 10 1 263 2431 160
4584 2 2 10 1 216 2503 215
4585 2 2 10 1 115 2432 114
4586 2 2 10 1 2751 2760 2287
4587 2 2 10 1 1354 2434 1356
4588 2 2 10 1 1225 2515 1436
4589 2 2 10 1 1868 2572 878
4590 2 2 10 1 355 2496 17
4591 2 2 10 1 698 2437 696
4592 2 2 10 1 319 2497 109
4593 2 2 10 1 1297 2435 1299
4594 2 2 10 1 1433 2530 1312
4595 2 2 10 1 604 2528 493
4596 2 2 10 1 662 2438 660
4597 2 2 10 1 1702 2638 1701
4598 2 2 10 1 1473 2529 1287
4599 2 2 10 1 1285 2529 1984
4600 2 2 10 1 107 2499 306
4601 2 2 10 1 2153 2457 1154
4602 2 2 10 1 2056 2696 2690
4603 2 2 10 1 2513 2573 1396
4604 2 2 10 1 1268 2603 1543
4605 2 2 10 1 15 2502 295
4606 2 2 10 1 1152 2515 1151
4607 2 2 10 1 1289 2536 1473
4608 2 2 10 1 1369 2536 1291
4609 2 2 10 1 1855 2576 1856
4610 2 2 10 1 774 2442 772
4611 2 2 10 1 1944 2518 1943
4612 2 2 10 1 1149 2507 2043
4613 2 2 10 1 79 2513 78
4614 2 2 10 1 1621 2445 1619
4615 2 2 10 1 1565 2440 1568
4616 2 2 10 1 330 2550 1552
4617 2 2 10 1 105 2506 357
4618 2 2 10 1 306 2506 106
4619 2 2 10 1 1451 2441 1454
4620 2 2 10 1 2364 2443 575
4621 2 2 10 1 754 2448 752
4622 2 2 10 1 694 2449 692
4623 2 2 10 1 2245 2494 2361
4624 2 2 10 1 1712 2736 2501
4625 2 2 10 1 2109 2756 2594
4626 2 2 10 1 666 2450 664
4627 2 2 10 1 1348 2444 1350
4628 2 2 10 1 1552 2548 1298
4629 2 2 10 1 1296 2548 1982
4630 2 2 10 1 1302 2446 1304
4631 2 2 10 1 1761 2769 264
4632 2 2 10 1 324 2769 1761
4633 2 2 10 1 1454 2447 1456
4634 2 2 10 1 2212 2485 2405
4635 2 2 10 1 758 2453 756
4636 2 2 10 1 768 2454 766
4637 2 2 10 1 1154 2457 735
4638 2 2 10 1 2400 2559 313
4639 2 2 10 1 1301 2552 1552
4640 2 2 10 1 103 2510 294
4641 2 2 10 1 357 2510 104
4642 2 2 10 1 1974 2577 941
4643 2 2 10 1 257 2439 309
4644 2 2 10 1 1340 2546 1338
4645 2 2 10 1 2130 2778 337
4646 2 2 10 1 422 2517 424
4647 2 2 10 1 1533 2451 1563
4648 2 2 10 1 819 2525 820
4649 2 2 10 1 762 2458 760
4650 2 2 10 1 2287 2760 1129
4651 2 2 10 1 258 2544 2439
4652 2 2 10 1 1316 2540 2000
4653 2 2 10 1 1357 2557 1308
4654 2 2 10 1 1310 2559 1357
4655 2 2 10 1 2441 2447 1454
4656 2 2 10 1 1843 2597 2537
4657 2 2 10 1 2405 2485 514
4658 2 2 10 1 1469 2455 1471
4659 2 2 10 1 1325 2561 1370
4660 2 2 10 1 1531 2456 1533
4661 2 2 10 1 87 2562 2400
4662 2 2 10 1 1335 2565 1396
4663 2 2 10 1 1333 2553 1331
4664 2 2 10 1 1370 2563 1323
4665 2 2 10 1 994 2514 1100
4666 2 2 10 1 1207 2730 1929
4667 2 2 10 1 1341 2459 1343
4668 2 2 10 1 1262 2452 1463
4669 2 2 10 1 294 2516 102
4670 2 2 10 1 101 2516 336
4671 2 2 10 1 1274 2525 861
4672 2 2 10 1 688 2466 686
4673 2 2 10 1 672 2468 670
4674 2 2 10 1 1307 2460 1309
4675 2 2 10 1 1478 2461 1480
4676 2 2 10 1 1495 2462 1497
4677 2 2 10 1 1780 2702 1958
4678 2 2 10 1 1492 2463 1495
4679 2 2 10 1 2713 2722 316
4680 2 2 10 1 1795 2721 2631
4681 2 2 10 1 2125 2741 2738
4682 2 2 10 1 2136 2519 236
4683 2 2 10 1 235 2519 303
4684 2 2 10 1 1913 2656 277
4685 2 2 10 1 1533 2456 2451
4686 2 2 10 1 2511 2749 321
4687 2 2 10 1 1520 2719 320
4688 2 2 10 1 1339 2465 1341
4689 2 2 10 1 117 2685 2488
4690 2 2 10 1 1518 2605 2304
4691 2 2 10 1 1309 2467 1311
4692 2 2 10 1 2138 2768 2679
4693 2 2 10 1 2644 2699 339
4694 2 2 10 1 943 2577 1148
4695 2 2 10 1 682 2470 680
4696 2 2 10 1 1572 2560 1571
4697 2 2 10 1 678 2472 676
4698 2 2 10 1 122 2464 121
4699 2 2 10 1 751 2693 2090
4700 2 2 10 1 1403 2556 1319
4701 2 2 10 1 336 2523 100
4702 2 2 10 1 1828 2660 2421
4703 2 2 10 1 1099 2714 1945
4704 2 2 10 1 1434 2534 1433
4705 2 2 10 1 1713 2716 1710
4706 2 2 10 1 1495 2463 2462
4707 2 2 10 1 76 2538 75
4708 2 2 10 1 1341 2465 2459
4709 2 2 10 1 1781 2574 1783
4710 2 2 10 1 1334 2471 1336
4711 2 2 10 1 2460 2467 1309
4712 2 2 10 1 2108 2671 2666
4713 2 2 10 1 1322 2473 1324
4714 2 2 10 1 168 2539 167
4715 2 2 10 1 98 2526 265
4716 2 2 10 1 202 2541 201
4717 2 2 10 1 149 2469 296
4718 2 2 10 1 2150 2443 2364
4719 2 2 10 1 22 2477 21
4720 2 2 10 1 1332 2474 1334
4721 2 2 10 1 1486 2666 1352
4722 2 2 10 1 1324 2475 1326
4723 2 2 10 1 2431 2771 159
4724 2 2 10 1 464 2535 466
4725 2 2 10 1 1779 2574 1781
4726 2 2 10 1 1109 2665 2290
4727 2 2 10 1 2457 2610 737
4728 2 2 10 1 1020 2531 1018
4729 2 2 10 1 1328 2476 1330
4730 2 2 10 1 1342 2570 1410
4731 2 2 10 1 1702 2652 1113
4732 2 2 10 1 2071 2687 1107
4733 2 2 10 1 1066 2537 1064
4734 2 2 10 1 264 2543 1763
4735 2 2 10 1 1554 2728 584
4736 2 2 10 1 265 2533 97
4737 2 2 10 1 96 2533 335
4738 2 2 10 1 1659 2720 211
4739 2 2 10 1 1878 2488 1879
4740 2 2 10 1 2302 2554 293
4741 2 2 10 1 1908 2672 1315
4742 2 2 10 1 10 2551 9
4743 2 2 10 1 1334 2474 2471
4744 2 2 10 1 2077 2590 2079
4745 2 2 10 1 2473 2475 1324
4746 2 2 10 1 234 2482 233
4747 2 2 10 1 21 2483 20
4748 2 2 10 1 1909 2722 2713
4749 2 2 10 1 1599 2673 1597
4750 2 2 10 1 2356 2732 1404
4751 2 2 10 1 83 2481 282
4752 2 2 10 1 1941 2745 1949
4753 2 2 10 1 1554 2549 1251
4754 2 2 10 1 335 2542 95
4755 2 2 10 1 154 2543 264
4756 2 2 10 1 349 2543 155
4757 2 2 10 1 1960 2675 1962
4758 2 2 10 1 93 2545 297
4759 2 2 10 1 2670 2671 295
4760 2 2 10 1 1424 2632 2614
4761 2 2 10 1 1887 2486 1882
4762 2 2 10 1 2477 2483 21
4763 2 2 10 1 2532 2560 1579
4764 2 2 10 1 1300 2554 1512
4765 2 2 10 1 2136 2589 1623
4766 2 2 10 1 2071 2599 2073
4767 2 2 10 1 1095 2547 1028
4768 2 2 10 1 1616 2773 1611
4769 2 2 10 1 1204 2549 1205
4770 2 2 10 1 1616 2581 1617
4771 2 2 10 1 297 2550 92
4772 2 2 10 1 91 2550 330
4773 2 2 10 1 2627 2633 1105
4774 2 2 10 1 1194 2767 1238
4775 2 2 10 1 1751 2753 2492
4776 2 2 10 1 1789 2761 1777
4777 2 2 10 1 1755 2754 1760
4778 2 2 10 1 617 2634 395
4779 2 2 10 1 261 2558 260
4780 2 2 10 1 332 2484 58
4781 2 2 10 1 1443 2744 1253
4782 2 2 10 1 1515 2705 1516
4783 2 2 10 1 370 2580 372
4784 2 2 10 1 365 2478 243
4785 2 2 10 1 132 2479 366
4786 2 2 10 1 1839 2609 1837
4787 2 2 10 1 1448 2776 2484
4788 2 2 10 1 1876 2731 1873
4789 2 2 10 1 1424 2614 1446
4790 2 2 10 1 2481 2569 1370
4791 2 2 10 1 1093 2773 1152
4792 2 2 10 1 1720 2697 2645
4793 2 2 10 1 1398 2772 1443
4794 2 2 10 1 1679 2508 1676
4795 2 2 10 1 281 2562 88
4796 2 2 10 1 1953 2750 1961
4797 2 2 10 1 1448 2734 1393
4798 2 2 10 1 1518 2602 1337
4799 2 2 10 1 2113 2735 2682
4800 2 2 10 1 1751 2721 1750
4801 2 2 10 1 269 2567 77
4802 2 2 10 1 2125 2738 263
4803 2 2 10 1 313 2569 85
4804 2 2 10 1 205 2582 204
4805 2 2 10 1 1746 2747 1748
4806 2 2 10 1 514 2485 516
4807 2 2 10 1 1096 2751 2287
4808 2 2 10 1 325 2573 80
4809 2 2 10 1 1684 2724 2122
4810 2 2 10 1 140 2586 139
4811 2 2 10 1 1698 2652 1702
4812 2 2 10 1 1956 2647 1954
4813 2 2 10 1 1414 2767 1195
4814 2 2 10 1 2754 2755 296
4815 2 2 10 1 263 2744 2431
4816 2 2 10 1 1611 2773 1221
4817 2 2 10 1 637 2584 631
4818 2 2 10 1 1712 2715 1711
4819 2 2 10 1 111 2487 110
4820 2 2 10 1 2095 2703 2096
4821 2 2 10 1 1942 2723 1944
4822 2 2 10 1 1014 2579 1012
4823 2 2 10 1 1357 2559 2400
4824 2 2 10 1 1556 2691 1413
4825 2 2 10 1 1004 2583 1002
4826 2 2 10 1 393 2634 1108
4827 2 2 10 1 2400 2562 1357
4828 2 2 10 1 321 2544 259
4829 2 2 10 1 878 2572 2440
4830 2 2 10 1 1820 2498 1890
4831 2 2 10 1 2376 2593 1139
4832 2 2 10 1 1782 2710 1106
4833 2 2 10 1 1649 2770 1650
4834 2 2 10 1 2 2624 112
4835 2 2 10 1 4 2623 241
4836 2 2 10 1 5 2626 1
4837 2 2 10 1 134 2625 3
4838 2 2 10 1 2097 2489 2094
4839 2 2 10 1 462 2489 464
4840 2 2 10 1 242 2623 4
4841 2 2 10 1 113 2624 2
4842 2 2 10 1 1 2626 262
4843 2 2 10 1 3 2625 133
4844 2 2 10 1 629 2584 1184
4845 2 2 10 1 2682 2735 1687
4846 2 2 10 1 1875 2490 1874
4847 2 2 10 1 1113 2658 1702
4848 2 2 10 1 1720 2674 1719
4849 2 2 10 1 2214 2612 691
4850 2 2 10 1 1248 2589 2332
4851 2 2 10 1 1927 2730 2049
4852 2 2 10 1 1854 2605 1518
4853 2 2 10 1 1207 2726 2049
4854 2 2 10 1 116 2488 322
4855 2 2 10 1 1761 2667 1758
4856 2 2 10 1 1008 2598 1006
4857 2 2 10 1 19 2491 18
4858 2 2 10 1 2440 2572 1568
4859 2 2 10 1 691 2643 2214
4860 2 2 10 1 584 2728 404
4861 2 2 10 1 408 2729 582
4862 2 2 10 1 2425 2527 1505
4863 2 2 10 1 2299 2595 1898
4864 2 2 10 1 139 2618 138
4865 2 2 10 1 204 2620 203
4866 2 2 10 1 1443 2771 2431
4867 2 2 10 1 1266 2493 1265
4868 2 2 10 1 181 2774 180
4869 2 2 10 1 1615 2581 1616
4870 2 2 10 1 1112 2492 1054
4871 2 2 10 1 167 2645 166
4872 2 2 10 1 217 2759 216
4873 2 2 10 1 2108 2666 358
4874 2 2 10 1 212 2669 211
4875 2 2 10 1 420 2663 422
4876 2 2 10 1 691 2612 693
4877 2 2 10 1 9 2680 8
4878 2 2 10 1 2439 2544 1558
4879 2 2 10 1 2755 2763 2110
4880 2 2 10 1 739 2610 881
4881 2 2 10 1 618 2564 2250
4882 2 2 10 1 1318 2705 1515
4883 2 2 10 1 755 2630 757
4884 2 2 10 1 1278 2505 1819
4885 2 2 10 1 1692 2699 2644
4886 2 2 10 1 2485 2500 565
4887 2 2 10 1 366 2594 1543
4888 2 2 10 1 56 2776 275
4889 2 2 10 1 689 2643 691
4890 2 2 10 1 158 2771 310
4891 2 2 10 1 264 2769 153
4892 2 2 10 1 152 2769 324
4893 2 2 10 1 1510 2608 1556
4894 2 2 10 1 179 2757 333
4895 2 2 10 1 950 2660 948
4896 2 2 10 1 1116 2775 1010
4897 2 2 10 1 1102 2777 1016
4898 2 2 10 1 1725 2597 1842
4899 2 2 10 1 891 2698 396
4900 2 2 10 1 1098 2639 1068
4901 2 2 10 1 749 2693 751
4902 2 2 10 1 220 2740 328
4903 2 2 10 1 1205 2705 1246
4904 2 2 10 1 1002 2692 1000
4905 2 2 10 1 163 2736 338
4906 2 2 10 1 2223 2593 2376
4907 2 2 10 1 873 2527 2425
4908 2 2 10 1 1050 2753 1096
4909 2 2 10 1 210 2720 343
4910 2 2 10 1 6 2719 368
4911 2 2 10 1 320 2719 7
4912 2 2 10 1 1192 2658 1088
4913 2 2 10 1 315 2589 2136
4914 2 2 10 1 1086 2658 1113
4915 2 2 10 1 2099 2610 2457
4916 2 2 10 1 573 2600 2154
4917 2 2 10 1 759 2727 1107
4918 2 2 10 1 1024 2714 1099
4919 2 2 10 1 398 2698 401
4920 2 2 10 1 1106 2710 998
4921 2 2 10 1 1765 2504 1766
4922 2 2 10 1 1401 2711 1483
4923 2 2 10 1 2157 2628 2320
4924 2 2 10 1 1391 2737 1387
4925 2 2 10 1 304 2595 248
4926 2 2 10 1 247 2595 2299
4927 2 2 10 1 2431 2744 1443
4928 2 2 10 1 1370 2561 2481
4929 2 2 10 1 1170 2494 2257
4930 2 2 10 1 1329 2566 1327
4931 2 2 10 1 2432 2480 114
4932 2 2 10 1 17 2496 16
4933 2 2 10 1 109 2497 108
4934 2 2 10 1 325 2568 2553
4935 2 2 10 1 617 2746 1476
4936 2 2 10 1 1767 2520 1144
4937 2 2 10 1 1423 2632 1424
4938 2 2 10 1 1096 2753 2747
4939 2 2 10 1 1640 2509 1643
4940 2 2 10 1 2326 2748 1608
4941 2 2 10 1 2488 2685 1879
4942 2 2 10 1 2314 2532 285
4943 2 2 10 1 2289 2495 1161
4944 2 2 10 1 2213 2500 2212
4945 2 2 10 1 1760 2754 2469
4946 2 2 10 1 2290 2627 1105
4947 2 2 10 1 108 2499 107
4948 2 2 10 1 1423 2650 2632
4949 2 2 10 1 1567 2532 2314
4950 2 2 10 1 1387 2725 1385
4951 2 2 10 1 338 2741 2125
4952 2 2 10 1 2497 2499 108
4953 2 2 10 1 296 2755 2110
4954 2 2 10 1 308 2685 118
4955 2 2 10 1 317 2688 129
4956 2 2 10 1 1116 2750 1954
4957 2 2 10 1 1676 2508 1677
4958 2 2 10 1 16 2502 15
4959 2 2 10 1 2261 2686 892
4960 2 2 10 1 2356 2683 2234
4961 2 2 10 1 2496 2502 16
4962 2 2 10 1 1943 2518 1979
4963 2 2 10 1 892 2686 2344
4964 2 2 10 1 1642 2509 1640
4965 2 2 10 1 1621 2571 2445
4966 2 2 10 1 1999 2507 1149
4967 2 2 10 1 2484 2734 1448
4968 2 2 10 1 284 2501 165
4969 2 2 10 1 1681 2779 2129
4970 2 2 10 1 1331 2568 1329
4971 2 2 10 1 1549 2504 1550
4972 2 2 10 1 106 2506 105
4973 2 2 10 1 285 2532 1579
4974 2 2 10 1 1385 2708 1383
4975 2 2 10 1 2416 2688 1464
4976 2 2 10 1 215 2503 334
4977 2 2 10 1 338 2736 2716
4978 2 2 10 1 2421 2660 950
4979 2 2 10 1 2697 2715 284
4980 2 2 10 1 2492 2721 1751
4981 2 2 10 1 2502 2670 295
4982 2 2 10 1 1387 2737 2725
4983 2 2 10 1 2083 2727 757
4984 2 2 10 1 2156 2571 1248
4985 2 2 10 1 1264 2511 1415
4986 2 2 10 1 2043 2650 1423
4987 2 2 10 1 2469 2754 296
4988 2 2 10 1 1276 2512 1275
4989 2 2 10 1 1383 2695 1381
4990 2 2 10 1 1878 2731 2488
4991 2 2 10 1 1762 2667 1761
4992 2 2 10 1 104 2510 103
4993 2 2 10 1 2553 2573 325
4994 2 2 10 1 1329 2568 2566
4995 2 2 10 1 2763 2768 323
4996 2 2 10 1 1949 2745 2531
4997 2 2 10 1 2481 2561 282
4998 2 2 10 1 1385 2725 2708
4999 2 2 10 1 1396 2565 2513
5000 2 2 10 1 2712 2752 273
5001 2 2 10 1 2488 2731 322
5002 2 2 10 1 295 2671 2108
5003 2 2 10 1 996 2514 994
5004 2 2 10 1 1381 2678 1379
5005 2 2 10 1 1665 2726 2319
5006 2 2 10 1 78 2513 269
5007 2 2 10 1 2501 2715 1712
5008 2 2 10 1 1151 2515 1225
5009 2 2 10 1 2278 2633 2629
5010 2 2 10 1 102 2516 101
5011 2 2 10 1 1543 2594 1544
5012 2 2 10 1 1281 2521 1279
5013 2 2 10 1 332 2734 2484
5014 2 2 10 1 1337 2602 1467
5015 2 2 10 1 1967 2522 1968
5016 2 2 10 1 424 2517 1124
5017 2 2 10 1 1650 2770 2503
5018 2 2 10 1 1840 2627 1708
5019 2 2 10 1 2518 2607 603
5020 2 2 10 1 1601 2752 2712
5021 2 2 10 1 2110 2763 323
5022 2 2 10 1 1379 2664 1377
5023 2 2 10 1 1383 2708 2695
5024 2 2 10 1 236 2519 235
5025 2 2 10 1 2305 2530 360
5026 2 2 10 1 128 2688 2416
5027 2 2 10 1 2083 2766 2075
5028 2 2 10 1 2583 2761 1789
5029 2 2 10 1 2416 2691 305
5030 2 2 10 1 2212 2500 2485
5031 2 2 10 1 2300 2534 304
5032 2 2 10 1 2679 2768 1773
5033 2 2 10 1 1377 2648 1373
5034 2 2 10 1 100 2523 99
5035 2 2 10 1 1961 2750 2579
5036 2 2 10 1 861 2525 819
5037 2 2 10 1 1381 2695 2678
5038 2 2 10 1 493 2528 491
5039 2 2 10 1 1312 2530 1917
5040 2 2 10 1 1287 2529 1285
5041 2 2 10 1 1505 2527 1507
5042 2 2 10 1 99 2526 98
5043 2 2 10 1 1373 2636 1371
5044 2 2 10 1 601 2718 2574
5045 2 2 10 1 1008 2775 1959
5046 2 2 10 1 1105 2633 2278
5047 2 2 10 1 2077 2766 927
5048 2 2 10 1 2586 2672 1908
5049 2 2 10 1 1983 2574 1779
5050 2 2 10 1 2523 2526 99
5051 2 2 10 1 333 2757 2508
5052 2 2 10 1 323 2768 2138
5053 2 2 10 1 1896 2534 1434
5054 2 2 10 1 1379 2678 2664
5055 2 2 10 1 2582 2673 1599
5056 2 2 10 1 2609 2639 1098
5057 2 2 10 1 1371 2621 1367
5058 2 2 10 1 328 2740 2509
5059 2 2 10 1 2610 2703 881
5060 2 2 10 1 1410 2570 2538
5061 2 2 10 1 2546 2567 269
5062 2 2 10 1 1907 2713 1908
5063 2 2 10 1 1291 2536 1289
5064 2 2 10 1 97 2533 96
5065 2 2 10 1 1598 2712 1599
5066 2 2 10 1 1367 2613 1365
5067 2 2 10 1 1018 2531 1102
5068 2 2 10 1 1377 2664 2648
5069 2 2 10 1 1682 2779 1681
5070 2 2 10 1 2495 2591 1788
5071 2 2 10 1 466 2535 573
5072 2 2 10 1 2539 2674 1720
5073 2 2 10 1 1365 2606 1363
5074 2 2 10 1 1317 2540 1316
5075 2 2 10 1 1064 2537 1101
5076 2 2 10 1 2675 2777 1102
5077 2 2 10 1 1412 2691 2416
5078 2 2 10 1 1410 2546 1340
5079 2 2 10 1 95 2542 94
5080 2 2 10 1 75 2538 329
5081 2 2 10 1 1373 2648 2636
5082 2 2 10 1 155 2543 154
5083 2 2 10 1 1298 2548 1296
5084 2 2 10 1 1363 2601 1361
5085 2 2 10 1 1416 2671 2670
5086 2 2 10 1 311 2539 168
5087 2 2 10 1 273 2541 202
5088 2 2 10 1 94 2545 93
5089 2 2 10 1 2278 2629 1098
5090 2 2 10 1 1303 2555 2552
5091 2 2 10 1 259 2544 258
5092 2 2 10 1 1361 2596 1355
5093 2 2 10 1 1028 2547 1026
5094 2 2 10 1 1371 2636 2621
5095 2 2 10 1 1303 2552 1301
5096 2 2 10 1 1306 2557 2555
5097 2 2 10 1 2542 2545 94
5098 2 2 10 1 1317 2556 2540
5099 2 2 10 1 1396 2553 1333
5100 2 2 10 1 1571 2572 1868
5101 2 2 10 1 1355 2592 1353
5102 2 2 10 1 2647 2775 1116
5103 2 2 10 1 1306 2555 1303
5104 2 2 10 1 92 2550 91
5105 2 2 10 1 1321 2563 2559
5106 2 2 10 1 2128 2694 2644
5107 2 2 10 1 1308 2557 1306
5108 2 2 10 1 1353 2587 1349
5109 2 2 10 1 1251 2549 1204
5110 2 2 10 1 1367 2621 2613
5111 2 2 10 1 1345 2576 1855
5112 2 2 10 1 1321 2559 1310
5113 2 2 10 1 2696 2706 1118
5114 2 2 10 1 2627 2665 1708
5115 2 2 10 1 1349 2578 1347
5116 2 2 10 1 2286 2631 1112
5117 2 2 10 1 1327 2561 1325
5118 2 2 10 1 307 2551 10
5119 2 2 10 1 2098 2600 2097
5120 2 2 10 1 1319 2556 1317
5121 2 2 10 1 343 2720 2575
5122 2 2 10 1 1112 2721 2492
5123 2 2 10 1 1579 2560 1572
5124 2 2 10 1 1323 2563 1321
5125 2 2 10 1 2138 2679 277
5126 2 2 10 1 1658 2575 1659
5127 2 2 10 1 1338 2565 1335
5128 2 2 10 1 1347 2570 1342
5129 2 2 10 1 1365 2613 2606
5130 2 2 10 1 88 2562 87
5131 2 2 10 1 1363 2606 2601
5132 2 2 10 1 1623 2571 1621
5133 2 2 10 1 77 2567 76
5134 2 2 10 1 2597 2604 1101
5135 2 2 10 1 1446 2670 2502
5136 2 2 10 1 85 2569 84
5137 2 2 10 1 1100 2591 2289
5138 2 2 10 1 1701 2638 1919
5139 2 2 10 1 1359 2704 1358
5140 2 2 10 1 1361 2601 2596
5141 2 2 10 1 2654 2673 327
5142 2 2 10 1 80 2573 79
5143 2 2 10 1 2702 2761 1130
5144 2 2 10 1 2480 2661 367
5145 2 2 10 1 1107 2727 2599
5146 2 2 10 1 1685 2724 1684
5147 2 2 10 1 2358 2605 1854
5148 2 2 10 1 260 2558 321
5149 2 2 10 1 941 2577 943
5150 2 2 10 1 282 2566 2111
5151 2 2 10 1 2111 2568 325
5152 2 2 10 1 1355 2596 2592
5153 2 2 10 1 2644 2694 1690
5154 2 2 10 1 2566 2568 2111
5155 2 2 10 1 1716 2697 1718
5156 2 2 10 1 996 2710 2514
5157 2 2 10 1 1353 2592 2587
5158 2 2 10 1 339 2699 2127
5159 2 2 10 1 1767 2667 2520
5160 2 2 10 1 1617 2581 1620
5161 2 2 10 1 372 2580 2026
5162 2 2 10 1 1376 2616 1509
5163 2 2 10 1 2659 2672 302
5164 2 2 10 1 1349 2587 2578
5165 2 2 10 1 1624 2700 1618
5166 2 2 10 1 1595 2673 2654
5167 2 2 10 1 349 2668 2543
5168 2 2 10 1 1305 2588 1345
5169 2 2 10 1 1736 2764 1860
5170 2 2 10 1 1012 2579 1116
5171 2 2 10 1 1118 2706 2254
5172 2 2 10 1 2570 2578 329
5173 2 2 10 1 1347 2578 2570
5174 2 2 10 1 1643 2740 221
5175 2 2 10 1 329 2578 2118
5176 2 2 10 1 2285 2739 1192
5177 2 2 10 1 1931 2778 1933
5178 2 2 10 1 2524 2726 1665
5179 2 2 10 1 1522 2640 1238
5180 2 2 10 1 631 2584 629
5181 2 2 10 1 1840 2633 2627
5182 2 2 10 1 1780 2761 2702
5183 2 2 10 1 1130 2583 1004
5184 2 2 10 1 1910 2672 2659
5185 2 2 10 1 1725 2604 2597
5186 2 2 10 1 327 2582 205
5187 2 2 10 1 2079 2590 2090
5188 2 2 10 1 1544 2743 1545
5189 2 2 10 1 604 2635 2528
5190 2 2 10 1 1688 2682 1687
5191 2 2 10 1 302 2586 140
5192 2 2 10 1 2578 2587 2118
5193 2 2 10 1 1788 2591 1786
5194 2 2 10 1 1545 2722 1909
5195 2 2 10 1 2289 2591 2495
5196 2 2 10 1 2118 2587 299
5197 2 2 10 1 2255 2696 1118
5198 2 2 10 1 308 2605 2358
5199 2 2 10 1 1728 2622 1726
5200 2 2 10 1 1726 2611 1724
5201 2 2 10 1 2056 2690 2057
5202 2 2 10 1 2339 2657 1693
5203 2 2 10 1 2587 2592 299
5204 2 2 10 1 1724 2604 1725
5205 2 2 10 1 1716 2715 2697
5206 2 2 10 1 2332 2589 315
5207 2 2 10 1 2363 2603 1268
5208 2 2 10 1 2547 2714 1026
5209 2 2 10 1 2666 2671 1352
5210 2 2 10 1 299 2592 2133
5211 2 2 10 1 2073 2599 2083
5212 2 2 10 1 1465 2617 1403
5213 2 2 10 1 2764 2765 1860
5214 2 2 10 1 1705 2649 1699
5215 2 2 10 1 2464 2602 359
5216 2 2 10 1 2057 2689 2062
5217 2 2 10 1 1427 2738 1714
5218 2 2 10 1 1139 2593 2262
5219 2 2 10 1 317 2603 2363
5220 2 2 10 1 2581 2742 1620
5221 2 2 10 1 316 2722 2139
5222 2 2 10 1 284 2715 2501
5223 2 2 10 1 1544 2756 2743
5224 2 2 10 1 248 2595 247
5225 2 2 10 1 1541 2656 1913
5226 2 2 10 1 1436 2662 1359
5227 2 2 10 1 2592 2596 2133
5228 2 2 10 1 2303 2603 317
5229 2 2 10 1 1876 2661 2432
5230 2 2 10 1 2614 2632 1973
5231 2 2 10 1 1006 2598 1130
5232 2 2 10 1 2133 2596 344
5233 2 2 10 1 2408 2608 361
5234 2 2 10 1 1592 2637 1590
5235 2 2 10 1 1416 2614 1973
5236 2 2 10 1 2062 2681 2063
5237 2 2 10 1 1770 2755 1759
5238 2 2 10 1 1509 2616 2373
5239 2 2 10 1 1360 2746 2739
5240 2 2 10 1 1843 2609 1839
5241 2 2 10 1 2596 2601 344
5242 2 2 10 1 2432 2661 2480
5243 2 2 10 1 2503 2770 334
5244 2 2 10 1 321 2558 2511
5245 2 2 10 1 1726 2622 2611
5246 2 2 10 1 1909 2713 1907
5247 2 2 10 1 2619 2742 2581
5248 2 2 10 1 344 2601 2121
5249 2 2 10 1 2649 2653 1699
5250 2 2 10 1 1750 2721 1795
5251 2 2 10 1 1705 2655 2649
5252 2 2 10 1 1962 2745 1941
5253 2 2 10 1 2128 2644 339
5254 2 2 10 1 1358 2704 1476
5255 2 2 10 1 354 2735 2113
5256 2 2 10 1 1948 2607 1946
5257 2 2 10 1 2063 2684 2065
5258 2 2 10 1 1590 2651 1591
5259 2 2 10 1 1690 2694 1688
5260 2 2 10 1 2057 2690 2689
5261 2 2 10 1 2513 2565 269
5262 2 2 10 1 2601 2606 2121
5263 2 2 10 1 1601 2712 1598
5264 2 2 10 1 1485 2733 1486
5265 2 2 10 1 2629 2633 1836
5266 2 2 10 1 2738 2741 1714
5267 2 2 10 1 1101 2604 2284
5268 2 2 10 1 1593 2641 1592
5269 2 2 10 1 1595 2654 1593
5270 2 2 10 1 2121 2606 271
5271 2 2 10 1 737 2610 739
5272 2 2 10 1 1315 2672 1910
5273 2 2 10 1 1837 2629 1836
5274 2 2 10 1 1910 2659 1537
5275 2 2 10 1 1836 2633 1840
5276 2 2 10 1 2515 2700 1436
5277 2 2 10 1 1427 2744 2738
5278 2 2 10 1 1973 2632 1147
5279 2 2 10 1 693 2612 889
5280 2 2 10 1 1929 2730 1926
5281 2 2 10 1 1238 2640 1405
5282 2 2 10 1 2058 2696 2056
5283 2 2 10 1 1537 2642 1538
5284 2 2 10 1 1538 2646 1541
5285 2 2 10 1 1404 2732 1465
5286 2 2 10 1 1724 2611 2604
5287 2 2 10 1 395 2634 393
5288 2 2 10 1 2606 2613 271
5289 2 2 10 1 133 2625 2479
5290 2 2 10 1 2478 2623 242
5291 2 2 10 1 2065 2676 2067
5292 2 2 10 1 1759 2755 2754
5293 2 2 10 1 2480 2624 113
5294 2 2 10 1 2028 2617 637
5295 2 2 10 1 1770 2763 2755
5296 2 2 10 1 1697 2653 2652
5297 2 2 10 1 271 2613 2132
5298 2 2 10 1 2304 2605 308
5299 2 2 10 1 2632 2650 1147
5300 2 2 10 1 1959 2647 1956
5301 2 2 10 1 1604 2707 1605
5302 2 2 10 1 1699 2653 1697
5303 2 2 10 1 1697 2652 1698
5304 2 2 10 1 1597 2673 1595
5305 2 2 10 1 2284 2611 1104
5306 2 2 10 1 1706 2655 1705
5307 2 2 10 1 138 2618 316
5308 2 2 10 1 2058 2706 2696
5309 2 2 10 1 203 2620 273
5310 2 2 10 1 303 2619 2482
5311 2 2 10 1 1860 2765 1915
5312 2 2 10 1 2604 2611 2284
5313 2 2 10 1 1108 2628 2157
5314 2 2 10 1 1706 2665 2655
5315 2 2 10 1 2611 2622 1104
5316 2 2 10 1 2613 2621 2132
5317 2 2 10 1 1787 2635 1788
5318 2 2 10 1 1877 2661 1876
5319 2 2 10 1 2067 2677 2069
5320 2 2 10 1 2640 2709 1405
5321 2 2 10 1 1708 2665 1706
5322 2 2 10 1 1352 2671 1416
5323 2 2 10 1 2132 2621 353
5324 2 2 10 1 1360 2739 2285
5325 2 2 10 1 1396 2573 2553
5326 2 2 10 1 2109 2625 134
5327 2 2 10 1 241 2623 369
5328 2 2 10 1 112 2624 367
5329 2 2 10 1 368 2626 5
5330 2 2 10 1 927 2630 755
5331 2 2 10 1 2630 2766 2083
5332 2 2 10 1 1147 2650 1274
5333 2 2 10 1 1556 2608 2408
5334 2 2 10 1 1961 2675 1960
5335 2 2 10 1 2062 2689 2681
5336 2 2 10 1 2739 2746 1919
5337 2 2 10 1 2681 2684 2063
5338 2 2 10 1 2069 2687 2071
5339 2 2 10 1 1688 2694 2682
5340 2 2 10 1 1693 2699 1692
5341 2 2 10 1 1104 2622 2286
5342 2 2 10 1 1068 2639 1066
5343 2 2 10 1 1476 2746 1360
5344 2 2 10 1 2075 2766 2077
5345 2 2 10 1 1763 2668 1765
5346 2 2 10 1 1558 2749 1435
5347 2 2 10 1 2621 2636 353
5348 2 2 10 1 581 2663 420
5349 2 2 10 1 1915 2765 2760
5350 2 2 10 1 1758 2667 1767
5351 2 2 10 1 1141 2643 689
5352 2 2 10 1 353 2636 2126
5353 2 2 10 1 2508 2757 1677
5354 2 2 10 1 2135 2637 272
5355 2 2 10 1 166 2645 284
5356 2 2 10 1 2059 2706 2058
5357 2 2 10 1 1413 2691 1412
5358 2 2 10 1 2096 2703 2099
5359 2 2 10 1 2373 2616 292
5360 2 2 10 1 1687 2735 1685
5361 2 2 10 1 1710 2716 1712
5362 2 2 10 1 1405 2709 1485
5363 2 2 10 1 1711 2715 1716
5364 2 2 10 1 272 2641 2116
5365 2 2 10 1 1873 2731 1878
5366 2 2 10 1 1088 2658 1086
5367 2 2 10 1 2637 2641 272
5368 2 2 10 1 1919 2746 617
5369 2 2 10 1 1745 2760 2751
5370 2 2 10 1 1949 2723 1942
5371 2 2 10 1 341 2642 2112
5372 2 2 10 1 1954 2750 1953
5373 2 2 10 1 2636 2648 2126
5374 2 2 10 1 948 2660 1189
5375 2 2 10 1 1714 2741 1713
5376 2 2 10 1 1253 2744 1427
5377 2 2 10 1 2140 2646 341
5378 2 2 10 1 1745 2751 1746
5379 2 2 10 1 1620 2742 1622
5380 2 2 10 1 1593 2654 2641
5381 2 2 10 1 1915 2760 1745
5382 2 2 10 1 1759 2754 1755
5383 2 2 10 1 1777 2761 1780
5384 2 2 10 1 1771 2763 1770
5385 2 2 10 1 2135 2651 2637
5386 2 2 10 1 2126 2648 301
5387 2 2 10 1 1195 2767 1194
5388 2 2 10 1 2637 2651 1590
5389 2 2 10 1 1393 2734 1391
5390 2 2 10 1 341 2646 2642
5391 2 2 10 1 1652 2770 1649
5392 2 2 10 1 1748 2747 1751
5393 2 2 10 1 1603 2752 1601
5394 2 2 10 1 343 2651 2135
5395 2 2 10 1 1771 2768 2763
5396 2 2 10 1 1221 2773 1093
5397 2 2 10 1 1400 2772 1398
5398 2 2 10 1 1773 2768 1771
5399 2 2 10 1 2641 2654 2116
5400 2 2 10 1 270 2669 212
5401 2 2 10 1 2646 2656 1541
5402 2 2 10 1 1592 2641 2637
5403 2 2 10 1 2116 2654 327
5404 2 2 10 1 2642 2659 2112
5405 2 2 10 1 2140 2656 2646
5406 2 2 10 1 277 2656 2140
5407 2 2 10 1 2127 2657 311
5408 2 2 10 1 2112 2659 302
5409 2 2 10 1 1467 2602 2464
5410 2 2 10 1 2320 2662 618
5411 2 2 10 1 2648 2664 301
5412 2 2 10 1 1537 2659 2642
5413 2 2 10 1 301 2664 2120
5414 2 2 10 1 2642 2646 1538
5415 2 2 10 1 8 2680 320
5416 2 2 10 1 2234 2683 891
5417 2 2 10 1 1000 2692 1106
5418 2 2 10 1 118 2685 117
5419 2 2 10 1 916 2693 749
5420 2 2 10 1 129 2688 128
5421 2 2 10 1 2262 2686 2261
5422 2 2 10 1 2664 2678 2120
5423 2 2 10 1 1719 2674 2339
5424 2 2 10 1 7 2719 6
5425 2 2 10 1 2120 2678 345
5426 2 2 10 1 396 2698 398
5427 2 2 10 1 211 2720 210
5428 2 2 10 1 2676 2677 2067
5429 2 2 10 1 2113 2682 278
5430 2 2 10 1 2065 2684 2676
5431 2 2 10 1 1246 2705 1318
5432 2 2 10 1 998 2710 996
5433 2 2 10 1 1157 2677 2676
5434 2 2 10 1 1026 2714 1024
5435 2 2 10 1 874 2684 2681
5436 2 2 10 1 164 2736 163
5437 2 2 10 1 2728 2729 406
5438 2 2 10 1 404 2728 406
5439 2 2 10 1 221 2740 220
5440 2 2 10 1 406 2729 408
5441 2 2 10 1 1783 2718 1785
5442 2 2 10 1 2678 2695 345
5443 2 2 10 1 1157 2676 2282
5444 2 2 10 1 2277 2677 1157
5445 2 2 10 1 1515 2711 1401
5446 2 2 10 1 345 2695 2131
5447 2 2 10 1 2682 2694 278
5448 2 2 10 1 278 2694 2128
5449 2 2 10 1 757 2727 759
5450 2 2 10 1 874 2681 2271
5451 2 2 10 1 2689 2690 922
5452 2 2 10 1 2282 2684 874
5453 2 2 10 1 180 2757 179
5454 2 2 10 1 153 2769 152
5455 2 2 10 1 159 2771 158
5456 2 2 10 1 57 2776 56
5457 2 2 10 1 1107 2687 2277
5458 2 2 10 1 2271 2689 922
5459 2 2 10 1 2322 2701 2059
5460 2 2 10 1 922 2690 2255
5461 2 2 10 1 2695 2708 2131
5462 2 2 10 1 2131 2708 276
5463 2 2 10 1 1052 2753 1050
5464 2 2 10 1 1507 2701 2322
5465 2 2 10 1 1010 2775 1008
5466 2 2 10 1 1016 2777 1014
5467 2 2 10 1 321 2749 2544
5468 2 2 10 1 2319 2726 1207
5469 2 2 10 1 2479 2594 366
5470 2 2 10 1 268 2759 217
5471 2 2 10 1 2527 2717 2701
5472 2 2 10 1 280 2774 181
5473 2 2 10 1 2122 2724 354
5474 2 2 10 1 276 2725 2117
5475 2 2 10 1 2708 2725 276
5476 2 2 10 1 2676 2684 2282
5477 2 2 10 1 2277 2687 2677
5478 2 2 10 1 2681 2689 2271
5479 2 2 10 1 2117 2737 332
5480 2 2 10 1 2254 2717 873
5481 2 2 10 1 2725 2737 2117
5482 2 2 10 1 2139 2743 363
5483 2 2 10 1 2115 2748 274
5484 2 2 10 1 1946 2607 2518
5485 2 2 10 1 363 2756 2109
5486 2 2 10 1 2743 2756 363
5487 2 2 10 1 2097 2600 2535
5488 2 2 10 1 2129 2779 298
5489 2 2 10 1 2677 2687 2069
5490 2 2 10 1 1410 2567 2546
5491 2 2 10 1 1177 2758 2281
5492 2 2 10 1 318 2762 2298
5493 2 2 10 1 2747 2753 1751
5494 2 2 10 1 1908 2713 2618
5495 2 2 10 1 1184 2732 2356
5496 2 2 10 1 2538 2570 329
5497 2 2 10 1 2482 2619 1615
5498 2 2 10 1 2709 2733 1485
5499 2 2 10 1 873 2717 2527
5500 2 2 10 1 1599 2712 2620
5501 2 2 10 1 2479 2625 2109
5502 2 2 10 1 369 2623 2478
5503 2 2 10 1 367 2624 2480
5504 2 2 10 1 2564 2700 1624
5505 2 2 10 1 311 2674 2539
5506 2 2 10 1 2049 2726 2524
5507 2 2 10 1 2537 2597 1101
5508 2 2 10 1 2099 2703 2610
5509 2 2 10 1 2543 2668 1763
5510 2 2 10 1 2531 2745 1102
5511 2 2 10 1 2716 2736 1712
5512 2 2 10 1 2213 2758 2429
5513 2 2 10 1 2429 2758 1177
5514 2 2 10 1 2509 2740 1643
5515 2 2 10 1 2628 2704 1359
5516 2 2 10 1 2528 2635 1787
5517 2 2 10 1 2535 2600 573
5518 2 2 10 1 1192 2739 2638
5519 2 2 10 1 1843 2639 2609
5520 2 2 10 1 2645 2697 284
5521 2 2 10 1 2551 2640 1522
5522 2 2 10 1 2574 2718 1783
5523 2 2 10 1 273 2752 2541
5524 2 2 10 1 1615 2619 2581
5525 2 2 10 1 2701 2717 2059
5526 2 2 10 1 2575 2720 1659
5527 2 2 10 1 1618 2700 2515
5528 2 2 10 1 327 2673 2582
5529 2 2 10 1 302 2672 2586
5530 2 2 10 1 2579 2750 1116
5531 2 2 10 1 1130 2761 2583
5532 2 2 10 1 2527 2701 1507
5533 2 2 10 1 2724 2735 354
5534 2 2 10 1 1685 2735 2724
5535 2 2 10 1 1436 2700 2564
5536 2 2 10 1 2544 2749 1558
5537 2 2 10 1 2722 2743 2139
5538 2 2 10 1 1545 2743 2722
5539 2 2 10 1 2127 2699 2657
5540 2 2 10 1 1416 2670 2614
5541 2 2 10 1 2657 2699 1693
5542 2 2 10 1 2598 2702 1130
5543 2 2 10 1 2585 2762 318
5544 2 2 10 1 2706 2717 2254
5545 2 2 10 1 2059 2717 2706
5546 2 2 10 1 2599 2727 2083
5547 2 2 10 1 1961 2777 2675
5548 2 2 10 1 2594 2756 1544
5549 2 2 10 1 2614 2670 1446
5550 2 2 10 1 303 2742 2619
5551 2 2 10 1 1959 2775 2647
5552 2 2 10 1 2618 2713 316
5553 2 2 10 1 1108 2704 2628
5554 2 2 10 1 2620 2712 273
5555 2 2 10 1 2638 2739 1919
5556 2 2 10 1 927 2766 2630
$EndElements
